ninja: Entering directory `build'
[1/238] Generating VCSRevision.h
[2/238] Building AIE2GenSplitInstrTables.inc...
[3/238] Building AIE2GenMCPseudoLowering.inc...
[4/238] Building AIE2GenPreSchedLowering.inc...
[5/238] Building AIE2GenVarInstructionItin.inc...
[6/238] Building AIE2GenPostLegalizerGICustomCombiner.inc...
[7/238] Building AIE2GenPostLegalizerGIGenericCombiner.inc...
[8/238] Building AIE2GenFormats.inc...
[9/238] Building AIE2GenMCCodeEmitter.inc...
[10/238] Building AIE2GenCallingConv.inc...
[11/238] Building AIE2GenRegisterInfo.inc...
[12/238] Building AIE2GenAsmWriter.inc...
[13/238] Building AIE2PGenPostLegalizerGICustomCombiner.inc...
[14/238] Building AIE2PGenPreSchedLowering.inc...
[15/238] Building AIE2PGenMCCodeEmitter.inc...
[16/238] Building AIE2PGenPostLegalizerGIGenericCombiner.inc...
[17/238] Building AIE2PGenPreLegalizerGICombiner.inc...
[18/238] Building AIE2GenRegisterBank.inc...
[19/238] Building AIE2PGenFormats.inc...
[20/238] Building AIE2PGenCallingConv.inc...
[21/238] Building AIE2GenSubtargetInfo.inc...
[22/238] Building AIE2PGenAsmWriter.inc...
[23/238] Building AIE2PGenAsmMatcher.inc...
[24/238] Building AIE2GenMemoryCycles.inc...
[25/238] Building AIE2PGenSplitInstrTables.inc...
[26/238] Building AIE2PGenDisassemblerTables.inc...
Decoding Conflict:
    .
    _  ABS
    _  ACQ_COND_mLockId_imm
    _  ACQ_COND_mLockId_reg
    _  ACQ_mLockId_imm
    _  ACQ_mLockId_reg
    _  ADC
    _  ADD_add_r_ri
    _  ADD_alu_r_rr
    _  AND
    _  ASHL
    _  CLB
    _  CLZ
    _  DIVS
    _  DONE
    _  EQ
    _  EQZ
    _  EVENT_ERROR
    _  EVENT_WARNING
    _  EVENT_event0
    _  EVENT_event1
    _  EXTEND_s16
    _  EXTEND_s8
    _  EXTEND_u16
    _  EXTEND_u8
    _  GE
    _  GEU
    _  INVSQRT_mOptConvDel_mRx
    _  INVSQRT_mOptConvDel_mRx_mOptConv
    _  INVSQRT_mRx
    _  INVSQRT_mRx_mOptConv
    _  INV_mOptConvDel_mRx
    _  INV_mOptConvDel_mRx_mOptConv
    _  INV_mRx
    _  INV_mRx_mOptConv
    _  JL_alumv_or
    _  JNZD
    _  J_alumv_or
    _  LSHL
    _  LT
    _  LTU
    _  MAC
    _  MOVX_alu_cg
    _  MOVX_mvx_cr_imm
    _  MOVX_mvx_cr_r
    _  MOV_alu_mv_alu_flt2fx
    _  MOV_alu_mv_alu_fx2flt
    _  MSC
    _  MUL
    _  NE
    _  NEZ
    _  NOPX
    _  OR
    _  POPCOUNT
    _  REL_COND_mLockId_imm
    _  REL_COND_mLockId_reg
    _  REL_mLockId_imm
    _  REL_mLockId_reg
    _  RET
    _  SBC
    _  SEL_EQZ
    _  SEL_NEZ
    _  SQRT_mOptConvDel_mRx
    _  SQRT_mOptConvDel_mRx_mOptConv
    _  SQRT_mRx
    _  SQRT_mRx_mOptConv
    _  SUB
    _  XOR
Decoding Conflict:
    .
    _  LDA_2D_dms_lda
    _  LDA_2D_dmv_lda_q
    _  LDA_2D_s16
    _  LDA_2D_s8
    _  LDA_2D_u16
    _  LDA_2D_u8
    _  LDA_3D_dms_lda
    _  LDA_3D_dmv_lda_q
    _  LDA_3D_s16
    _  LDA_3D_s8
    _  LDA_3D_u16
    _  LDA_3D_u8
    _  LDA_TM_2D
    _  LDA_TM_3D
    _  LDA_TM_idx
    _  LDA_TM_idx_imm
    _  LDA_TM_pstm_nrm
    _  LDA_TM_pstm_nrm_imm
    _  LDA_dms_lda_idx
    _  LDA_dms_lda_idx_imm
    _  LDA_dms_lda_pstm_nrm
    _  LDA_dms_lda_pstm_nrm_imm
    _  LDA_dms_lda_spill
    _  LDA_dmv_lda_q_idx
    _  LDA_dmv_lda_q_idx_imm
    _  LDA_dmv_lda_q_pstm_nrm
    _  LDA_dmv_lda_q_pstm_nrm_imm
    _  LDA_dmv_lda_q_spill
    _  LDA_s16_idx
    _  LDA_s16_idx_imm
    _  LDA_s16_pstm_nrm
    _  LDA_s16_pstm_nrm_imm
    _  LDA_s8_idx
    _  LDA_s8_idx_imm
    _  LDA_s8_pstm_nrm
    _  LDA_s8_pstm_nrm_imm
    _  LDA_u16_idx
    _  LDA_u16_idx_imm
    _  LDA_u16_pstm_nrm
    _  LDA_u16_pstm_nrm_imm
    _  LDA_u8_idx
    _  LDA_u8_idx_imm
    _  LDA_u8_pstm_nrm
    _  LDA_u8_pstm_nrm_imm
    _  MOVA
    _  MOV_lda
    _  MOV_nb_lda
    _  NOPA
    _  PADDA_2D
    _  PADDA_3D
    _  PADDA_pstm_nrm
    _  PADDA_pstm_nrm_imm
    _  ST_2D_s16
    _  ST_2D_s8
    _  ST_3D_s16
    _  ST_3D_s8
    _  ST_s16_idx
    _  ST_s16_idx_imm
    _  ST_s16_pstm_nrm
    _  ST_s16_pstm_nrm_imm
    _  ST_s8_idx
    _  ST_s8_idx_imm
    _  ST_s8_pstm_nrm
    _  ST_s8_pstm_nrm_imm
    _  VLDA_128_dmv_lda_w_idx
    _  VLDA_128_dmv_lda_w_idx_imm
    _  VLDA_128_dmv_lda_w_pstm_nrm
    _  VLDA_128_dmv_lda_w_pstm_nrm_imm
    _  VLDA_128_dmv_lda_w_spill
    _  VLDA_2D_128
    _  VLDA_2D_CONV_fp32_bf16_dmw_lda_ups_bf
    _  VLDA_2D_CONV_fp32_bf16_dmx_lda_ups_bf
    _  VLDA_2D_UPS_2x_dmw_lda_ups_w2b_upsSign0
    _  VLDA_2D_UPS_2x_dmw_lda_ups_w2b_upsSign1
    _  VLDA_2D_UPS_2x_dmx_lda_ups_x2c_upsSign0
    _  VLDA_2D_UPS_2x_dmx_lda_ups_x2c_upsSign1
    _  VLDA_2D_UPS_4x_dmw_lda_ups_w2c_upsSign0
    _  VLDA_2D_UPS_4x_dmw_lda_ups_w2c_upsSign1
    _  VLDA_2D_UPS_4x_dmx_lda_ups_x2d_upsSign0
    _  VLDA_2D_UPS_4x_dmx_lda_ups_x2d_upsSign1
    _  VLDA_2D_dmw_lda_w
    _  VLDA_2D_dmx_lda_bm
    _  VLDA_2D_dmx_lda_fifohl
    _  VLDA_2D_dmx_lda_x
    _  VLDA_3D_128
    _  VLDA_3D_CONV_fp32_bf16_dmw_lda_ups_bf
    _  VLDA_3D_CONV_fp32_bf16_dmx_lda_ups_bf
    _  VLDA_3D_UPS_2x_dmw_lda_ups_w2b_upsSign0
    _  VLDA_3D_UPS_2x_dmw_lda_ups_w2b_upsSign1
    _  VLDA_3D_UPS_2x_dmx_lda_ups_x2c_upsSign0
    _  VLDA_3D_UPS_2x_dmx_lda_ups_x2c_upsSign1
    _  VLDA_3D_UPS_4x_dmw_lda_ups_w2c_upsSign0
    _  VLDA_3D_UPS_4x_dmw_lda_ups_w2c_upsSign1
    _  VLDA_3D_UPS_4x_dmx_lda_ups_x2d_upsSign0
    _  VLDA_3D_UPS_4x_dmx_lda_ups_x2d_upsSign1
    _  VLDA_3D_dmw_lda_w
    _  VLDA_3D_dmx_lda_bm
    _  VLDA_3D_dmx_lda_fifohl
    _  VLDA_3D_dmx_lda_x
    _  VLDA_CONV_fp32_bf16_dmw_lda_ups_bf_idx
    _  VLDA_CONV_fp32_bf16_dmw_lda_ups_bf_idx_imm
    _  VLDA_CONV_fp32_bf16_dmw_lda_ups_bf_pstm_nrm
    _  VLDA_CONV_fp32_bf16_dmw_lda_ups_bf_pstm_nrm_imm
    _  VLDA_CONV_fp32_bf16_dmx_lda_ups_bf_idx
    _  VLDA_CONV_fp32_bf16_dmx_lda_ups_bf_idx_imm
    _  VLDA_CONV_fp32_bf16_dmx_lda_ups_bf_pstm_nrm
    _  VLDA_CONV_fp32_bf16_dmx_lda_ups_bf_pstm_nrm_imm
    _  VLDA_FILL_512
    _  VLDA_POP_512_2D
    _  VLDA_POP_512_3D
    _  VLDA_POP_512_fifo_1d_pop
    _  VLDA_POP_512_normal_pop
    _  VLDA_POP_544_2D
    _  VLDA_POP_544_3D
    _  VLDA_POP_544_fifo_1d_pop
    _  VLDA_POP_544_normal_pop
    _  VLDA_POP_576_2D
    _  VLDA_POP_576_3D
    _  VLDA_POP_576_fifo_1d_pop
    _  VLDA_POP_576_normal_pop
    _  VLDA_POP_640_2D
    _  VLDA_POP_640_3D
    _  VLDA_POP_640_fifo_1d_pop
    _  VLDA_POP_640_normal_pop
    _  VLDA_POP_704_2D
    _  VLDA_POP_704_3D
    _  VLDA_POP_704_fifo_1d_pop
    _  VLDA_POP_704_normal_pop
    _  VLDA_UPS_2x_dmw_lda_ups_w2b_idx_imm_upsSign0
    _  VLDA_UPS_2x_dmw_lda_ups_w2b_idx_imm_upsSign1
    _  VLDA_UPS_2x_dmw_lda_ups_w2b_idx_upsSign0
    _  VLDA_UPS_2x_dmw_lda_ups_w2b_idx_upsSign1
    _  VLDA_UPS_2x_dmw_lda_ups_w2b_pstm_nrm_imm_upsSign0
    _  VLDA_UPS_2x_dmw_lda_ups_w2b_pstm_nrm_imm_upsSign1
    _  VLDA_UPS_2x_dmw_lda_ups_w2b_pstm_nrm_upsSign0
    _  VLDA_UPS_2x_dmw_lda_ups_w2b_pstm_nrm_upsSign1
    _  VLDA_UPS_2x_dmx_lda_ups_x2c_idx_imm_upsSign0
    _  VLDA_UPS_2x_dmx_lda_ups_x2c_idx_imm_upsSign1
    _  VLDA_UPS_2x_dmx_lda_ups_x2c_idx_upsSign0
    _  VLDA_UPS_2x_dmx_lda_ups_x2c_idx_upsSign1
    _  VLDA_UPS_2x_dmx_lda_ups_x2c_pstm_nrm_imm_upsSign0
    _  VLDA_UPS_2x_dmx_lda_ups_x2c_pstm_nrm_imm_upsSign1
    _  VLDA_UPS_2x_dmx_lda_ups_x2c_pstm_nrm_upsSign0
    _  VLDA_UPS_2x_dmx_lda_ups_x2c_pstm_nrm_upsSign1
    _  VLDA_UPS_4x_dmw_lda_ups_w2c_idx_imm_upsSign0
    _  VLDA_UPS_4x_dmw_lda_ups_w2c_idx_imm_upsSign1
    _  VLDA_UPS_4x_dmw_lda_ups_w2c_idx_upsSign0
    _  VLDA_UPS_4x_dmw_lda_ups_w2c_idx_upsSign1
    _  VLDA_UPS_4x_dmw_lda_ups_w2c_pstm_nrm_imm_upsSign0
    _  VLDA_UPS_4x_dmw_lda_ups_w2c_pstm_nrm_imm_upsSign1
    _  VLDA_UPS_4x_dmw_lda_ups_w2c_pstm_nrm_upsSign0
    _  VLDA_UPS_4x_dmw_lda_ups_w2c_pstm_nrm_upsSign1
    _  VLDA_UPS_4x_dmx_lda_ups_x2d_idx_imm_upsSign0
    _  VLDA_UPS_4x_dmx_lda_ups_x2d_idx_imm_upsSign1
    _  VLDA_UPS_4x_dmx_lda_ups_x2d_idx_upsSign0
    _  VLDA_UPS_4x_dmx_lda_ups_x2d_idx_upsSign1
    _  VLDA_UPS_4x_dmx_lda_ups_x2d_pstm_nrm_imm_upsSign0
    _  VLDA_UPS_4x_dmx_lda_ups_x2d_pstm_nrm_imm_upsSign1
    _  VLDA_UPS_4x_dmx_lda_ups_x2d_pstm_nrm_upsSign0
    _  VLDA_UPS_4x_dmx_lda_ups_x2d_pstm_nrm_upsSign1
    _  VLDA_dmw_lda_w_idx
    _  VLDA_dmw_lda_w_idx_imm
    _  VLDA_dmw_lda_w_pstm_nrm
    _  VLDA_dmw_lda_w_pstm_nrm_imm
    _  VLDA_dmw_lda_w_spill
    _  VLDA_dmx_lda_bm_idx
    _  VLDA_dmx_lda_bm_idx_imm
    _  VLDA_dmx_lda_bm_pstm_nrm
    _  VLDA_dmx_lda_bm_pstm_nrm_imm
    _  VLDA_dmx_lda_bm_spill
    _  VLDA_dmx_lda_fifohl_idx
    _  VLDA_dmx_lda_fifohl_idx_imm
    _  VLDA_dmx_lda_fifohl_pstm_nrm
    _  VLDA_dmx_lda_fifohl_pstm_nrm_imm
    _  VLDA_dmx_lda_fifohl_spill
    _  VLDA_dmx_lda_x_idx
    _  VLDA_dmx_lda_x_idx_imm
    _  VLDA_dmx_lda_x_pstm_nrm
    _  VLDA_dmx_lda_x_pstm_nrm_imm
    _  VLDA_dmx_lda_x_spill
    _  VMOV_0_mv_scd_cm
    _  VMOV_0_mv_scd_dm_imm
    _  VMOV_1_mv_scd_cm
    _  VMOV_1_mv_scd_dm_imm
    _  VMOV_2
    _  VMOV_3
    _  VMOV_lda_mv_scd_bm
    _  VMOV_lda_mv_scd_dm_dyn
    _  VMOV_lda_mv_scd_dm_reg
    _  VMOV_lda_mv_scd_x
Decoding Conflict:
    .
    _  NOPB
    _  PADDB_2D
    _  PADDB_3D
    _  PADDB_pstm_nrm
    _  PADDB_pstm_nrm_imm
    _  VLDB_128_idx
    _  VLDB_128_idx_imm
    _  VLDB_128_pstm_nrm
    _  VLDB_128_pstm_nrm_imm
    _  VLDB_2D_128
    _  VLDB_2D_UNPACK_dmw_ldb_unpack_unpackSign0
    _  VLDB_2D_UNPACK_dmw_ldb_unpack_unpackSign1
    _  VLDB_2D_UNPACK_dmx_ldb_unpack_unpackSign0
    _  VLDB_2D_UNPACK_dmx_ldb_unpack_unpackSign1
    _  VLDB_2D_dmw_ldb
    _  VLDB_2D_dmx_ldb_x
    _  VLDB_3D_128
    _  VLDB_3D_UNPACK_dmw_ldb_unpack_unpackSign0
    _  VLDB_3D_UNPACK_dmw_ldb_unpack_unpackSign1
    _  VLDB_3D_UNPACK_dmx_ldb_unpack_unpackSign0
    _  VLDB_3D_UNPACK_dmx_ldb_unpack_unpackSign1
    _  VLDB_3D_dmw_ldb
    _  VLDB_3D_dmx_ldb_x
    _  VLDB_4x16_hi
    _  VLDB_4x16_lo
    _  VLDB_4x32_hi
    _  VLDB_4x32_lo
    _  VLDB_4x64_hi
    _  VLDB_4x64_lo
    _  VLDB_FILLX_512
    _  VLDB_FILL_512
    _  VLDB_POPX_512
    _  VLDB_POP_512_2D
    _  VLDB_POP_512_3D
    _  VLDB_POP_512_fifo_1d_pop
    _  VLDB_POP_512_normal_pop
    _  VLDB_POP_544_2D
    _  VLDB_POP_544_3D
    _  VLDB_POP_544_fifo_1d_pop
    _  VLDB_POP_544_normal_pop
    _  VLDB_POP_576_2D
    _  VLDB_POP_576_3D
    _  VLDB_POP_576_fifo_1d_pop
    _  VLDB_POP_576_normal_pop
    _  VLDB_POP_640_2D
    _  VLDB_POP_640_3D
    _  VLDB_POP_640_fifo_1d_pop
    _  VLDB_POP_640_normal_pop
    _  VLDB_POP_704_2D
    _  VLDB_POP_704_3D
    _  VLDB_POP_704_fifo_1d_pop
    _  VLDB_POP_704_normal_pop
    _  VLDB_UNPACK_dmw_ldb_unpack_idx_imm_unpackSign0
    _  VLDB_UNPACK_dmw_ldb_unpack_idx_imm_unpackSign1
    _  VLDB_UNPACK_dmw_ldb_unpack_idx_unpackSign0
    _  VLDB_UNPACK_dmw_ldb_unpack_idx_unpackSign1
    _  VLDB_UNPACK_dmw_ldb_unpack_pstm_nrm_imm_unpackSign0
    _  VLDB_UNPACK_dmw_ldb_unpack_pstm_nrm_imm_unpackSign1
    _  VLDB_UNPACK_dmw_ldb_unpack_pstm_nrm_unpackSign0
    _  VLDB_UNPACK_dmw_ldb_unpack_pstm_nrm_unpackSign1
    _  VLDB_UNPACK_dmx_ldb_unpack_idx_imm_unpackSign0
    _  VLDB_UNPACK_dmx_ldb_unpack_idx_imm_unpackSign1
    _  VLDB_UNPACK_dmx_ldb_unpack_idx_unpackSign0
    _  VLDB_UNPACK_dmx_ldb_unpack_idx_unpackSign1
    _  VLDB_UNPACK_dmx_ldb_unpack_pstm_nrm_imm_unpackSign0
    _  VLDB_UNPACK_dmx_ldb_unpack_pstm_nrm_imm_unpackSign1
    _  VLDB_UNPACK_dmx_ldb_unpack_pstm_nrm_unpackSign0
    _  VLDB_UNPACK_dmx_ldb_unpack_pstm_nrm_unpackSign1
    _  VLDB_dmw_ldb_idx
    _  VLDB_dmw_ldb_idx_imm
    _  VLDB_dmw_ldb_pstm_nrm
    _  VLDB_dmw_ldb_pstm_nrm_imm
    _  VLDB_dmx_ldb_x_idx
    _  VLDB_dmx_ldb_x_idx_imm
    _  VLDB_dmx_ldb_x_pstm_nrm
    _  VLDB_dmx_ldb_x_pstm_nrm_imm
    _  VUNPACK_mv_unpack_w_unpackSign0
    _  VUNPACK_mv_unpack_w_unpackSign1
    _  VUNPACK_mv_unpack_x_unpackSign0
    _  VUNPACK_mv_unpack_x_unpackSign1
Decoding Conflict:
    .
    _  JL_lng
    _  JNZ
    _  JZ
    _  J_lng
    _  MOVXM
    _  NOPXM
    _  PADDXM_pstm_sp
    _  PADDXM_pstm_sp_imm
Decoding Conflict:
    .
    _  ADD_NC_mv_add_ri
    _  ADD_NC_mv_add_rr
    _  MOV_alu_mv_mv_mv_cg
    _  MOV_alu_mv_mv_mv_cntr2l
    _  MOV_alu_mv_mv_mv_e_mv_eh_to_eh
    _  MOV_alu_mv_mv_mv_e_mv_eh_to_el
    _  MOV_alu_mv_mv_mv_e_mv_eh_to_r
    _  MOV_alu_mv_mv_mv_e_mv_el_to_eh
    _  MOV_alu_mv_mv_mv_e_mv_el_to_el
    _  MOV_alu_mv_mv_mv_e_mv_el_to_r
    _  MOV_alu_mv_mv_mv_e_mv_r_to_eh
    _  MOV_alu_mv_mv_mv_e_mv_r_to_el
    _  MOV_alu_mv_mv_mv_scl
    _  MOV_d1
    _  MOV_d2
    _  MOV_d3
    _  MOV_d4
    _  MOV_d5
    _  MOV_d6
    _  NOPM
    _  VABS_GTZ_16_vaddSign0
    _  VABS_GTZ_16_vaddSign1
    _  VABS_GTZ_32_vaddSign0
    _  VABS_GTZ_32_vaddSign1
    _  VABS_GTZ_8_vaddSign0
    _  VABS_GTZ_8_vaddSign1
    _  VADDSUB_16
    _  VADDSUB_32
    _  VADDSUB_8
    _  VADD_16
    _  VADD_32
    _  VADD_8
    _  VBAND
    _  VBCSTSHFL_16_vec_broadcast_shuffle_bm
    _  VBCSTSHFL_16_vec_broadcast_shuffle_x
    _  VBCSTSHFL_32_vec_broadcast_shuffle_bm
    _  VBCSTSHFL_32_vec_broadcast_shuffle_x
    _  VBCSTSHFL_64_vec_broadcast_shuffle_bm
    _  VBCSTSHFL_64_vec_broadcast_shuffle_x
    _  VBCSTSHFL_8_vec_broadcast_shuffle_bm
    _  VBCSTSHFL_8_vec_broadcast_shuffle_x
    _  VBCST_16
    _  VBCST_32
    _  VBCST_64
    _  VBCST_8
    _  VBNEG_LTZ_s16
    _  VBNEG_LTZ_s32
    _  VBNEG_LTZ_s8
    _  VBOR
    _  VCONV_fp32_bf16_mv_ups_wbf
    _  VCONV_fp32_bf16_mv_ups_xbf
    _  VEQZ_16
    _  VEQZ_32
    _  VEQZ_8
    _  VEXP2
    _  VEXTBCSTSHFL_128
    _  VEXTBCSTSHFL_16
    _  VEXTBCSTSHFL_32
    _  VEXTBCSTSHFL_64
    _  VEXTBCST_128_vec_extract_broadcast_imm
    _  VEXTBCST_128_vec_extract_broadcast_r
    _  VEXTBCST_16_vec_extract_broadcast_imm
    _  VEXTBCST_16_vec_extract_broadcast_r
    _  VEXTBCST_32_vec_extract_broadcast_imm
    _  VEXTBCST_32_vec_extract_broadcast_r
    _  VEXTBCST_64_vec_extract_broadcast_imm
    _  VEXTBCST_64_vec_extract_broadcast_r
    _  VEXTBCST_8_vec_extract_broadcast_imm
    _  VEXTBCST_8_vec_extract_broadcast_r
    _  VEXTRACT_16_vec_extract_imm_vaddSign0
    _  VEXTRACT_16_vec_extract_imm_vaddSign1
    _  VEXTRACT_16_vec_extract_r_vaddSign0
    _  VEXTRACT_16_vec_extract_r_vaddSign1
    _  VEXTRACT_32_vec_extract_imm_vaddSign0
    _  VEXTRACT_32_vec_extract_imm_vaddSign1
    _  VEXTRACT_32_vec_extract_r_vaddSign0
    _  VEXTRACT_32_vec_extract_r_vaddSign1
    _  VEXTRACT_64_vec_extract_imm_vaddSign0
    _  VEXTRACT_64_vec_extract_imm_vaddSign1
    _  VEXTRACT_64_vec_extract_r_vaddSign0
    _  VEXTRACT_64_vec_extract_r_vaddSign1
    _  VEXTRACT_8_vec_extract_imm_vaddSign0
    _  VEXTRACT_8_vec_extract_imm_vaddSign1
    _  VEXTRACT_8_vec_extract_r_vaddSign0
    _  VEXTRACT_8_vec_extract_r_vaddSign1
    _  VGE_16_vaddSign0
    _  VGE_16_vaddSign1
    _  VGE_32_vaddSign0
    _  VGE_32_vaddSign1
    _  VGE_8_vaddSign0
    _  VGE_8_vaddSign1
    _  VGE_bf16
    _  VINSERT_16_mIdxImm0
    _  VINSERT_16_mR29_insert
    _  VINSERT_32_mIdxImm0
    _  VINSERT_32_mR29_insert
    _  VINSERT_64_mIdxImm0
    _  VINSERT_64_mR29_insert
    _  VINSERT_8_mIdxImm0
    _  VINSERT_8_mR29_insert
    _  VLT_16_vaddSign0
    _  VLT_16_vaddSign1
    _  VLT_32_vaddSign0
    _  VLT_32_vaddSign1
    _  VLT_8_vaddSign0
    _  VLT_8_vaddSign1
    _  VLT_bf16
    _  VMAXDIFF_LT_16_vaddSign0
    _  VMAXDIFF_LT_16_vaddSign1
    _  VMAXDIFF_LT_32_vaddSign0
    _  VMAXDIFF_LT_32_vaddSign1
    _  VMAXDIFF_LT_8_vaddSign0
    _  VMAXDIFF_LT_8_vaddSign1
    _  VMAX_LT_16_vaddSign0
    _  VMAX_LT_16_vaddSign1
    _  VMAX_LT_32_vaddSign0
    _  VMAX_LT_32_vaddSign1
    _  VMAX_LT_8_vaddSign0
    _  VMAX_LT_8_vaddSign1
    _  VMAX_LT_bf16
    _  VMIN_GE_16_vaddSign0
    _  VMIN_GE_16_vaddSign1
    _  VMIN_GE_32_vaddSign0
    _  VMIN_GE_32_vaddSign1
    _  VMIN_GE_8_vaddSign0
    _  VMIN_GE_8_vaddSign1
    _  VMIN_GE_bf16
    _  VMOV_alu_mv_mv_cm
    _  VMOV_alu_mv_mv_ex
    _  VMOV_alu_mv_mv_q
    _  VMOV_alu_mv_mv_q_to_w
    _  VMOV_alu_mv_mv_qex
    _  VMOV_alu_mv_mv_qx
    _  VMOV_alu_mv_mv_w
    _  VMOV_alu_mv_mv_w_to_q
    _  VMOV_alu_mv_mv_x
    _  VNEG_GTZ_16
    _  VNEG_GTZ_32
    _  VNEG_GTZ_8
    _  VPUSH_hi_16
    _  VPUSH_hi_32
    _  VPUSH_hi_64
    _  VPUSH_hi_8
    _  VPUSH_lo_16
    _  VPUSH_lo_32
    _  VPUSH_lo_64
    _  VPUSH_lo_8
    _  VSEL_16
    _  VSEL_32
    _  VSEL_8
    _  VSHIFT
    _  VSHIFT_ALIGN
    _  VSHUFFLE_vec_shuffle_bm
    _  VSHUFFLE_vec_shuffle_ex
    _  VSHUFFLE_vec_shuffle_x
    _  VSUB_16
    _  VSUB_32
    _  VSUB_8
    _  VSUB_GE_16_vaddSign0
    _  VSUB_GE_16_vaddSign1
    _  VSUB_GE_32_vaddSign0
    _  VSUB_GE_32_vaddSign1
    _  VSUB_GE_8_vaddSign0
    _  VSUB_GE_8_vaddSign1
    _  VSUB_LT_16_vaddSign0
    _  VSUB_LT_16_vaddSign1
    _  VSUB_LT_32_vaddSign0
    _  VSUB_LT_32_vaddSign1
    _  VSUB_LT_8_vaddSign0
    _  VSUB_LT_8_vaddSign1
    _  VTANH
    _  VUPS_2x_mv_ups_w2b_upsSign0
    _  VUPS_2x_mv_ups_w2b_upsSign1
    _  VUPS_2x_mv_ups_x2c_upsSign0
    _  VUPS_2x_mv_ups_x2c_upsSign1
    _  VUPS_4x_mv_ups_w2c_upsSign0
    _  VUPS_4x_mv_ups_w2c_upsSign1
    _  VUPS_4x_mv_ups_x2d_upsSign0
    _  VUPS_4x_mv_ups_x2d_upsSign1
Decoding Conflict:
    .
    _  MOVS
    _  MOV_CPH_mMStream_tlast_imm
    _  MOV_CPH_mMStream_tlast_reg
    _  MOV_CPH_nb_mMStream_tlast_imm
    _  MOV_CPH_nb_mMStream_tlast_reg
    _  MOV_CPH_nb_tlast
    _  MOV_CPH_tlast
    _  MOV_PH_mMStream_tlast_imm
    _  MOV_PH_mMStream_tlast_reg
    _  MOV_PH_nb_mMStream_tlast_imm
    _  MOV_PH_nb_mMStream_tlast_reg
    _  MOV_PH_nb_tlast
    _  MOV_PH_tlast
    _  MOV_nb_st_mMStream_tlast_imm
    _  MOV_nb_st_mMStream_tlast_reg
    _  MOV_nb_tlast
    _  MOV_st_mMStream_tlast_imm
    _  MOV_st_mMStream_tlast_reg
    _  MOV_tlast
    _  NOPS
    _  PADDS_2D
    _  PADDS_3D
    _  PADDS_pstm_nrm
    _  PADDS_pstm_nrm_imm
    _  ST_2D_dms_sts
    _  ST_2D_dmv_sts_q
    _  ST_3D_dms_sts
    _  ST_3D_dmv_sts_q
    _  ST_TM_2D
    _  ST_TM_3D
    _  ST_TM_idx
    _  ST_TM_idx_imm
    _  ST_TM_pstm_nrm
    _  ST_TM_pstm_nrm_imm
    _  ST_dms_sts_idx
    _  ST_dms_sts_idx_imm
    _  ST_dms_sts_pstm_nrm
    _  ST_dms_sts_pstm_nrm_imm
    _  ST_dms_sts_spill
    _  ST_dmv_sts_q_idx
    _  ST_dmv_sts_q_idx_imm
    _  ST_dmv_sts_q_pstm_nrm
    _  ST_dmv_sts_q_pstm_nrm_imm
    _  ST_dmv_sts_q_spill
    _  VCONV_bf16_fp32_mv_w_srs_bf
    _  VCONV_bf16_fp32_mv_x_srs_bf
    _  VCONV_bfp16ebs16_ebs8
    _  VCONV_bfp16ebs16_fp32
    _  VCONV_bfp16ebs8_fp32
    _  VFLOOR_s32_bf16_mv_float_to_int_bm
    _  VFLOOR_s32_bf16_mv_float_to_int_w
    _  VMOV_st_mv_mcd_bm
    _  VMOV_st_mv_mcd_x
    _  VPACK_mv_pack_w_packSign0
    _  VPACK_mv_pack_w_packSign1
    _  VPACK_mv_pack_x_packSign0
    _  VPACK_mv_pack_x_packSign1
    _  VSRS_2x_mv_w_srs_bm_srsSign0
    _  VSRS_2x_mv_w_srs_bm_srsSign1
    _  VSRS_2x_mv_x_srs_cm_srsSign0
    _  VSRS_2x_mv_x_srs_cm_srsSign1
    _  VSRS_4x_mv_w_srs_cm_srsSign0
    _  VSRS_4x_mv_w_srs_cm_srsSign1
    _  VSRS_4x_mv_x_srs_dm_srsSign0
    _  VSRS_4x_mv_x_srs_dm_srsSign1
    _  VST_128_dmv_sts_w_idx
    _  VST_128_dmv_sts_w_idx_imm
    _  VST_128_dmv_sts_w_pstm_nrm
    _  VST_128_dmv_sts_w_pstm_nrm_imm
    _  VST_128_dmv_sts_w_spill
    _  VST_2D_128
    _  VST_2D_CONV_bf16_fp32_dmw_sts_srs_bf
    _  VST_2D_CONV_bf16_fp32_dmx_sts_srs_bf
    _  VST_2D_PACK_dmw_sts_pack_packSign0
    _  VST_2D_PACK_dmw_sts_pack_packSign1
    _  VST_2D_PACK_dmx_sts_pack_packSign0
    _  VST_2D_PACK_dmx_sts_pack_packSign1
    _  VST_2D_SRS_2x_dm_sts_srs_cm_srsSign0
    _  VST_2D_SRS_2x_dm_sts_srs_cm_srsSign1
    _  VST_2D_SRS_2x_dmw_sts_srs_bm_srsSign0
    _  VST_2D_SRS_2x_dmw_sts_srs_bm_srsSign1
    _  VST_2D_SRS_4x_dm_sts_srs_cm_srsSign0
    _  VST_2D_SRS_4x_dm_sts_srs_cm_srsSign1
    _  VST_2D_SRS_4x_dmx_sts_srs_dm_srsSign0
    _  VST_2D_SRS_4x_dmx_sts_srs_dm_srsSign1
    _  VST_2D_dmw_sts_w
    _  VST_2D_dmx_sts_bm
    _  VST_2D_dmx_sts_fifohl
    _  VST_2D_dmx_sts_x
    _  VST_3D_128
    _  VST_3D_CONV_bf16_fp32_dmw_sts_srs_bf
    _  VST_3D_CONV_bf16_fp32_dmx_sts_srs_bf
    _  VST_3D_PACK_dmw_sts_pack_packSign0
    _  VST_3D_PACK_dmw_sts_pack_packSign1
    _  VST_3D_PACK_dmx_sts_pack_packSign0
    _  VST_3D_PACK_dmx_sts_pack_packSign1
    _  VST_3D_SRS_2x_dm_sts_srs_cm_srsSign0
    _  VST_3D_SRS_2x_dm_sts_srs_cm_srsSign1
    _  VST_3D_SRS_2x_dmw_sts_srs_bm_srsSign0
    _  VST_3D_SRS_2x_dmw_sts_srs_bm_srsSign1
    _  VST_3D_SRS_4x_dm_sts_srs_cm_srsSign0
    _  VST_3D_SRS_4x_dm_sts_srs_cm_srsSign1
    _  VST_3D_SRS_4x_dmx_sts_srs_dm_srsSign0
    _  VST_3D_SRS_4x_dmx_sts_srs_dm_srsSign1
    _  VST_3D_dmw_sts_w
    _  VST_3D_dmx_sts_bm
    _  VST_3D_dmx_sts_fifohl
    _  VST_3D_dmx_sts_x
    _  VST_CONV_bf16_fp32_dmw_sts_srs_bf_idx
    _  VST_CONV_bf16_fp32_dmw_sts_srs_bf_idx_imm
    _  VST_CONV_bf16_fp32_dmw_sts_srs_bf_pstm_nrm
    _  VST_CONV_bf16_fp32_dmw_sts_srs_bf_pstm_nrm_imm
    _  VST_CONV_bf16_fp32_dmx_sts_srs_bf_idx
    _  VST_CONV_bf16_fp32_dmx_sts_srs_bf_idx_imm
    _  VST_CONV_bf16_fp32_dmx_sts_srs_bf_pstm_nrm
    _  VST_CONV_bf16_fp32_dmx_sts_srs_bf_pstm_nrm_imm
    _  VST_FLUSH_512_2D
    _  VST_FLUSH_512_3D
    _  VST_FLUSH_512_CONV_2D
    _  VST_FLUSH_512_CONV_3D
    _  VST_FLUSH_512_CONV_fifo_1d_flush
    _  VST_FLUSH_512_CONV_normal_flush
    _  VST_FLUSH_512_fifo_1d_flush
    _  VST_FLUSH_512_normal_flush
    _  VST_PACK_dmw_sts_pack_idx_imm_packSign0
    _  VST_PACK_dmw_sts_pack_idx_imm_packSign1
    _  VST_PACK_dmw_sts_pack_idx_packSign0
    _  VST_PACK_dmw_sts_pack_idx_packSign1
    _  VST_PACK_dmw_sts_pack_pstm_nrm_imm_packSign0
    _  VST_PACK_dmw_sts_pack_pstm_nrm_imm_packSign1
    _  VST_PACK_dmw_sts_pack_pstm_nrm_packSign0
    _  VST_PACK_dmw_sts_pack_pstm_nrm_packSign1
    _  VST_PACK_dmx_sts_pack_idx_imm_packSign0
    _  VST_PACK_dmx_sts_pack_idx_imm_packSign1
    _  VST_PACK_dmx_sts_pack_idx_packSign0
    _  VST_PACK_dmx_sts_pack_idx_packSign1
    _  VST_PACK_dmx_sts_pack_pstm_nrm_imm_packSign0
    _  VST_PACK_dmx_sts_pack_pstm_nrm_imm_packSign1
    _  VST_PACK_dmx_sts_pack_pstm_nrm_packSign0
    _  VST_PACK_dmx_sts_pack_pstm_nrm_packSign1
    _  VST_PUSH_512
    _  VST_PUSH_544
    _  VST_PUSH_544_CONV_bfp16ebs16_ebs8
    _  VST_PUSH_544_CONV_bfp16ebs16_fp32
    _  VST_PUSH_576
    _  VST_PUSH_576_CONV_bfp16ebs8_fp32
    _  VST_SRS_2x_dm_sts_srs_cm_idx_imm_srsSign0
    _  VST_SRS_2x_dm_sts_srs_cm_idx_imm_srsSign1
    _  VST_SRS_2x_dm_sts_srs_cm_idx_srsSign0
    _  VST_SRS_2x_dm_sts_srs_cm_idx_srsSign1
    _  VST_SRS_2x_dm_sts_srs_cm_pstm_nrm_imm_srsSign0
    _  VST_SRS_2x_dm_sts_srs_cm_pstm_nrm_imm_srsSign1
    _  VST_SRS_2x_dm_sts_srs_cm_pstm_nrm_srsSign0
    _  VST_SRS_2x_dm_sts_srs_cm_pstm_nrm_srsSign1
    _  VST_SRS_2x_dmw_sts_srs_bm_idx_imm_srsSign0
    _  VST_SRS_2x_dmw_sts_srs_bm_idx_imm_srsSign1
    _  VST_SRS_2x_dmw_sts_srs_bm_idx_srsSign0
    _  VST_SRS_2x_dmw_sts_srs_bm_idx_srsSign1
    _  VST_SRS_2x_dmw_sts_srs_bm_pstm_nrm_imm_srsSign0
    _  VST_SRS_2x_dmw_sts_srs_bm_pstm_nrm_imm_srsSign1
    _  VST_SRS_2x_dmw_sts_srs_bm_pstm_nrm_srsSign0
    _  VST_SRS_2x_dmw_sts_srs_bm_pstm_nrm_srsSign1
    _  VST_SRS_4x_dm_sts_srs_cm_idx_imm_srsSign0
    _  VST_SRS_4x_dm_sts_srs_cm_idx_imm_srsSign1
    _  VST_SRS_4x_dm_sts_srs_cm_idx_srsSign0
    _  VST_SRS_4x_dm_sts_srs_cm_idx_srsSign1
    _  VST_SRS_4x_dm_sts_srs_cm_pstm_nrm_imm_srsSign0
    _  VST_SRS_4x_dm_sts_srs_cm_pstm_nrm_imm_srsSign1
    _  VST_SRS_4x_dm_sts_srs_cm_pstm_nrm_srsSign0
    _  VST_SRS_4x_dm_sts_srs_cm_pstm_nrm_srsSign1
    _  VST_SRS_4x_dmx_sts_srs_dm_idx_imm_srsSign0
    _  VST_SRS_4x_dmx_sts_srs_dm_idx_imm_srsSign1
    _  VST_SRS_4x_dmx_sts_srs_dm_idx_srsSign0
    _  VST_SRS_4x_dmx_sts_srs_dm_idx_srsSign1
    _  VST_SRS_4x_dmx_sts_srs_dm_pstm_nrm_imm_srsSign0
    _  VST_SRS_4x_dmx_sts_srs_dm_pstm_nrm_imm_srsSign1
    _  VST_SRS_4x_dmx_sts_srs_dm_pstm_nrm_srsSign0
    _  VST_SRS_4x_dmx_sts_srs_dm_pstm_nrm_srsSign1
    _  VST_dmw_sts_w_idx
    _  VST_dmw_sts_w_idx_imm
    _  VST_dmw_sts_w_pstm_nrm
    _  VST_dmw_sts_w_pstm_nrm_imm
    _  VST_dmw_sts_w_spill
    _  VST_dmx_sts_bm_idx
    _  VST_dmx_sts_bm_idx_imm
    _  VST_dmx_sts_bm_pstm_nrm
    _  VST_dmx_sts_bm_pstm_nrm_imm
    _  VST_dmx_sts_bm_spill
    _  VST_dmx_sts_fifohl_idx
    _  VST_dmx_sts_fifohl_idx_imm
    _  VST_dmx_sts_fifohl_pstm_nrm
    _  VST_dmx_sts_fifohl_pstm_nrm_imm
    _  VST_dmx_sts_fifohl_spill
    _  VST_dmx_sts_x_idx
    _  VST_dmx_sts_x_idx_imm
    _  VST_dmx_sts_x_pstm_nrm
    _  VST_dmx_sts_x_pstm_nrm_imm
    _  VST_dmx_sts_x_spill
Decoding Conflict:
    .
    _  NOPV
    _  VADDMAC_f_vaddmac_bf_vmac_cm2_add_reg_vmul_bf_core_X_X
    _  VADDMAC_f_vaddmac_bf_vmac_cm2_add_reg_vmul_bf_core_Y_Y
    _  VADDMAC_f_vaddmac_bf_vmac_cm2_add_scd_incr_vmul_bf_core_X_X
    _  VADDMAC_f_vaddmac_bf_vmac_cm2_add_scd_incr_vmul_bf_core_Y_Y
    _  VADDMAC_f_vaddmac_bf_vmac_cm2_add_scd_vmul_bf_core_X_X
    _  VADDMAC_f_vaddmac_bf_vmac_cm2_add_scd_vmul_bf_core_Y_Y
    _  VADDMAC_f_vaddmac_bfp_vmac_cm2_add_reg_vmul_bfp_core_EX_EX
    _  VADDMAC_f_vaddmac_bfp_vmac_cm2_add_reg_vmul_bfp_core_EX_EY
    _  VADDMAC_f_vaddmac_bfp_vmac_cm2_add_reg_vmul_bfp_core_EX_QEY
    _  VADDMAC_f_vaddmac_bfp_vmac_cm2_add_reg_vmul_bfp_core_EY_QEX
    _  VADDMAC_f_vaddmac_bfp_vmac_cm2_add_scd_incr_vmul_bfp_core_EX_EX
    _  VADDMAC_f_vaddmac_bfp_vmac_cm2_add_scd_incr_vmul_bfp_core_EX_EY
    _  VADDMAC_f_vaddmac_bfp_vmac_cm2_add_scd_incr_vmul_bfp_core_EX_QEY
    _  VADDMAC_f_vaddmac_bfp_vmac_cm2_add_scd_incr_vmul_bfp_core_EY_QEX
    _  VADDMAC_f_vaddmac_bfp_vmac_cm2_add_scd_vmul_bfp_core_EX_EX
    _  VADDMAC_f_vaddmac_bfp_vmac_cm2_add_scd_vmul_bfp_core_EX_EY
    _  VADDMAC_f_vaddmac_bfp_vmac_cm2_add_scd_vmul_bfp_core_EX_QEY
    _  VADDMAC_f_vaddmac_bfp_vmac_cm2_add_scd_vmul_bfp_core_EY_QEX
    _  VADDMAC_vmac_cm2_add_reg_vmul_cm_core_X_QX
    _  VADDMAC_vmac_cm2_add_reg_vmul_cm_core_X_QY
    _  VADDMAC_vmac_cm2_add_reg_vmul_cm_core_X_X
    _  VADDMAC_vmac_cm2_add_reg_vmul_cm_core_X_Y
    _  VADDMAC_vmac_cm2_add_reg_vmul_cm_core_Y_QX
    _  VADDMAC_vmac_cm2_add_reg_vmul_cm_core_Y_QY
    _  VADDMAC_vmac_cm2_add_reg_vmul_cm_core_Y_X
    _  VADDMAC_vmac_cm2_add_reg_vmul_cm_core_Y_Y
    _  VADDMAC_vmac_cm2_add_scd_incr_vmul_cm_core_X_QX
    _  VADDMAC_vmac_cm2_add_scd_incr_vmul_cm_core_X_QY
    _  VADDMAC_vmac_cm2_add_scd_incr_vmul_cm_core_X_X
    _  VADDMAC_vmac_cm2_add_scd_incr_vmul_cm_core_X_Y
    _  VADDMAC_vmac_cm2_add_scd_incr_vmul_cm_core_Y_QX
    _  VADDMAC_vmac_cm2_add_scd_incr_vmul_cm_core_Y_QY
    _  VADDMAC_vmac_cm2_add_scd_incr_vmul_cm_core_Y_X
    _  VADDMAC_vmac_cm2_add_scd_incr_vmul_cm_core_Y_Y
    _  VADDMAC_vmac_cm2_add_scd_vmul_cm_core_X_QX
    _  VADDMAC_vmac_cm2_add_scd_vmul_cm_core_X_QY
    _  VADDMAC_vmac_cm2_add_scd_vmul_cm_core_X_X
    _  VADDMAC_vmac_cm2_add_scd_vmul_cm_core_X_Y
    _  VADDMAC_vmac_cm2_add_scd_vmul_cm_core_Y_QX
    _  VADDMAC_vmac_cm2_add_scd_vmul_cm_core_Y_QY
    _  VADDMAC_vmac_cm2_add_scd_vmul_cm_core_Y_X
    _  VADDMAC_vmac_cm2_add_scd_vmul_cm_core_Y_Y
    _  VADDMSC_f_vaddmac_bf_vmac_cm2_add_reg_vmul_bf_core_X_X
    _  VADDMSC_f_vaddmac_bf_vmac_cm2_add_reg_vmul_bf_core_Y_Y
    _  VADDMSC_f_vaddmac_bf_vmac_cm2_add_scd_incr_vmul_bf_core_X_X
    _  VADDMSC_f_vaddmac_bf_vmac_cm2_add_scd_incr_vmul_bf_core_Y_Y
    _  VADDMSC_f_vaddmac_bf_vmac_cm2_add_scd_vmul_bf_core_X_X
    _  VADDMSC_f_vaddmac_bf_vmac_cm2_add_scd_vmul_bf_core_Y_Y
    _  VADDMSC_f_vaddmac_bfp_vmac_cm2_add_reg_vmul_bfp_core_EX_EX
    _  VADDMSC_f_vaddmac_bfp_vmac_cm2_add_reg_vmul_bfp_core_EX_EY
    _  VADDMSC_f_vaddmac_bfp_vmac_cm2_add_reg_vmul_bfp_core_EX_QEY
    _  VADDMSC_f_vaddmac_bfp_vmac_cm2_add_reg_vmul_bfp_core_EY_QEX
    _  VADDMSC_f_vaddmac_bfp_vmac_cm2_add_scd_incr_vmul_bfp_core_EX_EX
    _  VADDMSC_f_vaddmac_bfp_vmac_cm2_add_scd_incr_vmul_bfp_core_EX_EY
    _  VADDMSC_f_vaddmac_bfp_vmac_cm2_add_scd_incr_vmul_bfp_core_EX_QEY
    _  VADDMSC_f_vaddmac_bfp_vmac_cm2_add_scd_incr_vmul_bfp_core_EY_QEX
    _  VADDMSC_f_vaddmac_bfp_vmac_cm2_add_scd_vmul_bfp_core_EX_EX
    _  VADDMSC_f_vaddmac_bfp_vmac_cm2_add_scd_vmul_bfp_core_EX_EY
    _  VADDMSC_f_vaddmac_bfp_vmac_cm2_add_scd_vmul_bfp_core_EX_QEY
    _  VADDMSC_f_vaddmac_bfp_vmac_cm2_add_scd_vmul_bfp_core_EY_QEX
    _  VADDMSC_vmac_cm2_add_reg_vmul_cm_core_X_QX
    _  VADDMSC_vmac_cm2_add_reg_vmul_cm_core_X_QY
    _  VADDMSC_vmac_cm2_add_reg_vmul_cm_core_X_X
    _  VADDMSC_vmac_cm2_add_reg_vmul_cm_core_X_Y
    _  VADDMSC_vmac_cm2_add_reg_vmul_cm_core_Y_QX
    _  VADDMSC_vmac_cm2_add_reg_vmul_cm_core_Y_QY
    _  VADDMSC_vmac_cm2_add_reg_vmul_cm_core_Y_X
    _  VADDMSC_vmac_cm2_add_reg_vmul_cm_core_Y_Y
    _  VADDMSC_vmac_cm2_add_scd_incr_vmul_cm_core_X_QX
    _  VADDMSC_vmac_cm2_add_scd_incr_vmul_cm_core_X_QY
    _  VADDMSC_vmac_cm2_add_scd_incr_vmul_cm_core_X_X
    _  VADDMSC_vmac_cm2_add_scd_incr_vmul_cm_core_X_Y
    _  VADDMSC_vmac_cm2_add_scd_incr_vmul_cm_core_Y_QX
    _  VADDMSC_vmac_cm2_add_scd_incr_vmul_cm_core_Y_QY
    _  VADDMSC_vmac_cm2_add_scd_incr_vmul_cm_core_Y_X
    _  VADDMSC_vmac_cm2_add_scd_incr_vmul_cm_core_Y_Y
    _  VADDMSC_vmac_cm2_add_scd_vmul_cm_core_X_QX
    _  VADDMSC_vmac_cm2_add_scd_vmul_cm_core_X_QY
    _  VADDMSC_vmac_cm2_add_scd_vmul_cm_core_X_X
    _  VADDMSC_vmac_cm2_add_scd_vmul_cm_core_X_Y
    _  VADDMSC_vmac_cm2_add_scd_vmul_cm_core_Y_QX
    _  VADDMSC_vmac_cm2_add_scd_vmul_cm_core_Y_QY
    _  VADDMSC_vmac_cm2_add_scd_vmul_cm_core_Y_X
    _  VADDMSC_vmac_cm2_add_scd_vmul_cm_core_Y_Y
    _  VADD_f_vmac_cm2_add_reg
    _  VADD_f_vmac_cm2_add_scd
    _  VADD_f_vmac_cm2_add_scd_incr
    _  VADD_vmac_cm2_add_reg
    _  VADD_vmac_cm2_add_scd
    _  VADD_vmac_cm2_add_scd_incr
    _  VCLR
    _  VMAC_f_vmac_bf_vmul_bf_core_X_X
    _  VMAC_f_vmac_bf_vmul_bf_core_Y_Y
    _  VMAC_f_vmac_bfp_vmul_bfp_core_EX_EX
    _  VMAC_f_vmac_bfp_vmul_bfp_core_EX_EY
    _  VMAC_f_vmac_bfp_vmul_bfp_core_EX_QEY
    _  VMAC_f_vmac_bfp_vmul_bfp_core_EY_QEX
    _  VMAC_vmul_cm_core_X_QX
    _  VMAC_vmul_cm_core_X_QY
    _  VMAC_vmul_cm_core_X_X
    _  VMAC_vmul_cm_core_X_Y
    _  VMAC_vmul_cm_core_Y_QX
    _  VMAC_vmul_cm_core_Y_QY
    _  VMAC_vmul_cm_core_Y_X
    _  VMAC_vmul_cm_core_Y_Y
    _  VMOV_D
    _  VMSC_f_vmac_bf_vmul_bf_core_X_X
    _  VMSC_f_vmac_bf_vmul_bf_core_Y_Y
    _  VMSC_f_vmac_bfp_vmul_bfp_core_EX_EX
    _  VMSC_f_vmac_bfp_vmul_bfp_core_EX_EY
    _  VMSC_f_vmac_bfp_vmul_bfp_core_EX_QEY
    _  VMSC_f_vmac_bfp_vmul_bfp_core_EY_QEX
    _  VMSC_vmul_cm_core_X_QX
    _  VMSC_vmul_cm_core_X_QY
    _  VMSC_vmul_cm_core_X_X
    _  VMSC_vmul_cm_core_X_Y
    _  VMSC_vmul_cm_core_Y_QX
    _  VMSC_vmul_cm_core_Y_QY
    _  VMSC_vmul_cm_core_Y_X
    _  VMSC_vmul_cm_core_Y_Y
    _  VMUL_f_vmul_bf_vmul_bf_core_X_X
    _  VMUL_f_vmul_bf_vmul_bf_core_Y_Y
    _  VMUL_f_vmul_bfp_vmul_bfp_core_EX_EX
    _  VMUL_f_vmul_bfp_vmul_bfp_core_EX_EY
    _  VMUL_f_vmul_bfp_vmul_bfp_core_EX_QEY
    _  VMUL_f_vmul_bfp_vmul_bfp_core_EY_QEX
    _  VMUL_vmul_cm_core_X_QX
    _  VMUL_vmul_cm_core_X_QY
    _  VMUL_vmul_cm_core_X_X
    _  VMUL_vmul_cm_core_X_Y
    _  VMUL_vmul_cm_core_Y_QX
    _  VMUL_vmul_cm_core_Y_QY
    _  VMUL_vmul_cm_core_Y_X
    _  VMUL_vmul_cm_core_Y_Y
    _  VNEG
    _  VNEGMUL_f_vmul_bf_vmul_bf_core_X_X
    _  VNEGMUL_f_vmul_bf_vmul_bf_core_Y_Y
    _  VNEGMUL_f_vmul_bfp_vmul_bfp_core_EX_EX
    _  VNEGMUL_f_vmul_bfp_vmul_bfp_core_EX_EY
    _  VNEGMUL_f_vmul_bfp_vmul_bfp_core_EX_QEY
    _  VNEGMUL_f_vmul_bfp_vmul_bfp_core_EY_QEX
    _  VNEGMUL_vmul_cm_core_X_QX
    _  VNEGMUL_vmul_cm_core_X_QY
    _  VNEGMUL_vmul_cm_core_X_X
    _  VNEGMUL_vmul_cm_core_X_Y
    _  VNEGMUL_vmul_cm_core_Y_QX
    _  VNEGMUL_vmul_cm_core_Y_QY
    _  VNEGMUL_vmul_cm_core_Y_X
    _  VNEGMUL_vmul_cm_core_Y_Y
    _  VNEG_f
    _  VSUB_f_vmac_cm2_add_reg
    _  VSUB_f_vmac_cm2_add_scd
    _  VSUB_f_vmac_cm2_add_scd_incr
    _  VSUB_vmac_cm2_add_reg
    _  VSUB_vmac_cm2_add_scd
    _  VSUB_vmac_cm2_add_scd_incr
warning: Decoding conflict encountered
[27/238] Building AIE2GenInstrInfo.inc...
[28/238] Building AIE2GenDisassemblerTables.inc...
Decoding Conflict:
    .
    _  ABS
    _  ACQ_COND_mLockId_imm
    _  ACQ_COND_mLockId_reg
    _  ACQ_mLockId_imm
    _  ACQ_mLockId_reg
    _  ADC
    _  ADD
    _  ADD_add_r_ri
    _  AND
    _  ASHL
    _  CLB
    _  CLZ
    _  DIVS
    _  DONE
    _  EQ
    _  EQZ
    _  EVENT
    _  EXTENDs16
    _  EXTENDs8
    _  EXTENDu16
    _  EXTENDu8
    _  GE
    _  GEU
    _  JL_IND
    _  JNZD
    _  J_jump_ind
    _  LSHL
    _  LT
    _  LTU
    _  MOVX_alu_cg
    _  MOVX_mvx_scl
    _  MUL_mul_r_rr
    _  NE
    _  NEZ
    _  NOPX
    _  OR
    _  REL_COND_mLockId_imm
    _  REL_COND_mLockId_reg
    _  REL_mLockId_imm
    _  REL_mLockId_reg
    _  RET
    _  SBC
    _  SELEQZ
    _  SELNEZ
    _  SUB
    _  XOR
Decoding Conflict:
    .
    _  LDA_2D_S16_dmhb_lda
    _  LDA_2D_S8_dmhb_lda
    _  LDA_2D_U16_dmhb_lda
    _  LDA_2D_U8_dmhb_lda
    _  LDA_2D_dms_lda
    _  LDA_2D_dmv_lda_q
    _  LDA_3D_S16_dmhb_lda
    _  LDA_3D_S8_dmhb_lda
    _  LDA_3D_U16_dmhb_lda
    _  LDA_3D_U8_dmhb_lda
    _  LDA_3D_dms_lda
    _  LDA_3D_dmv_lda_q
    _  LDA_S16_ag_idx
    _  LDA_S16_ag_idx_imm
    _  LDA_S16_ag_pstm_nrm
    _  LDA_S16_ag_pstm_nrm_imm
    _  LDA_S8_ag_idx
    _  LDA_S8_ag_idx_imm
    _  LDA_S8_ag_pstm_nrm
    _  LDA_S8_ag_pstm_nrm_imm
    _  LDA_TM
    _  LDA_U16_ag_idx
    _  LDA_U16_ag_idx_imm
    _  LDA_U16_ag_pstm_nrm
    _  LDA_U16_ag_pstm_nrm_imm
    _  LDA_U8_ag_idx
    _  LDA_U8_ag_idx_imm
    _  LDA_U8_ag_pstm_nrm
    _  LDA_U8_ag_pstm_nrm_imm
    _  LDA_dms_lda_idx
    _  LDA_dms_lda_idx_imm
    _  LDA_dms_lda_pstm_nrm
    _  LDA_dms_lda_pstm_nrm_imm
    _  LDA_dms_spill
    _  LDA_dmv_lda_q_ag_idx
    _  LDA_dmv_lda_q_ag_idx_imm
    _  LDA_dmv_lda_q_ag_pstm_nrm
    _  LDA_dmv_lda_q_ag_pstm_nrm_imm
    _  LDA_dmv_lda_q_ag_spill
    _  MOVA_lda_cg
    _  MOV_NB_mv_ss2scl
    _  MOV_mv_ss2scl
    _  NOPA
    _  PADDA_2D
    _  PADDA_3D
    _  PADDA_lda_ptr_inc_idx
    _  PADDA_lda_ptr_inc_idx_imm
    _  PADDA_sp_imm
    _  ST_2D_S16
    _  ST_2D_S8
    _  ST_3D_S16
    _  ST_3D_S8
    _  ST_S16_ag_idx
    _  ST_S16_ag_idx_imm
    _  ST_S16_ag_pstm_nrm
    _  ST_S16_ag_pstm_nrm_imm
    _  ST_S8_ag_idx
    _  ST_S8_ag_idx_imm
    _  ST_S8_ag_pstm_nrm
    _  ST_S8_ag_pstm_nrm_imm
    _  VLDA_128
    _  VLDA_2D_CONV_FP32_BF16
    _  VLDA_2D_UPS_S32_D16
    _  VLDA_2D_UPS_S32_D8
    _  VLDA_2D_UPS_S32_S16
    _  VLDA_2D_UPS_S32_S8
    _  VLDA_2D_UPS_S64_D16
    _  VLDA_2D_UPS_S64_D32
    _  VLDA_2D_UPS_S64_S16
    _  VLDA_2D_UPS_S64_S32
    _  VLDA_2D_dmw_lda_am
    _  VLDA_2D_dmw_lda_w
    _  VLDA_3D_CONV_FP32_BF16
    _  VLDA_3D_UPS_S32_D16
    _  VLDA_3D_UPS_S32_D8
    _  VLDA_3D_UPS_S32_S16
    _  VLDA_3D_UPS_S32_S8
    _  VLDA_3D_UPS_S64_D16
    _  VLDA_3D_UPS_S64_D32
    _  VLDA_3D_UPS_S64_S16
    _  VLDA_3D_UPS_S64_S32
    _  VLDA_3D_dmw_lda_am
    _  VLDA_3D_dmw_lda_w
    _  VLDA_CONV_FP32_BF16_ag_idx
    _  VLDA_CONV_FP32_BF16_ag_idx_imm
    _  VLDA_CONV_FP32_BF16_pstm_nrm
    _  VLDA_CONV_FP32_BF16_pstm_nrm_imm
    _  VLDA_UPS_S32_D16_ag_idx
    _  VLDA_UPS_S32_D16_ag_idx_imm
    _  VLDA_UPS_S32_D16_ag_pstm_nrm
    _  VLDA_UPS_S32_D16_ag_pstm_nrm_imm
    _  VLDA_UPS_S32_D8_ag_idx
    _  VLDA_UPS_S32_D8_ag_idx_imm
    _  VLDA_UPS_S32_D8_ag_pstm_nrm
    _  VLDA_UPS_S32_D8_ag_pstm_nrm_imm
    _  VLDA_UPS_S32_S16_ag_idx
    _  VLDA_UPS_S32_S16_ag_idx_imm
    _  VLDA_UPS_S32_S16_ag_pstm_nrm
    _  VLDA_UPS_S32_S16_ag_pstm_nrm_imm
    _  VLDA_UPS_S32_S8_ag_idx
    _  VLDA_UPS_S32_S8_ag_idx_imm
    _  VLDA_UPS_S32_S8_ag_pstm_nrm
    _  VLDA_UPS_S32_S8_ag_pstm_nrm_imm
    _  VLDA_UPS_S64_D16_ag_idx
    _  VLDA_UPS_S64_D16_ag_idx_imm
    _  VLDA_UPS_S64_D16_ag_pstm_nrm
    _  VLDA_UPS_S64_D16_ag_pstm_nrm_imm
    _  VLDA_UPS_S64_D32_ag_idx
    _  VLDA_UPS_S64_D32_ag_idx_imm
    _  VLDA_UPS_S64_D32_ag_pstm_nrm
    _  VLDA_UPS_S64_D32_ag_pstm_nrm_imm
    _  VLDA_UPS_S64_S16_ag_idx
    _  VLDA_UPS_S64_S16_ag_idx_imm
    _  VLDA_UPS_S64_S16_ag_pstm_nrm
    _  VLDA_UPS_S64_S16_ag_pstm_nrm_imm
    _  VLDA_UPS_S64_S32_ag_idx
    _  VLDA_UPS_S64_S32_ag_idx_imm
    _  VLDA_UPS_S64_S32_ag_pstm_nrm
    _  VLDA_UPS_S64_S32_ag_pstm_nrm_imm
    _  VLDA_dmw_lda_am_ag_idx
    _  VLDA_dmw_lda_am_ag_idx_imm
    _  VLDA_dmw_lda_am_ag_pstm_nrm
    _  VLDA_dmw_lda_am_ag_pstm_nrm_imm
    _  VLDA_dmw_lda_am_ag_spill
    _  VLDA_dmw_lda_w_ag_idx
    _  VLDA_dmw_lda_w_ag_idx_imm
    _  VLDA_dmw_lda_w_ag_pstm_nrm
    _  VLDA_dmw_lda_w_ag_pstm_nrm_imm
    _  VLDA_dmw_lda_w_ag_spill
    _  VMOV_HI
    _  VMOV_LO
    _  VMOV_mv_scd
Decoding Conflict:
    .
    _  NOPB
    _  PADDB_2D
    _  PADDB_3D
    _  PADDB_ldb_ptr_inc_nospill_nrm
    _  PADDB_ldb_ptr_inc_nrm_imm
    _  PADDB_sp_imm
    _  VLDB_128_ag_idx
    _  VLDB_128_ag_pstm_nrm
    _  VLDB_2D
    _  VLDB_2D_128
    _  VLDB_2D_UNPACK_D16_D8
    _  VLDB_2D_UNPACK_D8_D4
    _  VLDB_2D_UNPACK_S16_S8
    _  VLDB_2D_UNPACK_S8_S4
    _  VLDB_3D
    _  VLDB_3D_128
    _  VLDB_3D_UNPACK_D16_D8
    _  VLDB_3D_UNPACK_D8_D4
    _  VLDB_3D_UNPACK_S16_S8
    _  VLDB_3D_UNPACK_S8_S4
    _  VLDB_4x16_HI
    _  VLDB_4x16_LO
    _  VLDB_4x32_HI
    _  VLDB_4x32_LO
    _  VLDB_4x64_HI
    _  VLDB_4x64_LO
    _  VLDB_COMPR_FILL
    _  VLDB_COMPR_PEEK
    _  VLDB_COMPR_POP
    _  VLDB_COMPR_RESET
    _  VLDB_SPARSE_FILL_16
    _  VLDB_SPARSE_FILL_4
    _  VLDB_SPARSE_FILL_8
    _  VLDB_SPARSE_PEEK_16
    _  VLDB_SPARSE_PEEK_4
    _  VLDB_SPARSE_PEEK_8
    _  VLDB_SPARSE_POP_16
    _  VLDB_SPARSE_POP_4
    _  VLDB_SPARSE_POP_8
    _  VLDB_SPARSE_RESET_16
    _  VLDB_SPARSE_RESET_4
    _  VLDB_SPARSE_RESET_8
    _  VLDB_UNPACK_D16_D8_ag_idx
    _  VLDB_UNPACK_D16_D8_ag_pstm_nrm
    _  VLDB_UNPACK_D8_D4_ag_idx
    _  VLDB_UNPACK_D8_D4_pstm_nrm
    _  VLDB_UNPACK_S16_S8_ag_idx
    _  VLDB_UNPACK_S16_S8_ag_pstm_nrm
    _  VLDB_UNPACK_S8_S4_ag_idx
    _  VLDB_UNPACK_S8_S4_ag_pstm_nrm
    _  VLDB_dmw_ldb_ag_idx
    _  VLDB_dmw_ldb_ag_idx_imm
    _  VLDB_dmw_ldb_ag_pstm_nrm
    _  VLDB_dmw_ldb_ag_pstm_nrm_imm
    _  VUNPACK_D16_D8
    _  VUNPACK_D8_D4
    _  VUNPACK_S16_S8
    _  VUNPACK_S8_S4
Decoding Conflict:
    .
    _  JL
    _  JNZ
    _  JZ
    _  J_jump_imm
    _  MOVXM_lng_cg
    _  NOPXM
Decoding Conflict:
    .
    _  ADD_NC
    _  MOV_CNTR
    _  MOV_D1
    _  MOV_D2
    _  MOV_D3
    _  MOV_D4
    _  MOV_D5
    _  MOV_D6
    _  MOV_mv_cg
    _  MOV_mv_scl
    _  NOPM
    _  VABS_GTZ_D16
    _  VABS_GTZ_D32
    _  VABS_GTZ_D8
    _  VABS_GTZ_S16
    _  VABS_GTZ_S32
    _  VABS_GTZ_S8
    _  VADDSUB_16
    _  VADDSUB_32
    _  VADDSUB_8
    _  VADD_16
    _  VADD_32
    _  VADD_8
    _  VBAND
    _  VBCSTSHFL_16
    _  VBCSTSHFL_32
    _  VBCSTSHFL_64
    _  VBCSTSHFL_8
    _  VBCST_16
    _  VBCST_32
    _  VBCST_64
    _  VBCST_8
    _  VBNEG_LTZ_S16
    _  VBNEG_LTZ_S32
    _  VBNEG_LTZ_S8
    _  VBOR
    _  VCONV_FP32_BF16
    _  VEQZ_16
    _  VEQZ_32
    _  VEQZ_8
    _  VEXTBCST_16_mExtractIdxImm
    _  VEXTBCST_16_mRm
    _  VEXTBCST_32_mExtractIdxImm
    _  VEXTBCST_32_mRm
    _  VEXTBCST_64_mExtractIdxImm
    _  VEXTBCST_64_mRm
    _  VEXTBCST_8_mExtractIdxImm
    _  VEXTBCST_8_mRm
    _  VEXTRACT_D16
    _  VEXTRACT_D32
    _  VEXTRACT_D64
    _  VEXTRACT_D8
    _  VEXTRACT_S16
    _  VEXTRACT_S32
    _  VEXTRACT_S64
    _  VEXTRACT_S8
    _  VGE_BF16
    _  VGE_D16
    _  VGE_D32
    _  VGE_D8
    _  VGE_S16
    _  VGE_S32
    _  VGE_S8
    _  VINSERT_16
    _  VINSERT_32
    _  VINSERT_64
    _  VINSERT_8
    _  VLT_BF16
    _  VLT_D16
    _  VLT_D32
    _  VLT_D8
    _  VLT_S16
    _  VLT_S32
    _  VLT_S8
    _  VMAXDIFF_LT_D16
    _  VMAXDIFF_LT_D32
    _  VMAXDIFF_LT_D8
    _  VMAXDIFF_LT_S16
    _  VMAXDIFF_LT_S32
    _  VMAXDIFF_LT_S8
    _  VMAX_LT_BF16
    _  VMAX_LT_D16
    _  VMAX_LT_D32
    _  VMAX_LT_D8
    _  VMAX_LT_S16
    _  VMAX_LT_S32
    _  VMAX_LT_S8
    _  VMIN_GE_BF16
    _  VMIN_GE_D16
    _  VMIN_GE_D32
    _  VMIN_GE_D8
    _  VMIN_GE_S16
    _  VMIN_GE_S32
    _  VMIN_GE_S8
    _  VMOV_mv_cm
    _  VMOV_mv_w
    _  VMOV_mv_x
    _  VNEG_GTZ16
    _  VNEG_GTZ32
    _  VNEG_GTZ8
    _  VPUSH_HI_16
    _  VPUSH_HI_32
    _  VPUSH_HI_64
    _  VPUSH_HI_8
    _  VPUSH_LO_16
    _  VPUSH_LO_32
    _  VPUSH_LO_64
    _  VPUSH_LO_8
    _  VSEL_16
    _  VSEL_32
    _  VSEL_8
    _  VSHIFT
    _  VSHIFT_ALIGN
    _  VSHUFFLE
    _  VSRSM_D16_S32
    _  VSRSM_D32_S64
    _  VSRSM_S16_S32
    _  VSRSM_S32_S64
    _  VSUB_16
    _  VSUB_32
    _  VSUB_8
    _  VSUB_GE_D16
    _  VSUB_GE_D32
    _  VSUB_GE_D8
    _  VSUB_GE_S16
    _  VSUB_GE_S32
    _  VSUB_GE_S8
    _  VSUB_LT_D16
    _  VSUB_LT_D32
    _  VSUB_LT_D8
    _  VSUB_LT_S16
    _  VSUB_LT_S32
    _  VSUB_LT_S8
    _  VUPS_S32_D16_mv_ups_w2b
    _  VUPS_S32_D16_mv_ups_x2c
    _  VUPS_S32_D8_mv_ups_w2c
    _  VUPS_S32_S16_mv_ups_w2b
    _  VUPS_S32_S16_mv_ups_x2c
    _  VUPS_S32_S8_mv_ups_w2c
    _  VUPS_S64_D16_mv_ups_w2c
    _  VUPS_S64_D32_mv_ups_w2b
    _  VUPS_S64_D32_mv_ups_x2c
    _  VUPS_S64_S16_mv_ups_w2c
    _  VUPS_S64_S32_mv_ups_w2b
    _  VUPS_S64_S32_mv_ups_x2c
Decoding Conflict:
    .
    _  MOV_NB_TLAST_mv_cph2ms
    _  MOV_NB_TLAST_mv_ph2ms
    _  MOV_NB_TLAST_mv_scl2ms
    _  MOV_NB_mv_cph2ms
    _  MOV_NB_mv_cph2ms_doTlast_reg
    _  MOV_NB_mv_ph2ms
    _  MOV_NB_mv_ph2ms_doTlast_reg
    _  MOV_NB_mv_scl2ms
    _  MOV_NB_mv_scl2ms_doTlast_reg
    _  MOV_TLAST_mv_cph2ms
    _  MOV_TLAST_mv_ph2ms
    _  MOV_TLAST_mv_scl2ms
    _  MOV_mv_cph2ms
    _  MOV_mv_cph2ms_doTlast_reg
    _  MOV_mv_ph2ms
    _  MOV_mv_ph2ms_doTlast_reg
    _  MOV_mv_scl2ms
    _  MOV_mv_scl2ms_doTlast_reg
    _  NOPS
    _  PADDS_2D
    _  PADDS_3D
    _  PADDS_st_ptr_inc_idx
    _  PADDS_st_ptr_inc_idx_imm
    _  ST_2D_dms_sts
    _  ST_2D_dmv_sts_q
    _  ST_3D_dms_sts
    _  ST_3D_dmv_sts_q
    _  ST_TM
    _  ST_dms_spill
    _  ST_dms_sts_idx
    _  ST_dms_sts_idx_imm
    _  ST_dms_sts_pstm_nrm
    _  ST_dms_sts_pstm_nrm_imm
    _  ST_dmv_sts_q_ag_idx
    _  ST_dmv_sts_q_ag_idx_imm
    _  ST_dmv_sts_q_ag_pstm_nrm
    _  ST_dmv_sts_q_ag_pstm_nrm_imm
    _  ST_dmv_sts_q_ag_spill
    _  VCONV_BF16_FP32
    _  VFLOOR_S32_BF16_mFl2FxSrc_AM
    _  VFLOOR_S32_BF16_mFl2FxSrc_W
    _  VMOV_mv_mcd
    _  VPACK_D4_D8
    _  VPACK_D8_D16
    _  VPACK_S4_S8
    _  VPACK_S8_S16
    _  VSRS_D16_S32_mv_w_srs
    _  VSRS_D16_S32_mv_x_srs
    _  VSRS_D16_S64_mv_w_srs
    _  VSRS_D32_S64_mv_w_srs
    _  VSRS_D32_S64_mv_x_srs
    _  VSRS_D8_S32_mv_w_srs
    _  VSRS_S16_S32_mv_w_srs
    _  VSRS_S16_S32_mv_x_srs
    _  VSRS_S16_S64_mv_w_srs
    _  VSRS_S32_S64_mv_w_srs
    _  VSRS_S32_S64_mv_x_srs
    _  VSRS_S8_S32_mv_w_srs
    _  VST_128_ag_idx
    _  VST_128_ag_idx_imm
    _  VST_128_ag_pstm_nrm
    _  VST_128_ag_pstm_nrm_imm
    _  VST_128_ag_spill
    _  VST_2D_128
    _  VST_2D_PACK_D4_D8
    _  VST_2D_PACK_D8_D16
    _  VST_2D_PACK_S4_S8
    _  VST_2D_PACK_S8_S16
    _  VST_2D_SRS_D16_S32
    _  VST_2D_SRS_D16_S64
    _  VST_2D_SRS_D32_S64
    _  VST_2D_SRS_D8_S32
    _  VST_2D_SRS_S16_S32
    _  VST_2D_SRS_S16_S64
    _  VST_2D_SRS_S32_S64
    _  VST_2D_SRS_S8_S32
    _  VST_2D_dmw_sts_am
    _  VST_2D_dmw_sts_w
    _  VST_3D_128
    _  VST_3D_PACK_D4_D8
    _  VST_3D_PACK_D8_D16
    _  VST_3D_PACK_S4_S8
    _  VST_3D_PACK_S8_S16
    _  VST_3D_SRS_D16_S32
    _  VST_3D_SRS_D16_S64
    _  VST_3D_SRS_D32_S64
    _  VST_3D_SRS_D8_S32
    _  VST_3D_SRS_S16_S32
    _  VST_3D_SRS_S16_S64
    _  VST_3D_SRS_S32_S64
    _  VST_3D_SRS_S8_S32
    _  VST_3D_dmw_sts_am
    _  VST_3D_dmw_sts_w
    _  VST_CONV_2D_BF16_FP32
    _  VST_CONV_3D_BF16_FP32
    _  VST_CONV_BF16_FP32_ag_idx
    _  VST_CONV_BF16_FP32_ag_idx_imm
    _  VST_CONV_BF16_FP32_ag_pstm_nrm
    _  VST_CONV_BF16_FP32_ag_pstm_nrm_imm
    _  VST_PACK_D4_D8_ag_idx
    _  VST_PACK_D4_D8_ag_idx_imm
    _  VST_PACK_D4_D8_ag_pstm_nrm
    _  VST_PACK_D4_D8_ag_pstm_nrm_imm
    _  VST_PACK_D8_D16_ag_idx
    _  VST_PACK_D8_D16_ag_idx_imm
    _  VST_PACK_D8_D16_ag_pstm_nrm
    _  VST_PACK_D8_D16_ag_pstm_nrm_imm
    _  VST_PACK_S4_S8_ag_idx
    _  VST_PACK_S4_S8_ag_idx_imm
    _  VST_PACK_S4_S8_ag_pstm_nrm
    _  VST_PACK_S4_S8_ag_pstm_nrm_imm
    _  VST_PACK_S8_S16_ag_idx
    _  VST_PACK_S8_S16_ag_idx_imm
    _  VST_PACK_S8_S16_ag_pstm_nrm
    _  VST_PACK_S8_S16_ag_pstm_nrm_imm
    _  VST_SRS_D16_S32_ag_idx
    _  VST_SRS_D16_S32_ag_idx_imm
    _  VST_SRS_D16_S32_ag_pstm_nrm
    _  VST_SRS_D16_S32_ag_pstm_nrm_imm
    _  VST_SRS_D16_S64_ag_idx
    _  VST_SRS_D16_S64_ag_idx_imm
    _  VST_SRS_D16_S64_ag_pstm_nrm
    _  VST_SRS_D16_S64_ag_pstm_nrm_imm
    _  VST_SRS_D32_S64_ag_idx
    _  VST_SRS_D32_S64_ag_idx_imm
    _  VST_SRS_D32_S64_ag_pstm_nrm
    _  VST_SRS_D32_S64_ag_pstm_nrm_imm
    _  VST_SRS_D8_S32_ag_idx
    _  VST_SRS_D8_S32_ag_idx_imm
    _  VST_SRS_D8_S32_ag_pstm_nrm
    _  VST_SRS_D8_S32_ag_pstm_nrm_imm
    _  VST_SRS_S16_S32_ag_idx
    _  VST_SRS_S16_S32_ag_idx_imm
    _  VST_SRS_S16_S32_ag_pstm_nrm
    _  VST_SRS_S16_S32_ag_pstm_nrm_imm
    _  VST_SRS_S16_S64_ag_idx
    _  VST_SRS_S16_S64_ag_idx_imm
    _  VST_SRS_S16_S64_ag_pstm_nrm
    _  VST_SRS_S16_S64_ag_pstm_nrm_imm
    _  VST_SRS_S32_S64_ag_idx
    _  VST_SRS_S32_S64_ag_idx_imm
    _  VST_SRS_S32_S64_ag_pstm_nrm
    _  VST_SRS_S32_S64_ag_pstm_nrm_imm
    _  VST_SRS_S8_S32_ag_idx
    _  VST_SRS_S8_S32_ag_idx_imm
    _  VST_SRS_S8_S32_ag_pstm_nrm
    _  VST_SRS_S8_S32_ag_pstm_nrm_imm
    _  VST_dmw_sts_am_ag_idx
    _  VST_dmw_sts_am_ag_idx_imm
    _  VST_dmw_sts_am_ag_pstm_nrm
    _  VST_dmw_sts_am_ag_pstm_nrm_imm
    _  VST_dmw_sts_am_ag_spill
    _  VST_dmw_sts_w_ag_idx
    _  VST_dmw_sts_w_ag_idx_imm
    _  VST_dmw_sts_w_ag_pstm_nrm
    _  VST_dmw_sts_w_ag_pstm_nrm_imm
    _  VST_dmw_sts_w_ag_spill
Decoding Conflict:
    .
    _  NOPV
    _  VADD
    _  VADDMAC_F_vmac_bm_core_dense
    _  VADDMAC_F_vmac_bm_core_sparse_narrow
    _  VADDMAC_F_vmac_bm_core_sparse_wide
    _  VADDMAC_vmac_bm_core_dense
    _  VADDMAC_vmac_cm_core_sparse_narrow
    _  VADDMAC_vmac_cm_core_sparse_wide
    _  VADDMSC_F_vmac_bm_core_dense
    _  VADDMSC_F_vmac_bm_core_sparse_narrow
    _  VADDMSC_F_vmac_bm_core_sparse_wide
    _  VADDMSC_vmac_bm_core_dense
    _  VADDMSC_vmac_cm_core_sparse_narrow
    _  VADDMSC_vmac_cm_core_sparse_wide
    _  VADD_F
    _  VCLR_vclr
    _  VCLR_vclr_BF
    _  VMAC_F_vmac_bm_core_dense
    _  VMAC_F_vmac_bm_core_sparse_narrow
    _  VMAC_F_vmac_bm_core_sparse_wide
    _  VMAC_vmac_cm_core_dense
    _  VMAC_vmac_cm_core_sparse_narrow
    _  VMAC_vmac_cm_core_sparse_wide
    _  VMOV_D
    _  VMSC_F_vmac_bm_core_dense
    _  VMSC_F_vmac_bm_core_sparse_narrow
    _  VMSC_F_vmac_bm_core_sparse_wide
    _  VMSC_vmac_cm_core_dense
    _  VMSC_vmac_cm_core_sparse_narrow
    _  VMSC_vmac_cm_core_sparse_wide
    _  VMUL_F_vmac_bm_core_dense
    _  VMUL_F_vmac_bm_core_sparse_narrow
    _  VMUL_F_vmac_bm_core_sparse_wide
    _  VMUL_vmac_cm_core_dense
    _  VMUL_vmac_cm_core_sparse_narrow
    _  VMUL_vmac_cm_core_sparse_wide
    _  VNEG
    _  VNEGADD
    _  VNEGADD_F
    _  VNEGMAC_vmac_cm_core_dense
    _  VNEGMAC_vmac_cm_core_sparse_narrow
    _  VNEGMAC_vmac_cm_core_sparse_wide
    _  VNEGMSC_vmac_cm_core_dense
    _  VNEGMSC_vmac_cm_core_sparse_narrow
    _  VNEGMSC_vmac_cm_core_sparse_wide
    _  VNEGMUL_F_vmac_bm_core_dense
    _  VNEGMUL_F_vmac_bm_core_sparse_narrow
    _  VNEGMUL_F_vmac_bm_core_sparse_wide
    _  VNEGMUL_vmac_cm_core_dense
    _  VNEGMUL_vmac_cm_core_sparse_narrow
    _  VNEGMUL_vmac_cm_core_sparse_wide
    _  VNEGSUB
    _  VNEGSUB_F
    _  VNEG_F
    _  VSUB
    _  VSUBMAC_vmac_bm_core_dense
    _  VSUBMAC_vmac_cm_core_sparse_narrow
    _  VSUBMAC_vmac_cm_core_sparse_wide
    _  VSUBMSC_vmac_bm_core_dense
    _  VSUBMSC_vmac_cm_core_sparse_narrow
    _  VSUBMSC_vmac_cm_core_sparse_wide
    _  VSUB_F
warning: Decoding conflict encountered
[29/238] Building AIE2PGenGlobalISel.inc...
Included from /home/jtuyls/iree-ai/llvm-aie-port/amd/aie/llvm/lib/Target/AIE/AIE2P.td:34:
Included from /home/jtuyls/iree-ai/llvm-aie-port/amd/aie/llvm/lib/Target/AIE/aie2p/AIE2PInstrInfo.td:332:
/home/jtuyls/iree-ai/llvm-aie-port/amd/aie/llvm/lib/Target/AIE/aie2p/AIE2PInstrPatterns.td:1240:1: warning: Skipped pattern: unsupported type for Src operand (SETLT:{ *:[Other] })
def : Pat<(v64i1 (aie_setlt (v64i8 VEC512:$rs1), (v64i8 VEC512:$rs2))),
^
Included from /home/jtuyls/iree-ai/llvm-aie-port/amd/aie/llvm/lib/Target/AIE/AIE2P.td:34:
Included from /home/jtuyls/iree-ai/llvm-aie-port/amd/aie/llvm/lib/Target/AIE/aie2p/AIE2PInstrInfo.td:332:
/home/jtuyls/iree-ai/llvm-aie-port/amd/aie/llvm/lib/Target/AIE/aie2p/AIE2PInstrPatterns.td:1242:1: warning: Skipped pattern: unsupported type for Src operand (SETLT:{ *:[Other] })
def : Pat<(v32i1 (aie_setlt (v32i16 VEC512:$rs1), (v32i16 VEC512:$rs2))),
^
Included from /home/jtuyls/iree-ai/llvm-aie-port/amd/aie/llvm/lib/Target/AIE/AIE2P.td:34:
Included from /home/jtuyls/iree-ai/llvm-aie-port/amd/aie/llvm/lib/Target/AIE/aie2p/AIE2PInstrInfo.td:332:
/home/jtuyls/iree-ai/llvm-aie-port/amd/aie/llvm/lib/Target/AIE/aie2p/AIE2PInstrPatterns.td:1244:1: warning: Skipped pattern: unsupported type for Src operand (SETLT:{ *:[Other] })
def : Pat<(v32i1 (aie_setlt (v16i32 VEC512:$rs1), (v16i32 VEC512:$rs2))),
^
Included from /home/jtuyls/iree-ai/llvm-aie-port/amd/aie/llvm/lib/Target/AIE/AIE2P.td:34:
Included from /home/jtuyls/iree-ai/llvm-aie-port/amd/aie/llvm/lib/Target/AIE/aie2p/AIE2PInstrInfo.td:332:
/home/jtuyls/iree-ai/llvm-aie-port/amd/aie/llvm/lib/Target/AIE/aie2p/AIE2PInstrPatterns.td:1247:1: warning: Skipped pattern: unsupported type for Src operand (SETULT:{ *:[Other] })
def : Pat<(v64i1 (aie_setult (v64i8 VEC512:$rs1), (v64i8 VEC512:$rs2))),
^
Included from /home/jtuyls/iree-ai/llvm-aie-port/amd/aie/llvm/lib/Target/AIE/AIE2P.td:34:
Included from /home/jtuyls/iree-ai/llvm-aie-port/amd/aie/llvm/lib/Target/AIE/aie2p/AIE2PInstrInfo.td:332:
/home/jtuyls/iree-ai/llvm-aie-port/amd/aie/llvm/lib/Target/AIE/aie2p/AIE2PInstrPatterns.td:1249:1: warning: Skipped pattern: unsupported type for Src operand (SETULT:{ *:[Other] })
def : Pat<(v32i1 (aie_setult (v32i16 VEC512:$rs1), (v32i16 VEC512:$rs2))),
^
Included from /home/jtuyls/iree-ai/llvm-aie-port/amd/aie/llvm/lib/Target/AIE/AIE2P.td:34:
Included from /home/jtuyls/iree-ai/llvm-aie-port/amd/aie/llvm/lib/Target/AIE/aie2p/AIE2PInstrInfo.td:332:
/home/jtuyls/iree-ai/llvm-aie-port/amd/aie/llvm/lib/Target/AIE/aie2p/AIE2PInstrPatterns.td:1251:1: warning: Skipped pattern: unsupported type for Src operand (SETULT:{ *:[Other] })
def : Pat<(v32i1 (aie_setult (v16i32 VEC512:$rs1), (v16i32 VEC512:$rs2))),
^
Included from /home/jtuyls/iree-ai/llvm-aie-port/amd/aie/llvm/lib/Target/AIE/AIE2P.td:34:
Included from /home/jtuyls/iree-ai/llvm-aie-port/amd/aie/llvm/lib/Target/AIE/aie2p/AIE2PInstrInfo.td:332:
/home/jtuyls/iree-ai/llvm-aie-port/amd/aie/llvm/lib/Target/AIE/aie2p/AIE2PInstrPatterns.td:1255:1: warning: Skipped pattern: unsupported type for Src operand (SETLE:{ *:[Other] })
def : Pat<(v64i1 (aie_setle (v64i8 VEC512:$rs1), (v64i8 VEC512:$rs2))),
^
Included from /home/jtuyls/iree-ai/llvm-aie-port/amd/aie/llvm/lib/Target/AIE/AIE2P.td:34:
Included from /home/jtuyls/iree-ai/llvm-aie-port/amd/aie/llvm/lib/Target/AIE/aie2p/AIE2PInstrInfo.td:332:
/home/jtuyls/iree-ai/llvm-aie-port/amd/aie/llvm/lib/Target/AIE/aie2p/AIE2PInstrPatterns.td:1264:1: warning: Skipped pattern: unsupported type for Src operand (SETLE:{ *:[Other] })
def : Pat<(v32i1 (aie_setle (v32i16 VEC512:$rs1), (v32i16 VEC512:$rs2))),
^
Included from /home/jtuyls/iree-ai/llvm-aie-port/amd/aie/llvm/lib/Target/AIE/AIE2P.td:34:
Included from /home/jtuyls/iree-ai/llvm-aie-port/amd/aie/llvm/lib/Target/AIE/aie2p/AIE2PInstrInfo.td:332:
/home/jtuyls/iree-ai/llvm-aie-port/amd/aie/llvm/lib/Target/AIE/aie2p/AIE2PInstrPatterns.td:1269:1: warning: Skipped pattern: unsupported type for Src operand (SETLE:{ *:[Other] })
def : Pat<(v32i1 (aie_setle (v16i32 VEC512:$rs1), (v16i32 VEC512:$rs2))),
^
Included from /home/jtuyls/iree-ai/llvm-aie-port/amd/aie/llvm/lib/Target/AIE/AIE2P.td:34:
Included from /home/jtuyls/iree-ai/llvm-aie-port/amd/aie/llvm/lib/Target/AIE/aie2p/AIE2PInstrInfo.td:332:
/home/jtuyls/iree-ai/llvm-aie-port/amd/aie/llvm/lib/Target/AIE/aie2p/AIE2PInstrPatterns.td:1274:1: warning: Skipped pattern: unsupported type for Src operand (SETULE:{ *:[Other] })
def : Pat<(v64i1 (aie_setule (v64i8 VEC512:$rs1), (v64i8 VEC512:$rs2))),
^
Included from /home/jtuyls/iree-ai/llvm-aie-port/amd/aie/llvm/lib/Target/AIE/AIE2P.td:34:
Included from /home/jtuyls/iree-ai/llvm-aie-port/amd/aie/llvm/lib/Target/AIE/aie2p/AIE2PInstrInfo.td:332:
/home/jtuyls/iree-ai/llvm-aie-port/amd/aie/llvm/lib/Target/AIE/aie2p/AIE2PInstrPatterns.td:1283:1: warning: Skipped pattern: unsupported type for Src operand (SETULE:{ *:[Other] })
def : Pat<(v32i1 (aie_setule (v32i16 VEC512:$rs1), (v32i16 VEC512:$rs2))),
^
Included from /home/jtuyls/iree-ai/llvm-aie-port/amd/aie/llvm/lib/Target/AIE/AIE2P.td:34:
Included from /home/jtuyls/iree-ai/llvm-aie-port/amd/aie/llvm/lib/Target/AIE/aie2p/AIE2PInstrInfo.td:332:
/home/jtuyls/iree-ai/llvm-aie-port/amd/aie/llvm/lib/Target/AIE/aie2p/AIE2PInstrPatterns.td:1288:1: warning: Skipped pattern: unsupported type for Src operand (SETULE:{ *:[Other] })
def : Pat<(v32i1 (aie_setule (v16i32 VEC512:$rs1), (v16i32 VEC512:$rs2))),
^
Included from /home/jtuyls/iree-ai/llvm-aie-port/amd/aie/llvm/lib/Target/AIE/AIE2P.td:34:
Included from /home/jtuyls/iree-ai/llvm-aie-port/amd/aie/llvm/lib/Target/AIE/aie2p/AIE2PInstrInfo.td:332:
/home/jtuyls/iree-ai/llvm-aie-port/amd/aie/llvm/lib/Target/AIE/aie2p/AIE2PInstrPatterns.td:1294:1: warning: Skipped pattern: unsupported type for Src operand (SETGE:{ *:[Other] })
def  : Pat<(v64i1 (aie_setge (v64i8 VEC512:$rs1), (v64i8 VEC512:$rs2))),
^
Included from /home/jtuyls/iree-ai/llvm-aie-port/amd/aie/llvm/lib/Target/AIE/AIE2P.td:34:
Included from /home/jtuyls/iree-ai/llvm-aie-port/amd/aie/llvm/lib/Target/AIE/aie2p/AIE2PInstrInfo.td:332:
/home/jtuyls/iree-ai/llvm-aie-port/amd/aie/llvm/lib/Target/AIE/aie2p/AIE2PInstrPatterns.td:1296:1: warning: Skipped pattern: unsupported type for Src operand (SETGE:{ *:[Other] })
def  : Pat<(v32i1 (aie_setge (v32i16 VEC512:$rs1), (v32i16 VEC512:$rs2))),
^
Included from /home/jtuyls/iree-ai/llvm-aie-port/amd/aie/llvm/lib/Target/AIE/AIE2P.td:34:
Included from /home/jtuyls/iree-ai/llvm-aie-port/amd/aie/llvm/lib/Target/AIE/aie2p/AIE2PInstrInfo.td:332:
/home/jtuyls/iree-ai/llvm-aie-port/amd/aie/llvm/lib/Target/AIE/aie2p/AIE2PInstrPatterns.td:1298:1: warning: Skipped pattern: unsupported type for Src operand (SETGE:{ *:[Other] })
def  : Pat<(v32i1 (aie_setge (v16i32 VEC512:$rs1), (v16i32 VEC512:$rs2))),
^
Included from /home/jtuyls/iree-ai/llvm-aie-port/amd/aie/llvm/lib/Target/AIE/AIE2P.td:34:
Included from /home/jtuyls/iree-ai/llvm-aie-port/amd/aie/llvm/lib/Target/AIE/aie2p/AIE2PInstrInfo.td:332:
/home/jtuyls/iree-ai/llvm-aie-port/amd/aie/llvm/lib/Target/AIE/aie2p/AIE2PInstrPatterns.td:1301:1: warning: Skipped pattern: unsupported type for Src operand (SETUGE:{ *:[Other] })
def  : Pat<(v64i1 (aie_setuge (v64i8 VEC512:$rs1), (v64i8 VEC512:$rs2))),
^
Included from /home/jtuyls/iree-ai/llvm-aie-port/amd/aie/llvm/lib/Target/AIE/AIE2P.td:34:
Included from /home/jtuyls/iree-ai/llvm-aie-port/amd/aie/llvm/lib/Target/AIE/aie2p/AIE2PInstrInfo.td:332:
/home/jtuyls/iree-ai/llvm-aie-port/amd/aie/llvm/lib/Target/AIE/aie2p/AIE2PInstrPatterns.td:1303:1: warning: Skipped pattern: unsupported type for Src operand (SETUGE:{ *:[Other] })
def  : Pat<(v32i1 (aie_setuge (v32i16 VEC512:$rs1), (v32i16 VEC512:$rs2))),
^
Included from /home/jtuyls/iree-ai/llvm-aie-port/amd/aie/llvm/lib/Target/AIE/AIE2P.td:34:
Included from /home/jtuyls/iree-ai/llvm-aie-port/amd/aie/llvm/lib/Target/AIE/aie2p/AIE2PInstrInfo.td:332:
/home/jtuyls/iree-ai/llvm-aie-port/amd/aie/llvm/lib/Target/AIE/aie2p/AIE2PInstrPatterns.td:1305:1: warning: Skipped pattern: unsupported type for Src operand (SETUGE:{ *:[Other] })
def  : Pat<(v32i1 (aie_setuge (v16i32 VEC512:$rs1), (v16i32 VEC512:$rs2))),
^
Included from /home/jtuyls/iree-ai/llvm-aie-port/amd/aie/llvm/lib/Target/AIE/AIE2P.td:34:
Included from /home/jtuyls/iree-ai/llvm-aie-port/amd/aie/llvm/lib/Target/AIE/aie2p/AIE2PInstrInfo.td:332:
/home/jtuyls/iree-ai/llvm-aie-port/amd/aie/llvm/lib/Target/AIE/aie2p/AIE2PInstrPatterns.td:1309:1: warning: Skipped pattern: unsupported type for Src operand (SETGT:{ *:[Other] })
def  : Pat<(v64i1 (aie_setgt (v64i8 VEC512:$rs1), (v64i8 VEC512:$rs2))),
^
Included from /home/jtuyls/iree-ai/llvm-aie-port/amd/aie/llvm/lib/Target/AIE/AIE2P.td:34:
Included from /home/jtuyls/iree-ai/llvm-aie-port/amd/aie/llvm/lib/Target/AIE/aie2p/AIE2PInstrInfo.td:332:
/home/jtuyls/iree-ai/llvm-aie-port/amd/aie/llvm/lib/Target/AIE/aie2p/AIE2PInstrPatterns.td:1318:1: warning: Skipped pattern: unsupported type for Src operand (SETGT:{ *:[Other] })
def  : Pat<(v32i1 (aie_setgt (v32i16 VEC512:$rs1), (v32i16 VEC512:$rs2))),
^
Included from /home/jtuyls/iree-ai/llvm-aie-port/amd/aie/llvm/lib/Target/AIE/AIE2P.td:34:
Included from /home/jtuyls/iree-ai/llvm-aie-port/amd/aie/llvm/lib/Target/AIE/aie2p/AIE2PInstrInfo.td:332:
/home/jtuyls/iree-ai/llvm-aie-port/amd/aie/llvm/lib/Target/AIE/aie2p/AIE2PInstrPatterns.td:1320:1: warning: Skipped pattern: unsupported type for Src operand (SETGT:{ *:[Other] })
def  : Pat<(v32i1 (aie_setgt (v16i32 VEC512:$rs1), (v16i32 VEC512:$rs2))),
^
Included from /home/jtuyls/iree-ai/llvm-aie-port/amd/aie/llvm/lib/Target/AIE/AIE2P.td:34:
Included from /home/jtuyls/iree-ai/llvm-aie-port/amd/aie/llvm/lib/Target/AIE/aie2p/AIE2PInstrInfo.td:332:
/home/jtuyls/iree-ai/llvm-aie-port/amd/aie/llvm/lib/Target/AIE/aie2p/AIE2PInstrPatterns.td:1323:1: warning: Skipped pattern: unsupported type for Src operand (SETUGT:{ *:[Other] })
def  : Pat<(v64i1 (aie_setugt (v64i8 VEC512:$rs1), (v64i8 VEC512:$rs2))),
^
Included from /home/jtuyls/iree-ai/llvm-aie-port/amd/aie/llvm/lib/Target/AIE/AIE2P.td:34:
Included from /home/jtuyls/iree-ai/llvm-aie-port/amd/aie/llvm/lib/Target/AIE/aie2p/AIE2PInstrInfo.td:332:
/home/jtuyls/iree-ai/llvm-aie-port/amd/aie/llvm/lib/Target/AIE/aie2p/AIE2PInstrPatterns.td:1332:1: warning: Skipped pattern: unsupported type for Src operand (SETUGT:{ *:[Other] })
def  : Pat<(v32i1 (aie_setugt (v32i16 VEC512:$rs1), (v32i16 VEC512:$rs2))),
^
Included from /home/jtuyls/iree-ai/llvm-aie-port/amd/aie/llvm/lib/Target/AIE/AIE2P.td:34:
Included from /home/jtuyls/iree-ai/llvm-aie-port/amd/aie/llvm/lib/Target/AIE/aie2p/AIE2PInstrInfo.td:332:
/home/jtuyls/iree-ai/llvm-aie-port/amd/aie/llvm/lib/Target/AIE/aie2p/AIE2PInstrPatterns.td:1334:1: warning: Skipped pattern: unsupported type for Src operand (SETUGT:{ *:[Other] })
def  : Pat<(v32i1 (aie_setugt (v16i32 VEC512:$rs1), (v16i32 VEC512:$rs2))),
^
Included from /home/jtuyls/iree-ai/llvm-aie-port/amd/aie/llvm/lib/Target/AIE/AIE2P.td:34:
Included from /home/jtuyls/iree-ai/llvm-aie-port/amd/aie/llvm/lib/Target/AIE/aie2p/AIE2PInstrInfo.td:332:
/home/jtuyls/iree-ai/llvm-aie-port/amd/aie/llvm/lib/Target/AIE/aie2p/AIE2PInstrPatterns.td:1338:1: warning: Skipped pattern: unsupported type for Src operand (SETEQ:{ *:[Other] })
def  : Pat<(v64i1 (aie_seteq (v64i8 VEC512:$rs1), (v64i8 VEC512:$rs2))),
^
Included from /home/jtuyls/iree-ai/llvm-aie-port/amd/aie/llvm/lib/Target/AIE/AIE2P.td:34:
Included from /home/jtuyls/iree-ai/llvm-aie-port/amd/aie/llvm/lib/Target/AIE/aie2p/AIE2PInstrInfo.td:332:
/home/jtuyls/iree-ai/llvm-aie-port/amd/aie/llvm/lib/Target/AIE/aie2p/AIE2PInstrPatterns.td:1340:1: warning: Skipped pattern: unsupported type for Src operand (SETEQ:{ *:[Other] })
def  : Pat<(v32i1 (aie_seteq (v32i16 VEC512:$rs1), (v32i16 VEC512:$rs2))),
^
Included from /home/jtuyls/iree-ai/llvm-aie-port/amd/aie/llvm/lib/Target/AIE/AIE2P.td:34:
Included from /home/jtuyls/iree-ai/llvm-aie-port/amd/aie/llvm/lib/Target/AIE/aie2p/AIE2PInstrInfo.td:332:
/home/jtuyls/iree-ai/llvm-aie-port/amd/aie/llvm/lib/Target/AIE/aie2p/AIE2PInstrPatterns.td:1342:1: warning: Skipped pattern: unsupported type for Src operand (SETEQ:{ *:[Other] })
def  : Pat<(v32i1 (aie_seteq (v16i32 VEC512:$rs1), (v16i32 VEC512:$rs2))),
^
Included from /home/jtuyls/iree-ai/llvm-aie-port/amd/aie/llvm/lib/Target/AIE/AIE2P.td:34:
Included from /home/jtuyls/iree-ai/llvm-aie-port/amd/aie/llvm/lib/Target/AIE/aie2p/AIE2PInstrInfo.td:332:
/home/jtuyls/iree-ai/llvm-aie-port/amd/aie/llvm/lib/Target/AIE/aie2p/AIE2PInstrPatterns.td:1346:1: warning: Skipped pattern: unsupported type for Src operand (SETNE:{ *:[Other] })
def  : Pat<(v64i1 (aie_setne (v64i8 VEC512:$rs1), (v64i8 VEC512:$rs2))),
^
Included from /home/jtuyls/iree-ai/llvm-aie-port/amd/aie/llvm/lib/Target/AIE/AIE2P.td:34:
Included from /home/jtuyls/iree-ai/llvm-aie-port/amd/aie/llvm/lib/Target/AIE/aie2p/AIE2PInstrInfo.td:332:
/home/jtuyls/iree-ai/llvm-aie-port/amd/aie/llvm/lib/Target/AIE/aie2p/AIE2PInstrPatterns.td:1355:1: warning: Skipped pattern: unsupported type for Src operand (SETNE:{ *:[Other] })
def  : Pat<(v32i1 (aie_setne (v32i16 VEC512:$rs1), (v32i16 VEC512:$rs2))),
^
Included from /home/jtuyls/iree-ai/llvm-aie-port/amd/aie/llvm/lib/Target/AIE/AIE2P.td:34:
Included from /home/jtuyls/iree-ai/llvm-aie-port/amd/aie/llvm/lib/Target/AIE/aie2p/AIE2PInstrInfo.td:332:
/home/jtuyls/iree-ai/llvm-aie-port/amd/aie/llvm/lib/Target/AIE/aie2p/AIE2PInstrPatterns.td:1357:1: warning: Skipped pattern: unsupported type for Src operand (SETNE:{ *:[Other] })
def  : Pat<(v32i1 (aie_setne (v16i32 VEC512:$rs1), (v16i32 VEC512:$rs2))),
^
[30/238] Building AIE2GenAsmMatcher.inc...
[31/238] Building AIE2PGenRegisterInfo.inc...
[32/238] Building AIE2PGenMemoryCycles.inc...
[33/238] Building AIE2PSGenDisassemblerTables.inc...
Decoding Conflict:
    .
    _  ABS
    _  ACQ_COND_mLockId_imm
    _  ACQ_COND_mLockId_reg
    _  ACQ_mLockId_imm
    _  ACQ_mLockId_reg
    _  ADC
    _  ADD_NC_add_lc_ri
    _  ADD_NC_alu_cg_or_alu_cg_le_rel
    _  ADD_NC_alu_cg_or_alu_cg_ls_rel
    _  ADD_add_r_ri
    _  ADD_alu_r_rr
    _  AND
    _  ASHL
    _  CLB
    _  CLZ
    _  DIVS
    _  DONE
    _  EQ
    _  EQZ
    _  EVENT_ERROR
    _  EVENT_WARNING
    _  EVENT_event0
    _  EVENT_event1
    _  EXTEND_s16
    _  EXTEND_s8
    _  EXTEND_u16
    _  EXTEND_u8
    _  GE
    _  GEU
    _  INVSQRT_nlf_invsqrt
    _  INVSQRT_nlf_invsqrt_mOptConv
    _  INVSQRT_nlf_invsqrt_mOptConvDel_mS3
    _  INVSQRT_nlf_invsqrt_mOptConvDel_mS3_mOptConv
    _  INV_nlf_inv
    _  INV_nlf_inv_mOptConv
    _  INV_nlf_inv_mOptConvDel_mS3
    _  INV_nlf_inv_mOptConvDel_mS3_mOptConv
    _  JL_alumv_or
    _  JNZD
    _  J_alumv_or
    _  LSHL
    _  LT
    _  LTU
    _  MAC
    _  MAX
    _  MAXU
    _  MIN
    _  MINU
    _  MOVX_alu_cg_or
    _  MOVX_mvx_cr_imm
    _  MOVX_mvx_cr_r
    _  MOV_alu_mv_alu_flt2fx
    _  MOV_alu_mv_alu_fx2flt
    _  MSC
    _  MUL
    _  NE
    _  NEZ
    _  NOPX
    _  OR
    _  POPCOUNT
    _  REL_COND_mLockId_imm
    _  REL_COND_mLockId_reg
    _  REL_mLockId_imm
    _  REL_mLockId_reg
    _  RET
    _  SBC
    _  SEL_EQZ
    _  SEL_NEZ
    _  SQRT_nlf_sqrt
    _  SQRT_nlf_sqrt_mOptConv
    _  SQRT_nlf_sqrt_mOptConvDel_mS3
    _  SQRT_nlf_sqrt_mOptConvDel_mS3_mOptConv
    _  SUB
    _  VCONV_fp32_bf16_alu
    _  VCONV_fp32_fp16_alu
    _  VMOV_0_mv_scd_cm
    _  VMOV_0_mv_scd_dm_imm
    _  VMOV_1_mv_scd_cm
    _  VMOV_1_mv_scd_dm_imm
    _  VMOV_2
    _  VMOV_3
    _  VMOV_alu_mv_alu_mv_scd_bm
    _  VMOV_alu_mv_alu_mv_scd_cmh_dyn
    _  VMOV_alu_mv_alu_mv_scd_cmh_reg
    _  VMOV_alu_mv_alu_mv_scd_cml_dyn
    _  VMOV_alu_mv_alu_mv_scd_cml_reg
    _  VMOV_alu_mv_alu_mv_scd_dm_dyn
    _  VMOV_alu_mv_alu_mv_scd_dm_reg
    _  VMOV_alu_mv_alu_mv_scd_x
    _  XOR
Decoding Conflict:
    .
    _  LDA_2D_dml_lda2_scalar_EE
    _  LDA_2D_dml_lda2_scalar_EG
    _  LDA_2D_dml_lda2_scalar_GG
    _  LDA_2D_dml_lda_scalar_F
    _  LDA_2D_dml_lda_scalar_L
    _  LDA_2D_dms_lda_g
    _  LDA_2D_dms_lda_scalar
    _  LDA_2D_dmv_lda_eg2
    _  LDA_2D_dmv_lda_f
    _  LDA_2D_dmv_lda_feg
    _  LDA_2D_s16
    _  LDA_2D_s8
    _  LDA_2D_u16
    _  LDA_2D_u8
    _  LDA_3D_dml_lda2_scalar_EE
    _  LDA_3D_dml_lda2_scalar_EG
    _  LDA_3D_dml_lda2_scalar_GG
    _  LDA_3D_dml_lda_scalar_F
    _  LDA_3D_dml_lda_scalar_L
    _  LDA_3D_dms_lda_g
    _  LDA_3D_dms_lda_scalar
    _  LDA_3D_dmv_lda_eg2
    _  LDA_3D_dmv_lda_f
    _  LDA_3D_dmv_lda_feg
    _  LDA_3D_s16
    _  LDA_3D_s8
    _  LDA_3D_u16
    _  LDA_3D_u8
    _  LDA_TM_2D
    _  LDA_TM_3D
    _  LDA_TM_idx
    _  LDA_TM_idx_imm
    _  LDA_TM_pstm_nrm
    _  LDA_TM_pstm_nrm_imm
    _  LDA_dml_lda2_scalar_EE_ld_idx
    _  LDA_dml_lda2_scalar_EE_ld_idx_imm
    _  LDA_dml_lda2_scalar_EE_ld_pstm_nrm
    _  LDA_dml_lda2_scalar_EE_ld_pstm_nrm_imm
    _  LDA_dml_lda2_scalar_EE_spill
    _  LDA_dml_lda2_scalar_EG_ld_idx
    _  LDA_dml_lda2_scalar_EG_ld_idx_imm
    _  LDA_dml_lda2_scalar_EG_ld_pstm_nrm
    _  LDA_dml_lda2_scalar_EG_ld_pstm_nrm_imm
    _  LDA_dml_lda2_scalar_EG_spill
    _  LDA_dml_lda2_scalar_GG_ld_idx
    _  LDA_dml_lda2_scalar_GG_ld_idx_imm
    _  LDA_dml_lda2_scalar_GG_ld_pstm_nrm
    _  LDA_dml_lda2_scalar_GG_ld_pstm_nrm_imm
    _  LDA_dml_lda2_scalar_GG_spill
    _  LDA_dml_lda_scalar_F_ld_idx
    _  LDA_dml_lda_scalar_F_ld_idx_imm
    _  LDA_dml_lda_scalar_F_ld_pstm_nrm
    _  LDA_dml_lda_scalar_F_ld_pstm_nrm_imm
    _  LDA_dml_lda_scalar_F_spill
    _  LDA_dml_lda_scalar_L_ld_idx
    _  LDA_dml_lda_scalar_L_ld_idx_imm
    _  LDA_dml_lda_scalar_L_ld_pstm_nrm
    _  LDA_dml_lda_scalar_L_ld_pstm_nrm_imm
    _  LDA_dml_lda_scalar_L_spill
    _  LDA_dms_lda_g_ld_idx
    _  LDA_dms_lda_g_ld_idx_imm
    _  LDA_dms_lda_g_ld_pstm_nrm
    _  LDA_dms_lda_g_ld_pstm_nrm_imm
    _  LDA_dms_lda_g_spill
    _  LDA_dms_lda_scalar_ld_idx
    _  LDA_dms_lda_scalar_ld_idx_imm
    _  LDA_dms_lda_scalar_ld_pstm_nrm
    _  LDA_dms_lda_scalar_ld_pstm_nrm_imm
    _  LDA_dms_lda_scalar_spill
    _  LDA_dmv_lda_eg2_ld_idx
    _  LDA_dmv_lda_eg2_ld_idx_imm
    _  LDA_dmv_lda_eg2_ld_pstm_nrm
    _  LDA_dmv_lda_eg2_ld_pstm_nrm_imm
    _  LDA_dmv_lda_eg2_spill
    _  LDA_dmv_lda_f_ld_idx
    _  LDA_dmv_lda_f_ld_idx_imm
    _  LDA_dmv_lda_f_ld_pstm_nrm
    _  LDA_dmv_lda_f_ld_pstm_nrm_imm
    _  LDA_dmv_lda_f_spill
    _  LDA_dmv_lda_feg_ld_idx
    _  LDA_dmv_lda_feg_ld_idx_imm
    _  LDA_dmv_lda_feg_ld_pstm_nrm
    _  LDA_dmv_lda_feg_ld_pstm_nrm_imm
    _  LDA_dmv_lda_feg_spill
    _  LDA_s16_idx
    _  LDA_s16_idx_imm
    _  LDA_s16_pstm_nrm
    _  LDA_s16_pstm_nrm_imm
    _  LDA_s8_idx
    _  LDA_s8_idx_imm
    _  LDA_s8_pstm_nrm
    _  LDA_s8_pstm_nrm_imm
    _  LDA_u16_idx
    _  LDA_u16_idx_imm
    _  LDA_u16_pstm_nrm
    _  LDA_u16_pstm_nrm_imm
    _  LDA_u8_idx
    _  LDA_u8_idx_imm
    _  LDA_u8_pstm_nrm
    _  LDA_u8_pstm_nrm_imm
    _  MOVA
    _  MOV_lda
    _  MOV_nb_lda
    _  NOPA
    _  PADDA_2D
    _  PADDA_3D
    _  PADDA_pstm_nrm
    _  PADDA_pstm_nrm_imm
    _  PADDXM_pstm_sp
    _  PADDXM_pstm_sp_imm
    _  ST_2D_s16
    _  ST_2D_s8
    _  ST_3D_s16
    _  ST_3D_s8
    _  ST_s16_idx
    _  ST_s16_idx_imm
    _  ST_s16_pstm_nrm
    _  ST_s16_pstm_nrm_imm
    _  ST_s8_idx
    _  ST_s8_idx_imm
    _  ST_s8_pstm_nrm
    _  ST_s8_pstm_nrm_imm
    _  VLDA_128_dmv_lda_w_idx
    _  VLDA_128_dmv_lda_w_idx_imm
    _  VLDA_128_dmv_lda_w_pstm_nrm
    _  VLDA_128_dmv_lda_w_pstm_nrm_imm
    _  VLDA_128_dmv_lda_w_spill
    _  VLDA_2D_128
    _  VLDA_2D_CONV_fp32_bf16_dmw_lda_ups_bf16
    _  VLDA_2D_CONV_fp32_bf16_dmx_lda_ups_f16
    _  VLDA_2D_CONV_fp32_fp16
    _  VLDA_2D_UPS_2x_dmw_lda_ups_w2b_upsSign0
    _  VLDA_2D_UPS_2x_dmw_lda_ups_w2b_upsSign1
    _  VLDA_2D_UPS_2x_dmx_lda_ups_x2c_upsSign0
    _  VLDA_2D_UPS_2x_dmx_lda_ups_x2c_upsSign1
    _  VLDA_2D_UPS_4x_dmw_lda_ups_w2c_upsSign0
    _  VLDA_2D_UPS_4x_dmw_lda_ups_w2c_upsSign1
    _  VLDA_2D_UPS_4x_dmx_lda_ups_x2d_upsSign0
    _  VLDA_2D_UPS_4x_dmx_lda_ups_x2d_upsSign1
    _  VLDA_2D_dmw_lda_feg2
    _  VLDA_2D_dmw_lda_w
    _  VLDA_2D_dmx_lda_bm
    _  VLDA_2D_dmx_lda_x
    _  VLDA_3D_128
    _  VLDA_3D_CONV_fp32_bf16_dmw_lda_ups_bf16
    _  VLDA_3D_CONV_fp32_bf16_dmx_lda_ups_f16
    _  VLDA_3D_CONV_fp32_fp16
    _  VLDA_3D_UPS_2x_dmw_lda_ups_w2b_upsSign0
    _  VLDA_3D_UPS_2x_dmw_lda_ups_w2b_upsSign1
    _  VLDA_3D_UPS_2x_dmx_lda_ups_x2c_upsSign0
    _  VLDA_3D_UPS_2x_dmx_lda_ups_x2c_upsSign1
    _  VLDA_3D_UPS_4x_dmw_lda_ups_w2c_upsSign0
    _  VLDA_3D_UPS_4x_dmw_lda_ups_w2c_upsSign1
    _  VLDA_3D_UPS_4x_dmx_lda_ups_x2d_upsSign0
    _  VLDA_3D_UPS_4x_dmx_lda_ups_x2d_upsSign1
    _  VLDA_3D_dmw_lda_feg2
    _  VLDA_3D_dmw_lda_w
    _  VLDA_3D_dmx_lda_bm
    _  VLDA_3D_dmx_lda_x
    _  VLDA_CONV_fp32_bf16_dmw_lda_ups_bf16_idx
    _  VLDA_CONV_fp32_bf16_dmw_lda_ups_bf16_idx_imm
    _  VLDA_CONV_fp32_bf16_dmw_lda_ups_bf16_pstm_nrm
    _  VLDA_CONV_fp32_bf16_dmw_lda_ups_bf16_pstm_nrm_imm
    _  VLDA_CONV_fp32_bf16_dmx_lda_ups_f16_idx
    _  VLDA_CONV_fp32_bf16_dmx_lda_ups_f16_idx_imm
    _  VLDA_CONV_fp32_bf16_dmx_lda_ups_f16_pstm_nrm
    _  VLDA_CONV_fp32_bf16_dmx_lda_ups_f16_pstm_nrm_imm
    _  VLDA_CONV_fp32_fp16_idx
    _  VLDA_CONV_fp32_fp16_idx_imm
    _  VLDA_CONV_fp32_fp16_pstm_nrm
    _  VLDA_CONV_fp32_fp16_pstm_nrm_imm
    _  VLDA_FILL
    _  VLDA_POP_2D_dmx_lda_fifo_ex_bfp16
    _  VLDA_POP_2D_dmx_lda_fifo_fex_bfp13
    _  VLDA_POP_2D_dmx_lda_fifo_x
    _  VLDA_POP_3D_dmx_lda_fifo_ex_bfp16
    _  VLDA_POP_3D_dmx_lda_fifo_fex_bfp13
    _  VLDA_POP_3D_dmx_lda_fifo_x
    _  VLDA_POP_dmx_lda_fifo_ex_bfp16_fifo_1d_pop
    _  VLDA_POP_dmx_lda_fifo_ex_bfp16_normal_pop
    _  VLDA_POP_dmx_lda_fifo_fex_bfp13_fifo_1d_pop
    _  VLDA_POP_dmx_lda_fifo_fex_bfp13_normal_pop
    _  VLDA_POP_dmx_lda_fifo_x_fifo_1d_pop
    _  VLDA_POP_dmx_lda_fifo_x_normal_pop
    _  VLDA_POP_mx4_2D
    _  VLDA_POP_mx4_3D
    _  VLDA_POP_mx4_fifo_1d_pop
    _  VLDA_POP_mx4_normal_pop
    _  VLDA_POP_s_2D
    _  VLDA_POP_s_3D
    _  VLDA_POP_s_fifo_1d_pop
    _  VLDA_POP_s_normal_pop
    _  VLDA_UPS_2x_dmw_lda_ups_w2b_idx_imm_upsSign0
    _  VLDA_UPS_2x_dmw_lda_ups_w2b_idx_imm_upsSign1
    _  VLDA_UPS_2x_dmw_lda_ups_w2b_idx_upsSign0
    _  VLDA_UPS_2x_dmw_lda_ups_w2b_idx_upsSign1
    _  VLDA_UPS_2x_dmw_lda_ups_w2b_pstm_nrm_imm_upsSign0
    _  VLDA_UPS_2x_dmw_lda_ups_w2b_pstm_nrm_imm_upsSign1
    _  VLDA_UPS_2x_dmw_lda_ups_w2b_pstm_nrm_upsSign0
    _  VLDA_UPS_2x_dmw_lda_ups_w2b_pstm_nrm_upsSign1
    _  VLDA_UPS_2x_dmx_lda_ups_x2c_idx_imm_upsSign0
    _  VLDA_UPS_2x_dmx_lda_ups_x2c_idx_imm_upsSign1
    _  VLDA_UPS_2x_dmx_lda_ups_x2c_idx_upsSign0
    _  VLDA_UPS_2x_dmx_lda_ups_x2c_idx_upsSign1
    _  VLDA_UPS_2x_dmx_lda_ups_x2c_pstm_nrm_imm_upsSign0
    _  VLDA_UPS_2x_dmx_lda_ups_x2c_pstm_nrm_imm_upsSign1
    _  VLDA_UPS_2x_dmx_lda_ups_x2c_pstm_nrm_upsSign0
    _  VLDA_UPS_2x_dmx_lda_ups_x2c_pstm_nrm_upsSign1
    _  VLDA_UPS_4x_dmw_lda_ups_w2c_idx_imm_upsSign0
    _  VLDA_UPS_4x_dmw_lda_ups_w2c_idx_imm_upsSign1
    _  VLDA_UPS_4x_dmw_lda_ups_w2c_idx_upsSign0
    _  VLDA_UPS_4x_dmw_lda_ups_w2c_idx_upsSign1
    _  VLDA_UPS_4x_dmw_lda_ups_w2c_pstm_nrm_imm_upsSign0
    _  VLDA_UPS_4x_dmw_lda_ups_w2c_pstm_nrm_imm_upsSign1
    _  VLDA_UPS_4x_dmw_lda_ups_w2c_pstm_nrm_upsSign0
    _  VLDA_UPS_4x_dmw_lda_ups_w2c_pstm_nrm_upsSign1
    _  VLDA_UPS_4x_dmx_lda_ups_x2d_idx_imm_upsSign0
    _  VLDA_UPS_4x_dmx_lda_ups_x2d_idx_imm_upsSign1
    _  VLDA_UPS_4x_dmx_lda_ups_x2d_idx_upsSign0
    _  VLDA_UPS_4x_dmx_lda_ups_x2d_idx_upsSign1
    _  VLDA_UPS_4x_dmx_lda_ups_x2d_pstm_nrm_imm_upsSign0
    _  VLDA_UPS_4x_dmx_lda_ups_x2d_pstm_nrm_imm_upsSign1
    _  VLDA_UPS_4x_dmx_lda_ups_x2d_pstm_nrm_upsSign0
    _  VLDA_UPS_4x_dmx_lda_ups_x2d_pstm_nrm_upsSign1
    _  VLDA_dmw_lda_feg2_ld_idx
    _  VLDA_dmw_lda_feg2_ld_idx_imm
    _  VLDA_dmw_lda_feg2_ld_pstm_nrm
    _  VLDA_dmw_lda_feg2_ld_pstm_nrm_imm
    _  VLDA_dmw_lda_feg2_spill
    _  VLDA_dmw_lda_w_ld_idx
    _  VLDA_dmw_lda_w_ld_idx_imm
    _  VLDA_dmw_lda_w_ld_pstm_nrm
    _  VLDA_dmw_lda_w_ld_pstm_nrm_imm
    _  VLDA_dmw_lda_w_spill
    _  VLDA_dmx_lda_bm_ld_idx
    _  VLDA_dmx_lda_bm_ld_idx_imm
    _  VLDA_dmx_lda_bm_ld_pstm_nrm
    _  VLDA_dmx_lda_bm_ld_pstm_nrm_imm
    _  VLDA_dmx_lda_bm_spill
    _  VLDA_dmx_lda_x_ld_idx
    _  VLDA_dmx_lda_x_ld_idx_imm
    _  VLDA_dmx_lda_x_ld_pstm_nrm
    _  VLDA_dmx_lda_x_ld_pstm_nrm_imm
    _  VLDA_dmx_lda_x_spill
Decoding Conflict:
    .
    _  NOPB
    _  PADDB_2D
    _  PADDB_3D
    _  PADDB_pstm_nrm
    _  PADDB_pstm_nrm_imm
    _  VLDB_128_idx
    _  VLDB_128_idx_imm
    _  VLDB_128_pstm_nrm
    _  VLDB_128_pstm_nrm_imm
    _  VLDB_2D_128
    _  VLDB_2D_UNPACK_dmw_ldb_unpack_unpackSign0
    _  VLDB_2D_UNPACK_dmw_ldb_unpack_unpackSign1
    _  VLDB_2D_UNPACK_dmx_ldb_unpack_unpackSign0
    _  VLDB_2D_UNPACK_dmx_ldb_unpack_unpackSign1
    _  VLDB_2D_dmw_ldb
    _  VLDB_2D_dmx_ldb_x
    _  VLDB_3D_128
    _  VLDB_3D_UNPACK_dmw_ldb_unpack_unpackSign0
    _  VLDB_3D_UNPACK_dmw_ldb_unpack_unpackSign1
    _  VLDB_3D_UNPACK_dmx_ldb_unpack_unpackSign0
    _  VLDB_3D_UNPACK_dmx_ldb_unpack_unpackSign1
    _  VLDB_3D_dmw_ldb
    _  VLDB_3D_dmx_ldb_x
    _  VLDB_4x16_hi
    _  VLDB_4x16_lo
    _  VLDB_4x32_hi
    _  VLDB_4x32_lo
    _  VLDB_4x64_hi
    _  VLDB_4x64_lo
    _  VLDB_FILL
    _  VLDB_FILLX
    _  VLDB_POPX
    _  VLDB_POP_2D_dmx_ldb_fifo_ex_bfp16
    _  VLDB_POP_2D_dmx_ldb_fifo_fex_bfp13
    _  VLDB_POP_2D_dmx_ldb_fifo_x
    _  VLDB_POP_3D_dmx_ldb_fifo_ex_bfp16
    _  VLDB_POP_3D_dmx_ldb_fifo_fex_bfp13
    _  VLDB_POP_3D_dmx_ldb_fifo_x
    _  VLDB_POP_dmx_ldb_fifo_ex_bfp16_fifo_1d_pop
    _  VLDB_POP_dmx_ldb_fifo_ex_bfp16_normal_pop
    _  VLDB_POP_dmx_ldb_fifo_fex_bfp13_fifo_1d_pop
    _  VLDB_POP_dmx_ldb_fifo_fex_bfp13_normal_pop
    _  VLDB_POP_dmx_ldb_fifo_x_fifo_1d_pop
    _  VLDB_POP_dmx_ldb_fifo_x_normal_pop
    _  VLDB_POP_mx4_2D
    _  VLDB_POP_mx4_3D
    _  VLDB_POP_mx4_fifo_1d_pop
    _  VLDB_POP_mx4_normal_pop
    _  VLDB_POP_s_2D
    _  VLDB_POP_s_3D
    _  VLDB_POP_s_fifo_1d_pop
    _  VLDB_POP_s_normal_pop
    _  VLDB_UNPACK_dmw_ldb_unpack_idx_imm_unpackSign0
    _  VLDB_UNPACK_dmw_ldb_unpack_idx_imm_unpackSign1
    _  VLDB_UNPACK_dmw_ldb_unpack_idx_unpackSign0
    _  VLDB_UNPACK_dmw_ldb_unpack_idx_unpackSign1
    _  VLDB_UNPACK_dmw_ldb_unpack_pstm_nrm_imm_unpackSign0
    _  VLDB_UNPACK_dmw_ldb_unpack_pstm_nrm_imm_unpackSign1
    _  VLDB_UNPACK_dmw_ldb_unpack_pstm_nrm_unpackSign0
    _  VLDB_UNPACK_dmw_ldb_unpack_pstm_nrm_unpackSign1
    _  VLDB_UNPACK_dmx_ldb_unpack_idx_imm_unpackSign0
    _  VLDB_UNPACK_dmx_ldb_unpack_idx_imm_unpackSign1
    _  VLDB_UNPACK_dmx_ldb_unpack_idx_unpackSign0
    _  VLDB_UNPACK_dmx_ldb_unpack_idx_unpackSign1
    _  VLDB_UNPACK_dmx_ldb_unpack_pstm_nrm_imm_unpackSign0
    _  VLDB_UNPACK_dmx_ldb_unpack_pstm_nrm_imm_unpackSign1
    _  VLDB_UNPACK_dmx_ldb_unpack_pstm_nrm_unpackSign0
    _  VLDB_UNPACK_dmx_ldb_unpack_pstm_nrm_unpackSign1
    _  VLDB_dmw_ldb_idx
    _  VLDB_dmw_ldb_idx_imm
    _  VLDB_dmw_ldb_pstm_nrm
    _  VLDB_dmw_ldb_pstm_nrm_imm
    _  VLDB_dmx_ldb_x_idx
    _  VLDB_dmx_ldb_x_idx_imm
    _  VLDB_dmx_ldb_x_pstm_nrm
    _  VLDB_dmx_ldb_x_pstm_nrm_imm
    _  VUNPACK_mv_unpack_w_unpackSign0
    _  VUNPACK_mv_unpack_w_unpackSign1
    _  VUNPACK_mv_unpack_x_unpackSign0
    _  VUNPACK_mv_unpack_x_unpackSign1
Decoding Conflict:
    .
    _  ADDXM_NC_lng_cg_le_rel
    _  ADDXM_NC_lng_cg_ls_rel
    _  JL_lng
    _  JNZ
    _  JZ
    _  J_lng
    _  MOVXM_lng_cg
    _  MOVXM_lng_cg_le_abs
    _  MOVXM_lng_cg_ls_abs
    _  NOPXM
Decoding Conflict:
    .
    _  ADDM_NC_mv_add_ri
    _  ADDM_NC_mv_add_rr
    _  ADDM_NC_mv_cg_or_mv_cg_le_rel
    _  ADDM_NC_mv_cg_or_mv_cg_ls_rel
    _  MOV_alu_mv_mv_mv_cg_or
    _  MOV_alu_mv_mv_mv_cntr2l
    _  MOV_alu_mv_mv_mv_e_mv_eh_to_eh
    _  MOV_alu_mv_mv_mv_e_mv_eh_to_el
    _  MOV_alu_mv_mv_mv_e_mv_eh_to_r
    _  MOV_alu_mv_mv_mv_e_mv_el_to_eh
    _  MOV_alu_mv_mv_mv_e_mv_el_to_el
    _  MOV_alu_mv_mv_mv_e_mv_el_to_r
    _  MOV_alu_mv_mv_mv_e_mv_r_to_eh
    _  MOV_alu_mv_mv_mv_e_mv_r_to_el
    _  MOV_alu_mv_mv_mv_g_mv_gh_to_gh
    _  MOV_alu_mv_mv_mv_g_mv_gh_to_gl
    _  MOV_alu_mv_mv_mv_g_mv_gh_to_r
    _  MOV_alu_mv_mv_mv_g_mv_gl_to_gh
    _  MOV_alu_mv_mv_mv_g_mv_gl_to_gl
    _  MOV_alu_mv_mv_mv_g_mv_gl_to_r
    _  MOV_alu_mv_mv_mv_g_mv_r_to_gh
    _  MOV_alu_mv_mv_mv_g_mv_r_to_gl
    _  MOV_alu_mv_mv_mv_r_sc
    _  MOV_alu_mv_mv_mv_sc_cg
    _  MOV_alu_mv_mv_mv_sc_r
    _  MOV_alu_mv_mv_mv_scl
    _  MOV_d1
    _  MOV_d2
    _  MOV_d3
    _  MOV_d4
    _  MOV_d5
    _  MOV_d6
    _  NOPM
    _  VABS_GTZ16_vaddSign0
    _  VABS_GTZ16_vaddSign1
    _  VABS_GTZ32_vaddSign0
    _  VABS_GTZ32_vaddSign1
    _  VABS_GTZ8_vaddSign0
    _  VABS_GTZ8_vaddSign1
    _  VADDSUB_16
    _  VADDSUB_32
    _  VADDSUB_8
    _  VADD_16
    _  VADD_32
    _  VADD_8
    _  VBAND
    _  VBCSTSHFL_16_vec_broadcast_shuffle_bm
    _  VBCSTSHFL_16_vec_broadcast_shuffle_x
    _  VBCSTSHFL_32_vec_broadcast_shuffle_bm
    _  VBCSTSHFL_32_vec_broadcast_shuffle_x
    _  VBCSTSHFL_64_vec_broadcast_shuffle_bm
    _  VBCSTSHFL_64_vec_broadcast_shuffle_x
    _  VBCSTSHFL_8_vec_broadcast_shuffle_bm
    _  VBCSTSHFL_8_vec_broadcast_shuffle_x
    _  VBCST_16
    _  VBCST_32
    _  VBCST_64
    _  VBCST_8
    _  VBNEG_LTZ_s16
    _  VBNEG_LTZ_s32
    _  VBNEG_LTZ_s8
    _  VBOR
    _  VCONV_fp32_bf16_mv_mv_w_ups_bf16
    _  VCONV_fp32_bf16_mv_mv_x_ups_f16
    _  VCONV_fp32_fp16_mv
    _  VEQZ_16
    _  VEQZ_32
    _  VEQZ_8
    _  VEXP2_bf16
    _  VEXP2_fp32
    _  VEXTBCSTSHFL_128
    _  VEXTBCSTSHFL_16
    _  VEXTBCSTSHFL_32
    _  VEXTBCSTSHFL_64
    _  VEXTBCST_128_vec_extract_broadcast_imm
    _  VEXTBCST_128_vec_extract_broadcast_r
    _  VEXTBCST_16_vec_extract_broadcast_imm
    _  VEXTBCST_16_vec_extract_broadcast_r
    _  VEXTBCST_32_vec_extract_broadcast_imm
    _  VEXTBCST_32_vec_extract_broadcast_r
    _  VEXTBCST_64_vec_extract_broadcast_imm
    _  VEXTBCST_64_vec_extract_broadcast_r
    _  VEXTBCST_8_vec_extract_broadcast_imm
    _  VEXTBCST_8_vec_extract_broadcast_r
    _  VEXTRACT_16_vec_extract_imm_vaddSign0
    _  VEXTRACT_16_vec_extract_imm_vaddSign1
    _  VEXTRACT_16_vec_extract_r_vaddSign0
    _  VEXTRACT_16_vec_extract_r_vaddSign1
    _  VEXTRACT_32_vec_extract_imm_vaddSign0
    _  VEXTRACT_32_vec_extract_imm_vaddSign1
    _  VEXTRACT_32_vec_extract_r_vaddSign0
    _  VEXTRACT_32_vec_extract_r_vaddSign1
    _  VEXTRACT_64_vec_extract_imm_vaddSign0
    _  VEXTRACT_64_vec_extract_imm_vaddSign1
    _  VEXTRACT_64_vec_extract_r_vaddSign0
    _  VEXTRACT_64_vec_extract_r_vaddSign1
    _  VEXTRACT_8_vec_extract_imm_vaddSign0
    _  VEXTRACT_8_vec_extract_imm_vaddSign1
    _  VEXTRACT_8_vec_extract_r_vaddSign0
    _  VEXTRACT_8_vec_extract_r_vaddSign1
    _  VGE_16_vaddSign0
    _  VGE_16_vaddSign1
    _  VGE_32_vaddSign0
    _  VGE_32_vaddSign1
    _  VGE_8_vaddSign0
    _  VGE_8_vaddSign1
    _  VGE_bf16
    _  VGE_bf8
    _  VGE_fp16
    _  VGE_fp8
    _  VINSERT_16_mIdxImm0
    _  VINSERT_16_mR29_insert
    _  VINSERT_32_mIdxImm0
    _  VINSERT_32_mR29_insert
    _  VINSERT_64_mIdxImm0
    _  VINSERT_64_mR29_insert
    _  VINSERT_8_mIdxImm0
    _  VINSERT_8_mR29_insert
    _  VLT_16_vaddSign0
    _  VLT_16_vaddSign1
    _  VLT_32_vaddSign0
    _  VLT_32_vaddSign1
    _  VLT_8_vaddSign0
    _  VLT_8_vaddSign1
    _  VLT_bf16
    _  VLT_bf8
    _  VLT_fp16
    _  VLT_fp8
    _  VMAXDIFF_LT_16_vaddSign0
    _  VMAXDIFF_LT_16_vaddSign1
    _  VMAXDIFF_LT_32_vaddSign0
    _  VMAXDIFF_LT_32_vaddSign1
    _  VMAXDIFF_LT_8_vaddSign0
    _  VMAXDIFF_LT_8_vaddSign1
    _  VMAX_LT_16_vaddSign0
    _  VMAX_LT_16_vaddSign1
    _  VMAX_LT_32_vaddSign0
    _  VMAX_LT_32_vaddSign1
    _  VMAX_LT_8_vaddSign0
    _  VMAX_LT_8_vaddSign1
    _  VMAX_LT_bf16
    _  VMAX_LT_bf8
    _  VMAX_LT_fp16
    _  VMAX_LT_fp8
    _  VMIN_GE_16_vaddSign0
    _  VMIN_GE_16_vaddSign1
    _  VMIN_GE_32_vaddSign0
    _  VMIN_GE_32_vaddSign1
    _  VMIN_GE_8_vaddSign0
    _  VMIN_GE_8_vaddSign1
    _  VMIN_GE_bf16
    _  VMIN_GE_bf8
    _  VMIN_GE_fp16
    _  VMIN_GE_fp8
    _  VMOV_alu_mv_mv_mv_cm
    _  VMOV_alu_mv_mv_mv_ee
    _  VMOV_alu_mv_mv_mv_eg
    _  VMOV_alu_mv_mv_mv_eg2
    _  VMOV_alu_mv_mv_mv_eg2_to_w
    _  VMOV_alu_mv_mv_mv_egw
    _  VMOV_alu_mv_mv_mv_egx
    _  VMOV_alu_mv_mv_mv_f
    _  VMOV_alu_mv_mv_mv_f_to_l
    _  VMOV_alu_mv_mv_mv_few
    _  VMOV_alu_mv_mv_mv_fex
    _  VMOV_alu_mv_mv_mv_ff
    _  VMOV_alu_mv_mv_mv_gg
    _  VMOV_alu_mv_mv_mv_l_to_f
    _  VMOV_alu_mv_mv_mv_w
    _  VMOV_alu_mv_mv_mv_w_to_eg2
    _  VMOV_alu_mv_mv_mv_x
    _  VNEG_GTZ_16
    _  VNEG_GTZ_32
    _  VNEG_GTZ_8
    _  VPUSH_hi_16
    _  VPUSH_hi_32
    _  VPUSH_hi_64
    _  VPUSH_hi_8
    _  VPUSH_lo_16
    _  VPUSH_lo_32
    _  VPUSH_lo_64
    _  VPUSH_lo_8
    _  VSEL_16
    _  VSEL_32
    _  VSEL_8
    _  VSHIFT
    _  VSHIFT_ALIGN
    _  VSHUFFLE_vec_shuffle_bm
    _  VSHUFFLE_vec_shuffle_egx
    _  VSHUFFLE_vec_shuffle_fex
    _  VSHUFFLE_vec_shuffle_x
    _  VSUB_16
    _  VSUB_32
    _  VSUB_8
    _  VSUB_GE_16_vaddSign0
    _  VSUB_GE_16_vaddSign1
    _  VSUB_GE_32_vaddSign0
    _  VSUB_GE_32_vaddSign1
    _  VSUB_GE_8_vaddSign0
    _  VSUB_GE_8_vaddSign1
    _  VSUB_LT_16_vaddSign0
    _  VSUB_LT_16_vaddSign1
    _  VSUB_LT_32_vaddSign0
    _  VSUB_LT_32_vaddSign1
    _  VSUB_LT_8_vaddSign0
    _  VSUB_LT_8_vaddSign1
    _  VTANH
    _  VUPS_2x_mv_ups_w2b_upsSign0
    _  VUPS_2x_mv_ups_w2b_upsSign1
    _  VUPS_2x_mv_ups_x2c_upsSign0
    _  VUPS_2x_mv_ups_x2c_upsSign1
    _  VUPS_4x_mv_ups_w2c_upsSign0
    _  VUPS_4x_mv_ups_w2c_upsSign1
    _  VUPS_4x_mv_ups_x2d_upsSign0
    _  VUPS_4x_mv_ups_x2d_upsSign1
Decoding Conflict:
    .
    _  MOVS
    _  MOV_CPH_mMStream_tlast_imm
    _  MOV_CPH_mMStream_tlast_reg
    _  MOV_CPH_nb_mMStream_tlast_imm
    _  MOV_CPH_nb_mMStream_tlast_reg
    _  MOV_CPH_nb_tlast
    _  MOV_CPH_tlast
    _  MOV_PH_mMStream_tlast_imm
    _  MOV_PH_mMStream_tlast_reg
    _  MOV_PH_nb_mMStream_tlast_imm
    _  MOV_PH_nb_mMStream_tlast_reg
    _  MOV_PH_nb_tlast
    _  MOV_PH_tlast
    _  MOV_nb_st_mMStream_tlast_imm
    _  MOV_nb_st_mMStream_tlast_reg
    _  MOV_nb_tlast
    _  MOV_st_mMStream_tlast_imm
    _  MOV_st_mMStream_tlast_reg
    _  MOV_tlast
    _  NOPS
    _  PADDS_2D
    _  PADDS_3D
    _  PADDS_pstm_nrm
    _  PADDS_pstm_nrm_imm
    _  ST_2D_dml_sts_scalar
    _  ST_2D_dms_sts_g
    _  ST_2D_dms_sts_scalar
    _  ST_2D_dmv_sts_f
    _  ST_3D_dml_sts_scalar
    _  ST_3D_dms_sts_g
    _  ST_3D_dms_sts_scalar
    _  ST_3D_dmv_sts_f
    _  ST_TM_2D
    _  ST_TM_3D
    _  ST_TM_idx
    _  ST_TM_idx_imm
    _  ST_TM_pstm_nrm
    _  ST_TM_pstm_nrm_imm
    _  ST_dml_sts_scalar_spill
    _  ST_dml_sts_scalar_st_idx
    _  ST_dml_sts_scalar_st_idx_imm
    _  ST_dml_sts_scalar_st_pstm_nrm
    _  ST_dml_sts_scalar_st_pstm_nrm_imm
    _  ST_dms_sts_g_spill
    _  ST_dms_sts_g_st_idx
    _  ST_dms_sts_g_st_idx_imm
    _  ST_dms_sts_g_st_pstm_nrm
    _  ST_dms_sts_g_st_pstm_nrm_imm
    _  ST_dms_sts_scalar_spill
    _  ST_dms_sts_scalar_st_idx
    _  ST_dms_sts_scalar_st_idx_imm
    _  ST_dms_sts_scalar_st_pstm_nrm
    _  ST_dms_sts_scalar_st_pstm_nrm_imm
    _  ST_dmv_sts_f_spill
    _  ST_dmv_sts_f_st_idx
    _  ST_dmv_sts_f_st_idx_imm
    _  ST_dmv_sts_f_st_pstm_nrm
    _  ST_dmv_sts_f_st_pstm_nrm_imm
    _  VCONV_bf16_fp32_mv_conv_mv_w_srs_bf16
    _  VCONV_bf16_fp32_mv_conv_mv_x_srs_bf16
    _  VCONV_bf16_fp32_mv_mcd_bf16_cm
    _  VCONV_bf8_fp32
    _  VCONV_fp16_fp32_mv_mcd_fp16_cm
    _  VCONV_fp16_fp32_mv_x_srs_fp16
    _  VCONV_fp8_fp32
    _  VCONV_mx4_fp32
    _  VCONV_mx6_fp32
    _  VCONV_mx9_fp32
    _  VCONV_s32_bf16_fp32
    _  VFLOOR_s32_bf16
    _  VMOV_st_mv_mcd_bm
    _  VMOV_st_mv_mcd_x
    _  VPACK_mv_pack_w_packSign0
    _  VPACK_mv_pack_w_packSign1
    _  VPACK_mv_pack_x_packSign0
    _  VPACK_mv_pack_x_packSign1
    _  VSRS_2x_mv_w_srs_bm_srsSign0
    _  VSRS_2x_mv_w_srs_bm_srsSign1
    _  VSRS_2x_mv_x_srs_cm_srsSign0
    _  VSRS_2x_mv_x_srs_cm_srsSign1
    _  VSRS_4x_mv_w_srs_cm_srsSign0
    _  VSRS_4x_mv_w_srs_cm_srsSign1
    _  VSRS_4x_mv_x_srs_dm_srsSign0
    _  VSRS_4x_mv_x_srs_dm_srsSign1
    _  VST_128_dmv_sts_eg_spill
    _  VST_128_dmv_sts_eg_st_idx
    _  VST_128_dmv_sts_eg_st_idx_imm
    _  VST_128_dmv_sts_eg_st_pstm_nrm
    _  VST_128_dmv_sts_eg_st_pstm_nrm_imm
    _  VST_128_dmv_sts_feg_spill
    _  VST_128_dmv_sts_feg_st_idx
    _  VST_128_dmv_sts_feg_st_idx_imm
    _  VST_128_dmv_sts_feg_st_pstm_nrm
    _  VST_128_dmv_sts_feg_st_pstm_nrm_imm
    _  VST_128_dmv_sts_w_spill
    _  VST_128_dmv_sts_w_st_idx
    _  VST_128_dmv_sts_w_st_idx_imm
    _  VST_128_dmv_sts_w_st_pstm_nrm
    _  VST_128_dmv_sts_w_st_pstm_nrm_imm
    _  VST_2D_128_dmv_sts_eg
    _  VST_2D_128_dmv_sts_feg
    _  VST_2D_128_dmv_sts_w
    _  VST_2D_CONV_bf16_fp32_dmw_sts_srs_bf16
    _  VST_2D_CONV_bf16_fp32_dmx_sts_srs_bf16
    _  VST_2D_CONV_bf8_fp32
    _  VST_2D_CONV_fp16_fp32
    _  VST_2D_CONV_fp8_fp32
    _  VST_2D_PACK_dmw_sts_pack_packSign0
    _  VST_2D_PACK_dmw_sts_pack_packSign1
    _  VST_2D_PACK_dmx_sts_pack_packSign0
    _  VST_2D_PACK_dmx_sts_pack_packSign1
    _  VST_2D_SRS_2x_dm_sts_srs_cm_srsSign0
    _  VST_2D_SRS_2x_dm_sts_srs_cm_srsSign1
    _  VST_2D_SRS_2x_dmw_sts_srs_bm_srsSign0
    _  VST_2D_SRS_2x_dmw_sts_srs_bm_srsSign1
    _  VST_2D_SRS_4x_dm_sts_srs_cm_srsSign0
    _  VST_2D_SRS_4x_dm_sts_srs_cm_srsSign1
    _  VST_2D_SRS_4x_dmx_sts_srs_dm_srsSign0
    _  VST_2D_SRS_4x_dmx_sts_srs_dm_srsSign1
    _  VST_2D_dmw_sts_feg2
    _  VST_2D_dmw_sts_w
    _  VST_2D_dmx_sts_bm
    _  VST_2D_dmx_sts_x
    _  VST_3D_128_dmv_sts_eg
    _  VST_3D_128_dmv_sts_feg
    _  VST_3D_128_dmv_sts_w
    _  VST_3D_CONV_bf16_fp32_dmw_sts_srs_bf16
    _  VST_3D_CONV_bf16_fp32_dmx_sts_srs_bf16
    _  VST_3D_CONV_bf8_fp32
    _  VST_3D_CONV_fp16_fp32
    _  VST_3D_CONV_fp8_fp32
    _  VST_3D_PACK_dmw_sts_pack_packSign0
    _  VST_3D_PACK_dmw_sts_pack_packSign1
    _  VST_3D_PACK_dmx_sts_pack_packSign0
    _  VST_3D_PACK_dmx_sts_pack_packSign1
    _  VST_3D_SRS_2x_dm_sts_srs_cm_srsSign0
    _  VST_3D_SRS_2x_dm_sts_srs_cm_srsSign1
    _  VST_3D_SRS_2x_dmw_sts_srs_bm_srsSign0
    _  VST_3D_SRS_2x_dmw_sts_srs_bm_srsSign1
    _  VST_3D_SRS_4x_dm_sts_srs_cm_srsSign0
    _  VST_3D_SRS_4x_dm_sts_srs_cm_srsSign1
    _  VST_3D_SRS_4x_dmx_sts_srs_dm_srsSign0
    _  VST_3D_SRS_4x_dmx_sts_srs_dm_srsSign1
    _  VST_3D_dmw_sts_feg2
    _  VST_3D_dmw_sts_w
    _  VST_3D_dmx_sts_bm
    _  VST_3D_dmx_sts_x
    _  VST_CONV_bf16_fp32_dmw_sts_srs_bf16_idx
    _  VST_CONV_bf16_fp32_dmw_sts_srs_bf16_idx_imm
    _  VST_CONV_bf16_fp32_dmw_sts_srs_bf16_pstm_nrm
    _  VST_CONV_bf16_fp32_dmw_sts_srs_bf16_pstm_nrm_imm
    _  VST_CONV_bf16_fp32_dmx_sts_srs_bf16_idx
    _  VST_CONV_bf16_fp32_dmx_sts_srs_bf16_idx_imm
    _  VST_CONV_bf16_fp32_dmx_sts_srs_bf16_pstm_nrm
    _  VST_CONV_bf16_fp32_dmx_sts_srs_bf16_pstm_nrm_imm
    _  VST_CONV_bf8_fp32_idx
    _  VST_CONV_bf8_fp32_idx_imm
    _  VST_CONV_bf8_fp32_pstm_nrm
    _  VST_CONV_bf8_fp32_pstm_nrm_imm
    _  VST_CONV_fp16_fp32_idx
    _  VST_CONV_fp16_fp32_idx_imm
    _  VST_CONV_fp16_fp32_pstm_nrm
    _  VST_CONV_fp16_fp32_pstm_nrm_imm
    _  VST_CONV_fp8_fp32_idx
    _  VST_CONV_fp8_fp32_idx_imm
    _  VST_CONV_fp8_fp32_pstm_nrm
    _  VST_CONV_fp8_fp32_pstm_nrm_imm
    _  VST_FLUSH_2D
    _  VST_FLUSH_3D
    _  VST_FLUSH_d_2D
    _  VST_FLUSH_d_3D
    _  VST_FLUSH_d_fifo_1d_flush
    _  VST_FLUSH_d_normal_flush
    _  VST_FLUSH_fifo_1d_flush
    _  VST_FLUSH_normal_flush
    _  VST_PACK_dmw_sts_pack_idx_imm_packSign0
    _  VST_PACK_dmw_sts_pack_idx_imm_packSign1
    _  VST_PACK_dmw_sts_pack_idx_packSign0
    _  VST_PACK_dmw_sts_pack_idx_packSign1
    _  VST_PACK_dmw_sts_pack_pstm_nrm_imm_packSign0
    _  VST_PACK_dmw_sts_pack_pstm_nrm_imm_packSign1
    _  VST_PACK_dmw_sts_pack_pstm_nrm_packSign0
    _  VST_PACK_dmw_sts_pack_pstm_nrm_packSign1
    _  VST_PACK_dmx_sts_pack_idx_imm_packSign0
    _  VST_PACK_dmx_sts_pack_idx_imm_packSign1
    _  VST_PACK_dmx_sts_pack_idx_packSign0
    _  VST_PACK_dmx_sts_pack_idx_packSign1
    _  VST_PACK_dmx_sts_pack_pstm_nrm_imm_packSign0
    _  VST_PACK_dmx_sts_pack_pstm_nrm_imm_packSign1
    _  VST_PACK_dmx_sts_pack_pstm_nrm_packSign0
    _  VST_PACK_dmx_sts_pack_pstm_nrm_packSign1
    _  VST_PUSH_256
    _  VST_PUSH_256_CONV_mx4_fp32
    _  VST_PUSH_384
    _  VST_PUSH_384_CONV_mx6_fp32
    _  VST_PUSH_512_dmx_sts_fifo_bare_fex_bfp11
    _  VST_PUSH_512_dmx_sts_fifo_bare_x
    _  VST_PUSH_576
    _  VST_PUSH_576_CONV_mx9_fp32
    _  VST_PUSH_768
    _  VST_SRS_2x_dm_sts_srs_cm_idx_imm_srsSign0
    _  VST_SRS_2x_dm_sts_srs_cm_idx_imm_srsSign1
    _  VST_SRS_2x_dm_sts_srs_cm_idx_srsSign0
    _  VST_SRS_2x_dm_sts_srs_cm_idx_srsSign1
    _  VST_SRS_2x_dm_sts_srs_cm_pstm_nrm_imm_srsSign0
    _  VST_SRS_2x_dm_sts_srs_cm_pstm_nrm_imm_srsSign1
    _  VST_SRS_2x_dm_sts_srs_cm_pstm_nrm_srsSign0
    _  VST_SRS_2x_dm_sts_srs_cm_pstm_nrm_srsSign1
    _  VST_SRS_2x_dmw_sts_srs_bm_idx_imm_srsSign0
    _  VST_SRS_2x_dmw_sts_srs_bm_idx_imm_srsSign1
    _  VST_SRS_2x_dmw_sts_srs_bm_idx_srsSign0
    _  VST_SRS_2x_dmw_sts_srs_bm_idx_srsSign1
    _  VST_SRS_2x_dmw_sts_srs_bm_pstm_nrm_imm_srsSign0
    _  VST_SRS_2x_dmw_sts_srs_bm_pstm_nrm_imm_srsSign1
    _  VST_SRS_2x_dmw_sts_srs_bm_pstm_nrm_srsSign0
    _  VST_SRS_2x_dmw_sts_srs_bm_pstm_nrm_srsSign1
    _  VST_SRS_4x_dm_sts_srs_cm_idx_imm_srsSign0
    _  VST_SRS_4x_dm_sts_srs_cm_idx_imm_srsSign1
    _  VST_SRS_4x_dm_sts_srs_cm_idx_srsSign0
    _  VST_SRS_4x_dm_sts_srs_cm_idx_srsSign1
    _  VST_SRS_4x_dm_sts_srs_cm_pstm_nrm_imm_srsSign0
    _  VST_SRS_4x_dm_sts_srs_cm_pstm_nrm_imm_srsSign1
    _  VST_SRS_4x_dm_sts_srs_cm_pstm_nrm_srsSign0
    _  VST_SRS_4x_dm_sts_srs_cm_pstm_nrm_srsSign1
    _  VST_SRS_4x_dmx_sts_srs_dm_idx_imm_srsSign0
    _  VST_SRS_4x_dmx_sts_srs_dm_idx_imm_srsSign1
    _  VST_SRS_4x_dmx_sts_srs_dm_idx_srsSign0
    _  VST_SRS_4x_dmx_sts_srs_dm_idx_srsSign1
    _  VST_SRS_4x_dmx_sts_srs_dm_pstm_nrm_imm_srsSign0
    _  VST_SRS_4x_dmx_sts_srs_dm_pstm_nrm_imm_srsSign1
    _  VST_SRS_4x_dmx_sts_srs_dm_pstm_nrm_srsSign0
    _  VST_SRS_4x_dmx_sts_srs_dm_pstm_nrm_srsSign1
    _  VST_dmw_sts_feg2_spill
    _  VST_dmw_sts_feg2_st_idx
    _  VST_dmw_sts_feg2_st_idx_imm
    _  VST_dmw_sts_feg2_st_pstm_nrm
    _  VST_dmw_sts_feg2_st_pstm_nrm_imm
    _  VST_dmw_sts_w_spill
    _  VST_dmw_sts_w_st_idx
    _  VST_dmw_sts_w_st_idx_imm
    _  VST_dmw_sts_w_st_pstm_nrm
    _  VST_dmw_sts_w_st_pstm_nrm_imm
    _  VST_dmx_sts_bm_spill
    _  VST_dmx_sts_bm_st_idx
    _  VST_dmx_sts_bm_st_idx_imm
    _  VST_dmx_sts_bm_st_pstm_nrm
    _  VST_dmx_sts_bm_st_pstm_nrm_imm
    _  VST_dmx_sts_x_spill
    _  VST_dmx_sts_x_st_idx
    _  VST_dmx_sts_x_st_idx_imm
    _  VST_dmx_sts_x_st_pstm_nrm
    _  VST_dmx_sts_x_st_pstm_nrm_imm
Decoding Conflict:
    .
    _  NOPV
    _  VADDMAC_f_vaddmac_bf_half_vmul_bf_core_X_R
    _  VADDMAC_f_vaddmac_bf_half_vmul_bf_core_X_Y
    _  VADDMAC_f_vaddmac_bf_half_vmul_bf_core_Y_QY
    _  VADDMAC_f_vaddmac_bf_half_vmul_bf_half_core_X_X
    _  VADDMAC_f_vaddmac_bf_scd_add_scd_incr_vmul_bf_core_X_QY
    _  VADDMAC_f_vaddmac_bf_scd_add_scd_incr_vmul_bf_core_X_X
    _  VADDMAC_f_vaddmac_bf_scd_add_scd_incr_vmul_bf_core_Y_R
    _  VADDMAC_f_vaddmac_bf_scd_add_scd_incr_vmul_bf_core_Y_Y
    _  VADDMAC_f_vaddmac_bf_scd_add_scd_noincr_vmul_bf_core_X_QY
    _  VADDMAC_f_vaddmac_bf_scd_add_scd_noincr_vmul_bf_core_X_X
    _  VADDMAC_f_vaddmac_bf_scd_add_scd_noincr_vmul_bf_core_Y_R
    _  VADDMAC_f_vaddmac_bf_scd_add_scd_noincr_vmul_bf_core_Y_Y
    _  VADDMAC_f_vaddmac_bf_scd_half_add_scd_incr_half_vmul_bf_core_X_R
    _  VADDMAC_f_vaddmac_bf_scd_half_add_scd_incr_half_vmul_bf_core_X_Y
    _  VADDMAC_f_vaddmac_bf_scd_half_add_scd_incr_half_vmul_bf_core_Y_QY
    _  VADDMAC_f_vaddmac_bf_scd_half_add_scd_incr_half_vmul_bf_half_core_X_X
    _  VADDMAC_f_vaddmac_bf_scd_half_add_scd_noincr_half_vmul_bf_core_X_R
    _  VADDMAC_f_vaddmac_bf_scd_half_add_scd_noincr_half_vmul_bf_core_X_Y
    _  VADDMAC_f_vaddmac_bf_scd_half_add_scd_noincr_half_vmul_bf_core_Y_QY
    _  VADDMAC_f_vaddmac_bf_scd_half_add_scd_noincr_half_vmul_bf_half_core_X_X
    _  VADDMAC_f_vaddmac_bf_vmul_bf_core_X_QY
    _  VADDMAC_f_vaddmac_bf_vmul_bf_core_X_X
    _  VADDMAC_f_vaddmac_bf_vmul_bf_core_Y_R
    _  VADDMAC_f_vaddmac_bf_vmul_bf_core_Y_Y
    _  VADDMAC_f_vaddmac_bfp13
    _  VADDMAC_f_vaddmac_bfp13_scd_add_scd_incr
    _  VADDMAC_f_vaddmac_bfp13_scd_add_scd_noincr
    _  VADDMAC_f_vaddmac_bfp16
    _  VADDMAC_f_vaddmac_bfp16_scd_add_scd_incr
    _  VADDMAC_f_vaddmac_bfp16_scd_add_scd_noincr
    _  VADDMAC_vaddmac_half_vmul_cm_half_core_X_QX
    _  VADDMAC_vaddmac_half_vmul_cm_half_core_X_R
    _  VADDMAC_vaddmac_half_vmul_cm_half_core_X_X
    _  VADDMAC_vaddmac_scd_add_scd_incr_vmul_cm_core_X_QX
    _  VADDMAC_vaddmac_scd_add_scd_incr_vmul_cm_core_X_QY
    _  VADDMAC_vaddmac_scd_add_scd_incr_vmul_cm_core_X_R
    _  VADDMAC_vaddmac_scd_add_scd_incr_vmul_cm_core_X_X
    _  VADDMAC_vaddmac_scd_add_scd_incr_vmul_cm_core_X_Y
    _  VADDMAC_vaddmac_scd_add_scd_incr_vmul_cm_core_Y_QX
    _  VADDMAC_vaddmac_scd_add_scd_incr_vmul_cm_core_Y_R
    _  VADDMAC_vaddmac_scd_add_scd_incr_vmul_cm_core_Y_X
    _  VADDMAC_vaddmac_scd_add_scd_incr_vmul_cm_core_Y_Y
    _  VADDMAC_vaddmac_scd_add_scd_noincr_vmul_cm_core_X_QX
    _  VADDMAC_vaddmac_scd_add_scd_noincr_vmul_cm_core_X_QY
    _  VADDMAC_vaddmac_scd_add_scd_noincr_vmul_cm_core_X_R
    _  VADDMAC_vaddmac_scd_add_scd_noincr_vmul_cm_core_X_X
    _  VADDMAC_vaddmac_scd_add_scd_noincr_vmul_cm_core_X_Y
    _  VADDMAC_vaddmac_scd_add_scd_noincr_vmul_cm_core_Y_QX
    _  VADDMAC_vaddmac_scd_add_scd_noincr_vmul_cm_core_Y_R
    _  VADDMAC_vaddmac_scd_add_scd_noincr_vmul_cm_core_Y_X
    _  VADDMAC_vaddmac_scd_add_scd_noincr_vmul_cm_core_Y_Y
    _  VADDMAC_vaddmac_scd_half_add_scd_incr_half_vmul_cm_half_core_X_QX
    _  VADDMAC_vaddmac_scd_half_add_scd_incr_half_vmul_cm_half_core_X_R
    _  VADDMAC_vaddmac_scd_half_add_scd_incr_half_vmul_cm_half_core_X_X
    _  VADDMAC_vaddmac_scd_half_add_scd_noincr_half_vmul_cm_half_core_X_QX
    _  VADDMAC_vaddmac_scd_half_add_scd_noincr_half_vmul_cm_half_core_X_R
    _  VADDMAC_vaddmac_scd_half_add_scd_noincr_half_vmul_cm_half_core_X_X
    _  VADDMAC_vaddmac_vmul_cm_core_X_QX
    _  VADDMAC_vaddmac_vmul_cm_core_X_QY
    _  VADDMAC_vaddmac_vmul_cm_core_X_R
    _  VADDMAC_vaddmac_vmul_cm_core_X_X
    _  VADDMAC_vaddmac_vmul_cm_core_X_Y
    _  VADDMAC_vaddmac_vmul_cm_core_Y_QX
    _  VADDMAC_vaddmac_vmul_cm_core_Y_R
    _  VADDMAC_vaddmac_vmul_cm_core_Y_X
    _  VADDMAC_vaddmac_vmul_cm_core_Y_Y
    _  VADDMSC_f_vaddmac_bf_half_vmul_bf_core_X_R
    _  VADDMSC_f_vaddmac_bf_half_vmul_bf_core_X_Y
    _  VADDMSC_f_vaddmac_bf_half_vmul_bf_core_Y_QY
    _  VADDMSC_f_vaddmac_bf_half_vmul_bf_half_core_X_X
    _  VADDMSC_f_vaddmac_bf_scd_add_scd_incr_vmul_bf_core_X_QY
    _  VADDMSC_f_vaddmac_bf_scd_add_scd_incr_vmul_bf_core_X_X
    _  VADDMSC_f_vaddmac_bf_scd_add_scd_incr_vmul_bf_core_Y_R
    _  VADDMSC_f_vaddmac_bf_scd_add_scd_incr_vmul_bf_core_Y_Y
    _  VADDMSC_f_vaddmac_bf_scd_add_scd_noincr_vmul_bf_core_X_QY
    _  VADDMSC_f_vaddmac_bf_scd_add_scd_noincr_vmul_bf_core_X_X
    _  VADDMSC_f_vaddmac_bf_scd_add_scd_noincr_vmul_bf_core_Y_R
    _  VADDMSC_f_vaddmac_bf_scd_add_scd_noincr_vmul_bf_core_Y_Y
    _  VADDMSC_f_vaddmac_bf_scd_half_add_scd_incr_half_vmul_bf_core_X_R
    _  VADDMSC_f_vaddmac_bf_scd_half_add_scd_incr_half_vmul_bf_core_X_Y
    _  VADDMSC_f_vaddmac_bf_scd_half_add_scd_incr_half_vmul_bf_core_Y_QY
    _  VADDMSC_f_vaddmac_bf_scd_half_add_scd_incr_half_vmul_bf_half_core_X_X
    _  VADDMSC_f_vaddmac_bf_scd_half_add_scd_noincr_half_vmul_bf_core_X_R
    _  VADDMSC_f_vaddmac_bf_scd_half_add_scd_noincr_half_vmul_bf_core_X_Y
    _  VADDMSC_f_vaddmac_bf_scd_half_add_scd_noincr_half_vmul_bf_core_Y_QY
    _  VADDMSC_f_vaddmac_bf_scd_half_add_scd_noincr_half_vmul_bf_half_core_X_X
    _  VADDMSC_f_vaddmac_bf_vmul_bf_core_X_QY
    _  VADDMSC_f_vaddmac_bf_vmul_bf_core_X_X
    _  VADDMSC_f_vaddmac_bf_vmul_bf_core_Y_R
    _  VADDMSC_f_vaddmac_bf_vmul_bf_core_Y_Y
    _  VADDMSC_f_vaddmac_bfp13
    _  VADDMSC_f_vaddmac_bfp13_scd_add_scd_incr
    _  VADDMSC_f_vaddmac_bfp13_scd_add_scd_noincr
    _  VADDMSC_f_vaddmac_bfp16
    _  VADDMSC_f_vaddmac_bfp16_scd_add_scd_incr
    _  VADDMSC_f_vaddmac_bfp16_scd_add_scd_noincr
    _  VADDMSC_vaddmac_half_vmul_cm_half_core_X_QX
    _  VADDMSC_vaddmac_half_vmul_cm_half_core_X_R
    _  VADDMSC_vaddmac_half_vmul_cm_half_core_X_X
    _  VADDMSC_vaddmac_scd_add_scd_incr_vmul_cm_core_X_QX
    _  VADDMSC_vaddmac_scd_add_scd_incr_vmul_cm_core_X_QY
    _  VADDMSC_vaddmac_scd_add_scd_incr_vmul_cm_core_X_R
    _  VADDMSC_vaddmac_scd_add_scd_incr_vmul_cm_core_X_X
    _  VADDMSC_vaddmac_scd_add_scd_incr_vmul_cm_core_X_Y
    _  VADDMSC_vaddmac_scd_add_scd_incr_vmul_cm_core_Y_QX
    _  VADDMSC_vaddmac_scd_add_scd_incr_vmul_cm_core_Y_R
    _  VADDMSC_vaddmac_scd_add_scd_incr_vmul_cm_core_Y_X
    _  VADDMSC_vaddmac_scd_add_scd_incr_vmul_cm_core_Y_Y
    _  VADDMSC_vaddmac_scd_add_scd_noincr_vmul_cm_core_X_QX
    _  VADDMSC_vaddmac_scd_add_scd_noincr_vmul_cm_core_X_QY
    _  VADDMSC_vaddmac_scd_add_scd_noincr_vmul_cm_core_X_R
    _  VADDMSC_vaddmac_scd_add_scd_noincr_vmul_cm_core_X_X
    _  VADDMSC_vaddmac_scd_add_scd_noincr_vmul_cm_core_X_Y
    _  VADDMSC_vaddmac_scd_add_scd_noincr_vmul_cm_core_Y_QX
    _  VADDMSC_vaddmac_scd_add_scd_noincr_vmul_cm_core_Y_R
    _  VADDMSC_vaddmac_scd_add_scd_noincr_vmul_cm_core_Y_X
    _  VADDMSC_vaddmac_scd_add_scd_noincr_vmul_cm_core_Y_Y
    _  VADDMSC_vaddmac_scd_half_add_scd_incr_half_vmul_cm_half_core_X_QX
    _  VADDMSC_vaddmac_scd_half_add_scd_incr_half_vmul_cm_half_core_X_R
    _  VADDMSC_vaddmac_scd_half_add_scd_incr_half_vmul_cm_half_core_X_X
    _  VADDMSC_vaddmac_scd_half_add_scd_noincr_half_vmul_cm_half_core_X_QX
    _  VADDMSC_vaddmac_scd_half_add_scd_noincr_half_vmul_cm_half_core_X_R
    _  VADDMSC_vaddmac_scd_half_add_scd_noincr_half_vmul_cm_half_core_X_X
    _  VADDMSC_vaddmac_vmul_cm_core_X_QX
    _  VADDMSC_vaddmac_vmul_cm_core_X_QY
    _  VADDMSC_vaddmac_vmul_cm_core_X_R
    _  VADDMSC_vaddmac_vmul_cm_core_X_X
    _  VADDMSC_vaddmac_vmul_cm_core_X_Y
    _  VADDMSC_vaddmac_vmul_cm_core_Y_QX
    _  VADDMSC_vaddmac_vmul_cm_core_Y_R
    _  VADDMSC_vaddmac_vmul_cm_core_Y_X
    _  VADDMSC_vaddmac_vmul_cm_core_Y_Y
    _  VADD_f_vacc_fp
    _  VADD_f_vacc_fp_scd_add_scd_incr
    _  VADD_f_vacc_fp_scd_add_scd_noincr
    _  VADD_f_vacc_half_fp
    _  VADD_f_vacc_half_fp_scd_add_scd_incr_half
    _  VADD_f_vacc_half_fp_scd_add_scd_noincr_half
    _  VADD_mx6_vacc_fp_bfp13
    _  VADD_mx6_vacc_fp_bfp13_scd_add_scd_incr
    _  VADD_mx6_vacc_fp_bfp13_scd_add_scd_noincr
    _  VADD_mx6_vacc_half_fp_bfp13
    _  VADD_mx6_vacc_half_fp_bfp13_scd_add_scd_incr_half
    _  VADD_mx6_vacc_half_fp_bfp13_scd_add_scd_noincr_half
    _  VADD_vacc
    _  VADD_vacc_half
    _  VADD_vacc_scd_add_scd_incr
    _  VADD_vacc_scd_add_scd_noincr
    _  VADD_vacc_scd_half_add_scd_incr_half
    _  VADD_vacc_scd_half_add_scd_noincr_half
    _  VCLR_f_vclr_fp
    _  VCLR_f_vclr_half_fp
    _  VCLR_vclr
    _  VCLR_vclr_half
    _  VMAC_f_vmac_bf_half_vmul_bf_core_X_R
    _  VMAC_f_vmac_bf_half_vmul_bf_core_X_Y
    _  VMAC_f_vmac_bf_half_vmul_bf_core_Y_QY
    _  VMAC_f_vmac_bf_half_vmul_bf_half_core_X_X
    _  VMAC_f_vmac_bf_vmul_bf_core_X_QY
    _  VMAC_f_vmac_bf_vmul_bf_core_X_X
    _  VMAC_f_vmac_bf_vmul_bf_core_Y_R
    _  VMAC_f_vmac_bf_vmul_bf_core_Y_Y
    _  VMAC_f_vmac_bfp13
    _  VMAC_f_vmac_bfp16
    _  VMAC_vmac_half_vmul_cm_half_core_X_QX
    _  VMAC_vmac_half_vmul_cm_half_core_X_R
    _  VMAC_vmac_half_vmul_cm_half_core_X_X
    _  VMAC_vmac_vmul_cm_core_X_QX
    _  VMAC_vmac_vmul_cm_core_X_QY
    _  VMAC_vmac_vmul_cm_core_X_R
    _  VMAC_vmac_vmul_cm_core_X_X
    _  VMAC_vmac_vmul_cm_core_X_Y
    _  VMAC_vmac_vmul_cm_core_Y_QX
    _  VMAC_vmac_vmul_cm_core_Y_R
    _  VMAC_vmac_vmul_cm_core_Y_X
    _  VMAC_vmac_vmul_cm_core_Y_Y
    _  VMOV_D_vmov
    _  VMOV_D_vmov_half
    _  VMSC_f_vmac_bf_half_vmul_bf_core_X_R
    _  VMSC_f_vmac_bf_half_vmul_bf_core_X_Y
    _  VMSC_f_vmac_bf_half_vmul_bf_core_Y_QY
    _  VMSC_f_vmac_bf_half_vmul_bf_half_core_X_X
    _  VMSC_f_vmac_bf_vmul_bf_core_X_QY
    _  VMSC_f_vmac_bf_vmul_bf_core_X_X
    _  VMSC_f_vmac_bf_vmul_bf_core_Y_R
    _  VMSC_f_vmac_bf_vmul_bf_core_Y_Y
    _  VMSC_f_vmac_bfp13
    _  VMSC_f_vmac_bfp16
    _  VMSC_vmac_half_vmul_cm_half_core_X_QX
    _  VMSC_vmac_half_vmul_cm_half_core_X_R
    _  VMSC_vmac_half_vmul_cm_half_core_X_X
    _  VMSC_vmac_vmul_cm_core_X_QX
    _  VMSC_vmac_vmul_cm_core_X_QY
    _  VMSC_vmac_vmul_cm_core_X_R
    _  VMSC_vmac_vmul_cm_core_X_X
    _  VMSC_vmac_vmul_cm_core_X_Y
    _  VMSC_vmac_vmul_cm_core_Y_QX
    _  VMSC_vmac_vmul_cm_core_Y_R
    _  VMSC_vmac_vmul_cm_core_Y_X
    _  VMSC_vmac_vmul_cm_core_Y_Y
    _  VMUL_f_vmul_bf_half_vmul_bf_core_X_R
    _  VMUL_f_vmul_bf_half_vmul_bf_core_X_Y
    _  VMUL_f_vmul_bf_half_vmul_bf_core_Y_QY
    _  VMUL_f_vmul_bf_half_vmul_bf_half_core_X_X
    _  VMUL_f_vmul_bf_vmul_bf_core_X_QY
    _  VMUL_f_vmul_bf_vmul_bf_core_X_X
    _  VMUL_f_vmul_bf_vmul_bf_core_Y_R
    _  VMUL_f_vmul_bf_vmul_bf_core_Y_Y
    _  VMUL_f_vmul_bfp13
    _  VMUL_f_vmul_bfp16
    _  VMUL_vmul_half_vmul_cm_half_core_X_QX
    _  VMUL_vmul_half_vmul_cm_half_core_X_R
    _  VMUL_vmul_half_vmul_cm_half_core_X_X
    _  VMUL_vmul_vmul_cm_core_X_QX
    _  VMUL_vmul_vmul_cm_core_X_QY
    _  VMUL_vmul_vmul_cm_core_X_R
    _  VMUL_vmul_vmul_cm_core_X_X
    _  VMUL_vmul_vmul_cm_core_X_Y
    _  VMUL_vmul_vmul_cm_core_Y_QX
    _  VMUL_vmul_vmul_cm_core_Y_R
    _  VMUL_vmul_vmul_cm_core_Y_X
    _  VMUL_vmul_vmul_cm_core_Y_Y
    _  VNEGMUL_f_vmul_bf_half_vmul_bf_core_X_R
    _  VNEGMUL_f_vmul_bf_half_vmul_bf_core_X_Y
    _  VNEGMUL_f_vmul_bf_half_vmul_bf_core_Y_QY
    _  VNEGMUL_f_vmul_bf_half_vmul_bf_half_core_X_X
    _  VNEGMUL_f_vmul_bf_vmul_bf_core_X_QY
    _  VNEGMUL_f_vmul_bf_vmul_bf_core_X_X
    _  VNEGMUL_f_vmul_bf_vmul_bf_core_Y_R
    _  VNEGMUL_f_vmul_bf_vmul_bf_core_Y_Y
    _  VNEGMUL_f_vmul_bfp13
    _  VNEGMUL_f_vmul_bfp16
    _  VNEGMUL_vmul_half_vmul_cm_half_core_X_QX
    _  VNEGMUL_vmul_half_vmul_cm_half_core_X_R
    _  VNEGMUL_vmul_half_vmul_cm_half_core_X_X
    _  VNEGMUL_vmul_vmul_cm_core_X_QX
    _  VNEGMUL_vmul_vmul_cm_core_X_QY
    _  VNEGMUL_vmul_vmul_cm_core_X_R
    _  VNEGMUL_vmul_vmul_cm_core_X_X
    _  VNEGMUL_vmul_vmul_cm_core_X_Y
    _  VNEGMUL_vmul_vmul_cm_core_Y_QX
    _  VNEGMUL_vmul_vmul_cm_core_Y_R
    _  VNEGMUL_vmul_vmul_cm_core_Y_X
    _  VNEGMUL_vmul_vmul_cm_core_Y_Y
    _  VNEG_f_vneg_fp
    _  VNEG_f_vneg_half_fp
    _  VNEG_mx6_vneg_fp_bfp13
    _  VNEG_mx6_vneg_half_fp_bfp13
    _  VNEG_vneg
    _  VNEG_vneg_half
    _  VSUB_f_vacc_fp
    _  VSUB_f_vacc_fp_scd_add_scd_incr
    _  VSUB_f_vacc_fp_scd_add_scd_noincr
    _  VSUB_f_vacc_half_fp
    _  VSUB_f_vacc_half_fp_scd_add_scd_incr_half
    _  VSUB_f_vacc_half_fp_scd_add_scd_noincr_half
    _  VSUB_mx6_vacc_fp_bfp13
    _  VSUB_mx6_vacc_fp_bfp13_scd_add_scd_incr
    _  VSUB_mx6_vacc_fp_bfp13_scd_add_scd_noincr
    _  VSUB_mx6_vacc_half_fp_bfp13
    _  VSUB_mx6_vacc_half_fp_bfp13_scd_add_scd_incr_half
    _  VSUB_mx6_vacc_half_fp_bfp13_scd_add_scd_noincr_half
    _  VSUB_vacc
    _  VSUB_vacc_half
    _  VSUB_vacc_scd_add_scd_incr
    _  VSUB_vacc_scd_add_scd_noincr
    _  VSUB_vacc_scd_half_add_scd_incr_half
    _  VSUB_vacc_scd_half_add_scd_noincr_half
warning: Decoding conflict encountered
[34/238] Building AIE2PGenVarInstructionItin.inc...
[35/238] Building AIE2PGenInstrInfo.inc...
[36/238] Building AIE2PSGenAsmWriter.inc...
[37/238] Building AIE2PSGenPostLegalizerGIFinalCombiner.inc...
[38/238] Building AIE2PSGenMCCodeEmitter.inc...
[39/238] Building AIE2PGenRegisterBank.inc...
[40/238] Building AIE2PSGenCallingConv.inc...
[41/238] Building AIE2PSGenFormats.inc...
[42/238] Building AIE2PSGenPreLegalizerGICombiner.inc...
[43/238] Building AIE2PGenSubtargetInfo.inc...
[44/238] Building AIE2PSGenPostLegalizerGIGenericCombiner.inc...
[45/238] Building AIE2PSGenPreSchedLowering.inc...
[46/238] Building AIE2PSGenSplitInstrTables.inc...
[47/238] Building AIE2PSGenPostLegalizerGICustomCombiner.inc...
[48/238] Building AIEGenCallingConv.inc...
[49/238] Building AIE2PSGenAsmMatcher.inc...
[50/238] Building AIEGenDisassemblerTables.inc...
[51/238] Building AIE2PSGenSubtargetInfo.inc...
[52/238] Building AIE2PSGenGlobalISel.inc...
Included from /home/jtuyls/iree-ai/llvm-aie-port/amd/aie/llvm/lib/Target/AIE/AIE2PS.td:35:
Included from /home/jtuyls/iree-ai/llvm-aie-port/amd/aie/llvm/lib/Target/AIE/aie2ps/AIE2PSInstrInfo.td:444:
/home/jtuyls/iree-ai/llvm-aie-port/amd/aie/llvm/lib/Target/AIE/aie2ps/AIE2PSInstrPatterns.td:1357:1: warning: Skipped pattern: unsupported type for Src operand (SETLT:{ *:[Other] })
def : Pat<(v64i1 (aie_setlt (v64i8 VEC512:$rs1), (v64i8 VEC512:$rs2))),
^
Included from /home/jtuyls/iree-ai/llvm-aie-port/amd/aie/llvm/lib/Target/AIE/AIE2PS.td:35:
Included from /home/jtuyls/iree-ai/llvm-aie-port/amd/aie/llvm/lib/Target/AIE/aie2ps/AIE2PSInstrInfo.td:444:
/home/jtuyls/iree-ai/llvm-aie-port/amd/aie/llvm/lib/Target/AIE/aie2ps/AIE2PSInstrPatterns.td:1359:1: warning: Skipped pattern: unsupported type for Src operand (SETLT:{ *:[Other] })
def : Pat<(v32i1 (aie_setlt (v32i16 VEC512:$rs1), (v32i16 VEC512:$rs2))),
^
Included from /home/jtuyls/iree-ai/llvm-aie-port/amd/aie/llvm/lib/Target/AIE/AIE2PS.td:35:
Included from /home/jtuyls/iree-ai/llvm-aie-port/amd/aie/llvm/lib/Target/AIE/aie2ps/AIE2PSInstrInfo.td:444:
/home/jtuyls/iree-ai/llvm-aie-port/amd/aie/llvm/lib/Target/AIE/aie2ps/AIE2PSInstrPatterns.td:1361:1: warning: Skipped pattern: unsupported type for Src operand (SETLT:{ *:[Other] })
def : Pat<(v32i1 (aie_setlt (v16i32 VEC512:$rs1), (v16i32 VEC512:$rs2))),
^
Included from /home/jtuyls/iree-ai/llvm-aie-port/amd/aie/llvm/lib/Target/AIE/AIE2PS.td:35:
Included from /home/jtuyls/iree-ai/llvm-aie-port/amd/aie/llvm/lib/Target/AIE/aie2ps/AIE2PSInstrInfo.td:444:
/home/jtuyls/iree-ai/llvm-aie-port/amd/aie/llvm/lib/Target/AIE/aie2ps/AIE2PSInstrPatterns.td:1364:1: warning: Skipped pattern: unsupported type for Src operand (SETULT:{ *:[Other] })
def : Pat<(v64i1 (aie_setult (v64i8 VEC512:$rs1), (v64i8 VEC512:$rs2))),
^
Included from /home/jtuyls/iree-ai/llvm-aie-port/amd/aie/llvm/lib/Target/AIE/AIE2PS.td:35:
Included from /home/jtuyls/iree-ai/llvm-aie-port/amd/aie/llvm/lib/Target/AIE/aie2ps/AIE2PSInstrInfo.td:444:
/home/jtuyls/iree-ai/llvm-aie-port/amd/aie/llvm/lib/Target/AIE/aie2ps/AIE2PSInstrPatterns.td:1366:1: warning: Skipped pattern: unsupported type for Src operand (SETULT:{ *:[Other] })
def : Pat<(v32i1 (aie_setult (v32i16 VEC512:$rs1), (v32i16 VEC512:$rs2))),
^
Included from /home/jtuyls/iree-ai/llvm-aie-port/amd/aie/llvm/lib/Target/AIE/AIE2PS.td:35:
Included from /home/jtuyls/iree-ai/llvm-aie-port/amd/aie/llvm/lib/Target/AIE/aie2ps/AIE2PSInstrInfo.td:444:
/home/jtuyls/iree-ai/llvm-aie-port/amd/aie/llvm/lib/Target/AIE/aie2ps/AIE2PSInstrPatterns.td:1368:1: warning: Skipped pattern: unsupported type for Src operand (SETULT:{ *:[Other] })
def : Pat<(v32i1 (aie_setult (v16i32 VEC512:$rs1), (v16i32 VEC512:$rs2))),
^
Included from /home/jtuyls/iree-ai/llvm-aie-port/amd/aie/llvm/lib/Target/AIE/AIE2PS.td:35:
Included from /home/jtuyls/iree-ai/llvm-aie-port/amd/aie/llvm/lib/Target/AIE/aie2ps/AIE2PSInstrInfo.td:444:
/home/jtuyls/iree-ai/llvm-aie-port/amd/aie/llvm/lib/Target/AIE/aie2ps/AIE2PSInstrPatterns.td:1372:1: warning: Skipped pattern: unsupported type for Src operand (SETLE:{ *:[Other] })
def : Pat<(v64i1 (aie_setle (v64i8 VEC512:$rs1), (v64i8 VEC512:$rs2))),
^
Included from /home/jtuyls/iree-ai/llvm-aie-port/amd/aie/llvm/lib/Target/AIE/AIE2PS.td:35:
Included from /home/jtuyls/iree-ai/llvm-aie-port/amd/aie/llvm/lib/Target/AIE/aie2ps/AIE2PSInstrInfo.td:444:
/home/jtuyls/iree-ai/llvm-aie-port/amd/aie/llvm/lib/Target/AIE/aie2ps/AIE2PSInstrPatterns.td:1381:1: warning: Skipped pattern: unsupported type for Src operand (SETLE:{ *:[Other] })
def : Pat<(v32i1 (aie_setle (v32i16 VEC512:$rs1), (v32i16 VEC512:$rs2))),
^
Included from /home/jtuyls/iree-ai/llvm-aie-port/amd/aie/llvm/lib/Target/AIE/AIE2PS.td:35:
Included from /home/jtuyls/iree-ai/llvm-aie-port/amd/aie/llvm/lib/Target/AIE/aie2ps/AIE2PSInstrInfo.td:444:
/home/jtuyls/iree-ai/llvm-aie-port/amd/aie/llvm/lib/Target/AIE/aie2ps/AIE2PSInstrPatterns.td:1386:1: warning: Skipped pattern: unsupported type for Src operand (SETLE:{ *:[Other] })
def : Pat<(v32i1 (aie_setle (v16i32 VEC512:$rs1), (v16i32 VEC512:$rs2))),
^
Included from /home/jtuyls/iree-ai/llvm-aie-port/amd/aie/llvm/lib/Target/AIE/AIE2PS.td:35:
Included from /home/jtuyls/iree-ai/llvm-aie-port/amd/aie/llvm/lib/Target/AIE/aie2ps/AIE2PSInstrInfo.td:444:
/home/jtuyls/iree-ai/llvm-aie-port/amd/aie/llvm/lib/Target/AIE/aie2ps/AIE2PSInstrPatterns.td:1391:1: warning: Skipped pattern: unsupported type for Src operand (SETULE:{ *:[Other] })
def : Pat<(v64i1 (aie_setule (v64i8 VEC512:$rs1), (v64i8 VEC512:$rs2))),
^
Included from /home/jtuyls/iree-ai/llvm-aie-port/amd/aie/llvm/lib/Target/AIE/AIE2PS.td:35:
Included from /home/jtuyls/iree-ai/llvm-aie-port/amd/aie/llvm/lib/Target/AIE/aie2ps/AIE2PSInstrInfo.td:444:
/home/jtuyls/iree-ai/llvm-aie-port/amd/aie/llvm/lib/Target/AIE/aie2ps/AIE2PSInstrPatterns.td:1400:1: warning: Skipped pattern: unsupported type for Src operand (SETULE:{ *:[Other] })
def : Pat<(v32i1 (aie_setule (v32i16 VEC512:$rs1), (v32i16 VEC512:$rs2))),
^
Included from /home/jtuyls/iree-ai/llvm-aie-port/amd/aie/llvm/lib/Target/AIE/AIE2PS.td:35:
Included from /home/jtuyls/iree-ai/llvm-aie-port/amd/aie/llvm/lib/Target/AIE/aie2ps/AIE2PSInstrInfo.td:444:
/home/jtuyls/iree-ai/llvm-aie-port/amd/aie/llvm/lib/Target/AIE/aie2ps/AIE2PSInstrPatterns.td:1405:1: warning: Skipped pattern: unsupported type for Src operand (SETULE:{ *:[Other] })
def : Pat<(v32i1 (aie_setule (v16i32 VEC512:$rs1), (v16i32 VEC512:$rs2))),
^
Included from /home/jtuyls/iree-ai/llvm-aie-port/amd/aie/llvm/lib/Target/AIE/AIE2PS.td:35:
Included from /home/jtuyls/iree-ai/llvm-aie-port/amd/aie/llvm/lib/Target/AIE/aie2ps/AIE2PSInstrInfo.td:444:
/home/jtuyls/iree-ai/llvm-aie-port/amd/aie/llvm/lib/Target/AIE/aie2ps/AIE2PSInstrPatterns.td:1411:1: warning: Skipped pattern: unsupported type for Src operand (SETGE:{ *:[Other] })
def  : Pat<(v64i1 (aie_setge (v64i8 VEC512:$rs1), (v64i8 VEC512:$rs2))),
^
Included from /home/jtuyls/iree-ai/llvm-aie-port/amd/aie/llvm/lib/Target/AIE/AIE2PS.td:35:
Included from /home/jtuyls/iree-ai/llvm-aie-port/amd/aie/llvm/lib/Target/AIE/aie2ps/AIE2PSInstrInfo.td:444:
/home/jtuyls/iree-ai/llvm-aie-port/amd/aie/llvm/lib/Target/AIE/aie2ps/AIE2PSInstrPatterns.td:1413:1: warning: Skipped pattern: unsupported type for Src operand (SETGE:{ *:[Other] })
def  : Pat<(v32i1 (aie_setge (v32i16 VEC512:$rs1), (v32i16 VEC512:$rs2))),
^
Included from /home/jtuyls/iree-ai/llvm-aie-port/amd/aie/llvm/lib/Target/AIE/AIE2PS.td:35:
Included from /home/jtuyls/iree-ai/llvm-aie-port/amd/aie/llvm/lib/Target/AIE/aie2ps/AIE2PSInstrInfo.td:444:
/home/jtuyls/iree-ai/llvm-aie-port/amd/aie/llvm/lib/Target/AIE/aie2ps/AIE2PSInstrPatterns.td:1415:1: warning: Skipped pattern: unsupported type for Src operand (SETGE:{ *:[Other] })
def  : Pat<(v32i1 (aie_setge (v16i32 VEC512:$rs1), (v16i32 VEC512:$rs2))),
^
Included from /home/jtuyls/iree-ai/llvm-aie-port/amd/aie/llvm/lib/Target/AIE/AIE2PS.td:35:
Included from /home/jtuyls/iree-ai/llvm-aie-port/amd/aie/llvm/lib/Target/AIE/aie2ps/AIE2PSInstrInfo.td:444:
/home/jtuyls/iree-ai/llvm-aie-port/amd/aie/llvm/lib/Target/AIE/aie2ps/AIE2PSInstrPatterns.td:1418:1: warning: Skipped pattern: unsupported type for Src operand (SETUGE:{ *:[Other] })
def  : Pat<(v64i1 (aie_setuge (v64i8 VEC512:$rs1), (v64i8 VEC512:$rs2))),
^
Included from /home/jtuyls/iree-ai/llvm-aie-port/amd/aie/llvm/lib/Target/AIE/AIE2PS.td:35:
Included from /home/jtuyls/iree-ai/llvm-aie-port/amd/aie/llvm/lib/Target/AIE/aie2ps/AIE2PSInstrInfo.td:444:
/home/jtuyls/iree-ai/llvm-aie-port/amd/aie/llvm/lib/Target/AIE/aie2ps/AIE2PSInstrPatterns.td:1420:1: warning: Skipped pattern: unsupported type for Src operand (SETUGE:{ *:[Other] })
def  : Pat<(v32i1 (aie_setuge (v32i16 VEC512:$rs1), (v32i16 VEC512:$rs2))),
^
Included from /home/jtuyls/iree-ai/llvm-aie-port/amd/aie/llvm/lib/Target/AIE/AIE2PS.td:35:
Included from /home/jtuyls/iree-ai/llvm-aie-port/amd/aie/llvm/lib/Target/AIE/aie2ps/AIE2PSInstrInfo.td:444:
/home/jtuyls/iree-ai/llvm-aie-port/amd/aie/llvm/lib/Target/AIE/aie2ps/AIE2PSInstrPatterns.td:1422:1: warning: Skipped pattern: unsupported type for Src operand (SETUGE:{ *:[Other] })
def  : Pat<(v32i1 (aie_setuge (v16i32 VEC512:$rs1), (v16i32 VEC512:$rs2))),
^
Included from /home/jtuyls/iree-ai/llvm-aie-port/amd/aie/llvm/lib/Target/AIE/AIE2PS.td:35:
Included from /home/jtuyls/iree-ai/llvm-aie-port/amd/aie/llvm/lib/Target/AIE/aie2ps/AIE2PSInstrInfo.td:444:
/home/jtuyls/iree-ai/llvm-aie-port/amd/aie/llvm/lib/Target/AIE/aie2ps/AIE2PSInstrPatterns.td:1426:1: warning: Skipped pattern: unsupported type for Src operand (SETGT:{ *:[Other] })
def  : Pat<(v64i1 (aie_setgt (v64i8 VEC512:$rs1), (v64i8 VEC512:$rs2))),
^
Included from /home/jtuyls/iree-ai/llvm-aie-port/amd/aie/llvm/lib/Target/AIE/AIE2PS.td:35:
Included from /home/jtuyls/iree-ai/llvm-aie-port/amd/aie/llvm/lib/Target/AIE/aie2ps/AIE2PSInstrInfo.td:444:
/home/jtuyls/iree-ai/llvm-aie-port/amd/aie/llvm/lib/Target/AIE/aie2ps/AIE2PSInstrPatterns.td:1435:1: warning: Skipped pattern: unsupported type for Src operand (SETGT:{ *:[Other] })
def  : Pat<(v32i1 (aie_setgt (v32i16 VEC512:$rs1), (v32i16 VEC512:$rs2))),
^
Included from /home/jtuyls/iree-ai/llvm-aie-port/amd/aie/llvm/lib/Target/AIE/AIE2PS.td:35:
Included from /home/jtuyls/iree-ai/llvm-aie-port/amd/aie/llvm/lib/Target/AIE/aie2ps/AIE2PSInstrInfo.td:444:
/home/jtuyls/iree-ai/llvm-aie-port/amd/aie/llvm/lib/Target/AIE/aie2ps/AIE2PSInstrPatterns.td:1437:1: warning: Skipped pattern: unsupported type for Src operand (SETGT:{ *:[Other] })
def  : Pat<(v32i1 (aie_setgt (v16i32 VEC512:$rs1), (v16i32 VEC512:$rs2))),
^
Included from /home/jtuyls/iree-ai/llvm-aie-port/amd/aie/llvm/lib/Target/AIE/AIE2PS.td:35:
Included from /home/jtuyls/iree-ai/llvm-aie-port/amd/aie/llvm/lib/Target/AIE/aie2ps/AIE2PSInstrInfo.td:444:
/home/jtuyls/iree-ai/llvm-aie-port/amd/aie/llvm/lib/Target/AIE/aie2ps/AIE2PSInstrPatterns.td:1440:1: warning: Skipped pattern: unsupported type for Src operand (SETUGT:{ *:[Other] })
def  : Pat<(v64i1 (aie_setugt (v64i8 VEC512:$rs1), (v64i8 VEC512:$rs2))),
^
Included from /home/jtuyls/iree-ai/llvm-aie-port/amd/aie/llvm/lib/Target/AIE/AIE2PS.td:35:
Included from /home/jtuyls/iree-ai/llvm-aie-port/amd/aie/llvm/lib/Target/AIE/aie2ps/AIE2PSInstrInfo.td:444:
/home/jtuyls/iree-ai/llvm-aie-port/amd/aie/llvm/lib/Target/AIE/aie2ps/AIE2PSInstrPatterns.td:1449:1: warning: Skipped pattern: unsupported type for Src operand (SETUGT:{ *:[Other] })
def  : Pat<(v32i1 (aie_setugt (v32i16 VEC512:$rs1), (v32i16 VEC512:$rs2))),
^
Included from /home/jtuyls/iree-ai/llvm-aie-port/amd/aie/llvm/lib/Target/AIE/AIE2PS.td:35:
Included from /home/jtuyls/iree-ai/llvm-aie-port/amd/aie/llvm/lib/Target/AIE/aie2ps/AIE2PSInstrInfo.td:444:
/home/jtuyls/iree-ai/llvm-aie-port/amd/aie/llvm/lib/Target/AIE/aie2ps/AIE2PSInstrPatterns.td:1451:1: warning: Skipped pattern: unsupported type for Src operand (SETUGT:{ *:[Other] })
def  : Pat<(v32i1 (aie_setugt (v16i32 VEC512:$rs1), (v16i32 VEC512:$rs2))),
^
Included from /home/jtuyls/iree-ai/llvm-aie-port/amd/aie/llvm/lib/Target/AIE/AIE2PS.td:35:
Included from /home/jtuyls/iree-ai/llvm-aie-port/amd/aie/llvm/lib/Target/AIE/aie2ps/AIE2PSInstrInfo.td:444:
/home/jtuyls/iree-ai/llvm-aie-port/amd/aie/llvm/lib/Target/AIE/aie2ps/AIE2PSInstrPatterns.td:1455:1: warning: Skipped pattern: unsupported type for Src operand (SETEQ:{ *:[Other] })
def  : Pat<(v64i1 (aie_seteq (v64i8 VEC512:$rs1), (v64i8 VEC512:$rs2))),
^
Included from /home/jtuyls/iree-ai/llvm-aie-port/amd/aie/llvm/lib/Target/AIE/AIE2PS.td:35:
Included from /home/jtuyls/iree-ai/llvm-aie-port/amd/aie/llvm/lib/Target/AIE/aie2ps/AIE2PSInstrInfo.td:444:
/home/jtuyls/iree-ai/llvm-aie-port/amd/aie/llvm/lib/Target/AIE/aie2ps/AIE2PSInstrPatterns.td:1457:1: warning: Skipped pattern: unsupported type for Src operand (SETEQ:{ *:[Other] })
def  : Pat<(v32i1 (aie_seteq (v32i16 VEC512:$rs1), (v32i16 VEC512:$rs2))),
^
Included from /home/jtuyls/iree-ai/llvm-aie-port/amd/aie/llvm/lib/Target/AIE/AIE2PS.td:35:
Included from /home/jtuyls/iree-ai/llvm-aie-port/amd/aie/llvm/lib/Target/AIE/aie2ps/AIE2PSInstrInfo.td:444:
/home/jtuyls/iree-ai/llvm-aie-port/amd/aie/llvm/lib/Target/AIE/aie2ps/AIE2PSInstrPatterns.td:1459:1: warning: Skipped pattern: unsupported type for Src operand (SETEQ:{ *:[Other] })
def  : Pat<(v32i1 (aie_seteq (v16i32 VEC512:$rs1), (v16i32 VEC512:$rs2))),
^
Included from /home/jtuyls/iree-ai/llvm-aie-port/amd/aie/llvm/lib/Target/AIE/AIE2PS.td:35:
Included from /home/jtuyls/iree-ai/llvm-aie-port/amd/aie/llvm/lib/Target/AIE/aie2ps/AIE2PSInstrInfo.td:444:
/home/jtuyls/iree-ai/llvm-aie-port/amd/aie/llvm/lib/Target/AIE/aie2ps/AIE2PSInstrPatterns.td:1463:1: warning: Skipped pattern: unsupported type for Src operand (SETNE:{ *:[Other] })
def  : Pat<(v64i1 (aie_setne (v64i8 VEC512:$rs1), (v64i8 VEC512:$rs2))),
^
Included from /home/jtuyls/iree-ai/llvm-aie-port/amd/aie/llvm/lib/Target/AIE/AIE2PS.td:35:
Included from /home/jtuyls/iree-ai/llvm-aie-port/amd/aie/llvm/lib/Target/AIE/aie2ps/AIE2PSInstrInfo.td:444:
/home/jtuyls/iree-ai/llvm-aie-port/amd/aie/llvm/lib/Target/AIE/aie2ps/AIE2PSInstrPatterns.td:1472:1: warning: Skipped pattern: unsupported type for Src operand (SETNE:{ *:[Other] })
def  : Pat<(v32i1 (aie_setne (v32i16 VEC512:$rs1), (v32i16 VEC512:$rs2))),
^
Included from /home/jtuyls/iree-ai/llvm-aie-port/amd/aie/llvm/lib/Target/AIE/AIE2PS.td:35:
Included from /home/jtuyls/iree-ai/llvm-aie-port/amd/aie/llvm/lib/Target/AIE/aie2ps/AIE2PSInstrInfo.td:444:
/home/jtuyls/iree-ai/llvm-aie-port/amd/aie/llvm/lib/Target/AIE/aie2ps/AIE2PSInstrPatterns.td:1474:1: warning: Skipped pattern: unsupported type for Src operand (SETNE:{ *:[Other] })
def  : Pat<(v32i1 (aie_setne (v16i32 VEC512:$rs1), (v16i32 VEC512:$rs2))),
^
[53/238] Building AIE2PSGenVarInstructionItin.inc...
[54/238] Building AIEGenFormats.inc...
[55/238] Building AIEGenAsmMatcher.inc...
[56/238] Building AIEGenDAGISel.inc...
[57/238] Building AIEGenAsmWriter.inc...
[58/238] Building AIEGenMCCodeEmitter.inc...
[59/238] Building AIEGenMCPseudoLowering.inc...
[60/238] Building AIE2PSGenMemoryCycles.inc...
[61/238] Building AIE2PSGenRegisterInfo.inc...
[62/238] Building AIEGenPreISelGICombiner.inc...
[63/238] Building AIEGenGlobalISel.inc...
[64/238] Building AIEGenRegisterBank.inc...
[65/238] Building AIEGenSubtargetInfo.inc...
[66/238] Building AIE2PSGenInstrInfo.inc...
[67/238] Building AIEGenRegisterInfo.inc...
[68/238] Building AIEGenInstrInfo.inc...
[69/238] Building AIE2PSGenRegisterBank.inc...
[70/238] Building CXX object lib/Target/AIE/CMakeFiles/LLVMAIECodeGen.dir/AIECombinerHelper.cpp.o
FAILED: lib/Target/AIE/CMakeFiles/LLVMAIECodeGen.dir/AIECombinerHelper.cpp.o 
CCACHE_CPP2=yes CCACHE_HASHDIR=yes CCACHE_SLOPPINESS=pch_defines,time_macros /usr/bin/ccache /usr/bin/g++ -D_DEBUG -D_GLIBCXX_ASSERTIONS -D_GLIBCXX_USE_CXX11_ABI=1 -D_GNU_SOURCE -D_LIBCPP_HARDENING_MODE=_LIBCPP_HARDENING_MODE_EXTENSIVE -D__STDC_CONSTANT_MACROS -D__STDC_FORMAT_MACROS -D__STDC_LIMIT_MACROS -I/home/jtuyls/iree-ai/llvm-aie-port/build/lib/Target/AIE -I/home/jtuyls/iree-ai/llvm-aie-port/amd/aie/llvm/lib/Target/AIE -I/home/jtuyls/iree-ai/llvm-aie-port/build/include -I/home/jtuyls/iree-ai/llvm-aie-port/llvm/include -I/home/jtuyls/iree-ai/llvm-aie-port/amd/aie/llvm/include -fPIC -fno-semantic-interposition -fvisibility-inlines-hidden -Werror=date-time -Wall -Wextra -Wno-unused-parameter -Wwrite-strings -Wcast-qual -Wno-missing-field-initializers -pedantic -Wno-long-long -Wimplicit-fallthrough -Wno-uninitialized -Wno-nonnull -Wno-class-memaccess -Wno-dangling-reference -Wno-redundant-move -Wno-pessimizing-move -Wno-array-bounds -Wno-stringop-overread -Wno-dangling-pointer -Wno-noexcept-type -Wdelete-non-virtual-dtor -Wsuggest-override -Wno-comment -Wno-misleading-indentation -Wctad-maybe-unsupported -fdiagnostics-color -ffunction-sections -fdata-sections -O3 -DNDEBUG -std=c++17 -fvisibility=hidden -UNDEBUG -fno-exceptions -funwind-tables -fno-rtti -MD -MT lib/Target/AIE/CMakeFiles/LLVMAIECodeGen.dir/AIECombinerHelper.cpp.o -MF lib/Target/AIE/CMakeFiles/LLVMAIECodeGen.dir/AIECombinerHelper.cpp.o.d -o lib/Target/AIE/CMakeFiles/LLVMAIECodeGen.dir/AIECombinerHelper.cpp.o -c /home/jtuyls/iree-ai/llvm-aie-port/amd/aie/llvm/lib/Target/AIE/AIECombinerHelper.cpp
In file included from /home/jtuyls/iree-ai/llvm-aie-port/amd/aie/llvm/lib/Target/AIE/AIEGlobalCombiner.h:33,
                 from /home/jtuyls/iree-ai/llvm-aie-port/amd/aie/llvm/lib/Target/AIE/AIEPtrModOptimizer.h:21,
                 from /home/jtuyls/iree-ai/llvm-aie-port/amd/aie/llvm/lib/Target/AIE/AIECombinerHelper.h:14,
                 from /home/jtuyls/iree-ai/llvm-aie-port/amd/aie/llvm/lib/Target/AIE/AIECombinerHelper.cpp:11:
/home/jtuyls/iree-ai/llvm-aie-port/amd/aie/llvm/lib/Target/AIE/AIEBaseInstrInfo.h:24:10: fatal error: llvm/CodeGen/ResourceCycle.h: No such file or directory
   24 | #include "llvm/CodeGen/ResourceCycle.h"
      |          ^~~~~~~~~~~~~~~~~~~~~~~~~~~~~~
compilation terminated.
[71/238] Building CXX object lib/Target/AIE/CMakeFiles/LLVMAIECodeGen.dir/AIEEliminateDuplicatePHI.cpp.o
FAILED: lib/Target/AIE/CMakeFiles/LLVMAIECodeGen.dir/AIEEliminateDuplicatePHI.cpp.o 
CCACHE_CPP2=yes CCACHE_HASHDIR=yes CCACHE_SLOPPINESS=pch_defines,time_macros /usr/bin/ccache /usr/bin/g++ -D_DEBUG -D_GLIBCXX_ASSERTIONS -D_GLIBCXX_USE_CXX11_ABI=1 -D_GNU_SOURCE -D_LIBCPP_HARDENING_MODE=_LIBCPP_HARDENING_MODE_EXTENSIVE -D__STDC_CONSTANT_MACROS -D__STDC_FORMAT_MACROS -D__STDC_LIMIT_MACROS -I/home/jtuyls/iree-ai/llvm-aie-port/build/lib/Target/AIE -I/home/jtuyls/iree-ai/llvm-aie-port/amd/aie/llvm/lib/Target/AIE -I/home/jtuyls/iree-ai/llvm-aie-port/build/include -I/home/jtuyls/iree-ai/llvm-aie-port/llvm/include -I/home/jtuyls/iree-ai/llvm-aie-port/amd/aie/llvm/include -fPIC -fno-semantic-interposition -fvisibility-inlines-hidden -Werror=date-time -Wall -Wextra -Wno-unused-parameter -Wwrite-strings -Wcast-qual -Wno-missing-field-initializers -pedantic -Wno-long-long -Wimplicit-fallthrough -Wno-uninitialized -Wno-nonnull -Wno-class-memaccess -Wno-dangling-reference -Wno-redundant-move -Wno-pessimizing-move -Wno-array-bounds -Wno-stringop-overread -Wno-dangling-pointer -Wno-noexcept-type -Wdelete-non-virtual-dtor -Wsuggest-override -Wno-comment -Wno-misleading-indentation -Wctad-maybe-unsupported -fdiagnostics-color -ffunction-sections -fdata-sections -O3 -DNDEBUG -std=c++17 -fvisibility=hidden -UNDEBUG -fno-exceptions -funwind-tables -fno-rtti -MD -MT lib/Target/AIE/CMakeFiles/LLVMAIECodeGen.dir/AIEEliminateDuplicatePHI.cpp.o -MF lib/Target/AIE/CMakeFiles/LLVMAIECodeGen.dir/AIEEliminateDuplicatePHI.cpp.o.d -o lib/Target/AIE/CMakeFiles/LLVMAIECodeGen.dir/AIEEliminateDuplicatePHI.cpp.o -c /home/jtuyls/iree-ai/llvm-aie-port/amd/aie/llvm/lib/Target/AIE/AIEEliminateDuplicatePHI.cpp
In file included from /home/jtuyls/iree-ai/llvm-aie-port/amd/aie/llvm/lib/Target/AIE/AIEBaseSubtarget.h:19,
                 from /home/jtuyls/iree-ai/llvm-aie-port/amd/aie/llvm/lib/Target/AIE/AIEEliminateDuplicatePHI.cpp:14:
/home/jtuyls/iree-ai/llvm-aie-port/amd/aie/llvm/lib/Target/AIE/AIEBaseInstrInfo.h:24:10: fatal error: llvm/CodeGen/ResourceCycle.h: No such file or directory
   24 | #include "llvm/CodeGen/ResourceCycle.h"
      |          ^~~~~~~~~~~~~~~~~~~~~~~~~~~~~~
compilation terminated.
[72/238] Building CXX object lib/Target/AIE/CMakeFiles/LLVMAIECodeGen.dir/AIEGlobalCombiner.cpp.o
FAILED: lib/Target/AIE/CMakeFiles/LLVMAIECodeGen.dir/AIEGlobalCombiner.cpp.o 
CCACHE_CPP2=yes CCACHE_HASHDIR=yes CCACHE_SLOPPINESS=pch_defines,time_macros /usr/bin/ccache /usr/bin/g++ -D_DEBUG -D_GLIBCXX_ASSERTIONS -D_GLIBCXX_USE_CXX11_ABI=1 -D_GNU_SOURCE -D_LIBCPP_HARDENING_MODE=_LIBCPP_HARDENING_MODE_EXTENSIVE -D__STDC_CONSTANT_MACROS -D__STDC_FORMAT_MACROS -D__STDC_LIMIT_MACROS -I/home/jtuyls/iree-ai/llvm-aie-port/build/lib/Target/AIE -I/home/jtuyls/iree-ai/llvm-aie-port/amd/aie/llvm/lib/Target/AIE -I/home/jtuyls/iree-ai/llvm-aie-port/build/include -I/home/jtuyls/iree-ai/llvm-aie-port/llvm/include -I/home/jtuyls/iree-ai/llvm-aie-port/amd/aie/llvm/include -fPIC -fno-semantic-interposition -fvisibility-inlines-hidden -Werror=date-time -Wall -Wextra -Wno-unused-parameter -Wwrite-strings -Wcast-qual -Wno-missing-field-initializers -pedantic -Wno-long-long -Wimplicit-fallthrough -Wno-uninitialized -Wno-nonnull -Wno-class-memaccess -Wno-dangling-reference -Wno-redundant-move -Wno-pessimizing-move -Wno-array-bounds -Wno-stringop-overread -Wno-dangling-pointer -Wno-noexcept-type -Wdelete-non-virtual-dtor -Wsuggest-override -Wno-comment -Wno-misleading-indentation -Wctad-maybe-unsupported -fdiagnostics-color -ffunction-sections -fdata-sections -O3 -DNDEBUG -std=c++17 -fvisibility=hidden -UNDEBUG -fno-exceptions -funwind-tables -fno-rtti -MD -MT lib/Target/AIE/CMakeFiles/LLVMAIECodeGen.dir/AIEGlobalCombiner.cpp.o -MF lib/Target/AIE/CMakeFiles/LLVMAIECodeGen.dir/AIEGlobalCombiner.cpp.o.d -o lib/Target/AIE/CMakeFiles/LLVMAIECodeGen.dir/AIEGlobalCombiner.cpp.o -c /home/jtuyls/iree-ai/llvm-aie-port/amd/aie/llvm/lib/Target/AIE/AIEGlobalCombiner.cpp
In file included from /home/jtuyls/iree-ai/llvm-aie-port/amd/aie/llvm/lib/Target/AIE/AIEGlobalCombiner.h:33,
                 from /home/jtuyls/iree-ai/llvm-aie-port/amd/aie/llvm/lib/Target/AIE/AIEGlobalCombiner.cpp:15:
/home/jtuyls/iree-ai/llvm-aie-port/amd/aie/llvm/lib/Target/AIE/AIEBaseInstrInfo.h:24:10: fatal error: llvm/CodeGen/ResourceCycle.h: No such file or directory
   24 | #include "llvm/CodeGen/ResourceCycle.h"
      |          ^~~~~~~~~~~~~~~~~~~~~~~~~~~~~~
compilation terminated.
[73/238] Building CXX object lib/Target/AIE/CMakeFiles/LLVMAIECodeGen.dir/AIEBaseInstrInfo.cpp.o
FAILED: lib/Target/AIE/CMakeFiles/LLVMAIECodeGen.dir/AIEBaseInstrInfo.cpp.o 
CCACHE_CPP2=yes CCACHE_HASHDIR=yes CCACHE_SLOPPINESS=pch_defines,time_macros /usr/bin/ccache /usr/bin/g++ -D_DEBUG -D_GLIBCXX_ASSERTIONS -D_GLIBCXX_USE_CXX11_ABI=1 -D_GNU_SOURCE -D_LIBCPP_HARDENING_MODE=_LIBCPP_HARDENING_MODE_EXTENSIVE -D__STDC_CONSTANT_MACROS -D__STDC_FORMAT_MACROS -D__STDC_LIMIT_MACROS -I/home/jtuyls/iree-ai/llvm-aie-port/build/lib/Target/AIE -I/home/jtuyls/iree-ai/llvm-aie-port/amd/aie/llvm/lib/Target/AIE -I/home/jtuyls/iree-ai/llvm-aie-port/build/include -I/home/jtuyls/iree-ai/llvm-aie-port/llvm/include -I/home/jtuyls/iree-ai/llvm-aie-port/amd/aie/llvm/include -fPIC -fno-semantic-interposition -fvisibility-inlines-hidden -Werror=date-time -Wall -Wextra -Wno-unused-parameter -Wwrite-strings -Wcast-qual -Wno-missing-field-initializers -pedantic -Wno-long-long -Wimplicit-fallthrough -Wno-uninitialized -Wno-nonnull -Wno-class-memaccess -Wno-dangling-reference -Wno-redundant-move -Wno-pessimizing-move -Wno-array-bounds -Wno-stringop-overread -Wno-dangling-pointer -Wno-noexcept-type -Wdelete-non-virtual-dtor -Wsuggest-override -Wno-comment -Wno-misleading-indentation -Wctad-maybe-unsupported -fdiagnostics-color -ffunction-sections -fdata-sections -O3 -DNDEBUG -std=c++17 -fvisibility=hidden -UNDEBUG -fno-exceptions -funwind-tables -fno-rtti -MD -MT lib/Target/AIE/CMakeFiles/LLVMAIECodeGen.dir/AIEBaseInstrInfo.cpp.o -MF lib/Target/AIE/CMakeFiles/LLVMAIECodeGen.dir/AIEBaseInstrInfo.cpp.o.d -o lib/Target/AIE/CMakeFiles/LLVMAIECodeGen.dir/AIEBaseInstrInfo.cpp.o -c /home/jtuyls/iree-ai/llvm-aie-port/amd/aie/llvm/lib/Target/AIE/AIEBaseInstrInfo.cpp
In file included from /home/jtuyls/iree-ai/llvm-aie-port/amd/aie/llvm/lib/Target/AIE/AIEBaseInstrInfo.cpp:15:
/home/jtuyls/iree-ai/llvm-aie-port/amd/aie/llvm/lib/Target/AIE/AIEBaseInstrInfo.h:24:10: fatal error: llvm/CodeGen/ResourceCycle.h: No such file or directory
   24 | #include "llvm/CodeGen/ResourceCycle.h"
      |          ^~~~~~~~~~~~~~~~~~~~~~~~~~~~~~
compilation terminated.
[74/238] Building CXX object lib/Target/AIE/CMakeFiles/LLVMAIECodeGen.dir/AIEGlobalCombinerPtrMods.cpp.o
FAILED: lib/Target/AIE/CMakeFiles/LLVMAIECodeGen.dir/AIEGlobalCombinerPtrMods.cpp.o 
CCACHE_CPP2=yes CCACHE_HASHDIR=yes CCACHE_SLOPPINESS=pch_defines,time_macros /usr/bin/ccache /usr/bin/g++ -D_DEBUG -D_GLIBCXX_ASSERTIONS -D_GLIBCXX_USE_CXX11_ABI=1 -D_GNU_SOURCE -D_LIBCPP_HARDENING_MODE=_LIBCPP_HARDENING_MODE_EXTENSIVE -D__STDC_CONSTANT_MACROS -D__STDC_FORMAT_MACROS -D__STDC_LIMIT_MACROS -I/home/jtuyls/iree-ai/llvm-aie-port/build/lib/Target/AIE -I/home/jtuyls/iree-ai/llvm-aie-port/amd/aie/llvm/lib/Target/AIE -I/home/jtuyls/iree-ai/llvm-aie-port/build/include -I/home/jtuyls/iree-ai/llvm-aie-port/llvm/include -I/home/jtuyls/iree-ai/llvm-aie-port/amd/aie/llvm/include -fPIC -fno-semantic-interposition -fvisibility-inlines-hidden -Werror=date-time -Wall -Wextra -Wno-unused-parameter -Wwrite-strings -Wcast-qual -Wno-missing-field-initializers -pedantic -Wno-long-long -Wimplicit-fallthrough -Wno-uninitialized -Wno-nonnull -Wno-class-memaccess -Wno-dangling-reference -Wno-redundant-move -Wno-pessimizing-move -Wno-array-bounds -Wno-stringop-overread -Wno-dangling-pointer -Wno-noexcept-type -Wdelete-non-virtual-dtor -Wsuggest-override -Wno-comment -Wno-misleading-indentation -Wctad-maybe-unsupported -fdiagnostics-color -ffunction-sections -fdata-sections -O3 -DNDEBUG -std=c++17 -fvisibility=hidden -UNDEBUG -fno-exceptions -funwind-tables -fno-rtti -MD -MT lib/Target/AIE/CMakeFiles/LLVMAIECodeGen.dir/AIEGlobalCombinerPtrMods.cpp.o -MF lib/Target/AIE/CMakeFiles/LLVMAIECodeGen.dir/AIEGlobalCombinerPtrMods.cpp.o.d -o lib/Target/AIE/CMakeFiles/LLVMAIECodeGen.dir/AIEGlobalCombinerPtrMods.cpp.o -c /home/jtuyls/iree-ai/llvm-aie-port/amd/aie/llvm/lib/Target/AIE/AIEGlobalCombinerPtrMods.cpp
In file included from /home/jtuyls/iree-ai/llvm-aie-port/amd/aie/llvm/lib/Target/AIE/AIEGlobalCombiner.h:33,
                 from /home/jtuyls/iree-ai/llvm-aie-port/amd/aie/llvm/lib/Target/AIE/AIEGlobalCombinerPtrMods.h:18,
                 from /home/jtuyls/iree-ai/llvm-aie-port/amd/aie/llvm/lib/Target/AIE/AIEGlobalCombinerPtrMods.cpp:16:
/home/jtuyls/iree-ai/llvm-aie-port/amd/aie/llvm/lib/Target/AIE/AIEBaseInstrInfo.h:24:10: fatal error: llvm/CodeGen/ResourceCycle.h: No such file or directory
   24 | #include "llvm/CodeGen/ResourceCycle.h"
      |          ^~~~~~~~~~~~~~~~~~~~~~~~~~~~~~
compilation terminated.
[75/238] Building CXX object lib/Target/AIE/CMakeFiles/LLVMAIECodeGen.dir/AIEBaseInstructionSelector.cpp.o
FAILED: lib/Target/AIE/CMakeFiles/LLVMAIECodeGen.dir/AIEBaseInstructionSelector.cpp.o 
CCACHE_CPP2=yes CCACHE_HASHDIR=yes CCACHE_SLOPPINESS=pch_defines,time_macros /usr/bin/ccache /usr/bin/g++ -D_DEBUG -D_GLIBCXX_ASSERTIONS -D_GLIBCXX_USE_CXX11_ABI=1 -D_GNU_SOURCE -D_LIBCPP_HARDENING_MODE=_LIBCPP_HARDENING_MODE_EXTENSIVE -D__STDC_CONSTANT_MACROS -D__STDC_FORMAT_MACROS -D__STDC_LIMIT_MACROS -I/home/jtuyls/iree-ai/llvm-aie-port/build/lib/Target/AIE -I/home/jtuyls/iree-ai/llvm-aie-port/amd/aie/llvm/lib/Target/AIE -I/home/jtuyls/iree-ai/llvm-aie-port/build/include -I/home/jtuyls/iree-ai/llvm-aie-port/llvm/include -I/home/jtuyls/iree-ai/llvm-aie-port/amd/aie/llvm/include -fPIC -fno-semantic-interposition -fvisibility-inlines-hidden -Werror=date-time -Wall -Wextra -Wno-unused-parameter -Wwrite-strings -Wcast-qual -Wno-missing-field-initializers -pedantic -Wno-long-long -Wimplicit-fallthrough -Wno-uninitialized -Wno-nonnull -Wno-class-memaccess -Wno-dangling-reference -Wno-redundant-move -Wno-pessimizing-move -Wno-array-bounds -Wno-stringop-overread -Wno-dangling-pointer -Wno-noexcept-type -Wdelete-non-virtual-dtor -Wsuggest-override -Wno-comment -Wno-misleading-indentation -Wctad-maybe-unsupported -fdiagnostics-color -ffunction-sections -fdata-sections -O3 -DNDEBUG -std=c++17 -fvisibility=hidden -UNDEBUG -fno-exceptions -funwind-tables -fno-rtti -MD -MT lib/Target/AIE/CMakeFiles/LLVMAIECodeGen.dir/AIEBaseInstructionSelector.cpp.o -MF lib/Target/AIE/CMakeFiles/LLVMAIECodeGen.dir/AIEBaseInstructionSelector.cpp.o.d -o lib/Target/AIE/CMakeFiles/LLVMAIECodeGen.dir/AIEBaseInstructionSelector.cpp.o -c /home/jtuyls/iree-ai/llvm-aie-port/amd/aie/llvm/lib/Target/AIE/AIEBaseInstructionSelector.cpp
In file included from /home/jtuyls/iree-ai/llvm-aie-port/amd/aie/llvm/lib/Target/AIE/AIEBaseInstructionSelector.h:18,
                 from /home/jtuyls/iree-ai/llvm-aie-port/amd/aie/llvm/lib/Target/AIE/AIEBaseInstructionSelector.cpp:15:
/home/jtuyls/iree-ai/llvm-aie-port/amd/aie/llvm/lib/Target/AIE/AIEBaseInstrInfo.h:24:10: fatal error: llvm/CodeGen/ResourceCycle.h: No such file or directory
   24 | #include "llvm/CodeGen/ResourceCycle.h"
      |          ^~~~~~~~~~~~~~~~~~~~~~~~~~~~~~
compilation terminated.
[76/238] Building CXX object lib/Target/AIE/CMakeFiles/LLVMAIECodeGen.dir/AIEPreISelCombiner.cpp.o
FAILED: lib/Target/AIE/CMakeFiles/LLVMAIECodeGen.dir/AIEPreISelCombiner.cpp.o 
CCACHE_CPP2=yes CCACHE_HASHDIR=yes CCACHE_SLOPPINESS=pch_defines,time_macros /usr/bin/ccache /usr/bin/g++ -D_DEBUG -D_GLIBCXX_ASSERTIONS -D_GLIBCXX_USE_CXX11_ABI=1 -D_GNU_SOURCE -D_LIBCPP_HARDENING_MODE=_LIBCPP_HARDENING_MODE_EXTENSIVE -D__STDC_CONSTANT_MACROS -D__STDC_FORMAT_MACROS -D__STDC_LIMIT_MACROS -I/home/jtuyls/iree-ai/llvm-aie-port/build/lib/Target/AIE -I/home/jtuyls/iree-ai/llvm-aie-port/amd/aie/llvm/lib/Target/AIE -I/home/jtuyls/iree-ai/llvm-aie-port/build/include -I/home/jtuyls/iree-ai/llvm-aie-port/llvm/include -I/home/jtuyls/iree-ai/llvm-aie-port/amd/aie/llvm/include -fPIC -fno-semantic-interposition -fvisibility-inlines-hidden -Werror=date-time -Wall -Wextra -Wno-unused-parameter -Wwrite-strings -Wcast-qual -Wno-missing-field-initializers -pedantic -Wno-long-long -Wimplicit-fallthrough -Wno-uninitialized -Wno-nonnull -Wno-class-memaccess -Wno-dangling-reference -Wno-redundant-move -Wno-pessimizing-move -Wno-array-bounds -Wno-stringop-overread -Wno-dangling-pointer -Wno-noexcept-type -Wdelete-non-virtual-dtor -Wsuggest-override -Wno-comment -Wno-misleading-indentation -Wctad-maybe-unsupported -fdiagnostics-color -ffunction-sections -fdata-sections -O3 -DNDEBUG -std=c++17 -fvisibility=hidden -UNDEBUG -fno-exceptions -funwind-tables -fno-rtti -MD -MT lib/Target/AIE/CMakeFiles/LLVMAIECodeGen.dir/AIEPreISelCombiner.cpp.o -MF lib/Target/AIE/CMakeFiles/LLVMAIECodeGen.dir/AIEPreISelCombiner.cpp.o.d -o lib/Target/AIE/CMakeFiles/LLVMAIECodeGen.dir/AIEPreISelCombiner.cpp.o -c /home/jtuyls/iree-ai/llvm-aie-port/amd/aie/llvm/lib/Target/AIE/AIEPreISelCombiner.cpp
In file included from /home/jtuyls/iree-ai/llvm-aie-port/amd/aie/llvm/lib/Target/AIE/AIEBaseSubtarget.h:19,
                 from /home/jtuyls/iree-ai/llvm-aie-port/amd/aie/llvm/lib/Target/AIE/AIEPreISelCombiner.cpp:17:
/home/jtuyls/iree-ai/llvm-aie-port/amd/aie/llvm/lib/Target/AIE/AIEBaseInstrInfo.h:24:10: fatal error: llvm/CodeGen/ResourceCycle.h: No such file or directory
   24 | #include "llvm/CodeGen/ResourceCycle.h"
      |          ^~~~~~~~~~~~~~~~~~~~~~~~~~~~~~
compilation terminated.
[77/238] Building CXX object lib/Target/AIE/CMakeFiles/LLVMAIECodeGen.dir/AIEBasePipelinerLoopInfo.cpp.o
FAILED: lib/Target/AIE/CMakeFiles/LLVMAIECodeGen.dir/AIEBasePipelinerLoopInfo.cpp.o 
CCACHE_CPP2=yes CCACHE_HASHDIR=yes CCACHE_SLOPPINESS=pch_defines,time_macros /usr/bin/ccache /usr/bin/g++ -D_DEBUG -D_GLIBCXX_ASSERTIONS -D_GLIBCXX_USE_CXX11_ABI=1 -D_GNU_SOURCE -D_LIBCPP_HARDENING_MODE=_LIBCPP_HARDENING_MODE_EXTENSIVE -D__STDC_CONSTANT_MACROS -D__STDC_FORMAT_MACROS -D__STDC_LIMIT_MACROS -I/home/jtuyls/iree-ai/llvm-aie-port/build/lib/Target/AIE -I/home/jtuyls/iree-ai/llvm-aie-port/amd/aie/llvm/lib/Target/AIE -I/home/jtuyls/iree-ai/llvm-aie-port/build/include -I/home/jtuyls/iree-ai/llvm-aie-port/llvm/include -I/home/jtuyls/iree-ai/llvm-aie-port/amd/aie/llvm/include -fPIC -fno-semantic-interposition -fvisibility-inlines-hidden -Werror=date-time -Wall -Wextra -Wno-unused-parameter -Wwrite-strings -Wcast-qual -Wno-missing-field-initializers -pedantic -Wno-long-long -Wimplicit-fallthrough -Wno-uninitialized -Wno-nonnull -Wno-class-memaccess -Wno-dangling-reference -Wno-redundant-move -Wno-pessimizing-move -Wno-array-bounds -Wno-stringop-overread -Wno-dangling-pointer -Wno-noexcept-type -Wdelete-non-virtual-dtor -Wsuggest-override -Wno-comment -Wno-misleading-indentation -Wctad-maybe-unsupported -fdiagnostics-color -ffunction-sections -fdata-sections -O3 -DNDEBUG -std=c++17 -fvisibility=hidden -UNDEBUG -fno-exceptions -funwind-tables -fno-rtti -MD -MT lib/Target/AIE/CMakeFiles/LLVMAIECodeGen.dir/AIEBasePipelinerLoopInfo.cpp.o -MF lib/Target/AIE/CMakeFiles/LLVMAIECodeGen.dir/AIEBasePipelinerLoopInfo.cpp.o.d -o lib/Target/AIE/CMakeFiles/LLVMAIECodeGen.dir/AIEBasePipelinerLoopInfo.cpp.o -c /home/jtuyls/iree-ai/llvm-aie-port/amd/aie/llvm/lib/Target/AIE/AIEBasePipelinerLoopInfo.cpp
In file included from /home/jtuyls/iree-ai/llvm-aie-port/amd/aie/llvm/lib/Target/AIE/AIEBasePipelinerLoopInfo.h:17,
                 from /home/jtuyls/iree-ai/llvm-aie-port/amd/aie/llvm/lib/Target/AIE/AIEBasePipelinerLoopInfo.cpp:15:
/home/jtuyls/iree-ai/llvm-aie-port/amd/aie/llvm/lib/Target/AIE/AIEBaseInstrInfo.h:24:10: fatal error: llvm/CodeGen/ResourceCycle.h: No such file or directory
   24 | #include "llvm/CodeGen/ResourceCycle.h"
      |          ^~~~~~~~~~~~~~~~~~~~~~~~~~~~~~
compilation terminated.
[78/238] Building CXX object lib/Target/AIE/CMakeFiles/LLVMAIECodeGen.dir/AIEBaseFrameLowering.cpp.o
FAILED: lib/Target/AIE/CMakeFiles/LLVMAIECodeGen.dir/AIEBaseFrameLowering.cpp.o 
CCACHE_CPP2=yes CCACHE_HASHDIR=yes CCACHE_SLOPPINESS=pch_defines,time_macros /usr/bin/ccache /usr/bin/g++ -D_DEBUG -D_GLIBCXX_ASSERTIONS -D_GLIBCXX_USE_CXX11_ABI=1 -D_GNU_SOURCE -D_LIBCPP_HARDENING_MODE=_LIBCPP_HARDENING_MODE_EXTENSIVE -D__STDC_CONSTANT_MACROS -D__STDC_FORMAT_MACROS -D__STDC_LIMIT_MACROS -I/home/jtuyls/iree-ai/llvm-aie-port/build/lib/Target/AIE -I/home/jtuyls/iree-ai/llvm-aie-port/amd/aie/llvm/lib/Target/AIE -I/home/jtuyls/iree-ai/llvm-aie-port/build/include -I/home/jtuyls/iree-ai/llvm-aie-port/llvm/include -I/home/jtuyls/iree-ai/llvm-aie-port/amd/aie/llvm/include -fPIC -fno-semantic-interposition -fvisibility-inlines-hidden -Werror=date-time -Wall -Wextra -Wno-unused-parameter -Wwrite-strings -Wcast-qual -Wno-missing-field-initializers -pedantic -Wno-long-long -Wimplicit-fallthrough -Wno-uninitialized -Wno-nonnull -Wno-class-memaccess -Wno-dangling-reference -Wno-redundant-move -Wno-pessimizing-move -Wno-array-bounds -Wno-stringop-overread -Wno-dangling-pointer -Wno-noexcept-type -Wdelete-non-virtual-dtor -Wsuggest-override -Wno-comment -Wno-misleading-indentation -Wctad-maybe-unsupported -fdiagnostics-color -ffunction-sections -fdata-sections -O3 -DNDEBUG -std=c++17 -fvisibility=hidden -UNDEBUG -fno-exceptions -funwind-tables -fno-rtti -MD -MT lib/Target/AIE/CMakeFiles/LLVMAIECodeGen.dir/AIEBaseFrameLowering.cpp.o -MF lib/Target/AIE/CMakeFiles/LLVMAIECodeGen.dir/AIEBaseFrameLowering.cpp.o.d -o lib/Target/AIE/CMakeFiles/LLVMAIECodeGen.dir/AIEBaseFrameLowering.cpp.o -c /home/jtuyls/iree-ai/llvm-aie-port/amd/aie/llvm/lib/Target/AIE/AIEBaseFrameLowering.cpp
In file included from /home/jtuyls/iree-ai/llvm-aie-port/amd/aie/llvm/lib/Target/AIE/AIEBaseSubtarget.h:19,
                 from /home/jtuyls/iree-ai/llvm-aie-port/amd/aie/llvm/lib/Target/AIE/AIEBaseFrameLowering.h:18,
                 from /home/jtuyls/iree-ai/llvm-aie-port/amd/aie/llvm/lib/Target/AIE/AIEBaseFrameLowering.cpp:16:
/home/jtuyls/iree-ai/llvm-aie-port/amd/aie/llvm/lib/Target/AIE/AIEBaseInstrInfo.h:24:10: fatal error: llvm/CodeGen/ResourceCycle.h: No such file or directory
   24 | #include "llvm/CodeGen/ResourceCycle.h"
      |          ^~~~~~~~~~~~~~~~~~~~~~~~~~~~~~
compilation terminated.
[79/238] Building CXX object lib/Target/AIE/CMakeFiles/LLVMAIECodeGen.dir/AIEFinalizeBundle.cpp.o
FAILED: lib/Target/AIE/CMakeFiles/LLVMAIECodeGen.dir/AIEFinalizeBundle.cpp.o 
CCACHE_CPP2=yes CCACHE_HASHDIR=yes CCACHE_SLOPPINESS=pch_defines,time_macros /usr/bin/ccache /usr/bin/g++ -D_DEBUG -D_GLIBCXX_ASSERTIONS -D_GLIBCXX_USE_CXX11_ABI=1 -D_GNU_SOURCE -D_LIBCPP_HARDENING_MODE=_LIBCPP_HARDENING_MODE_EXTENSIVE -D__STDC_CONSTANT_MACROS -D__STDC_FORMAT_MACROS -D__STDC_LIMIT_MACROS -I/home/jtuyls/iree-ai/llvm-aie-port/build/lib/Target/AIE -I/home/jtuyls/iree-ai/llvm-aie-port/amd/aie/llvm/lib/Target/AIE -I/home/jtuyls/iree-ai/llvm-aie-port/build/include -I/home/jtuyls/iree-ai/llvm-aie-port/llvm/include -I/home/jtuyls/iree-ai/llvm-aie-port/amd/aie/llvm/include -fPIC -fno-semantic-interposition -fvisibility-inlines-hidden -Werror=date-time -Wall -Wextra -Wno-unused-parameter -Wwrite-strings -Wcast-qual -Wno-missing-field-initializers -pedantic -Wno-long-long -Wimplicit-fallthrough -Wno-uninitialized -Wno-nonnull -Wno-class-memaccess -Wno-dangling-reference -Wno-redundant-move -Wno-pessimizing-move -Wno-array-bounds -Wno-stringop-overread -Wno-dangling-pointer -Wno-noexcept-type -Wdelete-non-virtual-dtor -Wsuggest-override -Wno-comment -Wno-misleading-indentation -Wctad-maybe-unsupported -fdiagnostics-color -ffunction-sections -fdata-sections -O3 -DNDEBUG -std=c++17 -fvisibility=hidden -UNDEBUG -fno-exceptions -funwind-tables -fno-rtti -MD -MT lib/Target/AIE/CMakeFiles/LLVMAIECodeGen.dir/AIEFinalizeBundle.cpp.o -MF lib/Target/AIE/CMakeFiles/LLVMAIECodeGen.dir/AIEFinalizeBundle.cpp.o.d -o lib/Target/AIE/CMakeFiles/LLVMAIECodeGen.dir/AIEFinalizeBundle.cpp.o -c /home/jtuyls/iree-ai/llvm-aie-port/amd/aie/llvm/lib/Target/AIE/AIEFinalizeBundle.cpp
In file included from /home/jtuyls/iree-ai/llvm-aie-port/amd/aie/llvm/lib/Target/AIE/AIEBaseSubtarget.h:19,
                 from /home/jtuyls/iree-ai/llvm-aie-port/amd/aie/llvm/lib/Target/AIE/AIEBundle.h:28,
                 from /home/jtuyls/iree-ai/llvm-aie-port/amd/aie/llvm/lib/Target/AIE/AIEFinalizeBundle.cpp:13:
/home/jtuyls/iree-ai/llvm-aie-port/amd/aie/llvm/lib/Target/AIE/AIEBaseInstrInfo.h:24:10: fatal error: llvm/CodeGen/ResourceCycle.h: No such file or directory
   24 | #include "llvm/CodeGen/ResourceCycle.h"
      |          ^~~~~~~~~~~~~~~~~~~~~~~~~~~~~~
compilation terminated.
[80/238] Building CXX object lib/Target/AIE/CMakeFiles/LLVMAIECodeGen.dir/AIEInterBlockScheduling.cpp.o
FAILED: lib/Target/AIE/CMakeFiles/LLVMAIECodeGen.dir/AIEInterBlockScheduling.cpp.o 
CCACHE_CPP2=yes CCACHE_HASHDIR=yes CCACHE_SLOPPINESS=pch_defines,time_macros /usr/bin/ccache /usr/bin/g++ -D_DEBUG -D_GLIBCXX_ASSERTIONS -D_GLIBCXX_USE_CXX11_ABI=1 -D_GNU_SOURCE -D_LIBCPP_HARDENING_MODE=_LIBCPP_HARDENING_MODE_EXTENSIVE -D__STDC_CONSTANT_MACROS -D__STDC_FORMAT_MACROS -D__STDC_LIMIT_MACROS -I/home/jtuyls/iree-ai/llvm-aie-port/build/lib/Target/AIE -I/home/jtuyls/iree-ai/llvm-aie-port/amd/aie/llvm/lib/Target/AIE -I/home/jtuyls/iree-ai/llvm-aie-port/build/include -I/home/jtuyls/iree-ai/llvm-aie-port/llvm/include -I/home/jtuyls/iree-ai/llvm-aie-port/amd/aie/llvm/include -fPIC -fno-semantic-interposition -fvisibility-inlines-hidden -Werror=date-time -Wall -Wextra -Wno-unused-parameter -Wwrite-strings -Wcast-qual -Wno-missing-field-initializers -pedantic -Wno-long-long -Wimplicit-fallthrough -Wno-uninitialized -Wno-nonnull -Wno-class-memaccess -Wno-dangling-reference -Wno-redundant-move -Wno-pessimizing-move -Wno-array-bounds -Wno-stringop-overread -Wno-dangling-pointer -Wno-noexcept-type -Wdelete-non-virtual-dtor -Wsuggest-override -Wno-comment -Wno-misleading-indentation -Wctad-maybe-unsupported -fdiagnostics-color -ffunction-sections -fdata-sections -O3 -DNDEBUG -std=c++17 -fvisibility=hidden -UNDEBUG -fno-exceptions -funwind-tables -fno-rtti -MD -MT lib/Target/AIE/CMakeFiles/LLVMAIECodeGen.dir/AIEInterBlockScheduling.cpp.o -MF lib/Target/AIE/CMakeFiles/LLVMAIECodeGen.dir/AIEInterBlockScheduling.cpp.o.d -o lib/Target/AIE/CMakeFiles/LLVMAIECodeGen.dir/AIEInterBlockScheduling.cpp.o -c /home/jtuyls/iree-ai/llvm-aie-port/amd/aie/llvm/lib/Target/AIE/AIEInterBlockScheduling.cpp
In file included from /home/jtuyls/iree-ai/llvm-aie-port/amd/aie/llvm/lib/Target/AIE/AIEBaseSubtarget.h:19,
                 from /home/jtuyls/iree-ai/llvm-aie-port/amd/aie/llvm/lib/Target/AIE/AIEInterBlockScheduling.h:20,
                 from /home/jtuyls/iree-ai/llvm-aie-port/amd/aie/llvm/lib/Target/AIE/AIEInterBlockScheduling.cpp:13:
/home/jtuyls/iree-ai/llvm-aie-port/amd/aie/llvm/lib/Target/AIE/AIEBaseInstrInfo.h:24:10: fatal error: llvm/CodeGen/ResourceCycle.h: No such file or directory
   24 | #include "llvm/CodeGen/ResourceCycle.h"
      |          ^~~~~~~~~~~~~~~~~~~~~~~~~~~~~~
compilation terminated.
[81/238] Building CXX object lib/Target/AIE/CMakeFiles/LLVMAIECodeGen.dir/AIEHazardRecognizer.cpp.o
FAILED: lib/Target/AIE/CMakeFiles/LLVMAIECodeGen.dir/AIEHazardRecognizer.cpp.o 
CCACHE_CPP2=yes CCACHE_HASHDIR=yes CCACHE_SLOPPINESS=pch_defines,time_macros /usr/bin/ccache /usr/bin/g++ -D_DEBUG -D_GLIBCXX_ASSERTIONS -D_GLIBCXX_USE_CXX11_ABI=1 -D_GNU_SOURCE -D_LIBCPP_HARDENING_MODE=_LIBCPP_HARDENING_MODE_EXTENSIVE -D__STDC_CONSTANT_MACROS -D__STDC_FORMAT_MACROS -D__STDC_LIMIT_MACROS -I/home/jtuyls/iree-ai/llvm-aie-port/build/lib/Target/AIE -I/home/jtuyls/iree-ai/llvm-aie-port/amd/aie/llvm/lib/Target/AIE -I/home/jtuyls/iree-ai/llvm-aie-port/build/include -I/home/jtuyls/iree-ai/llvm-aie-port/llvm/include -I/home/jtuyls/iree-ai/llvm-aie-port/amd/aie/llvm/include -fPIC -fno-semantic-interposition -fvisibility-inlines-hidden -Werror=date-time -Wall -Wextra -Wno-unused-parameter -Wwrite-strings -Wcast-qual -Wno-missing-field-initializers -pedantic -Wno-long-long -Wimplicit-fallthrough -Wno-uninitialized -Wno-nonnull -Wno-class-memaccess -Wno-dangling-reference -Wno-redundant-move -Wno-pessimizing-move -Wno-array-bounds -Wno-stringop-overread -Wno-dangling-pointer -Wno-noexcept-type -Wdelete-non-virtual-dtor -Wsuggest-override -Wno-comment -Wno-misleading-indentation -Wctad-maybe-unsupported -fdiagnostics-color -ffunction-sections -fdata-sections -O3 -DNDEBUG -std=c++17 -fvisibility=hidden -UNDEBUG -fno-exceptions -funwind-tables -fno-rtti -MD -MT lib/Target/AIE/CMakeFiles/LLVMAIECodeGen.dir/AIEHazardRecognizer.cpp.o -MF lib/Target/AIE/CMakeFiles/LLVMAIECodeGen.dir/AIEHazardRecognizer.cpp.o.d -o lib/Target/AIE/CMakeFiles/LLVMAIECodeGen.dir/AIEHazardRecognizer.cpp.o -c /home/jtuyls/iree-ai/llvm-aie-port/amd/aie/llvm/lib/Target/AIE/AIEHazardRecognizer.cpp
In file included from /home/jtuyls/iree-ai/llvm-aie-port/amd/aie/llvm/lib/Target/AIE/AIEBaseSubtarget.h:19,
                 from /home/jtuyls/iree-ai/llvm-aie-port/amd/aie/llvm/lib/Target/AIE/AIEAlternateDescriptors.h:18,
                 from /home/jtuyls/iree-ai/llvm-aie-port/amd/aie/llvm/lib/Target/AIE/AIEHazardRecognizer.h:16,
                 from /home/jtuyls/iree-ai/llvm-aie-port/amd/aie/llvm/lib/Target/AIE/AIEHazardRecognizer.cpp:15:
/home/jtuyls/iree-ai/llvm-aie-port/amd/aie/llvm/lib/Target/AIE/AIEBaseInstrInfo.h:24:10: fatal error: llvm/CodeGen/ResourceCycle.h: No such file or directory
   24 | #include "llvm/CodeGen/ResourceCycle.h"
      |          ^~~~~~~~~~~~~~~~~~~~~~~~~~~~~~
compilation terminated.
[82/238] Building CXX object lib/Target/AIE/CMakeFiles/LLVMAIECodeGen.dir/AIELoopClass.cpp.o
FAILED: lib/Target/AIE/CMakeFiles/LLVMAIECodeGen.dir/AIELoopClass.cpp.o 
CCACHE_CPP2=yes CCACHE_HASHDIR=yes CCACHE_SLOPPINESS=pch_defines,time_macros /usr/bin/ccache /usr/bin/g++ -D_DEBUG -D_GLIBCXX_ASSERTIONS -D_GLIBCXX_USE_CXX11_ABI=1 -D_GNU_SOURCE -D_LIBCPP_HARDENING_MODE=_LIBCPP_HARDENING_MODE_EXTENSIVE -D__STDC_CONSTANT_MACROS -D__STDC_FORMAT_MACROS -D__STDC_LIMIT_MACROS -I/home/jtuyls/iree-ai/llvm-aie-port/build/lib/Target/AIE -I/home/jtuyls/iree-ai/llvm-aie-port/amd/aie/llvm/lib/Target/AIE -I/home/jtuyls/iree-ai/llvm-aie-port/build/include -I/home/jtuyls/iree-ai/llvm-aie-port/llvm/include -I/home/jtuyls/iree-ai/llvm-aie-port/amd/aie/llvm/include -fPIC -fno-semantic-interposition -fvisibility-inlines-hidden -Werror=date-time -Wall -Wextra -Wno-unused-parameter -Wwrite-strings -Wcast-qual -Wno-missing-field-initializers -pedantic -Wno-long-long -Wimplicit-fallthrough -Wno-uninitialized -Wno-nonnull -Wno-class-memaccess -Wno-dangling-reference -Wno-redundant-move -Wno-pessimizing-move -Wno-array-bounds -Wno-stringop-overread -Wno-dangling-pointer -Wno-noexcept-type -Wdelete-non-virtual-dtor -Wsuggest-override -Wno-comment -Wno-misleading-indentation -Wctad-maybe-unsupported -fdiagnostics-color -ffunction-sections -fdata-sections -O3 -DNDEBUG -std=c++17 -fvisibility=hidden -UNDEBUG -fno-exceptions -funwind-tables -fno-rtti -MD -MT lib/Target/AIE/CMakeFiles/LLVMAIECodeGen.dir/AIELoopClass.cpp.o -MF lib/Target/AIE/CMakeFiles/LLVMAIECodeGen.dir/AIELoopClass.cpp.o.d -o lib/Target/AIE/CMakeFiles/LLVMAIECodeGen.dir/AIELoopClass.cpp.o -c /home/jtuyls/iree-ai/llvm-aie-port/amd/aie/llvm/lib/Target/AIE/AIELoopClass.cpp
In file included from /home/jtuyls/iree-ai/llvm-aie-port/amd/aie/llvm/lib/Target/AIE/AIELoopClass.cpp:12:
/home/jtuyls/iree-ai/llvm-aie-port/amd/aie/llvm/lib/Target/AIE/AIEBaseInstrInfo.h:24:10: fatal error: llvm/CodeGen/ResourceCycle.h: No such file or directory
   24 | #include "llvm/CodeGen/ResourceCycle.h"
      |          ^~~~~~~~~~~~~~~~~~~~~~~~~~~~~~
compilation terminated.
[83/238] Building CXX object lib/Target/AIE/CMakeFiles/LLVMAIECodeGen.dir/AIEMachineAlignment.cpp.o
FAILED: lib/Target/AIE/CMakeFiles/LLVMAIECodeGen.dir/AIEMachineAlignment.cpp.o 
CCACHE_CPP2=yes CCACHE_HASHDIR=yes CCACHE_SLOPPINESS=pch_defines,time_macros /usr/bin/ccache /usr/bin/g++ -D_DEBUG -D_GLIBCXX_ASSERTIONS -D_GLIBCXX_USE_CXX11_ABI=1 -D_GNU_SOURCE -D_LIBCPP_HARDENING_MODE=_LIBCPP_HARDENING_MODE_EXTENSIVE -D__STDC_CONSTANT_MACROS -D__STDC_FORMAT_MACROS -D__STDC_LIMIT_MACROS -I/home/jtuyls/iree-ai/llvm-aie-port/build/lib/Target/AIE -I/home/jtuyls/iree-ai/llvm-aie-port/amd/aie/llvm/lib/Target/AIE -I/home/jtuyls/iree-ai/llvm-aie-port/build/include -I/home/jtuyls/iree-ai/llvm-aie-port/llvm/include -I/home/jtuyls/iree-ai/llvm-aie-port/amd/aie/llvm/include -fPIC -fno-semantic-interposition -fvisibility-inlines-hidden -Werror=date-time -Wall -Wextra -Wno-unused-parameter -Wwrite-strings -Wcast-qual -Wno-missing-field-initializers -pedantic -Wno-long-long -Wimplicit-fallthrough -Wno-uninitialized -Wno-nonnull -Wno-class-memaccess -Wno-dangling-reference -Wno-redundant-move -Wno-pessimizing-move -Wno-array-bounds -Wno-stringop-overread -Wno-dangling-pointer -Wno-noexcept-type -Wdelete-non-virtual-dtor -Wsuggest-override -Wno-comment -Wno-misleading-indentation -Wctad-maybe-unsupported -fdiagnostics-color -ffunction-sections -fdata-sections -O3 -DNDEBUG -std=c++17 -fvisibility=hidden -UNDEBUG -fno-exceptions -funwind-tables -fno-rtti -MD -MT lib/Target/AIE/CMakeFiles/LLVMAIECodeGen.dir/AIEMachineAlignment.cpp.o -MF lib/Target/AIE/CMakeFiles/LLVMAIECodeGen.dir/AIEMachineAlignment.cpp.o.d -o lib/Target/AIE/CMakeFiles/LLVMAIECodeGen.dir/AIEMachineAlignment.cpp.o -c /home/jtuyls/iree-ai/llvm-aie-port/amd/aie/llvm/lib/Target/AIE/AIEMachineAlignment.cpp
In file included from /home/jtuyls/iree-ai/llvm-aie-port/amd/aie/llvm/lib/Target/AIE/AIEBaseSubtarget.h:19,
                 from /home/jtuyls/iree-ai/llvm-aie-port/amd/aie/llvm/lib/Target/AIE/AIEBundle.h:28,
                 from /home/jtuyls/iree-ai/llvm-aie-port/amd/aie/llvm/lib/Target/AIE/AIEMachineAlignment.cpp:13:
/home/jtuyls/iree-ai/llvm-aie-port/amd/aie/llvm/lib/Target/AIE/AIEBaseInstrInfo.h:24:10: fatal error: llvm/CodeGen/ResourceCycle.h: No such file or directory
   24 | #include "llvm/CodeGen/ResourceCycle.h"
      |          ^~~~~~~~~~~~~~~~~~~~~~~~~~~~~~
compilation terminated.
[84/238] Building CXX object lib/Target/AIE/CMakeFiles/LLVMAIECodeGen.dir/AIEISelDAGToDAG.cpp.o
FAILED: lib/Target/AIE/CMakeFiles/LLVMAIECodeGen.dir/AIEISelDAGToDAG.cpp.o 
CCACHE_CPP2=yes CCACHE_HASHDIR=yes CCACHE_SLOPPINESS=pch_defines,time_macros /usr/bin/ccache /usr/bin/g++ -D_DEBUG -D_GLIBCXX_ASSERTIONS -D_GLIBCXX_USE_CXX11_ABI=1 -D_GNU_SOURCE -D_LIBCPP_HARDENING_MODE=_LIBCPP_HARDENING_MODE_EXTENSIVE -D__STDC_CONSTANT_MACROS -D__STDC_FORMAT_MACROS -D__STDC_LIMIT_MACROS -I/home/jtuyls/iree-ai/llvm-aie-port/build/lib/Target/AIE -I/home/jtuyls/iree-ai/llvm-aie-port/amd/aie/llvm/lib/Target/AIE -I/home/jtuyls/iree-ai/llvm-aie-port/build/include -I/home/jtuyls/iree-ai/llvm-aie-port/llvm/include -I/home/jtuyls/iree-ai/llvm-aie-port/amd/aie/llvm/include -fPIC -fno-semantic-interposition -fvisibility-inlines-hidden -Werror=date-time -Wall -Wextra -Wno-unused-parameter -Wwrite-strings -Wcast-qual -Wno-missing-field-initializers -pedantic -Wno-long-long -Wimplicit-fallthrough -Wno-uninitialized -Wno-nonnull -Wno-class-memaccess -Wno-dangling-reference -Wno-redundant-move -Wno-pessimizing-move -Wno-array-bounds -Wno-stringop-overread -Wno-dangling-pointer -Wno-noexcept-type -Wdelete-non-virtual-dtor -Wsuggest-override -Wno-comment -Wno-misleading-indentation -Wctad-maybe-unsupported -fdiagnostics-color -ffunction-sections -fdata-sections -O3 -DNDEBUG -std=c++17 -fvisibility=hidden -UNDEBUG -fno-exceptions -funwind-tables -fno-rtti -MD -MT lib/Target/AIE/CMakeFiles/LLVMAIECodeGen.dir/AIEISelDAGToDAG.cpp.o -MF lib/Target/AIE/CMakeFiles/LLVMAIECodeGen.dir/AIEISelDAGToDAG.cpp.o.d -o lib/Target/AIE/CMakeFiles/LLVMAIECodeGen.dir/AIEISelDAGToDAG.cpp.o -c /home/jtuyls/iree-ai/llvm-aie-port/amd/aie/llvm/lib/Target/AIE/AIEISelDAGToDAG.cpp
In file included from /home/jtuyls/iree-ai/llvm-aie-port/amd/aie/llvm/lib/Target/AIE/AIEBaseSubtarget.h:19,
                 from /home/jtuyls/iree-ai/llvm-aie-port/amd/aie/llvm/lib/Target/AIE/aie1/AIE1Subtarget.h:18,
                 from /home/jtuyls/iree-ai/llvm-aie-port/amd/aie/llvm/lib/Target/AIE/aie1/AIE1TargetMachine.h:20,
                 from /home/jtuyls/iree-ai/llvm-aie-port/amd/aie/llvm/lib/Target/AIE/AIEISelDAGToDAG.h:18,
                 from /home/jtuyls/iree-ai/llvm-aie-port/amd/aie/llvm/lib/Target/AIE/AIEISelDAGToDAG.cpp:15:
/home/jtuyls/iree-ai/llvm-aie-port/amd/aie/llvm/lib/Target/AIE/AIEBaseInstrInfo.h:24:10: fatal error: llvm/CodeGen/ResourceCycle.h: No such file or directory
   24 | #include "llvm/CodeGen/ResourceCycle.h"
      |          ^~~~~~~~~~~~~~~~~~~~~~~~~~~~~~
compilation terminated.
[85/238] Building CXX object lib/Target/AIE/CMakeFiles/LLVMAIECodeGen.dir/AIEBaseTargetTransformInfo.cpp.o
FAILED: lib/Target/AIE/CMakeFiles/LLVMAIECodeGen.dir/AIEBaseTargetTransformInfo.cpp.o 
CCACHE_CPP2=yes CCACHE_HASHDIR=yes CCACHE_SLOPPINESS=pch_defines,time_macros /usr/bin/ccache /usr/bin/g++ -D_DEBUG -D_GLIBCXX_ASSERTIONS -D_GLIBCXX_USE_CXX11_ABI=1 -D_GNU_SOURCE -D_LIBCPP_HARDENING_MODE=_LIBCPP_HARDENING_MODE_EXTENSIVE -D__STDC_CONSTANT_MACROS -D__STDC_FORMAT_MACROS -D__STDC_LIMIT_MACROS -I/home/jtuyls/iree-ai/llvm-aie-port/build/lib/Target/AIE -I/home/jtuyls/iree-ai/llvm-aie-port/amd/aie/llvm/lib/Target/AIE -I/home/jtuyls/iree-ai/llvm-aie-port/build/include -I/home/jtuyls/iree-ai/llvm-aie-port/llvm/include -I/home/jtuyls/iree-ai/llvm-aie-port/amd/aie/llvm/include -fPIC -fno-semantic-interposition -fvisibility-inlines-hidden -Werror=date-time -Wall -Wextra -Wno-unused-parameter -Wwrite-strings -Wcast-qual -Wno-missing-field-initializers -pedantic -Wno-long-long -Wimplicit-fallthrough -Wno-uninitialized -Wno-nonnull -Wno-class-memaccess -Wno-dangling-reference -Wno-redundant-move -Wno-pessimizing-move -Wno-array-bounds -Wno-stringop-overread -Wno-dangling-pointer -Wno-noexcept-type -Wdelete-non-virtual-dtor -Wsuggest-override -Wno-comment -Wno-misleading-indentation -Wctad-maybe-unsupported -fdiagnostics-color -ffunction-sections -fdata-sections -O3 -DNDEBUG -std=c++17 -fvisibility=hidden -UNDEBUG -fno-exceptions -funwind-tables -fno-rtti -MD -MT lib/Target/AIE/CMakeFiles/LLVMAIECodeGen.dir/AIEBaseTargetTransformInfo.cpp.o -MF lib/Target/AIE/CMakeFiles/LLVMAIECodeGen.dir/AIEBaseTargetTransformInfo.cpp.o.d -o lib/Target/AIE/CMakeFiles/LLVMAIECodeGen.dir/AIEBaseTargetTransformInfo.cpp.o -c /home/jtuyls/iree-ai/llvm-aie-port/amd/aie/llvm/lib/Target/AIE/AIEBaseTargetTransformInfo.cpp
In file included from /home/jtuyls/iree-ai/llvm-aie-port/amd/aie/llvm/lib/Target/AIE/AIEBaseSubtarget.h:19,
                 from /home/jtuyls/iree-ai/llvm-aie-port/amd/aie/llvm/lib/Target/AIE/aie1/AIE1Subtarget.h:18,
                 from /home/jtuyls/iree-ai/llvm-aie-port/amd/aie/llvm/lib/Target/AIE/AIEBaseTargetTransformInfo.h:21,
                 from /home/jtuyls/iree-ai/llvm-aie-port/amd/aie/llvm/lib/Target/AIE/AIEBaseTargetTransformInfo.cpp:11:
/home/jtuyls/iree-ai/llvm-aie-port/amd/aie/llvm/lib/Target/AIE/AIEBaseInstrInfo.h:24:10: fatal error: llvm/CodeGen/ResourceCycle.h: No such file or directory
   24 | #include "llvm/CodeGen/ResourceCycle.h"
      |          ^~~~~~~~~~~~~~~~~~~~~~~~~~~~~~
compilation terminated.
[86/238] Building CXX object lib/Target/AIE/CMakeFiles/LLVMAIECodeGen.dir/AIEBaseRegisterBankInfo.cpp.o
FAILED: lib/Target/AIE/CMakeFiles/LLVMAIECodeGen.dir/AIEBaseRegisterBankInfo.cpp.o 
CCACHE_CPP2=yes CCACHE_HASHDIR=yes CCACHE_SLOPPINESS=pch_defines,time_macros /usr/bin/ccache /usr/bin/g++ -D_DEBUG -D_GLIBCXX_ASSERTIONS -D_GLIBCXX_USE_CXX11_ABI=1 -D_GNU_SOURCE -D_LIBCPP_HARDENING_MODE=_LIBCPP_HARDENING_MODE_EXTENSIVE -D__STDC_CONSTANT_MACROS -D__STDC_FORMAT_MACROS -D__STDC_LIMIT_MACROS -I/home/jtuyls/iree-ai/llvm-aie-port/build/lib/Target/AIE -I/home/jtuyls/iree-ai/llvm-aie-port/amd/aie/llvm/lib/Target/AIE -I/home/jtuyls/iree-ai/llvm-aie-port/build/include -I/home/jtuyls/iree-ai/llvm-aie-port/llvm/include -I/home/jtuyls/iree-ai/llvm-aie-port/amd/aie/llvm/include -fPIC -fno-semantic-interposition -fvisibility-inlines-hidden -Werror=date-time -Wall -Wextra -Wno-unused-parameter -Wwrite-strings -Wcast-qual -Wno-missing-field-initializers -pedantic -Wno-long-long -Wimplicit-fallthrough -Wno-uninitialized -Wno-nonnull -Wno-class-memaccess -Wno-dangling-reference -Wno-redundant-move -Wno-pessimizing-move -Wno-array-bounds -Wno-stringop-overread -Wno-dangling-pointer -Wno-noexcept-type -Wdelete-non-virtual-dtor -Wsuggest-override -Wno-comment -Wno-misleading-indentation -Wctad-maybe-unsupported -fdiagnostics-color -ffunction-sections -fdata-sections -O3 -DNDEBUG -std=c++17 -fvisibility=hidden -UNDEBUG -fno-exceptions -funwind-tables -fno-rtti -MD -MT lib/Target/AIE/CMakeFiles/LLVMAIECodeGen.dir/AIEBaseRegisterBankInfo.cpp.o -MF lib/Target/AIE/CMakeFiles/LLVMAIECodeGen.dir/AIEBaseRegisterBankInfo.cpp.o.d -o lib/Target/AIE/CMakeFiles/LLVMAIECodeGen.dir/AIEBaseRegisterBankInfo.cpp.o -c /home/jtuyls/iree-ai/llvm-aie-port/amd/aie/llvm/lib/Target/AIE/AIEBaseRegisterBankInfo.cpp
In file included from /home/jtuyls/iree-ai/llvm-aie-port/amd/aie/llvm/lib/Target/AIE/AIEBaseRegisterBankInfo.cpp:16:
/home/jtuyls/iree-ai/llvm-aie-port/amd/aie/llvm/lib/Target/AIE/AIEBaseInstrInfo.h:24:10: fatal error: llvm/CodeGen/ResourceCycle.h: No such file or directory
   24 | #include "llvm/CodeGen/ResourceCycle.h"
      |          ^~~~~~~~~~~~~~~~~~~~~~~~~~~~~~
compilation terminated.
[87/238] Building CXX object lib/Target/AIE/CMakeFiles/LLVMAIECodeGen.dir/AIEBaseHardwareLoops.cpp.o
FAILED: lib/Target/AIE/CMakeFiles/LLVMAIECodeGen.dir/AIEBaseHardwareLoops.cpp.o 
CCACHE_CPP2=yes CCACHE_HASHDIR=yes CCACHE_SLOPPINESS=pch_defines,time_macros /usr/bin/ccache /usr/bin/g++ -D_DEBUG -D_GLIBCXX_ASSERTIONS -D_GLIBCXX_USE_CXX11_ABI=1 -D_GNU_SOURCE -D_LIBCPP_HARDENING_MODE=_LIBCPP_HARDENING_MODE_EXTENSIVE -D__STDC_CONSTANT_MACROS -D__STDC_FORMAT_MACROS -D__STDC_LIMIT_MACROS -I/home/jtuyls/iree-ai/llvm-aie-port/build/lib/Target/AIE -I/home/jtuyls/iree-ai/llvm-aie-port/amd/aie/llvm/lib/Target/AIE -I/home/jtuyls/iree-ai/llvm-aie-port/build/include -I/home/jtuyls/iree-ai/llvm-aie-port/llvm/include -I/home/jtuyls/iree-ai/llvm-aie-port/amd/aie/llvm/include -fPIC -fno-semantic-interposition -fvisibility-inlines-hidden -Werror=date-time -Wall -Wextra -Wno-unused-parameter -Wwrite-strings -Wcast-qual -Wno-missing-field-initializers -pedantic -Wno-long-long -Wimplicit-fallthrough -Wno-uninitialized -Wno-nonnull -Wno-class-memaccess -Wno-dangling-reference -Wno-redundant-move -Wno-pessimizing-move -Wno-array-bounds -Wno-stringop-overread -Wno-dangling-pointer -Wno-noexcept-type -Wdelete-non-virtual-dtor -Wsuggest-override -Wno-comment -Wno-misleading-indentation -Wctad-maybe-unsupported -fdiagnostics-color -ffunction-sections -fdata-sections -O3 -DNDEBUG -std=c++17 -fvisibility=hidden -UNDEBUG -fno-exceptions -funwind-tables -fno-rtti -MD -MT lib/Target/AIE/CMakeFiles/LLVMAIECodeGen.dir/AIEBaseHardwareLoops.cpp.o -MF lib/Target/AIE/CMakeFiles/LLVMAIECodeGen.dir/AIEBaseHardwareLoops.cpp.o.d -o lib/Target/AIE/CMakeFiles/LLVMAIECodeGen.dir/AIEBaseHardwareLoops.cpp.o -c /home/jtuyls/iree-ai/llvm-aie-port/amd/aie/llvm/lib/Target/AIE/AIEBaseHardwareLoops.cpp
In file included from /home/jtuyls/iree-ai/llvm-aie-port/amd/aie/llvm/lib/Target/AIE/AIE2InstrInfo.h:21,
                 from /home/jtuyls/iree-ai/llvm-aie-port/amd/aie/llvm/lib/Target/AIE/AIEBaseHardwareLoops.cpp:26:
/home/jtuyls/iree-ai/llvm-aie-port/amd/aie/llvm/lib/Target/AIE/AIEBaseInstrInfo.h:24:10: fatal error: llvm/CodeGen/ResourceCycle.h: No such file or directory
   24 | #include "llvm/CodeGen/ResourceCycle.h"
      |          ^~~~~~~~~~~~~~~~~~~~~~~~~~~~~~
compilation terminated.
[88/238] Building CXX object lib/Target/AIE/CMakeFiles/LLVMAIECodeGen.dir/AIEBaseTargetMachine.cpp.o
FAILED: lib/Target/AIE/CMakeFiles/LLVMAIECodeGen.dir/AIEBaseTargetMachine.cpp.o 
CCACHE_CPP2=yes CCACHE_HASHDIR=yes CCACHE_SLOPPINESS=pch_defines,time_macros /usr/bin/ccache /usr/bin/g++ -D_DEBUG -D_GLIBCXX_ASSERTIONS -D_GLIBCXX_USE_CXX11_ABI=1 -D_GNU_SOURCE -D_LIBCPP_HARDENING_MODE=_LIBCPP_HARDENING_MODE_EXTENSIVE -D__STDC_CONSTANT_MACROS -D__STDC_FORMAT_MACROS -D__STDC_LIMIT_MACROS -I/home/jtuyls/iree-ai/llvm-aie-port/build/lib/Target/AIE -I/home/jtuyls/iree-ai/llvm-aie-port/amd/aie/llvm/lib/Target/AIE -I/home/jtuyls/iree-ai/llvm-aie-port/build/include -I/home/jtuyls/iree-ai/llvm-aie-port/llvm/include -I/home/jtuyls/iree-ai/llvm-aie-port/amd/aie/llvm/include -fPIC -fno-semantic-interposition -fvisibility-inlines-hidden -Werror=date-time -Wall -Wextra -Wno-unused-parameter -Wwrite-strings -Wcast-qual -Wno-missing-field-initializers -pedantic -Wno-long-long -Wimplicit-fallthrough -Wno-uninitialized -Wno-nonnull -Wno-class-memaccess -Wno-dangling-reference -Wno-redundant-move -Wno-pessimizing-move -Wno-array-bounds -Wno-stringop-overread -Wno-dangling-pointer -Wno-noexcept-type -Wdelete-non-virtual-dtor -Wsuggest-override -Wno-comment -Wno-misleading-indentation -Wctad-maybe-unsupported -fdiagnostics-color -ffunction-sections -fdata-sections -O3 -DNDEBUG -std=c++17 -fvisibility=hidden -UNDEBUG -fno-exceptions -funwind-tables -fno-rtti -MD -MT lib/Target/AIE/CMakeFiles/LLVMAIECodeGen.dir/AIEBaseTargetMachine.cpp.o -MF lib/Target/AIE/CMakeFiles/LLVMAIECodeGen.dir/AIEBaseTargetMachine.cpp.o.d -o lib/Target/AIE/CMakeFiles/LLVMAIECodeGen.dir/AIEBaseTargetMachine.cpp.o -c /home/jtuyls/iree-ai/llvm-aie-port/amd/aie/llvm/lib/Target/AIE/AIEBaseTargetMachine.cpp
In file included from /home/jtuyls/iree-ai/llvm-aie-port/amd/aie/llvm/lib/Target/AIE/AIEBaseSubtarget.h:19,
                 from /home/jtuyls/iree-ai/llvm-aie-port/amd/aie/llvm/lib/Target/AIE/AIEBaseFrameLowering.h:18,
                 from /home/jtuyls/iree-ai/llvm-aie-port/amd/aie/llvm/lib/Target/AIE/AIE2FrameLowering.h:18,
                 from /home/jtuyls/iree-ai/llvm-aie-port/amd/aie/llvm/lib/Target/AIE/AIE2Subtarget.h:19,
                 from /home/jtuyls/iree-ai/llvm-aie-port/amd/aie/llvm/lib/Target/AIE/AIE2TargetMachine.h:18,
                 from /home/jtuyls/iree-ai/llvm-aie-port/amd/aie/llvm/lib/Target/AIE/AIEBaseTargetMachine.cpp:18:
/home/jtuyls/iree-ai/llvm-aie-port/amd/aie/llvm/lib/Target/AIE/AIEBaseInstrInfo.h:24:10: fatal error: llvm/CodeGen/ResourceCycle.h: No such file or directory
   24 | #include "llvm/CodeGen/ResourceCycle.h"
      |          ^~~~~~~~~~~~~~~~~~~~~~~~~~~~~~
compilation terminated.
[89/238] Building CXX object lib/Target/AIE/CMakeFiles/LLVMAIECodeGen.dir/AIEBaseAsmPrinter.cpp.o
FAILED: lib/Target/AIE/CMakeFiles/LLVMAIECodeGen.dir/AIEBaseAsmPrinter.cpp.o 
CCACHE_CPP2=yes CCACHE_HASHDIR=yes CCACHE_SLOPPINESS=pch_defines,time_macros /usr/bin/ccache /usr/bin/g++ -D_DEBUG -D_GLIBCXX_ASSERTIONS -D_GLIBCXX_USE_CXX11_ABI=1 -D_GNU_SOURCE -D_LIBCPP_HARDENING_MODE=_LIBCPP_HARDENING_MODE_EXTENSIVE -D__STDC_CONSTANT_MACROS -D__STDC_FORMAT_MACROS -D__STDC_LIMIT_MACROS -I/home/jtuyls/iree-ai/llvm-aie-port/build/lib/Target/AIE -I/home/jtuyls/iree-ai/llvm-aie-port/amd/aie/llvm/lib/Target/AIE -I/home/jtuyls/iree-ai/llvm-aie-port/build/include -I/home/jtuyls/iree-ai/llvm-aie-port/llvm/include -I/home/jtuyls/iree-ai/llvm-aie-port/amd/aie/llvm/include -fPIC -fno-semantic-interposition -fvisibility-inlines-hidden -Werror=date-time -Wall -Wextra -Wno-unused-parameter -Wwrite-strings -Wcast-qual -Wno-missing-field-initializers -pedantic -Wno-long-long -Wimplicit-fallthrough -Wno-uninitialized -Wno-nonnull -Wno-class-memaccess -Wno-dangling-reference -Wno-redundant-move -Wno-pessimizing-move -Wno-array-bounds -Wno-stringop-overread -Wno-dangling-pointer -Wno-noexcept-type -Wdelete-non-virtual-dtor -Wsuggest-override -Wno-comment -Wno-misleading-indentation -Wctad-maybe-unsupported -fdiagnostics-color -ffunction-sections -fdata-sections -O3 -DNDEBUG -std=c++17 -fvisibility=hidden -UNDEBUG -fno-exceptions -funwind-tables -fno-rtti -MD -MT lib/Target/AIE/CMakeFiles/LLVMAIECodeGen.dir/AIEBaseAsmPrinter.cpp.o -MF lib/Target/AIE/CMakeFiles/LLVMAIECodeGen.dir/AIEBaseAsmPrinter.cpp.o.d -o lib/Target/AIE/CMakeFiles/LLVMAIECodeGen.dir/AIEBaseAsmPrinter.cpp.o -c /home/jtuyls/iree-ai/llvm-aie-port/amd/aie/llvm/lib/Target/AIE/AIEBaseAsmPrinter.cpp
In file included from /home/jtuyls/iree-ai/llvm-aie-port/amd/aie/llvm/lib/Target/AIE/AIEBaseSubtarget.h:19,
                 from /home/jtuyls/iree-ai/llvm-aie-port/amd/aie/llvm/lib/Target/AIE/AIEBundle.h:28,
                 from /home/jtuyls/iree-ai/llvm-aie-port/amd/aie/llvm/lib/Target/AIE/AIEBaseAsmPrinter.cpp:17:
/home/jtuyls/iree-ai/llvm-aie-port/amd/aie/llvm/lib/Target/AIE/AIEBaseInstrInfo.h:24:10: fatal error: llvm/CodeGen/ResourceCycle.h: No such file or directory
   24 | #include "llvm/CodeGen/ResourceCycle.h"
      |          ^~~~~~~~~~~~~~~~~~~~~~~~~~~~~~
compilation terminated.
[90/238] Building CXX object lib/Target/AIE/CMakeFiles/LLVMAIECodeGen.dir/AIEBaseRegisterInfo.cpp.o
FAILED: lib/Target/AIE/CMakeFiles/LLVMAIECodeGen.dir/AIEBaseRegisterInfo.cpp.o 
CCACHE_CPP2=yes CCACHE_HASHDIR=yes CCACHE_SLOPPINESS=pch_defines,time_macros /usr/bin/ccache /usr/bin/g++ -D_DEBUG -D_GLIBCXX_ASSERTIONS -D_GLIBCXX_USE_CXX11_ABI=1 -D_GNU_SOURCE -D_LIBCPP_HARDENING_MODE=_LIBCPP_HARDENING_MODE_EXTENSIVE -D__STDC_CONSTANT_MACROS -D__STDC_FORMAT_MACROS -D__STDC_LIMIT_MACROS -I/home/jtuyls/iree-ai/llvm-aie-port/build/lib/Target/AIE -I/home/jtuyls/iree-ai/llvm-aie-port/amd/aie/llvm/lib/Target/AIE -I/home/jtuyls/iree-ai/llvm-aie-port/build/include -I/home/jtuyls/iree-ai/llvm-aie-port/llvm/include -I/home/jtuyls/iree-ai/llvm-aie-port/amd/aie/llvm/include -fPIC -fno-semantic-interposition -fvisibility-inlines-hidden -Werror=date-time -Wall -Wextra -Wno-unused-parameter -Wwrite-strings -Wcast-qual -Wno-missing-field-initializers -pedantic -Wno-long-long -Wimplicit-fallthrough -Wno-uninitialized -Wno-nonnull -Wno-class-memaccess -Wno-dangling-reference -Wno-redundant-move -Wno-pessimizing-move -Wno-array-bounds -Wno-stringop-overread -Wno-dangling-pointer -Wno-noexcept-type -Wdelete-non-virtual-dtor -Wsuggest-override -Wno-comment -Wno-misleading-indentation -Wctad-maybe-unsupported -fdiagnostics-color -ffunction-sections -fdata-sections -O3 -DNDEBUG -std=c++17 -fvisibility=hidden -UNDEBUG -fno-exceptions -funwind-tables -fno-rtti -MD -MT lib/Target/AIE/CMakeFiles/LLVMAIECodeGen.dir/AIEBaseRegisterInfo.cpp.o -MF lib/Target/AIE/CMakeFiles/LLVMAIECodeGen.dir/AIEBaseRegisterInfo.cpp.o.d -o lib/Target/AIE/CMakeFiles/LLVMAIECodeGen.dir/AIEBaseRegisterInfo.cpp.o -c /home/jtuyls/iree-ai/llvm-aie-port/amd/aie/llvm/lib/Target/AIE/AIEBaseRegisterInfo.cpp
In file included from /home/jtuyls/iree-ai/llvm-aie-port/amd/aie/llvm/lib/Target/AIE/AIEBaseRegisterInfo.cpp:16:
/home/jtuyls/iree-ai/llvm-aie-port/amd/aie/llvm/lib/Target/AIE/AIEBaseInstrInfo.h:24:10: fatal error: llvm/CodeGen/ResourceCycle.h: No such file or directory
   24 | #include "llvm/CodeGen/ResourceCycle.h"
      |          ^~~~~~~~~~~~~~~~~~~~~~~~~~~~~~
compilation terminated.
[91/238] Building CXX object lib/Target/AIE/CMakeFiles/LLVMAIECodeGen.dir/AIEBaseSubtarget.cpp.o
FAILED: lib/Target/AIE/CMakeFiles/LLVMAIECodeGen.dir/AIEBaseSubtarget.cpp.o 
CCACHE_CPP2=yes CCACHE_HASHDIR=yes CCACHE_SLOPPINESS=pch_defines,time_macros /usr/bin/ccache /usr/bin/g++ -D_DEBUG -D_GLIBCXX_ASSERTIONS -D_GLIBCXX_USE_CXX11_ABI=1 -D_GNU_SOURCE -D_LIBCPP_HARDENING_MODE=_LIBCPP_HARDENING_MODE_EXTENSIVE -D__STDC_CONSTANT_MACROS -D__STDC_FORMAT_MACROS -D__STDC_LIMIT_MACROS -I/home/jtuyls/iree-ai/llvm-aie-port/build/lib/Target/AIE -I/home/jtuyls/iree-ai/llvm-aie-port/amd/aie/llvm/lib/Target/AIE -I/home/jtuyls/iree-ai/llvm-aie-port/build/include -I/home/jtuyls/iree-ai/llvm-aie-port/llvm/include -I/home/jtuyls/iree-ai/llvm-aie-port/amd/aie/llvm/include -fPIC -fno-semantic-interposition -fvisibility-inlines-hidden -Werror=date-time -Wall -Wextra -Wno-unused-parameter -Wwrite-strings -Wcast-qual -Wno-missing-field-initializers -pedantic -Wno-long-long -Wimplicit-fallthrough -Wno-uninitialized -Wno-nonnull -Wno-class-memaccess -Wno-dangling-reference -Wno-redundant-move -Wno-pessimizing-move -Wno-array-bounds -Wno-stringop-overread -Wno-dangling-pointer -Wno-noexcept-type -Wdelete-non-virtual-dtor -Wsuggest-override -Wno-comment -Wno-misleading-indentation -Wctad-maybe-unsupported -fdiagnostics-color -ffunction-sections -fdata-sections -O3 -DNDEBUG -std=c++17 -fvisibility=hidden -UNDEBUG -fno-exceptions -funwind-tables -fno-rtti -MD -MT lib/Target/AIE/CMakeFiles/LLVMAIECodeGen.dir/AIEBaseSubtarget.cpp.o -MF lib/Target/AIE/CMakeFiles/LLVMAIECodeGen.dir/AIEBaseSubtarget.cpp.o.d -o lib/Target/AIE/CMakeFiles/LLVMAIECodeGen.dir/AIEBaseSubtarget.cpp.o -c /home/jtuyls/iree-ai/llvm-aie-port/amd/aie/llvm/lib/Target/AIE/AIEBaseSubtarget.cpp
In file included from /home/jtuyls/iree-ai/llvm-aie-port/amd/aie/llvm/lib/Target/AIE/AIEBaseSubtarget.h:19,
                 from /home/jtuyls/iree-ai/llvm-aie-port/amd/aie/llvm/lib/Target/AIE/AIEBaseSubtarget.cpp:15:
/home/jtuyls/iree-ai/llvm-aie-port/amd/aie/llvm/lib/Target/AIE/AIEBaseInstrInfo.h:24:10: fatal error: llvm/CodeGen/ResourceCycle.h: No such file or directory
   24 | #include "llvm/CodeGen/ResourceCycle.h"
      |          ^~~~~~~~~~~~~~~~~~~~~~~~~~~~~~
compilation terminated.
[92/238] Building CXX object lib/Target/AIE/CMakeFiles/LLVMAIECodeGen.dir/AIEAddressSpaceFlattening.cpp.o
FAILED: lib/Target/AIE/CMakeFiles/LLVMAIECodeGen.dir/AIEAddressSpaceFlattening.cpp.o 
CCACHE_CPP2=yes CCACHE_HASHDIR=yes CCACHE_SLOPPINESS=pch_defines,time_macros /usr/bin/ccache /usr/bin/g++ -D_DEBUG -D_GLIBCXX_ASSERTIONS -D_GLIBCXX_USE_CXX11_ABI=1 -D_GNU_SOURCE -D_LIBCPP_HARDENING_MODE=_LIBCPP_HARDENING_MODE_EXTENSIVE -D__STDC_CONSTANT_MACROS -D__STDC_FORMAT_MACROS -D__STDC_LIMIT_MACROS -I/home/jtuyls/iree-ai/llvm-aie-port/build/lib/Target/AIE -I/home/jtuyls/iree-ai/llvm-aie-port/amd/aie/llvm/lib/Target/AIE -I/home/jtuyls/iree-ai/llvm-aie-port/build/include -I/home/jtuyls/iree-ai/llvm-aie-port/llvm/include -I/home/jtuyls/iree-ai/llvm-aie-port/amd/aie/llvm/include -fPIC -fno-semantic-interposition -fvisibility-inlines-hidden -Werror=date-time -Wall -Wextra -Wno-unused-parameter -Wwrite-strings -Wcast-qual -Wno-missing-field-initializers -pedantic -Wno-long-long -Wimplicit-fallthrough -Wno-uninitialized -Wno-nonnull -Wno-class-memaccess -Wno-dangling-reference -Wno-redundant-move -Wno-pessimizing-move -Wno-array-bounds -Wno-stringop-overread -Wno-dangling-pointer -Wno-noexcept-type -Wdelete-non-virtual-dtor -Wsuggest-override -Wno-comment -Wno-misleading-indentation -Wctad-maybe-unsupported -fdiagnostics-color -ffunction-sections -fdata-sections -O3 -DNDEBUG -std=c++17 -fvisibility=hidden -UNDEBUG -fno-exceptions -funwind-tables -fno-rtti -MD -MT lib/Target/AIE/CMakeFiles/LLVMAIECodeGen.dir/AIEAddressSpaceFlattening.cpp.o -MF lib/Target/AIE/CMakeFiles/LLVMAIECodeGen.dir/AIEAddressSpaceFlattening.cpp.o.d -o lib/Target/AIE/CMakeFiles/LLVMAIECodeGen.dir/AIEAddressSpaceFlattening.cpp.o -c /home/jtuyls/iree-ai/llvm-aie-port/amd/aie/llvm/lib/Target/AIE/AIEAddressSpaceFlattening.cpp
In file included from /home/jtuyls/iree-ai/llvm-aie-port/amd/aie/llvm/lib/Target/AIE/AIEBaseSubtarget.h:19,
                 from /home/jtuyls/iree-ai/llvm-aie-port/amd/aie/llvm/lib/Target/AIE/AIEAddressSpaceFlattening.cpp:16:
/home/jtuyls/iree-ai/llvm-aie-port/amd/aie/llvm/lib/Target/AIE/AIEBaseInstrInfo.h:24:10: fatal error: llvm/CodeGen/ResourceCycle.h: No such file or directory
   24 | #include "llvm/CodeGen/ResourceCycle.h"
      |          ^~~~~~~~~~~~~~~~~~~~~~~~~~~~~~
compilation terminated.
[93/238] Building CXX object lib/Object/CMakeFiles/LLVMObject.dir/IRSymtab.cpp.o
[94/238] Linking CXX static library lib/libLLVMObject.a
[95/238] Building CXX object lib/Target/AIE/CMakeFiles/LLVMAIECodeGen.dir/AIEMachineScheduler.cpp.o
FAILED: lib/Target/AIE/CMakeFiles/LLVMAIECodeGen.dir/AIEMachineScheduler.cpp.o 
CCACHE_CPP2=yes CCACHE_HASHDIR=yes CCACHE_SLOPPINESS=pch_defines,time_macros /usr/bin/ccache /usr/bin/g++ -D_DEBUG -D_GLIBCXX_ASSERTIONS -D_GLIBCXX_USE_CXX11_ABI=1 -D_GNU_SOURCE -D_LIBCPP_HARDENING_MODE=_LIBCPP_HARDENING_MODE_EXTENSIVE -D__STDC_CONSTANT_MACROS -D__STDC_FORMAT_MACROS -D__STDC_LIMIT_MACROS -I/home/jtuyls/iree-ai/llvm-aie-port/build/lib/Target/AIE -I/home/jtuyls/iree-ai/llvm-aie-port/amd/aie/llvm/lib/Target/AIE -I/home/jtuyls/iree-ai/llvm-aie-port/build/include -I/home/jtuyls/iree-ai/llvm-aie-port/llvm/include -I/home/jtuyls/iree-ai/llvm-aie-port/amd/aie/llvm/include -fPIC -fno-semantic-interposition -fvisibility-inlines-hidden -Werror=date-time -Wall -Wextra -Wno-unused-parameter -Wwrite-strings -Wcast-qual -Wno-missing-field-initializers -pedantic -Wno-long-long -Wimplicit-fallthrough -Wno-uninitialized -Wno-nonnull -Wno-class-memaccess -Wno-dangling-reference -Wno-redundant-move -Wno-pessimizing-move -Wno-array-bounds -Wno-stringop-overread -Wno-dangling-pointer -Wno-noexcept-type -Wdelete-non-virtual-dtor -Wsuggest-override -Wno-comment -Wno-misleading-indentation -Wctad-maybe-unsupported -fdiagnostics-color -ffunction-sections -fdata-sections -O3 -DNDEBUG -std=c++17 -fvisibility=hidden -UNDEBUG -fno-exceptions -funwind-tables -fno-rtti -MD -MT lib/Target/AIE/CMakeFiles/LLVMAIECodeGen.dir/AIEMachineScheduler.cpp.o -MF lib/Target/AIE/CMakeFiles/LLVMAIECodeGen.dir/AIEMachineScheduler.cpp.o.d -o lib/Target/AIE/CMakeFiles/LLVMAIECodeGen.dir/AIEMachineScheduler.cpp.o -c /home/jtuyls/iree-ai/llvm-aie-port/amd/aie/llvm/lib/Target/AIE/AIEMachineScheduler.cpp
In file included from /home/jtuyls/iree-ai/llvm-aie-port/amd/aie/llvm/lib/Target/AIE/AIEBaseSubtarget.h:19,
                 from /home/jtuyls/iree-ai/llvm-aie-port/amd/aie/llvm/lib/Target/AIE/AIEAlternateDescriptors.h:18,
                 from /home/jtuyls/iree-ai/llvm-aie-port/amd/aie/llvm/lib/Target/AIE/AIEHazardRecognizer.h:16,
                 from /home/jtuyls/iree-ai/llvm-aie-port/amd/aie/llvm/lib/Target/AIE/AIEMachineScheduler.h:18,
                 from /home/jtuyls/iree-ai/llvm-aie-port/amd/aie/llvm/lib/Target/AIE/AIEMachineScheduler.cpp:11:
/home/jtuyls/iree-ai/llvm-aie-port/amd/aie/llvm/lib/Target/AIE/AIEBaseInstrInfo.h:24:10: fatal error: llvm/CodeGen/ResourceCycle.h: No such file or directory
   24 | #include "llvm/CodeGen/ResourceCycle.h"
      |          ^~~~~~~~~~~~~~~~~~~~~~~~~~~~~~
compilation terminated.
[96/238] Building CXX object lib/Target/AIE/CMakeFiles/LLVMAIECodeGen.dir/AIEMultiSlotInstrMaterializer.cpp.o
FAILED: lib/Target/AIE/CMakeFiles/LLVMAIECodeGen.dir/AIEMultiSlotInstrMaterializer.cpp.o 
CCACHE_CPP2=yes CCACHE_HASHDIR=yes CCACHE_SLOPPINESS=pch_defines,time_macros /usr/bin/ccache /usr/bin/g++ -D_DEBUG -D_GLIBCXX_ASSERTIONS -D_GLIBCXX_USE_CXX11_ABI=1 -D_GNU_SOURCE -D_LIBCPP_HARDENING_MODE=_LIBCPP_HARDENING_MODE_EXTENSIVE -D__STDC_CONSTANT_MACROS -D__STDC_FORMAT_MACROS -D__STDC_LIMIT_MACROS -I/home/jtuyls/iree-ai/llvm-aie-port/build/lib/Target/AIE -I/home/jtuyls/iree-ai/llvm-aie-port/amd/aie/llvm/lib/Target/AIE -I/home/jtuyls/iree-ai/llvm-aie-port/build/include -I/home/jtuyls/iree-ai/llvm-aie-port/llvm/include -I/home/jtuyls/iree-ai/llvm-aie-port/amd/aie/llvm/include -fPIC -fno-semantic-interposition -fvisibility-inlines-hidden -Werror=date-time -Wall -Wextra -Wno-unused-parameter -Wwrite-strings -Wcast-qual -Wno-missing-field-initializers -pedantic -Wno-long-long -Wimplicit-fallthrough -Wno-uninitialized -Wno-nonnull -Wno-class-memaccess -Wno-dangling-reference -Wno-redundant-move -Wno-pessimizing-move -Wno-array-bounds -Wno-stringop-overread -Wno-dangling-pointer -Wno-noexcept-type -Wdelete-non-virtual-dtor -Wsuggest-override -Wno-comment -Wno-misleading-indentation -Wctad-maybe-unsupported -fdiagnostics-color -ffunction-sections -fdata-sections -O3 -DNDEBUG -std=c++17 -fvisibility=hidden -UNDEBUG -fno-exceptions -funwind-tables -fno-rtti -MD -MT lib/Target/AIE/CMakeFiles/LLVMAIECodeGen.dir/AIEMultiSlotInstrMaterializer.cpp.o -MF lib/Target/AIE/CMakeFiles/LLVMAIECodeGen.dir/AIEMultiSlotInstrMaterializer.cpp.o.d -o lib/Target/AIE/CMakeFiles/LLVMAIECodeGen.dir/AIEMultiSlotInstrMaterializer.cpp.o -c /home/jtuyls/iree-ai/llvm-aie-port/amd/aie/llvm/lib/Target/AIE/AIEMultiSlotInstrMaterializer.cpp
In file included from /home/jtuyls/iree-ai/llvm-aie-port/amd/aie/llvm/lib/Target/AIE/AIEBaseSubtarget.h:19,
                 from /home/jtuyls/iree-ai/llvm-aie-port/amd/aie/llvm/lib/Target/AIE/AIEAlternateDescriptors.h:18,
                 from /home/jtuyls/iree-ai/llvm-aie-port/amd/aie/llvm/lib/Target/AIE/AIEHazardRecognizer.h:16,
                 from /home/jtuyls/iree-ai/llvm-aie-port/amd/aie/llvm/lib/Target/AIE/AIEMultiSlotInstrMaterializer.cpp:17:
/home/jtuyls/iree-ai/llvm-aie-port/amd/aie/llvm/lib/Target/AIE/AIEBaseInstrInfo.h:24:10: fatal error: llvm/CodeGen/ResourceCycle.h: No such file or directory
   24 | #include "llvm/CodeGen/ResourceCycle.h"
      |          ^~~~~~~~~~~~~~~~~~~~~~~~~~~~~~
compilation terminated.
[97/238] Building CXX object lib/Target/AIE/CMakeFiles/LLVMAIECodeGen.dir/AIEPostPipeliner.cpp.o
FAILED: lib/Target/AIE/CMakeFiles/LLVMAIECodeGen.dir/AIEPostPipeliner.cpp.o 
CCACHE_CPP2=yes CCACHE_HASHDIR=yes CCACHE_SLOPPINESS=pch_defines,time_macros /usr/bin/ccache /usr/bin/g++ -D_DEBUG -D_GLIBCXX_ASSERTIONS -D_GLIBCXX_USE_CXX11_ABI=1 -D_GNU_SOURCE -D_LIBCPP_HARDENING_MODE=_LIBCPP_HARDENING_MODE_EXTENSIVE -D__STDC_CONSTANT_MACROS -D__STDC_FORMAT_MACROS -D__STDC_LIMIT_MACROS -I/home/jtuyls/iree-ai/llvm-aie-port/build/lib/Target/AIE -I/home/jtuyls/iree-ai/llvm-aie-port/amd/aie/llvm/lib/Target/AIE -I/home/jtuyls/iree-ai/llvm-aie-port/build/include -I/home/jtuyls/iree-ai/llvm-aie-port/llvm/include -I/home/jtuyls/iree-ai/llvm-aie-port/amd/aie/llvm/include -fPIC -fno-semantic-interposition -fvisibility-inlines-hidden -Werror=date-time -Wall -Wextra -Wno-unused-parameter -Wwrite-strings -Wcast-qual -Wno-missing-field-initializers -pedantic -Wno-long-long -Wimplicit-fallthrough -Wno-uninitialized -Wno-nonnull -Wno-class-memaccess -Wno-dangling-reference -Wno-redundant-move -Wno-pessimizing-move -Wno-array-bounds -Wno-stringop-overread -Wno-dangling-pointer -Wno-noexcept-type -Wdelete-non-virtual-dtor -Wsuggest-override -Wno-comment -Wno-misleading-indentation -Wctad-maybe-unsupported -fdiagnostics-color -ffunction-sections -fdata-sections -O3 -DNDEBUG -std=c++17 -fvisibility=hidden -UNDEBUG -fno-exceptions -funwind-tables -fno-rtti -MD -MT lib/Target/AIE/CMakeFiles/LLVMAIECodeGen.dir/AIEPostPipeliner.cpp.o -MF lib/Target/AIE/CMakeFiles/LLVMAIECodeGen.dir/AIEPostPipeliner.cpp.o.d -o lib/Target/AIE/CMakeFiles/LLVMAIECodeGen.dir/AIEPostPipeliner.cpp.o -c /home/jtuyls/iree-ai/llvm-aie-port/amd/aie/llvm/lib/Target/AIE/AIEPostPipeliner.cpp
In file included from /home/jtuyls/iree-ai/llvm-aie-port/amd/aie/llvm/lib/Target/AIE/AIEBaseSubtarget.h:19,
                 from /home/jtuyls/iree-ai/llvm-aie-port/amd/aie/llvm/lib/Target/AIE/AIEAlternateDescriptors.h:18,
                 from /home/jtuyls/iree-ai/llvm-aie-port/amd/aie/llvm/lib/Target/AIE/AIEHazardRecognizer.h:16,
                 from /home/jtuyls/iree-ai/llvm-aie-port/amd/aie/llvm/lib/Target/AIE/AIEPostPipeliner.h:17,
                 from /home/jtuyls/iree-ai/llvm-aie-port/amd/aie/llvm/lib/Target/AIE/AIEPostPipeliner.cpp:14:
/home/jtuyls/iree-ai/llvm-aie-port/amd/aie/llvm/lib/Target/AIE/AIEBaseInstrInfo.h:24:10: fatal error: llvm/CodeGen/ResourceCycle.h: No such file or directory
   24 | #include "llvm/CodeGen/ResourceCycle.h"
      |          ^~~~~~~~~~~~~~~~~~~~~~~~~~~~~~
compilation terminated.
[98/238] Building CXX object lib/Target/AIE/CMakeFiles/LLVMAIECodeGen.dir/AIEDataDependenceHelper.cpp.o
FAILED: lib/Target/AIE/CMakeFiles/LLVMAIECodeGen.dir/AIEDataDependenceHelper.cpp.o 
CCACHE_CPP2=yes CCACHE_HASHDIR=yes CCACHE_SLOPPINESS=pch_defines,time_macros /usr/bin/ccache /usr/bin/g++ -D_DEBUG -D_GLIBCXX_ASSERTIONS -D_GLIBCXX_USE_CXX11_ABI=1 -D_GNU_SOURCE -D_LIBCPP_HARDENING_MODE=_LIBCPP_HARDENING_MODE_EXTENSIVE -D__STDC_CONSTANT_MACROS -D__STDC_FORMAT_MACROS -D__STDC_LIMIT_MACROS -I/home/jtuyls/iree-ai/llvm-aie-port/build/lib/Target/AIE -I/home/jtuyls/iree-ai/llvm-aie-port/amd/aie/llvm/lib/Target/AIE -I/home/jtuyls/iree-ai/llvm-aie-port/build/include -I/home/jtuyls/iree-ai/llvm-aie-port/llvm/include -I/home/jtuyls/iree-ai/llvm-aie-port/amd/aie/llvm/include -fPIC -fno-semantic-interposition -fvisibility-inlines-hidden -Werror=date-time -Wall -Wextra -Wno-unused-parameter -Wwrite-strings -Wcast-qual -Wno-missing-field-initializers -pedantic -Wno-long-long -Wimplicit-fallthrough -Wno-uninitialized -Wno-nonnull -Wno-class-memaccess -Wno-dangling-reference -Wno-redundant-move -Wno-pessimizing-move -Wno-array-bounds -Wno-stringop-overread -Wno-dangling-pointer -Wno-noexcept-type -Wdelete-non-virtual-dtor -Wsuggest-override -Wno-comment -Wno-misleading-indentation -Wctad-maybe-unsupported -fdiagnostics-color -ffunction-sections -fdata-sections -O3 -DNDEBUG -std=c++17 -fvisibility=hidden -UNDEBUG -fno-exceptions -funwind-tables -fno-rtti -MD -MT lib/Target/AIE/CMakeFiles/LLVMAIECodeGen.dir/AIEDataDependenceHelper.cpp.o -MF lib/Target/AIE/CMakeFiles/LLVMAIECodeGen.dir/AIEDataDependenceHelper.cpp.o.d -o lib/Target/AIE/CMakeFiles/LLVMAIECodeGen.dir/AIEDataDependenceHelper.cpp.o -c /home/jtuyls/iree-ai/llvm-aie-port/amd/aie/llvm/lib/Target/AIE/AIEDataDependenceHelper.cpp
In file included from /home/jtuyls/iree-ai/llvm-aie-port/amd/aie/llvm/lib/Target/AIE/AIEBaseSubtarget.h:19,
                 from /home/jtuyls/iree-ai/llvm-aie-port/amd/aie/llvm/lib/Target/AIE/AIEDataDependenceHelper.cpp:12:
/home/jtuyls/iree-ai/llvm-aie-port/amd/aie/llvm/lib/Target/AIE/AIEBaseInstrInfo.h:24:10: fatal error: llvm/CodeGen/ResourceCycle.h: No such file or directory
   24 | #include "llvm/CodeGen/ResourceCycle.h"
      |          ^~~~~~~~~~~~~~~~~~~~~~~~~~~~~~
compilation terminated.
[99/238] Building CXX object lib/Target/AIE/CMakeFiles/LLVMAIECodeGen.dir/AIECallLowering.cpp.o
FAILED: lib/Target/AIE/CMakeFiles/LLVMAIECodeGen.dir/AIECallLowering.cpp.o 
CCACHE_CPP2=yes CCACHE_HASHDIR=yes CCACHE_SLOPPINESS=pch_defines,time_macros /usr/bin/ccache /usr/bin/g++ -D_DEBUG -D_GLIBCXX_ASSERTIONS -D_GLIBCXX_USE_CXX11_ABI=1 -D_GNU_SOURCE -D_LIBCPP_HARDENING_MODE=_LIBCPP_HARDENING_MODE_EXTENSIVE -D__STDC_CONSTANT_MACROS -D__STDC_FORMAT_MACROS -D__STDC_LIMIT_MACROS -I/home/jtuyls/iree-ai/llvm-aie-port/build/lib/Target/AIE -I/home/jtuyls/iree-ai/llvm-aie-port/amd/aie/llvm/lib/Target/AIE -I/home/jtuyls/iree-ai/llvm-aie-port/build/include -I/home/jtuyls/iree-ai/llvm-aie-port/llvm/include -I/home/jtuyls/iree-ai/llvm-aie-port/amd/aie/llvm/include -fPIC -fno-semantic-interposition -fvisibility-inlines-hidden -Werror=date-time -Wall -Wextra -Wno-unused-parameter -Wwrite-strings -Wcast-qual -Wno-missing-field-initializers -pedantic -Wno-long-long -Wimplicit-fallthrough -Wno-uninitialized -Wno-nonnull -Wno-class-memaccess -Wno-dangling-reference -Wno-redundant-move -Wno-pessimizing-move -Wno-array-bounds -Wno-stringop-overread -Wno-dangling-pointer -Wno-noexcept-type -Wdelete-non-virtual-dtor -Wsuggest-override -Wno-comment -Wno-misleading-indentation -Wctad-maybe-unsupported -fdiagnostics-color -ffunction-sections -fdata-sections -O3 -DNDEBUG -std=c++17 -fvisibility=hidden -UNDEBUG -fno-exceptions -funwind-tables -fno-rtti -MD -MT lib/Target/AIE/CMakeFiles/LLVMAIECodeGen.dir/AIECallLowering.cpp.o -MF lib/Target/AIE/CMakeFiles/LLVMAIECodeGen.dir/AIECallLowering.cpp.o.d -o lib/Target/AIE/CMakeFiles/LLVMAIECodeGen.dir/AIECallLowering.cpp.o -c /home/jtuyls/iree-ai/llvm-aie-port/amd/aie/llvm/lib/Target/AIE/AIECallLowering.cpp
In file included from /home/jtuyls/iree-ai/llvm-aie-port/amd/aie/llvm/lib/Target/AIE/AIECallLowering.cpp:19:
/home/jtuyls/iree-ai/llvm-aie-port/amd/aie/llvm/lib/Target/AIE/AIEBaseInstrInfo.h:24:10: fatal error: llvm/CodeGen/ResourceCycle.h: No such file or directory
   24 | #include "llvm/CodeGen/ResourceCycle.h"
      |          ^~~~~~~~~~~~~~~~~~~~~~~~~~~~~~
compilation terminated.
[100/238] Building CXX object lib/Target/AIE/CMakeFiles/LLVMAIECodeGen.dir/AIEMaxLatencyFinder.cpp.o
FAILED: lib/Target/AIE/CMakeFiles/LLVMAIECodeGen.dir/AIEMaxLatencyFinder.cpp.o 
CCACHE_CPP2=yes CCACHE_HASHDIR=yes CCACHE_SLOPPINESS=pch_defines,time_macros /usr/bin/ccache /usr/bin/g++ -D_DEBUG -D_GLIBCXX_ASSERTIONS -D_GLIBCXX_USE_CXX11_ABI=1 -D_GNU_SOURCE -D_LIBCPP_HARDENING_MODE=_LIBCPP_HARDENING_MODE_EXTENSIVE -D__STDC_CONSTANT_MACROS -D__STDC_FORMAT_MACROS -D__STDC_LIMIT_MACROS -I/home/jtuyls/iree-ai/llvm-aie-port/build/lib/Target/AIE -I/home/jtuyls/iree-ai/llvm-aie-port/amd/aie/llvm/lib/Target/AIE -I/home/jtuyls/iree-ai/llvm-aie-port/build/include -I/home/jtuyls/iree-ai/llvm-aie-port/llvm/include -I/home/jtuyls/iree-ai/llvm-aie-port/amd/aie/llvm/include -fPIC -fno-semantic-interposition -fvisibility-inlines-hidden -Werror=date-time -Wall -Wextra -Wno-unused-parameter -Wwrite-strings -Wcast-qual -Wno-missing-field-initializers -pedantic -Wno-long-long -Wimplicit-fallthrough -Wno-uninitialized -Wno-nonnull -Wno-class-memaccess -Wno-dangling-reference -Wno-redundant-move -Wno-pessimizing-move -Wno-array-bounds -Wno-stringop-overread -Wno-dangling-pointer -Wno-noexcept-type -Wdelete-non-virtual-dtor -Wsuggest-override -Wno-comment -Wno-misleading-indentation -Wctad-maybe-unsupported -fdiagnostics-color -ffunction-sections -fdata-sections -O3 -DNDEBUG -std=c++17 -fvisibility=hidden -UNDEBUG -fno-exceptions -funwind-tables -fno-rtti -MD -MT lib/Target/AIE/CMakeFiles/LLVMAIECodeGen.dir/AIEMaxLatencyFinder.cpp.o -MF lib/Target/AIE/CMakeFiles/LLVMAIECodeGen.dir/AIEMaxLatencyFinder.cpp.o.d -o lib/Target/AIE/CMakeFiles/LLVMAIECodeGen.dir/AIEMaxLatencyFinder.cpp.o -c /home/jtuyls/iree-ai/llvm-aie-port/amd/aie/llvm/lib/Target/AIE/AIEMaxLatencyFinder.cpp
In file included from /home/jtuyls/iree-ai/llvm-aie-port/amd/aie/llvm/lib/Target/AIE/AIEBaseSubtarget.h:19,
                 from /home/jtuyls/iree-ai/llvm-aie-port/amd/aie/llvm/lib/Target/AIE/AIEMaxLatencyFinder.h:18,
                 from /home/jtuyls/iree-ai/llvm-aie-port/amd/aie/llvm/lib/Target/AIE/AIEMaxLatencyFinder.cpp:15:
/home/jtuyls/iree-ai/llvm-aie-port/amd/aie/llvm/lib/Target/AIE/AIEBaseInstrInfo.h:24:10: fatal error: llvm/CodeGen/ResourceCycle.h: No such file or directory
   24 | #include "llvm/CodeGen/ResourceCycle.h"
      |          ^~~~~~~~~~~~~~~~~~~~~~~~~~~~~~
compilation terminated.
[101/238] Building CXX object lib/Target/AIE/CMakeFiles/LLVMAIECodeGen.dir/AIEPostSelectOptimize.cpp.o
FAILED: lib/Target/AIE/CMakeFiles/LLVMAIECodeGen.dir/AIEPostSelectOptimize.cpp.o 
CCACHE_CPP2=yes CCACHE_HASHDIR=yes CCACHE_SLOPPINESS=pch_defines,time_macros /usr/bin/ccache /usr/bin/g++ -D_DEBUG -D_GLIBCXX_ASSERTIONS -D_GLIBCXX_USE_CXX11_ABI=1 -D_GNU_SOURCE -D_LIBCPP_HARDENING_MODE=_LIBCPP_HARDENING_MODE_EXTENSIVE -D__STDC_CONSTANT_MACROS -D__STDC_FORMAT_MACROS -D__STDC_LIMIT_MACROS -I/home/jtuyls/iree-ai/llvm-aie-port/build/lib/Target/AIE -I/home/jtuyls/iree-ai/llvm-aie-port/amd/aie/llvm/lib/Target/AIE -I/home/jtuyls/iree-ai/llvm-aie-port/build/include -I/home/jtuyls/iree-ai/llvm-aie-port/llvm/include -I/home/jtuyls/iree-ai/llvm-aie-port/amd/aie/llvm/include -fPIC -fno-semantic-interposition -fvisibility-inlines-hidden -Werror=date-time -Wall -Wextra -Wno-unused-parameter -Wwrite-strings -Wcast-qual -Wno-missing-field-initializers -pedantic -Wno-long-long -Wimplicit-fallthrough -Wno-uninitialized -Wno-nonnull -Wno-class-memaccess -Wno-dangling-reference -Wno-redundant-move -Wno-pessimizing-move -Wno-array-bounds -Wno-stringop-overread -Wno-dangling-pointer -Wno-noexcept-type -Wdelete-non-virtual-dtor -Wsuggest-override -Wno-comment -Wno-misleading-indentation -Wctad-maybe-unsupported -fdiagnostics-color -ffunction-sections -fdata-sections -O3 -DNDEBUG -std=c++17 -fvisibility=hidden -UNDEBUG -fno-exceptions -funwind-tables -fno-rtti -MD -MT lib/Target/AIE/CMakeFiles/LLVMAIECodeGen.dir/AIEPostSelectOptimize.cpp.o -MF lib/Target/AIE/CMakeFiles/LLVMAIECodeGen.dir/AIEPostSelectOptimize.cpp.o.d -o lib/Target/AIE/CMakeFiles/LLVMAIECodeGen.dir/AIEPostSelectOptimize.cpp.o -c /home/jtuyls/iree-ai/llvm-aie-port/amd/aie/llvm/lib/Target/AIE/AIEPostSelectOptimize.cpp
In file included from /home/jtuyls/iree-ai/llvm-aie-port/amd/aie/llvm/lib/Target/AIE/AIEPostSelectOptimize.cpp:32:
/home/jtuyls/iree-ai/llvm-aie-port/amd/aie/llvm/lib/Target/AIE/AIEBaseInstrInfo.h:24:10: fatal error: llvm/CodeGen/ResourceCycle.h: No such file or directory
   24 | #include "llvm/CodeGen/ResourceCycle.h"
      |          ^~~~~~~~~~~~~~~~~~~~~~~~~~~~~~
compilation terminated.
[102/238] Building CXX object lib/Target/AIE/CMakeFiles/LLVMAIECodeGen.dir/AIESpillSlotOptimization.cpp.o
FAILED: lib/Target/AIE/CMakeFiles/LLVMAIECodeGen.dir/AIESpillSlotOptimization.cpp.o 
CCACHE_CPP2=yes CCACHE_HASHDIR=yes CCACHE_SLOPPINESS=pch_defines,time_macros /usr/bin/ccache /usr/bin/g++ -D_DEBUG -D_GLIBCXX_ASSERTIONS -D_GLIBCXX_USE_CXX11_ABI=1 -D_GNU_SOURCE -D_LIBCPP_HARDENING_MODE=_LIBCPP_HARDENING_MODE_EXTENSIVE -D__STDC_CONSTANT_MACROS -D__STDC_FORMAT_MACROS -D__STDC_LIMIT_MACROS -I/home/jtuyls/iree-ai/llvm-aie-port/build/lib/Target/AIE -I/home/jtuyls/iree-ai/llvm-aie-port/amd/aie/llvm/lib/Target/AIE -I/home/jtuyls/iree-ai/llvm-aie-port/build/include -I/home/jtuyls/iree-ai/llvm-aie-port/llvm/include -I/home/jtuyls/iree-ai/llvm-aie-port/amd/aie/llvm/include -fPIC -fno-semantic-interposition -fvisibility-inlines-hidden -Werror=date-time -Wall -Wextra -Wno-unused-parameter -Wwrite-strings -Wcast-qual -Wno-missing-field-initializers -pedantic -Wno-long-long -Wimplicit-fallthrough -Wno-uninitialized -Wno-nonnull -Wno-class-memaccess -Wno-dangling-reference -Wno-redundant-move -Wno-pessimizing-move -Wno-array-bounds -Wno-stringop-overread -Wno-dangling-pointer -Wno-noexcept-type -Wdelete-non-virtual-dtor -Wsuggest-override -Wno-comment -Wno-misleading-indentation -Wctad-maybe-unsupported -fdiagnostics-color -ffunction-sections -fdata-sections -O3 -DNDEBUG -std=c++17 -fvisibility=hidden -UNDEBUG -fno-exceptions -funwind-tables -fno-rtti -MD -MT lib/Target/AIE/CMakeFiles/LLVMAIECodeGen.dir/AIESpillSlotOptimization.cpp.o -MF lib/Target/AIE/CMakeFiles/LLVMAIECodeGen.dir/AIESpillSlotOptimization.cpp.o.d -o lib/Target/AIE/CMakeFiles/LLVMAIECodeGen.dir/AIESpillSlotOptimization.cpp.o -c /home/jtuyls/iree-ai/llvm-aie-port/amd/aie/llvm/lib/Target/AIE/AIESpillSlotOptimization.cpp
In file included from /home/jtuyls/iree-ai/llvm-aie-port/amd/aie/llvm/lib/Target/AIE/AIESpillSlotOptimization.cpp:27:
/home/jtuyls/iree-ai/llvm-aie-port/amd/aie/llvm/lib/Target/AIE/AIEBaseInstrInfo.h:24:10: fatal error: llvm/CodeGen/ResourceCycle.h: No such file or directory
   24 | #include "llvm/CodeGen/ResourceCycle.h"
      |          ^~~~~~~~~~~~~~~~~~~~~~~~~~~~~~
compilation terminated.
[103/238] Building CXX object lib/Target/AIE/CMakeFiles/LLVMAIECodeGen.dir/AIESlotStatistics.cpp.o
FAILED: lib/Target/AIE/CMakeFiles/LLVMAIECodeGen.dir/AIESlotStatistics.cpp.o 
CCACHE_CPP2=yes CCACHE_HASHDIR=yes CCACHE_SLOPPINESS=pch_defines,time_macros /usr/bin/ccache /usr/bin/g++ -D_DEBUG -D_GLIBCXX_ASSERTIONS -D_GLIBCXX_USE_CXX11_ABI=1 -D_GNU_SOURCE -D_LIBCPP_HARDENING_MODE=_LIBCPP_HARDENING_MODE_EXTENSIVE -D__STDC_CONSTANT_MACROS -D__STDC_FORMAT_MACROS -D__STDC_LIMIT_MACROS -I/home/jtuyls/iree-ai/llvm-aie-port/build/lib/Target/AIE -I/home/jtuyls/iree-ai/llvm-aie-port/amd/aie/llvm/lib/Target/AIE -I/home/jtuyls/iree-ai/llvm-aie-port/build/include -I/home/jtuyls/iree-ai/llvm-aie-port/llvm/include -I/home/jtuyls/iree-ai/llvm-aie-port/amd/aie/llvm/include -fPIC -fno-semantic-interposition -fvisibility-inlines-hidden -Werror=date-time -Wall -Wextra -Wno-unused-parameter -Wwrite-strings -Wcast-qual -Wno-missing-field-initializers -pedantic -Wno-long-long -Wimplicit-fallthrough -Wno-uninitialized -Wno-nonnull -Wno-class-memaccess -Wno-dangling-reference -Wno-redundant-move -Wno-pessimizing-move -Wno-array-bounds -Wno-stringop-overread -Wno-dangling-pointer -Wno-noexcept-type -Wdelete-non-virtual-dtor -Wsuggest-override -Wno-comment -Wno-misleading-indentation -Wctad-maybe-unsupported -fdiagnostics-color -ffunction-sections -fdata-sections -O3 -DNDEBUG -std=c++17 -fvisibility=hidden -UNDEBUG -fno-exceptions -funwind-tables -fno-rtti -MD -MT lib/Target/AIE/CMakeFiles/LLVMAIECodeGen.dir/AIESlotStatistics.cpp.o -MF lib/Target/AIE/CMakeFiles/LLVMAIECodeGen.dir/AIESlotStatistics.cpp.o.d -o lib/Target/AIE/CMakeFiles/LLVMAIECodeGen.dir/AIESlotStatistics.cpp.o -c /home/jtuyls/iree-ai/llvm-aie-port/amd/aie/llvm/lib/Target/AIE/AIESlotStatistics.cpp
In file included from /home/jtuyls/iree-ai/llvm-aie-port/amd/aie/llvm/lib/Target/AIE/AIESlotStatistics.cpp:11:
/home/jtuyls/iree-ai/llvm-aie-port/amd/aie/llvm/lib/Target/AIE/AIEBaseInstrInfo.h:24:10: fatal error: llvm/CodeGen/ResourceCycle.h: No such file or directory
   24 | #include "llvm/CodeGen/ResourceCycle.h"
      |          ^~~~~~~~~~~~~~~~~~~~~~~~~~~~~~
compilation terminated.
[104/238] Building CXX object lib/Target/AIE/CMakeFiles/LLVMAIECodeGen.dir/AIELegalizerHelper.cpp.o
FAILED: lib/Target/AIE/CMakeFiles/LLVMAIECodeGen.dir/AIELegalizerHelper.cpp.o 
CCACHE_CPP2=yes CCACHE_HASHDIR=yes CCACHE_SLOPPINESS=pch_defines,time_macros /usr/bin/ccache /usr/bin/g++ -D_DEBUG -D_GLIBCXX_ASSERTIONS -D_GLIBCXX_USE_CXX11_ABI=1 -D_GNU_SOURCE -D_LIBCPP_HARDENING_MODE=_LIBCPP_HARDENING_MODE_EXTENSIVE -D__STDC_CONSTANT_MACROS -D__STDC_FORMAT_MACROS -D__STDC_LIMIT_MACROS -I/home/jtuyls/iree-ai/llvm-aie-port/build/lib/Target/AIE -I/home/jtuyls/iree-ai/llvm-aie-port/amd/aie/llvm/lib/Target/AIE -I/home/jtuyls/iree-ai/llvm-aie-port/build/include -I/home/jtuyls/iree-ai/llvm-aie-port/llvm/include -I/home/jtuyls/iree-ai/llvm-aie-port/amd/aie/llvm/include -fPIC -fno-semantic-interposition -fvisibility-inlines-hidden -Werror=date-time -Wall -Wextra -Wno-unused-parameter -Wwrite-strings -Wcast-qual -Wno-missing-field-initializers -pedantic -Wno-long-long -Wimplicit-fallthrough -Wno-uninitialized -Wno-nonnull -Wno-class-memaccess -Wno-dangling-reference -Wno-redundant-move -Wno-pessimizing-move -Wno-array-bounds -Wno-stringop-overread -Wno-dangling-pointer -Wno-noexcept-type -Wdelete-non-virtual-dtor -Wsuggest-override -Wno-comment -Wno-misleading-indentation -Wctad-maybe-unsupported -fdiagnostics-color -ffunction-sections -fdata-sections -O3 -DNDEBUG -std=c++17 -fvisibility=hidden -UNDEBUG -fno-exceptions -funwind-tables -fno-rtti -MD -MT lib/Target/AIE/CMakeFiles/LLVMAIECodeGen.dir/AIELegalizerHelper.cpp.o -MF lib/Target/AIE/CMakeFiles/LLVMAIECodeGen.dir/AIELegalizerHelper.cpp.o.d -o lib/Target/AIE/CMakeFiles/LLVMAIECodeGen.dir/AIELegalizerHelper.cpp.o -c /home/jtuyls/iree-ai/llvm-aie-port/amd/aie/llvm/lib/Target/AIE/AIELegalizerHelper.cpp
In file included from /home/jtuyls/iree-ai/llvm-aie-port/amd/aie/llvm/lib/Target/AIE/AIELegalizerHelper.cpp:16:
/home/jtuyls/iree-ai/llvm-aie-port/amd/aie/llvm/lib/Target/AIE/AIEBaseInstrInfo.h:24:10: fatal error: llvm/CodeGen/ResourceCycle.h: No such file or directory
   24 | #include "llvm/CodeGen/ResourceCycle.h"
      |          ^~~~~~~~~~~~~~~~~~~~~~~~~~~~~~
compilation terminated.
[105/238] Building CXX object lib/Target/AIE/CMakeFiles/LLVMAIECodeGen.dir/AIEPtrModOptimizer.cpp.o
FAILED: lib/Target/AIE/CMakeFiles/LLVMAIECodeGen.dir/AIEPtrModOptimizer.cpp.o 
CCACHE_CPP2=yes CCACHE_HASHDIR=yes CCACHE_SLOPPINESS=pch_defines,time_macros /usr/bin/ccache /usr/bin/g++ -D_DEBUG -D_GLIBCXX_ASSERTIONS -D_GLIBCXX_USE_CXX11_ABI=1 -D_GNU_SOURCE -D_LIBCPP_HARDENING_MODE=_LIBCPP_HARDENING_MODE_EXTENSIVE -D__STDC_CONSTANT_MACROS -D__STDC_FORMAT_MACROS -D__STDC_LIMIT_MACROS -I/home/jtuyls/iree-ai/llvm-aie-port/build/lib/Target/AIE -I/home/jtuyls/iree-ai/llvm-aie-port/amd/aie/llvm/lib/Target/AIE -I/home/jtuyls/iree-ai/llvm-aie-port/build/include -I/home/jtuyls/iree-ai/llvm-aie-port/llvm/include -I/home/jtuyls/iree-ai/llvm-aie-port/amd/aie/llvm/include -fPIC -fno-semantic-interposition -fvisibility-inlines-hidden -Werror=date-time -Wall -Wextra -Wno-unused-parameter -Wwrite-strings -Wcast-qual -Wno-missing-field-initializers -pedantic -Wno-long-long -Wimplicit-fallthrough -Wno-uninitialized -Wno-nonnull -Wno-class-memaccess -Wno-dangling-reference -Wno-redundant-move -Wno-pessimizing-move -Wno-array-bounds -Wno-stringop-overread -Wno-dangling-pointer -Wno-noexcept-type -Wdelete-non-virtual-dtor -Wsuggest-override -Wno-comment -Wno-misleading-indentation -Wctad-maybe-unsupported -fdiagnostics-color -ffunction-sections -fdata-sections -O3 -DNDEBUG -std=c++17 -fvisibility=hidden -UNDEBUG -fno-exceptions -funwind-tables -fno-rtti -MD -MT lib/Target/AIE/CMakeFiles/LLVMAIECodeGen.dir/AIEPtrModOptimizer.cpp.o -MF lib/Target/AIE/CMakeFiles/LLVMAIECodeGen.dir/AIEPtrModOptimizer.cpp.o.d -o lib/Target/AIE/CMakeFiles/LLVMAIECodeGen.dir/AIEPtrModOptimizer.cpp.o -c /home/jtuyls/iree-ai/llvm-aie-port/amd/aie/llvm/lib/Target/AIE/AIEPtrModOptimizer.cpp
In file included from /home/jtuyls/iree-ai/llvm-aie-port/amd/aie/llvm/lib/Target/AIE/AIEGlobalCombiner.h:33,
                 from /home/jtuyls/iree-ai/llvm-aie-port/amd/aie/llvm/lib/Target/AIE/AIEPtrModOptimizer.h:21,
                 from /home/jtuyls/iree-ai/llvm-aie-port/amd/aie/llvm/lib/Target/AIE/AIEPtrModOptimizer.cpp:16:
/home/jtuyls/iree-ai/llvm-aie-port/amd/aie/llvm/lib/Target/AIE/AIEBaseInstrInfo.h:24:10: fatal error: llvm/CodeGen/ResourceCycle.h: No such file or directory
   24 | #include "llvm/CodeGen/ResourceCycle.h"
      |          ^~~~~~~~~~~~~~~~~~~~~~~~~~~~~~
compilation terminated.
[106/238] Building CXX object lib/Target/AIE/CMakeFiles/LLVMAIECodeGen.dir/AIEBaseISelLowering.cpp.o
FAILED: lib/Target/AIE/CMakeFiles/LLVMAIECodeGen.dir/AIEBaseISelLowering.cpp.o 
CCACHE_CPP2=yes CCACHE_HASHDIR=yes CCACHE_SLOPPINESS=pch_defines,time_macros /usr/bin/ccache /usr/bin/g++ -D_DEBUG -D_GLIBCXX_ASSERTIONS -D_GLIBCXX_USE_CXX11_ABI=1 -D_GNU_SOURCE -D_LIBCPP_HARDENING_MODE=_LIBCPP_HARDENING_MODE_EXTENSIVE -D__STDC_CONSTANT_MACROS -D__STDC_FORMAT_MACROS -D__STDC_LIMIT_MACROS -I/home/jtuyls/iree-ai/llvm-aie-port/build/lib/Target/AIE -I/home/jtuyls/iree-ai/llvm-aie-port/amd/aie/llvm/lib/Target/AIE -I/home/jtuyls/iree-ai/llvm-aie-port/build/include -I/home/jtuyls/iree-ai/llvm-aie-port/llvm/include -I/home/jtuyls/iree-ai/llvm-aie-port/amd/aie/llvm/include -fPIC -fno-semantic-interposition -fvisibility-inlines-hidden -Werror=date-time -Wall -Wextra -Wno-unused-parameter -Wwrite-strings -Wcast-qual -Wno-missing-field-initializers -pedantic -Wno-long-long -Wimplicit-fallthrough -Wno-uninitialized -Wno-nonnull -Wno-class-memaccess -Wno-dangling-reference -Wno-redundant-move -Wno-pessimizing-move -Wno-array-bounds -Wno-stringop-overread -Wno-dangling-pointer -Wno-noexcept-type -Wdelete-non-virtual-dtor -Wsuggest-override -Wno-comment -Wno-misleading-indentation -Wctad-maybe-unsupported -fdiagnostics-color -ffunction-sections -fdata-sections -O3 -DNDEBUG -std=c++17 -fvisibility=hidden -UNDEBUG -fno-exceptions -funwind-tables -fno-rtti -MD -MT lib/Target/AIE/CMakeFiles/LLVMAIECodeGen.dir/AIEBaseISelLowering.cpp.o -MF lib/Target/AIE/CMakeFiles/LLVMAIECodeGen.dir/AIEBaseISelLowering.cpp.o.d -o lib/Target/AIE/CMakeFiles/LLVMAIECodeGen.dir/AIEBaseISelLowering.cpp.o -c /home/jtuyls/iree-ai/llvm-aie-port/amd/aie/llvm/lib/Target/AIE/AIEBaseISelLowering.cpp
In file included from /home/jtuyls/iree-ai/llvm-aie-port/amd/aie/llvm/lib/Target/AIE/AIEBaseSubtarget.h:19,
                 from /home/jtuyls/iree-ai/llvm-aie-port/amd/aie/llvm/lib/Target/AIE/AIEBaseISelLowering.cpp:17:
/home/jtuyls/iree-ai/llvm-aie-port/amd/aie/llvm/lib/Target/AIE/AIEBaseInstrInfo.h:24:10: fatal error: llvm/CodeGen/ResourceCycle.h: No such file or directory
   24 | #include "llvm/CodeGen/ResourceCycle.h"
      |          ^~~~~~~~~~~~~~~~~~~~~~~~~~~~~~
compilation terminated.
[107/238] Building CXX object lib/Target/AIE/CMakeFiles/LLVMAIECodeGen.dir/AIEPseudoBranchExpansion.cpp.o
FAILED: lib/Target/AIE/CMakeFiles/LLVMAIECodeGen.dir/AIEPseudoBranchExpansion.cpp.o 
CCACHE_CPP2=yes CCACHE_HASHDIR=yes CCACHE_SLOPPINESS=pch_defines,time_macros /usr/bin/ccache /usr/bin/g++ -D_DEBUG -D_GLIBCXX_ASSERTIONS -D_GLIBCXX_USE_CXX11_ABI=1 -D_GNU_SOURCE -D_LIBCPP_HARDENING_MODE=_LIBCPP_HARDENING_MODE_EXTENSIVE -D__STDC_CONSTANT_MACROS -D__STDC_FORMAT_MACROS -D__STDC_LIMIT_MACROS -I/home/jtuyls/iree-ai/llvm-aie-port/build/lib/Target/AIE -I/home/jtuyls/iree-ai/llvm-aie-port/amd/aie/llvm/lib/Target/AIE -I/home/jtuyls/iree-ai/llvm-aie-port/build/include -I/home/jtuyls/iree-ai/llvm-aie-port/llvm/include -I/home/jtuyls/iree-ai/llvm-aie-port/amd/aie/llvm/include -fPIC -fno-semantic-interposition -fvisibility-inlines-hidden -Werror=date-time -Wall -Wextra -Wno-unused-parameter -Wwrite-strings -Wcast-qual -Wno-missing-field-initializers -pedantic -Wno-long-long -Wimplicit-fallthrough -Wno-uninitialized -Wno-nonnull -Wno-class-memaccess -Wno-dangling-reference -Wno-redundant-move -Wno-pessimizing-move -Wno-array-bounds -Wno-stringop-overread -Wno-dangling-pointer -Wno-noexcept-type -Wdelete-non-virtual-dtor -Wsuggest-override -Wno-comment -Wno-misleading-indentation -Wctad-maybe-unsupported -fdiagnostics-color -ffunction-sections -fdata-sections -O3 -DNDEBUG -std=c++17 -fvisibility=hidden -UNDEBUG -fno-exceptions -funwind-tables -fno-rtti -MD -MT lib/Target/AIE/CMakeFiles/LLVMAIECodeGen.dir/AIEPseudoBranchExpansion.cpp.o -MF lib/Target/AIE/CMakeFiles/LLVMAIECodeGen.dir/AIEPseudoBranchExpansion.cpp.o.d -o lib/Target/AIE/CMakeFiles/LLVMAIECodeGen.dir/AIEPseudoBranchExpansion.cpp.o -c /home/jtuyls/iree-ai/llvm-aie-port/amd/aie/llvm/lib/Target/AIE/AIEPseudoBranchExpansion.cpp
In file included from /home/jtuyls/iree-ai/llvm-aie-port/amd/aie/llvm/lib/Target/AIE/AIEPseudoBranchExpansion.cpp:11:
/home/jtuyls/iree-ai/llvm-aie-port/amd/aie/llvm/lib/Target/AIE/AIEBaseInstrInfo.h:24:10: fatal error: llvm/CodeGen/ResourceCycle.h: No such file or directory
   24 | #include "llvm/CodeGen/ResourceCycle.h"
      |          ^~~~~~~~~~~~~~~~~~~~~~~~~~~~~~
compilation terminated.
[108/238] Building CXX object lib/Target/AIE/CMakeFiles/LLVMAIECodeGen.dir/AIERegMemEventTracker.cpp.o
FAILED: lib/Target/AIE/CMakeFiles/LLVMAIECodeGen.dir/AIERegMemEventTracker.cpp.o 
CCACHE_CPP2=yes CCACHE_HASHDIR=yes CCACHE_SLOPPINESS=pch_defines,time_macros /usr/bin/ccache /usr/bin/g++ -D_DEBUG -D_GLIBCXX_ASSERTIONS -D_GLIBCXX_USE_CXX11_ABI=1 -D_GNU_SOURCE -D_LIBCPP_HARDENING_MODE=_LIBCPP_HARDENING_MODE_EXTENSIVE -D__STDC_CONSTANT_MACROS -D__STDC_FORMAT_MACROS -D__STDC_LIMIT_MACROS -I/home/jtuyls/iree-ai/llvm-aie-port/build/lib/Target/AIE -I/home/jtuyls/iree-ai/llvm-aie-port/amd/aie/llvm/lib/Target/AIE -I/home/jtuyls/iree-ai/llvm-aie-port/build/include -I/home/jtuyls/iree-ai/llvm-aie-port/llvm/include -I/home/jtuyls/iree-ai/llvm-aie-port/amd/aie/llvm/include -fPIC -fno-semantic-interposition -fvisibility-inlines-hidden -Werror=date-time -Wall -Wextra -Wno-unused-parameter -Wwrite-strings -Wcast-qual -Wno-missing-field-initializers -pedantic -Wno-long-long -Wimplicit-fallthrough -Wno-uninitialized -Wno-nonnull -Wno-class-memaccess -Wno-dangling-reference -Wno-redundant-move -Wno-pessimizing-move -Wno-array-bounds -Wno-stringop-overread -Wno-dangling-pointer -Wno-noexcept-type -Wdelete-non-virtual-dtor -Wsuggest-override -Wno-comment -Wno-misleading-indentation -Wctad-maybe-unsupported -fdiagnostics-color -ffunction-sections -fdata-sections -O3 -DNDEBUG -std=c++17 -fvisibility=hidden -UNDEBUG -fno-exceptions -funwind-tables -fno-rtti -MD -MT lib/Target/AIE/CMakeFiles/LLVMAIECodeGen.dir/AIERegMemEventTracker.cpp.o -MF lib/Target/AIE/CMakeFiles/LLVMAIECodeGen.dir/AIERegMemEventTracker.cpp.o.d -o lib/Target/AIE/CMakeFiles/LLVMAIECodeGen.dir/AIERegMemEventTracker.cpp.o -c /home/jtuyls/iree-ai/llvm-aie-port/amd/aie/llvm/lib/Target/AIE/AIERegMemEventTracker.cpp
In file included from /home/jtuyls/iree-ai/llvm-aie-port/amd/aie/llvm/lib/Target/AIE/AIERegMemEventTracker.h:20,
                 from /home/jtuyls/iree-ai/llvm-aie-port/amd/aie/llvm/lib/Target/AIE/AIERegMemEventTracker.cpp:17:
/home/jtuyls/iree-ai/llvm-aie-port/amd/aie/llvm/lib/Target/AIE/AIEBaseInstrInfo.h:24:10: fatal error: llvm/CodeGen/ResourceCycle.h: No such file or directory
   24 | #include "llvm/CodeGen/ResourceCycle.h"
      |          ^~~~~~~~~~~~~~~~~~~~~~~~~~~~~~
compilation terminated.
[109/238] Building CXX object lib/Target/AIE/CMakeFiles/LLVMAIECodeGen.dir/AIESlotUtils.cpp.o
FAILED: lib/Target/AIE/CMakeFiles/LLVMAIECodeGen.dir/AIESlotUtils.cpp.o 
CCACHE_CPP2=yes CCACHE_HASHDIR=yes CCACHE_SLOPPINESS=pch_defines,time_macros /usr/bin/ccache /usr/bin/g++ -D_DEBUG -D_GLIBCXX_ASSERTIONS -D_GLIBCXX_USE_CXX11_ABI=1 -D_GNU_SOURCE -D_LIBCPP_HARDENING_MODE=_LIBCPP_HARDENING_MODE_EXTENSIVE -D__STDC_CONSTANT_MACROS -D__STDC_FORMAT_MACROS -D__STDC_LIMIT_MACROS -I/home/jtuyls/iree-ai/llvm-aie-port/build/lib/Target/AIE -I/home/jtuyls/iree-ai/llvm-aie-port/amd/aie/llvm/lib/Target/AIE -I/home/jtuyls/iree-ai/llvm-aie-port/build/include -I/home/jtuyls/iree-ai/llvm-aie-port/llvm/include -I/home/jtuyls/iree-ai/llvm-aie-port/amd/aie/llvm/include -fPIC -fno-semantic-interposition -fvisibility-inlines-hidden -Werror=date-time -Wall -Wextra -Wno-unused-parameter -Wwrite-strings -Wcast-qual -Wno-missing-field-initializers -pedantic -Wno-long-long -Wimplicit-fallthrough -Wno-uninitialized -Wno-nonnull -Wno-class-memaccess -Wno-dangling-reference -Wno-redundant-move -Wno-pessimizing-move -Wno-array-bounds -Wno-stringop-overread -Wno-dangling-pointer -Wno-noexcept-type -Wdelete-non-virtual-dtor -Wsuggest-override -Wno-comment -Wno-misleading-indentation -Wctad-maybe-unsupported -fdiagnostics-color -ffunction-sections -fdata-sections -O3 -DNDEBUG -std=c++17 -fvisibility=hidden -UNDEBUG -fno-exceptions -funwind-tables -fno-rtti -MD -MT lib/Target/AIE/CMakeFiles/LLVMAIECodeGen.dir/AIESlotUtils.cpp.o -MF lib/Target/AIE/CMakeFiles/LLVMAIECodeGen.dir/AIESlotUtils.cpp.o.d -o lib/Target/AIE/CMakeFiles/LLVMAIECodeGen.dir/AIESlotUtils.cpp.o -c /home/jtuyls/iree-ai/llvm-aie-port/amd/aie/llvm/lib/Target/AIE/AIESlotUtils.cpp
In file included from /home/jtuyls/iree-ai/llvm-aie-port/amd/aie/llvm/lib/Target/AIE/AIESlotUtils.cpp:12:
/home/jtuyls/iree-ai/llvm-aie-port/amd/aie/llvm/lib/Target/AIE/AIEBaseInstrInfo.h:24:10: fatal error: llvm/CodeGen/ResourceCycle.h: No such file or directory
   24 | #include "llvm/CodeGen/ResourceCycle.h"
      |          ^~~~~~~~~~~~~~~~~~~~~~~~~~~~~~
compilation terminated.
[110/238] Building CXX object lib/Target/AIE/CMakeFiles/LLVMAIECodeGen.dir/AIESubRegConstrainer.cpp.o
FAILED: lib/Target/AIE/CMakeFiles/LLVMAIECodeGen.dir/AIESubRegConstrainer.cpp.o 
CCACHE_CPP2=yes CCACHE_HASHDIR=yes CCACHE_SLOPPINESS=pch_defines,time_macros /usr/bin/ccache /usr/bin/g++ -D_DEBUG -D_GLIBCXX_ASSERTIONS -D_GLIBCXX_USE_CXX11_ABI=1 -D_GNU_SOURCE -D_LIBCPP_HARDENING_MODE=_LIBCPP_HARDENING_MODE_EXTENSIVE -D__STDC_CONSTANT_MACROS -D__STDC_FORMAT_MACROS -D__STDC_LIMIT_MACROS -I/home/jtuyls/iree-ai/llvm-aie-port/build/lib/Target/AIE -I/home/jtuyls/iree-ai/llvm-aie-port/amd/aie/llvm/lib/Target/AIE -I/home/jtuyls/iree-ai/llvm-aie-port/build/include -I/home/jtuyls/iree-ai/llvm-aie-port/llvm/include -I/home/jtuyls/iree-ai/llvm-aie-port/amd/aie/llvm/include -fPIC -fno-semantic-interposition -fvisibility-inlines-hidden -Werror=date-time -Wall -Wextra -Wno-unused-parameter -Wwrite-strings -Wcast-qual -Wno-missing-field-initializers -pedantic -Wno-long-long -Wimplicit-fallthrough -Wno-uninitialized -Wno-nonnull -Wno-class-memaccess -Wno-dangling-reference -Wno-redundant-move -Wno-pessimizing-move -Wno-array-bounds -Wno-stringop-overread -Wno-dangling-pointer -Wno-noexcept-type -Wdelete-non-virtual-dtor -Wsuggest-override -Wno-comment -Wno-misleading-indentation -Wctad-maybe-unsupported -fdiagnostics-color -ffunction-sections -fdata-sections -O3 -DNDEBUG -std=c++17 -fvisibility=hidden -UNDEBUG -fno-exceptions -funwind-tables -fno-rtti -MD -MT lib/Target/AIE/CMakeFiles/LLVMAIECodeGen.dir/AIESubRegConstrainer.cpp.o -MF lib/Target/AIE/CMakeFiles/LLVMAIECodeGen.dir/AIESubRegConstrainer.cpp.o.d -o lib/Target/AIE/CMakeFiles/LLVMAIECodeGen.dir/AIESubRegConstrainer.cpp.o -c /home/jtuyls/iree-ai/llvm-aie-port/amd/aie/llvm/lib/Target/AIE/AIESubRegConstrainer.cpp
In file included from /home/jtuyls/iree-ai/llvm-aie-port/amd/aie/llvm/lib/Target/AIE/AIESubRegConstrainer.cpp:11:
/home/jtuyls/iree-ai/llvm-aie-port/amd/aie/llvm/lib/Target/AIE/AIEBaseInstrInfo.h:24:10: fatal error: llvm/CodeGen/ResourceCycle.h: No such file or directory
   24 | #include "llvm/CodeGen/ResourceCycle.h"
      |          ^~~~~~~~~~~~~~~~~~~~~~~~~~~~~~
compilation terminated.
[111/238] Building CXX object lib/Target/AIE/CMakeFiles/LLVMAIECodeGen.dir/AIESuperRegRewriter.cpp.o
FAILED: lib/Target/AIE/CMakeFiles/LLVMAIECodeGen.dir/AIESuperRegRewriter.cpp.o 
CCACHE_CPP2=yes CCACHE_HASHDIR=yes CCACHE_SLOPPINESS=pch_defines,time_macros /usr/bin/ccache /usr/bin/g++ -D_DEBUG -D_GLIBCXX_ASSERTIONS -D_GLIBCXX_USE_CXX11_ABI=1 -D_GNU_SOURCE -D_LIBCPP_HARDENING_MODE=_LIBCPP_HARDENING_MODE_EXTENSIVE -D__STDC_CONSTANT_MACROS -D__STDC_FORMAT_MACROS -D__STDC_LIMIT_MACROS -I/home/jtuyls/iree-ai/llvm-aie-port/build/lib/Target/AIE -I/home/jtuyls/iree-ai/llvm-aie-port/amd/aie/llvm/lib/Target/AIE -I/home/jtuyls/iree-ai/llvm-aie-port/build/include -I/home/jtuyls/iree-ai/llvm-aie-port/llvm/include -I/home/jtuyls/iree-ai/llvm-aie-port/amd/aie/llvm/include -fPIC -fno-semantic-interposition -fvisibility-inlines-hidden -Werror=date-time -Wall -Wextra -Wno-unused-parameter -Wwrite-strings -Wcast-qual -Wno-missing-field-initializers -pedantic -Wno-long-long -Wimplicit-fallthrough -Wno-uninitialized -Wno-nonnull -Wno-class-memaccess -Wno-dangling-reference -Wno-redundant-move -Wno-pessimizing-move -Wno-array-bounds -Wno-stringop-overread -Wno-dangling-pointer -Wno-noexcept-type -Wdelete-non-virtual-dtor -Wsuggest-override -Wno-comment -Wno-misleading-indentation -Wctad-maybe-unsupported -fdiagnostics-color -ffunction-sections -fdata-sections -O3 -DNDEBUG -std=c++17 -fvisibility=hidden -UNDEBUG -fno-exceptions -funwind-tables -fno-rtti -MD -MT lib/Target/AIE/CMakeFiles/LLVMAIECodeGen.dir/AIESuperRegRewriter.cpp.o -MF lib/Target/AIE/CMakeFiles/LLVMAIECodeGen.dir/AIESuperRegRewriter.cpp.o.d -o lib/Target/AIE/CMakeFiles/LLVMAIECodeGen.dir/AIESuperRegRewriter.cpp.o -c /home/jtuyls/iree-ai/llvm-aie-port/amd/aie/llvm/lib/Target/AIE/AIESuperRegRewriter.cpp
In file included from /home/jtuyls/iree-ai/llvm-aie-port/amd/aie/llvm/lib/Target/AIE/AIESuperRegRewriter.cpp:11:
/home/jtuyls/iree-ai/llvm-aie-port/amd/aie/llvm/lib/Target/AIE/AIEBaseInstrInfo.h:24:10: fatal error: llvm/CodeGen/ResourceCycle.h: No such file or directory
   24 | #include "llvm/CodeGen/ResourceCycle.h"
      |          ^~~~~~~~~~~~~~~~~~~~~~~~~~~~~~
compilation terminated.
[112/238] Building CXX object lib/Target/AIE/CMakeFiles/LLVMAIECodeGen.dir/AIESplitInstructionRewriter.cpp.o
FAILED: lib/Target/AIE/CMakeFiles/LLVMAIECodeGen.dir/AIESplitInstructionRewriter.cpp.o 
CCACHE_CPP2=yes CCACHE_HASHDIR=yes CCACHE_SLOPPINESS=pch_defines,time_macros /usr/bin/ccache /usr/bin/g++ -D_DEBUG -D_GLIBCXX_ASSERTIONS -D_GLIBCXX_USE_CXX11_ABI=1 -D_GNU_SOURCE -D_LIBCPP_HARDENING_MODE=_LIBCPP_HARDENING_MODE_EXTENSIVE -D__STDC_CONSTANT_MACROS -D__STDC_FORMAT_MACROS -D__STDC_LIMIT_MACROS -I/home/jtuyls/iree-ai/llvm-aie-port/build/lib/Target/AIE -I/home/jtuyls/iree-ai/llvm-aie-port/amd/aie/llvm/lib/Target/AIE -I/home/jtuyls/iree-ai/llvm-aie-port/build/include -I/home/jtuyls/iree-ai/llvm-aie-port/llvm/include -I/home/jtuyls/iree-ai/llvm-aie-port/amd/aie/llvm/include -fPIC -fno-semantic-interposition -fvisibility-inlines-hidden -Werror=date-time -Wall -Wextra -Wno-unused-parameter -Wwrite-strings -Wcast-qual -Wno-missing-field-initializers -pedantic -Wno-long-long -Wimplicit-fallthrough -Wno-uninitialized -Wno-nonnull -Wno-class-memaccess -Wno-dangling-reference -Wno-redundant-move -Wno-pessimizing-move -Wno-array-bounds -Wno-stringop-overread -Wno-dangling-pointer -Wno-noexcept-type -Wdelete-non-virtual-dtor -Wsuggest-override -Wno-comment -Wno-misleading-indentation -Wctad-maybe-unsupported -fdiagnostics-color -ffunction-sections -fdata-sections -O3 -DNDEBUG -std=c++17 -fvisibility=hidden -UNDEBUG -fno-exceptions -funwind-tables -fno-rtti -MD -MT lib/Target/AIE/CMakeFiles/LLVMAIECodeGen.dir/AIESplitInstructionRewriter.cpp.o -MF lib/Target/AIE/CMakeFiles/LLVMAIECodeGen.dir/AIESplitInstructionRewriter.cpp.o.d -o lib/Target/AIE/CMakeFiles/LLVMAIECodeGen.dir/AIESplitInstructionRewriter.cpp.o -c /home/jtuyls/iree-ai/llvm-aie-port/amd/aie/llvm/lib/Target/AIE/AIESplitInstructionRewriter.cpp
In file included from /home/jtuyls/iree-ai/llvm-aie-port/amd/aie/llvm/lib/Target/AIE/AIESplitInstructionRewriter.cpp:11:
/home/jtuyls/iree-ai/llvm-aie-port/amd/aie/llvm/lib/Target/AIE/AIEBaseInstrInfo.h:24:10: fatal error: llvm/CodeGen/ResourceCycle.h: No such file or directory
   24 | #include "llvm/CodeGen/ResourceCycle.h"
      |          ^~~~~~~~~~~~~~~~~~~~~~~~~~~~~~
compilation terminated.
[113/238] Building CXX object lib/Target/AIE/CMakeFiles/LLVMAIECodeGen.dir/AIESuperRegUtils.cpp.o
FAILED: lib/Target/AIE/CMakeFiles/LLVMAIECodeGen.dir/AIESuperRegUtils.cpp.o 
CCACHE_CPP2=yes CCACHE_HASHDIR=yes CCACHE_SLOPPINESS=pch_defines,time_macros /usr/bin/ccache /usr/bin/g++ -D_DEBUG -D_GLIBCXX_ASSERTIONS -D_GLIBCXX_USE_CXX11_ABI=1 -D_GNU_SOURCE -D_LIBCPP_HARDENING_MODE=_LIBCPP_HARDENING_MODE_EXTENSIVE -D__STDC_CONSTANT_MACROS -D__STDC_FORMAT_MACROS -D__STDC_LIMIT_MACROS -I/home/jtuyls/iree-ai/llvm-aie-port/build/lib/Target/AIE -I/home/jtuyls/iree-ai/llvm-aie-port/amd/aie/llvm/lib/Target/AIE -I/home/jtuyls/iree-ai/llvm-aie-port/build/include -I/home/jtuyls/iree-ai/llvm-aie-port/llvm/include -I/home/jtuyls/iree-ai/llvm-aie-port/amd/aie/llvm/include -fPIC -fno-semantic-interposition -fvisibility-inlines-hidden -Werror=date-time -Wall -Wextra -Wno-unused-parameter -Wwrite-strings -Wcast-qual -Wno-missing-field-initializers -pedantic -Wno-long-long -Wimplicit-fallthrough -Wno-uninitialized -Wno-nonnull -Wno-class-memaccess -Wno-dangling-reference -Wno-redundant-move -Wno-pessimizing-move -Wno-array-bounds -Wno-stringop-overread -Wno-dangling-pointer -Wno-noexcept-type -Wdelete-non-virtual-dtor -Wsuggest-override -Wno-comment -Wno-misleading-indentation -Wctad-maybe-unsupported -fdiagnostics-color -ffunction-sections -fdata-sections -O3 -DNDEBUG -std=c++17 -fvisibility=hidden -UNDEBUG -fno-exceptions -funwind-tables -fno-rtti -MD -MT lib/Target/AIE/CMakeFiles/LLVMAIECodeGen.dir/AIESuperRegUtils.cpp.o -MF lib/Target/AIE/CMakeFiles/LLVMAIECodeGen.dir/AIESuperRegUtils.cpp.o.d -o lib/Target/AIE/CMakeFiles/LLVMAIECodeGen.dir/AIESuperRegUtils.cpp.o -c /home/jtuyls/iree-ai/llvm-aie-port/amd/aie/llvm/lib/Target/AIE/AIESuperRegUtils.cpp
In file included from /home/jtuyls/iree-ai/llvm-aie-port/amd/aie/llvm/lib/Target/AIE/AIESuperRegUtils.cpp:11:
/home/jtuyls/iree-ai/llvm-aie-port/amd/aie/llvm/lib/Target/AIE/AIEBaseInstrInfo.h:24:10: fatal error: llvm/CodeGen/ResourceCycle.h: No such file or directory
   24 | #include "llvm/CodeGen/ResourceCycle.h"
      |          ^~~~~~~~~~~~~~~~~~~~~~~~~~~~~~
compilation terminated.
[114/238] Building CXX object lib/Target/AIE/CMakeFiles/LLVMAIECodeGen.dir/AIE2FrameLowering.cpp.o
FAILED: lib/Target/AIE/CMakeFiles/LLVMAIECodeGen.dir/AIE2FrameLowering.cpp.o 
CCACHE_CPP2=yes CCACHE_HASHDIR=yes CCACHE_SLOPPINESS=pch_defines,time_macros /usr/bin/ccache /usr/bin/g++ -D_DEBUG -D_GLIBCXX_ASSERTIONS -D_GLIBCXX_USE_CXX11_ABI=1 -D_GNU_SOURCE -D_LIBCPP_HARDENING_MODE=_LIBCPP_HARDENING_MODE_EXTENSIVE -D__STDC_CONSTANT_MACROS -D__STDC_FORMAT_MACROS -D__STDC_LIMIT_MACROS -I/home/jtuyls/iree-ai/llvm-aie-port/build/lib/Target/AIE -I/home/jtuyls/iree-ai/llvm-aie-port/amd/aie/llvm/lib/Target/AIE -I/home/jtuyls/iree-ai/llvm-aie-port/build/include -I/home/jtuyls/iree-ai/llvm-aie-port/llvm/include -I/home/jtuyls/iree-ai/llvm-aie-port/amd/aie/llvm/include -fPIC -fno-semantic-interposition -fvisibility-inlines-hidden -Werror=date-time -Wall -Wextra -Wno-unused-parameter -Wwrite-strings -Wcast-qual -Wno-missing-field-initializers -pedantic -Wno-long-long -Wimplicit-fallthrough -Wno-uninitialized -Wno-nonnull -Wno-class-memaccess -Wno-dangling-reference -Wno-redundant-move -Wno-pessimizing-move -Wno-array-bounds -Wno-stringop-overread -Wno-dangling-pointer -Wno-noexcept-type -Wdelete-non-virtual-dtor -Wsuggest-override -Wno-comment -Wno-misleading-indentation -Wctad-maybe-unsupported -fdiagnostics-color -ffunction-sections -fdata-sections -O3 -DNDEBUG -std=c++17 -fvisibility=hidden -UNDEBUG -fno-exceptions -funwind-tables -fno-rtti -MD -MT lib/Target/AIE/CMakeFiles/LLVMAIECodeGen.dir/AIE2FrameLowering.cpp.o -MF lib/Target/AIE/CMakeFiles/LLVMAIECodeGen.dir/AIE2FrameLowering.cpp.o.d -o lib/Target/AIE/CMakeFiles/LLVMAIECodeGen.dir/AIE2FrameLowering.cpp.o -c /home/jtuyls/iree-ai/llvm-aie-port/amd/aie/llvm/lib/Target/AIE/AIE2FrameLowering.cpp
In file included from /home/jtuyls/iree-ai/llvm-aie-port/amd/aie/llvm/lib/Target/AIE/AIEBaseSubtarget.h:19,
                 from /home/jtuyls/iree-ai/llvm-aie-port/amd/aie/llvm/lib/Target/AIE/AIEBaseFrameLowering.h:18,
                 from /home/jtuyls/iree-ai/llvm-aie-port/amd/aie/llvm/lib/Target/AIE/AIE2FrameLowering.h:18,
                 from /home/jtuyls/iree-ai/llvm-aie-port/amd/aie/llvm/lib/Target/AIE/AIE2FrameLowering.cpp:15:
/home/jtuyls/iree-ai/llvm-aie-port/amd/aie/llvm/lib/Target/AIE/AIEBaseInstrInfo.h:24:10: fatal error: llvm/CodeGen/ResourceCycle.h: No such file or directory
   24 | #include "llvm/CodeGen/ResourceCycle.h"
      |          ^~~~~~~~~~~~~~~~~~~~~~~~~~~~~~
compilation terminated.
[115/238] Building CXX object lib/Target/AIE/CMakeFiles/LLVMAIECodeGen.dir/AIE2AsmPrinter.cpp.o
FAILED: lib/Target/AIE/CMakeFiles/LLVMAIECodeGen.dir/AIE2AsmPrinter.cpp.o 
CCACHE_CPP2=yes CCACHE_HASHDIR=yes CCACHE_SLOPPINESS=pch_defines,time_macros /usr/bin/ccache /usr/bin/g++ -D_DEBUG -D_GLIBCXX_ASSERTIONS -D_GLIBCXX_USE_CXX11_ABI=1 -D_GNU_SOURCE -D_LIBCPP_HARDENING_MODE=_LIBCPP_HARDENING_MODE_EXTENSIVE -D__STDC_CONSTANT_MACROS -D__STDC_FORMAT_MACROS -D__STDC_LIMIT_MACROS -I/home/jtuyls/iree-ai/llvm-aie-port/build/lib/Target/AIE -I/home/jtuyls/iree-ai/llvm-aie-port/amd/aie/llvm/lib/Target/AIE -I/home/jtuyls/iree-ai/llvm-aie-port/build/include -I/home/jtuyls/iree-ai/llvm-aie-port/llvm/include -I/home/jtuyls/iree-ai/llvm-aie-port/amd/aie/llvm/include -fPIC -fno-semantic-interposition -fvisibility-inlines-hidden -Werror=date-time -Wall -Wextra -Wno-unused-parameter -Wwrite-strings -Wcast-qual -Wno-missing-field-initializers -pedantic -Wno-long-long -Wimplicit-fallthrough -Wno-uninitialized -Wno-nonnull -Wno-class-memaccess -Wno-dangling-reference -Wno-redundant-move -Wno-pessimizing-move -Wno-array-bounds -Wno-stringop-overread -Wno-dangling-pointer -Wno-noexcept-type -Wdelete-non-virtual-dtor -Wsuggest-override -Wno-comment -Wno-misleading-indentation -Wctad-maybe-unsupported -fdiagnostics-color -ffunction-sections -fdata-sections -O3 -DNDEBUG -std=c++17 -fvisibility=hidden -UNDEBUG -fno-exceptions -funwind-tables -fno-rtti -MD -MT lib/Target/AIE/CMakeFiles/LLVMAIECodeGen.dir/AIE2AsmPrinter.cpp.o -MF lib/Target/AIE/CMakeFiles/LLVMAIECodeGen.dir/AIE2AsmPrinter.cpp.o.d -o lib/Target/AIE/CMakeFiles/LLVMAIECodeGen.dir/AIE2AsmPrinter.cpp.o -c /home/jtuyls/iree-ai/llvm-aie-port/amd/aie/llvm/lib/Target/AIE/AIE2AsmPrinter.cpp
In file included from /home/jtuyls/iree-ai/llvm-aie-port/amd/aie/llvm/lib/Target/AIE/AIEBaseSubtarget.h:19,
                 from /home/jtuyls/iree-ai/llvm-aie-port/amd/aie/llvm/lib/Target/AIE/AIEBaseFrameLowering.h:18,
                 from /home/jtuyls/iree-ai/llvm-aie-port/amd/aie/llvm/lib/Target/AIE/AIE2FrameLowering.h:18,
                 from /home/jtuyls/iree-ai/llvm-aie-port/amd/aie/llvm/lib/Target/AIE/AIE2Subtarget.h:19,
                 from /home/jtuyls/iree-ai/llvm-aie-port/amd/aie/llvm/lib/Target/AIE/AIE2TargetMachine.h:18,
                 from /home/jtuyls/iree-ai/llvm-aie-port/amd/aie/llvm/lib/Target/AIE/AIE2AsmPrinter.cpp:17:
/home/jtuyls/iree-ai/llvm-aie-port/amd/aie/llvm/lib/Target/AIE/AIEBaseInstrInfo.h:24:10: fatal error: llvm/CodeGen/ResourceCycle.h: No such file or directory
   24 | #include "llvm/CodeGen/ResourceCycle.h"
      |          ^~~~~~~~~~~~~~~~~~~~~~~~~~~~~~
compilation terminated.
[116/238] Building CXX object lib/Target/AIE/CMakeFiles/LLVMAIECodeGen.dir/AIETargetObjectFile.cpp.o
FAILED: lib/Target/AIE/CMakeFiles/LLVMAIECodeGen.dir/AIETargetObjectFile.cpp.o 
CCACHE_CPP2=yes CCACHE_HASHDIR=yes CCACHE_SLOPPINESS=pch_defines,time_macros /usr/bin/ccache /usr/bin/g++ -D_DEBUG -D_GLIBCXX_ASSERTIONS -D_GLIBCXX_USE_CXX11_ABI=1 -D_GNU_SOURCE -D_LIBCPP_HARDENING_MODE=_LIBCPP_HARDENING_MODE_EXTENSIVE -D__STDC_CONSTANT_MACROS -D__STDC_FORMAT_MACROS -D__STDC_LIMIT_MACROS -I/home/jtuyls/iree-ai/llvm-aie-port/build/lib/Target/AIE -I/home/jtuyls/iree-ai/llvm-aie-port/amd/aie/llvm/lib/Target/AIE -I/home/jtuyls/iree-ai/llvm-aie-port/build/include -I/home/jtuyls/iree-ai/llvm-aie-port/llvm/include -I/home/jtuyls/iree-ai/llvm-aie-port/amd/aie/llvm/include -fPIC -fno-semantic-interposition -fvisibility-inlines-hidden -Werror=date-time -Wall -Wextra -Wno-unused-parameter -Wwrite-strings -Wcast-qual -Wno-missing-field-initializers -pedantic -Wno-long-long -Wimplicit-fallthrough -Wno-uninitialized -Wno-nonnull -Wno-class-memaccess -Wno-dangling-reference -Wno-redundant-move -Wno-pessimizing-move -Wno-array-bounds -Wno-stringop-overread -Wno-dangling-pointer -Wno-noexcept-type -Wdelete-non-virtual-dtor -Wsuggest-override -Wno-comment -Wno-misleading-indentation -Wctad-maybe-unsupported -fdiagnostics-color -ffunction-sections -fdata-sections -O3 -DNDEBUG -std=c++17 -fvisibility=hidden -UNDEBUG -fno-exceptions -funwind-tables -fno-rtti -MD -MT lib/Target/AIE/CMakeFiles/LLVMAIECodeGen.dir/AIETargetObjectFile.cpp.o -MF lib/Target/AIE/CMakeFiles/LLVMAIECodeGen.dir/AIETargetObjectFile.cpp.o.d -o lib/Target/AIE/CMakeFiles/LLVMAIECodeGen.dir/AIETargetObjectFile.cpp.o -c /home/jtuyls/iree-ai/llvm-aie-port/amd/aie/llvm/lib/Target/AIE/AIETargetObjectFile.cpp
In file included from /home/jtuyls/iree-ai/llvm-aie-port/amd/aie/llvm/lib/Target/AIE/AIEBaseSubtarget.h:19,
                 from /home/jtuyls/iree-ai/llvm-aie-port/amd/aie/llvm/lib/Target/AIE/aie1/AIE1Subtarget.h:18,
                 from /home/jtuyls/iree-ai/llvm-aie-port/amd/aie/llvm/lib/Target/AIE/aie1/AIE1TargetMachine.h:20,
                 from /home/jtuyls/iree-ai/llvm-aie-port/amd/aie/llvm/lib/Target/AIE/AIETargetObjectFile.cpp:12:
/home/jtuyls/iree-ai/llvm-aie-port/amd/aie/llvm/lib/Target/AIE/AIEBaseInstrInfo.h:24:10: fatal error: llvm/CodeGen/ResourceCycle.h: No such file or directory
   24 | #include "llvm/CodeGen/ResourceCycle.h"
      |          ^~~~~~~~~~~~~~~~~~~~~~~~~~~~~~
compilation terminated.
[117/238] Building CXX object lib/Target/AIE/CMakeFiles/LLVMAIECodeGen.dir/AIE2PostLegalizerGenericCombiner.cpp.o
FAILED: lib/Target/AIE/CMakeFiles/LLVMAIECodeGen.dir/AIE2PostLegalizerGenericCombiner.cpp.o 
CCACHE_CPP2=yes CCACHE_HASHDIR=yes CCACHE_SLOPPINESS=pch_defines,time_macros /usr/bin/ccache /usr/bin/g++ -D_DEBUG -D_GLIBCXX_ASSERTIONS -D_GLIBCXX_USE_CXX11_ABI=1 -D_GNU_SOURCE -D_LIBCPP_HARDENING_MODE=_LIBCPP_HARDENING_MODE_EXTENSIVE -D__STDC_CONSTANT_MACROS -D__STDC_FORMAT_MACROS -D__STDC_LIMIT_MACROS -I/home/jtuyls/iree-ai/llvm-aie-port/build/lib/Target/AIE -I/home/jtuyls/iree-ai/llvm-aie-port/amd/aie/llvm/lib/Target/AIE -I/home/jtuyls/iree-ai/llvm-aie-port/build/include -I/home/jtuyls/iree-ai/llvm-aie-port/llvm/include -I/home/jtuyls/iree-ai/llvm-aie-port/amd/aie/llvm/include -fPIC -fno-semantic-interposition -fvisibility-inlines-hidden -Werror=date-time -Wall -Wextra -Wno-unused-parameter -Wwrite-strings -Wcast-qual -Wno-missing-field-initializers -pedantic -Wno-long-long -Wimplicit-fallthrough -Wno-uninitialized -Wno-nonnull -Wno-class-memaccess -Wno-dangling-reference -Wno-redundant-move -Wno-pessimizing-move -Wno-array-bounds -Wno-stringop-overread -Wno-dangling-pointer -Wno-noexcept-type -Wdelete-non-virtual-dtor -Wsuggest-override -Wno-comment -Wno-misleading-indentation -Wctad-maybe-unsupported -fdiagnostics-color -ffunction-sections -fdata-sections -O3 -DNDEBUG -std=c++17 -fvisibility=hidden -UNDEBUG -fno-exceptions -funwind-tables -fno-rtti -MD -MT lib/Target/AIE/CMakeFiles/LLVMAIECodeGen.dir/AIE2PostLegalizerGenericCombiner.cpp.o -MF lib/Target/AIE/CMakeFiles/LLVMAIECodeGen.dir/AIE2PostLegalizerGenericCombiner.cpp.o.d -o lib/Target/AIE/CMakeFiles/LLVMAIECodeGen.dir/AIE2PostLegalizerGenericCombiner.cpp.o -c /home/jtuyls/iree-ai/llvm-aie-port/amd/aie/llvm/lib/Target/AIE/AIE2PostLegalizerGenericCombiner.cpp
In file included from /home/jtuyls/iree-ai/llvm-aie-port/amd/aie/llvm/lib/Target/AIE/AIEBaseSubtarget.h:19,
                 from /home/jtuyls/iree-ai/llvm-aie-port/amd/aie/llvm/lib/Target/AIE/AIECombinerBase.h:14,
                 from /home/jtuyls/iree-ai/llvm-aie-port/amd/aie/llvm/lib/Target/AIE/AIE2PostLegalizerGenericCombiner.cpp:16:
/home/jtuyls/iree-ai/llvm-aie-port/amd/aie/llvm/lib/Target/AIE/AIEBaseInstrInfo.h:24:10: fatal error: llvm/CodeGen/ResourceCycle.h: No such file or directory
   24 | #include "llvm/CodeGen/ResourceCycle.h"
      |          ^~~~~~~~~~~~~~~~~~~~~~~~~~~~~~
compilation terminated.
[118/238] Building CXX object lib/Target/AIE/CMakeFiles/LLVMAIECodeGen.dir/AIE2PostLegalizerCustomCombiner.cpp.o
FAILED: lib/Target/AIE/CMakeFiles/LLVMAIECodeGen.dir/AIE2PostLegalizerCustomCombiner.cpp.o 
CCACHE_CPP2=yes CCACHE_HASHDIR=yes CCACHE_SLOPPINESS=pch_defines,time_macros /usr/bin/ccache /usr/bin/g++ -D_DEBUG -D_GLIBCXX_ASSERTIONS -D_GLIBCXX_USE_CXX11_ABI=1 -D_GNU_SOURCE -D_LIBCPP_HARDENING_MODE=_LIBCPP_HARDENING_MODE_EXTENSIVE -D__STDC_CONSTANT_MACROS -D__STDC_FORMAT_MACROS -D__STDC_LIMIT_MACROS -I/home/jtuyls/iree-ai/llvm-aie-port/build/lib/Target/AIE -I/home/jtuyls/iree-ai/llvm-aie-port/amd/aie/llvm/lib/Target/AIE -I/home/jtuyls/iree-ai/llvm-aie-port/build/include -I/home/jtuyls/iree-ai/llvm-aie-port/llvm/include -I/home/jtuyls/iree-ai/llvm-aie-port/amd/aie/llvm/include -fPIC -fno-semantic-interposition -fvisibility-inlines-hidden -Werror=date-time -Wall -Wextra -Wno-unused-parameter -Wwrite-strings -Wcast-qual -Wno-missing-field-initializers -pedantic -Wno-long-long -Wimplicit-fallthrough -Wno-uninitialized -Wno-nonnull -Wno-class-memaccess -Wno-dangling-reference -Wno-redundant-move -Wno-pessimizing-move -Wno-array-bounds -Wno-stringop-overread -Wno-dangling-pointer -Wno-noexcept-type -Wdelete-non-virtual-dtor -Wsuggest-override -Wno-comment -Wno-misleading-indentation -Wctad-maybe-unsupported -fdiagnostics-color -ffunction-sections -fdata-sections -O3 -DNDEBUG -std=c++17 -fvisibility=hidden -UNDEBUG -fno-exceptions -funwind-tables -fno-rtti -MD -MT lib/Target/AIE/CMakeFiles/LLVMAIECodeGen.dir/AIE2PostLegalizerCustomCombiner.cpp.o -MF lib/Target/AIE/CMakeFiles/LLVMAIECodeGen.dir/AIE2PostLegalizerCustomCombiner.cpp.o.d -o lib/Target/AIE/CMakeFiles/LLVMAIECodeGen.dir/AIE2PostLegalizerCustomCombiner.cpp.o -c /home/jtuyls/iree-ai/llvm-aie-port/amd/aie/llvm/lib/Target/AIE/AIE2PostLegalizerCustomCombiner.cpp
In file included from /home/jtuyls/iree-ai/llvm-aie-port/amd/aie/llvm/lib/Target/AIE/AIEBaseSubtarget.h:19,
                 from /home/jtuyls/iree-ai/llvm-aie-port/amd/aie/llvm/lib/Target/AIE/AIECombinerBase.h:14,
                 from /home/jtuyls/iree-ai/llvm-aie-port/amd/aie/llvm/lib/Target/AIE/AIE2PostLegalizerCustomCombiner.cpp:16:
/home/jtuyls/iree-ai/llvm-aie-port/amd/aie/llvm/lib/Target/AIE/AIEBaseInstrInfo.h:24:10: fatal error: llvm/CodeGen/ResourceCycle.h: No such file or directory
   24 | #include "llvm/CodeGen/ResourceCycle.h"
      |          ^~~~~~~~~~~~~~~~~~~~~~~~~~~~~~
compilation terminated.
[119/238] Building CXX object lib/Target/AIE/CMakeFiles/LLVMAIECodeGen.dir/AIEPostLegalizerFinalCombiner.cpp.o
FAILED: lib/Target/AIE/CMakeFiles/LLVMAIECodeGen.dir/AIEPostLegalizerFinalCombiner.cpp.o 
CCACHE_CPP2=yes CCACHE_HASHDIR=yes CCACHE_SLOPPINESS=pch_defines,time_macros /usr/bin/ccache /usr/bin/g++ -D_DEBUG -D_GLIBCXX_ASSERTIONS -D_GLIBCXX_USE_CXX11_ABI=1 -D_GNU_SOURCE -D_LIBCPP_HARDENING_MODE=_LIBCPP_HARDENING_MODE_EXTENSIVE -D__STDC_CONSTANT_MACROS -D__STDC_FORMAT_MACROS -D__STDC_LIMIT_MACROS -I/home/jtuyls/iree-ai/llvm-aie-port/build/lib/Target/AIE -I/home/jtuyls/iree-ai/llvm-aie-port/amd/aie/llvm/lib/Target/AIE -I/home/jtuyls/iree-ai/llvm-aie-port/build/include -I/home/jtuyls/iree-ai/llvm-aie-port/llvm/include -I/home/jtuyls/iree-ai/llvm-aie-port/amd/aie/llvm/include -fPIC -fno-semantic-interposition -fvisibility-inlines-hidden -Werror=date-time -Wall -Wextra -Wno-unused-parameter -Wwrite-strings -Wcast-qual -Wno-missing-field-initializers -pedantic -Wno-long-long -Wimplicit-fallthrough -Wno-uninitialized -Wno-nonnull -Wno-class-memaccess -Wno-dangling-reference -Wno-redundant-move -Wno-pessimizing-move -Wno-array-bounds -Wno-stringop-overread -Wno-dangling-pointer -Wno-noexcept-type -Wdelete-non-virtual-dtor -Wsuggest-override -Wno-comment -Wno-misleading-indentation -Wctad-maybe-unsupported -fdiagnostics-color -ffunction-sections -fdata-sections -O3 -DNDEBUG -std=c++17 -fvisibility=hidden -UNDEBUG -fno-exceptions -funwind-tables -fno-rtti -MD -MT lib/Target/AIE/CMakeFiles/LLVMAIECodeGen.dir/AIEPostLegalizerFinalCombiner.cpp.o -MF lib/Target/AIE/CMakeFiles/LLVMAIECodeGen.dir/AIEPostLegalizerFinalCombiner.cpp.o.d -o lib/Target/AIE/CMakeFiles/LLVMAIECodeGen.dir/AIEPostLegalizerFinalCombiner.cpp.o -c /home/jtuyls/iree-ai/llvm-aie-port/amd/aie/llvm/lib/Target/AIE/AIEPostLegalizerFinalCombiner.cpp
In file included from /home/jtuyls/iree-ai/llvm-aie-port/amd/aie/llvm/lib/Target/AIE/AIEBaseSubtarget.h:19,
                 from /home/jtuyls/iree-ai/llvm-aie-port/amd/aie/llvm/lib/Target/AIE/AIEPostLegalizerFinalCombiner.cpp:16:
/home/jtuyls/iree-ai/llvm-aie-port/amd/aie/llvm/lib/Target/AIE/AIEBaseInstrInfo.h:24:10: fatal error: llvm/CodeGen/ResourceCycle.h: No such file or directory
   24 | #include "llvm/CodeGen/ResourceCycle.h"
      |          ^~~~~~~~~~~~~~~~~~~~~~~~~~~~~~
compilation terminated.
[120/238] Building CXX object lib/Target/AIE/CMakeFiles/LLVMAIECodeGen.dir/AIE2TargetMachine.cpp.o
FAILED: lib/Target/AIE/CMakeFiles/LLVMAIECodeGen.dir/AIE2TargetMachine.cpp.o 
CCACHE_CPP2=yes CCACHE_HASHDIR=yes CCACHE_SLOPPINESS=pch_defines,time_macros /usr/bin/ccache /usr/bin/g++ -D_DEBUG -D_GLIBCXX_ASSERTIONS -D_GLIBCXX_USE_CXX11_ABI=1 -D_GNU_SOURCE -D_LIBCPP_HARDENING_MODE=_LIBCPP_HARDENING_MODE_EXTENSIVE -D__STDC_CONSTANT_MACROS -D__STDC_FORMAT_MACROS -D__STDC_LIMIT_MACROS -I/home/jtuyls/iree-ai/llvm-aie-port/build/lib/Target/AIE -I/home/jtuyls/iree-ai/llvm-aie-port/amd/aie/llvm/lib/Target/AIE -I/home/jtuyls/iree-ai/llvm-aie-port/build/include -I/home/jtuyls/iree-ai/llvm-aie-port/llvm/include -I/home/jtuyls/iree-ai/llvm-aie-port/amd/aie/llvm/include -fPIC -fno-semantic-interposition -fvisibility-inlines-hidden -Werror=date-time -Wall -Wextra -Wno-unused-parameter -Wwrite-strings -Wcast-qual -Wno-missing-field-initializers -pedantic -Wno-long-long -Wimplicit-fallthrough -Wno-uninitialized -Wno-nonnull -Wno-class-memaccess -Wno-dangling-reference -Wno-redundant-move -Wno-pessimizing-move -Wno-array-bounds -Wno-stringop-overread -Wno-dangling-pointer -Wno-noexcept-type -Wdelete-non-virtual-dtor -Wsuggest-override -Wno-comment -Wno-misleading-indentation -Wctad-maybe-unsupported -fdiagnostics-color -ffunction-sections -fdata-sections -O3 -DNDEBUG -std=c++17 -fvisibility=hidden -UNDEBUG -fno-exceptions -funwind-tables -fno-rtti -MD -MT lib/Target/AIE/CMakeFiles/LLVMAIECodeGen.dir/AIE2TargetMachine.cpp.o -MF lib/Target/AIE/CMakeFiles/LLVMAIECodeGen.dir/AIE2TargetMachine.cpp.o.d -o lib/Target/AIE/CMakeFiles/LLVMAIECodeGen.dir/AIE2TargetMachine.cpp.o -c /home/jtuyls/iree-ai/llvm-aie-port/amd/aie/llvm/lib/Target/AIE/AIE2TargetMachine.cpp
In file included from /home/jtuyls/iree-ai/llvm-aie-port/amd/aie/llvm/lib/Target/AIE/AIEBaseSubtarget.h:19,
                 from /home/jtuyls/iree-ai/llvm-aie-port/amd/aie/llvm/lib/Target/AIE/AIEBaseFrameLowering.h:18,
                 from /home/jtuyls/iree-ai/llvm-aie-port/amd/aie/llvm/lib/Target/AIE/AIE2FrameLowering.h:18,
                 from /home/jtuyls/iree-ai/llvm-aie-port/amd/aie/llvm/lib/Target/AIE/AIE2Subtarget.h:19,
                 from /home/jtuyls/iree-ai/llvm-aie-port/amd/aie/llvm/lib/Target/AIE/AIE2TargetMachine.h:18,
                 from /home/jtuyls/iree-ai/llvm-aie-port/amd/aie/llvm/lib/Target/AIE/AIE2TargetMachine.cpp:15:
/home/jtuyls/iree-ai/llvm-aie-port/amd/aie/llvm/lib/Target/AIE/AIEBaseInstrInfo.h:24:10: fatal error: llvm/CodeGen/ResourceCycle.h: No such file or directory
   24 | #include "llvm/CodeGen/ResourceCycle.h"
      |          ^~~~~~~~~~~~~~~~~~~~~~~~~~~~~~
compilation terminated.
[121/238] Building CXX object lib/Target/AIE/CMakeFiles/LLVMAIECodeGen.dir/AIE2InstructionSelector.cpp.o
FAILED: lib/Target/AIE/CMakeFiles/LLVMAIECodeGen.dir/AIE2InstructionSelector.cpp.o 
CCACHE_CPP2=yes CCACHE_HASHDIR=yes CCACHE_SLOPPINESS=pch_defines,time_macros /usr/bin/ccache /usr/bin/g++ -D_DEBUG -D_GLIBCXX_ASSERTIONS -D_GLIBCXX_USE_CXX11_ABI=1 -D_GNU_SOURCE -D_LIBCPP_HARDENING_MODE=_LIBCPP_HARDENING_MODE_EXTENSIVE -D__STDC_CONSTANT_MACROS -D__STDC_FORMAT_MACROS -D__STDC_LIMIT_MACROS -I/home/jtuyls/iree-ai/llvm-aie-port/build/lib/Target/AIE -I/home/jtuyls/iree-ai/llvm-aie-port/amd/aie/llvm/lib/Target/AIE -I/home/jtuyls/iree-ai/llvm-aie-port/build/include -I/home/jtuyls/iree-ai/llvm-aie-port/llvm/include -I/home/jtuyls/iree-ai/llvm-aie-port/amd/aie/llvm/include -fPIC -fno-semantic-interposition -fvisibility-inlines-hidden -Werror=date-time -Wall -Wextra -Wno-unused-parameter -Wwrite-strings -Wcast-qual -Wno-missing-field-initializers -pedantic -Wno-long-long -Wimplicit-fallthrough -Wno-uninitialized -Wno-nonnull -Wno-class-memaccess -Wno-dangling-reference -Wno-redundant-move -Wno-pessimizing-move -Wno-array-bounds -Wno-stringop-overread -Wno-dangling-pointer -Wno-noexcept-type -Wdelete-non-virtual-dtor -Wsuggest-override -Wno-comment -Wno-misleading-indentation -Wctad-maybe-unsupported -fdiagnostics-color -ffunction-sections -fdata-sections -O3 -DNDEBUG -std=c++17 -fvisibility=hidden -UNDEBUG -fno-exceptions -funwind-tables -fno-rtti -MD -MT lib/Target/AIE/CMakeFiles/LLVMAIECodeGen.dir/AIE2InstructionSelector.cpp.o -MF lib/Target/AIE/CMakeFiles/LLVMAIECodeGen.dir/AIE2InstructionSelector.cpp.o.d -o lib/Target/AIE/CMakeFiles/LLVMAIECodeGen.dir/AIE2InstructionSelector.cpp.o -c /home/jtuyls/iree-ai/llvm-aie-port/amd/aie/llvm/lib/Target/AIE/AIE2InstructionSelector.cpp
In file included from /home/jtuyls/iree-ai/llvm-aie-port/amd/aie/llvm/lib/Target/AIE/AIEBaseSubtarget.h:19,
                 from /home/jtuyls/iree-ai/llvm-aie-port/amd/aie/llvm/lib/Target/AIE/AIEBaseFrameLowering.h:18,
                 from /home/jtuyls/iree-ai/llvm-aie-port/amd/aie/llvm/lib/Target/AIE/AIE2FrameLowering.h:18,
                 from /home/jtuyls/iree-ai/llvm-aie-port/amd/aie/llvm/lib/Target/AIE/AIE2Subtarget.h:19,
                 from /home/jtuyls/iree-ai/llvm-aie-port/amd/aie/llvm/lib/Target/AIE/AIE2TargetMachine.h:18,
                 from /home/jtuyls/iree-ai/llvm-aie-port/amd/aie/llvm/lib/Target/AIE/AIE2InstructionSelector.cpp:18:
/home/jtuyls/iree-ai/llvm-aie-port/amd/aie/llvm/lib/Target/AIE/AIEBaseInstrInfo.h:24:10: fatal error: llvm/CodeGen/ResourceCycle.h: No such file or directory
   24 | #include "llvm/CodeGen/ResourceCycle.h"
      |          ^~~~~~~~~~~~~~~~~~~~~~~~~~~~~~
compilation terminated.
[122/238] Building CXX object lib/Target/AIE/CMakeFiles/LLVMAIECodeGen.dir/AIE2InstrInfo.cpp.o
FAILED: lib/Target/AIE/CMakeFiles/LLVMAIECodeGen.dir/AIE2InstrInfo.cpp.o 
CCACHE_CPP2=yes CCACHE_HASHDIR=yes CCACHE_SLOPPINESS=pch_defines,time_macros /usr/bin/ccache /usr/bin/g++ -D_DEBUG -D_GLIBCXX_ASSERTIONS -D_GLIBCXX_USE_CXX11_ABI=1 -D_GNU_SOURCE -D_LIBCPP_HARDENING_MODE=_LIBCPP_HARDENING_MODE_EXTENSIVE -D__STDC_CONSTANT_MACROS -D__STDC_FORMAT_MACROS -D__STDC_LIMIT_MACROS -I/home/jtuyls/iree-ai/llvm-aie-port/build/lib/Target/AIE -I/home/jtuyls/iree-ai/llvm-aie-port/amd/aie/llvm/lib/Target/AIE -I/home/jtuyls/iree-ai/llvm-aie-port/build/include -I/home/jtuyls/iree-ai/llvm-aie-port/llvm/include -I/home/jtuyls/iree-ai/llvm-aie-port/amd/aie/llvm/include -fPIC -fno-semantic-interposition -fvisibility-inlines-hidden -Werror=date-time -Wall -Wextra -Wno-unused-parameter -Wwrite-strings -Wcast-qual -Wno-missing-field-initializers -pedantic -Wno-long-long -Wimplicit-fallthrough -Wno-uninitialized -Wno-nonnull -Wno-class-memaccess -Wno-dangling-reference -Wno-redundant-move -Wno-pessimizing-move -Wno-array-bounds -Wno-stringop-overread -Wno-dangling-pointer -Wno-noexcept-type -Wdelete-non-virtual-dtor -Wsuggest-override -Wno-comment -Wno-misleading-indentation -Wctad-maybe-unsupported -fdiagnostics-color -ffunction-sections -fdata-sections -O3 -DNDEBUG -std=c++17 -fvisibility=hidden -UNDEBUG -fno-exceptions -funwind-tables -fno-rtti -MD -MT lib/Target/AIE/CMakeFiles/LLVMAIECodeGen.dir/AIE2InstrInfo.cpp.o -MF lib/Target/AIE/CMakeFiles/LLVMAIECodeGen.dir/AIE2InstrInfo.cpp.o.d -o lib/Target/AIE/CMakeFiles/LLVMAIECodeGen.dir/AIE2InstrInfo.cpp.o -c /home/jtuyls/iree-ai/llvm-aie-port/amd/aie/llvm/lib/Target/AIE/AIE2InstrInfo.cpp
In file included from /home/jtuyls/iree-ai/llvm-aie-port/amd/aie/llvm/lib/Target/AIE/AIE2InstrInfo.h:21,
                 from /home/jtuyls/iree-ai/llvm-aie-port/amd/aie/llvm/lib/Target/AIE/AIE2InstrInfo.cpp:16:
/home/jtuyls/iree-ai/llvm-aie-port/amd/aie/llvm/lib/Target/AIE/AIEBaseInstrInfo.h:24:10: fatal error: llvm/CodeGen/ResourceCycle.h: No such file or directory
   24 | #include "llvm/CodeGen/ResourceCycle.h"
      |          ^~~~~~~~~~~~~~~~~~~~~~~~~~~~~~
compilation terminated.
[123/238] Building CXX object lib/Target/AIE/CMakeFiles/LLVMAIECodeGen.dir/AIE2PreLegalizerCombiner.cpp.o
FAILED: lib/Target/AIE/CMakeFiles/LLVMAIECodeGen.dir/AIE2PreLegalizerCombiner.cpp.o 
CCACHE_CPP2=yes CCACHE_HASHDIR=yes CCACHE_SLOPPINESS=pch_defines,time_macros /usr/bin/ccache /usr/bin/g++ -D_DEBUG -D_GLIBCXX_ASSERTIONS -D_GLIBCXX_USE_CXX11_ABI=1 -D_GNU_SOURCE -D_LIBCPP_HARDENING_MODE=_LIBCPP_HARDENING_MODE_EXTENSIVE -D__STDC_CONSTANT_MACROS -D__STDC_FORMAT_MACROS -D__STDC_LIMIT_MACROS -I/home/jtuyls/iree-ai/llvm-aie-port/build/lib/Target/AIE -I/home/jtuyls/iree-ai/llvm-aie-port/amd/aie/llvm/lib/Target/AIE -I/home/jtuyls/iree-ai/llvm-aie-port/build/include -I/home/jtuyls/iree-ai/llvm-aie-port/llvm/include -I/home/jtuyls/iree-ai/llvm-aie-port/amd/aie/llvm/include -fPIC -fno-semantic-interposition -fvisibility-inlines-hidden -Werror=date-time -Wall -Wextra -Wno-unused-parameter -Wwrite-strings -Wcast-qual -Wno-missing-field-initializers -pedantic -Wno-long-long -Wimplicit-fallthrough -Wno-uninitialized -Wno-nonnull -Wno-class-memaccess -Wno-dangling-reference -Wno-redundant-move -Wno-pessimizing-move -Wno-array-bounds -Wno-stringop-overread -Wno-dangling-pointer -Wno-noexcept-type -Wdelete-non-virtual-dtor -Wsuggest-override -Wno-comment -Wno-misleading-indentation -Wctad-maybe-unsupported -fdiagnostics-color -ffunction-sections -fdata-sections -O3 -DNDEBUG -std=c++17 -fvisibility=hidden -UNDEBUG -fno-exceptions -funwind-tables -fno-rtti -MD -MT lib/Target/AIE/CMakeFiles/LLVMAIECodeGen.dir/AIE2PreLegalizerCombiner.cpp.o -MF lib/Target/AIE/CMakeFiles/LLVMAIECodeGen.dir/AIE2PreLegalizerCombiner.cpp.o.d -o lib/Target/AIE/CMakeFiles/LLVMAIECodeGen.dir/AIE2PreLegalizerCombiner.cpp.o -c /home/jtuyls/iree-ai/llvm-aie-port/amd/aie/llvm/lib/Target/AIE/AIE2PreLegalizerCombiner.cpp
In file included from /home/jtuyls/iree-ai/llvm-aie-port/amd/aie/llvm/lib/Target/AIE/AIE2InstrInfo.h:21,
                 from /home/jtuyls/iree-ai/llvm-aie-port/amd/aie/llvm/lib/Target/AIE/AIE2PreLegalizerCombiner.cpp:16:
/home/jtuyls/iree-ai/llvm-aie-port/amd/aie/llvm/lib/Target/AIE/AIEBaseInstrInfo.h:24:10: fatal error: llvm/CodeGen/ResourceCycle.h: No such file or directory
   24 | #include "llvm/CodeGen/ResourceCycle.h"
      |          ^~~~~~~~~~~~~~~~~~~~~~~~~~~~~~
compilation terminated.
[124/238] Building CXX object lib/Target/AIE/CMakeFiles/LLVMAIECodeGen.dir/AIEPostLegalizerCustomCombiner.cpp.o
FAILED: lib/Target/AIE/CMakeFiles/LLVMAIECodeGen.dir/AIEPostLegalizerCustomCombiner.cpp.o 
CCACHE_CPP2=yes CCACHE_HASHDIR=yes CCACHE_SLOPPINESS=pch_defines,time_macros /usr/bin/ccache /usr/bin/g++ -D_DEBUG -D_GLIBCXX_ASSERTIONS -D_GLIBCXX_USE_CXX11_ABI=1 -D_GNU_SOURCE -D_LIBCPP_HARDENING_MODE=_LIBCPP_HARDENING_MODE_EXTENSIVE -D__STDC_CONSTANT_MACROS -D__STDC_FORMAT_MACROS -D__STDC_LIMIT_MACROS -I/home/jtuyls/iree-ai/llvm-aie-port/build/lib/Target/AIE -I/home/jtuyls/iree-ai/llvm-aie-port/amd/aie/llvm/lib/Target/AIE -I/home/jtuyls/iree-ai/llvm-aie-port/build/include -I/home/jtuyls/iree-ai/llvm-aie-port/llvm/include -I/home/jtuyls/iree-ai/llvm-aie-port/amd/aie/llvm/include -fPIC -fno-semantic-interposition -fvisibility-inlines-hidden -Werror=date-time -Wall -Wextra -Wno-unused-parameter -Wwrite-strings -Wcast-qual -Wno-missing-field-initializers -pedantic -Wno-long-long -Wimplicit-fallthrough -Wno-uninitialized -Wno-nonnull -Wno-class-memaccess -Wno-dangling-reference -Wno-redundant-move -Wno-pessimizing-move -Wno-array-bounds -Wno-stringop-overread -Wno-dangling-pointer -Wno-noexcept-type -Wdelete-non-virtual-dtor -Wsuggest-override -Wno-comment -Wno-misleading-indentation -Wctad-maybe-unsupported -fdiagnostics-color -ffunction-sections -fdata-sections -O3 -DNDEBUG -std=c++17 -fvisibility=hidden -UNDEBUG -fno-exceptions -funwind-tables -fno-rtti -MD -MT lib/Target/AIE/CMakeFiles/LLVMAIECodeGen.dir/AIEPostLegalizerCustomCombiner.cpp.o -MF lib/Target/AIE/CMakeFiles/LLVMAIECodeGen.dir/AIEPostLegalizerCustomCombiner.cpp.o.d -o lib/Target/AIE/CMakeFiles/LLVMAIECodeGen.dir/AIEPostLegalizerCustomCombiner.cpp.o -c /home/jtuyls/iree-ai/llvm-aie-port/amd/aie/llvm/lib/Target/AIE/AIEPostLegalizerCustomCombiner.cpp
In file included from /home/jtuyls/iree-ai/llvm-aie-port/amd/aie/llvm/lib/Target/AIE/AIEBaseSubtarget.h:19,
                 from /home/jtuyls/iree-ai/llvm-aie-port/amd/aie/llvm/lib/Target/AIE/AIEPostLegalizerCustomCombiner.cpp:16:
/home/jtuyls/iree-ai/llvm-aie-port/amd/aie/llvm/lib/Target/AIE/AIEBaseInstrInfo.h:24:10: fatal error: llvm/CodeGen/ResourceCycle.h: No such file or directory
   24 | #include "llvm/CodeGen/ResourceCycle.h"
      |          ^~~~~~~~~~~~~~~~~~~~~~~~~~~~~~
compilation terminated.
[125/238] Building CXX object lib/Target/AIE/CMakeFiles/LLVMAIECodeGen.dir/AIEUnallocatedSuperRegRewriter.cpp.o
FAILED: lib/Target/AIE/CMakeFiles/LLVMAIECodeGen.dir/AIEUnallocatedSuperRegRewriter.cpp.o 
CCACHE_CPP2=yes CCACHE_HASHDIR=yes CCACHE_SLOPPINESS=pch_defines,time_macros /usr/bin/ccache /usr/bin/g++ -D_DEBUG -D_GLIBCXX_ASSERTIONS -D_GLIBCXX_USE_CXX11_ABI=1 -D_GNU_SOURCE -D_LIBCPP_HARDENING_MODE=_LIBCPP_HARDENING_MODE_EXTENSIVE -D__STDC_CONSTANT_MACROS -D__STDC_FORMAT_MACROS -D__STDC_LIMIT_MACROS -I/home/jtuyls/iree-ai/llvm-aie-port/build/lib/Target/AIE -I/home/jtuyls/iree-ai/llvm-aie-port/amd/aie/llvm/lib/Target/AIE -I/home/jtuyls/iree-ai/llvm-aie-port/build/include -I/home/jtuyls/iree-ai/llvm-aie-port/llvm/include -I/home/jtuyls/iree-ai/llvm-aie-port/amd/aie/llvm/include -fPIC -fno-semantic-interposition -fvisibility-inlines-hidden -Werror=date-time -Wall -Wextra -Wno-unused-parameter -Wwrite-strings -Wcast-qual -Wno-missing-field-initializers -pedantic -Wno-long-long -Wimplicit-fallthrough -Wno-uninitialized -Wno-nonnull -Wno-class-memaccess -Wno-dangling-reference -Wno-redundant-move -Wno-pessimizing-move -Wno-array-bounds -Wno-stringop-overread -Wno-dangling-pointer -Wno-noexcept-type -Wdelete-non-virtual-dtor -Wsuggest-override -Wno-comment -Wno-misleading-indentation -Wctad-maybe-unsupported -fdiagnostics-color -ffunction-sections -fdata-sections -O3 -DNDEBUG -std=c++17 -fvisibility=hidden -UNDEBUG -fno-exceptions -funwind-tables -fno-rtti -MD -MT lib/Target/AIE/CMakeFiles/LLVMAIECodeGen.dir/AIEUnallocatedSuperRegRewriter.cpp.o -MF lib/Target/AIE/CMakeFiles/LLVMAIECodeGen.dir/AIEUnallocatedSuperRegRewriter.cpp.o.d -o lib/Target/AIE/CMakeFiles/LLVMAIECodeGen.dir/AIEUnallocatedSuperRegRewriter.cpp.o -c /home/jtuyls/iree-ai/llvm-aie-port/amd/aie/llvm/lib/Target/AIE/AIEUnallocatedSuperRegRewriter.cpp
In file included from /home/jtuyls/iree-ai/llvm-aie-port/amd/aie/llvm/lib/Target/AIE/AIEUnallocatedSuperRegRewriter.cpp:11:
/home/jtuyls/iree-ai/llvm-aie-port/amd/aie/llvm/lib/Target/AIE/AIEBaseInstrInfo.h:24:10: fatal error: llvm/CodeGen/ResourceCycle.h: No such file or directory
   24 | #include "llvm/CodeGen/ResourceCycle.h"
      |          ^~~~~~~~~~~~~~~~~~~~~~~~~~~~~~
compilation terminated.
[126/238] Building CXX object lib/Target/AIE/CMakeFiles/LLVMAIECodeGen.dir/AIE2RegisterBankInfo.cpp.o
FAILED: lib/Target/AIE/CMakeFiles/LLVMAIECodeGen.dir/AIE2RegisterBankInfo.cpp.o 
CCACHE_CPP2=yes CCACHE_HASHDIR=yes CCACHE_SLOPPINESS=pch_defines,time_macros /usr/bin/ccache /usr/bin/g++ -D_DEBUG -D_GLIBCXX_ASSERTIONS -D_GLIBCXX_USE_CXX11_ABI=1 -D_GNU_SOURCE -D_LIBCPP_HARDENING_MODE=_LIBCPP_HARDENING_MODE_EXTENSIVE -D__STDC_CONSTANT_MACROS -D__STDC_FORMAT_MACROS -D__STDC_LIMIT_MACROS -I/home/jtuyls/iree-ai/llvm-aie-port/build/lib/Target/AIE -I/home/jtuyls/iree-ai/llvm-aie-port/amd/aie/llvm/lib/Target/AIE -I/home/jtuyls/iree-ai/llvm-aie-port/build/include -I/home/jtuyls/iree-ai/llvm-aie-port/llvm/include -I/home/jtuyls/iree-ai/llvm-aie-port/amd/aie/llvm/include -fPIC -fno-semantic-interposition -fvisibility-inlines-hidden -Werror=date-time -Wall -Wextra -Wno-unused-parameter -Wwrite-strings -Wcast-qual -Wno-missing-field-initializers -pedantic -Wno-long-long -Wimplicit-fallthrough -Wno-uninitialized -Wno-nonnull -Wno-class-memaccess -Wno-dangling-reference -Wno-redundant-move -Wno-pessimizing-move -Wno-array-bounds -Wno-stringop-overread -Wno-dangling-pointer -Wno-noexcept-type -Wdelete-non-virtual-dtor -Wsuggest-override -Wno-comment -Wno-misleading-indentation -Wctad-maybe-unsupported -fdiagnostics-color -ffunction-sections -fdata-sections -O3 -DNDEBUG -std=c++17 -fvisibility=hidden -UNDEBUG -fno-exceptions -funwind-tables -fno-rtti -MD -MT lib/Target/AIE/CMakeFiles/LLVMAIECodeGen.dir/AIE2RegisterBankInfo.cpp.o -MF lib/Target/AIE/CMakeFiles/LLVMAIECodeGen.dir/AIE2RegisterBankInfo.cpp.o.d -o lib/Target/AIE/CMakeFiles/LLVMAIECodeGen.dir/AIE2RegisterBankInfo.cpp.o -c /home/jtuyls/iree-ai/llvm-aie-port/amd/aie/llvm/lib/Target/AIE/AIE2RegisterBankInfo.cpp
In file included from /home/jtuyls/iree-ai/llvm-aie-port/amd/aie/llvm/lib/Target/AIE/AIE2InstrInfo.h:21,
                 from /home/jtuyls/iree-ai/llvm-aie-port/amd/aie/llvm/lib/Target/AIE/AIE2RegisterBankInfo.cpp:17:
/home/jtuyls/iree-ai/llvm-aie-port/amd/aie/llvm/lib/Target/AIE/AIEBaseInstrInfo.h:24:10: fatal error: llvm/CodeGen/ResourceCycle.h: No such file or directory
   24 | #include "llvm/CodeGen/ResourceCycle.h"
      |          ^~~~~~~~~~~~~~~~~~~~~~~~~~~~~~
compilation terminated.
[127/238] Building CXX object lib/Target/AIE/CMakeFiles/LLVMAIECodeGen.dir/AIEPostLegalizerGenericCombiner.cpp.o
FAILED: lib/Target/AIE/CMakeFiles/LLVMAIECodeGen.dir/AIEPostLegalizerGenericCombiner.cpp.o 
CCACHE_CPP2=yes CCACHE_HASHDIR=yes CCACHE_SLOPPINESS=pch_defines,time_macros /usr/bin/ccache /usr/bin/g++ -D_DEBUG -D_GLIBCXX_ASSERTIONS -D_GLIBCXX_USE_CXX11_ABI=1 -D_GNU_SOURCE -D_LIBCPP_HARDENING_MODE=_LIBCPP_HARDENING_MODE_EXTENSIVE -D__STDC_CONSTANT_MACROS -D__STDC_FORMAT_MACROS -D__STDC_LIMIT_MACROS -I/home/jtuyls/iree-ai/llvm-aie-port/build/lib/Target/AIE -I/home/jtuyls/iree-ai/llvm-aie-port/amd/aie/llvm/lib/Target/AIE -I/home/jtuyls/iree-ai/llvm-aie-port/build/include -I/home/jtuyls/iree-ai/llvm-aie-port/llvm/include -I/home/jtuyls/iree-ai/llvm-aie-port/amd/aie/llvm/include -fPIC -fno-semantic-interposition -fvisibility-inlines-hidden -Werror=date-time -Wall -Wextra -Wno-unused-parameter -Wwrite-strings -Wcast-qual -Wno-missing-field-initializers -pedantic -Wno-long-long -Wimplicit-fallthrough -Wno-uninitialized -Wno-nonnull -Wno-class-memaccess -Wno-dangling-reference -Wno-redundant-move -Wno-pessimizing-move -Wno-array-bounds -Wno-stringop-overread -Wno-dangling-pointer -Wno-noexcept-type -Wdelete-non-virtual-dtor -Wsuggest-override -Wno-comment -Wno-misleading-indentation -Wctad-maybe-unsupported -fdiagnostics-color -ffunction-sections -fdata-sections -O3 -DNDEBUG -std=c++17 -fvisibility=hidden -UNDEBUG -fno-exceptions -funwind-tables -fno-rtti -MD -MT lib/Target/AIE/CMakeFiles/LLVMAIECodeGen.dir/AIEPostLegalizerGenericCombiner.cpp.o -MF lib/Target/AIE/CMakeFiles/LLVMAIECodeGen.dir/AIEPostLegalizerGenericCombiner.cpp.o.d -o lib/Target/AIE/CMakeFiles/LLVMAIECodeGen.dir/AIEPostLegalizerGenericCombiner.cpp.o -c /home/jtuyls/iree-ai/llvm-aie-port/amd/aie/llvm/lib/Target/AIE/AIEPostLegalizerGenericCombiner.cpp
In file included from /home/jtuyls/iree-ai/llvm-aie-port/amd/aie/llvm/lib/Target/AIE/AIEBaseSubtarget.h:19,
                 from /home/jtuyls/iree-ai/llvm-aie-port/amd/aie/llvm/lib/Target/AIE/AIEPostLegalizerGenericCombiner.cpp:16:
/home/jtuyls/iree-ai/llvm-aie-port/amd/aie/llvm/lib/Target/AIE/AIEBaseInstrInfo.h:24:10: fatal error: llvm/CodeGen/ResourceCycle.h: No such file or directory
   24 | #include "llvm/CodeGen/ResourceCycle.h"
      |          ^~~~~~~~~~~~~~~~~~~~~~~~~~~~~~
compilation terminated.
[128/238] Building CXX object lib/Target/AIE/CMakeFiles/LLVMAIECodeGen.dir/AIE2TargetTransformInfo.cpp.o
FAILED: lib/Target/AIE/CMakeFiles/LLVMAIECodeGen.dir/AIE2TargetTransformInfo.cpp.o 
CCACHE_CPP2=yes CCACHE_HASHDIR=yes CCACHE_SLOPPINESS=pch_defines,time_macros /usr/bin/ccache /usr/bin/g++ -D_DEBUG -D_GLIBCXX_ASSERTIONS -D_GLIBCXX_USE_CXX11_ABI=1 -D_GNU_SOURCE -D_LIBCPP_HARDENING_MODE=_LIBCPP_HARDENING_MODE_EXTENSIVE -D__STDC_CONSTANT_MACROS -D__STDC_FORMAT_MACROS -D__STDC_LIMIT_MACROS -I/home/jtuyls/iree-ai/llvm-aie-port/build/lib/Target/AIE -I/home/jtuyls/iree-ai/llvm-aie-port/amd/aie/llvm/lib/Target/AIE -I/home/jtuyls/iree-ai/llvm-aie-port/build/include -I/home/jtuyls/iree-ai/llvm-aie-port/llvm/include -I/home/jtuyls/iree-ai/llvm-aie-port/amd/aie/llvm/include -fPIC -fno-semantic-interposition -fvisibility-inlines-hidden -Werror=date-time -Wall -Wextra -Wno-unused-parameter -Wwrite-strings -Wcast-qual -Wno-missing-field-initializers -pedantic -Wno-long-long -Wimplicit-fallthrough -Wno-uninitialized -Wno-nonnull -Wno-class-memaccess -Wno-dangling-reference -Wno-redundant-move -Wno-pessimizing-move -Wno-array-bounds -Wno-stringop-overread -Wno-dangling-pointer -Wno-noexcept-type -Wdelete-non-virtual-dtor -Wsuggest-override -Wno-comment -Wno-misleading-indentation -Wctad-maybe-unsupported -fdiagnostics-color -ffunction-sections -fdata-sections -O3 -DNDEBUG -std=c++17 -fvisibility=hidden -UNDEBUG -fno-exceptions -funwind-tables -fno-rtti -MD -MT lib/Target/AIE/CMakeFiles/LLVMAIECodeGen.dir/AIE2TargetTransformInfo.cpp.o -MF lib/Target/AIE/CMakeFiles/LLVMAIECodeGen.dir/AIE2TargetTransformInfo.cpp.o.d -o lib/Target/AIE/CMakeFiles/LLVMAIECodeGen.dir/AIE2TargetTransformInfo.cpp.o -c /home/jtuyls/iree-ai/llvm-aie-port/amd/aie/llvm/lib/Target/AIE/AIE2TargetTransformInfo.cpp
In file included from /home/jtuyls/iree-ai/llvm-aie-port/amd/aie/llvm/lib/Target/AIE/AIEBaseSubtarget.h:19,
                 from /home/jtuyls/iree-ai/llvm-aie-port/amd/aie/llvm/lib/Target/AIE/AIEBaseFrameLowering.h:18,
                 from /home/jtuyls/iree-ai/llvm-aie-port/amd/aie/llvm/lib/Target/AIE/AIE2FrameLowering.h:18,
                 from /home/jtuyls/iree-ai/llvm-aie-port/amd/aie/llvm/lib/Target/AIE/AIE2Subtarget.h:19,
                 from /home/jtuyls/iree-ai/llvm-aie-port/amd/aie/llvm/lib/Target/AIE/AIE2TargetMachine.h:18,
                 from /home/jtuyls/iree-ai/llvm-aie-port/amd/aie/llvm/lib/Target/AIE/AIE2TargetTransformInfo.h:20,
                 from /home/jtuyls/iree-ai/llvm-aie-port/amd/aie/llvm/lib/Target/AIE/AIE2TargetTransformInfo.cpp:11:
/home/jtuyls/iree-ai/llvm-aie-port/amd/aie/llvm/lib/Target/AIE/AIEBaseInstrInfo.h:24:10: fatal error: llvm/CodeGen/ResourceCycle.h: No such file or directory
   24 | #include "llvm/CodeGen/ResourceCycle.h"
      |          ^~~~~~~~~~~~~~~~~~~~~~~~~~~~~~
compilation terminated.
[129/238] Building CXX object lib/Target/AIE/CMakeFiles/LLVMAIECodeGen.dir/AIEPreLegalizerCombiner.cpp.o
FAILED: lib/Target/AIE/CMakeFiles/LLVMAIECodeGen.dir/AIEPreLegalizerCombiner.cpp.o 
CCACHE_CPP2=yes CCACHE_HASHDIR=yes CCACHE_SLOPPINESS=pch_defines,time_macros /usr/bin/ccache /usr/bin/g++ -D_DEBUG -D_GLIBCXX_ASSERTIONS -D_GLIBCXX_USE_CXX11_ABI=1 -D_GNU_SOURCE -D_LIBCPP_HARDENING_MODE=_LIBCPP_HARDENING_MODE_EXTENSIVE -D__STDC_CONSTANT_MACROS -D__STDC_FORMAT_MACROS -D__STDC_LIMIT_MACROS -I/home/jtuyls/iree-ai/llvm-aie-port/build/lib/Target/AIE -I/home/jtuyls/iree-ai/llvm-aie-port/amd/aie/llvm/lib/Target/AIE -I/home/jtuyls/iree-ai/llvm-aie-port/build/include -I/home/jtuyls/iree-ai/llvm-aie-port/llvm/include -I/home/jtuyls/iree-ai/llvm-aie-port/amd/aie/llvm/include -fPIC -fno-semantic-interposition -fvisibility-inlines-hidden -Werror=date-time -Wall -Wextra -Wno-unused-parameter -Wwrite-strings -Wcast-qual -Wno-missing-field-initializers -pedantic -Wno-long-long -Wimplicit-fallthrough -Wno-uninitialized -Wno-nonnull -Wno-class-memaccess -Wno-dangling-reference -Wno-redundant-move -Wno-pessimizing-move -Wno-array-bounds -Wno-stringop-overread -Wno-dangling-pointer -Wno-noexcept-type -Wdelete-non-virtual-dtor -Wsuggest-override -Wno-comment -Wno-misleading-indentation -Wctad-maybe-unsupported -fdiagnostics-color -ffunction-sections -fdata-sections -O3 -DNDEBUG -std=c++17 -fvisibility=hidden -UNDEBUG -fno-exceptions -funwind-tables -fno-rtti -MD -MT lib/Target/AIE/CMakeFiles/LLVMAIECodeGen.dir/AIEPreLegalizerCombiner.cpp.o -MF lib/Target/AIE/CMakeFiles/LLVMAIECodeGen.dir/AIEPreLegalizerCombiner.cpp.o.d -o lib/Target/AIE/CMakeFiles/LLVMAIECodeGen.dir/AIEPreLegalizerCombiner.cpp.o -c /home/jtuyls/iree-ai/llvm-aie-port/amd/aie/llvm/lib/Target/AIE/AIEPreLegalizerCombiner.cpp
In file included from /home/jtuyls/iree-ai/llvm-aie-port/amd/aie/llvm/lib/Target/AIE/AIE2InstrInfo.h:21,
                 from /home/jtuyls/iree-ai/llvm-aie-port/amd/aie/llvm/lib/Target/AIE/AIEPreLegalizerCombiner.cpp:16:
/home/jtuyls/iree-ai/llvm-aie-port/amd/aie/llvm/lib/Target/AIE/AIEBaseInstrInfo.h:24:10: fatal error: llvm/CodeGen/ResourceCycle.h: No such file or directory
   24 | #include "llvm/CodeGen/ResourceCycle.h"
      |          ^~~~~~~~~~~~~~~~~~~~~~~~~~~~~~
compilation terminated.
[130/238] Building CXX object lib/Target/AIE/CMakeFiles/LLVMAIECodeGen.dir/AIE2Subtarget.cpp.o
FAILED: lib/Target/AIE/CMakeFiles/LLVMAIECodeGen.dir/AIE2Subtarget.cpp.o 
CCACHE_CPP2=yes CCACHE_HASHDIR=yes CCACHE_SLOPPINESS=pch_defines,time_macros /usr/bin/ccache /usr/bin/g++ -D_DEBUG -D_GLIBCXX_ASSERTIONS -D_GLIBCXX_USE_CXX11_ABI=1 -D_GNU_SOURCE -D_LIBCPP_HARDENING_MODE=_LIBCPP_HARDENING_MODE_EXTENSIVE -D__STDC_CONSTANT_MACROS -D__STDC_FORMAT_MACROS -D__STDC_LIMIT_MACROS -I/home/jtuyls/iree-ai/llvm-aie-port/build/lib/Target/AIE -I/home/jtuyls/iree-ai/llvm-aie-port/amd/aie/llvm/lib/Target/AIE -I/home/jtuyls/iree-ai/llvm-aie-port/build/include -I/home/jtuyls/iree-ai/llvm-aie-port/llvm/include -I/home/jtuyls/iree-ai/llvm-aie-port/amd/aie/llvm/include -fPIC -fno-semantic-interposition -fvisibility-inlines-hidden -Werror=date-time -Wall -Wextra -Wno-unused-parameter -Wwrite-strings -Wcast-qual -Wno-missing-field-initializers -pedantic -Wno-long-long -Wimplicit-fallthrough -Wno-uninitialized -Wno-nonnull -Wno-class-memaccess -Wno-dangling-reference -Wno-redundant-move -Wno-pessimizing-move -Wno-array-bounds -Wno-stringop-overread -Wno-dangling-pointer -Wno-noexcept-type -Wdelete-non-virtual-dtor -Wsuggest-override -Wno-comment -Wno-misleading-indentation -Wctad-maybe-unsupported -fdiagnostics-color -ffunction-sections -fdata-sections -O3 -DNDEBUG -std=c++17 -fvisibility=hidden -UNDEBUG -fno-exceptions -funwind-tables -fno-rtti -MD -MT lib/Target/AIE/CMakeFiles/LLVMAIECodeGen.dir/AIE2Subtarget.cpp.o -MF lib/Target/AIE/CMakeFiles/LLVMAIECodeGen.dir/AIE2Subtarget.cpp.o.d -o lib/Target/AIE/CMakeFiles/LLVMAIECodeGen.dir/AIE2Subtarget.cpp.o -c /home/jtuyls/iree-ai/llvm-aie-port/amd/aie/llvm/lib/Target/AIE/AIE2Subtarget.cpp
In file included from /home/jtuyls/iree-ai/llvm-aie-port/amd/aie/llvm/lib/Target/AIE/AIEBaseSubtarget.h:19,
                 from /home/jtuyls/iree-ai/llvm-aie-port/amd/aie/llvm/lib/Target/AIE/AIEBaseFrameLowering.h:18,
                 from /home/jtuyls/iree-ai/llvm-aie-port/amd/aie/llvm/lib/Target/AIE/AIE2FrameLowering.h:18,
                 from /home/jtuyls/iree-ai/llvm-aie-port/amd/aie/llvm/lib/Target/AIE/AIE2Subtarget.h:19,
                 from /home/jtuyls/iree-ai/llvm-aie-port/amd/aie/llvm/lib/Target/AIE/AIE2Subtarget.cpp:16:
/home/jtuyls/iree-ai/llvm-aie-port/amd/aie/llvm/lib/Target/AIE/AIEBaseInstrInfo.h:24:10: fatal error: llvm/CodeGen/ResourceCycle.h: No such file or directory
   24 | #include "llvm/CodeGen/ResourceCycle.h"
      |          ^~~~~~~~~~~~~~~~~~~~~~~~~~~~~~
compilation terminated.
[131/238] Building CXX object lib/Target/AIE/CMakeFiles/LLVMAIECodeGen.dir/AIE2RegisterInfo.cpp.o
FAILED: lib/Target/AIE/CMakeFiles/LLVMAIECodeGen.dir/AIE2RegisterInfo.cpp.o 
CCACHE_CPP2=yes CCACHE_HASHDIR=yes CCACHE_SLOPPINESS=pch_defines,time_macros /usr/bin/ccache /usr/bin/g++ -D_DEBUG -D_GLIBCXX_ASSERTIONS -D_GLIBCXX_USE_CXX11_ABI=1 -D_GNU_SOURCE -D_LIBCPP_HARDENING_MODE=_LIBCPP_HARDENING_MODE_EXTENSIVE -D__STDC_CONSTANT_MACROS -D__STDC_FORMAT_MACROS -D__STDC_LIMIT_MACROS -I/home/jtuyls/iree-ai/llvm-aie-port/build/lib/Target/AIE -I/home/jtuyls/iree-ai/llvm-aie-port/amd/aie/llvm/lib/Target/AIE -I/home/jtuyls/iree-ai/llvm-aie-port/build/include -I/home/jtuyls/iree-ai/llvm-aie-port/llvm/include -I/home/jtuyls/iree-ai/llvm-aie-port/amd/aie/llvm/include -fPIC -fno-semantic-interposition -fvisibility-inlines-hidden -Werror=date-time -Wall -Wextra -Wno-unused-parameter -Wwrite-strings -Wcast-qual -Wno-missing-field-initializers -pedantic -Wno-long-long -Wimplicit-fallthrough -Wno-uninitialized -Wno-nonnull -Wno-class-memaccess -Wno-dangling-reference -Wno-redundant-move -Wno-pessimizing-move -Wno-array-bounds -Wno-stringop-overread -Wno-dangling-pointer -Wno-noexcept-type -Wdelete-non-virtual-dtor -Wsuggest-override -Wno-comment -Wno-misleading-indentation -Wctad-maybe-unsupported -fdiagnostics-color -ffunction-sections -fdata-sections -O3 -DNDEBUG -std=c++17 -fvisibility=hidden -UNDEBUG -fno-exceptions -funwind-tables -fno-rtti -MD -MT lib/Target/AIE/CMakeFiles/LLVMAIECodeGen.dir/AIE2RegisterInfo.cpp.o -MF lib/Target/AIE/CMakeFiles/LLVMAIECodeGen.dir/AIE2RegisterInfo.cpp.o.d -o lib/Target/AIE/CMakeFiles/LLVMAIECodeGen.dir/AIE2RegisterInfo.cpp.o -c /home/jtuyls/iree-ai/llvm-aie-port/amd/aie/llvm/lib/Target/AIE/AIE2RegisterInfo.cpp
In file included from /home/jtuyls/iree-ai/llvm-aie-port/amd/aie/llvm/lib/Target/AIE/AIEBaseSubtarget.h:19,
                 from /home/jtuyls/iree-ai/llvm-aie-port/amd/aie/llvm/lib/Target/AIE/AIEBaseFrameLowering.h:18,
                 from /home/jtuyls/iree-ai/llvm-aie-port/amd/aie/llvm/lib/Target/AIE/AIE2FrameLowering.h:18,
                 from /home/jtuyls/iree-ai/llvm-aie-port/amd/aie/llvm/lib/Target/AIE/AIE2Subtarget.h:19,
                 from /home/jtuyls/iree-ai/llvm-aie-port/amd/aie/llvm/lib/Target/AIE/AIE2RegisterInfo.cpp:19:
/home/jtuyls/iree-ai/llvm-aie-port/amd/aie/llvm/lib/Target/AIE/AIEBaseInstrInfo.h:24:10: fatal error: llvm/CodeGen/ResourceCycle.h: No such file or directory
   24 | #include "llvm/CodeGen/ResourceCycle.h"
      |          ^~~~~~~~~~~~~~~~~~~~~~~~~~~~~~
compilation terminated.
[132/238] Building CXX object lib/Target/AIE/CMakeFiles/LLVMAIECodeGen.dir/AIETiedRegOperands.cpp.o
[133/238] Building CXX object lib/Target/AIE/CMakeFiles/LLVMAIECodeGen.dir/AIESWPSolver.cpp.o
[134/238] Building CXX object lib/Target/AIE/CMakeFiles/LLVMAIECodeGen.dir/AIEWawRegRewriter.cpp.o
FAILED: lib/Target/AIE/CMakeFiles/LLVMAIECodeGen.dir/AIEWawRegRewriter.cpp.o 
CCACHE_CPP2=yes CCACHE_HASHDIR=yes CCACHE_SLOPPINESS=pch_defines,time_macros /usr/bin/ccache /usr/bin/g++ -D_DEBUG -D_GLIBCXX_ASSERTIONS -D_GLIBCXX_USE_CXX11_ABI=1 -D_GNU_SOURCE -D_LIBCPP_HARDENING_MODE=_LIBCPP_HARDENING_MODE_EXTENSIVE -D__STDC_CONSTANT_MACROS -D__STDC_FORMAT_MACROS -D__STDC_LIMIT_MACROS -I/home/jtuyls/iree-ai/llvm-aie-port/build/lib/Target/AIE -I/home/jtuyls/iree-ai/llvm-aie-port/amd/aie/llvm/lib/Target/AIE -I/home/jtuyls/iree-ai/llvm-aie-port/build/include -I/home/jtuyls/iree-ai/llvm-aie-port/llvm/include -I/home/jtuyls/iree-ai/llvm-aie-port/amd/aie/llvm/include -fPIC -fno-semantic-interposition -fvisibility-inlines-hidden -Werror=date-time -Wall -Wextra -Wno-unused-parameter -Wwrite-strings -Wcast-qual -Wno-missing-field-initializers -pedantic -Wno-long-long -Wimplicit-fallthrough -Wno-uninitialized -Wno-nonnull -Wno-class-memaccess -Wno-dangling-reference -Wno-redundant-move -Wno-pessimizing-move -Wno-array-bounds -Wno-stringop-overread -Wno-dangling-pointer -Wno-noexcept-type -Wdelete-non-virtual-dtor -Wsuggest-override -Wno-comment -Wno-misleading-indentation -Wctad-maybe-unsupported -fdiagnostics-color -ffunction-sections -fdata-sections -O3 -DNDEBUG -std=c++17 -fvisibility=hidden -UNDEBUG -fno-exceptions -funwind-tables -fno-rtti -MD -MT lib/Target/AIE/CMakeFiles/LLVMAIECodeGen.dir/AIEWawRegRewriter.cpp.o -MF lib/Target/AIE/CMakeFiles/LLVMAIECodeGen.dir/AIEWawRegRewriter.cpp.o.d -o lib/Target/AIE/CMakeFiles/LLVMAIECodeGen.dir/AIEWawRegRewriter.cpp.o -c /home/jtuyls/iree-ai/llvm-aie-port/amd/aie/llvm/lib/Target/AIE/AIEWawRegRewriter.cpp
In file included from /home/jtuyls/iree-ai/llvm-aie-port/amd/aie/llvm/lib/Target/AIE/AIEWawRegRewriter.cpp:17:
/home/jtuyls/iree-ai/llvm-aie-port/amd/aie/llvm/lib/Target/AIE/AIEBaseInstrInfo.h:24:10: fatal error: llvm/CodeGen/ResourceCycle.h: No such file or directory
   24 | #include "llvm/CodeGen/ResourceCycle.h"
      |          ^~~~~~~~~~~~~~~~~~~~~~~~~~~~~~
compilation terminated.
[135/238] Building CXX object lib/Target/AIE/CMakeFiles/LLVMAIECodeGen.dir/AIE2LegalizerInfo.cpp.o
FAILED: lib/Target/AIE/CMakeFiles/LLVMAIECodeGen.dir/AIE2LegalizerInfo.cpp.o 
CCACHE_CPP2=yes CCACHE_HASHDIR=yes CCACHE_SLOPPINESS=pch_defines,time_macros /usr/bin/ccache /usr/bin/g++ -D_DEBUG -D_GLIBCXX_ASSERTIONS -D_GLIBCXX_USE_CXX11_ABI=1 -D_GNU_SOURCE -D_LIBCPP_HARDENING_MODE=_LIBCPP_HARDENING_MODE_EXTENSIVE -D__STDC_CONSTANT_MACROS -D__STDC_FORMAT_MACROS -D__STDC_LIMIT_MACROS -I/home/jtuyls/iree-ai/llvm-aie-port/build/lib/Target/AIE -I/home/jtuyls/iree-ai/llvm-aie-port/amd/aie/llvm/lib/Target/AIE -I/home/jtuyls/iree-ai/llvm-aie-port/build/include -I/home/jtuyls/iree-ai/llvm-aie-port/llvm/include -I/home/jtuyls/iree-ai/llvm-aie-port/amd/aie/llvm/include -fPIC -fno-semantic-interposition -fvisibility-inlines-hidden -Werror=date-time -Wall -Wextra -Wno-unused-parameter -Wwrite-strings -Wcast-qual -Wno-missing-field-initializers -pedantic -Wno-long-long -Wimplicit-fallthrough -Wno-uninitialized -Wno-nonnull -Wno-class-memaccess -Wno-dangling-reference -Wno-redundant-move -Wno-pessimizing-move -Wno-array-bounds -Wno-stringop-overread -Wno-dangling-pointer -Wno-noexcept-type -Wdelete-non-virtual-dtor -Wsuggest-override -Wno-comment -Wno-misleading-indentation -Wctad-maybe-unsupported -fdiagnostics-color -ffunction-sections -fdata-sections -O3 -DNDEBUG -std=c++17 -fvisibility=hidden -UNDEBUG -fno-exceptions -funwind-tables -fno-rtti -MD -MT lib/Target/AIE/CMakeFiles/LLVMAIECodeGen.dir/AIE2LegalizerInfo.cpp.o -MF lib/Target/AIE/CMakeFiles/LLVMAIECodeGen.dir/AIE2LegalizerInfo.cpp.o.d -o lib/Target/AIE/CMakeFiles/LLVMAIECodeGen.dir/AIE2LegalizerInfo.cpp.o -c /home/jtuyls/iree-ai/llvm-aie-port/amd/aie/llvm/lib/Target/AIE/AIE2LegalizerInfo.cpp
In file included from /home/jtuyls/iree-ai/llvm-aie-port/amd/aie/llvm/lib/Target/AIE/AIEBaseSubtarget.h:19,
                 from /home/jtuyls/iree-ai/llvm-aie-port/amd/aie/llvm/lib/Target/AIE/AIEBaseFrameLowering.h:18,
                 from /home/jtuyls/iree-ai/llvm-aie-port/amd/aie/llvm/lib/Target/AIE/AIE2FrameLowering.h:18,
                 from /home/jtuyls/iree-ai/llvm-aie-port/amd/aie/llvm/lib/Target/AIE/AIE2Subtarget.h:19,
                 from /home/jtuyls/iree-ai/llvm-aie-port/amd/aie/llvm/lib/Target/AIE/AIE2LegalizerInfo.cpp:17:
/home/jtuyls/iree-ai/llvm-aie-port/amd/aie/llvm/lib/Target/AIE/AIEBaseInstrInfo.h:24:10: fatal error: llvm/CodeGen/ResourceCycle.h: No such file or directory
   24 | #include "llvm/CodeGen/ResourceCycle.h"
      |          ^~~~~~~~~~~~~~~~~~~~~~~~~~~~~~
compilation terminated.
[136/238] Building CXX object lib/Target/AIE/CMakeFiles/LLVMAIECodeGen.dir/AIE2ISelLowering.cpp.o
FAILED: lib/Target/AIE/CMakeFiles/LLVMAIECodeGen.dir/AIE2ISelLowering.cpp.o 
CCACHE_CPP2=yes CCACHE_HASHDIR=yes CCACHE_SLOPPINESS=pch_defines,time_macros /usr/bin/ccache /usr/bin/g++ -D_DEBUG -D_GLIBCXX_ASSERTIONS -D_GLIBCXX_USE_CXX11_ABI=1 -D_GNU_SOURCE -D_LIBCPP_HARDENING_MODE=_LIBCPP_HARDENING_MODE_EXTENSIVE -D__STDC_CONSTANT_MACROS -D__STDC_FORMAT_MACROS -D__STDC_LIMIT_MACROS -I/home/jtuyls/iree-ai/llvm-aie-port/build/lib/Target/AIE -I/home/jtuyls/iree-ai/llvm-aie-port/amd/aie/llvm/lib/Target/AIE -I/home/jtuyls/iree-ai/llvm-aie-port/build/include -I/home/jtuyls/iree-ai/llvm-aie-port/llvm/include -I/home/jtuyls/iree-ai/llvm-aie-port/amd/aie/llvm/include -fPIC -fno-semantic-interposition -fvisibility-inlines-hidden -Werror=date-time -Wall -Wextra -Wno-unused-parameter -Wwrite-strings -Wcast-qual -Wno-missing-field-initializers -pedantic -Wno-long-long -Wimplicit-fallthrough -Wno-uninitialized -Wno-nonnull -Wno-class-memaccess -Wno-dangling-reference -Wno-redundant-move -Wno-pessimizing-move -Wno-array-bounds -Wno-stringop-overread -Wno-dangling-pointer -Wno-noexcept-type -Wdelete-non-virtual-dtor -Wsuggest-override -Wno-comment -Wno-misleading-indentation -Wctad-maybe-unsupported -fdiagnostics-color -ffunction-sections -fdata-sections -O3 -DNDEBUG -std=c++17 -fvisibility=hidden -UNDEBUG -fno-exceptions -funwind-tables -fno-rtti -MD -MT lib/Target/AIE/CMakeFiles/LLVMAIECodeGen.dir/AIE2ISelLowering.cpp.o -MF lib/Target/AIE/CMakeFiles/LLVMAIECodeGen.dir/AIE2ISelLowering.cpp.o.d -o lib/Target/AIE/CMakeFiles/LLVMAIECodeGen.dir/AIE2ISelLowering.cpp.o -c /home/jtuyls/iree-ai/llvm-aie-port/amd/aie/llvm/lib/Target/AIE/AIE2ISelLowering.cpp
In file included from /home/jtuyls/iree-ai/llvm-aie-port/amd/aie/llvm/lib/Target/AIE/AIEBaseSubtarget.h:19,
                 from /home/jtuyls/iree-ai/llvm-aie-port/amd/aie/llvm/lib/Target/AIE/AIE2ISelLowering.cpp:16:
/home/jtuyls/iree-ai/llvm-aie-port/amd/aie/llvm/lib/Target/AIE/AIEBaseInstrInfo.h:24:10: fatal error: llvm/CodeGen/ResourceCycle.h: No such file or directory
   24 | #include "llvm/CodeGen/ResourceCycle.h"
      |          ^~~~~~~~~~~~~~~~~~~~~~~~~~~~~~
compilation terminated.
[137/238] Building CXX object lib/Target/AIE/CMakeFiles/LLVMAIECodeGen.dir/aie1/AIEHazardRecognizerPRAS.cpp.o
FAILED: lib/Target/AIE/CMakeFiles/LLVMAIECodeGen.dir/aie1/AIEHazardRecognizerPRAS.cpp.o 
CCACHE_CPP2=yes CCACHE_HASHDIR=yes CCACHE_SLOPPINESS=pch_defines,time_macros /usr/bin/ccache /usr/bin/g++ -D_DEBUG -D_GLIBCXX_ASSERTIONS -D_GLIBCXX_USE_CXX11_ABI=1 -D_GNU_SOURCE -D_LIBCPP_HARDENING_MODE=_LIBCPP_HARDENING_MODE_EXTENSIVE -D__STDC_CONSTANT_MACROS -D__STDC_FORMAT_MACROS -D__STDC_LIMIT_MACROS -I/home/jtuyls/iree-ai/llvm-aie-port/build/lib/Target/AIE -I/home/jtuyls/iree-ai/llvm-aie-port/amd/aie/llvm/lib/Target/AIE -I/home/jtuyls/iree-ai/llvm-aie-port/build/include -I/home/jtuyls/iree-ai/llvm-aie-port/llvm/include -I/home/jtuyls/iree-ai/llvm-aie-port/amd/aie/llvm/include -fPIC -fno-semantic-interposition -fvisibility-inlines-hidden -Werror=date-time -Wall -Wextra -Wno-unused-parameter -Wwrite-strings -Wcast-qual -Wno-missing-field-initializers -pedantic -Wno-long-long -Wimplicit-fallthrough -Wno-uninitialized -Wno-nonnull -Wno-class-memaccess -Wno-dangling-reference -Wno-redundant-move -Wno-pessimizing-move -Wno-array-bounds -Wno-stringop-overread -Wno-dangling-pointer -Wno-noexcept-type -Wdelete-non-virtual-dtor -Wsuggest-override -Wno-comment -Wno-misleading-indentation -Wctad-maybe-unsupported -fdiagnostics-color -ffunction-sections -fdata-sections -O3 -DNDEBUG -std=c++17 -fvisibility=hidden -UNDEBUG -fno-exceptions -funwind-tables -fno-rtti -MD -MT lib/Target/AIE/CMakeFiles/LLVMAIECodeGen.dir/aie1/AIEHazardRecognizerPRAS.cpp.o -MF lib/Target/AIE/CMakeFiles/LLVMAIECodeGen.dir/aie1/AIEHazardRecognizerPRAS.cpp.o.d -o lib/Target/AIE/CMakeFiles/LLVMAIECodeGen.dir/aie1/AIEHazardRecognizerPRAS.cpp.o -c /home/jtuyls/iree-ai/llvm-aie-port/amd/aie/llvm/lib/Target/AIE/aie1/AIEHazardRecognizerPRAS.cpp
In file included from /home/jtuyls/iree-ai/llvm-aie-port/amd/aie/llvm/lib/Target/AIE/AIEBaseSubtarget.h:19,
                 from /home/jtuyls/iree-ai/llvm-aie-port/amd/aie/llvm/lib/Target/AIE/AIEAlternateDescriptors.h:18,
                 from /home/jtuyls/iree-ai/llvm-aie-port/amd/aie/llvm/lib/Target/AIE/AIEHazardRecognizer.h:16,
                 from /home/jtuyls/iree-ai/llvm-aie-port/amd/aie/llvm/lib/Target/AIE/aie1/AIEHazardRecognizerPRAS.h:22,
                 from /home/jtuyls/iree-ai/llvm-aie-port/amd/aie/llvm/lib/Target/AIE/aie1/AIEHazardRecognizerPRAS.cpp:17:
/home/jtuyls/iree-ai/llvm-aie-port/amd/aie/llvm/lib/Target/AIE/AIEBaseInstrInfo.h:24:10: fatal error: llvm/CodeGen/ResourceCycle.h: No such file or directory
   24 | #include "llvm/CodeGen/ResourceCycle.h"
      |          ^~~~~~~~~~~~~~~~~~~~~~~~~~~~~~
compilation terminated.
[138/238] Building CXX object lib/Target/AIE/CMakeFiles/LLVMAIECodeGen.dir/aie1/AIE1FrameLowering.cpp.o
FAILED: lib/Target/AIE/CMakeFiles/LLVMAIECodeGen.dir/aie1/AIE1FrameLowering.cpp.o 
CCACHE_CPP2=yes CCACHE_HASHDIR=yes CCACHE_SLOPPINESS=pch_defines,time_macros /usr/bin/ccache /usr/bin/g++ -D_DEBUG -D_GLIBCXX_ASSERTIONS -D_GLIBCXX_USE_CXX11_ABI=1 -D_GNU_SOURCE -D_LIBCPP_HARDENING_MODE=_LIBCPP_HARDENING_MODE_EXTENSIVE -D__STDC_CONSTANT_MACROS -D__STDC_FORMAT_MACROS -D__STDC_LIMIT_MACROS -I/home/jtuyls/iree-ai/llvm-aie-port/build/lib/Target/AIE -I/home/jtuyls/iree-ai/llvm-aie-port/amd/aie/llvm/lib/Target/AIE -I/home/jtuyls/iree-ai/llvm-aie-port/build/include -I/home/jtuyls/iree-ai/llvm-aie-port/llvm/include -I/home/jtuyls/iree-ai/llvm-aie-port/amd/aie/llvm/include -fPIC -fno-semantic-interposition -fvisibility-inlines-hidden -Werror=date-time -Wall -Wextra -Wno-unused-parameter -Wwrite-strings -Wcast-qual -Wno-missing-field-initializers -pedantic -Wno-long-long -Wimplicit-fallthrough -Wno-uninitialized -Wno-nonnull -Wno-class-memaccess -Wno-dangling-reference -Wno-redundant-move -Wno-pessimizing-move -Wno-array-bounds -Wno-stringop-overread -Wno-dangling-pointer -Wno-noexcept-type -Wdelete-non-virtual-dtor -Wsuggest-override -Wno-comment -Wno-misleading-indentation -Wctad-maybe-unsupported -fdiagnostics-color -ffunction-sections -fdata-sections -O3 -DNDEBUG -std=c++17 -fvisibility=hidden -UNDEBUG -fno-exceptions -funwind-tables -fno-rtti -MD -MT lib/Target/AIE/CMakeFiles/LLVMAIECodeGen.dir/aie1/AIE1FrameLowering.cpp.o -MF lib/Target/AIE/CMakeFiles/LLVMAIECodeGen.dir/aie1/AIE1FrameLowering.cpp.o.d -o lib/Target/AIE/CMakeFiles/LLVMAIECodeGen.dir/aie1/AIE1FrameLowering.cpp.o -c /home/jtuyls/iree-ai/llvm-aie-port/amd/aie/llvm/lib/Target/AIE/aie1/AIE1FrameLowering.cpp
In file included from /home/jtuyls/iree-ai/llvm-aie-port/amd/aie/llvm/lib/Target/AIE/AIEBaseSubtarget.h:19,
                 from /home/jtuyls/iree-ai/llvm-aie-port/amd/aie/llvm/lib/Target/AIE/AIEBaseFrameLowering.h:18,
                 from /home/jtuyls/iree-ai/llvm-aie-port/amd/aie/llvm/lib/Target/AIE/aie1/AIE1FrameLowering.h:18,
                 from /home/jtuyls/iree-ai/llvm-aie-port/amd/aie/llvm/lib/Target/AIE/aie1/AIE1FrameLowering.cpp:15:
/home/jtuyls/iree-ai/llvm-aie-port/amd/aie/llvm/lib/Target/AIE/AIEBaseInstrInfo.h:24:10: fatal error: llvm/CodeGen/ResourceCycle.h: No such file or directory
   24 | #include "llvm/CodeGen/ResourceCycle.h"
      |          ^~~~~~~~~~~~~~~~~~~~~~~~~~~~~~
compilation terminated.
[139/238] Building CXX object lib/Target/AIE/CMakeFiles/LLVMAIECodeGen.dir/aie1/AIE1InstrInfo.cpp.o
FAILED: lib/Target/AIE/CMakeFiles/LLVMAIECodeGen.dir/aie1/AIE1InstrInfo.cpp.o 
CCACHE_CPP2=yes CCACHE_HASHDIR=yes CCACHE_SLOPPINESS=pch_defines,time_macros /usr/bin/ccache /usr/bin/g++ -D_DEBUG -D_GLIBCXX_ASSERTIONS -D_GLIBCXX_USE_CXX11_ABI=1 -D_GNU_SOURCE -D_LIBCPP_HARDENING_MODE=_LIBCPP_HARDENING_MODE_EXTENSIVE -D__STDC_CONSTANT_MACROS -D__STDC_FORMAT_MACROS -D__STDC_LIMIT_MACROS -I/home/jtuyls/iree-ai/llvm-aie-port/build/lib/Target/AIE -I/home/jtuyls/iree-ai/llvm-aie-port/amd/aie/llvm/lib/Target/AIE -I/home/jtuyls/iree-ai/llvm-aie-port/build/include -I/home/jtuyls/iree-ai/llvm-aie-port/llvm/include -I/home/jtuyls/iree-ai/llvm-aie-port/amd/aie/llvm/include -fPIC -fno-semantic-interposition -fvisibility-inlines-hidden -Werror=date-time -Wall -Wextra -Wno-unused-parameter -Wwrite-strings -Wcast-qual -Wno-missing-field-initializers -pedantic -Wno-long-long -Wimplicit-fallthrough -Wno-uninitialized -Wno-nonnull -Wno-class-memaccess -Wno-dangling-reference -Wno-redundant-move -Wno-pessimizing-move -Wno-array-bounds -Wno-stringop-overread -Wno-dangling-pointer -Wno-noexcept-type -Wdelete-non-virtual-dtor -Wsuggest-override -Wno-comment -Wno-misleading-indentation -Wctad-maybe-unsupported -fdiagnostics-color -ffunction-sections -fdata-sections -O3 -DNDEBUG -std=c++17 -fvisibility=hidden -UNDEBUG -fno-exceptions -funwind-tables -fno-rtti -MD -MT lib/Target/AIE/CMakeFiles/LLVMAIECodeGen.dir/aie1/AIE1InstrInfo.cpp.o -MF lib/Target/AIE/CMakeFiles/LLVMAIECodeGen.dir/aie1/AIE1InstrInfo.cpp.o.d -o lib/Target/AIE/CMakeFiles/LLVMAIECodeGen.dir/aie1/AIE1InstrInfo.cpp.o -c /home/jtuyls/iree-ai/llvm-aie-port/amd/aie/llvm/lib/Target/AIE/aie1/AIE1InstrInfo.cpp
In file included from /home/jtuyls/iree-ai/llvm-aie-port/amd/aie/llvm/lib/Target/AIE/aie1/AIE1InstrInfo.h:20,
                 from /home/jtuyls/iree-ai/llvm-aie-port/amd/aie/llvm/lib/Target/AIE/aie1/AIE1InstrInfo.cpp:15:
/home/jtuyls/iree-ai/llvm-aie-port/amd/aie/llvm/lib/Target/AIE/AIEBaseInstrInfo.h:24:10: fatal error: llvm/CodeGen/ResourceCycle.h: No such file or directory
   24 | #include "llvm/CodeGen/ResourceCycle.h"
      |          ^~~~~~~~~~~~~~~~~~~~~~~~~~~~~~
compilation terminated.
[140/238] Building CXX object lib/Target/AIE/CMakeFiles/LLVMAIECodeGen.dir/aie1/AIE1AsmPrinter.cpp.o
FAILED: lib/Target/AIE/CMakeFiles/LLVMAIECodeGen.dir/aie1/AIE1AsmPrinter.cpp.o 
CCACHE_CPP2=yes CCACHE_HASHDIR=yes CCACHE_SLOPPINESS=pch_defines,time_macros /usr/bin/ccache /usr/bin/g++ -D_DEBUG -D_GLIBCXX_ASSERTIONS -D_GLIBCXX_USE_CXX11_ABI=1 -D_GNU_SOURCE -D_LIBCPP_HARDENING_MODE=_LIBCPP_HARDENING_MODE_EXTENSIVE -D__STDC_CONSTANT_MACROS -D__STDC_FORMAT_MACROS -D__STDC_LIMIT_MACROS -I/home/jtuyls/iree-ai/llvm-aie-port/build/lib/Target/AIE -I/home/jtuyls/iree-ai/llvm-aie-port/amd/aie/llvm/lib/Target/AIE -I/home/jtuyls/iree-ai/llvm-aie-port/build/include -I/home/jtuyls/iree-ai/llvm-aie-port/llvm/include -I/home/jtuyls/iree-ai/llvm-aie-port/amd/aie/llvm/include -fPIC -fno-semantic-interposition -fvisibility-inlines-hidden -Werror=date-time -Wall -Wextra -Wno-unused-parameter -Wwrite-strings -Wcast-qual -Wno-missing-field-initializers -pedantic -Wno-long-long -Wimplicit-fallthrough -Wno-uninitialized -Wno-nonnull -Wno-class-memaccess -Wno-dangling-reference -Wno-redundant-move -Wno-pessimizing-move -Wno-array-bounds -Wno-stringop-overread -Wno-dangling-pointer -Wno-noexcept-type -Wdelete-non-virtual-dtor -Wsuggest-override -Wno-comment -Wno-misleading-indentation -Wctad-maybe-unsupported -fdiagnostics-color -ffunction-sections -fdata-sections -O3 -DNDEBUG -std=c++17 -fvisibility=hidden -UNDEBUG -fno-exceptions -funwind-tables -fno-rtti -MD -MT lib/Target/AIE/CMakeFiles/LLVMAIECodeGen.dir/aie1/AIE1AsmPrinter.cpp.o -MF lib/Target/AIE/CMakeFiles/LLVMAIECodeGen.dir/aie1/AIE1AsmPrinter.cpp.o.d -o lib/Target/AIE/CMakeFiles/LLVMAIECodeGen.dir/aie1/AIE1AsmPrinter.cpp.o -c /home/jtuyls/iree-ai/llvm-aie-port/amd/aie/llvm/lib/Target/AIE/aie1/AIE1AsmPrinter.cpp
In file included from /home/jtuyls/iree-ai/llvm-aie-port/amd/aie/llvm/lib/Target/AIE/AIEBaseSubtarget.h:19,
                 from /home/jtuyls/iree-ai/llvm-aie-port/amd/aie/llvm/lib/Target/AIE/aie1/AIE1Subtarget.h:18,
                 from /home/jtuyls/iree-ai/llvm-aie-port/amd/aie/llvm/lib/Target/AIE/aie1/AIE1TargetMachine.h:20,
                 from /home/jtuyls/iree-ai/llvm-aie-port/amd/aie/llvm/lib/Target/AIE/aie1/AIE1AsmPrinter.cpp:17:
/home/jtuyls/iree-ai/llvm-aie-port/amd/aie/llvm/lib/Target/AIE/AIEBaseInstrInfo.h:24:10: fatal error: llvm/CodeGen/ResourceCycle.h: No such file or directory
   24 | #include "llvm/CodeGen/ResourceCycle.h"
      |          ^~~~~~~~~~~~~~~~~~~~~~~~~~~~~~
compilation terminated.
[141/238] Building CXX object lib/Target/AIE/CMakeFiles/LLVMAIECodeGen.dir/aie1/AIE1InstructionSelector.cpp.o
FAILED: lib/Target/AIE/CMakeFiles/LLVMAIECodeGen.dir/aie1/AIE1InstructionSelector.cpp.o 
CCACHE_CPP2=yes CCACHE_HASHDIR=yes CCACHE_SLOPPINESS=pch_defines,time_macros /usr/bin/ccache /usr/bin/g++ -D_DEBUG -D_GLIBCXX_ASSERTIONS -D_GLIBCXX_USE_CXX11_ABI=1 -D_GNU_SOURCE -D_LIBCPP_HARDENING_MODE=_LIBCPP_HARDENING_MODE_EXTENSIVE -D__STDC_CONSTANT_MACROS -D__STDC_FORMAT_MACROS -D__STDC_LIMIT_MACROS -I/home/jtuyls/iree-ai/llvm-aie-port/build/lib/Target/AIE -I/home/jtuyls/iree-ai/llvm-aie-port/amd/aie/llvm/lib/Target/AIE -I/home/jtuyls/iree-ai/llvm-aie-port/build/include -I/home/jtuyls/iree-ai/llvm-aie-port/llvm/include -I/home/jtuyls/iree-ai/llvm-aie-port/amd/aie/llvm/include -fPIC -fno-semantic-interposition -fvisibility-inlines-hidden -Werror=date-time -Wall -Wextra -Wno-unused-parameter -Wwrite-strings -Wcast-qual -Wno-missing-field-initializers -pedantic -Wno-long-long -Wimplicit-fallthrough -Wno-uninitialized -Wno-nonnull -Wno-class-memaccess -Wno-dangling-reference -Wno-redundant-move -Wno-pessimizing-move -Wno-array-bounds -Wno-stringop-overread -Wno-dangling-pointer -Wno-noexcept-type -Wdelete-non-virtual-dtor -Wsuggest-override -Wno-comment -Wno-misleading-indentation -Wctad-maybe-unsupported -fdiagnostics-color -ffunction-sections -fdata-sections -O3 -DNDEBUG -std=c++17 -fvisibility=hidden -UNDEBUG -fno-exceptions -funwind-tables -fno-rtti -MD -MT lib/Target/AIE/CMakeFiles/LLVMAIECodeGen.dir/aie1/AIE1InstructionSelector.cpp.o -MF lib/Target/AIE/CMakeFiles/LLVMAIECodeGen.dir/aie1/AIE1InstructionSelector.cpp.o.d -o lib/Target/AIE/CMakeFiles/LLVMAIECodeGen.dir/aie1/AIE1InstructionSelector.cpp.o -c /home/jtuyls/iree-ai/llvm-aie-port/amd/aie/llvm/lib/Target/AIE/aie1/AIE1InstructionSelector.cpp
In file included from /home/jtuyls/iree-ai/llvm-aie-port/amd/aie/llvm/lib/Target/AIE/AIEBaseSubtarget.h:19,
                 from /home/jtuyls/iree-ai/llvm-aie-port/amd/aie/llvm/lib/Target/AIE/aie1/AIE1Subtarget.h:18,
                 from /home/jtuyls/iree-ai/llvm-aie-port/amd/aie/llvm/lib/Target/AIE/aie1/AIE1TargetMachine.h:20,
                 from /home/jtuyls/iree-ai/llvm-aie-port/amd/aie/llvm/lib/Target/AIE/aie1/AIE1InstructionSelector.cpp:20:
/home/jtuyls/iree-ai/llvm-aie-port/amd/aie/llvm/lib/Target/AIE/AIEBaseInstrInfo.h:24:10: fatal error: llvm/CodeGen/ResourceCycle.h: No such file or directory
   24 | #include "llvm/CodeGen/ResourceCycle.h"
      |          ^~~~~~~~~~~~~~~~~~~~~~~~~~~~~~
compilation terminated.
[142/238] Building CXX object lib/Target/AIE/CMakeFiles/LLVMAIECodeGen.dir/aie2p/AIE2PRegisterInfo.cpp.o
FAILED: lib/Target/AIE/CMakeFiles/LLVMAIECodeGen.dir/aie2p/AIE2PRegisterInfo.cpp.o 
CCACHE_CPP2=yes CCACHE_HASHDIR=yes CCACHE_SLOPPINESS=pch_defines,time_macros /usr/bin/ccache /usr/bin/g++ -D_DEBUG -D_GLIBCXX_ASSERTIONS -D_GLIBCXX_USE_CXX11_ABI=1 -D_GNU_SOURCE -D_LIBCPP_HARDENING_MODE=_LIBCPP_HARDENING_MODE_EXTENSIVE -D__STDC_CONSTANT_MACROS -D__STDC_FORMAT_MACROS -D__STDC_LIMIT_MACROS -I/home/jtuyls/iree-ai/llvm-aie-port/build/lib/Target/AIE -I/home/jtuyls/iree-ai/llvm-aie-port/amd/aie/llvm/lib/Target/AIE -I/home/jtuyls/iree-ai/llvm-aie-port/build/include -I/home/jtuyls/iree-ai/llvm-aie-port/llvm/include -I/home/jtuyls/iree-ai/llvm-aie-port/amd/aie/llvm/include -fPIC -fno-semantic-interposition -fvisibility-inlines-hidden -Werror=date-time -Wall -Wextra -Wno-unused-parameter -Wwrite-strings -Wcast-qual -Wno-missing-field-initializers -pedantic -Wno-long-long -Wimplicit-fallthrough -Wno-uninitialized -Wno-nonnull -Wno-class-memaccess -Wno-dangling-reference -Wno-redundant-move -Wno-pessimizing-move -Wno-array-bounds -Wno-stringop-overread -Wno-dangling-pointer -Wno-noexcept-type -Wdelete-non-virtual-dtor -Wsuggest-override -Wno-comment -Wno-misleading-indentation -Wctad-maybe-unsupported -fdiagnostics-color -ffunction-sections -fdata-sections -O3 -DNDEBUG -std=c++17 -fvisibility=hidden -UNDEBUG -fno-exceptions -funwind-tables -fno-rtti -MD -MT lib/Target/AIE/CMakeFiles/LLVMAIECodeGen.dir/aie2p/AIE2PRegisterInfo.cpp.o -MF lib/Target/AIE/CMakeFiles/LLVMAIECodeGen.dir/aie2p/AIE2PRegisterInfo.cpp.o.d -o lib/Target/AIE/CMakeFiles/LLVMAIECodeGen.dir/aie2p/AIE2PRegisterInfo.cpp.o -c /home/jtuyls/iree-ai/llvm-aie-port/amd/aie/llvm/lib/Target/AIE/aie2p/AIE2PRegisterInfo.cpp
In file included from /home/jtuyls/iree-ai/llvm-aie-port/amd/aie/llvm/lib/Target/AIE/AIEBaseSubtarget.h:19,
                 from /home/jtuyls/iree-ai/llvm-aie-port/amd/aie/llvm/lib/Target/AIE/AIEBaseFrameLowering.h:18,
                 from /home/jtuyls/iree-ai/llvm-aie-port/amd/aie/llvm/lib/Target/AIE/aie2p/AIE2PFrameLowering.h:18,
                 from /home/jtuyls/iree-ai/llvm-aie-port/amd/aie/llvm/lib/Target/AIE/aie2p/AIE2PSubtarget.h:18,
                 from /home/jtuyls/iree-ai/llvm-aie-port/amd/aie/llvm/lib/Target/AIE/aie2p/AIE2PRegisterInfo.cpp:18:
/home/jtuyls/iree-ai/llvm-aie-port/amd/aie/llvm/lib/Target/AIE/AIEBaseInstrInfo.h:24:10: fatal error: llvm/CodeGen/ResourceCycle.h: No such file or directory
   24 | #include "llvm/CodeGen/ResourceCycle.h"
      |          ^~~~~~~~~~~~~~~~~~~~~~~~~~~~~~
compilation terminated.
[143/238] Building CXX object lib/Target/AIE/CMakeFiles/LLVMAIECodeGen.dir/aie1/AIE1Subtarget.cpp.o
FAILED: lib/Target/AIE/CMakeFiles/LLVMAIECodeGen.dir/aie1/AIE1Subtarget.cpp.o 
CCACHE_CPP2=yes CCACHE_HASHDIR=yes CCACHE_SLOPPINESS=pch_defines,time_macros /usr/bin/ccache /usr/bin/g++ -D_DEBUG -D_GLIBCXX_ASSERTIONS -D_GLIBCXX_USE_CXX11_ABI=1 -D_GNU_SOURCE -D_LIBCPP_HARDENING_MODE=_LIBCPP_HARDENING_MODE_EXTENSIVE -D__STDC_CONSTANT_MACROS -D__STDC_FORMAT_MACROS -D__STDC_LIMIT_MACROS -I/home/jtuyls/iree-ai/llvm-aie-port/build/lib/Target/AIE -I/home/jtuyls/iree-ai/llvm-aie-port/amd/aie/llvm/lib/Target/AIE -I/home/jtuyls/iree-ai/llvm-aie-port/build/include -I/home/jtuyls/iree-ai/llvm-aie-port/llvm/include -I/home/jtuyls/iree-ai/llvm-aie-port/amd/aie/llvm/include -fPIC -fno-semantic-interposition -fvisibility-inlines-hidden -Werror=date-time -Wall -Wextra -Wno-unused-parameter -Wwrite-strings -Wcast-qual -Wno-missing-field-initializers -pedantic -Wno-long-long -Wimplicit-fallthrough -Wno-uninitialized -Wno-nonnull -Wno-class-memaccess -Wno-dangling-reference -Wno-redundant-move -Wno-pessimizing-move -Wno-array-bounds -Wno-stringop-overread -Wno-dangling-pointer -Wno-noexcept-type -Wdelete-non-virtual-dtor -Wsuggest-override -Wno-comment -Wno-misleading-indentation -Wctad-maybe-unsupported -fdiagnostics-color -ffunction-sections -fdata-sections -O3 -DNDEBUG -std=c++17 -fvisibility=hidden -UNDEBUG -fno-exceptions -funwind-tables -fno-rtti -MD -MT lib/Target/AIE/CMakeFiles/LLVMAIECodeGen.dir/aie1/AIE1Subtarget.cpp.o -MF lib/Target/AIE/CMakeFiles/LLVMAIECodeGen.dir/aie1/AIE1Subtarget.cpp.o.d -o lib/Target/AIE/CMakeFiles/LLVMAIECodeGen.dir/aie1/AIE1Subtarget.cpp.o -c /home/jtuyls/iree-ai/llvm-aie-port/amd/aie/llvm/lib/Target/AIE/aie1/AIE1Subtarget.cpp
In file included from /home/jtuyls/iree-ai/llvm-aie-port/amd/aie/llvm/lib/Target/AIE/AIEBaseSubtarget.h:19,
                 from /home/jtuyls/iree-ai/llvm-aie-port/amd/aie/llvm/lib/Target/AIE/aie1/AIE1Subtarget.h:18,
                 from /home/jtuyls/iree-ai/llvm-aie-port/amd/aie/llvm/lib/Target/AIE/aie1/AIE1Subtarget.cpp:15:
/home/jtuyls/iree-ai/llvm-aie-port/amd/aie/llvm/lib/Target/AIE/AIEBaseInstrInfo.h:24:10: fatal error: llvm/CodeGen/ResourceCycle.h: No such file or directory
   24 | #include "llvm/CodeGen/ResourceCycle.h"
      |          ^~~~~~~~~~~~~~~~~~~~~~~~~~~~~~
compilation terminated.
[144/238] Building CXX object lib/Target/AIE/CMakeFiles/LLVMAIECodeGen.dir/aie1/AIE1RegisterBankInfo.cpp.o
FAILED: lib/Target/AIE/CMakeFiles/LLVMAIECodeGen.dir/aie1/AIE1RegisterBankInfo.cpp.o 
CCACHE_CPP2=yes CCACHE_HASHDIR=yes CCACHE_SLOPPINESS=pch_defines,time_macros /usr/bin/ccache /usr/bin/g++ -D_DEBUG -D_GLIBCXX_ASSERTIONS -D_GLIBCXX_USE_CXX11_ABI=1 -D_GNU_SOURCE -D_LIBCPP_HARDENING_MODE=_LIBCPP_HARDENING_MODE_EXTENSIVE -D__STDC_CONSTANT_MACROS -D__STDC_FORMAT_MACROS -D__STDC_LIMIT_MACROS -I/home/jtuyls/iree-ai/llvm-aie-port/build/lib/Target/AIE -I/home/jtuyls/iree-ai/llvm-aie-port/amd/aie/llvm/lib/Target/AIE -I/home/jtuyls/iree-ai/llvm-aie-port/build/include -I/home/jtuyls/iree-ai/llvm-aie-port/llvm/include -I/home/jtuyls/iree-ai/llvm-aie-port/amd/aie/llvm/include -fPIC -fno-semantic-interposition -fvisibility-inlines-hidden -Werror=date-time -Wall -Wextra -Wno-unused-parameter -Wwrite-strings -Wcast-qual -Wno-missing-field-initializers -pedantic -Wno-long-long -Wimplicit-fallthrough -Wno-uninitialized -Wno-nonnull -Wno-class-memaccess -Wno-dangling-reference -Wno-redundant-move -Wno-pessimizing-move -Wno-array-bounds -Wno-stringop-overread -Wno-dangling-pointer -Wno-noexcept-type -Wdelete-non-virtual-dtor -Wsuggest-override -Wno-comment -Wno-misleading-indentation -Wctad-maybe-unsupported -fdiagnostics-color -ffunction-sections -fdata-sections -O3 -DNDEBUG -std=c++17 -fvisibility=hidden -UNDEBUG -fno-exceptions -funwind-tables -fno-rtti -MD -MT lib/Target/AIE/CMakeFiles/LLVMAIECodeGen.dir/aie1/AIE1RegisterBankInfo.cpp.o -MF lib/Target/AIE/CMakeFiles/LLVMAIECodeGen.dir/aie1/AIE1RegisterBankInfo.cpp.o.d -o lib/Target/AIE/CMakeFiles/LLVMAIECodeGen.dir/aie1/AIE1RegisterBankInfo.cpp.o -c /home/jtuyls/iree-ai/llvm-aie-port/amd/aie/llvm/lib/Target/AIE/aie1/AIE1RegisterBankInfo.cpp
In file included from /home/jtuyls/iree-ai/llvm-aie-port/amd/aie/llvm/lib/Target/AIE/aie1/AIE1InstrInfo.h:20,
                 from /home/jtuyls/iree-ai/llvm-aie-port/amd/aie/llvm/lib/Target/AIE/aie1/AIE1RegisterBankInfo.cpp:16:
/home/jtuyls/iree-ai/llvm-aie-port/amd/aie/llvm/lib/Target/AIE/AIEBaseInstrInfo.h:24:10: fatal error: llvm/CodeGen/ResourceCycle.h: No such file or directory
   24 | #include "llvm/CodeGen/ResourceCycle.h"
      |          ^~~~~~~~~~~~~~~~~~~~~~~~~~~~~~
compilation terminated.
[145/238] Building CXX object lib/Target/AIE/CMakeFiles/LLVMAIECodeGen.dir/aie1/AIE1DelaySlotFiller.cpp.o
FAILED: lib/Target/AIE/CMakeFiles/LLVMAIECodeGen.dir/aie1/AIE1DelaySlotFiller.cpp.o 
CCACHE_CPP2=yes CCACHE_HASHDIR=yes CCACHE_SLOPPINESS=pch_defines,time_macros /usr/bin/ccache /usr/bin/g++ -D_DEBUG -D_GLIBCXX_ASSERTIONS -D_GLIBCXX_USE_CXX11_ABI=1 -D_GNU_SOURCE -D_LIBCPP_HARDENING_MODE=_LIBCPP_HARDENING_MODE_EXTENSIVE -D__STDC_CONSTANT_MACROS -D__STDC_FORMAT_MACROS -D__STDC_LIMIT_MACROS -I/home/jtuyls/iree-ai/llvm-aie-port/build/lib/Target/AIE -I/home/jtuyls/iree-ai/llvm-aie-port/amd/aie/llvm/lib/Target/AIE -I/home/jtuyls/iree-ai/llvm-aie-port/build/include -I/home/jtuyls/iree-ai/llvm-aie-port/llvm/include -I/home/jtuyls/iree-ai/llvm-aie-port/amd/aie/llvm/include -fPIC -fno-semantic-interposition -fvisibility-inlines-hidden -Werror=date-time -Wall -Wextra -Wno-unused-parameter -Wwrite-strings -Wcast-qual -Wno-missing-field-initializers -pedantic -Wno-long-long -Wimplicit-fallthrough -Wno-uninitialized -Wno-nonnull -Wno-class-memaccess -Wno-dangling-reference -Wno-redundant-move -Wno-pessimizing-move -Wno-array-bounds -Wno-stringop-overread -Wno-dangling-pointer -Wno-noexcept-type -Wdelete-non-virtual-dtor -Wsuggest-override -Wno-comment -Wno-misleading-indentation -Wctad-maybe-unsupported -fdiagnostics-color -ffunction-sections -fdata-sections -O3 -DNDEBUG -std=c++17 -fvisibility=hidden -UNDEBUG -fno-exceptions -funwind-tables -fno-rtti -MD -MT lib/Target/AIE/CMakeFiles/LLVMAIECodeGen.dir/aie1/AIE1DelaySlotFiller.cpp.o -MF lib/Target/AIE/CMakeFiles/LLVMAIECodeGen.dir/aie1/AIE1DelaySlotFiller.cpp.o.d -o lib/Target/AIE/CMakeFiles/LLVMAIECodeGen.dir/aie1/AIE1DelaySlotFiller.cpp.o -c /home/jtuyls/iree-ai/llvm-aie-port/amd/aie/llvm/lib/Target/AIE/aie1/AIE1DelaySlotFiller.cpp
In file included from /home/jtuyls/iree-ai/llvm-aie-port/amd/aie/llvm/lib/Target/AIE/AIEBaseSubtarget.h:19,
                 from /home/jtuyls/iree-ai/llvm-aie-port/amd/aie/llvm/lib/Target/AIE/aie1/AIE1Subtarget.h:18,
                 from /home/jtuyls/iree-ai/llvm-aie-port/amd/aie/llvm/lib/Target/AIE/aie1/AIE1TargetMachine.h:20,
                 from /home/jtuyls/iree-ai/llvm-aie-port/amd/aie/llvm/lib/Target/AIE/aie1/AIE1DelaySlotFiller.cpp:16:
/home/jtuyls/iree-ai/llvm-aie-port/amd/aie/llvm/lib/Target/AIE/AIEBaseInstrInfo.h:24:10: fatal error: llvm/CodeGen/ResourceCycle.h: No such file or directory
   24 | #include "llvm/CodeGen/ResourceCycle.h"
      |          ^~~~~~~~~~~~~~~~~~~~~~~~~~~~~~
compilation terminated.
[146/238] Building CXX object lib/Target/AIE/CMakeFiles/LLVMAIECodeGen.dir/aie2p/AIE2PTargetTransformInfo.cpp.o
FAILED: lib/Target/AIE/CMakeFiles/LLVMAIECodeGen.dir/aie2p/AIE2PTargetTransformInfo.cpp.o 
CCACHE_CPP2=yes CCACHE_HASHDIR=yes CCACHE_SLOPPINESS=pch_defines,time_macros /usr/bin/ccache /usr/bin/g++ -D_DEBUG -D_GLIBCXX_ASSERTIONS -D_GLIBCXX_USE_CXX11_ABI=1 -D_GNU_SOURCE -D_LIBCPP_HARDENING_MODE=_LIBCPP_HARDENING_MODE_EXTENSIVE -D__STDC_CONSTANT_MACROS -D__STDC_FORMAT_MACROS -D__STDC_LIMIT_MACROS -I/home/jtuyls/iree-ai/llvm-aie-port/build/lib/Target/AIE -I/home/jtuyls/iree-ai/llvm-aie-port/amd/aie/llvm/lib/Target/AIE -I/home/jtuyls/iree-ai/llvm-aie-port/build/include -I/home/jtuyls/iree-ai/llvm-aie-port/llvm/include -I/home/jtuyls/iree-ai/llvm-aie-port/amd/aie/llvm/include -fPIC -fno-semantic-interposition -fvisibility-inlines-hidden -Werror=date-time -Wall -Wextra -Wno-unused-parameter -Wwrite-strings -Wcast-qual -Wno-missing-field-initializers -pedantic -Wno-long-long -Wimplicit-fallthrough -Wno-uninitialized -Wno-nonnull -Wno-class-memaccess -Wno-dangling-reference -Wno-redundant-move -Wno-pessimizing-move -Wno-array-bounds -Wno-stringop-overread -Wno-dangling-pointer -Wno-noexcept-type -Wdelete-non-virtual-dtor -Wsuggest-override -Wno-comment -Wno-misleading-indentation -Wctad-maybe-unsupported -fdiagnostics-color -ffunction-sections -fdata-sections -O3 -DNDEBUG -std=c++17 -fvisibility=hidden -UNDEBUG -fno-exceptions -funwind-tables -fno-rtti -MD -MT lib/Target/AIE/CMakeFiles/LLVMAIECodeGen.dir/aie2p/AIE2PTargetTransformInfo.cpp.o -MF lib/Target/AIE/CMakeFiles/LLVMAIECodeGen.dir/aie2p/AIE2PTargetTransformInfo.cpp.o.d -o lib/Target/AIE/CMakeFiles/LLVMAIECodeGen.dir/aie2p/AIE2PTargetTransformInfo.cpp.o -c /home/jtuyls/iree-ai/llvm-aie-port/amd/aie/llvm/lib/Target/AIE/aie2p/AIE2PTargetTransformInfo.cpp
In file included from /home/jtuyls/iree-ai/llvm-aie-port/amd/aie/llvm/lib/Target/AIE/AIEBaseSubtarget.h:19,
                 from /home/jtuyls/iree-ai/llvm-aie-port/amd/aie/llvm/lib/Target/AIE/AIEBaseFrameLowering.h:18,
                 from /home/jtuyls/iree-ai/llvm-aie-port/amd/aie/llvm/lib/Target/AIE/aie2p/AIE2PFrameLowering.h:18,
                 from /home/jtuyls/iree-ai/llvm-aie-port/amd/aie/llvm/lib/Target/AIE/aie2p/AIE2PSubtarget.h:18,
                 from /home/jtuyls/iree-ai/llvm-aie-port/amd/aie/llvm/lib/Target/AIE/aie2p/AIE2PTargetMachine.h:18,
                 from /home/jtuyls/iree-ai/llvm-aie-port/amd/aie/llvm/lib/Target/AIE/aie2p/AIE2PTargetTransformInfo.h:20,
                 from /home/jtuyls/iree-ai/llvm-aie-port/amd/aie/llvm/lib/Target/AIE/aie2p/AIE2PTargetTransformInfo.cpp:11:
/home/jtuyls/iree-ai/llvm-aie-port/amd/aie/llvm/lib/Target/AIE/AIEBaseInstrInfo.h:24:10: fatal error: llvm/CodeGen/ResourceCycle.h: No such file or directory
   24 | #include "llvm/CodeGen/ResourceCycle.h"
      |          ^~~~~~~~~~~~~~~~~~~~~~~~~~~~~~
compilation terminated.
[147/238] Building CXX object lib/Target/AIE/CMakeFiles/LLVMAIECodeGen.dir/aie2p/AIE2PTargetMachine.cpp.o
FAILED: lib/Target/AIE/CMakeFiles/LLVMAIECodeGen.dir/aie2p/AIE2PTargetMachine.cpp.o 
CCACHE_CPP2=yes CCACHE_HASHDIR=yes CCACHE_SLOPPINESS=pch_defines,time_macros /usr/bin/ccache /usr/bin/g++ -D_DEBUG -D_GLIBCXX_ASSERTIONS -D_GLIBCXX_USE_CXX11_ABI=1 -D_GNU_SOURCE -D_LIBCPP_HARDENING_MODE=_LIBCPP_HARDENING_MODE_EXTENSIVE -D__STDC_CONSTANT_MACROS -D__STDC_FORMAT_MACROS -D__STDC_LIMIT_MACROS -I/home/jtuyls/iree-ai/llvm-aie-port/build/lib/Target/AIE -I/home/jtuyls/iree-ai/llvm-aie-port/amd/aie/llvm/lib/Target/AIE -I/home/jtuyls/iree-ai/llvm-aie-port/build/include -I/home/jtuyls/iree-ai/llvm-aie-port/llvm/include -I/home/jtuyls/iree-ai/llvm-aie-port/amd/aie/llvm/include -fPIC -fno-semantic-interposition -fvisibility-inlines-hidden -Werror=date-time -Wall -Wextra -Wno-unused-parameter -Wwrite-strings -Wcast-qual -Wno-missing-field-initializers -pedantic -Wno-long-long -Wimplicit-fallthrough -Wno-uninitialized -Wno-nonnull -Wno-class-memaccess -Wno-dangling-reference -Wno-redundant-move -Wno-pessimizing-move -Wno-array-bounds -Wno-stringop-overread -Wno-dangling-pointer -Wno-noexcept-type -Wdelete-non-virtual-dtor -Wsuggest-override -Wno-comment -Wno-misleading-indentation -Wctad-maybe-unsupported -fdiagnostics-color -ffunction-sections -fdata-sections -O3 -DNDEBUG -std=c++17 -fvisibility=hidden -UNDEBUG -fno-exceptions -funwind-tables -fno-rtti -MD -MT lib/Target/AIE/CMakeFiles/LLVMAIECodeGen.dir/aie2p/AIE2PTargetMachine.cpp.o -MF lib/Target/AIE/CMakeFiles/LLVMAIECodeGen.dir/aie2p/AIE2PTargetMachine.cpp.o.d -o lib/Target/AIE/CMakeFiles/LLVMAIECodeGen.dir/aie2p/AIE2PTargetMachine.cpp.o -c /home/jtuyls/iree-ai/llvm-aie-port/amd/aie/llvm/lib/Target/AIE/aie2p/AIE2PTargetMachine.cpp
In file included from /home/jtuyls/iree-ai/llvm-aie-port/amd/aie/llvm/lib/Target/AIE/AIEBaseSubtarget.h:19,
                 from /home/jtuyls/iree-ai/llvm-aie-port/amd/aie/llvm/lib/Target/AIE/AIEBaseFrameLowering.h:18,
                 from /home/jtuyls/iree-ai/llvm-aie-port/amd/aie/llvm/lib/Target/AIE/aie2p/AIE2PFrameLowering.h:18,
                 from /home/jtuyls/iree-ai/llvm-aie-port/amd/aie/llvm/lib/Target/AIE/aie2p/AIE2PSubtarget.h:18,
                 from /home/jtuyls/iree-ai/llvm-aie-port/amd/aie/llvm/lib/Target/AIE/aie2p/AIE2PTargetMachine.h:18,
                 from /home/jtuyls/iree-ai/llvm-aie-port/amd/aie/llvm/lib/Target/AIE/aie2p/AIE2PTargetMachine.cpp:15:
/home/jtuyls/iree-ai/llvm-aie-port/amd/aie/llvm/lib/Target/AIE/AIEBaseInstrInfo.h:24:10: fatal error: llvm/CodeGen/ResourceCycle.h: No such file or directory
   24 | #include "llvm/CodeGen/ResourceCycle.h"
      |          ^~~~~~~~~~~~~~~~~~~~~~~~~~~~~~
compilation terminated.
[148/238] Building CXX object lib/Target/AIE/CMakeFiles/LLVMAIECodeGen.dir/aie1/AIE1TargetMachine.cpp.o
FAILED: lib/Target/AIE/CMakeFiles/LLVMAIECodeGen.dir/aie1/AIE1TargetMachine.cpp.o 
CCACHE_CPP2=yes CCACHE_HASHDIR=yes CCACHE_SLOPPINESS=pch_defines,time_macros /usr/bin/ccache /usr/bin/g++ -D_DEBUG -D_GLIBCXX_ASSERTIONS -D_GLIBCXX_USE_CXX11_ABI=1 -D_GNU_SOURCE -D_LIBCPP_HARDENING_MODE=_LIBCPP_HARDENING_MODE_EXTENSIVE -D__STDC_CONSTANT_MACROS -D__STDC_FORMAT_MACROS -D__STDC_LIMIT_MACROS -I/home/jtuyls/iree-ai/llvm-aie-port/build/lib/Target/AIE -I/home/jtuyls/iree-ai/llvm-aie-port/amd/aie/llvm/lib/Target/AIE -I/home/jtuyls/iree-ai/llvm-aie-port/build/include -I/home/jtuyls/iree-ai/llvm-aie-port/llvm/include -I/home/jtuyls/iree-ai/llvm-aie-port/amd/aie/llvm/include -fPIC -fno-semantic-interposition -fvisibility-inlines-hidden -Werror=date-time -Wall -Wextra -Wno-unused-parameter -Wwrite-strings -Wcast-qual -Wno-missing-field-initializers -pedantic -Wno-long-long -Wimplicit-fallthrough -Wno-uninitialized -Wno-nonnull -Wno-class-memaccess -Wno-dangling-reference -Wno-redundant-move -Wno-pessimizing-move -Wno-array-bounds -Wno-stringop-overread -Wno-dangling-pointer -Wno-noexcept-type -Wdelete-non-virtual-dtor -Wsuggest-override -Wno-comment -Wno-misleading-indentation -Wctad-maybe-unsupported -fdiagnostics-color -ffunction-sections -fdata-sections -O3 -DNDEBUG -std=c++17 -fvisibility=hidden -UNDEBUG -fno-exceptions -funwind-tables -fno-rtti -MD -MT lib/Target/AIE/CMakeFiles/LLVMAIECodeGen.dir/aie1/AIE1TargetMachine.cpp.o -MF lib/Target/AIE/CMakeFiles/LLVMAIECodeGen.dir/aie1/AIE1TargetMachine.cpp.o.d -o lib/Target/AIE/CMakeFiles/LLVMAIECodeGen.dir/aie1/AIE1TargetMachine.cpp.o -c /home/jtuyls/iree-ai/llvm-aie-port/amd/aie/llvm/lib/Target/AIE/aie1/AIE1TargetMachine.cpp
In file included from /home/jtuyls/iree-ai/llvm-aie-port/amd/aie/llvm/lib/Target/AIE/AIEBaseSubtarget.h:19,
                 from /home/jtuyls/iree-ai/llvm-aie-port/amd/aie/llvm/lib/Target/AIE/aie1/AIE1Subtarget.h:18,
                 from /home/jtuyls/iree-ai/llvm-aie-port/amd/aie/llvm/lib/Target/AIE/aie1/AIE1TargetMachine.h:20,
                 from /home/jtuyls/iree-ai/llvm-aie-port/amd/aie/llvm/lib/Target/AIE/aie1/AIE1TargetMachine.cpp:15:
/home/jtuyls/iree-ai/llvm-aie-port/amd/aie/llvm/lib/Target/AIE/AIEBaseInstrInfo.h:24:10: fatal error: llvm/CodeGen/ResourceCycle.h: No such file or directory
   24 | #include "llvm/CodeGen/ResourceCycle.h"
      |          ^~~~~~~~~~~~~~~~~~~~~~~~~~~~~~
compilation terminated.
[149/238] Building CXX object lib/Target/AIE/CMakeFiles/LLVMAIECodeGen.dir/aie1/AIE1RegisterInfo.cpp.o
FAILED: lib/Target/AIE/CMakeFiles/LLVMAIECodeGen.dir/aie1/AIE1RegisterInfo.cpp.o 
CCACHE_CPP2=yes CCACHE_HASHDIR=yes CCACHE_SLOPPINESS=pch_defines,time_macros /usr/bin/ccache /usr/bin/g++ -D_DEBUG -D_GLIBCXX_ASSERTIONS -D_GLIBCXX_USE_CXX11_ABI=1 -D_GNU_SOURCE -D_LIBCPP_HARDENING_MODE=_LIBCPP_HARDENING_MODE_EXTENSIVE -D__STDC_CONSTANT_MACROS -D__STDC_FORMAT_MACROS -D__STDC_LIMIT_MACROS -I/home/jtuyls/iree-ai/llvm-aie-port/build/lib/Target/AIE -I/home/jtuyls/iree-ai/llvm-aie-port/amd/aie/llvm/lib/Target/AIE -I/home/jtuyls/iree-ai/llvm-aie-port/build/include -I/home/jtuyls/iree-ai/llvm-aie-port/llvm/include -I/home/jtuyls/iree-ai/llvm-aie-port/amd/aie/llvm/include -fPIC -fno-semantic-interposition -fvisibility-inlines-hidden -Werror=date-time -Wall -Wextra -Wno-unused-parameter -Wwrite-strings -Wcast-qual -Wno-missing-field-initializers -pedantic -Wno-long-long -Wimplicit-fallthrough -Wno-uninitialized -Wno-nonnull -Wno-class-memaccess -Wno-dangling-reference -Wno-redundant-move -Wno-pessimizing-move -Wno-array-bounds -Wno-stringop-overread -Wno-dangling-pointer -Wno-noexcept-type -Wdelete-non-virtual-dtor -Wsuggest-override -Wno-comment -Wno-misleading-indentation -Wctad-maybe-unsupported -fdiagnostics-color -ffunction-sections -fdata-sections -O3 -DNDEBUG -std=c++17 -fvisibility=hidden -UNDEBUG -fno-exceptions -funwind-tables -fno-rtti -MD -MT lib/Target/AIE/CMakeFiles/LLVMAIECodeGen.dir/aie1/AIE1RegisterInfo.cpp.o -MF lib/Target/AIE/CMakeFiles/LLVMAIECodeGen.dir/aie1/AIE1RegisterInfo.cpp.o.d -o lib/Target/AIE/CMakeFiles/LLVMAIECodeGen.dir/aie1/AIE1RegisterInfo.cpp.o -c /home/jtuyls/iree-ai/llvm-aie-port/amd/aie/llvm/lib/Target/AIE/aie1/AIE1RegisterInfo.cpp
In file included from /home/jtuyls/iree-ai/llvm-aie-port/amd/aie/llvm/lib/Target/AIE/AIEBaseSubtarget.h:19,
                 from /home/jtuyls/iree-ai/llvm-aie-port/amd/aie/llvm/lib/Target/AIE/aie1/AIE1Subtarget.h:18,
                 from /home/jtuyls/iree-ai/llvm-aie-port/amd/aie/llvm/lib/Target/AIE/aie1/AIE1RegisterInfo.cpp:17:
/home/jtuyls/iree-ai/llvm-aie-port/amd/aie/llvm/lib/Target/AIE/AIEBaseInstrInfo.h:24:10: fatal error: llvm/CodeGen/ResourceCycle.h: No such file or directory
   24 | #include "llvm/CodeGen/ResourceCycle.h"
      |          ^~~~~~~~~~~~~~~~~~~~~~~~~~~~~~
compilation terminated.
[150/238] Building CXX object lib/Target/AIE/CMakeFiles/LLVMAIECodeGen.dir/AIESlotCounts.cpp.o
[151/238] Building CXX object lib/Target/AIE/CMakeFiles/LLVMAIECodeGen.dir/aie2p/AIE2PSubtarget.cpp.o
FAILED: lib/Target/AIE/CMakeFiles/LLVMAIECodeGen.dir/aie2p/AIE2PSubtarget.cpp.o 
CCACHE_CPP2=yes CCACHE_HASHDIR=yes CCACHE_SLOPPINESS=pch_defines,time_macros /usr/bin/ccache /usr/bin/g++ -D_DEBUG -D_GLIBCXX_ASSERTIONS -D_GLIBCXX_USE_CXX11_ABI=1 -D_GNU_SOURCE -D_LIBCPP_HARDENING_MODE=_LIBCPP_HARDENING_MODE_EXTENSIVE -D__STDC_CONSTANT_MACROS -D__STDC_FORMAT_MACROS -D__STDC_LIMIT_MACROS -I/home/jtuyls/iree-ai/llvm-aie-port/build/lib/Target/AIE -I/home/jtuyls/iree-ai/llvm-aie-port/amd/aie/llvm/lib/Target/AIE -I/home/jtuyls/iree-ai/llvm-aie-port/build/include -I/home/jtuyls/iree-ai/llvm-aie-port/llvm/include -I/home/jtuyls/iree-ai/llvm-aie-port/amd/aie/llvm/include -fPIC -fno-semantic-interposition -fvisibility-inlines-hidden -Werror=date-time -Wall -Wextra -Wno-unused-parameter -Wwrite-strings -Wcast-qual -Wno-missing-field-initializers -pedantic -Wno-long-long -Wimplicit-fallthrough -Wno-uninitialized -Wno-nonnull -Wno-class-memaccess -Wno-dangling-reference -Wno-redundant-move -Wno-pessimizing-move -Wno-array-bounds -Wno-stringop-overread -Wno-dangling-pointer -Wno-noexcept-type -Wdelete-non-virtual-dtor -Wsuggest-override -Wno-comment -Wno-misleading-indentation -Wctad-maybe-unsupported -fdiagnostics-color -ffunction-sections -fdata-sections -O3 -DNDEBUG -std=c++17 -fvisibility=hidden -UNDEBUG -fno-exceptions -funwind-tables -fno-rtti -MD -MT lib/Target/AIE/CMakeFiles/LLVMAIECodeGen.dir/aie2p/AIE2PSubtarget.cpp.o -MF lib/Target/AIE/CMakeFiles/LLVMAIECodeGen.dir/aie2p/AIE2PSubtarget.cpp.o.d -o lib/Target/AIE/CMakeFiles/LLVMAIECodeGen.dir/aie2p/AIE2PSubtarget.cpp.o -c /home/jtuyls/iree-ai/llvm-aie-port/amd/aie/llvm/lib/Target/AIE/aie2p/AIE2PSubtarget.cpp
In file included from /home/jtuyls/iree-ai/llvm-aie-port/amd/aie/llvm/lib/Target/AIE/AIEBaseSubtarget.h:19,
                 from /home/jtuyls/iree-ai/llvm-aie-port/amd/aie/llvm/lib/Target/AIE/AIEBaseFrameLowering.h:18,
                 from /home/jtuyls/iree-ai/llvm-aie-port/amd/aie/llvm/lib/Target/AIE/aie2p/AIE2PFrameLowering.h:18,
                 from /home/jtuyls/iree-ai/llvm-aie-port/amd/aie/llvm/lib/Target/AIE/aie2p/AIE2PSubtarget.h:18,
                 from /home/jtuyls/iree-ai/llvm-aie-port/amd/aie/llvm/lib/Target/AIE/aie2p/AIE2PSubtarget.cpp:16:
/home/jtuyls/iree-ai/llvm-aie-port/amd/aie/llvm/lib/Target/AIE/AIEBaseInstrInfo.h:24:10: fatal error: llvm/CodeGen/ResourceCycle.h: No such file or directory
   24 | #include "llvm/CodeGen/ResourceCycle.h"
      |          ^~~~~~~~~~~~~~~~~~~~~~~~~~~~~~
compilation terminated.
[152/238] Building CXX object lib/Target/AIE/CMakeFiles/LLVMAIECodeGen.dir/aie2p/AIE2PInstrInfo.cpp.o
FAILED: lib/Target/AIE/CMakeFiles/LLVMAIECodeGen.dir/aie2p/AIE2PInstrInfo.cpp.o 
CCACHE_CPP2=yes CCACHE_HASHDIR=yes CCACHE_SLOPPINESS=pch_defines,time_macros /usr/bin/ccache /usr/bin/g++ -D_DEBUG -D_GLIBCXX_ASSERTIONS -D_GLIBCXX_USE_CXX11_ABI=1 -D_GNU_SOURCE -D_LIBCPP_HARDENING_MODE=_LIBCPP_HARDENING_MODE_EXTENSIVE -D__STDC_CONSTANT_MACROS -D__STDC_FORMAT_MACROS -D__STDC_LIMIT_MACROS -I/home/jtuyls/iree-ai/llvm-aie-port/build/lib/Target/AIE -I/home/jtuyls/iree-ai/llvm-aie-port/amd/aie/llvm/lib/Target/AIE -I/home/jtuyls/iree-ai/llvm-aie-port/build/include -I/home/jtuyls/iree-ai/llvm-aie-port/llvm/include -I/home/jtuyls/iree-ai/llvm-aie-port/amd/aie/llvm/include -fPIC -fno-semantic-interposition -fvisibility-inlines-hidden -Werror=date-time -Wall -Wextra -Wno-unused-parameter -Wwrite-strings -Wcast-qual -Wno-missing-field-initializers -pedantic -Wno-long-long -Wimplicit-fallthrough -Wno-uninitialized -Wno-nonnull -Wno-class-memaccess -Wno-dangling-reference -Wno-redundant-move -Wno-pessimizing-move -Wno-array-bounds -Wno-stringop-overread -Wno-dangling-pointer -Wno-noexcept-type -Wdelete-non-virtual-dtor -Wsuggest-override -Wno-comment -Wno-misleading-indentation -Wctad-maybe-unsupported -fdiagnostics-color -ffunction-sections -fdata-sections -O3 -DNDEBUG -std=c++17 -fvisibility=hidden -UNDEBUG -fno-exceptions -funwind-tables -fno-rtti -MD -MT lib/Target/AIE/CMakeFiles/LLVMAIECodeGen.dir/aie2p/AIE2PInstrInfo.cpp.o -MF lib/Target/AIE/CMakeFiles/LLVMAIECodeGen.dir/aie2p/AIE2PInstrInfo.cpp.o.d -o lib/Target/AIE/CMakeFiles/LLVMAIECodeGen.dir/aie2p/AIE2PInstrInfo.cpp.o -c /home/jtuyls/iree-ai/llvm-aie-port/amd/aie/llvm/lib/Target/AIE/aie2p/AIE2PInstrInfo.cpp
In file included from /home/jtuyls/iree-ai/llvm-aie-port/amd/aie/llvm/lib/Target/AIE/aie2p/AIE2PInstrInfo.h:20,
                 from /home/jtuyls/iree-ai/llvm-aie-port/amd/aie/llvm/lib/Target/AIE/aie2p/AIE2PInstrInfo.cpp:16:
/home/jtuyls/iree-ai/llvm-aie-port/amd/aie/llvm/lib/Target/AIE/AIEBaseInstrInfo.h:24:10: fatal error: llvm/CodeGen/ResourceCycle.h: No such file or directory
   24 | #include "llvm/CodeGen/ResourceCycle.h"
      |          ^~~~~~~~~~~~~~~~~~~~~~~~~~~~~~
compilation terminated.
[153/238] Building CXX object lib/Target/AIE/CMakeFiles/LLVMAIECodeGen.dir/aie2p/AIE2PPostLegalizerCustomCombiner.cpp.o
FAILED: lib/Target/AIE/CMakeFiles/LLVMAIECodeGen.dir/aie2p/AIE2PPostLegalizerCustomCombiner.cpp.o 
CCACHE_CPP2=yes CCACHE_HASHDIR=yes CCACHE_SLOPPINESS=pch_defines,time_macros /usr/bin/ccache /usr/bin/g++ -D_DEBUG -D_GLIBCXX_ASSERTIONS -D_GLIBCXX_USE_CXX11_ABI=1 -D_GNU_SOURCE -D_LIBCPP_HARDENING_MODE=_LIBCPP_HARDENING_MODE_EXTENSIVE -D__STDC_CONSTANT_MACROS -D__STDC_FORMAT_MACROS -D__STDC_LIMIT_MACROS -I/home/jtuyls/iree-ai/llvm-aie-port/build/lib/Target/AIE -I/home/jtuyls/iree-ai/llvm-aie-port/amd/aie/llvm/lib/Target/AIE -I/home/jtuyls/iree-ai/llvm-aie-port/build/include -I/home/jtuyls/iree-ai/llvm-aie-port/llvm/include -I/home/jtuyls/iree-ai/llvm-aie-port/amd/aie/llvm/include -fPIC -fno-semantic-interposition -fvisibility-inlines-hidden -Werror=date-time -Wall -Wextra -Wno-unused-parameter -Wwrite-strings -Wcast-qual -Wno-missing-field-initializers -pedantic -Wno-long-long -Wimplicit-fallthrough -Wno-uninitialized -Wno-nonnull -Wno-class-memaccess -Wno-dangling-reference -Wno-redundant-move -Wno-pessimizing-move -Wno-array-bounds -Wno-stringop-overread -Wno-dangling-pointer -Wno-noexcept-type -Wdelete-non-virtual-dtor -Wsuggest-override -Wno-comment -Wno-misleading-indentation -Wctad-maybe-unsupported -fdiagnostics-color -ffunction-sections -fdata-sections -O3 -DNDEBUG -std=c++17 -fvisibility=hidden -UNDEBUG -fno-exceptions -funwind-tables -fno-rtti -MD -MT lib/Target/AIE/CMakeFiles/LLVMAIECodeGen.dir/aie2p/AIE2PPostLegalizerCustomCombiner.cpp.o -MF lib/Target/AIE/CMakeFiles/LLVMAIECodeGen.dir/aie2p/AIE2PPostLegalizerCustomCombiner.cpp.o.d -o lib/Target/AIE/CMakeFiles/LLVMAIECodeGen.dir/aie2p/AIE2PPostLegalizerCustomCombiner.cpp.o -c /home/jtuyls/iree-ai/llvm-aie-port/amd/aie/llvm/lib/Target/AIE/aie2p/AIE2PPostLegalizerCustomCombiner.cpp
In file included from /home/jtuyls/iree-ai/llvm-aie-port/amd/aie/llvm/lib/Target/AIE/AIEBaseSubtarget.h:19,
                 from /home/jtuyls/iree-ai/llvm-aie-port/amd/aie/llvm/lib/Target/AIE/AIECombinerBase.h:14,
                 from /home/jtuyls/iree-ai/llvm-aie-port/amd/aie/llvm/lib/Target/AIE/aie2p/AIE2PPostLegalizerCustomCombiner.cpp:16:
/home/jtuyls/iree-ai/llvm-aie-port/amd/aie/llvm/lib/Target/AIE/AIEBaseInstrInfo.h:24:10: fatal error: llvm/CodeGen/ResourceCycle.h: No such file or directory
   24 | #include "llvm/CodeGen/ResourceCycle.h"
      |          ^~~~~~~~~~~~~~~~~~~~~~~~~~~~~~
compilation terminated.
[154/238] Building CXX object lib/Target/AIE/CMakeFiles/LLVMAIECodeGen.dir/aie2p/AIE2PFrameLowering.cpp.o
FAILED: lib/Target/AIE/CMakeFiles/LLVMAIECodeGen.dir/aie2p/AIE2PFrameLowering.cpp.o 
CCACHE_CPP2=yes CCACHE_HASHDIR=yes CCACHE_SLOPPINESS=pch_defines,time_macros /usr/bin/ccache /usr/bin/g++ -D_DEBUG -D_GLIBCXX_ASSERTIONS -D_GLIBCXX_USE_CXX11_ABI=1 -D_GNU_SOURCE -D_LIBCPP_HARDENING_MODE=_LIBCPP_HARDENING_MODE_EXTENSIVE -D__STDC_CONSTANT_MACROS -D__STDC_FORMAT_MACROS -D__STDC_LIMIT_MACROS -I/home/jtuyls/iree-ai/llvm-aie-port/build/lib/Target/AIE -I/home/jtuyls/iree-ai/llvm-aie-port/amd/aie/llvm/lib/Target/AIE -I/home/jtuyls/iree-ai/llvm-aie-port/build/include -I/home/jtuyls/iree-ai/llvm-aie-port/llvm/include -I/home/jtuyls/iree-ai/llvm-aie-port/amd/aie/llvm/include -fPIC -fno-semantic-interposition -fvisibility-inlines-hidden -Werror=date-time -Wall -Wextra -Wno-unused-parameter -Wwrite-strings -Wcast-qual -Wno-missing-field-initializers -pedantic -Wno-long-long -Wimplicit-fallthrough -Wno-uninitialized -Wno-nonnull -Wno-class-memaccess -Wno-dangling-reference -Wno-redundant-move -Wno-pessimizing-move -Wno-array-bounds -Wno-stringop-overread -Wno-dangling-pointer -Wno-noexcept-type -Wdelete-non-virtual-dtor -Wsuggest-override -Wno-comment -Wno-misleading-indentation -Wctad-maybe-unsupported -fdiagnostics-color -ffunction-sections -fdata-sections -O3 -DNDEBUG -std=c++17 -fvisibility=hidden -UNDEBUG -fno-exceptions -funwind-tables -fno-rtti -MD -MT lib/Target/AIE/CMakeFiles/LLVMAIECodeGen.dir/aie2p/AIE2PFrameLowering.cpp.o -MF lib/Target/AIE/CMakeFiles/LLVMAIECodeGen.dir/aie2p/AIE2PFrameLowering.cpp.o.d -o lib/Target/AIE/CMakeFiles/LLVMAIECodeGen.dir/aie2p/AIE2PFrameLowering.cpp.o -c /home/jtuyls/iree-ai/llvm-aie-port/amd/aie/llvm/lib/Target/AIE/aie2p/AIE2PFrameLowering.cpp
In file included from /home/jtuyls/iree-ai/llvm-aie-port/amd/aie/llvm/lib/Target/AIE/AIEBaseSubtarget.h:19,
                 from /home/jtuyls/iree-ai/llvm-aie-port/amd/aie/llvm/lib/Target/AIE/AIEBaseFrameLowering.h:18,
                 from /home/jtuyls/iree-ai/llvm-aie-port/amd/aie/llvm/lib/Target/AIE/aie2p/AIE2PFrameLowering.h:18,
                 from /home/jtuyls/iree-ai/llvm-aie-port/amd/aie/llvm/lib/Target/AIE/aie2p/AIE2PFrameLowering.cpp:15:
/home/jtuyls/iree-ai/llvm-aie-port/amd/aie/llvm/lib/Target/AIE/AIEBaseInstrInfo.h:24:10: fatal error: llvm/CodeGen/ResourceCycle.h: No such file or directory
   24 | #include "llvm/CodeGen/ResourceCycle.h"
      |          ^~~~~~~~~~~~~~~~~~~~~~~~~~~~~~
compilation terminated.
[155/238] Building CXX object lib/Target/AIE/CMakeFiles/LLVMAIECodeGen.dir/aie1/AIE1LegalizerInfo.cpp.o
FAILED: lib/Target/AIE/CMakeFiles/LLVMAIECodeGen.dir/aie1/AIE1LegalizerInfo.cpp.o 
CCACHE_CPP2=yes CCACHE_HASHDIR=yes CCACHE_SLOPPINESS=pch_defines,time_macros /usr/bin/ccache /usr/bin/g++ -D_DEBUG -D_GLIBCXX_ASSERTIONS -D_GLIBCXX_USE_CXX11_ABI=1 -D_GNU_SOURCE -D_LIBCPP_HARDENING_MODE=_LIBCPP_HARDENING_MODE_EXTENSIVE -D__STDC_CONSTANT_MACROS -D__STDC_FORMAT_MACROS -D__STDC_LIMIT_MACROS -I/home/jtuyls/iree-ai/llvm-aie-port/build/lib/Target/AIE -I/home/jtuyls/iree-ai/llvm-aie-port/amd/aie/llvm/lib/Target/AIE -I/home/jtuyls/iree-ai/llvm-aie-port/build/include -I/home/jtuyls/iree-ai/llvm-aie-port/llvm/include -I/home/jtuyls/iree-ai/llvm-aie-port/amd/aie/llvm/include -fPIC -fno-semantic-interposition -fvisibility-inlines-hidden -Werror=date-time -Wall -Wextra -Wno-unused-parameter -Wwrite-strings -Wcast-qual -Wno-missing-field-initializers -pedantic -Wno-long-long -Wimplicit-fallthrough -Wno-uninitialized -Wno-nonnull -Wno-class-memaccess -Wno-dangling-reference -Wno-redundant-move -Wno-pessimizing-move -Wno-array-bounds -Wno-stringop-overread -Wno-dangling-pointer -Wno-noexcept-type -Wdelete-non-virtual-dtor -Wsuggest-override -Wno-comment -Wno-misleading-indentation -Wctad-maybe-unsupported -fdiagnostics-color -ffunction-sections -fdata-sections -O3 -DNDEBUG -std=c++17 -fvisibility=hidden -UNDEBUG -fno-exceptions -funwind-tables -fno-rtti -MD -MT lib/Target/AIE/CMakeFiles/LLVMAIECodeGen.dir/aie1/AIE1LegalizerInfo.cpp.o -MF lib/Target/AIE/CMakeFiles/LLVMAIECodeGen.dir/aie1/AIE1LegalizerInfo.cpp.o.d -o lib/Target/AIE/CMakeFiles/LLVMAIECodeGen.dir/aie1/AIE1LegalizerInfo.cpp.o -c /home/jtuyls/iree-ai/llvm-aie-port/amd/aie/llvm/lib/Target/AIE/aie1/AIE1LegalizerInfo.cpp
In file included from /home/jtuyls/iree-ai/llvm-aie-port/amd/aie/llvm/lib/Target/AIE/AIEBaseSubtarget.h:19,
                 from /home/jtuyls/iree-ai/llvm-aie-port/amd/aie/llvm/lib/Target/AIE/aie1/AIE1LegalizerInfo.cpp:17:
/home/jtuyls/iree-ai/llvm-aie-port/amd/aie/llvm/lib/Target/AIE/AIEBaseInstrInfo.h:24:10: fatal error: llvm/CodeGen/ResourceCycle.h: No such file or directory
   24 | #include "llvm/CodeGen/ResourceCycle.h"
      |          ^~~~~~~~~~~~~~~~~~~~~~~~~~~~~~
compilation terminated.
[156/238] Building CXX object lib/Target/AIE/CMakeFiles/LLVMAIECodeGen.dir/aie2p/AIE2PPostLegalizerGenericCombiner.cpp.o
FAILED: lib/Target/AIE/CMakeFiles/LLVMAIECodeGen.dir/aie2p/AIE2PPostLegalizerGenericCombiner.cpp.o 
CCACHE_CPP2=yes CCACHE_HASHDIR=yes CCACHE_SLOPPINESS=pch_defines,time_macros /usr/bin/ccache /usr/bin/g++ -D_DEBUG -D_GLIBCXX_ASSERTIONS -D_GLIBCXX_USE_CXX11_ABI=1 -D_GNU_SOURCE -D_LIBCPP_HARDENING_MODE=_LIBCPP_HARDENING_MODE_EXTENSIVE -D__STDC_CONSTANT_MACROS -D__STDC_FORMAT_MACROS -D__STDC_LIMIT_MACROS -I/home/jtuyls/iree-ai/llvm-aie-port/build/lib/Target/AIE -I/home/jtuyls/iree-ai/llvm-aie-port/amd/aie/llvm/lib/Target/AIE -I/home/jtuyls/iree-ai/llvm-aie-port/build/include -I/home/jtuyls/iree-ai/llvm-aie-port/llvm/include -I/home/jtuyls/iree-ai/llvm-aie-port/amd/aie/llvm/include -fPIC -fno-semantic-interposition -fvisibility-inlines-hidden -Werror=date-time -Wall -Wextra -Wno-unused-parameter -Wwrite-strings -Wcast-qual -Wno-missing-field-initializers -pedantic -Wno-long-long -Wimplicit-fallthrough -Wno-uninitialized -Wno-nonnull -Wno-class-memaccess -Wno-dangling-reference -Wno-redundant-move -Wno-pessimizing-move -Wno-array-bounds -Wno-stringop-overread -Wno-dangling-pointer -Wno-noexcept-type -Wdelete-non-virtual-dtor -Wsuggest-override -Wno-comment -Wno-misleading-indentation -Wctad-maybe-unsupported -fdiagnostics-color -ffunction-sections -fdata-sections -O3 -DNDEBUG -std=c++17 -fvisibility=hidden -UNDEBUG -fno-exceptions -funwind-tables -fno-rtti -MD -MT lib/Target/AIE/CMakeFiles/LLVMAIECodeGen.dir/aie2p/AIE2PPostLegalizerGenericCombiner.cpp.o -MF lib/Target/AIE/CMakeFiles/LLVMAIECodeGen.dir/aie2p/AIE2PPostLegalizerGenericCombiner.cpp.o.d -o lib/Target/AIE/CMakeFiles/LLVMAIECodeGen.dir/aie2p/AIE2PPostLegalizerGenericCombiner.cpp.o -c /home/jtuyls/iree-ai/llvm-aie-port/amd/aie/llvm/lib/Target/AIE/aie2p/AIE2PPostLegalizerGenericCombiner.cpp
In file included from /home/jtuyls/iree-ai/llvm-aie-port/amd/aie/llvm/lib/Target/AIE/AIEBaseSubtarget.h:19,
                 from /home/jtuyls/iree-ai/llvm-aie-port/amd/aie/llvm/lib/Target/AIE/AIECombinerBase.h:14,
                 from /home/jtuyls/iree-ai/llvm-aie-port/amd/aie/llvm/lib/Target/AIE/aie2p/AIE2PPostLegalizerGenericCombiner.cpp:16:
/home/jtuyls/iree-ai/llvm-aie-port/amd/aie/llvm/lib/Target/AIE/AIEBaseInstrInfo.h:24:10: fatal error: llvm/CodeGen/ResourceCycle.h: No such file or directory
   24 | #include "llvm/CodeGen/ResourceCycle.h"
      |          ^~~~~~~~~~~~~~~~~~~~~~~~~~~~~~
compilation terminated.
[157/238] Building CXX object lib/Target/AIE/CMakeFiles/LLVMAIECodeGen.dir/aie2p/AIE2PRegisterBankInfo.cpp.o
FAILED: lib/Target/AIE/CMakeFiles/LLVMAIECodeGen.dir/aie2p/AIE2PRegisterBankInfo.cpp.o 
CCACHE_CPP2=yes CCACHE_HASHDIR=yes CCACHE_SLOPPINESS=pch_defines,time_macros /usr/bin/ccache /usr/bin/g++ -D_DEBUG -D_GLIBCXX_ASSERTIONS -D_GLIBCXX_USE_CXX11_ABI=1 -D_GNU_SOURCE -D_LIBCPP_HARDENING_MODE=_LIBCPP_HARDENING_MODE_EXTENSIVE -D__STDC_CONSTANT_MACROS -D__STDC_FORMAT_MACROS -D__STDC_LIMIT_MACROS -I/home/jtuyls/iree-ai/llvm-aie-port/build/lib/Target/AIE -I/home/jtuyls/iree-ai/llvm-aie-port/amd/aie/llvm/lib/Target/AIE -I/home/jtuyls/iree-ai/llvm-aie-port/build/include -I/home/jtuyls/iree-ai/llvm-aie-port/llvm/include -I/home/jtuyls/iree-ai/llvm-aie-port/amd/aie/llvm/include -fPIC -fno-semantic-interposition -fvisibility-inlines-hidden -Werror=date-time -Wall -Wextra -Wno-unused-parameter -Wwrite-strings -Wcast-qual -Wno-missing-field-initializers -pedantic -Wno-long-long -Wimplicit-fallthrough -Wno-uninitialized -Wno-nonnull -Wno-class-memaccess -Wno-dangling-reference -Wno-redundant-move -Wno-pessimizing-move -Wno-array-bounds -Wno-stringop-overread -Wno-dangling-pointer -Wno-noexcept-type -Wdelete-non-virtual-dtor -Wsuggest-override -Wno-comment -Wno-misleading-indentation -Wctad-maybe-unsupported -fdiagnostics-color -ffunction-sections -fdata-sections -O3 -DNDEBUG -std=c++17 -fvisibility=hidden -UNDEBUG -fno-exceptions -funwind-tables -fno-rtti -MD -MT lib/Target/AIE/CMakeFiles/LLVMAIECodeGen.dir/aie2p/AIE2PRegisterBankInfo.cpp.o -MF lib/Target/AIE/CMakeFiles/LLVMAIECodeGen.dir/aie2p/AIE2PRegisterBankInfo.cpp.o.d -o lib/Target/AIE/CMakeFiles/LLVMAIECodeGen.dir/aie2p/AIE2PRegisterBankInfo.cpp.o -c /home/jtuyls/iree-ai/llvm-aie-port/amd/aie/llvm/lib/Target/AIE/aie2p/AIE2PRegisterBankInfo.cpp
In file included from /home/jtuyls/iree-ai/llvm-aie-port/amd/aie/llvm/lib/Target/AIE/aie2p/AIE2PInstrInfo.h:20,
                 from /home/jtuyls/iree-ai/llvm-aie-port/amd/aie/llvm/lib/Target/AIE/aie2p/AIE2PRegisterBankInfo.cpp:18:
/home/jtuyls/iree-ai/llvm-aie-port/amd/aie/llvm/lib/Target/AIE/AIEBaseInstrInfo.h:24:10: fatal error: llvm/CodeGen/ResourceCycle.h: No such file or directory
   24 | #include "llvm/CodeGen/ResourceCycle.h"
      |          ^~~~~~~~~~~~~~~~~~~~~~~~~~~~~~
compilation terminated.
[158/238] Building CXX object lib/Target/AIE/CMakeFiles/LLVMAIECodeGen.dir/aie1/AIE1ISelLowering.cpp.o
FAILED: lib/Target/AIE/CMakeFiles/LLVMAIECodeGen.dir/aie1/AIE1ISelLowering.cpp.o 
CCACHE_CPP2=yes CCACHE_HASHDIR=yes CCACHE_SLOPPINESS=pch_defines,time_macros /usr/bin/ccache /usr/bin/g++ -D_DEBUG -D_GLIBCXX_ASSERTIONS -D_GLIBCXX_USE_CXX11_ABI=1 -D_GNU_SOURCE -D_LIBCPP_HARDENING_MODE=_LIBCPP_HARDENING_MODE_EXTENSIVE -D__STDC_CONSTANT_MACROS -D__STDC_FORMAT_MACROS -D__STDC_LIMIT_MACROS -I/home/jtuyls/iree-ai/llvm-aie-port/build/lib/Target/AIE -I/home/jtuyls/iree-ai/llvm-aie-port/amd/aie/llvm/lib/Target/AIE -I/home/jtuyls/iree-ai/llvm-aie-port/build/include -I/home/jtuyls/iree-ai/llvm-aie-port/llvm/include -I/home/jtuyls/iree-ai/llvm-aie-port/amd/aie/llvm/include -fPIC -fno-semantic-interposition -fvisibility-inlines-hidden -Werror=date-time -Wall -Wextra -Wno-unused-parameter -Wwrite-strings -Wcast-qual -Wno-missing-field-initializers -pedantic -Wno-long-long -Wimplicit-fallthrough -Wno-uninitialized -Wno-nonnull -Wno-class-memaccess -Wno-dangling-reference -Wno-redundant-move -Wno-pessimizing-move -Wno-array-bounds -Wno-stringop-overread -Wno-dangling-pointer -Wno-noexcept-type -Wdelete-non-virtual-dtor -Wsuggest-override -Wno-comment -Wno-misleading-indentation -Wctad-maybe-unsupported -fdiagnostics-color -ffunction-sections -fdata-sections -O3 -DNDEBUG -std=c++17 -fvisibility=hidden -UNDEBUG -fno-exceptions -funwind-tables -fno-rtti -MD -MT lib/Target/AIE/CMakeFiles/LLVMAIECodeGen.dir/aie1/AIE1ISelLowering.cpp.o -MF lib/Target/AIE/CMakeFiles/LLVMAIECodeGen.dir/aie1/AIE1ISelLowering.cpp.o.d -o lib/Target/AIE/CMakeFiles/LLVMAIECodeGen.dir/aie1/AIE1ISelLowering.cpp.o -c /home/jtuyls/iree-ai/llvm-aie-port/amd/aie/llvm/lib/Target/AIE/aie1/AIE1ISelLowering.cpp
In file included from /home/jtuyls/iree-ai/llvm-aie-port/amd/aie/llvm/lib/Target/AIE/AIEBaseSubtarget.h:19,
                 from /home/jtuyls/iree-ai/llvm-aie-port/amd/aie/llvm/lib/Target/AIE/aie1/AIE1Subtarget.h:18,
                 from /home/jtuyls/iree-ai/llvm-aie-port/amd/aie/llvm/lib/Target/AIE/aie1/AIE1ISelLowering.cpp:21:
/home/jtuyls/iree-ai/llvm-aie-port/amd/aie/llvm/lib/Target/AIE/AIEBaseInstrInfo.h:24:10: fatal error: llvm/CodeGen/ResourceCycle.h: No such file or directory
   24 | #include "llvm/CodeGen/ResourceCycle.h"
      |          ^~~~~~~~~~~~~~~~~~~~~~~~~~~~~~
compilation terminated.
[159/238] Building CXX object lib/Target/AIE/CMakeFiles/LLVMAIECodeGen.dir/aie2p/AIE2PPreLegalizerCombiner.cpp.o
FAILED: lib/Target/AIE/CMakeFiles/LLVMAIECodeGen.dir/aie2p/AIE2PPreLegalizerCombiner.cpp.o 
CCACHE_CPP2=yes CCACHE_HASHDIR=yes CCACHE_SLOPPINESS=pch_defines,time_macros /usr/bin/ccache /usr/bin/g++ -D_DEBUG -D_GLIBCXX_ASSERTIONS -D_GLIBCXX_USE_CXX11_ABI=1 -D_GNU_SOURCE -D_LIBCPP_HARDENING_MODE=_LIBCPP_HARDENING_MODE_EXTENSIVE -D__STDC_CONSTANT_MACROS -D__STDC_FORMAT_MACROS -D__STDC_LIMIT_MACROS -I/home/jtuyls/iree-ai/llvm-aie-port/build/lib/Target/AIE -I/home/jtuyls/iree-ai/llvm-aie-port/amd/aie/llvm/lib/Target/AIE -I/home/jtuyls/iree-ai/llvm-aie-port/build/include -I/home/jtuyls/iree-ai/llvm-aie-port/llvm/include -I/home/jtuyls/iree-ai/llvm-aie-port/amd/aie/llvm/include -fPIC -fno-semantic-interposition -fvisibility-inlines-hidden -Werror=date-time -Wall -Wextra -Wno-unused-parameter -Wwrite-strings -Wcast-qual -Wno-missing-field-initializers -pedantic -Wno-long-long -Wimplicit-fallthrough -Wno-uninitialized -Wno-nonnull -Wno-class-memaccess -Wno-dangling-reference -Wno-redundant-move -Wno-pessimizing-move -Wno-array-bounds -Wno-stringop-overread -Wno-dangling-pointer -Wno-noexcept-type -Wdelete-non-virtual-dtor -Wsuggest-override -Wno-comment -Wno-misleading-indentation -Wctad-maybe-unsupported -fdiagnostics-color -ffunction-sections -fdata-sections -O3 -DNDEBUG -std=c++17 -fvisibility=hidden -UNDEBUG -fno-exceptions -funwind-tables -fno-rtti -MD -MT lib/Target/AIE/CMakeFiles/LLVMAIECodeGen.dir/aie2p/AIE2PPreLegalizerCombiner.cpp.o -MF lib/Target/AIE/CMakeFiles/LLVMAIECodeGen.dir/aie2p/AIE2PPreLegalizerCombiner.cpp.o.d -o lib/Target/AIE/CMakeFiles/LLVMAIECodeGen.dir/aie2p/AIE2PPreLegalizerCombiner.cpp.o -c /home/jtuyls/iree-ai/llvm-aie-port/amd/aie/llvm/lib/Target/AIE/aie2p/AIE2PPreLegalizerCombiner.cpp
In file included from /home/jtuyls/iree-ai/llvm-aie-port/amd/aie/llvm/lib/Target/AIE/AIEBaseSubtarget.h:19,
                 from /home/jtuyls/iree-ai/llvm-aie-port/amd/aie/llvm/lib/Target/AIE/AIECombinerBase.h:14,
                 from /home/jtuyls/iree-ai/llvm-aie-port/amd/aie/llvm/lib/Target/AIE/aie2p/AIE2PPreLegalizerCombiner.cpp:16:
/home/jtuyls/iree-ai/llvm-aie-port/amd/aie/llvm/lib/Target/AIE/AIEBaseInstrInfo.h:24:10: fatal error: llvm/CodeGen/ResourceCycle.h: No such file or directory
   24 | #include "llvm/CodeGen/ResourceCycle.h"
      |          ^~~~~~~~~~~~~~~~~~~~~~~~~~~~~~
compilation terminated.
[160/238] Building CXX object lib/Target/AIE/CMakeFiles/LLVMAIECodeGen.dir/aie2ps/AIE2PSTargetMachine.cpp.o
FAILED: lib/Target/AIE/CMakeFiles/LLVMAIECodeGen.dir/aie2ps/AIE2PSTargetMachine.cpp.o 
CCACHE_CPP2=yes CCACHE_HASHDIR=yes CCACHE_SLOPPINESS=pch_defines,time_macros /usr/bin/ccache /usr/bin/g++ -D_DEBUG -D_GLIBCXX_ASSERTIONS -D_GLIBCXX_USE_CXX11_ABI=1 -D_GNU_SOURCE -D_LIBCPP_HARDENING_MODE=_LIBCPP_HARDENING_MODE_EXTENSIVE -D__STDC_CONSTANT_MACROS -D__STDC_FORMAT_MACROS -D__STDC_LIMIT_MACROS -I/home/jtuyls/iree-ai/llvm-aie-port/build/lib/Target/AIE -I/home/jtuyls/iree-ai/llvm-aie-port/amd/aie/llvm/lib/Target/AIE -I/home/jtuyls/iree-ai/llvm-aie-port/build/include -I/home/jtuyls/iree-ai/llvm-aie-port/llvm/include -I/home/jtuyls/iree-ai/llvm-aie-port/amd/aie/llvm/include -fPIC -fno-semantic-interposition -fvisibility-inlines-hidden -Werror=date-time -Wall -Wextra -Wno-unused-parameter -Wwrite-strings -Wcast-qual -Wno-missing-field-initializers -pedantic -Wno-long-long -Wimplicit-fallthrough -Wno-uninitialized -Wno-nonnull -Wno-class-memaccess -Wno-dangling-reference -Wno-redundant-move -Wno-pessimizing-move -Wno-array-bounds -Wno-stringop-overread -Wno-dangling-pointer -Wno-noexcept-type -Wdelete-non-virtual-dtor -Wsuggest-override -Wno-comment -Wno-misleading-indentation -Wctad-maybe-unsupported -fdiagnostics-color -ffunction-sections -fdata-sections -O3 -DNDEBUG -std=c++17 -fvisibility=hidden -UNDEBUG -fno-exceptions -funwind-tables -fno-rtti -MD -MT lib/Target/AIE/CMakeFiles/LLVMAIECodeGen.dir/aie2ps/AIE2PSTargetMachine.cpp.o -MF lib/Target/AIE/CMakeFiles/LLVMAIECodeGen.dir/aie2ps/AIE2PSTargetMachine.cpp.o.d -o lib/Target/AIE/CMakeFiles/LLVMAIECodeGen.dir/aie2ps/AIE2PSTargetMachine.cpp.o -c /home/jtuyls/iree-ai/llvm-aie-port/amd/aie/llvm/lib/Target/AIE/aie2ps/AIE2PSTargetMachine.cpp
In file included from /home/jtuyls/iree-ai/llvm-aie-port/amd/aie/llvm/lib/Target/AIE/AIEBaseSubtarget.h:19,
                 from /home/jtuyls/iree-ai/llvm-aie-port/amd/aie/llvm/lib/Target/AIE/AIEBaseFrameLowering.h:18,
                 from /home/jtuyls/iree-ai/llvm-aie-port/amd/aie/llvm/lib/Target/AIE/aie2ps/AIE2PSFrameLowering.h:18,
                 from /home/jtuyls/iree-ai/llvm-aie-port/amd/aie/llvm/lib/Target/AIE/aie2ps/AIE2PSSubtarget.h:18,
                 from /home/jtuyls/iree-ai/llvm-aie-port/amd/aie/llvm/lib/Target/AIE/aie2ps/AIE2PSTargetMachine.h:18,
                 from /home/jtuyls/iree-ai/llvm-aie-port/amd/aie/llvm/lib/Target/AIE/aie2ps/AIE2PSTargetMachine.cpp:15:
/home/jtuyls/iree-ai/llvm-aie-port/amd/aie/llvm/lib/Target/AIE/AIEBaseInstrInfo.h:24:10: fatal error: llvm/CodeGen/ResourceCycle.h: No such file or directory
   24 | #include "llvm/CodeGen/ResourceCycle.h"
      |          ^~~~~~~~~~~~~~~~~~~~~~~~~~~~~~
compilation terminated.
[161/238] Building CXX object lib/Target/AIE/CMakeFiles/LLVMAIECodeGen.dir/aie2ps/AIE2PSSubtarget.cpp.o
FAILED: lib/Target/AIE/CMakeFiles/LLVMAIECodeGen.dir/aie2ps/AIE2PSSubtarget.cpp.o 
CCACHE_CPP2=yes CCACHE_HASHDIR=yes CCACHE_SLOPPINESS=pch_defines,time_macros /usr/bin/ccache /usr/bin/g++ -D_DEBUG -D_GLIBCXX_ASSERTIONS -D_GLIBCXX_USE_CXX11_ABI=1 -D_GNU_SOURCE -D_LIBCPP_HARDENING_MODE=_LIBCPP_HARDENING_MODE_EXTENSIVE -D__STDC_CONSTANT_MACROS -D__STDC_FORMAT_MACROS -D__STDC_LIMIT_MACROS -I/home/jtuyls/iree-ai/llvm-aie-port/build/lib/Target/AIE -I/home/jtuyls/iree-ai/llvm-aie-port/amd/aie/llvm/lib/Target/AIE -I/home/jtuyls/iree-ai/llvm-aie-port/build/include -I/home/jtuyls/iree-ai/llvm-aie-port/llvm/include -I/home/jtuyls/iree-ai/llvm-aie-port/amd/aie/llvm/include -fPIC -fno-semantic-interposition -fvisibility-inlines-hidden -Werror=date-time -Wall -Wextra -Wno-unused-parameter -Wwrite-strings -Wcast-qual -Wno-missing-field-initializers -pedantic -Wno-long-long -Wimplicit-fallthrough -Wno-uninitialized -Wno-nonnull -Wno-class-memaccess -Wno-dangling-reference -Wno-redundant-move -Wno-pessimizing-move -Wno-array-bounds -Wno-stringop-overread -Wno-dangling-pointer -Wno-noexcept-type -Wdelete-non-virtual-dtor -Wsuggest-override -Wno-comment -Wno-misleading-indentation -Wctad-maybe-unsupported -fdiagnostics-color -ffunction-sections -fdata-sections -O3 -DNDEBUG -std=c++17 -fvisibility=hidden -UNDEBUG -fno-exceptions -funwind-tables -fno-rtti -MD -MT lib/Target/AIE/CMakeFiles/LLVMAIECodeGen.dir/aie2ps/AIE2PSSubtarget.cpp.o -MF lib/Target/AIE/CMakeFiles/LLVMAIECodeGen.dir/aie2ps/AIE2PSSubtarget.cpp.o.d -o lib/Target/AIE/CMakeFiles/LLVMAIECodeGen.dir/aie2ps/AIE2PSSubtarget.cpp.o -c /home/jtuyls/iree-ai/llvm-aie-port/amd/aie/llvm/lib/Target/AIE/aie2ps/AIE2PSSubtarget.cpp
In file included from /home/jtuyls/iree-ai/llvm-aie-port/amd/aie/llvm/lib/Target/AIE/AIEBaseSubtarget.h:19,
                 from /home/jtuyls/iree-ai/llvm-aie-port/amd/aie/llvm/lib/Target/AIE/AIEBaseFrameLowering.h:18,
                 from /home/jtuyls/iree-ai/llvm-aie-port/amd/aie/llvm/lib/Target/AIE/aie2ps/AIE2PSFrameLowering.h:18,
                 from /home/jtuyls/iree-ai/llvm-aie-port/amd/aie/llvm/lib/Target/AIE/aie2ps/AIE2PSSubtarget.h:18,
                 from /home/jtuyls/iree-ai/llvm-aie-port/amd/aie/llvm/lib/Target/AIE/aie2ps/AIE2PSSubtarget.cpp:16:
/home/jtuyls/iree-ai/llvm-aie-port/amd/aie/llvm/lib/Target/AIE/AIEBaseInstrInfo.h:24:10: fatal error: llvm/CodeGen/ResourceCycle.h: No such file or directory
   24 | #include "llvm/CodeGen/ResourceCycle.h"
      |          ^~~~~~~~~~~~~~~~~~~~~~~~~~~~~~
compilation terminated.
[162/238] Building CXX object lib/Target/AIE/CMakeFiles/LLVMAIECodeGen.dir/aie2ps/AIE2PSTargetTransformInfo.cpp.o
FAILED: lib/Target/AIE/CMakeFiles/LLVMAIECodeGen.dir/aie2ps/AIE2PSTargetTransformInfo.cpp.o 
CCACHE_CPP2=yes CCACHE_HASHDIR=yes CCACHE_SLOPPINESS=pch_defines,time_macros /usr/bin/ccache /usr/bin/g++ -D_DEBUG -D_GLIBCXX_ASSERTIONS -D_GLIBCXX_USE_CXX11_ABI=1 -D_GNU_SOURCE -D_LIBCPP_HARDENING_MODE=_LIBCPP_HARDENING_MODE_EXTENSIVE -D__STDC_CONSTANT_MACROS -D__STDC_FORMAT_MACROS -D__STDC_LIMIT_MACROS -I/home/jtuyls/iree-ai/llvm-aie-port/build/lib/Target/AIE -I/home/jtuyls/iree-ai/llvm-aie-port/amd/aie/llvm/lib/Target/AIE -I/home/jtuyls/iree-ai/llvm-aie-port/build/include -I/home/jtuyls/iree-ai/llvm-aie-port/llvm/include -I/home/jtuyls/iree-ai/llvm-aie-port/amd/aie/llvm/include -fPIC -fno-semantic-interposition -fvisibility-inlines-hidden -Werror=date-time -Wall -Wextra -Wno-unused-parameter -Wwrite-strings -Wcast-qual -Wno-missing-field-initializers -pedantic -Wno-long-long -Wimplicit-fallthrough -Wno-uninitialized -Wno-nonnull -Wno-class-memaccess -Wno-dangling-reference -Wno-redundant-move -Wno-pessimizing-move -Wno-array-bounds -Wno-stringop-overread -Wno-dangling-pointer -Wno-noexcept-type -Wdelete-non-virtual-dtor -Wsuggest-override -Wno-comment -Wno-misleading-indentation -Wctad-maybe-unsupported -fdiagnostics-color -ffunction-sections -fdata-sections -O3 -DNDEBUG -std=c++17 -fvisibility=hidden -UNDEBUG -fno-exceptions -funwind-tables -fno-rtti -MD -MT lib/Target/AIE/CMakeFiles/LLVMAIECodeGen.dir/aie2ps/AIE2PSTargetTransformInfo.cpp.o -MF lib/Target/AIE/CMakeFiles/LLVMAIECodeGen.dir/aie2ps/AIE2PSTargetTransformInfo.cpp.o.d -o lib/Target/AIE/CMakeFiles/LLVMAIECodeGen.dir/aie2ps/AIE2PSTargetTransformInfo.cpp.o -c /home/jtuyls/iree-ai/llvm-aie-port/amd/aie/llvm/lib/Target/AIE/aie2ps/AIE2PSTargetTransformInfo.cpp
In file included from /home/jtuyls/iree-ai/llvm-aie-port/amd/aie/llvm/lib/Target/AIE/AIEBaseSubtarget.h:19,
                 from /home/jtuyls/iree-ai/llvm-aie-port/amd/aie/llvm/lib/Target/AIE/AIEBaseFrameLowering.h:18,
                 from /home/jtuyls/iree-ai/llvm-aie-port/amd/aie/llvm/lib/Target/AIE/aie2ps/AIE2PSFrameLowering.h:18,
                 from /home/jtuyls/iree-ai/llvm-aie-port/amd/aie/llvm/lib/Target/AIE/aie2ps/AIE2PSSubtarget.h:18,
                 from /home/jtuyls/iree-ai/llvm-aie-port/amd/aie/llvm/lib/Target/AIE/aie2ps/AIE2PSTargetMachine.h:18,
                 from /home/jtuyls/iree-ai/llvm-aie-port/amd/aie/llvm/lib/Target/AIE/aie2ps/AIE2PSTargetTransformInfo.h:20,
                 from /home/jtuyls/iree-ai/llvm-aie-port/amd/aie/llvm/lib/Target/AIE/aie2ps/AIE2PSTargetTransformInfo.cpp:11:
/home/jtuyls/iree-ai/llvm-aie-port/amd/aie/llvm/lib/Target/AIE/AIEBaseInstrInfo.h:24:10: fatal error: llvm/CodeGen/ResourceCycle.h: No such file or directory
   24 | #include "llvm/CodeGen/ResourceCycle.h"
      |          ^~~~~~~~~~~~~~~~~~~~~~~~~~~~~~
compilation terminated.
[163/238] Building CXX object lib/Target/AIE/CMakeFiles/LLVMAIECodeGen.dir/AIELiveRegs.cpp.o
[164/238] Building CXX object lib/Target/AIE/CMakeFiles/LLVMAIECodeGen.dir/aie2ps/AIE2PSRegisterInfo.cpp.o
FAILED: lib/Target/AIE/CMakeFiles/LLVMAIECodeGen.dir/aie2ps/AIE2PSRegisterInfo.cpp.o 
CCACHE_CPP2=yes CCACHE_HASHDIR=yes CCACHE_SLOPPINESS=pch_defines,time_macros /usr/bin/ccache /usr/bin/g++ -D_DEBUG -D_GLIBCXX_ASSERTIONS -D_GLIBCXX_USE_CXX11_ABI=1 -D_GNU_SOURCE -D_LIBCPP_HARDENING_MODE=_LIBCPP_HARDENING_MODE_EXTENSIVE -D__STDC_CONSTANT_MACROS -D__STDC_FORMAT_MACROS -D__STDC_LIMIT_MACROS -I/home/jtuyls/iree-ai/llvm-aie-port/build/lib/Target/AIE -I/home/jtuyls/iree-ai/llvm-aie-port/amd/aie/llvm/lib/Target/AIE -I/home/jtuyls/iree-ai/llvm-aie-port/build/include -I/home/jtuyls/iree-ai/llvm-aie-port/llvm/include -I/home/jtuyls/iree-ai/llvm-aie-port/amd/aie/llvm/include -fPIC -fno-semantic-interposition -fvisibility-inlines-hidden -Werror=date-time -Wall -Wextra -Wno-unused-parameter -Wwrite-strings -Wcast-qual -Wno-missing-field-initializers -pedantic -Wno-long-long -Wimplicit-fallthrough -Wno-uninitialized -Wno-nonnull -Wno-class-memaccess -Wno-dangling-reference -Wno-redundant-move -Wno-pessimizing-move -Wno-array-bounds -Wno-stringop-overread -Wno-dangling-pointer -Wno-noexcept-type -Wdelete-non-virtual-dtor -Wsuggest-override -Wno-comment -Wno-misleading-indentation -Wctad-maybe-unsupported -fdiagnostics-color -ffunction-sections -fdata-sections -O3 -DNDEBUG -std=c++17 -fvisibility=hidden -UNDEBUG -fno-exceptions -funwind-tables -fno-rtti -MD -MT lib/Target/AIE/CMakeFiles/LLVMAIECodeGen.dir/aie2ps/AIE2PSRegisterInfo.cpp.o -MF lib/Target/AIE/CMakeFiles/LLVMAIECodeGen.dir/aie2ps/AIE2PSRegisterInfo.cpp.o.d -o lib/Target/AIE/CMakeFiles/LLVMAIECodeGen.dir/aie2ps/AIE2PSRegisterInfo.cpp.o -c /home/jtuyls/iree-ai/llvm-aie-port/amd/aie/llvm/lib/Target/AIE/aie2ps/AIE2PSRegisterInfo.cpp
In file included from /home/jtuyls/iree-ai/llvm-aie-port/amd/aie/llvm/lib/Target/AIE/AIEBaseSubtarget.h:19,
                 from /home/jtuyls/iree-ai/llvm-aie-port/amd/aie/llvm/lib/Target/AIE/AIEBaseFrameLowering.h:18,
                 from /home/jtuyls/iree-ai/llvm-aie-port/amd/aie/llvm/lib/Target/AIE/aie2ps/AIE2PSFrameLowering.h:18,
                 from /home/jtuyls/iree-ai/llvm-aie-port/amd/aie/llvm/lib/Target/AIE/aie2ps/AIE2PSSubtarget.h:18,
                 from /home/jtuyls/iree-ai/llvm-aie-port/amd/aie/llvm/lib/Target/AIE/aie2ps/AIE2PSRegisterInfo.cpp:18:
/home/jtuyls/iree-ai/llvm-aie-port/amd/aie/llvm/lib/Target/AIE/AIEBaseInstrInfo.h:24:10: fatal error: llvm/CodeGen/ResourceCycle.h: No such file or directory
   24 | #include "llvm/CodeGen/ResourceCycle.h"
      |          ^~~~~~~~~~~~~~~~~~~~~~~~~~~~~~
compilation terminated.
[165/238] Building CXX object lib/Target/AIE/CMakeFiles/LLVMAIECodeGen.dir/aie2p/AIE2PInstructionSelector.cpp.o
FAILED: lib/Target/AIE/CMakeFiles/LLVMAIECodeGen.dir/aie2p/AIE2PInstructionSelector.cpp.o 
CCACHE_CPP2=yes CCACHE_HASHDIR=yes CCACHE_SLOPPINESS=pch_defines,time_macros /usr/bin/ccache /usr/bin/g++ -D_DEBUG -D_GLIBCXX_ASSERTIONS -D_GLIBCXX_USE_CXX11_ABI=1 -D_GNU_SOURCE -D_LIBCPP_HARDENING_MODE=_LIBCPP_HARDENING_MODE_EXTENSIVE -D__STDC_CONSTANT_MACROS -D__STDC_FORMAT_MACROS -D__STDC_LIMIT_MACROS -I/home/jtuyls/iree-ai/llvm-aie-port/build/lib/Target/AIE -I/home/jtuyls/iree-ai/llvm-aie-port/amd/aie/llvm/lib/Target/AIE -I/home/jtuyls/iree-ai/llvm-aie-port/build/include -I/home/jtuyls/iree-ai/llvm-aie-port/llvm/include -I/home/jtuyls/iree-ai/llvm-aie-port/amd/aie/llvm/include -fPIC -fno-semantic-interposition -fvisibility-inlines-hidden -Werror=date-time -Wall -Wextra -Wno-unused-parameter -Wwrite-strings -Wcast-qual -Wno-missing-field-initializers -pedantic -Wno-long-long -Wimplicit-fallthrough -Wno-uninitialized -Wno-nonnull -Wno-class-memaccess -Wno-dangling-reference -Wno-redundant-move -Wno-pessimizing-move -Wno-array-bounds -Wno-stringop-overread -Wno-dangling-pointer -Wno-noexcept-type -Wdelete-non-virtual-dtor -Wsuggest-override -Wno-comment -Wno-misleading-indentation -Wctad-maybe-unsupported -fdiagnostics-color -ffunction-sections -fdata-sections -O3 -DNDEBUG -std=c++17 -fvisibility=hidden -UNDEBUG -fno-exceptions -funwind-tables -fno-rtti -MD -MT lib/Target/AIE/CMakeFiles/LLVMAIECodeGen.dir/aie2p/AIE2PInstructionSelector.cpp.o -MF lib/Target/AIE/CMakeFiles/LLVMAIECodeGen.dir/aie2p/AIE2PInstructionSelector.cpp.o.d -o lib/Target/AIE/CMakeFiles/LLVMAIECodeGen.dir/aie2p/AIE2PInstructionSelector.cpp.o -c /home/jtuyls/iree-ai/llvm-aie-port/amd/aie/llvm/lib/Target/AIE/aie2p/AIE2PInstructionSelector.cpp
In file included from /home/jtuyls/iree-ai/llvm-aie-port/amd/aie/llvm/lib/Target/AIE/AIEBaseSubtarget.h:19,
                 from /home/jtuyls/iree-ai/llvm-aie-port/amd/aie/llvm/lib/Target/AIE/AIEBaseFrameLowering.h:18,
                 from /home/jtuyls/iree-ai/llvm-aie-port/amd/aie/llvm/lib/Target/AIE/aie2p/AIE2PFrameLowering.h:18,
                 from /home/jtuyls/iree-ai/llvm-aie-port/amd/aie/llvm/lib/Target/AIE/aie2p/AIE2PSubtarget.h:18,
                 from /home/jtuyls/iree-ai/llvm-aie-port/amd/aie/llvm/lib/Target/AIE/aie2p/AIE2PTargetMachine.h:18,
                 from /home/jtuyls/iree-ai/llvm-aie-port/amd/aie/llvm/lib/Target/AIE/aie2p/AIE2PInstructionSelector.cpp:18:
/home/jtuyls/iree-ai/llvm-aie-port/amd/aie/llvm/lib/Target/AIE/AIEBaseInstrInfo.h:24:10: fatal error: llvm/CodeGen/ResourceCycle.h: No such file or directory
   24 | #include "llvm/CodeGen/ResourceCycle.h"
      |          ^~~~~~~~~~~~~~~~~~~~~~~~~~~~~~
compilation terminated.
[166/238] Building CXX object lib/Target/AIE/CMakeFiles/LLVMAIECodeGen.dir/aie2ps/AIE2PSRegisterBankInfo.cpp.o
FAILED: lib/Target/AIE/CMakeFiles/LLVMAIECodeGen.dir/aie2ps/AIE2PSRegisterBankInfo.cpp.o 
CCACHE_CPP2=yes CCACHE_HASHDIR=yes CCACHE_SLOPPINESS=pch_defines,time_macros /usr/bin/ccache /usr/bin/g++ -D_DEBUG -D_GLIBCXX_ASSERTIONS -D_GLIBCXX_USE_CXX11_ABI=1 -D_GNU_SOURCE -D_LIBCPP_HARDENING_MODE=_LIBCPP_HARDENING_MODE_EXTENSIVE -D__STDC_CONSTANT_MACROS -D__STDC_FORMAT_MACROS -D__STDC_LIMIT_MACROS -I/home/jtuyls/iree-ai/llvm-aie-port/build/lib/Target/AIE -I/home/jtuyls/iree-ai/llvm-aie-port/amd/aie/llvm/lib/Target/AIE -I/home/jtuyls/iree-ai/llvm-aie-port/build/include -I/home/jtuyls/iree-ai/llvm-aie-port/llvm/include -I/home/jtuyls/iree-ai/llvm-aie-port/amd/aie/llvm/include -fPIC -fno-semantic-interposition -fvisibility-inlines-hidden -Werror=date-time -Wall -Wextra -Wno-unused-parameter -Wwrite-strings -Wcast-qual -Wno-missing-field-initializers -pedantic -Wno-long-long -Wimplicit-fallthrough -Wno-uninitialized -Wno-nonnull -Wno-class-memaccess -Wno-dangling-reference -Wno-redundant-move -Wno-pessimizing-move -Wno-array-bounds -Wno-stringop-overread -Wno-dangling-pointer -Wno-noexcept-type -Wdelete-non-virtual-dtor -Wsuggest-override -Wno-comment -Wno-misleading-indentation -Wctad-maybe-unsupported -fdiagnostics-color -ffunction-sections -fdata-sections -O3 -DNDEBUG -std=c++17 -fvisibility=hidden -UNDEBUG -fno-exceptions -funwind-tables -fno-rtti -MD -MT lib/Target/AIE/CMakeFiles/LLVMAIECodeGen.dir/aie2ps/AIE2PSRegisterBankInfo.cpp.o -MF lib/Target/AIE/CMakeFiles/LLVMAIECodeGen.dir/aie2ps/AIE2PSRegisterBankInfo.cpp.o.d -o lib/Target/AIE/CMakeFiles/LLVMAIECodeGen.dir/aie2ps/AIE2PSRegisterBankInfo.cpp.o -c /home/jtuyls/iree-ai/llvm-aie-port/amd/aie/llvm/lib/Target/AIE/aie2ps/AIE2PSRegisterBankInfo.cpp
In file included from /home/jtuyls/iree-ai/llvm-aie-port/amd/aie/llvm/lib/Target/AIE/aie2ps/AIE2PSInstrInfo.h:20,
                 from /home/jtuyls/iree-ai/llvm-aie-port/amd/aie/llvm/lib/Target/AIE/aie2ps/AIE2PSRegisterBankInfo.cpp:17:
/home/jtuyls/iree-ai/llvm-aie-port/amd/aie/llvm/lib/Target/AIE/AIEBaseInstrInfo.h:24:10: fatal error: llvm/CodeGen/ResourceCycle.h: No such file or directory
   24 | #include "llvm/CodeGen/ResourceCycle.h"
      |          ^~~~~~~~~~~~~~~~~~~~~~~~~~~~~~
compilation terminated.
[167/238] Building CXX object lib/Target/AIE/CMakeFiles/LLVMAIECodeGen.dir/aie2ps/AIE2PSFrameLowering.cpp.o
FAILED: lib/Target/AIE/CMakeFiles/LLVMAIECodeGen.dir/aie2ps/AIE2PSFrameLowering.cpp.o 
CCACHE_CPP2=yes CCACHE_HASHDIR=yes CCACHE_SLOPPINESS=pch_defines,time_macros /usr/bin/ccache /usr/bin/g++ -D_DEBUG -D_GLIBCXX_ASSERTIONS -D_GLIBCXX_USE_CXX11_ABI=1 -D_GNU_SOURCE -D_LIBCPP_HARDENING_MODE=_LIBCPP_HARDENING_MODE_EXTENSIVE -D__STDC_CONSTANT_MACROS -D__STDC_FORMAT_MACROS -D__STDC_LIMIT_MACROS -I/home/jtuyls/iree-ai/llvm-aie-port/build/lib/Target/AIE -I/home/jtuyls/iree-ai/llvm-aie-port/amd/aie/llvm/lib/Target/AIE -I/home/jtuyls/iree-ai/llvm-aie-port/build/include -I/home/jtuyls/iree-ai/llvm-aie-port/llvm/include -I/home/jtuyls/iree-ai/llvm-aie-port/amd/aie/llvm/include -fPIC -fno-semantic-interposition -fvisibility-inlines-hidden -Werror=date-time -Wall -Wextra -Wno-unused-parameter -Wwrite-strings -Wcast-qual -Wno-missing-field-initializers -pedantic -Wno-long-long -Wimplicit-fallthrough -Wno-uninitialized -Wno-nonnull -Wno-class-memaccess -Wno-dangling-reference -Wno-redundant-move -Wno-pessimizing-move -Wno-array-bounds -Wno-stringop-overread -Wno-dangling-pointer -Wno-noexcept-type -Wdelete-non-virtual-dtor -Wsuggest-override -Wno-comment -Wno-misleading-indentation -Wctad-maybe-unsupported -fdiagnostics-color -ffunction-sections -fdata-sections -O3 -DNDEBUG -std=c++17 -fvisibility=hidden -UNDEBUG -fno-exceptions -funwind-tables -fno-rtti -MD -MT lib/Target/AIE/CMakeFiles/LLVMAIECodeGen.dir/aie2ps/AIE2PSFrameLowering.cpp.o -MF lib/Target/AIE/CMakeFiles/LLVMAIECodeGen.dir/aie2ps/AIE2PSFrameLowering.cpp.o.d -o lib/Target/AIE/CMakeFiles/LLVMAIECodeGen.dir/aie2ps/AIE2PSFrameLowering.cpp.o -c /home/jtuyls/iree-ai/llvm-aie-port/amd/aie/llvm/lib/Target/AIE/aie2ps/AIE2PSFrameLowering.cpp
In file included from /home/jtuyls/iree-ai/llvm-aie-port/amd/aie/llvm/lib/Target/AIE/AIEBaseSubtarget.h:19,
                 from /home/jtuyls/iree-ai/llvm-aie-port/amd/aie/llvm/lib/Target/AIE/AIEBaseFrameLowering.h:18,
                 from /home/jtuyls/iree-ai/llvm-aie-port/amd/aie/llvm/lib/Target/AIE/aie2ps/AIE2PSFrameLowering.h:18,
                 from /home/jtuyls/iree-ai/llvm-aie-port/amd/aie/llvm/lib/Target/AIE/aie2ps/AIE2PSFrameLowering.cpp:15:
/home/jtuyls/iree-ai/llvm-aie-port/amd/aie/llvm/lib/Target/AIE/AIEBaseInstrInfo.h:24:10: fatal error: llvm/CodeGen/ResourceCycle.h: No such file or directory
   24 | #include "llvm/CodeGen/ResourceCycle.h"
      |          ^~~~~~~~~~~~~~~~~~~~~~~~~~~~~~
compilation terminated.
[168/238] Building CXX object lib/Target/AIE/CMakeFiles/LLVMAIECodeGen.dir/aie2ps/AIE2PSPostLegalizerCustomCombiner.cpp.o
FAILED: lib/Target/AIE/CMakeFiles/LLVMAIECodeGen.dir/aie2ps/AIE2PSPostLegalizerCustomCombiner.cpp.o 
CCACHE_CPP2=yes CCACHE_HASHDIR=yes CCACHE_SLOPPINESS=pch_defines,time_macros /usr/bin/ccache /usr/bin/g++ -D_DEBUG -D_GLIBCXX_ASSERTIONS -D_GLIBCXX_USE_CXX11_ABI=1 -D_GNU_SOURCE -D_LIBCPP_HARDENING_MODE=_LIBCPP_HARDENING_MODE_EXTENSIVE -D__STDC_CONSTANT_MACROS -D__STDC_FORMAT_MACROS -D__STDC_LIMIT_MACROS -I/home/jtuyls/iree-ai/llvm-aie-port/build/lib/Target/AIE -I/home/jtuyls/iree-ai/llvm-aie-port/amd/aie/llvm/lib/Target/AIE -I/home/jtuyls/iree-ai/llvm-aie-port/build/include -I/home/jtuyls/iree-ai/llvm-aie-port/llvm/include -I/home/jtuyls/iree-ai/llvm-aie-port/amd/aie/llvm/include -fPIC -fno-semantic-interposition -fvisibility-inlines-hidden -Werror=date-time -Wall -Wextra -Wno-unused-parameter -Wwrite-strings -Wcast-qual -Wno-missing-field-initializers -pedantic -Wno-long-long -Wimplicit-fallthrough -Wno-uninitialized -Wno-nonnull -Wno-class-memaccess -Wno-dangling-reference -Wno-redundant-move -Wno-pessimizing-move -Wno-array-bounds -Wno-stringop-overread -Wno-dangling-pointer -Wno-noexcept-type -Wdelete-non-virtual-dtor -Wsuggest-override -Wno-comment -Wno-misleading-indentation -Wctad-maybe-unsupported -fdiagnostics-color -ffunction-sections -fdata-sections -O3 -DNDEBUG -std=c++17 -fvisibility=hidden -UNDEBUG -fno-exceptions -funwind-tables -fno-rtti -MD -MT lib/Target/AIE/CMakeFiles/LLVMAIECodeGen.dir/aie2ps/AIE2PSPostLegalizerCustomCombiner.cpp.o -MF lib/Target/AIE/CMakeFiles/LLVMAIECodeGen.dir/aie2ps/AIE2PSPostLegalizerCustomCombiner.cpp.o.d -o lib/Target/AIE/CMakeFiles/LLVMAIECodeGen.dir/aie2ps/AIE2PSPostLegalizerCustomCombiner.cpp.o -c /home/jtuyls/iree-ai/llvm-aie-port/amd/aie/llvm/lib/Target/AIE/aie2ps/AIE2PSPostLegalizerCustomCombiner.cpp
In file included from /home/jtuyls/iree-ai/llvm-aie-port/amd/aie/llvm/lib/Target/AIE/AIEBaseSubtarget.h:19,
                 from /home/jtuyls/iree-ai/llvm-aie-port/amd/aie/llvm/lib/Target/AIE/AIECombinerBase.h:14,
                 from /home/jtuyls/iree-ai/llvm-aie-port/amd/aie/llvm/lib/Target/AIE/aie2ps/AIE2PSPostLegalizerCustomCombiner.cpp:16:
/home/jtuyls/iree-ai/llvm-aie-port/amd/aie/llvm/lib/Target/AIE/AIEBaseInstrInfo.h:24:10: fatal error: llvm/CodeGen/ResourceCycle.h: No such file or directory
   24 | #include "llvm/CodeGen/ResourceCycle.h"
      |          ^~~~~~~~~~~~~~~~~~~~~~~~~~~~~~
compilation terminated.
[169/238] Building CXX object lib/Target/AIE/CMakeFiles/LLVMAIECodeGen.dir/aie2ps/AIE2PSInstructionSelector.cpp.o
FAILED: lib/Target/AIE/CMakeFiles/LLVMAIECodeGen.dir/aie2ps/AIE2PSInstructionSelector.cpp.o 
CCACHE_CPP2=yes CCACHE_HASHDIR=yes CCACHE_SLOPPINESS=pch_defines,time_macros /usr/bin/ccache /usr/bin/g++ -D_DEBUG -D_GLIBCXX_ASSERTIONS -D_GLIBCXX_USE_CXX11_ABI=1 -D_GNU_SOURCE -D_LIBCPP_HARDENING_MODE=_LIBCPP_HARDENING_MODE_EXTENSIVE -D__STDC_CONSTANT_MACROS -D__STDC_FORMAT_MACROS -D__STDC_LIMIT_MACROS -I/home/jtuyls/iree-ai/llvm-aie-port/build/lib/Target/AIE -I/home/jtuyls/iree-ai/llvm-aie-port/amd/aie/llvm/lib/Target/AIE -I/home/jtuyls/iree-ai/llvm-aie-port/build/include -I/home/jtuyls/iree-ai/llvm-aie-port/llvm/include -I/home/jtuyls/iree-ai/llvm-aie-port/amd/aie/llvm/include -fPIC -fno-semantic-interposition -fvisibility-inlines-hidden -Werror=date-time -Wall -Wextra -Wno-unused-parameter -Wwrite-strings -Wcast-qual -Wno-missing-field-initializers -pedantic -Wno-long-long -Wimplicit-fallthrough -Wno-uninitialized -Wno-nonnull -Wno-class-memaccess -Wno-dangling-reference -Wno-redundant-move -Wno-pessimizing-move -Wno-array-bounds -Wno-stringop-overread -Wno-dangling-pointer -Wno-noexcept-type -Wdelete-non-virtual-dtor -Wsuggest-override -Wno-comment -Wno-misleading-indentation -Wctad-maybe-unsupported -fdiagnostics-color -ffunction-sections -fdata-sections -O3 -DNDEBUG -std=c++17 -fvisibility=hidden -UNDEBUG -fno-exceptions -funwind-tables -fno-rtti -MD -MT lib/Target/AIE/CMakeFiles/LLVMAIECodeGen.dir/aie2ps/AIE2PSInstructionSelector.cpp.o -MF lib/Target/AIE/CMakeFiles/LLVMAIECodeGen.dir/aie2ps/AIE2PSInstructionSelector.cpp.o.d -o lib/Target/AIE/CMakeFiles/LLVMAIECodeGen.dir/aie2ps/AIE2PSInstructionSelector.cpp.o -c /home/jtuyls/iree-ai/llvm-aie-port/amd/aie/llvm/lib/Target/AIE/aie2ps/AIE2PSInstructionSelector.cpp
In file included from /home/jtuyls/iree-ai/llvm-aie-port/amd/aie/llvm/lib/Target/AIE/aie2ps/AIE2PSInstrInfo.h:20,
                 from /home/jtuyls/iree-ai/llvm-aie-port/amd/aie/llvm/lib/Target/AIE/aie2ps/AIE2PSInstructionSelector.cpp:16:
/home/jtuyls/iree-ai/llvm-aie-port/amd/aie/llvm/lib/Target/AIE/AIEBaseInstrInfo.h:24:10: fatal error: llvm/CodeGen/ResourceCycle.h: No such file or directory
   24 | #include "llvm/CodeGen/ResourceCycle.h"
      |          ^~~~~~~~~~~~~~~~~~~~~~~~~~~~~~
compilation terminated.
[170/238] Building CXX object lib/Target/AIE/CMakeFiles/LLVMAIECodeGen.dir/aie2p/AIE2PLegalizerInfo.cpp.o
FAILED: lib/Target/AIE/CMakeFiles/LLVMAIECodeGen.dir/aie2p/AIE2PLegalizerInfo.cpp.o 
CCACHE_CPP2=yes CCACHE_HASHDIR=yes CCACHE_SLOPPINESS=pch_defines,time_macros /usr/bin/ccache /usr/bin/g++ -D_DEBUG -D_GLIBCXX_ASSERTIONS -D_GLIBCXX_USE_CXX11_ABI=1 -D_GNU_SOURCE -D_LIBCPP_HARDENING_MODE=_LIBCPP_HARDENING_MODE_EXTENSIVE -D__STDC_CONSTANT_MACROS -D__STDC_FORMAT_MACROS -D__STDC_LIMIT_MACROS -I/home/jtuyls/iree-ai/llvm-aie-port/build/lib/Target/AIE -I/home/jtuyls/iree-ai/llvm-aie-port/amd/aie/llvm/lib/Target/AIE -I/home/jtuyls/iree-ai/llvm-aie-port/build/include -I/home/jtuyls/iree-ai/llvm-aie-port/llvm/include -I/home/jtuyls/iree-ai/llvm-aie-port/amd/aie/llvm/include -fPIC -fno-semantic-interposition -fvisibility-inlines-hidden -Werror=date-time -Wall -Wextra -Wno-unused-parameter -Wwrite-strings -Wcast-qual -Wno-missing-field-initializers -pedantic -Wno-long-long -Wimplicit-fallthrough -Wno-uninitialized -Wno-nonnull -Wno-class-memaccess -Wno-dangling-reference -Wno-redundant-move -Wno-pessimizing-move -Wno-array-bounds -Wno-stringop-overread -Wno-dangling-pointer -Wno-noexcept-type -Wdelete-non-virtual-dtor -Wsuggest-override -Wno-comment -Wno-misleading-indentation -Wctad-maybe-unsupported -fdiagnostics-color -ffunction-sections -fdata-sections -O3 -DNDEBUG -std=c++17 -fvisibility=hidden -UNDEBUG -fno-exceptions -funwind-tables -fno-rtti -MD -MT lib/Target/AIE/CMakeFiles/LLVMAIECodeGen.dir/aie2p/AIE2PLegalizerInfo.cpp.o -MF lib/Target/AIE/CMakeFiles/LLVMAIECodeGen.dir/aie2p/AIE2PLegalizerInfo.cpp.o.d -o lib/Target/AIE/CMakeFiles/LLVMAIECodeGen.dir/aie2p/AIE2PLegalizerInfo.cpp.o -c /home/jtuyls/iree-ai/llvm-aie-port/amd/aie/llvm/lib/Target/AIE/aie2p/AIE2PLegalizerInfo.cpp
In file included from /home/jtuyls/iree-ai/llvm-aie-port/amd/aie/llvm/lib/Target/AIE/AIEBaseSubtarget.h:19,
                 from /home/jtuyls/iree-ai/llvm-aie-port/amd/aie/llvm/lib/Target/AIE/AIEBaseFrameLowering.h:18,
                 from /home/jtuyls/iree-ai/llvm-aie-port/amd/aie/llvm/lib/Target/AIE/aie2p/AIE2PFrameLowering.h:18,
                 from /home/jtuyls/iree-ai/llvm-aie-port/amd/aie/llvm/lib/Target/AIE/aie2p/AIE2PSubtarget.h:18,
                 from /home/jtuyls/iree-ai/llvm-aie-port/amd/aie/llvm/lib/Target/AIE/aie2p/AIE2PLegalizerInfo.cpp:17:
/home/jtuyls/iree-ai/llvm-aie-port/amd/aie/llvm/lib/Target/AIE/AIEBaseInstrInfo.h:24:10: fatal error: llvm/CodeGen/ResourceCycle.h: No such file or directory
   24 | #include "llvm/CodeGen/ResourceCycle.h"
      |          ^~~~~~~~~~~~~~~~~~~~~~~~~~~~~~
compilation terminated.
[171/238] Building CXX object lib/Target/AIE/CMakeFiles/LLVMAIECodeGen.dir/AIEDumpArtifacts.cpp.o
[172/238] Building CXX object lib/Target/AIE/CMakeFiles/LLVMAIECodeGen.dir/aie2ps/AIE2PSInstrInfo.cpp.o
FAILED: lib/Target/AIE/CMakeFiles/LLVMAIECodeGen.dir/aie2ps/AIE2PSInstrInfo.cpp.o 
CCACHE_CPP2=yes CCACHE_HASHDIR=yes CCACHE_SLOPPINESS=pch_defines,time_macros /usr/bin/ccache /usr/bin/g++ -D_DEBUG -D_GLIBCXX_ASSERTIONS -D_GLIBCXX_USE_CXX11_ABI=1 -D_GNU_SOURCE -D_LIBCPP_HARDENING_MODE=_LIBCPP_HARDENING_MODE_EXTENSIVE -D__STDC_CONSTANT_MACROS -D__STDC_FORMAT_MACROS -D__STDC_LIMIT_MACROS -I/home/jtuyls/iree-ai/llvm-aie-port/build/lib/Target/AIE -I/home/jtuyls/iree-ai/llvm-aie-port/amd/aie/llvm/lib/Target/AIE -I/home/jtuyls/iree-ai/llvm-aie-port/build/include -I/home/jtuyls/iree-ai/llvm-aie-port/llvm/include -I/home/jtuyls/iree-ai/llvm-aie-port/amd/aie/llvm/include -fPIC -fno-semantic-interposition -fvisibility-inlines-hidden -Werror=date-time -Wall -Wextra -Wno-unused-parameter -Wwrite-strings -Wcast-qual -Wno-missing-field-initializers -pedantic -Wno-long-long -Wimplicit-fallthrough -Wno-uninitialized -Wno-nonnull -Wno-class-memaccess -Wno-dangling-reference -Wno-redundant-move -Wno-pessimizing-move -Wno-array-bounds -Wno-stringop-overread -Wno-dangling-pointer -Wno-noexcept-type -Wdelete-non-virtual-dtor -Wsuggest-override -Wno-comment -Wno-misleading-indentation -Wctad-maybe-unsupported -fdiagnostics-color -ffunction-sections -fdata-sections -O3 -DNDEBUG -std=c++17 -fvisibility=hidden -UNDEBUG -fno-exceptions -funwind-tables -fno-rtti -MD -MT lib/Target/AIE/CMakeFiles/LLVMAIECodeGen.dir/aie2ps/AIE2PSInstrInfo.cpp.o -MF lib/Target/AIE/CMakeFiles/LLVMAIECodeGen.dir/aie2ps/AIE2PSInstrInfo.cpp.o.d -o lib/Target/AIE/CMakeFiles/LLVMAIECodeGen.dir/aie2ps/AIE2PSInstrInfo.cpp.o -c /home/jtuyls/iree-ai/llvm-aie-port/amd/aie/llvm/lib/Target/AIE/aie2ps/AIE2PSInstrInfo.cpp
In file included from /home/jtuyls/iree-ai/llvm-aie-port/amd/aie/llvm/lib/Target/AIE/aie2ps/AIE2PSInstrInfo.h:20,
                 from /home/jtuyls/iree-ai/llvm-aie-port/amd/aie/llvm/lib/Target/AIE/aie2ps/AIE2PSInstrInfo.cpp:16:
/home/jtuyls/iree-ai/llvm-aie-port/amd/aie/llvm/lib/Target/AIE/AIEBaseInstrInfo.h:24:10: fatal error: llvm/CodeGen/ResourceCycle.h: No such file or directory
   24 | #include "llvm/CodeGen/ResourceCycle.h"
      |          ^~~~~~~~~~~~~~~~~~~~~~~~~~~~~~
compilation terminated.
[173/238] Building CXX object lib/Target/AIE/CMakeFiles/LLVMAIECodeGen.dir/aie2ps/AIE2PSPostLegalizerGenericCombiner.cpp.o
FAILED: lib/Target/AIE/CMakeFiles/LLVMAIECodeGen.dir/aie2ps/AIE2PSPostLegalizerGenericCombiner.cpp.o 
CCACHE_CPP2=yes CCACHE_HASHDIR=yes CCACHE_SLOPPINESS=pch_defines,time_macros /usr/bin/ccache /usr/bin/g++ -D_DEBUG -D_GLIBCXX_ASSERTIONS -D_GLIBCXX_USE_CXX11_ABI=1 -D_GNU_SOURCE -D_LIBCPP_HARDENING_MODE=_LIBCPP_HARDENING_MODE_EXTENSIVE -D__STDC_CONSTANT_MACROS -D__STDC_FORMAT_MACROS -D__STDC_LIMIT_MACROS -I/home/jtuyls/iree-ai/llvm-aie-port/build/lib/Target/AIE -I/home/jtuyls/iree-ai/llvm-aie-port/amd/aie/llvm/lib/Target/AIE -I/home/jtuyls/iree-ai/llvm-aie-port/build/include -I/home/jtuyls/iree-ai/llvm-aie-port/llvm/include -I/home/jtuyls/iree-ai/llvm-aie-port/amd/aie/llvm/include -fPIC -fno-semantic-interposition -fvisibility-inlines-hidden -Werror=date-time -Wall -Wextra -Wno-unused-parameter -Wwrite-strings -Wcast-qual -Wno-missing-field-initializers -pedantic -Wno-long-long -Wimplicit-fallthrough -Wno-uninitialized -Wno-nonnull -Wno-class-memaccess -Wno-dangling-reference -Wno-redundant-move -Wno-pessimizing-move -Wno-array-bounds -Wno-stringop-overread -Wno-dangling-pointer -Wno-noexcept-type -Wdelete-non-virtual-dtor -Wsuggest-override -Wno-comment -Wno-misleading-indentation -Wctad-maybe-unsupported -fdiagnostics-color -ffunction-sections -fdata-sections -O3 -DNDEBUG -std=c++17 -fvisibility=hidden -UNDEBUG -fno-exceptions -funwind-tables -fno-rtti -MD -MT lib/Target/AIE/CMakeFiles/LLVMAIECodeGen.dir/aie2ps/AIE2PSPostLegalizerGenericCombiner.cpp.o -MF lib/Target/AIE/CMakeFiles/LLVMAIECodeGen.dir/aie2ps/AIE2PSPostLegalizerGenericCombiner.cpp.o.d -o lib/Target/AIE/CMakeFiles/LLVMAIECodeGen.dir/aie2ps/AIE2PSPostLegalizerGenericCombiner.cpp.o -c /home/jtuyls/iree-ai/llvm-aie-port/amd/aie/llvm/lib/Target/AIE/aie2ps/AIE2PSPostLegalizerGenericCombiner.cpp
In file included from /home/jtuyls/iree-ai/llvm-aie-port/amd/aie/llvm/lib/Target/AIE/AIEBaseSubtarget.h:19,
                 from /home/jtuyls/iree-ai/llvm-aie-port/amd/aie/llvm/lib/Target/AIE/AIECombinerBase.h:14,
                 from /home/jtuyls/iree-ai/llvm-aie-port/amd/aie/llvm/lib/Target/AIE/aie2ps/AIE2PSPostLegalizerGenericCombiner.cpp:16:
/home/jtuyls/iree-ai/llvm-aie-port/amd/aie/llvm/lib/Target/AIE/AIEBaseInstrInfo.h:24:10: fatal error: llvm/CodeGen/ResourceCycle.h: No such file or directory
   24 | #include "llvm/CodeGen/ResourceCycle.h"
      |          ^~~~~~~~~~~~~~~~~~~~~~~~~~~~~~
compilation terminated.
[174/238] Building CXX object lib/Target/AIE/CMakeFiles/LLVMAIECodeGen.dir/aie2ps/AIE2PSPostLegalizerFinalCombiner.cpp.o
FAILED: lib/Target/AIE/CMakeFiles/LLVMAIECodeGen.dir/aie2ps/AIE2PSPostLegalizerFinalCombiner.cpp.o 
CCACHE_CPP2=yes CCACHE_HASHDIR=yes CCACHE_SLOPPINESS=pch_defines,time_macros /usr/bin/ccache /usr/bin/g++ -D_DEBUG -D_GLIBCXX_ASSERTIONS -D_GLIBCXX_USE_CXX11_ABI=1 -D_GNU_SOURCE -D_LIBCPP_HARDENING_MODE=_LIBCPP_HARDENING_MODE_EXTENSIVE -D__STDC_CONSTANT_MACROS -D__STDC_FORMAT_MACROS -D__STDC_LIMIT_MACROS -I/home/jtuyls/iree-ai/llvm-aie-port/build/lib/Target/AIE -I/home/jtuyls/iree-ai/llvm-aie-port/amd/aie/llvm/lib/Target/AIE -I/home/jtuyls/iree-ai/llvm-aie-port/build/include -I/home/jtuyls/iree-ai/llvm-aie-port/llvm/include -I/home/jtuyls/iree-ai/llvm-aie-port/amd/aie/llvm/include -fPIC -fno-semantic-interposition -fvisibility-inlines-hidden -Werror=date-time -Wall -Wextra -Wno-unused-parameter -Wwrite-strings -Wcast-qual -Wno-missing-field-initializers -pedantic -Wno-long-long -Wimplicit-fallthrough -Wno-uninitialized -Wno-nonnull -Wno-class-memaccess -Wno-dangling-reference -Wno-redundant-move -Wno-pessimizing-move -Wno-array-bounds -Wno-stringop-overread -Wno-dangling-pointer -Wno-noexcept-type -Wdelete-non-virtual-dtor -Wsuggest-override -Wno-comment -Wno-misleading-indentation -Wctad-maybe-unsupported -fdiagnostics-color -ffunction-sections -fdata-sections -O3 -DNDEBUG -std=c++17 -fvisibility=hidden -UNDEBUG -fno-exceptions -funwind-tables -fno-rtti -MD -MT lib/Target/AIE/CMakeFiles/LLVMAIECodeGen.dir/aie2ps/AIE2PSPostLegalizerFinalCombiner.cpp.o -MF lib/Target/AIE/CMakeFiles/LLVMAIECodeGen.dir/aie2ps/AIE2PSPostLegalizerFinalCombiner.cpp.o.d -o lib/Target/AIE/CMakeFiles/LLVMAIECodeGen.dir/aie2ps/AIE2PSPostLegalizerFinalCombiner.cpp.o -c /home/jtuyls/iree-ai/llvm-aie-port/amd/aie/llvm/lib/Target/AIE/aie2ps/AIE2PSPostLegalizerFinalCombiner.cpp
In file included from /home/jtuyls/iree-ai/llvm-aie-port/amd/aie/llvm/lib/Target/AIE/AIEBaseSubtarget.h:19,
                 from /home/jtuyls/iree-ai/llvm-aie-port/amd/aie/llvm/lib/Target/AIE/AIECombinerBase.h:14,
                 from /home/jtuyls/iree-ai/llvm-aie-port/amd/aie/llvm/lib/Target/AIE/aie2ps/AIE2PSPostLegalizerFinalCombiner.cpp:17:
/home/jtuyls/iree-ai/llvm-aie-port/amd/aie/llvm/lib/Target/AIE/AIEBaseInstrInfo.h:24:10: fatal error: llvm/CodeGen/ResourceCycle.h: No such file or directory
   24 | #include "llvm/CodeGen/ResourceCycle.h"
      |          ^~~~~~~~~~~~~~~~~~~~~~~~~~~~~~
compilation terminated.
[175/238] Building CXX object lib/Target/AIE/CMakeFiles/LLVMAIECodeGen.dir/aie2ps/AIE2PSPreLegalizerCombiner.cpp.o
FAILED: lib/Target/AIE/CMakeFiles/LLVMAIECodeGen.dir/aie2ps/AIE2PSPreLegalizerCombiner.cpp.o 
CCACHE_CPP2=yes CCACHE_HASHDIR=yes CCACHE_SLOPPINESS=pch_defines,time_macros /usr/bin/ccache /usr/bin/g++ -D_DEBUG -D_GLIBCXX_ASSERTIONS -D_GLIBCXX_USE_CXX11_ABI=1 -D_GNU_SOURCE -D_LIBCPP_HARDENING_MODE=_LIBCPP_HARDENING_MODE_EXTENSIVE -D__STDC_CONSTANT_MACROS -D__STDC_FORMAT_MACROS -D__STDC_LIMIT_MACROS -I/home/jtuyls/iree-ai/llvm-aie-port/build/lib/Target/AIE -I/home/jtuyls/iree-ai/llvm-aie-port/amd/aie/llvm/lib/Target/AIE -I/home/jtuyls/iree-ai/llvm-aie-port/build/include -I/home/jtuyls/iree-ai/llvm-aie-port/llvm/include -I/home/jtuyls/iree-ai/llvm-aie-port/amd/aie/llvm/include -fPIC -fno-semantic-interposition -fvisibility-inlines-hidden -Werror=date-time -Wall -Wextra -Wno-unused-parameter -Wwrite-strings -Wcast-qual -Wno-missing-field-initializers -pedantic -Wno-long-long -Wimplicit-fallthrough -Wno-uninitialized -Wno-nonnull -Wno-class-memaccess -Wno-dangling-reference -Wno-redundant-move -Wno-pessimizing-move -Wno-array-bounds -Wno-stringop-overread -Wno-dangling-pointer -Wno-noexcept-type -Wdelete-non-virtual-dtor -Wsuggest-override -Wno-comment -Wno-misleading-indentation -Wctad-maybe-unsupported -fdiagnostics-color -ffunction-sections -fdata-sections -O3 -DNDEBUG -std=c++17 -fvisibility=hidden -UNDEBUG -fno-exceptions -funwind-tables -fno-rtti -MD -MT lib/Target/AIE/CMakeFiles/LLVMAIECodeGen.dir/aie2ps/AIE2PSPreLegalizerCombiner.cpp.o -MF lib/Target/AIE/CMakeFiles/LLVMAIECodeGen.dir/aie2ps/AIE2PSPreLegalizerCombiner.cpp.o.d -o lib/Target/AIE/CMakeFiles/LLVMAIECodeGen.dir/aie2ps/AIE2PSPreLegalizerCombiner.cpp.o -c /home/jtuyls/iree-ai/llvm-aie-port/amd/aie/llvm/lib/Target/AIE/aie2ps/AIE2PSPreLegalizerCombiner.cpp
In file included from /home/jtuyls/iree-ai/llvm-aie-port/amd/aie/llvm/lib/Target/AIE/AIEBaseSubtarget.h:19,
                 from /home/jtuyls/iree-ai/llvm-aie-port/amd/aie/llvm/lib/Target/AIE/AIECombinerBase.h:14,
                 from /home/jtuyls/iree-ai/llvm-aie-port/amd/aie/llvm/lib/Target/AIE/aie2ps/AIE2PSPreLegalizerCombiner.cpp:15:
/home/jtuyls/iree-ai/llvm-aie-port/amd/aie/llvm/lib/Target/AIE/AIEBaseInstrInfo.h:24:10: fatal error: llvm/CodeGen/ResourceCycle.h: No such file or directory
   24 | #include "llvm/CodeGen/ResourceCycle.h"
      |          ^~~~~~~~~~~~~~~~~~~~~~~~~~~~~~
compilation terminated.
[176/238] Building CXX object lib/Target/AIE/CMakeFiles/LLVMAIECodeGen.dir/aie2p/AIE2PISelLowering.cpp.o
FAILED: lib/Target/AIE/CMakeFiles/LLVMAIECodeGen.dir/aie2p/AIE2PISelLowering.cpp.o 
CCACHE_CPP2=yes CCACHE_HASHDIR=yes CCACHE_SLOPPINESS=pch_defines,time_macros /usr/bin/ccache /usr/bin/g++ -D_DEBUG -D_GLIBCXX_ASSERTIONS -D_GLIBCXX_USE_CXX11_ABI=1 -D_GNU_SOURCE -D_LIBCPP_HARDENING_MODE=_LIBCPP_HARDENING_MODE_EXTENSIVE -D__STDC_CONSTANT_MACROS -D__STDC_FORMAT_MACROS -D__STDC_LIMIT_MACROS -I/home/jtuyls/iree-ai/llvm-aie-port/build/lib/Target/AIE -I/home/jtuyls/iree-ai/llvm-aie-port/amd/aie/llvm/lib/Target/AIE -I/home/jtuyls/iree-ai/llvm-aie-port/build/include -I/home/jtuyls/iree-ai/llvm-aie-port/llvm/include -I/home/jtuyls/iree-ai/llvm-aie-port/amd/aie/llvm/include -fPIC -fno-semantic-interposition -fvisibility-inlines-hidden -Werror=date-time -Wall -Wextra -Wno-unused-parameter -Wwrite-strings -Wcast-qual -Wno-missing-field-initializers -pedantic -Wno-long-long -Wimplicit-fallthrough -Wno-uninitialized -Wno-nonnull -Wno-class-memaccess -Wno-dangling-reference -Wno-redundant-move -Wno-pessimizing-move -Wno-array-bounds -Wno-stringop-overread -Wno-dangling-pointer -Wno-noexcept-type -Wdelete-non-virtual-dtor -Wsuggest-override -Wno-comment -Wno-misleading-indentation -Wctad-maybe-unsupported -fdiagnostics-color -ffunction-sections -fdata-sections -O3 -DNDEBUG -std=c++17 -fvisibility=hidden -UNDEBUG -fno-exceptions -funwind-tables -fno-rtti -MD -MT lib/Target/AIE/CMakeFiles/LLVMAIECodeGen.dir/aie2p/AIE2PISelLowering.cpp.o -MF lib/Target/AIE/CMakeFiles/LLVMAIECodeGen.dir/aie2p/AIE2PISelLowering.cpp.o.d -o lib/Target/AIE/CMakeFiles/LLVMAIECodeGen.dir/aie2p/AIE2PISelLowering.cpp.o -c /home/jtuyls/iree-ai/llvm-aie-port/amd/aie/llvm/lib/Target/AIE/aie2p/AIE2PISelLowering.cpp
In file included from /home/jtuyls/iree-ai/llvm-aie-port/amd/aie/llvm/lib/Target/AIE/AIEBaseSubtarget.h:19,
                 from /home/jtuyls/iree-ai/llvm-aie-port/amd/aie/llvm/lib/Target/AIE/aie2p/AIE2PISelLowering.cpp:16:
/home/jtuyls/iree-ai/llvm-aie-port/amd/aie/llvm/lib/Target/AIE/AIEBaseInstrInfo.h:24:10: fatal error: llvm/CodeGen/ResourceCycle.h: No such file or directory
   24 | #include "llvm/CodeGen/ResourceCycle.h"
      |          ^~~~~~~~~~~~~~~~~~~~~~~~~~~~~~
compilation terminated.
[177/238] Building CXX object lib/Target/AIE/CMakeFiles/LLVMAIECodeGen.dir/AIEMachineFunctionInfo.cpp.o
[178/238] Building CXX object lib/Target/AIE/CMakeFiles/LLVMAIECodeGen.dir/aie2ps/AIE2PSLegalizerInfo.cpp.o
FAILED: lib/Target/AIE/CMakeFiles/LLVMAIECodeGen.dir/aie2ps/AIE2PSLegalizerInfo.cpp.o 
CCACHE_CPP2=yes CCACHE_HASHDIR=yes CCACHE_SLOPPINESS=pch_defines,time_macros /usr/bin/ccache /usr/bin/g++ -D_DEBUG -D_GLIBCXX_ASSERTIONS -D_GLIBCXX_USE_CXX11_ABI=1 -D_GNU_SOURCE -D_LIBCPP_HARDENING_MODE=_LIBCPP_HARDENING_MODE_EXTENSIVE -D__STDC_CONSTANT_MACROS -D__STDC_FORMAT_MACROS -D__STDC_LIMIT_MACROS -I/home/jtuyls/iree-ai/llvm-aie-port/build/lib/Target/AIE -I/home/jtuyls/iree-ai/llvm-aie-port/amd/aie/llvm/lib/Target/AIE -I/home/jtuyls/iree-ai/llvm-aie-port/build/include -I/home/jtuyls/iree-ai/llvm-aie-port/llvm/include -I/home/jtuyls/iree-ai/llvm-aie-port/amd/aie/llvm/include -fPIC -fno-semantic-interposition -fvisibility-inlines-hidden -Werror=date-time -Wall -Wextra -Wno-unused-parameter -Wwrite-strings -Wcast-qual -Wno-missing-field-initializers -pedantic -Wno-long-long -Wimplicit-fallthrough -Wno-uninitialized -Wno-nonnull -Wno-class-memaccess -Wno-dangling-reference -Wno-redundant-move -Wno-pessimizing-move -Wno-array-bounds -Wno-stringop-overread -Wno-dangling-pointer -Wno-noexcept-type -Wdelete-non-virtual-dtor -Wsuggest-override -Wno-comment -Wno-misleading-indentation -Wctad-maybe-unsupported -fdiagnostics-color -ffunction-sections -fdata-sections -O3 -DNDEBUG -std=c++17 -fvisibility=hidden -UNDEBUG -fno-exceptions -funwind-tables -fno-rtti -MD -MT lib/Target/AIE/CMakeFiles/LLVMAIECodeGen.dir/aie2ps/AIE2PSLegalizerInfo.cpp.o -MF lib/Target/AIE/CMakeFiles/LLVMAIECodeGen.dir/aie2ps/AIE2PSLegalizerInfo.cpp.o.d -o lib/Target/AIE/CMakeFiles/LLVMAIECodeGen.dir/aie2ps/AIE2PSLegalizerInfo.cpp.o -c /home/jtuyls/iree-ai/llvm-aie-port/amd/aie/llvm/lib/Target/AIE/aie2ps/AIE2PSLegalizerInfo.cpp
In file included from /home/jtuyls/iree-ai/llvm-aie-port/amd/aie/llvm/lib/Target/AIE/AIEBaseSubtarget.h:19,
                 from /home/jtuyls/iree-ai/llvm-aie-port/amd/aie/llvm/lib/Target/AIE/AIEBaseFrameLowering.h:18,
                 from /home/jtuyls/iree-ai/llvm-aie-port/amd/aie/llvm/lib/Target/AIE/aie2ps/AIE2PSFrameLowering.h:18,
                 from /home/jtuyls/iree-ai/llvm-aie-port/amd/aie/llvm/lib/Target/AIE/aie2ps/AIE2PSSubtarget.h:18,
                 from /home/jtuyls/iree-ai/llvm-aie-port/amd/aie/llvm/lib/Target/AIE/aie2ps/AIE2PSLegalizerInfo.cpp:17:
/home/jtuyls/iree-ai/llvm-aie-port/amd/aie/llvm/lib/Target/AIE/AIEBaseInstrInfo.h:24:10: fatal error: llvm/CodeGen/ResourceCycle.h: No such file or directory
   24 | #include "llvm/CodeGen/ResourceCycle.h"
      |          ^~~~~~~~~~~~~~~~~~~~~~~~~~~~~~
compilation terminated.
[179/238] Building CXX object lib/Target/AIE/InstPrinter/CMakeFiles/LLVMAIEAsmPrinter.dir/AIEInstPrinter.cpp.o
FAILED: lib/Target/AIE/InstPrinter/CMakeFiles/LLVMAIEAsmPrinter.dir/AIEInstPrinter.cpp.o 
CCACHE_CPP2=yes CCACHE_HASHDIR=yes CCACHE_SLOPPINESS=pch_defines,time_macros /usr/bin/ccache /usr/bin/g++ -D_DEBUG -D_GLIBCXX_ASSERTIONS -D_GLIBCXX_USE_CXX11_ABI=1 -D_GNU_SOURCE -D_LIBCPP_HARDENING_MODE=_LIBCPP_HARDENING_MODE_EXTENSIVE -D__STDC_CONSTANT_MACROS -D__STDC_FORMAT_MACROS -D__STDC_LIMIT_MACROS -I/home/jtuyls/iree-ai/llvm-aie-port/build/lib/Target/AIE/InstPrinter -I/home/jtuyls/iree-ai/llvm-aie-port/amd/aie/llvm/lib/Target/AIE/InstPrinter -I/home/jtuyls/iree-ai/llvm-aie-port/amd/aie/llvm/lib/Target/AIE -I/home/jtuyls/iree-ai/llvm-aie-port/build/lib/Target/AIE -I/home/jtuyls/iree-ai/llvm-aie-port/build/include -I/home/jtuyls/iree-ai/llvm-aie-port/llvm/include -I/home/jtuyls/iree-ai/llvm-aie-port/amd/aie/llvm/include -fPIC -fno-semantic-interposition -fvisibility-inlines-hidden -Werror=date-time -Wall -Wextra -Wno-unused-parameter -Wwrite-strings -Wcast-qual -Wno-missing-field-initializers -pedantic -Wno-long-long -Wimplicit-fallthrough -Wno-uninitialized -Wno-nonnull -Wno-class-memaccess -Wno-dangling-reference -Wno-redundant-move -Wno-pessimizing-move -Wno-array-bounds -Wno-stringop-overread -Wno-dangling-pointer -Wno-noexcept-type -Wdelete-non-virtual-dtor -Wsuggest-override -Wno-comment -Wno-misleading-indentation -Wctad-maybe-unsupported -fdiagnostics-color -ffunction-sections -fdata-sections -O3 -DNDEBUG -std=c++17 -fvisibility=hidden -UNDEBUG -fno-exceptions -funwind-tables -fno-rtti -MD -MT lib/Target/AIE/InstPrinter/CMakeFiles/LLVMAIEAsmPrinter.dir/AIEInstPrinter.cpp.o -MF lib/Target/AIE/InstPrinter/CMakeFiles/LLVMAIEAsmPrinter.dir/AIEInstPrinter.cpp.o.d -o lib/Target/AIE/InstPrinter/CMakeFiles/LLVMAIEAsmPrinter.dir/AIEInstPrinter.cpp.o -c /home/jtuyls/iree-ai/llvm-aie-port/amd/aie/llvm/lib/Target/AIE/InstPrinter/AIEInstPrinter.cpp
In file included from /home/jtuyls/iree-ai/llvm-aie-port/amd/aie/llvm/lib/Target/AIE/aie1/AIE1InstrInfo.h:20,
                 from /home/jtuyls/iree-ai/llvm-aie-port/amd/aie/llvm/lib/Target/AIE/InstPrinter/AIEInstPrinter.cpp:17:
/home/jtuyls/iree-ai/llvm-aie-port/amd/aie/llvm/lib/Target/AIE/AIEBaseInstrInfo.h:24:10: fatal error: llvm/CodeGen/ResourceCycle.h: No such file or directory
   24 | #include "llvm/CodeGen/ResourceCycle.h"
      |          ^~~~~~~~~~~~~~~~~~~~~~~~~~~~~~
compilation terminated.
[180/238] Building CXX object lib/Target/AIE/MCTargetDesc/CMakeFiles/LLVMAIEDesc.dir/AIEBaseAsmBackend.cpp.o
FAILED: lib/Target/AIE/MCTargetDesc/CMakeFiles/LLVMAIEDesc.dir/AIEBaseAsmBackend.cpp.o 
CCACHE_CPP2=yes CCACHE_HASHDIR=yes CCACHE_SLOPPINESS=pch_defines,time_macros /usr/bin/ccache /usr/bin/g++ -D_DEBUG -D_GLIBCXX_ASSERTIONS -D_GLIBCXX_USE_CXX11_ABI=1 -D_GNU_SOURCE -D_LIBCPP_HARDENING_MODE=_LIBCPP_HARDENING_MODE_EXTENSIVE -D__STDC_CONSTANT_MACROS -D__STDC_FORMAT_MACROS -D__STDC_LIMIT_MACROS -I/home/jtuyls/iree-ai/llvm-aie-port/build/lib/Target/AIE/MCTargetDesc -I/home/jtuyls/iree-ai/llvm-aie-port/amd/aie/llvm/lib/Target/AIE/MCTargetDesc -I/home/jtuyls/iree-ai/llvm-aie-port/amd/aie/llvm/lib/Target/AIE -I/home/jtuyls/iree-ai/llvm-aie-port/build/lib/Target/AIE -I/home/jtuyls/iree-ai/llvm-aie-port/build/include -I/home/jtuyls/iree-ai/llvm-aie-port/llvm/include -I/home/jtuyls/iree-ai/llvm-aie-port/amd/aie/llvm/include -fPIC -fno-semantic-interposition -fvisibility-inlines-hidden -Werror=date-time -Wall -Wextra -Wno-unused-parameter -Wwrite-strings -Wcast-qual -Wno-missing-field-initializers -pedantic -Wno-long-long -Wimplicit-fallthrough -Wno-uninitialized -Wno-nonnull -Wno-class-memaccess -Wno-dangling-reference -Wno-redundant-move -Wno-pessimizing-move -Wno-array-bounds -Wno-stringop-overread -Wno-dangling-pointer -Wno-noexcept-type -Wdelete-non-virtual-dtor -Wsuggest-override -Wno-comment -Wno-misleading-indentation -Wctad-maybe-unsupported -fdiagnostics-color -ffunction-sections -fdata-sections -O3 -DNDEBUG -std=c++17 -fvisibility=hidden -UNDEBUG -fno-exceptions -funwind-tables -fno-rtti -MD -MT lib/Target/AIE/MCTargetDesc/CMakeFiles/LLVMAIEDesc.dir/AIEBaseAsmBackend.cpp.o -MF lib/Target/AIE/MCTargetDesc/CMakeFiles/LLVMAIEDesc.dir/AIEBaseAsmBackend.cpp.o.d -o lib/Target/AIE/MCTargetDesc/CMakeFiles/LLVMAIEDesc.dir/AIEBaseAsmBackend.cpp.o -c /home/jtuyls/iree-ai/llvm-aie-port/amd/aie/llvm/lib/Target/AIE/MCTargetDesc/AIEBaseAsmBackend.cpp
In file included from /home/jtuyls/iree-ai/llvm-aie-port/amd/aie/llvm/lib/Target/AIE/MCTargetDesc/AIEBaseAsmBackend.h:14,
                 from /home/jtuyls/iree-ai/llvm-aie-port/amd/aie/llvm/lib/Target/AIE/MCTargetDesc/AIEBaseAsmBackend.cpp:11:
/home/jtuyls/iree-ai/llvm-aie-port/amd/aie/llvm/lib/Target/AIE/MCTargetDesc/AIEMCFixupKinds.h:18:10: fatal error: llvm/MC/MCFixupKindInfo.h: No such file or directory
   18 | #include "llvm/MC/MCFixupKindInfo.h"
      |          ^~~~~~~~~~~~~~~~~~~~~~~~~~~
compilation terminated.
[181/238] Building CXX object lib/Target/AIE/InstPrinter/CMakeFiles/LLVMAIEAsmPrinter.dir/AIE2InstPrinter.cpp.o
FAILED: lib/Target/AIE/InstPrinter/CMakeFiles/LLVMAIEAsmPrinter.dir/AIE2InstPrinter.cpp.o 
CCACHE_CPP2=yes CCACHE_HASHDIR=yes CCACHE_SLOPPINESS=pch_defines,time_macros /usr/bin/ccache /usr/bin/g++ -D_DEBUG -D_GLIBCXX_ASSERTIONS -D_GLIBCXX_USE_CXX11_ABI=1 -D_GNU_SOURCE -D_LIBCPP_HARDENING_MODE=_LIBCPP_HARDENING_MODE_EXTENSIVE -D__STDC_CONSTANT_MACROS -D__STDC_FORMAT_MACROS -D__STDC_LIMIT_MACROS -I/home/jtuyls/iree-ai/llvm-aie-port/build/lib/Target/AIE/InstPrinter -I/home/jtuyls/iree-ai/llvm-aie-port/amd/aie/llvm/lib/Target/AIE/InstPrinter -I/home/jtuyls/iree-ai/llvm-aie-port/amd/aie/llvm/lib/Target/AIE -I/home/jtuyls/iree-ai/llvm-aie-port/build/lib/Target/AIE -I/home/jtuyls/iree-ai/llvm-aie-port/build/include -I/home/jtuyls/iree-ai/llvm-aie-port/llvm/include -I/home/jtuyls/iree-ai/llvm-aie-port/amd/aie/llvm/include -fPIC -fno-semantic-interposition -fvisibility-inlines-hidden -Werror=date-time -Wall -Wextra -Wno-unused-parameter -Wwrite-strings -Wcast-qual -Wno-missing-field-initializers -pedantic -Wno-long-long -Wimplicit-fallthrough -Wno-uninitialized -Wno-nonnull -Wno-class-memaccess -Wno-dangling-reference -Wno-redundant-move -Wno-pessimizing-move -Wno-array-bounds -Wno-stringop-overread -Wno-dangling-pointer -Wno-noexcept-type -Wdelete-non-virtual-dtor -Wsuggest-override -Wno-comment -Wno-misleading-indentation -Wctad-maybe-unsupported -fdiagnostics-color -ffunction-sections -fdata-sections -O3 -DNDEBUG -std=c++17 -fvisibility=hidden -UNDEBUG -fno-exceptions -funwind-tables -fno-rtti -MD -MT lib/Target/AIE/InstPrinter/CMakeFiles/LLVMAIEAsmPrinter.dir/AIE2InstPrinter.cpp.o -MF lib/Target/AIE/InstPrinter/CMakeFiles/LLVMAIEAsmPrinter.dir/AIE2InstPrinter.cpp.o.d -o lib/Target/AIE/InstPrinter/CMakeFiles/LLVMAIEAsmPrinter.dir/AIE2InstPrinter.cpp.o -c /home/jtuyls/iree-ai/llvm-aie-port/amd/aie/llvm/lib/Target/AIE/InstPrinter/AIE2InstPrinter.cpp
In file included from /home/jtuyls/iree-ai/llvm-aie-port/amd/aie/llvm/lib/Target/AIE/AIE2InstrInfo.h:21,
                 from /home/jtuyls/iree-ai/llvm-aie-port/amd/aie/llvm/lib/Target/AIE/InstPrinter/AIE2InstPrinter.cpp:16:
/home/jtuyls/iree-ai/llvm-aie-port/amd/aie/llvm/lib/Target/AIE/AIEBaseInstrInfo.h:24:10: fatal error: llvm/CodeGen/ResourceCycle.h: No such file or directory
   24 | #include "llvm/CodeGen/ResourceCycle.h"
      |          ^~~~~~~~~~~~~~~~~~~~~~~~~~~~~~
compilation terminated.
[182/238] Building CXX object lib/Target/AIE/MCTargetDesc/CMakeFiles/LLVMAIEDesc.dir/AIE2AsmBackend.cpp.o
FAILED: lib/Target/AIE/MCTargetDesc/CMakeFiles/LLVMAIEDesc.dir/AIE2AsmBackend.cpp.o 
CCACHE_CPP2=yes CCACHE_HASHDIR=yes CCACHE_SLOPPINESS=pch_defines,time_macros /usr/bin/ccache /usr/bin/g++ -D_DEBUG -D_GLIBCXX_ASSERTIONS -D_GLIBCXX_USE_CXX11_ABI=1 -D_GNU_SOURCE -D_LIBCPP_HARDENING_MODE=_LIBCPP_HARDENING_MODE_EXTENSIVE -D__STDC_CONSTANT_MACROS -D__STDC_FORMAT_MACROS -D__STDC_LIMIT_MACROS -I/home/jtuyls/iree-ai/llvm-aie-port/build/lib/Target/AIE/MCTargetDesc -I/home/jtuyls/iree-ai/llvm-aie-port/amd/aie/llvm/lib/Target/AIE/MCTargetDesc -I/home/jtuyls/iree-ai/llvm-aie-port/amd/aie/llvm/lib/Target/AIE -I/home/jtuyls/iree-ai/llvm-aie-port/build/lib/Target/AIE -I/home/jtuyls/iree-ai/llvm-aie-port/build/include -I/home/jtuyls/iree-ai/llvm-aie-port/llvm/include -I/home/jtuyls/iree-ai/llvm-aie-port/amd/aie/llvm/include -fPIC -fno-semantic-interposition -fvisibility-inlines-hidden -Werror=date-time -Wall -Wextra -Wno-unused-parameter -Wwrite-strings -Wcast-qual -Wno-missing-field-initializers -pedantic -Wno-long-long -Wimplicit-fallthrough -Wno-uninitialized -Wno-nonnull -Wno-class-memaccess -Wno-dangling-reference -Wno-redundant-move -Wno-pessimizing-move -Wno-array-bounds -Wno-stringop-overread -Wno-dangling-pointer -Wno-noexcept-type -Wdelete-non-virtual-dtor -Wsuggest-override -Wno-comment -Wno-misleading-indentation -Wctad-maybe-unsupported -fdiagnostics-color -ffunction-sections -fdata-sections -O3 -DNDEBUG -std=c++17 -fvisibility=hidden -UNDEBUG -fno-exceptions -funwind-tables -fno-rtti -MD -MT lib/Target/AIE/MCTargetDesc/CMakeFiles/LLVMAIEDesc.dir/AIE2AsmBackend.cpp.o -MF lib/Target/AIE/MCTargetDesc/CMakeFiles/LLVMAIEDesc.dir/AIE2AsmBackend.cpp.o.d -o lib/Target/AIE/MCTargetDesc/CMakeFiles/LLVMAIEDesc.dir/AIE2AsmBackend.cpp.o -c /home/jtuyls/iree-ai/llvm-aie-port/amd/aie/llvm/lib/Target/AIE/MCTargetDesc/AIE2AsmBackend.cpp
In file included from /home/jtuyls/iree-ai/llvm-aie-port/amd/aie/llvm/lib/Target/AIE/MCTargetDesc/AIE2MCFixupKinds.h:14,
                 from /home/jtuyls/iree-ai/llvm-aie-port/amd/aie/llvm/lib/Target/AIE/MCTargetDesc/AIE2AsmBackend.h:14,
                 from /home/jtuyls/iree-ai/llvm-aie-port/amd/aie/llvm/lib/Target/AIE/MCTargetDesc/AIE2AsmBackend.cpp:11:
/home/jtuyls/iree-ai/llvm-aie-port/amd/aie/llvm/lib/Target/AIE/MCTargetDesc/AIEMCFixupKinds.h:18:10: fatal error: llvm/MC/MCFixupKindInfo.h: No such file or directory
   18 | #include "llvm/MC/MCFixupKindInfo.h"
      |          ^~~~~~~~~~~~~~~~~~~~~~~~~~~
compilation terminated.
[183/238] Building CXX object lib/Target/AIE/MCTargetDesc/CMakeFiles/LLVMAIEDesc.dir/AIE1AsmBackend.cpp.o
FAILED: lib/Target/AIE/MCTargetDesc/CMakeFiles/LLVMAIEDesc.dir/AIE1AsmBackend.cpp.o 
CCACHE_CPP2=yes CCACHE_HASHDIR=yes CCACHE_SLOPPINESS=pch_defines,time_macros /usr/bin/ccache /usr/bin/g++ -D_DEBUG -D_GLIBCXX_ASSERTIONS -D_GLIBCXX_USE_CXX11_ABI=1 -D_GNU_SOURCE -D_LIBCPP_HARDENING_MODE=_LIBCPP_HARDENING_MODE_EXTENSIVE -D__STDC_CONSTANT_MACROS -D__STDC_FORMAT_MACROS -D__STDC_LIMIT_MACROS -I/home/jtuyls/iree-ai/llvm-aie-port/build/lib/Target/AIE/MCTargetDesc -I/home/jtuyls/iree-ai/llvm-aie-port/amd/aie/llvm/lib/Target/AIE/MCTargetDesc -I/home/jtuyls/iree-ai/llvm-aie-port/amd/aie/llvm/lib/Target/AIE -I/home/jtuyls/iree-ai/llvm-aie-port/build/lib/Target/AIE -I/home/jtuyls/iree-ai/llvm-aie-port/build/include -I/home/jtuyls/iree-ai/llvm-aie-port/llvm/include -I/home/jtuyls/iree-ai/llvm-aie-port/amd/aie/llvm/include -fPIC -fno-semantic-interposition -fvisibility-inlines-hidden -Werror=date-time -Wall -Wextra -Wno-unused-parameter -Wwrite-strings -Wcast-qual -Wno-missing-field-initializers -pedantic -Wno-long-long -Wimplicit-fallthrough -Wno-uninitialized -Wno-nonnull -Wno-class-memaccess -Wno-dangling-reference -Wno-redundant-move -Wno-pessimizing-move -Wno-array-bounds -Wno-stringop-overread -Wno-dangling-pointer -Wno-noexcept-type -Wdelete-non-virtual-dtor -Wsuggest-override -Wno-comment -Wno-misleading-indentation -Wctad-maybe-unsupported -fdiagnostics-color -ffunction-sections -fdata-sections -O3 -DNDEBUG -std=c++17 -fvisibility=hidden -UNDEBUG -fno-exceptions -funwind-tables -fno-rtti -MD -MT lib/Target/AIE/MCTargetDesc/CMakeFiles/LLVMAIEDesc.dir/AIE1AsmBackend.cpp.o -MF lib/Target/AIE/MCTargetDesc/CMakeFiles/LLVMAIEDesc.dir/AIE1AsmBackend.cpp.o.d -o lib/Target/AIE/MCTargetDesc/CMakeFiles/LLVMAIEDesc.dir/AIE1AsmBackend.cpp.o -c /home/jtuyls/iree-ai/llvm-aie-port/amd/aie/llvm/lib/Target/AIE/MCTargetDesc/AIE1AsmBackend.cpp
In file included from /home/jtuyls/iree-ai/llvm-aie-port/amd/aie/llvm/lib/Target/AIE/MCTargetDesc/AIE1MCFixupKinds.h:14,
                 from /home/jtuyls/iree-ai/llvm-aie-port/amd/aie/llvm/lib/Target/AIE/MCTargetDesc/AIE1AsmBackend.h:14,
                 from /home/jtuyls/iree-ai/llvm-aie-port/amd/aie/llvm/lib/Target/AIE/MCTargetDesc/AIE1AsmBackend.cpp:11:
/home/jtuyls/iree-ai/llvm-aie-port/amd/aie/llvm/lib/Target/AIE/MCTargetDesc/AIEMCFixupKinds.h:18:10: fatal error: llvm/MC/MCFixupKindInfo.h: No such file or directory
   18 | #include "llvm/MC/MCFixupKindInfo.h"
      |          ^~~~~~~~~~~~~~~~~~~~~~~~~~~
compilation terminated.
[184/238] Building CXX object lib/Target/AIE/InstPrinter/CMakeFiles/LLVMAIEAsmPrinter.dir/AIE2PInstPrinter.cpp.o
FAILED: lib/Target/AIE/InstPrinter/CMakeFiles/LLVMAIEAsmPrinter.dir/AIE2PInstPrinter.cpp.o 
CCACHE_CPP2=yes CCACHE_HASHDIR=yes CCACHE_SLOPPINESS=pch_defines,time_macros /usr/bin/ccache /usr/bin/g++ -D_DEBUG -D_GLIBCXX_ASSERTIONS -D_GLIBCXX_USE_CXX11_ABI=1 -D_GNU_SOURCE -D_LIBCPP_HARDENING_MODE=_LIBCPP_HARDENING_MODE_EXTENSIVE -D__STDC_CONSTANT_MACROS -D__STDC_FORMAT_MACROS -D__STDC_LIMIT_MACROS -I/home/jtuyls/iree-ai/llvm-aie-port/build/lib/Target/AIE/InstPrinter -I/home/jtuyls/iree-ai/llvm-aie-port/amd/aie/llvm/lib/Target/AIE/InstPrinter -I/home/jtuyls/iree-ai/llvm-aie-port/amd/aie/llvm/lib/Target/AIE -I/home/jtuyls/iree-ai/llvm-aie-port/build/lib/Target/AIE -I/home/jtuyls/iree-ai/llvm-aie-port/build/include -I/home/jtuyls/iree-ai/llvm-aie-port/llvm/include -I/home/jtuyls/iree-ai/llvm-aie-port/amd/aie/llvm/include -fPIC -fno-semantic-interposition -fvisibility-inlines-hidden -Werror=date-time -Wall -Wextra -Wno-unused-parameter -Wwrite-strings -Wcast-qual -Wno-missing-field-initializers -pedantic -Wno-long-long -Wimplicit-fallthrough -Wno-uninitialized -Wno-nonnull -Wno-class-memaccess -Wno-dangling-reference -Wno-redundant-move -Wno-pessimizing-move -Wno-array-bounds -Wno-stringop-overread -Wno-dangling-pointer -Wno-noexcept-type -Wdelete-non-virtual-dtor -Wsuggest-override -Wno-comment -Wno-misleading-indentation -Wctad-maybe-unsupported -fdiagnostics-color -ffunction-sections -fdata-sections -O3 -DNDEBUG -std=c++17 -fvisibility=hidden -UNDEBUG -fno-exceptions -funwind-tables -fno-rtti -MD -MT lib/Target/AIE/InstPrinter/CMakeFiles/LLVMAIEAsmPrinter.dir/AIE2PInstPrinter.cpp.o -MF lib/Target/AIE/InstPrinter/CMakeFiles/LLVMAIEAsmPrinter.dir/AIE2PInstPrinter.cpp.o.d -o lib/Target/AIE/InstPrinter/CMakeFiles/LLVMAIEAsmPrinter.dir/AIE2PInstPrinter.cpp.o -c /home/jtuyls/iree-ai/llvm-aie-port/amd/aie/llvm/lib/Target/AIE/InstPrinter/AIE2PInstPrinter.cpp
In file included from /home/jtuyls/iree-ai/llvm-aie-port/amd/aie/llvm/lib/Target/AIE/aie2p/AIE2PInstrInfo.h:20,
                 from /home/jtuyls/iree-ai/llvm-aie-port/amd/aie/llvm/lib/Target/AIE/InstPrinter/AIE2PInstPrinter.cpp:18:
/home/jtuyls/iree-ai/llvm-aie-port/amd/aie/llvm/lib/Target/AIE/AIEBaseInstrInfo.h:24:10: fatal error: llvm/CodeGen/ResourceCycle.h: No such file or directory
   24 | #include "llvm/CodeGen/ResourceCycle.h"
      |          ^~~~~~~~~~~~~~~~~~~~~~~~~~~~~~
compilation terminated.
[185/238] Building CXX object lib/Target/AIE/CMakeFiles/LLVMAIECodeGen.dir/AIEMIRFormatter.cpp.o
[186/238] Building CXX object lib/Target/AIE/CMakeFiles/LLVMAIECodeGen.dir/aie2ps/AIE2PSISelLowering.cpp.o
FAILED: lib/Target/AIE/CMakeFiles/LLVMAIECodeGen.dir/aie2ps/AIE2PSISelLowering.cpp.o 
CCACHE_CPP2=yes CCACHE_HASHDIR=yes CCACHE_SLOPPINESS=pch_defines,time_macros /usr/bin/ccache /usr/bin/g++ -D_DEBUG -D_GLIBCXX_ASSERTIONS -D_GLIBCXX_USE_CXX11_ABI=1 -D_GNU_SOURCE -D_LIBCPP_HARDENING_MODE=_LIBCPP_HARDENING_MODE_EXTENSIVE -D__STDC_CONSTANT_MACROS -D__STDC_FORMAT_MACROS -D__STDC_LIMIT_MACROS -I/home/jtuyls/iree-ai/llvm-aie-port/build/lib/Target/AIE -I/home/jtuyls/iree-ai/llvm-aie-port/amd/aie/llvm/lib/Target/AIE -I/home/jtuyls/iree-ai/llvm-aie-port/build/include -I/home/jtuyls/iree-ai/llvm-aie-port/llvm/include -I/home/jtuyls/iree-ai/llvm-aie-port/amd/aie/llvm/include -fPIC -fno-semantic-interposition -fvisibility-inlines-hidden -Werror=date-time -Wall -Wextra -Wno-unused-parameter -Wwrite-strings -Wcast-qual -Wno-missing-field-initializers -pedantic -Wno-long-long -Wimplicit-fallthrough -Wno-uninitialized -Wno-nonnull -Wno-class-memaccess -Wno-dangling-reference -Wno-redundant-move -Wno-pessimizing-move -Wno-array-bounds -Wno-stringop-overread -Wno-dangling-pointer -Wno-noexcept-type -Wdelete-non-virtual-dtor -Wsuggest-override -Wno-comment -Wno-misleading-indentation -Wctad-maybe-unsupported -fdiagnostics-color -ffunction-sections -fdata-sections -O3 -DNDEBUG -std=c++17 -fvisibility=hidden -UNDEBUG -fno-exceptions -funwind-tables -fno-rtti -MD -MT lib/Target/AIE/CMakeFiles/LLVMAIECodeGen.dir/aie2ps/AIE2PSISelLowering.cpp.o -MF lib/Target/AIE/CMakeFiles/LLVMAIECodeGen.dir/aie2ps/AIE2PSISelLowering.cpp.o.d -o lib/Target/AIE/CMakeFiles/LLVMAIECodeGen.dir/aie2ps/AIE2PSISelLowering.cpp.o -c /home/jtuyls/iree-ai/llvm-aie-port/amd/aie/llvm/lib/Target/AIE/aie2ps/AIE2PSISelLowering.cpp
In file included from /home/jtuyls/iree-ai/llvm-aie-port/amd/aie/llvm/lib/Target/AIE/AIEBaseSubtarget.h:19,
                 from /home/jtuyls/iree-ai/llvm-aie-port/amd/aie/llvm/lib/Target/AIE/aie2ps/AIE2PSISelLowering.cpp:16:
/home/jtuyls/iree-ai/llvm-aie-port/amd/aie/llvm/lib/Target/AIE/AIEBaseInstrInfo.h:24:10: fatal error: llvm/CodeGen/ResourceCycle.h: No such file or directory
   24 | #include "llvm/CodeGen/ResourceCycle.h"
      |          ^~~~~~~~~~~~~~~~~~~~~~~~~~~~~~
compilation terminated.
[187/238] Building CXX object lib/Target/AIE/MCTargetDesc/CMakeFiles/LLVMAIEDesc.dir/AIEELFObjectWriter.cpp.o
FAILED: lib/Target/AIE/MCTargetDesc/CMakeFiles/LLVMAIEDesc.dir/AIEELFObjectWriter.cpp.o 
CCACHE_CPP2=yes CCACHE_HASHDIR=yes CCACHE_SLOPPINESS=pch_defines,time_macros /usr/bin/ccache /usr/bin/g++ -D_DEBUG -D_GLIBCXX_ASSERTIONS -D_GLIBCXX_USE_CXX11_ABI=1 -D_GNU_SOURCE -D_LIBCPP_HARDENING_MODE=_LIBCPP_HARDENING_MODE_EXTENSIVE -D__STDC_CONSTANT_MACROS -D__STDC_FORMAT_MACROS -D__STDC_LIMIT_MACROS -I/home/jtuyls/iree-ai/llvm-aie-port/build/lib/Target/AIE/MCTargetDesc -I/home/jtuyls/iree-ai/llvm-aie-port/amd/aie/llvm/lib/Target/AIE/MCTargetDesc -I/home/jtuyls/iree-ai/llvm-aie-port/amd/aie/llvm/lib/Target/AIE -I/home/jtuyls/iree-ai/llvm-aie-port/build/lib/Target/AIE -I/home/jtuyls/iree-ai/llvm-aie-port/build/include -I/home/jtuyls/iree-ai/llvm-aie-port/llvm/include -I/home/jtuyls/iree-ai/llvm-aie-port/amd/aie/llvm/include -fPIC -fno-semantic-interposition -fvisibility-inlines-hidden -Werror=date-time -Wall -Wextra -Wno-unused-parameter -Wwrite-strings -Wcast-qual -Wno-missing-field-initializers -pedantic -Wno-long-long -Wimplicit-fallthrough -Wno-uninitialized -Wno-nonnull -Wno-class-memaccess -Wno-dangling-reference -Wno-redundant-move -Wno-pessimizing-move -Wno-array-bounds -Wno-stringop-overread -Wno-dangling-pointer -Wno-noexcept-type -Wdelete-non-virtual-dtor -Wsuggest-override -Wno-comment -Wno-misleading-indentation -Wctad-maybe-unsupported -fdiagnostics-color -ffunction-sections -fdata-sections -O3 -DNDEBUG -std=c++17 -fvisibility=hidden -UNDEBUG -fno-exceptions -funwind-tables -fno-rtti -MD -MT lib/Target/AIE/MCTargetDesc/CMakeFiles/LLVMAIEDesc.dir/AIEELFObjectWriter.cpp.o -MF lib/Target/AIE/MCTargetDesc/CMakeFiles/LLVMAIEDesc.dir/AIEELFObjectWriter.cpp.o.d -o lib/Target/AIE/MCTargetDesc/CMakeFiles/LLVMAIEDesc.dir/AIEELFObjectWriter.cpp.o -c /home/jtuyls/iree-ai/llvm-aie-port/amd/aie/llvm/lib/Target/AIE/MCTargetDesc/AIEELFObjectWriter.cpp
In file included from /home/jtuyls/iree-ai/llvm-aie-port/amd/aie/llvm/lib/Target/AIE/MCTargetDesc/AIE1MCFixupKinds.h:14,
                 from /home/jtuyls/iree-ai/llvm-aie-port/amd/aie/llvm/lib/Target/AIE/MCTargetDesc/AIEELFObjectWriter.cpp:11:
/home/jtuyls/iree-ai/llvm-aie-port/amd/aie/llvm/lib/Target/AIE/MCTargetDesc/AIEMCFixupKinds.h:18:10: fatal error: llvm/MC/MCFixupKindInfo.h: No such file or directory
   18 | #include "llvm/MC/MCFixupKindInfo.h"
      |          ^~~~~~~~~~~~~~~~~~~~~~~~~~~
compilation terminated.
[188/238] Building CXX object lib/Target/AIE/MCTargetDesc/CMakeFiles/LLVMAIEDesc.dir/AIEBaseMCCodeEmitter.cpp.o
FAILED: lib/Target/AIE/MCTargetDesc/CMakeFiles/LLVMAIEDesc.dir/AIEBaseMCCodeEmitter.cpp.o 
CCACHE_CPP2=yes CCACHE_HASHDIR=yes CCACHE_SLOPPINESS=pch_defines,time_macros /usr/bin/ccache /usr/bin/g++ -D_DEBUG -D_GLIBCXX_ASSERTIONS -D_GLIBCXX_USE_CXX11_ABI=1 -D_GNU_SOURCE -D_LIBCPP_HARDENING_MODE=_LIBCPP_HARDENING_MODE_EXTENSIVE -D__STDC_CONSTANT_MACROS -D__STDC_FORMAT_MACROS -D__STDC_LIMIT_MACROS -I/home/jtuyls/iree-ai/llvm-aie-port/build/lib/Target/AIE/MCTargetDesc -I/home/jtuyls/iree-ai/llvm-aie-port/amd/aie/llvm/lib/Target/AIE/MCTargetDesc -I/home/jtuyls/iree-ai/llvm-aie-port/amd/aie/llvm/lib/Target/AIE -I/home/jtuyls/iree-ai/llvm-aie-port/build/lib/Target/AIE -I/home/jtuyls/iree-ai/llvm-aie-port/build/include -I/home/jtuyls/iree-ai/llvm-aie-port/llvm/include -I/home/jtuyls/iree-ai/llvm-aie-port/amd/aie/llvm/include -fPIC -fno-semantic-interposition -fvisibility-inlines-hidden -Werror=date-time -Wall -Wextra -Wno-unused-parameter -Wwrite-strings -Wcast-qual -Wno-missing-field-initializers -pedantic -Wno-long-long -Wimplicit-fallthrough -Wno-uninitialized -Wno-nonnull -Wno-class-memaccess -Wno-dangling-reference -Wno-redundant-move -Wno-pessimizing-move -Wno-array-bounds -Wno-stringop-overread -Wno-dangling-pointer -Wno-noexcept-type -Wdelete-non-virtual-dtor -Wsuggest-override -Wno-comment -Wno-misleading-indentation -Wctad-maybe-unsupported -fdiagnostics-color -ffunction-sections -fdata-sections -O3 -DNDEBUG -std=c++17 -fvisibility=hidden -UNDEBUG -fno-exceptions -funwind-tables -fno-rtti -MD -MT lib/Target/AIE/MCTargetDesc/CMakeFiles/LLVMAIEDesc.dir/AIEBaseMCCodeEmitter.cpp.o -MF lib/Target/AIE/MCTargetDesc/CMakeFiles/LLVMAIEDesc.dir/AIEBaseMCCodeEmitter.cpp.o.d -o lib/Target/AIE/MCTargetDesc/CMakeFiles/LLVMAIEDesc.dir/AIEBaseMCCodeEmitter.cpp.o -c /home/jtuyls/iree-ai/llvm-aie-port/amd/aie/llvm/lib/Target/AIE/MCTargetDesc/AIEBaseMCCodeEmitter.cpp
In file included from /home/jtuyls/iree-ai/llvm-aie-port/amd/aie/llvm/lib/Target/AIE/MCTargetDesc/AIEBaseMCCodeEmitter.h:15,
                 from /home/jtuyls/iree-ai/llvm-aie-port/amd/aie/llvm/lib/Target/AIE/MCTargetDesc/AIEBaseMCCodeEmitter.cpp:15:
/home/jtuyls/iree-ai/llvm-aie-port/amd/aie/llvm/lib/Target/AIE/MCTargetDesc/AIEMCFixupKinds.h:18:10: fatal error: llvm/MC/MCFixupKindInfo.h: No such file or directory
   18 | #include "llvm/MC/MCFixupKindInfo.h"
      |          ^~~~~~~~~~~~~~~~~~~~~~~~~~~
compilation terminated.
[189/238] Building CXX object lib/Target/AIE/MCTargetDesc/CMakeFiles/LLVMAIEDesc.dir/AIEMCCodeEmitter.cpp.o
FAILED: lib/Target/AIE/MCTargetDesc/CMakeFiles/LLVMAIEDesc.dir/AIEMCCodeEmitter.cpp.o 
CCACHE_CPP2=yes CCACHE_HASHDIR=yes CCACHE_SLOPPINESS=pch_defines,time_macros /usr/bin/ccache /usr/bin/g++ -D_DEBUG -D_GLIBCXX_ASSERTIONS -D_GLIBCXX_USE_CXX11_ABI=1 -D_GNU_SOURCE -D_LIBCPP_HARDENING_MODE=_LIBCPP_HARDENING_MODE_EXTENSIVE -D__STDC_CONSTANT_MACROS -D__STDC_FORMAT_MACROS -D__STDC_LIMIT_MACROS -I/home/jtuyls/iree-ai/llvm-aie-port/build/lib/Target/AIE/MCTargetDesc -I/home/jtuyls/iree-ai/llvm-aie-port/amd/aie/llvm/lib/Target/AIE/MCTargetDesc -I/home/jtuyls/iree-ai/llvm-aie-port/amd/aie/llvm/lib/Target/AIE -I/home/jtuyls/iree-ai/llvm-aie-port/build/lib/Target/AIE -I/home/jtuyls/iree-ai/llvm-aie-port/build/include -I/home/jtuyls/iree-ai/llvm-aie-port/llvm/include -I/home/jtuyls/iree-ai/llvm-aie-port/amd/aie/llvm/include -fPIC -fno-semantic-interposition -fvisibility-inlines-hidden -Werror=date-time -Wall -Wextra -Wno-unused-parameter -Wwrite-strings -Wcast-qual -Wno-missing-field-initializers -pedantic -Wno-long-long -Wimplicit-fallthrough -Wno-uninitialized -Wno-nonnull -Wno-class-memaccess -Wno-dangling-reference -Wno-redundant-move -Wno-pessimizing-move -Wno-array-bounds -Wno-stringop-overread -Wno-dangling-pointer -Wno-noexcept-type -Wdelete-non-virtual-dtor -Wsuggest-override -Wno-comment -Wno-misleading-indentation -Wctad-maybe-unsupported -fdiagnostics-color -ffunction-sections -fdata-sections -O3 -DNDEBUG -std=c++17 -fvisibility=hidden -UNDEBUG -fno-exceptions -funwind-tables -fno-rtti -MD -MT lib/Target/AIE/MCTargetDesc/CMakeFiles/LLVMAIEDesc.dir/AIEMCCodeEmitter.cpp.o -MF lib/Target/AIE/MCTargetDesc/CMakeFiles/LLVMAIEDesc.dir/AIEMCCodeEmitter.cpp.o.d -o lib/Target/AIE/MCTargetDesc/CMakeFiles/LLVMAIEDesc.dir/AIEMCCodeEmitter.cpp.o -c /home/jtuyls/iree-ai/llvm-aie-port/amd/aie/llvm/lib/Target/AIE/MCTargetDesc/AIEMCCodeEmitter.cpp
In file included from /home/jtuyls/iree-ai/llvm-aie-port/amd/aie/llvm/lib/Target/AIE/MCTargetDesc/AIEBaseMCCodeEmitter.h:15,
                 from /home/jtuyls/iree-ai/llvm-aie-port/amd/aie/llvm/lib/Target/AIE/MCTargetDesc/AIEMCCodeEmitter.cpp:15:
/home/jtuyls/iree-ai/llvm-aie-port/amd/aie/llvm/lib/Target/AIE/MCTargetDesc/AIEMCFixupKinds.h:18:10: fatal error: llvm/MC/MCFixupKindInfo.h: No such file or directory
   18 | #include "llvm/MC/MCFixupKindInfo.h"
      |          ^~~~~~~~~~~~~~~~~~~~~~~~~~~
compilation terminated.
[190/238] Building CXX object lib/Target/AIE/MCTargetDesc/CMakeFiles/LLVMAIEDesc.dir/AIE1MCFixupKinds.cpp.o
FAILED: lib/Target/AIE/MCTargetDesc/CMakeFiles/LLVMAIEDesc.dir/AIE1MCFixupKinds.cpp.o 
CCACHE_CPP2=yes CCACHE_HASHDIR=yes CCACHE_SLOPPINESS=pch_defines,time_macros /usr/bin/ccache /usr/bin/g++ -D_DEBUG -D_GLIBCXX_ASSERTIONS -D_GLIBCXX_USE_CXX11_ABI=1 -D_GNU_SOURCE -D_LIBCPP_HARDENING_MODE=_LIBCPP_HARDENING_MODE_EXTENSIVE -D__STDC_CONSTANT_MACROS -D__STDC_FORMAT_MACROS -D__STDC_LIMIT_MACROS -I/home/jtuyls/iree-ai/llvm-aie-port/build/lib/Target/AIE/MCTargetDesc -I/home/jtuyls/iree-ai/llvm-aie-port/amd/aie/llvm/lib/Target/AIE/MCTargetDesc -I/home/jtuyls/iree-ai/llvm-aie-port/amd/aie/llvm/lib/Target/AIE -I/home/jtuyls/iree-ai/llvm-aie-port/build/lib/Target/AIE -I/home/jtuyls/iree-ai/llvm-aie-port/build/include -I/home/jtuyls/iree-ai/llvm-aie-port/llvm/include -I/home/jtuyls/iree-ai/llvm-aie-port/amd/aie/llvm/include -fPIC -fno-semantic-interposition -fvisibility-inlines-hidden -Werror=date-time -Wall -Wextra -Wno-unused-parameter -Wwrite-strings -Wcast-qual -Wno-missing-field-initializers -pedantic -Wno-long-long -Wimplicit-fallthrough -Wno-uninitialized -Wno-nonnull -Wno-class-memaccess -Wno-dangling-reference -Wno-redundant-move -Wno-pessimizing-move -Wno-array-bounds -Wno-stringop-overread -Wno-dangling-pointer -Wno-noexcept-type -Wdelete-non-virtual-dtor -Wsuggest-override -Wno-comment -Wno-misleading-indentation -Wctad-maybe-unsupported -fdiagnostics-color -ffunction-sections -fdata-sections -O3 -DNDEBUG -std=c++17 -fvisibility=hidden -UNDEBUG -fno-exceptions -funwind-tables -fno-rtti -MD -MT lib/Target/AIE/MCTargetDesc/CMakeFiles/LLVMAIEDesc.dir/AIE1MCFixupKinds.cpp.o -MF lib/Target/AIE/MCTargetDesc/CMakeFiles/LLVMAIEDesc.dir/AIE1MCFixupKinds.cpp.o.d -o lib/Target/AIE/MCTargetDesc/CMakeFiles/LLVMAIEDesc.dir/AIE1MCFixupKinds.cpp.o -c /home/jtuyls/iree-ai/llvm-aie-port/amd/aie/llvm/lib/Target/AIE/MCTargetDesc/AIE1MCFixupKinds.cpp
In file included from /home/jtuyls/iree-ai/llvm-aie-port/amd/aie/llvm/lib/Target/AIE/MCTargetDesc/AIE1MCFixupKinds.h:14,
                 from /home/jtuyls/iree-ai/llvm-aie-port/amd/aie/llvm/lib/Target/AIE/MCTargetDesc/AIE1MCFixupKinds.cpp:11:
/home/jtuyls/iree-ai/llvm-aie-port/amd/aie/llvm/lib/Target/AIE/MCTargetDesc/AIEMCFixupKinds.h:18:10: fatal error: llvm/MC/MCFixupKindInfo.h: No such file or directory
   18 | #include "llvm/MC/MCFixupKindInfo.h"
      |          ^~~~~~~~~~~~~~~~~~~~~~~~~~~
compilation terminated.
[191/238] Building CXX object lib/Target/AIE/MCTargetDesc/CMakeFiles/LLVMAIEDesc.dir/AIEMCFixupKinds.cpp.o
FAILED: lib/Target/AIE/MCTargetDesc/CMakeFiles/LLVMAIEDesc.dir/AIEMCFixupKinds.cpp.o 
CCACHE_CPP2=yes CCACHE_HASHDIR=yes CCACHE_SLOPPINESS=pch_defines,time_macros /usr/bin/ccache /usr/bin/g++ -D_DEBUG -D_GLIBCXX_ASSERTIONS -D_GLIBCXX_USE_CXX11_ABI=1 -D_GNU_SOURCE -D_LIBCPP_HARDENING_MODE=_LIBCPP_HARDENING_MODE_EXTENSIVE -D__STDC_CONSTANT_MACROS -D__STDC_FORMAT_MACROS -D__STDC_LIMIT_MACROS -I/home/jtuyls/iree-ai/llvm-aie-port/build/lib/Target/AIE/MCTargetDesc -I/home/jtuyls/iree-ai/llvm-aie-port/amd/aie/llvm/lib/Target/AIE/MCTargetDesc -I/home/jtuyls/iree-ai/llvm-aie-port/amd/aie/llvm/lib/Target/AIE -I/home/jtuyls/iree-ai/llvm-aie-port/build/lib/Target/AIE -I/home/jtuyls/iree-ai/llvm-aie-port/build/include -I/home/jtuyls/iree-ai/llvm-aie-port/llvm/include -I/home/jtuyls/iree-ai/llvm-aie-port/amd/aie/llvm/include -fPIC -fno-semantic-interposition -fvisibility-inlines-hidden -Werror=date-time -Wall -Wextra -Wno-unused-parameter -Wwrite-strings -Wcast-qual -Wno-missing-field-initializers -pedantic -Wno-long-long -Wimplicit-fallthrough -Wno-uninitialized -Wno-nonnull -Wno-class-memaccess -Wno-dangling-reference -Wno-redundant-move -Wno-pessimizing-move -Wno-array-bounds -Wno-stringop-overread -Wno-dangling-pointer -Wno-noexcept-type -Wdelete-non-virtual-dtor -Wsuggest-override -Wno-comment -Wno-misleading-indentation -Wctad-maybe-unsupported -fdiagnostics-color -ffunction-sections -fdata-sections -O3 -DNDEBUG -std=c++17 -fvisibility=hidden -UNDEBUG -fno-exceptions -funwind-tables -fno-rtti -MD -MT lib/Target/AIE/MCTargetDesc/CMakeFiles/LLVMAIEDesc.dir/AIEMCFixupKinds.cpp.o -MF lib/Target/AIE/MCTargetDesc/CMakeFiles/LLVMAIEDesc.dir/AIEMCFixupKinds.cpp.o.d -o lib/Target/AIE/MCTargetDesc/CMakeFiles/LLVMAIEDesc.dir/AIEMCFixupKinds.cpp.o -c /home/jtuyls/iree-ai/llvm-aie-port/amd/aie/llvm/lib/Target/AIE/MCTargetDesc/AIEMCFixupKinds.cpp
In file included from /home/jtuyls/iree-ai/llvm-aie-port/amd/aie/llvm/lib/Target/AIE/MCTargetDesc/AIEMCFixupKinds.cpp:11:
/home/jtuyls/iree-ai/llvm-aie-port/amd/aie/llvm/lib/Target/AIE/MCTargetDesc/AIEMCFixupKinds.h:18:10: fatal error: llvm/MC/MCFixupKindInfo.h: No such file or directory
   18 | #include "llvm/MC/MCFixupKindInfo.h"
      |          ^~~~~~~~~~~~~~~~~~~~~~~~~~~
compilation terminated.
[192/238] Building CXX object lib/Target/AIE/InstPrinter/CMakeFiles/LLVMAIEAsmPrinter.dir/AIE2PSInstPrinter.cpp.o
FAILED: lib/Target/AIE/InstPrinter/CMakeFiles/LLVMAIEAsmPrinter.dir/AIE2PSInstPrinter.cpp.o 
CCACHE_CPP2=yes CCACHE_HASHDIR=yes CCACHE_SLOPPINESS=pch_defines,time_macros /usr/bin/ccache /usr/bin/g++ -D_DEBUG -D_GLIBCXX_ASSERTIONS -D_GLIBCXX_USE_CXX11_ABI=1 -D_GNU_SOURCE -D_LIBCPP_HARDENING_MODE=_LIBCPP_HARDENING_MODE_EXTENSIVE -D__STDC_CONSTANT_MACROS -D__STDC_FORMAT_MACROS -D__STDC_LIMIT_MACROS -I/home/jtuyls/iree-ai/llvm-aie-port/build/lib/Target/AIE/InstPrinter -I/home/jtuyls/iree-ai/llvm-aie-port/amd/aie/llvm/lib/Target/AIE/InstPrinter -I/home/jtuyls/iree-ai/llvm-aie-port/amd/aie/llvm/lib/Target/AIE -I/home/jtuyls/iree-ai/llvm-aie-port/build/lib/Target/AIE -I/home/jtuyls/iree-ai/llvm-aie-port/build/include -I/home/jtuyls/iree-ai/llvm-aie-port/llvm/include -I/home/jtuyls/iree-ai/llvm-aie-port/amd/aie/llvm/include -fPIC -fno-semantic-interposition -fvisibility-inlines-hidden -Werror=date-time -Wall -Wextra -Wno-unused-parameter -Wwrite-strings -Wcast-qual -Wno-missing-field-initializers -pedantic -Wno-long-long -Wimplicit-fallthrough -Wno-uninitialized -Wno-nonnull -Wno-class-memaccess -Wno-dangling-reference -Wno-redundant-move -Wno-pessimizing-move -Wno-array-bounds -Wno-stringop-overread -Wno-dangling-pointer -Wno-noexcept-type -Wdelete-non-virtual-dtor -Wsuggest-override -Wno-comment -Wno-misleading-indentation -Wctad-maybe-unsupported -fdiagnostics-color -ffunction-sections -fdata-sections -O3 -DNDEBUG -std=c++17 -fvisibility=hidden -UNDEBUG -fno-exceptions -funwind-tables -fno-rtti -MD -MT lib/Target/AIE/InstPrinter/CMakeFiles/LLVMAIEAsmPrinter.dir/AIE2PSInstPrinter.cpp.o -MF lib/Target/AIE/InstPrinter/CMakeFiles/LLVMAIEAsmPrinter.dir/AIE2PSInstPrinter.cpp.o.d -o lib/Target/AIE/InstPrinter/CMakeFiles/LLVMAIEAsmPrinter.dir/AIE2PSInstPrinter.cpp.o -c /home/jtuyls/iree-ai/llvm-aie-port/amd/aie/llvm/lib/Target/AIE/InstPrinter/AIE2PSInstPrinter.cpp
In file included from /home/jtuyls/iree-ai/llvm-aie-port/amd/aie/llvm/lib/Target/AIE/aie2ps/AIE2PSInstrInfo.h:20,
                 from /home/jtuyls/iree-ai/llvm-aie-port/amd/aie/llvm/lib/Target/AIE/InstPrinter/AIE2PSInstPrinter.cpp:19:
/home/jtuyls/iree-ai/llvm-aie-port/amd/aie/llvm/lib/Target/AIE/AIEBaseInstrInfo.h:24:10: fatal error: llvm/CodeGen/ResourceCycle.h: No such file or directory
   24 | #include "llvm/CodeGen/ResourceCycle.h"
      |          ^~~~~~~~~~~~~~~~~~~~~~~~~~~~~~
compilation terminated.
[193/238] Building CXX object lib/Target/AIE/MCTargetDesc/CMakeFiles/LLVMAIEDesc.dir/AIEMCAsmInfo.cpp.o
FAILED: lib/Target/AIE/MCTargetDesc/CMakeFiles/LLVMAIEDesc.dir/AIEMCAsmInfo.cpp.o 
CCACHE_CPP2=yes CCACHE_HASHDIR=yes CCACHE_SLOPPINESS=pch_defines,time_macros /usr/bin/ccache /usr/bin/g++ -D_DEBUG -D_GLIBCXX_ASSERTIONS -D_GLIBCXX_USE_CXX11_ABI=1 -D_GNU_SOURCE -D_LIBCPP_HARDENING_MODE=_LIBCPP_HARDENING_MODE_EXTENSIVE -D__STDC_CONSTANT_MACROS -D__STDC_FORMAT_MACROS -D__STDC_LIMIT_MACROS -I/home/jtuyls/iree-ai/llvm-aie-port/build/lib/Target/AIE/MCTargetDesc -I/home/jtuyls/iree-ai/llvm-aie-port/amd/aie/llvm/lib/Target/AIE/MCTargetDesc -I/home/jtuyls/iree-ai/llvm-aie-port/amd/aie/llvm/lib/Target/AIE -I/home/jtuyls/iree-ai/llvm-aie-port/build/lib/Target/AIE -I/home/jtuyls/iree-ai/llvm-aie-port/build/include -I/home/jtuyls/iree-ai/llvm-aie-port/llvm/include -I/home/jtuyls/iree-ai/llvm-aie-port/amd/aie/llvm/include -fPIC -fno-semantic-interposition -fvisibility-inlines-hidden -Werror=date-time -Wall -Wextra -Wno-unused-parameter -Wwrite-strings -Wcast-qual -Wno-missing-field-initializers -pedantic -Wno-long-long -Wimplicit-fallthrough -Wno-uninitialized -Wno-nonnull -Wno-class-memaccess -Wno-dangling-reference -Wno-redundant-move -Wno-pessimizing-move -Wno-array-bounds -Wno-stringop-overread -Wno-dangling-pointer -Wno-noexcept-type -Wdelete-non-virtual-dtor -Wsuggest-override -Wno-comment -Wno-misleading-indentation -Wctad-maybe-unsupported -fdiagnostics-color -ffunction-sections -fdata-sections -O3 -DNDEBUG -std=c++17 -fvisibility=hidden -UNDEBUG -fno-exceptions -funwind-tables -fno-rtti -MD -MT lib/Target/AIE/MCTargetDesc/CMakeFiles/LLVMAIEDesc.dir/AIEMCAsmInfo.cpp.o -MF lib/Target/AIE/MCTargetDesc/CMakeFiles/LLVMAIEDesc.dir/AIEMCAsmInfo.cpp.o.d -o lib/Target/AIE/MCTargetDesc/CMakeFiles/LLVMAIEDesc.dir/AIEMCAsmInfo.cpp.o -c /home/jtuyls/iree-ai/llvm-aie-port/amd/aie/llvm/lib/Target/AIE/MCTargetDesc/AIEMCAsmInfo.cpp
/home/jtuyls/iree-ai/llvm-aie-port/amd/aie/llvm/lib/Target/AIE/MCTargetDesc/AIEMCAsmInfo.cpp: In constructor ‘llvm::AIEMCAsmInfo::AIEMCAsmInfo(const llvm::Triple&)’:
/home/jtuyls/iree-ai/llvm-aie-port/amd/aie/llvm/lib/Target/AIE/MCTargetDesc/AIEMCAsmInfo.cpp:16:44: error: no matching function for call to ‘llvm::MCAsmInfoELF::MCAsmInfoELF()’
   16 | AIEMCAsmInfo::AIEMCAsmInfo(const Triple &TT) {
      |                                            ^
In file included from /home/jtuyls/iree-ai/llvm-aie-port/amd/aie/llvm/lib/Target/AIE/MCTargetDesc/AIEMCAsmInfo.h:18,
                 from /home/jtuyls/iree-ai/llvm-aie-port/amd/aie/llvm/lib/Target/AIE/MCTargetDesc/AIEMCAsmInfo.cpp:11:
/home/jtuyls/iree-ai/llvm-aie-port/llvm/include/llvm/MC/MCAsmInfoELF.h:24:3: note: candidate: ‘llvm::MCAsmInfoELF::MCAsmInfoELF(const llvm::MCTargetOptions&)’
   24 |   MCAsmInfoELF(const MCTargetOptions &Options);
      |   ^~~~~~~~~~~~
/home/jtuyls/iree-ai/llvm-aie-port/llvm/include/llvm/MC/MCAsmInfoELF.h:24:3: note:   candidate expects 1 argument, 0 provided
[194/238] Building CXX object lib/Target/AIE/InstPrinter/CMakeFiles/LLVMAIEAsmPrinter.dir/AIECommonInstPrinter.cpp.o
FAILED: lib/Target/AIE/InstPrinter/CMakeFiles/LLVMAIEAsmPrinter.dir/AIECommonInstPrinter.cpp.o 
CCACHE_CPP2=yes CCACHE_HASHDIR=yes CCACHE_SLOPPINESS=pch_defines,time_macros /usr/bin/ccache /usr/bin/g++ -D_DEBUG -D_GLIBCXX_ASSERTIONS -D_GLIBCXX_USE_CXX11_ABI=1 -D_GNU_SOURCE -D_LIBCPP_HARDENING_MODE=_LIBCPP_HARDENING_MODE_EXTENSIVE -D__STDC_CONSTANT_MACROS -D__STDC_FORMAT_MACROS -D__STDC_LIMIT_MACROS -I/home/jtuyls/iree-ai/llvm-aie-port/build/lib/Target/AIE/InstPrinter -I/home/jtuyls/iree-ai/llvm-aie-port/amd/aie/llvm/lib/Target/AIE/InstPrinter -I/home/jtuyls/iree-ai/llvm-aie-port/amd/aie/llvm/lib/Target/AIE -I/home/jtuyls/iree-ai/llvm-aie-port/build/lib/Target/AIE -I/home/jtuyls/iree-ai/llvm-aie-port/build/include -I/home/jtuyls/iree-ai/llvm-aie-port/llvm/include -I/home/jtuyls/iree-ai/llvm-aie-port/amd/aie/llvm/include -fPIC -fno-semantic-interposition -fvisibility-inlines-hidden -Werror=date-time -Wall -Wextra -Wno-unused-parameter -Wwrite-strings -Wcast-qual -Wno-missing-field-initializers -pedantic -Wno-long-long -Wimplicit-fallthrough -Wno-uninitialized -Wno-nonnull -Wno-class-memaccess -Wno-dangling-reference -Wno-redundant-move -Wno-pessimizing-move -Wno-array-bounds -Wno-stringop-overread -Wno-dangling-pointer -Wno-noexcept-type -Wdelete-non-virtual-dtor -Wsuggest-override -Wno-comment -Wno-misleading-indentation -Wctad-maybe-unsupported -fdiagnostics-color -ffunction-sections -fdata-sections -O3 -DNDEBUG -std=c++17 -fvisibility=hidden -UNDEBUG -fno-exceptions -funwind-tables -fno-rtti -MD -MT lib/Target/AIE/InstPrinter/CMakeFiles/LLVMAIEAsmPrinter.dir/AIECommonInstPrinter.cpp.o -MF lib/Target/AIE/InstPrinter/CMakeFiles/LLVMAIEAsmPrinter.dir/AIECommonInstPrinter.cpp.o.d -o lib/Target/AIE/InstPrinter/CMakeFiles/LLVMAIEAsmPrinter.dir/AIECommonInstPrinter.cpp.o -c /home/jtuyls/iree-ai/llvm-aie-port/amd/aie/llvm/lib/Target/AIE/InstPrinter/AIECommonInstPrinter.cpp
In file included from /home/jtuyls/iree-ai/llvm-aie-port/amd/aie/llvm/lib/Target/AIE/InstPrinter/AIECommonInstPrinter.cpp:14:
/home/jtuyls/iree-ai/llvm-aie-port/amd/aie/llvm/lib/Target/AIE/InstPrinter/AIECommonInstPrinter.h: In member function ‘void llvm::AIECommonInstPrinter::printImmOffset(const llvm::MCOperand&, const llvm::MCSubtargetInfo&, llvm::raw_ostream&)’:
/home/jtuyls/iree-ai/llvm-aie-port/amd/aie/llvm/lib/Target/AIE/InstPrinter/AIECommonInstPrinter.h:47:14: error: ‘const class llvm::Triple’ has no member named ‘isAIE1’
   47 |       if (TT.isAIE1() || TT.isAIE2())
      |              ^~~~~~
/home/jtuyls/iree-ai/llvm-aie-port/amd/aie/llvm/lib/Target/AIE/InstPrinter/AIECommonInstPrinter.h:47:29: error: ‘const class llvm::Triple’ has no member named ‘isAIE2’
   47 |       if (TT.isAIE1() || TT.isAIE2())
      |                             ^~~~~~
/home/jtuyls/iree-ai/llvm-aie-port/amd/aie/llvm/lib/Target/AIE/InstPrinter/AIECommonInstPrinter.cpp: In member function ‘void llvm::AIECommonInstPrinter::printOperand(const llvm::MCOperand&, const llvm::MCSubtargetInfo&, llvm::raw_ostream&)’:
/home/jtuyls/iree-ai/llvm-aie-port/amd/aie/llvm/lib/Target/AIE/InstPrinter/AIECommonInstPrinter.cpp:75:12: error: ‘const class llvm::Triple’ has no member named ‘isAIE1’
   75 |     if (TT.isAIE1() || TT.isAIE2())
      |            ^~~~~~
/home/jtuyls/iree-ai/llvm-aie-port/amd/aie/llvm/lib/Target/AIE/InstPrinter/AIECommonInstPrinter.cpp:75:27: error: ‘const class llvm::Triple’ has no member named ‘isAIE2’
   75 |     if (TT.isAIE1() || TT.isAIE2())
      |                           ^~~~~~
/home/jtuyls/iree-ai/llvm-aie-port/amd/aie/llvm/lib/Target/AIE/InstPrinter/AIECommonInstPrinter.cpp:85:12: error: ‘const class llvm::Triple’ has no member named ‘isAIE1’
   85 |     if (TT.isAIE1() || TT.isAIE2())
      |            ^~~~~~
/home/jtuyls/iree-ai/llvm-aie-port/amd/aie/llvm/lib/Target/AIE/InstPrinter/AIECommonInstPrinter.cpp:85:27: error: ‘const class llvm::Triple’ has no member named ‘isAIE2’
   85 |     if (TT.isAIE1() || TT.isAIE2())
      |                           ^~~~~~
/home/jtuyls/iree-ai/llvm-aie-port/amd/aie/llvm/lib/Target/AIE/InstPrinter/AIECommonInstPrinter.cpp:87:22: error: ‘void llvm::MCExpr::print(llvm::raw_ostream&, const llvm::MCAsmInfo*, int) const’ is private within this context
   87 |   MO.getExpr()->print(O, &MAI);
      |   ~~~~~~~~~~~~~~~~~~~^~~~~~~~~
In file included from /home/jtuyls/iree-ai/llvm-aie-port/llvm/include/llvm/MC/MCSymbol.h:18,
                 from /home/jtuyls/iree-ai/llvm-aie-port/llvm/include/llvm/MC/MCObjectWriter.h:12,
                 from /home/jtuyls/iree-ai/llvm-aie-port/amd/aie/llvm/lib/Target/AIE/MCTargetDesc/AIEMCTargetDesc.h:19,
                 from /home/jtuyls/iree-ai/llvm-aie-port/amd/aie/llvm/lib/Target/AIE/InstPrinter/AIECommonInstPrinter.h:19:
/home/jtuyls/iree-ai/llvm-aie-port/llvm/include/llvm/MC/MCExpr.h:60:8: note: declared private here
   60 |   void print(raw_ostream &OS, const MCAsmInfo *MAI,
      |        ^~~~~
[195/238] Building CXX object lib/Target/AIE/MCTargetDesc/CMakeFiles/LLVMAIEDesc.dir/AIEMCTargetDesc.cpp.o
FAILED: lib/Target/AIE/MCTargetDesc/CMakeFiles/LLVMAIEDesc.dir/AIEMCTargetDesc.cpp.o 
CCACHE_CPP2=yes CCACHE_HASHDIR=yes CCACHE_SLOPPINESS=pch_defines,time_macros /usr/bin/ccache /usr/bin/g++ -D_DEBUG -D_GLIBCXX_ASSERTIONS -D_GLIBCXX_USE_CXX11_ABI=1 -D_GNU_SOURCE -D_LIBCPP_HARDENING_MODE=_LIBCPP_HARDENING_MODE_EXTENSIVE -D__STDC_CONSTANT_MACROS -D__STDC_FORMAT_MACROS -D__STDC_LIMIT_MACROS -I/home/jtuyls/iree-ai/llvm-aie-port/build/lib/Target/AIE/MCTargetDesc -I/home/jtuyls/iree-ai/llvm-aie-port/amd/aie/llvm/lib/Target/AIE/MCTargetDesc -I/home/jtuyls/iree-ai/llvm-aie-port/amd/aie/llvm/lib/Target/AIE -I/home/jtuyls/iree-ai/llvm-aie-port/build/lib/Target/AIE -I/home/jtuyls/iree-ai/llvm-aie-port/build/include -I/home/jtuyls/iree-ai/llvm-aie-port/llvm/include -I/home/jtuyls/iree-ai/llvm-aie-port/amd/aie/llvm/include -fPIC -fno-semantic-interposition -fvisibility-inlines-hidden -Werror=date-time -Wall -Wextra -Wno-unused-parameter -Wwrite-strings -Wcast-qual -Wno-missing-field-initializers -pedantic -Wno-long-long -Wimplicit-fallthrough -Wno-uninitialized -Wno-nonnull -Wno-class-memaccess -Wno-dangling-reference -Wno-redundant-move -Wno-pessimizing-move -Wno-array-bounds -Wno-stringop-overread -Wno-dangling-pointer -Wno-noexcept-type -Wdelete-non-virtual-dtor -Wsuggest-override -Wno-comment -Wno-misleading-indentation -Wctad-maybe-unsupported -fdiagnostics-color -ffunction-sections -fdata-sections -O3 -DNDEBUG -std=c++17 -fvisibility=hidden -UNDEBUG -fno-exceptions -funwind-tables -fno-rtti -MD -MT lib/Target/AIE/MCTargetDesc/CMakeFiles/LLVMAIEDesc.dir/AIEMCTargetDesc.cpp.o -MF lib/Target/AIE/MCTargetDesc/CMakeFiles/LLVMAIEDesc.dir/AIEMCTargetDesc.cpp.o.d -o lib/Target/AIE/MCTargetDesc/CMakeFiles/LLVMAIEDesc.dir/AIEMCTargetDesc.cpp.o -c /home/jtuyls/iree-ai/llvm-aie-port/amd/aie/llvm/lib/Target/AIE/MCTargetDesc/AIEMCTargetDesc.cpp
In file included from /home/jtuyls/iree-ai/llvm-aie-port/amd/aie/llvm/lib/Target/AIE/MCTargetDesc/AIE1MCFixupKinds.h:14,
                 from /home/jtuyls/iree-ai/llvm-aie-port/amd/aie/llvm/lib/Target/AIE/MCTargetDesc/AIE1AsmBackend.h:14,
                 from /home/jtuyls/iree-ai/llvm-aie-port/amd/aie/llvm/lib/Target/AIE/MCTargetDesc/AIEMCTargetDesc.cpp:16:
/home/jtuyls/iree-ai/llvm-aie-port/amd/aie/llvm/lib/Target/AIE/MCTargetDesc/AIEMCFixupKinds.h:18:10: fatal error: llvm/MC/MCFixupKindInfo.h: No such file or directory
   18 | #include "llvm/MC/MCFixupKindInfo.h"
      |          ^~~~~~~~~~~~~~~~~~~~~~~~~~~
compilation terminated.
[196/238] Building CXX object lib/Target/AIE/CMakeFiles/LLVMAIECodeGen.dir/AIEBaseAliasAnalysis.cpp.o
[197/238] Building CXX object lib/Target/AIE/CMakeFiles/LLVMAIECodeGen.dir/AIERegClassConstrainer.cpp.o
[198/238] Building CXX object lib/Target/AIE/MCTargetDesc/CMakeFiles/LLVMAIEDesc.dir/AIE2MCFixupKinds.cpp.o
FAILED: lib/Target/AIE/MCTargetDesc/CMakeFiles/LLVMAIEDesc.dir/AIE2MCFixupKinds.cpp.o 
CCACHE_CPP2=yes CCACHE_HASHDIR=yes CCACHE_SLOPPINESS=pch_defines,time_macros /usr/bin/ccache /usr/bin/g++ -D_DEBUG -D_GLIBCXX_ASSERTIONS -D_GLIBCXX_USE_CXX11_ABI=1 -D_GNU_SOURCE -D_LIBCPP_HARDENING_MODE=_LIBCPP_HARDENING_MODE_EXTENSIVE -D__STDC_CONSTANT_MACROS -D__STDC_FORMAT_MACROS -D__STDC_LIMIT_MACROS -I/home/jtuyls/iree-ai/llvm-aie-port/build/lib/Target/AIE/MCTargetDesc -I/home/jtuyls/iree-ai/llvm-aie-port/amd/aie/llvm/lib/Target/AIE/MCTargetDesc -I/home/jtuyls/iree-ai/llvm-aie-port/amd/aie/llvm/lib/Target/AIE -I/home/jtuyls/iree-ai/llvm-aie-port/build/lib/Target/AIE -I/home/jtuyls/iree-ai/llvm-aie-port/build/include -I/home/jtuyls/iree-ai/llvm-aie-port/llvm/include -I/home/jtuyls/iree-ai/llvm-aie-port/amd/aie/llvm/include -fPIC -fno-semantic-interposition -fvisibility-inlines-hidden -Werror=date-time -Wall -Wextra -Wno-unused-parameter -Wwrite-strings -Wcast-qual -Wno-missing-field-initializers -pedantic -Wno-long-long -Wimplicit-fallthrough -Wno-uninitialized -Wno-nonnull -Wno-class-memaccess -Wno-dangling-reference -Wno-redundant-move -Wno-pessimizing-move -Wno-array-bounds -Wno-stringop-overread -Wno-dangling-pointer -Wno-noexcept-type -Wdelete-non-virtual-dtor -Wsuggest-override -Wno-comment -Wno-misleading-indentation -Wctad-maybe-unsupported -fdiagnostics-color -ffunction-sections -fdata-sections -O3 -DNDEBUG -std=c++17 -fvisibility=hidden -UNDEBUG -fno-exceptions -funwind-tables -fno-rtti -MD -MT lib/Target/AIE/MCTargetDesc/CMakeFiles/LLVMAIEDesc.dir/AIE2MCFixupKinds.cpp.o -MF lib/Target/AIE/MCTargetDesc/CMakeFiles/LLVMAIEDesc.dir/AIE2MCFixupKinds.cpp.o.d -o lib/Target/AIE/MCTargetDesc/CMakeFiles/LLVMAIEDesc.dir/AIE2MCFixupKinds.cpp.o -c /home/jtuyls/iree-ai/llvm-aie-port/amd/aie/llvm/lib/Target/AIE/MCTargetDesc/AIE2MCFixupKinds.cpp
In file included from /home/jtuyls/iree-ai/llvm-aie-port/amd/aie/llvm/lib/Target/AIE/MCTargetDesc/AIE2MCFixupKinds.h:14,
                 from /home/jtuyls/iree-ai/llvm-aie-port/amd/aie/llvm/lib/Target/AIE/MCTargetDesc/AIE2MCFixupKinds.cpp:11:
/home/jtuyls/iree-ai/llvm-aie-port/amd/aie/llvm/lib/Target/AIE/MCTargetDesc/AIEMCFixupKinds.h:18:10: fatal error: llvm/MC/MCFixupKindInfo.h: No such file or directory
   18 | #include "llvm/MC/MCFixupKindInfo.h"
      |          ^~~~~~~~~~~~~~~~~~~~~~~~~~~
compilation terminated.
[199/238] Building CXX object lib/Target/AIE/MCTargetDesc/CMakeFiles/LLVMAIEDesc.dir/AIE2MCCodeEmitter.cpp.o
FAILED: lib/Target/AIE/MCTargetDesc/CMakeFiles/LLVMAIEDesc.dir/AIE2MCCodeEmitter.cpp.o 
CCACHE_CPP2=yes CCACHE_HASHDIR=yes CCACHE_SLOPPINESS=pch_defines,time_macros /usr/bin/ccache /usr/bin/g++ -D_DEBUG -D_GLIBCXX_ASSERTIONS -D_GLIBCXX_USE_CXX11_ABI=1 -D_GNU_SOURCE -D_LIBCPP_HARDENING_MODE=_LIBCPP_HARDENING_MODE_EXTENSIVE -D__STDC_CONSTANT_MACROS -D__STDC_FORMAT_MACROS -D__STDC_LIMIT_MACROS -I/home/jtuyls/iree-ai/llvm-aie-port/build/lib/Target/AIE/MCTargetDesc -I/home/jtuyls/iree-ai/llvm-aie-port/amd/aie/llvm/lib/Target/AIE/MCTargetDesc -I/home/jtuyls/iree-ai/llvm-aie-port/amd/aie/llvm/lib/Target/AIE -I/home/jtuyls/iree-ai/llvm-aie-port/build/lib/Target/AIE -I/home/jtuyls/iree-ai/llvm-aie-port/build/include -I/home/jtuyls/iree-ai/llvm-aie-port/llvm/include -I/home/jtuyls/iree-ai/llvm-aie-port/amd/aie/llvm/include -fPIC -fno-semantic-interposition -fvisibility-inlines-hidden -Werror=date-time -Wall -Wextra -Wno-unused-parameter -Wwrite-strings -Wcast-qual -Wno-missing-field-initializers -pedantic -Wno-long-long -Wimplicit-fallthrough -Wno-uninitialized -Wno-nonnull -Wno-class-memaccess -Wno-dangling-reference -Wno-redundant-move -Wno-pessimizing-move -Wno-array-bounds -Wno-stringop-overread -Wno-dangling-pointer -Wno-noexcept-type -Wdelete-non-virtual-dtor -Wsuggest-override -Wno-comment -Wno-misleading-indentation -Wctad-maybe-unsupported -fdiagnostics-color -ffunction-sections -fdata-sections -O3 -DNDEBUG -std=c++17 -fvisibility=hidden -UNDEBUG -fno-exceptions -funwind-tables -fno-rtti -MD -MT lib/Target/AIE/MCTargetDesc/CMakeFiles/LLVMAIEDesc.dir/AIE2MCCodeEmitter.cpp.o -MF lib/Target/AIE/MCTargetDesc/CMakeFiles/LLVMAIEDesc.dir/AIE2MCCodeEmitter.cpp.o.d -o lib/Target/AIE/MCTargetDesc/CMakeFiles/LLVMAIEDesc.dir/AIE2MCCodeEmitter.cpp.o -c /home/jtuyls/iree-ai/llvm-aie-port/amd/aie/llvm/lib/Target/AIE/MCTargetDesc/AIE2MCCodeEmitter.cpp
In file included from /home/jtuyls/iree-ai/llvm-aie-port/amd/aie/llvm/lib/Target/AIE/MCTargetDesc/AIEBaseMCCodeEmitter.h:15,
                 from /home/jtuyls/iree-ai/llvm-aie-port/amd/aie/llvm/lib/Target/AIE/MCTargetDesc/AIE2MCCodeEmitter.cpp:15:
/home/jtuyls/iree-ai/llvm-aie-port/amd/aie/llvm/lib/Target/AIE/MCTargetDesc/AIEMCFixupKinds.h:18:10: fatal error: llvm/MC/MCFixupKindInfo.h: No such file or directory
   18 | #include "llvm/MC/MCFixupKindInfo.h"
      |          ^~~~~~~~~~~~~~~~~~~~~~~~~~~
compilation terminated.
[200/238] Building CXX object lib/Target/AIE/MCTargetDesc/CMakeFiles/LLVMAIEDesc.dir/aie2p/AIE2PMCFixupKinds.cpp.o
FAILED: lib/Target/AIE/MCTargetDesc/CMakeFiles/LLVMAIEDesc.dir/aie2p/AIE2PMCFixupKinds.cpp.o 
CCACHE_CPP2=yes CCACHE_HASHDIR=yes CCACHE_SLOPPINESS=pch_defines,time_macros /usr/bin/ccache /usr/bin/g++ -D_DEBUG -D_GLIBCXX_ASSERTIONS -D_GLIBCXX_USE_CXX11_ABI=1 -D_GNU_SOURCE -D_LIBCPP_HARDENING_MODE=_LIBCPP_HARDENING_MODE_EXTENSIVE -D__STDC_CONSTANT_MACROS -D__STDC_FORMAT_MACROS -D__STDC_LIMIT_MACROS -I/home/jtuyls/iree-ai/llvm-aie-port/build/lib/Target/AIE/MCTargetDesc -I/home/jtuyls/iree-ai/llvm-aie-port/amd/aie/llvm/lib/Target/AIE/MCTargetDesc -I/home/jtuyls/iree-ai/llvm-aie-port/amd/aie/llvm/lib/Target/AIE -I/home/jtuyls/iree-ai/llvm-aie-port/build/lib/Target/AIE -I/home/jtuyls/iree-ai/llvm-aie-port/build/include -I/home/jtuyls/iree-ai/llvm-aie-port/llvm/include -I/home/jtuyls/iree-ai/llvm-aie-port/amd/aie/llvm/include -fPIC -fno-semantic-interposition -fvisibility-inlines-hidden -Werror=date-time -Wall -Wextra -Wno-unused-parameter -Wwrite-strings -Wcast-qual -Wno-missing-field-initializers -pedantic -Wno-long-long -Wimplicit-fallthrough -Wno-uninitialized -Wno-nonnull -Wno-class-memaccess -Wno-dangling-reference -Wno-redundant-move -Wno-pessimizing-move -Wno-array-bounds -Wno-stringop-overread -Wno-dangling-pointer -Wno-noexcept-type -Wdelete-non-virtual-dtor -Wsuggest-override -Wno-comment -Wno-misleading-indentation -Wctad-maybe-unsupported -fdiagnostics-color -ffunction-sections -fdata-sections -O3 -DNDEBUG -std=c++17 -fvisibility=hidden -UNDEBUG -fno-exceptions -funwind-tables -fno-rtti -MD -MT lib/Target/AIE/MCTargetDesc/CMakeFiles/LLVMAIEDesc.dir/aie2p/AIE2PMCFixupKinds.cpp.o -MF lib/Target/AIE/MCTargetDesc/CMakeFiles/LLVMAIEDesc.dir/aie2p/AIE2PMCFixupKinds.cpp.o.d -o lib/Target/AIE/MCTargetDesc/CMakeFiles/LLVMAIEDesc.dir/aie2p/AIE2PMCFixupKinds.cpp.o -c /home/jtuyls/iree-ai/llvm-aie-port/amd/aie/llvm/lib/Target/AIE/MCTargetDesc/aie2p/AIE2PMCFixupKinds.cpp
In file included from /home/jtuyls/iree-ai/llvm-aie-port/amd/aie/llvm/lib/Target/AIE/MCTargetDesc/aie2p/AIE2PMCFixupKinds.h:14,
                 from /home/jtuyls/iree-ai/llvm-aie-port/amd/aie/llvm/lib/Target/AIE/MCTargetDesc/aie2p/AIE2PMCFixupKinds.cpp:11:
/home/jtuyls/iree-ai/llvm-aie-port/amd/aie/llvm/lib/Target/AIE/MCTargetDesc/AIEMCFixupKinds.h:18:10: fatal error: llvm/MC/MCFixupKindInfo.h: No such file or directory
   18 | #include "llvm/MC/MCFixupKindInfo.h"
      |          ^~~~~~~~~~~~~~~~~~~~~~~~~~~
compilation terminated.
[201/238] Building CXX object lib/Target/AIE/MCTargetDesc/CMakeFiles/LLVMAIEDesc.dir/aie2p/AIE2PAsmBackend.cpp.o
FAILED: lib/Target/AIE/MCTargetDesc/CMakeFiles/LLVMAIEDesc.dir/aie2p/AIE2PAsmBackend.cpp.o 
CCACHE_CPP2=yes CCACHE_HASHDIR=yes CCACHE_SLOPPINESS=pch_defines,time_macros /usr/bin/ccache /usr/bin/g++ -D_DEBUG -D_GLIBCXX_ASSERTIONS -D_GLIBCXX_USE_CXX11_ABI=1 -D_GNU_SOURCE -D_LIBCPP_HARDENING_MODE=_LIBCPP_HARDENING_MODE_EXTENSIVE -D__STDC_CONSTANT_MACROS -D__STDC_FORMAT_MACROS -D__STDC_LIMIT_MACROS -I/home/jtuyls/iree-ai/llvm-aie-port/build/lib/Target/AIE/MCTargetDesc -I/home/jtuyls/iree-ai/llvm-aie-port/amd/aie/llvm/lib/Target/AIE/MCTargetDesc -I/home/jtuyls/iree-ai/llvm-aie-port/amd/aie/llvm/lib/Target/AIE -I/home/jtuyls/iree-ai/llvm-aie-port/build/lib/Target/AIE -I/home/jtuyls/iree-ai/llvm-aie-port/build/include -I/home/jtuyls/iree-ai/llvm-aie-port/llvm/include -I/home/jtuyls/iree-ai/llvm-aie-port/amd/aie/llvm/include -fPIC -fno-semantic-interposition -fvisibility-inlines-hidden -Werror=date-time -Wall -Wextra -Wno-unused-parameter -Wwrite-strings -Wcast-qual -Wno-missing-field-initializers -pedantic -Wno-long-long -Wimplicit-fallthrough -Wno-uninitialized -Wno-nonnull -Wno-class-memaccess -Wno-dangling-reference -Wno-redundant-move -Wno-pessimizing-move -Wno-array-bounds -Wno-stringop-overread -Wno-dangling-pointer -Wno-noexcept-type -Wdelete-non-virtual-dtor -Wsuggest-override -Wno-comment -Wno-misleading-indentation -Wctad-maybe-unsupported -fdiagnostics-color -ffunction-sections -fdata-sections -O3 -DNDEBUG -std=c++17 -fvisibility=hidden -UNDEBUG -fno-exceptions -funwind-tables -fno-rtti -MD -MT lib/Target/AIE/MCTargetDesc/CMakeFiles/LLVMAIEDesc.dir/aie2p/AIE2PAsmBackend.cpp.o -MF lib/Target/AIE/MCTargetDesc/CMakeFiles/LLVMAIEDesc.dir/aie2p/AIE2PAsmBackend.cpp.o.d -o lib/Target/AIE/MCTargetDesc/CMakeFiles/LLVMAIEDesc.dir/aie2p/AIE2PAsmBackend.cpp.o -c /home/jtuyls/iree-ai/llvm-aie-port/amd/aie/llvm/lib/Target/AIE/MCTargetDesc/aie2p/AIE2PAsmBackend.cpp
In file included from /home/jtuyls/iree-ai/llvm-aie-port/amd/aie/llvm/lib/Target/AIE/MCTargetDesc/AIEBaseAsmBackend.h:14,
                 from /home/jtuyls/iree-ai/llvm-aie-port/amd/aie/llvm/lib/Target/AIE/MCTargetDesc/aie2p/AIE2PAsmBackend.h:14,
                 from /home/jtuyls/iree-ai/llvm-aie-port/amd/aie/llvm/lib/Target/AIE/MCTargetDesc/aie2p/AIE2PAsmBackend.cpp:11:
/home/jtuyls/iree-ai/llvm-aie-port/amd/aie/llvm/lib/Target/AIE/MCTargetDesc/AIEMCFixupKinds.h:18:10: fatal error: llvm/MC/MCFixupKindInfo.h: No such file or directory
   18 | #include "llvm/MC/MCFixupKindInfo.h"
      |          ^~~~~~~~~~~~~~~~~~~~~~~~~~~
compilation terminated.
[202/238] Building CXX object lib/Target/AIE/MCTargetDesc/CMakeFiles/LLVMAIEDesc.dir/aie2p/AIE2PMCCodeEmitter.cpp.o
FAILED: lib/Target/AIE/MCTargetDesc/CMakeFiles/LLVMAIEDesc.dir/aie2p/AIE2PMCCodeEmitter.cpp.o 
CCACHE_CPP2=yes CCACHE_HASHDIR=yes CCACHE_SLOPPINESS=pch_defines,time_macros /usr/bin/ccache /usr/bin/g++ -D_DEBUG -D_GLIBCXX_ASSERTIONS -D_GLIBCXX_USE_CXX11_ABI=1 -D_GNU_SOURCE -D_LIBCPP_HARDENING_MODE=_LIBCPP_HARDENING_MODE_EXTENSIVE -D__STDC_CONSTANT_MACROS -D__STDC_FORMAT_MACROS -D__STDC_LIMIT_MACROS -I/home/jtuyls/iree-ai/llvm-aie-port/build/lib/Target/AIE/MCTargetDesc -I/home/jtuyls/iree-ai/llvm-aie-port/amd/aie/llvm/lib/Target/AIE/MCTargetDesc -I/home/jtuyls/iree-ai/llvm-aie-port/amd/aie/llvm/lib/Target/AIE -I/home/jtuyls/iree-ai/llvm-aie-port/build/lib/Target/AIE -I/home/jtuyls/iree-ai/llvm-aie-port/build/include -I/home/jtuyls/iree-ai/llvm-aie-port/llvm/include -I/home/jtuyls/iree-ai/llvm-aie-port/amd/aie/llvm/include -fPIC -fno-semantic-interposition -fvisibility-inlines-hidden -Werror=date-time -Wall -Wextra -Wno-unused-parameter -Wwrite-strings -Wcast-qual -Wno-missing-field-initializers -pedantic -Wno-long-long -Wimplicit-fallthrough -Wno-uninitialized -Wno-nonnull -Wno-class-memaccess -Wno-dangling-reference -Wno-redundant-move -Wno-pessimizing-move -Wno-array-bounds -Wno-stringop-overread -Wno-dangling-pointer -Wno-noexcept-type -Wdelete-non-virtual-dtor -Wsuggest-override -Wno-comment -Wno-misleading-indentation -Wctad-maybe-unsupported -fdiagnostics-color -ffunction-sections -fdata-sections -O3 -DNDEBUG -std=c++17 -fvisibility=hidden -UNDEBUG -fno-exceptions -funwind-tables -fno-rtti -MD -MT lib/Target/AIE/MCTargetDesc/CMakeFiles/LLVMAIEDesc.dir/aie2p/AIE2PMCCodeEmitter.cpp.o -MF lib/Target/AIE/MCTargetDesc/CMakeFiles/LLVMAIEDesc.dir/aie2p/AIE2PMCCodeEmitter.cpp.o.d -o lib/Target/AIE/MCTargetDesc/CMakeFiles/LLVMAIEDesc.dir/aie2p/AIE2PMCCodeEmitter.cpp.o -c /home/jtuyls/iree-ai/llvm-aie-port/amd/aie/llvm/lib/Target/AIE/MCTargetDesc/aie2p/AIE2PMCCodeEmitter.cpp
In file included from /home/jtuyls/iree-ai/llvm-aie-port/amd/aie/llvm/lib/Target/AIE/MCTargetDesc/AIEBaseMCCodeEmitter.h:15,
                 from /home/jtuyls/iree-ai/llvm-aie-port/amd/aie/llvm/lib/Target/AIE/MCTargetDesc/aie2p/AIE2PMCCodeEmitter.cpp:15:
/home/jtuyls/iree-ai/llvm-aie-port/amd/aie/llvm/lib/Target/AIE/MCTargetDesc/AIEMCFixupKinds.h:18:10: fatal error: llvm/MC/MCFixupKindInfo.h: No such file or directory
   18 | #include "llvm/MC/MCFixupKindInfo.h"
      |          ^~~~~~~~~~~~~~~~~~~~~~~~~~~
compilation terminated.
[203/238] Building CXX object lib/Target/AIE/CMakeFiles/LLVMAIECodeGen.dir/aie1/AIE1MachineBlockPlacement.cpp.o
[204/238] Building CXX object lib/Target/AIE/MCTargetDesc/CMakeFiles/LLVMAIEDesc.dir/aie2ps/AIE2PSMCFixupKinds.cpp.o
FAILED: lib/Target/AIE/MCTargetDesc/CMakeFiles/LLVMAIEDesc.dir/aie2ps/AIE2PSMCFixupKinds.cpp.o 
CCACHE_CPP2=yes CCACHE_HASHDIR=yes CCACHE_SLOPPINESS=pch_defines,time_macros /usr/bin/ccache /usr/bin/g++ -D_DEBUG -D_GLIBCXX_ASSERTIONS -D_GLIBCXX_USE_CXX11_ABI=1 -D_GNU_SOURCE -D_LIBCPP_HARDENING_MODE=_LIBCPP_HARDENING_MODE_EXTENSIVE -D__STDC_CONSTANT_MACROS -D__STDC_FORMAT_MACROS -D__STDC_LIMIT_MACROS -I/home/jtuyls/iree-ai/llvm-aie-port/build/lib/Target/AIE/MCTargetDesc -I/home/jtuyls/iree-ai/llvm-aie-port/amd/aie/llvm/lib/Target/AIE/MCTargetDesc -I/home/jtuyls/iree-ai/llvm-aie-port/amd/aie/llvm/lib/Target/AIE -I/home/jtuyls/iree-ai/llvm-aie-port/build/lib/Target/AIE -I/home/jtuyls/iree-ai/llvm-aie-port/build/include -I/home/jtuyls/iree-ai/llvm-aie-port/llvm/include -I/home/jtuyls/iree-ai/llvm-aie-port/amd/aie/llvm/include -fPIC -fno-semantic-interposition -fvisibility-inlines-hidden -Werror=date-time -Wall -Wextra -Wno-unused-parameter -Wwrite-strings -Wcast-qual -Wno-missing-field-initializers -pedantic -Wno-long-long -Wimplicit-fallthrough -Wno-uninitialized -Wno-nonnull -Wno-class-memaccess -Wno-dangling-reference -Wno-redundant-move -Wno-pessimizing-move -Wno-array-bounds -Wno-stringop-overread -Wno-dangling-pointer -Wno-noexcept-type -Wdelete-non-virtual-dtor -Wsuggest-override -Wno-comment -Wno-misleading-indentation -Wctad-maybe-unsupported -fdiagnostics-color -ffunction-sections -fdata-sections -O3 -DNDEBUG -std=c++17 -fvisibility=hidden -UNDEBUG -fno-exceptions -funwind-tables -fno-rtti -MD -MT lib/Target/AIE/MCTargetDesc/CMakeFiles/LLVMAIEDesc.dir/aie2ps/AIE2PSMCFixupKinds.cpp.o -MF lib/Target/AIE/MCTargetDesc/CMakeFiles/LLVMAIEDesc.dir/aie2ps/AIE2PSMCFixupKinds.cpp.o.d -o lib/Target/AIE/MCTargetDesc/CMakeFiles/LLVMAIEDesc.dir/aie2ps/AIE2PSMCFixupKinds.cpp.o -c /home/jtuyls/iree-ai/llvm-aie-port/amd/aie/llvm/lib/Target/AIE/MCTargetDesc/aie2ps/AIE2PSMCFixupKinds.cpp
In file included from /home/jtuyls/iree-ai/llvm-aie-port/amd/aie/llvm/lib/Target/AIE/MCTargetDesc/aie2ps/AIE2PSMCFixupKinds.h:14,
                 from /home/jtuyls/iree-ai/llvm-aie-port/amd/aie/llvm/lib/Target/AIE/MCTargetDesc/aie2ps/AIE2PSMCFixupKinds.cpp:11:
/home/jtuyls/iree-ai/llvm-aie-port/amd/aie/llvm/lib/Target/AIE/MCTargetDesc/AIEMCFixupKinds.h:18:10: fatal error: llvm/MC/MCFixupKindInfo.h: No such file or directory
   18 | #include "llvm/MC/MCFixupKindInfo.h"
      |          ^~~~~~~~~~~~~~~~~~~~~~~~~~~
compilation terminated.
[205/238] Building CXX object lib/Target/AIE/MCTargetDesc/CMakeFiles/LLVMAIEDesc.dir/aie2ps/AIE2PSMCCodeEmitter.cpp.o
FAILED: lib/Target/AIE/MCTargetDesc/CMakeFiles/LLVMAIEDesc.dir/aie2ps/AIE2PSMCCodeEmitter.cpp.o 
CCACHE_CPP2=yes CCACHE_HASHDIR=yes CCACHE_SLOPPINESS=pch_defines,time_macros /usr/bin/ccache /usr/bin/g++ -D_DEBUG -D_GLIBCXX_ASSERTIONS -D_GLIBCXX_USE_CXX11_ABI=1 -D_GNU_SOURCE -D_LIBCPP_HARDENING_MODE=_LIBCPP_HARDENING_MODE_EXTENSIVE -D__STDC_CONSTANT_MACROS -D__STDC_FORMAT_MACROS -D__STDC_LIMIT_MACROS -I/home/jtuyls/iree-ai/llvm-aie-port/build/lib/Target/AIE/MCTargetDesc -I/home/jtuyls/iree-ai/llvm-aie-port/amd/aie/llvm/lib/Target/AIE/MCTargetDesc -I/home/jtuyls/iree-ai/llvm-aie-port/amd/aie/llvm/lib/Target/AIE -I/home/jtuyls/iree-ai/llvm-aie-port/build/lib/Target/AIE -I/home/jtuyls/iree-ai/llvm-aie-port/build/include -I/home/jtuyls/iree-ai/llvm-aie-port/llvm/include -I/home/jtuyls/iree-ai/llvm-aie-port/amd/aie/llvm/include -fPIC -fno-semantic-interposition -fvisibility-inlines-hidden -Werror=date-time -Wall -Wextra -Wno-unused-parameter -Wwrite-strings -Wcast-qual -Wno-missing-field-initializers -pedantic -Wno-long-long -Wimplicit-fallthrough -Wno-uninitialized -Wno-nonnull -Wno-class-memaccess -Wno-dangling-reference -Wno-redundant-move -Wno-pessimizing-move -Wno-array-bounds -Wno-stringop-overread -Wno-dangling-pointer -Wno-noexcept-type -Wdelete-non-virtual-dtor -Wsuggest-override -Wno-comment -Wno-misleading-indentation -Wctad-maybe-unsupported -fdiagnostics-color -ffunction-sections -fdata-sections -O3 -DNDEBUG -std=c++17 -fvisibility=hidden -UNDEBUG -fno-exceptions -funwind-tables -fno-rtti -MD -MT lib/Target/AIE/MCTargetDesc/CMakeFiles/LLVMAIEDesc.dir/aie2ps/AIE2PSMCCodeEmitter.cpp.o -MF lib/Target/AIE/MCTargetDesc/CMakeFiles/LLVMAIEDesc.dir/aie2ps/AIE2PSMCCodeEmitter.cpp.o.d -o lib/Target/AIE/MCTargetDesc/CMakeFiles/LLVMAIEDesc.dir/aie2ps/AIE2PSMCCodeEmitter.cpp.o -c /home/jtuyls/iree-ai/llvm-aie-port/amd/aie/llvm/lib/Target/AIE/MCTargetDesc/aie2ps/AIE2PSMCCodeEmitter.cpp
In file included from /home/jtuyls/iree-ai/llvm-aie-port/amd/aie/llvm/lib/Target/AIE/MCTargetDesc/AIEBaseMCCodeEmitter.h:15,
                 from /home/jtuyls/iree-ai/llvm-aie-port/amd/aie/llvm/lib/Target/AIE/MCTargetDesc/aie2ps/AIE2PSMCCodeEmitter.cpp:15:
/home/jtuyls/iree-ai/llvm-aie-port/amd/aie/llvm/lib/Target/AIE/MCTargetDesc/AIEMCFixupKinds.h:18:10: fatal error: llvm/MC/MCFixupKindInfo.h: No such file or directory
   18 | #include "llvm/MC/MCFixupKindInfo.h"
      |          ^~~~~~~~~~~~~~~~~~~~~~~~~~~
compilation terminated.
[206/238] Building CXX object lib/Target/AIE/MCTargetDesc/CMakeFiles/LLVMAIEDesc.dir/aie2ps/AIE2PSAsmBackend.cpp.o
FAILED: lib/Target/AIE/MCTargetDesc/CMakeFiles/LLVMAIEDesc.dir/aie2ps/AIE2PSAsmBackend.cpp.o 
CCACHE_CPP2=yes CCACHE_HASHDIR=yes CCACHE_SLOPPINESS=pch_defines,time_macros /usr/bin/ccache /usr/bin/g++ -D_DEBUG -D_GLIBCXX_ASSERTIONS -D_GLIBCXX_USE_CXX11_ABI=1 -D_GNU_SOURCE -D_LIBCPP_HARDENING_MODE=_LIBCPP_HARDENING_MODE_EXTENSIVE -D__STDC_CONSTANT_MACROS -D__STDC_FORMAT_MACROS -D__STDC_LIMIT_MACROS -I/home/jtuyls/iree-ai/llvm-aie-port/build/lib/Target/AIE/MCTargetDesc -I/home/jtuyls/iree-ai/llvm-aie-port/amd/aie/llvm/lib/Target/AIE/MCTargetDesc -I/home/jtuyls/iree-ai/llvm-aie-port/amd/aie/llvm/lib/Target/AIE -I/home/jtuyls/iree-ai/llvm-aie-port/build/lib/Target/AIE -I/home/jtuyls/iree-ai/llvm-aie-port/build/include -I/home/jtuyls/iree-ai/llvm-aie-port/llvm/include -I/home/jtuyls/iree-ai/llvm-aie-port/amd/aie/llvm/include -fPIC -fno-semantic-interposition -fvisibility-inlines-hidden -Werror=date-time -Wall -Wextra -Wno-unused-parameter -Wwrite-strings -Wcast-qual -Wno-missing-field-initializers -pedantic -Wno-long-long -Wimplicit-fallthrough -Wno-uninitialized -Wno-nonnull -Wno-class-memaccess -Wno-dangling-reference -Wno-redundant-move -Wno-pessimizing-move -Wno-array-bounds -Wno-stringop-overread -Wno-dangling-pointer -Wno-noexcept-type -Wdelete-non-virtual-dtor -Wsuggest-override -Wno-comment -Wno-misleading-indentation -Wctad-maybe-unsupported -fdiagnostics-color -ffunction-sections -fdata-sections -O3 -DNDEBUG -std=c++17 -fvisibility=hidden -UNDEBUG -fno-exceptions -funwind-tables -fno-rtti -MD -MT lib/Target/AIE/MCTargetDesc/CMakeFiles/LLVMAIEDesc.dir/aie2ps/AIE2PSAsmBackend.cpp.o -MF lib/Target/AIE/MCTargetDesc/CMakeFiles/LLVMAIEDesc.dir/aie2ps/AIE2PSAsmBackend.cpp.o.d -o lib/Target/AIE/MCTargetDesc/CMakeFiles/LLVMAIEDesc.dir/aie2ps/AIE2PSAsmBackend.cpp.o -c /home/jtuyls/iree-ai/llvm-aie-port/amd/aie/llvm/lib/Target/AIE/MCTargetDesc/aie2ps/AIE2PSAsmBackend.cpp
In file included from /home/jtuyls/iree-ai/llvm-aie-port/amd/aie/llvm/lib/Target/AIE/MCTargetDesc/AIEBaseAsmBackend.h:14,
                 from /home/jtuyls/iree-ai/llvm-aie-port/amd/aie/llvm/lib/Target/AIE/MCTargetDesc/aie2ps/AIE2PSAsmBackend.h:15,
                 from /home/jtuyls/iree-ai/llvm-aie-port/amd/aie/llvm/lib/Target/AIE/MCTargetDesc/aie2ps/AIE2PSAsmBackend.cpp:11:
/home/jtuyls/iree-ai/llvm-aie-port/amd/aie/llvm/lib/Target/AIE/MCTargetDesc/AIEMCFixupKinds.h:18:10: fatal error: llvm/MC/MCFixupKindInfo.h: No such file or directory
   18 | #include "llvm/MC/MCFixupKindInfo.h"
      |          ^~~~~~~~~~~~~~~~~~~~~~~~~~~
compilation terminated.
[207/238] Building CXX object lib/Target/AIE/CMakeFiles/LLVMAIECodeGen.dir/ReservedRegsLICM.cpp.o
FAILED: lib/Target/AIE/CMakeFiles/LLVMAIECodeGen.dir/ReservedRegsLICM.cpp.o 
CCACHE_CPP2=yes CCACHE_HASHDIR=yes CCACHE_SLOPPINESS=pch_defines,time_macros /usr/bin/ccache /usr/bin/g++ -D_DEBUG -D_GLIBCXX_ASSERTIONS -D_GLIBCXX_USE_CXX11_ABI=1 -D_GNU_SOURCE -D_LIBCPP_HARDENING_MODE=_LIBCPP_HARDENING_MODE_EXTENSIVE -D__STDC_CONSTANT_MACROS -D__STDC_FORMAT_MACROS -D__STDC_LIMIT_MACROS -I/home/jtuyls/iree-ai/llvm-aie-port/build/lib/Target/AIE -I/home/jtuyls/iree-ai/llvm-aie-port/amd/aie/llvm/lib/Target/AIE -I/home/jtuyls/iree-ai/llvm-aie-port/build/include -I/home/jtuyls/iree-ai/llvm-aie-port/llvm/include -I/home/jtuyls/iree-ai/llvm-aie-port/amd/aie/llvm/include -fPIC -fno-semantic-interposition -fvisibility-inlines-hidden -Werror=date-time -Wall -Wextra -Wno-unused-parameter -Wwrite-strings -Wcast-qual -Wno-missing-field-initializers -pedantic -Wno-long-long -Wimplicit-fallthrough -Wno-uninitialized -Wno-nonnull -Wno-class-memaccess -Wno-dangling-reference -Wno-redundant-move -Wno-pessimizing-move -Wno-array-bounds -Wno-stringop-overread -Wno-dangling-pointer -Wno-noexcept-type -Wdelete-non-virtual-dtor -Wsuggest-override -Wno-comment -Wno-misleading-indentation -Wctad-maybe-unsupported -fdiagnostics-color -ffunction-sections -fdata-sections -O3 -DNDEBUG -std=c++17 -fvisibility=hidden -UNDEBUG -fno-exceptions -funwind-tables -fno-rtti -MD -MT lib/Target/AIE/CMakeFiles/LLVMAIECodeGen.dir/ReservedRegsLICM.cpp.o -MF lib/Target/AIE/CMakeFiles/LLVMAIECodeGen.dir/ReservedRegsLICM.cpp.o.d -o lib/Target/AIE/CMakeFiles/LLVMAIECodeGen.dir/ReservedRegsLICM.cpp.o -c /home/jtuyls/iree-ai/llvm-aie-port/amd/aie/llvm/lib/Target/AIE/ReservedRegsLICM.cpp
/home/jtuyls/iree-ai/llvm-aie-port/amd/aie/llvm/lib/Target/AIE/ReservedRegsLICM.cpp: In member function ‘{anonymous}::CandidateInfo* {anonymous}::Candidates::getInfo(const llvm::MachineInstr&)’:
/home/jtuyls/iree-ai/llvm-aie-port/amd/aie/llvm/lib/Target/AIE/ReservedRegsLICM.cpp:118:13: error: ‘const class llvm::TargetRegisterInfo’ has no member named ‘isSimplifiableReservedReg’
  118 |     if (TRI.isSimplifiableReservedReg(Reg)) {
      |             ^~~~~~~~~~~~~~~~~~~~~~~~~
/home/jtuyls/iree-ai/llvm-aie-port/amd/aie/llvm/lib/Target/AIE/ReservedRegsLICM.cpp: In member function ‘llvm::BitVector {anonymous}::ReservedRegsLICM::collectLoopReservedLiveins(const llvm::MachineLoop&)’:
/home/jtuyls/iree-ai/llvm-aie-port/amd/aie/llvm/lib/Target/AIE/ReservedRegsLICM.cpp:216:14: error: ‘class llvm::MachineRegisterInfo’ has no member named ‘canSimplifyPhysReg’
  216 |     if (MRI->canSimplifyPhysReg(PhysReg)) {
      |              ^~~~~~~~~~~~~~~~~~
[208/238] Building CXX object lib/Target/AIE/CMakeFiles/LLVMAIECodeGen.dir/AIEMCInstLower.cpp.o
FAILED: lib/Target/AIE/CMakeFiles/LLVMAIECodeGen.dir/AIEMCInstLower.cpp.o 
CCACHE_CPP2=yes CCACHE_HASHDIR=yes CCACHE_SLOPPINESS=pch_defines,time_macros /usr/bin/ccache /usr/bin/g++ -D_DEBUG -D_GLIBCXX_ASSERTIONS -D_GLIBCXX_USE_CXX11_ABI=1 -D_GNU_SOURCE -D_LIBCPP_HARDENING_MODE=_LIBCPP_HARDENING_MODE_EXTENSIVE -D__STDC_CONSTANT_MACROS -D__STDC_FORMAT_MACROS -D__STDC_LIMIT_MACROS -I/home/jtuyls/iree-ai/llvm-aie-port/build/lib/Target/AIE -I/home/jtuyls/iree-ai/llvm-aie-port/amd/aie/llvm/lib/Target/AIE -I/home/jtuyls/iree-ai/llvm-aie-port/build/include -I/home/jtuyls/iree-ai/llvm-aie-port/llvm/include -I/home/jtuyls/iree-ai/llvm-aie-port/amd/aie/llvm/include -fPIC -fno-semantic-interposition -fvisibility-inlines-hidden -Werror=date-time -Wall -Wextra -Wno-unused-parameter -Wwrite-strings -Wcast-qual -Wno-missing-field-initializers -pedantic -Wno-long-long -Wimplicit-fallthrough -Wno-uninitialized -Wno-nonnull -Wno-class-memaccess -Wno-dangling-reference -Wno-redundant-move -Wno-pessimizing-move -Wno-array-bounds -Wno-stringop-overread -Wno-dangling-pointer -Wno-noexcept-type -Wdelete-non-virtual-dtor -Wsuggest-override -Wno-comment -Wno-misleading-indentation -Wctad-maybe-unsupported -fdiagnostics-color -ffunction-sections -fdata-sections -O3 -DNDEBUG -std=c++17 -fvisibility=hidden -UNDEBUG -fno-exceptions -funwind-tables -fno-rtti -MD -MT lib/Target/AIE/CMakeFiles/LLVMAIECodeGen.dir/AIEMCInstLower.cpp.o -MF lib/Target/AIE/CMakeFiles/LLVMAIECodeGen.dir/AIEMCInstLower.cpp.o.d -o lib/Target/AIE/CMakeFiles/LLVMAIECodeGen.dir/AIEMCInstLower.cpp.o -c /home/jtuyls/iree-ai/llvm-aie-port/amd/aie/llvm/lib/Target/AIE/AIEMCInstLower.cpp
In file included from /home/jtuyls/iree-ai/llvm-aie-port/amd/aie/llvm/lib/Target/AIE/AIEMCInstLower.cpp:17:
/home/jtuyls/iree-ai/llvm-aie-port/amd/aie/llvm/lib/Target/AIE/MCTargetDesc/AIEMCExpr.h:53:8: error: ‘bool llvm::AIEMCExpr::evaluateAsRelocatableImpl(llvm::MCValue&, const llvm::MCAssembler*, const llvm::MCFixup*) const’ marked ‘override’, but does not override
   53 |   bool evaluateAsRelocatableImpl(MCValue &Res, const MCAssembler *Layout,
      |        ^~~~~~~~~~~~~~~~~~~~~~~~~
/home/jtuyls/iree-ai/llvm-aie-port/amd/aie/llvm/lib/Target/AIE/MCTargetDesc/AIEMCExpr.h:61:8: error: ‘void llvm::AIEMCExpr::fixELFSymbolsInTLSFixups(llvm::MCAssembler&) const’ marked ‘override’, but does not override
   61 |   void fixELFSymbolsInTLSFixups(MCAssembler &Asm) const override {}
      |        ^~~~~~~~~~~~~~~~~~~~~~~~
/home/jtuyls/iree-ai/llvm-aie-port/amd/aie/llvm/lib/Target/AIE/AIEMCInstLower.cpp: In function ‘llvm::MCOperand lowerSymbolOperand(const llvm::MachineOperand&, llvm::MCSymbol*, const llvm::AsmPrinter&)’:
/home/jtuyls/iree-ai/llvm-aie-port/amd/aie/llvm/lib/Target/AIE/AIEMCInstLower.cpp:65:53: error: ‘VK_None’ is not a member of ‘llvm::MCSymbolRefExpr’
   65 |       MCSymbolRefExpr::create(Sym, MCSymbolRefExpr::VK_None, Ctx);
      |                                                     ^~~~~~~
[209/238] Building CXX object lib/Target/AIE/Utils/CMakeFiles/LLVMAIEUtils.dir/AIELoopUtils.cpp.o
FAILED: lib/Target/AIE/Utils/CMakeFiles/LLVMAIEUtils.dir/AIELoopUtils.cpp.o 
CCACHE_CPP2=yes CCACHE_HASHDIR=yes CCACHE_SLOPPINESS=pch_defines,time_macros /usr/bin/ccache /usr/bin/g++ -D_DEBUG -D_GLIBCXX_ASSERTIONS -D_GLIBCXX_USE_CXX11_ABI=1 -D_GNU_SOURCE -D_LIBCPP_HARDENING_MODE=_LIBCPP_HARDENING_MODE_EXTENSIVE -D__STDC_CONSTANT_MACROS -D__STDC_FORMAT_MACROS -D__STDC_LIMIT_MACROS -I/home/jtuyls/iree-ai/llvm-aie-port/build/lib/Target/AIE/Utils -I/home/jtuyls/iree-ai/llvm-aie-port/amd/aie/llvm/lib/Target/AIE/Utils -I/home/jtuyls/iree-ai/llvm-aie-port/amd/aie/llvm/lib/Target/AIE -I/home/jtuyls/iree-ai/llvm-aie-port/build/lib/Target/AIE -I/home/jtuyls/iree-ai/llvm-aie-port/build/include -I/home/jtuyls/iree-ai/llvm-aie-port/llvm/include -I/home/jtuyls/iree-ai/llvm-aie-port/amd/aie/llvm/include -fPIC -fno-semantic-interposition -fvisibility-inlines-hidden -Werror=date-time -Wall -Wextra -Wno-unused-parameter -Wwrite-strings -Wcast-qual -Wno-missing-field-initializers -pedantic -Wno-long-long -Wimplicit-fallthrough -Wno-uninitialized -Wno-nonnull -Wno-class-memaccess -Wno-dangling-reference -Wno-redundant-move -Wno-pessimizing-move -Wno-array-bounds -Wno-stringop-overread -Wno-dangling-pointer -Wno-noexcept-type -Wdelete-non-virtual-dtor -Wsuggest-override -Wno-comment -Wno-misleading-indentation -Wctad-maybe-unsupported -fdiagnostics-color -ffunction-sections -fdata-sections -O3 -DNDEBUG -std=c++17 -fvisibility=hidden -UNDEBUG -fno-exceptions -funwind-tables -fno-rtti -MD -MT lib/Target/AIE/Utils/CMakeFiles/LLVMAIEUtils.dir/AIELoopUtils.cpp.o -MF lib/Target/AIE/Utils/CMakeFiles/LLVMAIEUtils.dir/AIELoopUtils.cpp.o.d -o lib/Target/AIE/Utils/CMakeFiles/LLVMAIEUtils.dir/AIELoopUtils.cpp.o -c /home/jtuyls/iree-ai/llvm-aie-port/amd/aie/llvm/lib/Target/AIE/Utils/AIELoopUtils.cpp
In file included from /home/jtuyls/iree-ai/llvm-aie-port/amd/aie/llvm/lib/Target/AIE/Utils/AIELoopUtils.cpp:11:
/home/jtuyls/iree-ai/llvm-aie-port/amd/aie/llvm/lib/Target/AIE/AIEBaseInstrInfo.h:24:10: fatal error: llvm/CodeGen/ResourceCycle.h: No such file or directory
   24 | #include "llvm/CodeGen/ResourceCycle.h"
      |          ^~~~~~~~~~~~~~~~~~~~~~~~~~~~~~
compilation terminated.
[210/238] Building CXX object lib/Target/AIE/MCTargetDesc/CMakeFiles/LLVMAIEDesc.dir/AIETargetAsmStreamer.cpp.o
[211/238] Building CXX object lib/Target/AIE/TargetInfo/CMakeFiles/LLVMAIEInfo.dir/AIETargetInfo.cpp.o
FAILED: lib/Target/AIE/TargetInfo/CMakeFiles/LLVMAIEInfo.dir/AIETargetInfo.cpp.o 
CCACHE_CPP2=yes CCACHE_HASHDIR=yes CCACHE_SLOPPINESS=pch_defines,time_macros /usr/bin/ccache /usr/bin/g++ -D_DEBUG -D_GLIBCXX_ASSERTIONS -D_GLIBCXX_USE_CXX11_ABI=1 -D_GNU_SOURCE -D_LIBCPP_HARDENING_MODE=_LIBCPP_HARDENING_MODE_EXTENSIVE -D__STDC_CONSTANT_MACROS -D__STDC_FORMAT_MACROS -D__STDC_LIMIT_MACROS -I/home/jtuyls/iree-ai/llvm-aie-port/build/lib/Target/AIE/TargetInfo -I/home/jtuyls/iree-ai/llvm-aie-port/amd/aie/llvm/lib/Target/AIE/TargetInfo -I/home/jtuyls/iree-ai/llvm-aie-port/amd/aie/llvm/lib/Target/AIE -I/home/jtuyls/iree-ai/llvm-aie-port/build/lib/Target/AIE -I/home/jtuyls/iree-ai/llvm-aie-port/build/include -I/home/jtuyls/iree-ai/llvm-aie-port/llvm/include -I/home/jtuyls/iree-ai/llvm-aie-port/amd/aie/llvm/include -fPIC -fno-semantic-interposition -fvisibility-inlines-hidden -Werror=date-time -Wall -Wextra -Wno-unused-parameter -Wwrite-strings -Wcast-qual -Wno-missing-field-initializers -pedantic -Wno-long-long -Wimplicit-fallthrough -Wno-uninitialized -Wno-nonnull -Wno-class-memaccess -Wno-dangling-reference -Wno-redundant-move -Wno-pessimizing-move -Wno-array-bounds -Wno-stringop-overread -Wno-dangling-pointer -Wno-noexcept-type -Wdelete-non-virtual-dtor -Wsuggest-override -Wno-comment -Wno-misleading-indentation -Wctad-maybe-unsupported -fdiagnostics-color -ffunction-sections -fdata-sections -O3 -DNDEBUG -std=c++17 -fvisibility=hidden -UNDEBUG -fno-exceptions -funwind-tables -fno-rtti -MD -MT lib/Target/AIE/TargetInfo/CMakeFiles/LLVMAIEInfo.dir/AIETargetInfo.cpp.o -MF lib/Target/AIE/TargetInfo/CMakeFiles/LLVMAIEInfo.dir/AIETargetInfo.cpp.o.d -o lib/Target/AIE/TargetInfo/CMakeFiles/LLVMAIEInfo.dir/AIETargetInfo.cpp.o -c /home/jtuyls/iree-ai/llvm-aie-port/amd/aie/llvm/lib/Target/AIE/TargetInfo/AIETargetInfo.cpp
/home/jtuyls/iree-ai/llvm-aie-port/amd/aie/llvm/lib/Target/AIE/TargetInfo/AIETargetInfo.cpp: In function ‘void LLVMInitializeAIETargetInfo()’:
/home/jtuyls/iree-ai/llvm-aie-port/amd/aie/llvm/lib/Target/AIE/TargetInfo/AIETargetInfo.cpp:39:26: error: ‘aie’ is not a member of ‘llvm::Triple’
   39 |   RegisterTarget<Triple::aie> X(getTheAIETarget(), "aie", "Xilinx AI Engine",
      |                          ^~~
/home/jtuyls/iree-ai/llvm-aie-port/amd/aie/llvm/lib/Target/AIE/TargetInfo/AIETargetInfo.cpp:39:29: error: template argument 1 is invalid
   39 |   RegisterTarget<Triple::aie> X(getTheAIETarget(), "aie", "Xilinx AI Engine",
      |                             ^
/home/jtuyls/iree-ai/llvm-aie-port/amd/aie/llvm/lib/Target/AIE/TargetInfo/AIETargetInfo.cpp:40:38: error: expression list treated as compound expression in initializer [-fpermissive]
   40 |                                 "AIE");
      |                                      ^
/home/jtuyls/iree-ai/llvm-aie-port/amd/aie/llvm/lib/Target/AIE/TargetInfo/AIETargetInfo.cpp:40:38: warning: right operand of comma operator has no effect [-Wunused-value]
/home/jtuyls/iree-ai/llvm-aie-port/amd/aie/llvm/lib/Target/AIE/TargetInfo/AIETargetInfo.cpp:40:38: warning: right operand of comma operator has no effect [-Wunused-value]
/home/jtuyls/iree-ai/llvm-aie-port/amd/aie/llvm/lib/Target/AIE/TargetInfo/AIETargetInfo.cpp:40:38: error: invalid conversion from ‘const char*’ to ‘int’ [-fpermissive]
   40 |                                 "AIE");
      |                                      ^
      |                                      |
      |                                      const char*
/home/jtuyls/iree-ai/llvm-aie-port/amd/aie/llvm/lib/Target/AIE/TargetInfo/AIETargetInfo.cpp:41:26: error: ‘aie2’ is not a member of ‘llvm::Triple’
   41 |   RegisterTarget<Triple::aie2> Y(getTheAIE2Target(), "aie2",
      |                          ^~~~
/home/jtuyls/iree-ai/llvm-aie-port/amd/aie/llvm/lib/Target/AIE/TargetInfo/AIETargetInfo.cpp:41:30: error: template argument 1 is invalid
   41 |   RegisterTarget<Triple::aie2> Y(getTheAIE2Target(), "aie2",
      |                              ^
/home/jtuyls/iree-ai/llvm-aie-port/amd/aie/llvm/lib/Target/AIE/TargetInfo/AIETargetInfo.cpp:42:61: error: expression list treated as compound expression in initializer [-fpermissive]
   42 |                                  "Xilinx AIML Engine", "AIE");
      |                                                             ^
/home/jtuyls/iree-ai/llvm-aie-port/amd/aie/llvm/lib/Target/AIE/TargetInfo/AIETargetInfo.cpp:42:61: warning: right operand of comma operator has no effect [-Wunused-value]
/home/jtuyls/iree-ai/llvm-aie-port/amd/aie/llvm/lib/Target/AIE/TargetInfo/AIETargetInfo.cpp:42:61: warning: right operand of comma operator has no effect [-Wunused-value]
/home/jtuyls/iree-ai/llvm-aie-port/amd/aie/llvm/lib/Target/AIE/TargetInfo/AIETargetInfo.cpp:42:61: error: invalid conversion from ‘const char*’ to ‘int’ [-fpermissive]
   42 |                                  "Xilinx AIML Engine", "AIE");
      |                                                             ^
      |                                                             |
      |                                                             const char*
/home/jtuyls/iree-ai/llvm-aie-port/amd/aie/llvm/lib/Target/AIE/TargetInfo/AIETargetInfo.cpp:43:26: error: ‘aie2p’ is not a member of ‘llvm::Triple’
   43 |   RegisterTarget<Triple::aie2p> A(getTheAIE2PTarget(), "aie2p",
      |                          ^~~~~
/home/jtuyls/iree-ai/llvm-aie-port/amd/aie/llvm/lib/Target/AIE/TargetInfo/AIETargetInfo.cpp:43:31: error: template argument 1 is invalid
   43 |   RegisterTarget<Triple::aie2p> A(getTheAIE2PTarget(), "aie2p",
      |                               ^
/home/jtuyls/iree-ai/llvm-aie-port/amd/aie/llvm/lib/Target/AIE/TargetInfo/AIETargetInfo.cpp:44:60: error: expression list treated as compound expression in initializer [-fpermissive]
   44 |                                   "AMD AIE2p Engine", "AIE");
      |                                                            ^
/home/jtuyls/iree-ai/llvm-aie-port/amd/aie/llvm/lib/Target/AIE/TargetInfo/AIETargetInfo.cpp:44:60: warning: right operand of comma operator has no effect [-Wunused-value]
/home/jtuyls/iree-ai/llvm-aie-port/amd/aie/llvm/lib/Target/AIE/TargetInfo/AIETargetInfo.cpp:44:60: warning: right operand of comma operator has no effect [-Wunused-value]
/home/jtuyls/iree-ai/llvm-aie-port/amd/aie/llvm/lib/Target/AIE/TargetInfo/AIETargetInfo.cpp:44:60: error: invalid conversion from ‘const char*’ to ‘int’ [-fpermissive]
   44 |                                   "AMD AIE2p Engine", "AIE");
      |                                                            ^
      |                                                            |
      |                                                            const char*
/home/jtuyls/iree-ai/llvm-aie-port/amd/aie/llvm/lib/Target/AIE/TargetInfo/AIETargetInfo.cpp:45:26: error: ‘aie2ps’ is not a member of ‘llvm::Triple’
   45 |   RegisterTarget<Triple::aie2ps> B(getTheAIE2PSTarget(), "aie2ps",
      |                          ^~~~~~
/home/jtuyls/iree-ai/llvm-aie-port/amd/aie/llvm/lib/Target/AIE/TargetInfo/AIETargetInfo.cpp:45:32: error: template argument 1 is invalid
   45 |   RegisterTarget<Triple::aie2ps> B(getTheAIE2PSTarget(), "aie2ps",
      |                                ^
/home/jtuyls/iree-ai/llvm-aie-port/amd/aie/llvm/lib/Target/AIE/TargetInfo/AIETargetInfo.cpp:46:62: error: expression list treated as compound expression in initializer [-fpermissive]
   46 |                                    "AMD AIE2ps Engine", "AIE");
      |                                                              ^
/home/jtuyls/iree-ai/llvm-aie-port/amd/aie/llvm/lib/Target/AIE/TargetInfo/AIETargetInfo.cpp:46:62: warning: right operand of comma operator has no effect [-Wunused-value]
/home/jtuyls/iree-ai/llvm-aie-port/amd/aie/llvm/lib/Target/AIE/TargetInfo/AIETargetInfo.cpp:46:62: warning: right operand of comma operator has no effect [-Wunused-value]
/home/jtuyls/iree-ai/llvm-aie-port/amd/aie/llvm/lib/Target/AIE/TargetInfo/AIETargetInfo.cpp:46:62: error: invalid conversion from ‘const char*’ to ‘int’ [-fpermissive]
   46 |                                    "AMD AIE2ps Engine", "AIE");
      |                                                              ^
      |                                                              |
      |                                                              const char*
/home/jtuyls/iree-ai/llvm-aie-port/amd/aie/llvm/lib/Target/AIE/TargetInfo/AIETargetInfo.cpp:39:31: warning: unused variable ‘X’ [-Wunused-variable]
   39 |   RegisterTarget<Triple::aie> X(getTheAIETarget(), "aie", "Xilinx AI Engine",
      |                               ^
/home/jtuyls/iree-ai/llvm-aie-port/amd/aie/llvm/lib/Target/AIE/TargetInfo/AIETargetInfo.cpp:41:32: warning: unused variable ‘Y’ [-Wunused-variable]
   41 |   RegisterTarget<Triple::aie2> Y(getTheAIE2Target(), "aie2",
      |                                ^
/home/jtuyls/iree-ai/llvm-aie-port/amd/aie/llvm/lib/Target/AIE/TargetInfo/AIETargetInfo.cpp:43:33: warning: unused variable ‘A’ [-Wunused-variable]
   43 |   RegisterTarget<Triple::aie2p> A(getTheAIE2PTarget(), "aie2p",
      |                                 ^
/home/jtuyls/iree-ai/llvm-aie-port/amd/aie/llvm/lib/Target/AIE/TargetInfo/AIETargetInfo.cpp:45:34: warning: unused variable ‘B’ [-Wunused-variable]
   45 |   RegisterTarget<Triple::aie2ps> B(getTheAIE2PSTarget(), "aie2ps",
      |                                  ^
[212/238] Building CXX object lib/Target/AIE/Utils/CMakeFiles/LLVMAIEUtils.dir/AIEBaseInfo.cpp.o
[213/238] Building CXX object lib/Target/AIE/MCTargetDesc/CMakeFiles/LLVMAIEDesc.dir/AIE2MCTargetDesc.cpp.o
[214/238] Building CXX object lib/Target/AIE/MCTargetDesc/CMakeFiles/LLVMAIEDesc.dir/AIEFormat.cpp.o
[215/238] Building CXX object lib/Target/AIE/MCTargetDesc/CMakeFiles/LLVMAIEDesc.dir/aie2p/AIE2PMCTargetDesc.cpp.o
[216/238] Building CXX object lib/Target/AIE/MCTargetDesc/CMakeFiles/LLVMAIEDesc.dir/aie2ps/AIE2PSMCTargetDesc.cpp.o
[217/238] Building CXX object lib/Target/AIE/MCTargetDesc/CMakeFiles/LLVMAIEDesc.dir/AIEMCExpr.cpp.o
FAILED: lib/Target/AIE/MCTargetDesc/CMakeFiles/LLVMAIEDesc.dir/AIEMCExpr.cpp.o 
CCACHE_CPP2=yes CCACHE_HASHDIR=yes CCACHE_SLOPPINESS=pch_defines,time_macros /usr/bin/ccache /usr/bin/g++ -D_DEBUG -D_GLIBCXX_ASSERTIONS -D_GLIBCXX_USE_CXX11_ABI=1 -D_GNU_SOURCE -D_LIBCPP_HARDENING_MODE=_LIBCPP_HARDENING_MODE_EXTENSIVE -D__STDC_CONSTANT_MACROS -D__STDC_FORMAT_MACROS -D__STDC_LIMIT_MACROS -I/home/jtuyls/iree-ai/llvm-aie-port/build/lib/Target/AIE/MCTargetDesc -I/home/jtuyls/iree-ai/llvm-aie-port/amd/aie/llvm/lib/Target/AIE/MCTargetDesc -I/home/jtuyls/iree-ai/llvm-aie-port/amd/aie/llvm/lib/Target/AIE -I/home/jtuyls/iree-ai/llvm-aie-port/build/lib/Target/AIE -I/home/jtuyls/iree-ai/llvm-aie-port/build/include -I/home/jtuyls/iree-ai/llvm-aie-port/llvm/include -I/home/jtuyls/iree-ai/llvm-aie-port/amd/aie/llvm/include -fPIC -fno-semantic-interposition -fvisibility-inlines-hidden -Werror=date-time -Wall -Wextra -Wno-unused-parameter -Wwrite-strings -Wcast-qual -Wno-missing-field-initializers -pedantic -Wno-long-long -Wimplicit-fallthrough -Wno-uninitialized -Wno-nonnull -Wno-class-memaccess -Wno-dangling-reference -Wno-redundant-move -Wno-pessimizing-move -Wno-array-bounds -Wno-stringop-overread -Wno-dangling-pointer -Wno-noexcept-type -Wdelete-non-virtual-dtor -Wsuggest-override -Wno-comment -Wno-misleading-indentation -Wctad-maybe-unsupported -fdiagnostics-color -ffunction-sections -fdata-sections -O3 -DNDEBUG -std=c++17 -fvisibility=hidden -UNDEBUG -fno-exceptions -funwind-tables -fno-rtti -MD -MT lib/Target/AIE/MCTargetDesc/CMakeFiles/LLVMAIEDesc.dir/AIEMCExpr.cpp.o -MF lib/Target/AIE/MCTargetDesc/CMakeFiles/LLVMAIEDesc.dir/AIEMCExpr.cpp.o.d -o lib/Target/AIE/MCTargetDesc/CMakeFiles/LLVMAIEDesc.dir/AIEMCExpr.cpp.o -c /home/jtuyls/iree-ai/llvm-aie-port/amd/aie/llvm/lib/Target/AIE/MCTargetDesc/AIEMCExpr.cpp
In file included from /home/jtuyls/iree-ai/llvm-aie-port/amd/aie/llvm/lib/Target/AIE/MCTargetDesc/AIEMCExpr.cpp:16:
/home/jtuyls/iree-ai/llvm-aie-port/amd/aie/llvm/lib/Target/AIE/MCTargetDesc/AIEMCExpr.h:53:8: error: ‘bool llvm::AIEMCExpr::evaluateAsRelocatableImpl(llvm::MCValue&, const llvm::MCAssembler*, const llvm::MCFixup*) const’ marked ‘override’, but does not override
   53 |   bool evaluateAsRelocatableImpl(MCValue &Res, const MCAssembler *Layout,
      |        ^~~~~~~~~~~~~~~~~~~~~~~~~
/home/jtuyls/iree-ai/llvm-aie-port/amd/aie/llvm/lib/Target/AIE/MCTargetDesc/AIEMCExpr.h:61:8: error: ‘void llvm::AIEMCExpr::fixELFSymbolsInTLSFixups(llvm::MCAssembler&) const’ marked ‘override’, but does not override
   61 |   void fixELFSymbolsInTLSFixups(MCAssembler &Asm) const override {}
      |        ^~~~~~~~~~~~~~~~~~~~~~~~
/home/jtuyls/iree-ai/llvm-aie-port/amd/aie/llvm/lib/Target/AIE/MCTargetDesc/AIEMCExpr.cpp: In static member function ‘static const llvm::AIEMCExpr* llvm::AIEMCExpr::create(const llvm::MCExpr*, VariantKind, llvm::MCContext&)’:
/home/jtuyls/iree-ai/llvm-aie-port/amd/aie/llvm/lib/Target/AIE/MCTargetDesc/AIEMCExpr.cpp:31:40: error: invalid new-expression of abstract class type ‘llvm::AIEMCExpr’
   31 |   return new (Ctx) AIEMCExpr(Expr, Kind);
      |                                        ^
/home/jtuyls/iree-ai/llvm-aie-port/amd/aie/llvm/lib/Target/AIE/MCTargetDesc/AIEMCExpr.h:26:7: note:   because the following virtual functions are pure within ‘llvm::AIEMCExpr’:
   26 | class AIEMCExpr : public MCTargetExpr {
      |       ^~~~~~~~~
In file included from /home/jtuyls/iree-ai/llvm-aie-port/llvm/include/llvm/MC/MCSymbol.h:18,
                 from /home/jtuyls/iree-ai/llvm-aie-port/llvm/include/llvm/MC/MCAssembler.h:19,
                 from /home/jtuyls/iree-ai/llvm-aie-port/amd/aie/llvm/lib/Target/AIE/MCTargetDesc/AIEMCExpr.h:19:
/home/jtuyls/iree-ai/llvm-aie-port/llvm/include/llvm/MC/MCExpr.h:474:16: note:     ‘virtual bool llvm::MCTargetExpr::evaluateAsRelocatableImpl(llvm::MCValue&, const llvm::MCAssembler*) const’
  474 |   virtual bool evaluateAsRelocatableImpl(MCValue &Res,
      |                ^~~~~~~~~~~~~~~~~~~~~~~~~
/home/jtuyls/iree-ai/llvm-aie-port/amd/aie/llvm/lib/Target/AIE/MCTargetDesc/AIEMCExpr.cpp: In member function ‘virtual void llvm::AIEMCExpr::printImpl(llvm::raw_ostream&, const llvm::MCAsmInfo*) const’:
/home/jtuyls/iree-ai/llvm-aie-port/amd/aie/llvm/lib/Target/AIE/MCTargetDesc/AIEMCExpr.cpp:40:14: error: ‘void llvm::MCExpr::print(llvm::raw_ostream&, const llvm::MCAsmInfo*, int) const’ is private within this context
   40 |   Expr->print(OS, MAI);
      |   ~~~~~~~~~~~^~~~~~~~~
/home/jtuyls/iree-ai/llvm-aie-port/llvm/include/llvm/MC/MCExpr.h:60:8: note: declared private here
   60 |   void print(raw_ostream &OS, const MCAsmInfo *MAI,
      |        ^~~~~
/home/jtuyls/iree-ai/llvm-aie-port/amd/aie/llvm/lib/Target/AIE/MCTargetDesc/AIEMCExpr.cpp: In member function ‘bool llvm::AIEMCExpr::evaluateAsRelocatableImpl(llvm::MCValue&, const llvm::MCAssembler*, const llvm::MCFixup*) const’:
/home/jtuyls/iree-ai/llvm-aie-port/amd/aie/llvm/lib/Target/AIE/MCTargetDesc/AIEMCExpr.cpp:52:43: error: no matching function for call to ‘llvm::MCExpr::evaluateAsRelocatable(llvm::MCValue&, const llvm::MCAssembler*&, const llvm::MCFixup*&) const’
   52 |   if (!getSubExpr()->evaluateAsRelocatable(Res, Layout, Fixup))
      |        ~~~~~~~~~~~~~~~~~~~~~~~~~~~~~~~~~~~^~~~~~~~~~~~~~~~~~~~
/home/jtuyls/iree-ai/llvm-aie-port/llvm/include/llvm/MC/MCExpr.h:118:17: note: candidate: ‘bool llvm::MCExpr::evaluateAsRelocatable(llvm::MCValue&, const llvm::MCAssembler*) const’
  118 |   LLVM_ABI bool evaluateAsRelocatable(MCValue &Res,
      |                 ^~~~~~~~~~~~~~~~~~~~~
/home/jtuyls/iree-ai/llvm-aie-port/llvm/include/llvm/MC/MCExpr.h:118:17: note:   candidate expects 2 arguments, 3 provided
/home/jtuyls/iree-ai/llvm-aie-port/amd/aie/llvm/lib/Target/AIE/MCTargetDesc/AIEMCExpr.cpp: In member function ‘bool llvm::AIEMCExpr::evaluateAsConstant(int64_t&) const’:
/home/jtuyls/iree-ai/llvm-aie-port/amd/aie/llvm/lib/Target/AIE/MCTargetDesc/AIEMCExpr.cpp:100:43: error: no matching function for call to ‘llvm::MCExpr::evaluateAsRelocatable(llvm::MCValue&, std::nullptr_t, std::nullptr_t) const’
  100 |   if (!getSubExpr()->evaluateAsRelocatable(Value, nullptr, nullptr))
      |        ~~~~~~~~~~~~~~~~~~~~~~~~~~~~~~~~~~~^~~~~~~~~~~~~~~~~~~~~~~~~
/home/jtuyls/iree-ai/llvm-aie-port/llvm/include/llvm/MC/MCExpr.h:118:17: note: candidate: ‘bool llvm::MCExpr::evaluateAsRelocatable(llvm::MCValue&, const llvm::MCAssembler*) const’
  118 |   LLVM_ABI bool evaluateAsRelocatable(MCValue &Res,
      |                 ^~~~~~~~~~~~~~~~~~~~~
/home/jtuyls/iree-ai/llvm-aie-port/llvm/include/llvm/MC/MCExpr.h:118:17: note:   candidate expects 2 arguments, 3 provided
[218/238] Building CXX object lib/Target/AIE/MCTargetDesc/CMakeFiles/LLVMAIEDesc.dir/AIEBaseMCFormats.cpp.o
[219/238] Building CXX object lib/Target/AIE/MCTargetDesc/CMakeFiles/LLVMAIEDesc.dir/AIETargetELFStreamer.cpp.o
FAILED: lib/Target/AIE/MCTargetDesc/CMakeFiles/LLVMAIEDesc.dir/AIETargetELFStreamer.cpp.o 
CCACHE_CPP2=yes CCACHE_HASHDIR=yes CCACHE_SLOPPINESS=pch_defines,time_macros /usr/bin/ccache /usr/bin/g++ -D_DEBUG -D_GLIBCXX_ASSERTIONS -D_GLIBCXX_USE_CXX11_ABI=1 -D_GNU_SOURCE -D_LIBCPP_HARDENING_MODE=_LIBCPP_HARDENING_MODE_EXTENSIVE -D__STDC_CONSTANT_MACROS -D__STDC_FORMAT_MACROS -D__STDC_LIMIT_MACROS -I/home/jtuyls/iree-ai/llvm-aie-port/build/lib/Target/AIE/MCTargetDesc -I/home/jtuyls/iree-ai/llvm-aie-port/amd/aie/llvm/lib/Target/AIE/MCTargetDesc -I/home/jtuyls/iree-ai/llvm-aie-port/amd/aie/llvm/lib/Target/AIE -I/home/jtuyls/iree-ai/llvm-aie-port/build/lib/Target/AIE -I/home/jtuyls/iree-ai/llvm-aie-port/build/include -I/home/jtuyls/iree-ai/llvm-aie-port/llvm/include -I/home/jtuyls/iree-ai/llvm-aie-port/amd/aie/llvm/include -fPIC -fno-semantic-interposition -fvisibility-inlines-hidden -Werror=date-time -Wall -Wextra -Wno-unused-parameter -Wwrite-strings -Wcast-qual -Wno-missing-field-initializers -pedantic -Wno-long-long -Wimplicit-fallthrough -Wno-uninitialized -Wno-nonnull -Wno-class-memaccess -Wno-dangling-reference -Wno-redundant-move -Wno-pessimizing-move -Wno-array-bounds -Wno-stringop-overread -Wno-dangling-pointer -Wno-noexcept-type -Wdelete-non-virtual-dtor -Wsuggest-override -Wno-comment -Wno-misleading-indentation -Wctad-maybe-unsupported -fdiagnostics-color -ffunction-sections -fdata-sections -O3 -DNDEBUG -std=c++17 -fvisibility=hidden -UNDEBUG -fno-exceptions -funwind-tables -fno-rtti -MD -MT lib/Target/AIE/MCTargetDesc/CMakeFiles/LLVMAIEDesc.dir/AIETargetELFStreamer.cpp.o -MF lib/Target/AIE/MCTargetDesc/CMakeFiles/LLVMAIEDesc.dir/AIETargetELFStreamer.cpp.o.d -o lib/Target/AIE/MCTargetDesc/CMakeFiles/LLVMAIEDesc.dir/AIETargetELFStreamer.cpp.o -c /home/jtuyls/iree-ai/llvm-aie-port/amd/aie/llvm/lib/Target/AIE/MCTargetDesc/AIETargetELFStreamer.cpp
/home/jtuyls/iree-ai/llvm-aie-port/amd/aie/llvm/lib/Target/AIE/MCTargetDesc/AIETargetELFStreamer.cpp: In constructor ‘llvm::AIETargetELFStreamer::AIETargetELFStreamer(llvm::MCStreamer&, const llvm::MCSubtargetInfo&)’:
/home/jtuyls/iree-ai/llvm-aie-port/amd/aie/llvm/lib/Target/AIE/MCTargetDesc/AIETargetELFStreamer.cpp:38:16: error: ‘aie’ is not a member of ‘llvm::Triple’
   38 |   case Triple::aie:
      |                ^~~
/home/jtuyls/iree-ai/llvm-aie-port/amd/aie/llvm/lib/Target/AIE/MCTargetDesc/AIETargetELFStreamer.cpp:39:19: error: ‘EF_AIE_AIE1’ is not a member of ‘llvm::ELF’
   39 |     EFlags = ELF::EF_AIE_AIE1;
      |                   ^~~~~~~~~~~
/home/jtuyls/iree-ai/llvm-aie-port/amd/aie/llvm/lib/Target/AIE/MCTargetDesc/AIETargetELFStreamer.cpp:41:16: error: ‘aie2’ is not a member of ‘llvm::Triple’
   41 |   case Triple::aie2:
      |                ^~~~
/home/jtuyls/iree-ai/llvm-aie-port/amd/aie/llvm/lib/Target/AIE/MCTargetDesc/AIETargetELFStreamer.cpp:42:19: error: ‘EF_AIE_AIE2’ is not a member of ‘llvm::ELF’
   42 |     EFlags = ELF::EF_AIE_AIE2;
      |                   ^~~~~~~~~~~
/home/jtuyls/iree-ai/llvm-aie-port/amd/aie/llvm/lib/Target/AIE/MCTargetDesc/AIETargetELFStreamer.cpp:44:16: error: ‘aie2p’ is not a member of ‘llvm::Triple’
   44 |   case Triple::aie2p:
      |                ^~~~~
/home/jtuyls/iree-ai/llvm-aie-port/amd/aie/llvm/lib/Target/AIE/MCTargetDesc/AIETargetELFStreamer.cpp:45:19: error: ‘EF_AIE_AIE2P’ is not a member of ‘llvm::ELF’
   45 |     EFlags = ELF::EF_AIE_AIE2P;
      |                   ^~~~~~~~~~~~
/home/jtuyls/iree-ai/llvm-aie-port/amd/aie/llvm/lib/Target/AIE/MCTargetDesc/AIETargetELFStreamer.cpp:47:16: error: ‘aie2ps’ is not a member of ‘llvm::Triple’
   47 |   case Triple::aie2ps:
      |                ^~~~~~
/home/jtuyls/iree-ai/llvm-aie-port/amd/aie/llvm/lib/Target/AIE/MCTargetDesc/AIETargetELFStreamer.cpp:48:19: error: ‘EF_AIE_AIE2PS’ is not a member of ‘llvm::ELF’
   48 |     EFlags = ELF::EF_AIE_AIE2PS;
      |                   ^~~~~~~~~~~~~
[220/238] Building CXX object lib/Target/AIE/Utils/CMakeFiles/LLVMAIEUtils.dir/AIEMachineBasicBlockUtils.cpp.o
[221/238] Building CXX object lib/Target/AIE/MCTargetDesc/CMakeFiles/LLVMAIEDesc.dir/AIEMCInstrInfo.cpp.o
FAILED: lib/Target/AIE/MCTargetDesc/CMakeFiles/LLVMAIEDesc.dir/AIEMCInstrInfo.cpp.o 
CCACHE_CPP2=yes CCACHE_HASHDIR=yes CCACHE_SLOPPINESS=pch_defines,time_macros /usr/bin/ccache /usr/bin/g++ -D_DEBUG -D_GLIBCXX_ASSERTIONS -D_GLIBCXX_USE_CXX11_ABI=1 -D_GNU_SOURCE -D_LIBCPP_HARDENING_MODE=_LIBCPP_HARDENING_MODE_EXTENSIVE -D__STDC_CONSTANT_MACROS -D__STDC_FORMAT_MACROS -D__STDC_LIMIT_MACROS -I/home/jtuyls/iree-ai/llvm-aie-port/build/lib/Target/AIE/MCTargetDesc -I/home/jtuyls/iree-ai/llvm-aie-port/amd/aie/llvm/lib/Target/AIE/MCTargetDesc -I/home/jtuyls/iree-ai/llvm-aie-port/amd/aie/llvm/lib/Target/AIE -I/home/jtuyls/iree-ai/llvm-aie-port/build/lib/Target/AIE -I/home/jtuyls/iree-ai/llvm-aie-port/build/include -I/home/jtuyls/iree-ai/llvm-aie-port/llvm/include -I/home/jtuyls/iree-ai/llvm-aie-port/amd/aie/llvm/include -fPIC -fno-semantic-interposition -fvisibility-inlines-hidden -Werror=date-time -Wall -Wextra -Wno-unused-parameter -Wwrite-strings -Wcast-qual -Wno-missing-field-initializers -pedantic -Wno-long-long -Wimplicit-fallthrough -Wno-uninitialized -Wno-nonnull -Wno-class-memaccess -Wno-dangling-reference -Wno-redundant-move -Wno-pessimizing-move -Wno-array-bounds -Wno-stringop-overread -Wno-dangling-pointer -Wno-noexcept-type -Wdelete-non-virtual-dtor -Wsuggest-override -Wno-comment -Wno-misleading-indentation -Wctad-maybe-unsupported -fdiagnostics-color -ffunction-sections -fdata-sections -O3 -DNDEBUG -std=c++17 -fvisibility=hidden -UNDEBUG -fno-exceptions -funwind-tables -fno-rtti -MD -MT lib/Target/AIE/MCTargetDesc/CMakeFiles/LLVMAIEDesc.dir/AIEMCInstrInfo.cpp.o -MF lib/Target/AIE/MCTargetDesc/CMakeFiles/LLVMAIEDesc.dir/AIEMCInstrInfo.cpp.o.d -o lib/Target/AIE/MCTargetDesc/CMakeFiles/LLVMAIEDesc.dir/AIEMCInstrInfo.cpp.o -c /home/jtuyls/iree-ai/llvm-aie-port/amd/aie/llvm/lib/Target/AIE/MCTargetDesc/AIEMCInstrInfo.cpp
In file included from /home/jtuyls/iree-ai/llvm-aie-port/amd/aie/llvm/lib/Target/AIE/MCTargetDesc/AIEMCInstrInfo.cpp:13:
/home/jtuyls/iree-ai/llvm-aie-port/amd/aie/llvm/lib/Target/AIE/MCTargetDesc/AIEMCExpr.h:53:8: error: ‘bool llvm::AIEMCExpr::evaluateAsRelocatableImpl(llvm::MCValue&, const llvm::MCAssembler*, const llvm::MCFixup*) const’ marked ‘override’, but does not override
   53 |   bool evaluateAsRelocatableImpl(MCValue &Res, const MCAssembler *Layout,
      |        ^~~~~~~~~~~~~~~~~~~~~~~~~
/home/jtuyls/iree-ai/llvm-aie-port/amd/aie/llvm/lib/Target/AIE/MCTargetDesc/AIEMCExpr.h:61:8: error: ‘void llvm::AIEMCExpr::fixELFSymbolsInTLSFixups(llvm::MCAssembler&) const’ marked ‘override’, but does not override
   61 |   void fixELFSymbolsInTLSFixups(MCAssembler &Asm) const override {}
      |        ^~~~~~~~~~~~~~~~~~~~~~~~
[222/238] Building CXX object lib/Target/AIE/MCTargetDesc/CMakeFiles/LLVMAIEDesc.dir/AIEMCFormats.cpp.o
[223/238] Building CXX object lib/Target/AIE/CMakeFiles/LLVMAIECodeGen.dir/aie2ps/AIE2PSConvertFP16Operation.cpp.o
[224/238] Building CXX object lib/Target/AIE/CMakeFiles/LLVMAIECodeGen.dir/AIEOuterLoopPipeliner.cpp.o
FAILED: lib/Target/AIE/CMakeFiles/LLVMAIECodeGen.dir/AIEOuterLoopPipeliner.cpp.o 
CCACHE_CPP2=yes CCACHE_HASHDIR=yes CCACHE_SLOPPINESS=pch_defines,time_macros /usr/bin/ccache /usr/bin/g++ -D_DEBUG -D_GLIBCXX_ASSERTIONS -D_GLIBCXX_USE_CXX11_ABI=1 -D_GNU_SOURCE -D_LIBCPP_HARDENING_MODE=_LIBCPP_HARDENING_MODE_EXTENSIVE -D__STDC_CONSTANT_MACROS -D__STDC_FORMAT_MACROS -D__STDC_LIMIT_MACROS -I/home/jtuyls/iree-ai/llvm-aie-port/build/lib/Target/AIE -I/home/jtuyls/iree-ai/llvm-aie-port/amd/aie/llvm/lib/Target/AIE -I/home/jtuyls/iree-ai/llvm-aie-port/build/include -I/home/jtuyls/iree-ai/llvm-aie-port/llvm/include -I/home/jtuyls/iree-ai/llvm-aie-port/amd/aie/llvm/include -fPIC -fno-semantic-interposition -fvisibility-inlines-hidden -Werror=date-time -Wall -Wextra -Wno-unused-parameter -Wwrite-strings -Wcast-qual -Wno-missing-field-initializers -pedantic -Wno-long-long -Wimplicit-fallthrough -Wno-uninitialized -Wno-nonnull -Wno-class-memaccess -Wno-dangling-reference -Wno-redundant-move -Wno-pessimizing-move -Wno-array-bounds -Wno-stringop-overread -Wno-dangling-pointer -Wno-noexcept-type -Wdelete-non-virtual-dtor -Wsuggest-override -Wno-comment -Wno-misleading-indentation -Wctad-maybe-unsupported -fdiagnostics-color -ffunction-sections -fdata-sections -O3 -DNDEBUG -std=c++17 -fvisibility=hidden -UNDEBUG -fno-exceptions -funwind-tables -fno-rtti -MD -MT lib/Target/AIE/CMakeFiles/LLVMAIECodeGen.dir/AIEOuterLoopPipeliner.cpp.o -MF lib/Target/AIE/CMakeFiles/LLVMAIECodeGen.dir/AIEOuterLoopPipeliner.cpp.o.d -o lib/Target/AIE/CMakeFiles/LLVMAIECodeGen.dir/AIEOuterLoopPipeliner.cpp.o -c /home/jtuyls/iree-ai/llvm-aie-port/amd/aie/llvm/lib/Target/AIE/AIEOuterLoopPipeliner.cpp
/home/jtuyls/iree-ai/llvm-aie-port/amd/aie/llvm/lib/Target/AIE/AIEOuterLoopPipeliner.cpp:211:32: warning: ‘BranchInst’ is deprecated: Use UncondBrInst/CondBrInst/Instruction instead [-Wdeprecated-declarations]
  211 |   BranchInst *getLatchBranch() const {
      |                                ^~~~~
In file included from /home/jtuyls/iree-ai/llvm-aie-port/llvm/include/llvm/Analysis/LoopInfo.h:17,
                 from /home/jtuyls/iree-ai/llvm-aie-port/amd/aie/llvm/lib/Target/AIE/Utils/AIELoopUtils.h:17,
                 from /home/jtuyls/iree-ai/llvm-aie-port/amd/aie/llvm/lib/Target/AIE/AIEOuterLoopPipeliner.cpp:39:
/home/jtuyls/iree-ai/llvm-aie-port/llvm/include/llvm/IR/Instructions.h:3084:5: note: declared here
 3084 |     BranchInst : public Instruction {
      |     ^~~~~~~~~~
/home/jtuyls/iree-ai/llvm-aie-port/amd/aie/llvm/lib/Target/AIE/AIEOuterLoopPipeliner.cpp: In member function ‘llvm::BranchInst* {anonymous}::LoopStructure::getLatchBranch() const’:
/home/jtuyls/iree-ai/llvm-aie-port/amd/aie/llvm/lib/Target/AIE/AIEOuterLoopPipeliner.cpp:212:17: warning: ‘BranchInst’ is deprecated: Use UncondBrInst/CondBrInst/Instruction instead [-Wdeprecated-declarations]
  212 |     return cast<BranchInst>(OuterLatch->getTerminator());
      |                 ^~~~~~~~~~
/home/jtuyls/iree-ai/llvm-aie-port/llvm/include/llvm/IR/Instructions.h:3084:5: note: declared here
 3084 |     BranchInst : public Instruction {
      |     ^~~~~~~~~~
/home/jtuyls/iree-ai/llvm-aie-port/amd/aie/llvm/lib/Target/AIE/AIEOuterLoopPipeliner.cpp: In member function ‘bool {anonymous}::AIEOuterLoopPipeliner::isInnerLoopHardwareLoop(const {anonymous}::LoopStructure&) const’:
/home/jtuyls/iree-ai/llvm-aie-port/amd/aie/llvm/lib/Target/AIE/AIEOuterLoopPipeliner.cpp:499:23: warning: ‘BranchInst’ is deprecated: Use UncondBrInst/CondBrInst/Instruction instead [-Wdeprecated-declarations]
  499 |   auto *BI = dyn_cast<BranchInst>(LS.InnerLatch->getTerminator());
      |                       ^~~~~~~~~~
/home/jtuyls/iree-ai/llvm-aie-port/llvm/include/llvm/IR/Instructions.h:3084:5: note: declared here
 3084 |     BranchInst : public Instruction {
      |     ^~~~~~~~~~
/home/jtuyls/iree-ai/llvm-aie-port/amd/aie/llvm/lib/Target/AIE/AIEOuterLoopPipeliner.cpp:500:32: warning: ‘bool llvm::BranchInst::isConditional() const’ is deprecated: Use isa<CondBrInst> instead [-Wdeprecated-declarations]
  500 |   if (!BI || !BI->isConditional())
      |               ~~~~~~~~~~~~~~~~~^~
/home/jtuyls/iree-ai/llvm-aie-port/llvm/include/llvm/IR/Instructions.h:3313:13: note: declared here
 3313 | inline bool BranchInst::isConditional() const { return isa<CondBrInst>(this); }
      |             ^~~~~~~~~~
/home/jtuyls/iree-ai/llvm-aie-port/amd/aie/llvm/lib/Target/AIE/AIEOuterLoopPipeliner.cpp:502:51: warning: ‘llvm::Value* llvm::BranchInst::getCondition() const’ is deprecated: Cast to CondBrInst [-Wdeprecated-declarations]
  502 |   auto *Call = dyn_cast<CallInst>(BI->getCondition());
      |                                   ~~~~~~~~~~~~~~~~^~
/home/jtuyls/iree-ai/llvm-aie-port/llvm/include/llvm/IR/Instructions.h:3318:15: note: declared here
 3318 | inline Value *BranchInst::getCondition() const {
      |               ^~~~~~~~~~
/home/jtuyls/iree-ai/llvm-aie-port/amd/aie/llvm/lib/Target/AIE/AIEOuterLoopPipeliner.cpp: In member function ‘bool {anonymous}::AIEOuterLoopPipeliner::isProfitableToRotate(const {anonymous}::LoopStructure&, const llvm::AIE::LoopOptionOverrides&)’:
/home/jtuyls/iree-ai/llvm-aie-port/amd/aie/llvm/lib/Target/AIE/AIEOuterLoopPipeliner.cpp:545:40: error: ‘getMinTripCount’ is not a member of ‘llvm’; did you mean ‘llvm::AIELoopUtils::getMinTripCount’?
  545 |   std::optional<int64_t> MinTC = llvm::getMinTripCount(LS.OuterLoop, SE);
      |                                        ^~~~~~~~~~~~~~~
/home/jtuyls/iree-ai/llvm-aie-port/amd/aie/llvm/lib/Target/AIE/Utils/AIELoopUtils.h:32:24: note: ‘llvm::AIELoopUtils::getMinTripCount’ declared here
   32 | std::optional<int64_t> getMinTripCount(const MachineBasicBlock &LoopBlock);
      |                        ^~~~~~~~~~~~~~~
/home/jtuyls/iree-ai/llvm-aie-port/amd/aie/llvm/lib/Target/AIE/AIEOuterLoopPipeliner.cpp: In member function ‘llvm::BasicBlock* {anonymous}::AIEOuterLoopPipeliner::clonePrologueAsWarmUp(const {anonymous}::LoopStructure&, const llvm::SmallVectorImpl<llvm::Instruction*>&, llvm::ValueToValueMapTy&)’:
/home/jtuyls/iree-ai/llvm-aie-port/amd/aie/llvm/lib/Target/AIE/AIEOuterLoopPipeliner.cpp:664:15: warning: ‘BranchInst’ is deprecated: Use UncondBrInst/CondBrInst/Instruction instead [-Wdeprecated-declarations]
  664 |   BranchInst::Create(LS.OuterHeader, WarmUp);
      |               ^~~~~~
/home/jtuyls/iree-ai/llvm-aie-port/llvm/include/llvm/IR/Instructions.h:3084:5: note: declared here
 3084 |     BranchInst : public Instruction {
      |     ^~~~~~~~~~
/home/jtuyls/iree-ai/llvm-aie-port/amd/aie/llvm/lib/Target/AIE/AIEOuterLoopPipeliner.cpp:664:21: warning: ‘static llvm::BranchInst* llvm::BranchInst::Create(llvm::BasicBlock*, llvm::InsertPosition)’ is deprecated: Use UncondBrInst::Create instead [-Wdeprecated-declarations]
  664 |   BranchInst::Create(LS.OuterHeader, WarmUp);
      |   ~~~~~~~~~~~~~~~~~~^~~~~~~~~~~~~~~~~~~~~~~~
/home/jtuyls/iree-ai/llvm-aie-port/llvm/include/llvm/IR/Instructions.h:3302:20: note: declared here
 3302 | inline BranchInst *BranchInst::Create(BasicBlock *IfTrue,
      |                    ^~~~~~~~~~
/home/jtuyls/iree-ai/llvm-aie-port/amd/aie/llvm/lib/Target/AIE/AIEOuterLoopPipeliner.cpp: In member function ‘void {anonymous}::AIEOuterLoopPipeliner::peelLastIterationEpilogue(const {anonymous}::LoopStructure&, const llvm::SmallPtrSetImpl<llvm::Instruction*>&, const llvm::SmallVectorImpl<llvm::Instruction*>&)’:
/home/jtuyls/iree-ai/llvm-aie-port/amd/aie/llvm/lib/Target/AIE/AIEOuterLoopPipeliner.cpp:782:15: warning: ‘BranchInst’ is deprecated: Use UncondBrInst/CondBrInst/Instruction instead [-Wdeprecated-declarations]
  782 |   BranchInst *LatchBr = LS.getLatchBranch();
      |               ^~~~~~~
/home/jtuyls/iree-ai/llvm-aie-port/llvm/include/llvm/IR/Instructions.h:3084:5: note: declared here
 3084 |     BranchInst : public Instruction {
      |     ^~~~~~~~~~
In file included from /usr/include/c++/13/cassert:44,
                 from /home/jtuyls/iree-ai/llvm-aie-port/llvm/include/llvm/Analysis/InlineCost.h:21,
                 from /home/jtuyls/iree-ai/llvm-aie-port/llvm/include/llvm/Transforms/Utils/Cloning.h:25,
                 from /home/jtuyls/iree-ai/llvm-aie-port/amd/aie/llvm/lib/Target/AIE/AIEOuterLoopPipeliner.cpp:58:
/home/jtuyls/iree-ai/llvm-aie-port/amd/aie/llvm/lib/Target/AIE/AIEOuterLoopPipeliner.cpp:783:32: warning: ‘bool llvm::BranchInst::isConditional() const’ is deprecated: Use isa<CondBrInst> instead [-Wdeprecated-declarations]
  783 |   assert(LatchBr->isConditional() && "Outer latch must be conditional");
      |          ~~~~~~~~~~~~~~~~~~~~~~^~
/home/jtuyls/iree-ai/llvm-aie-port/llvm/include/llvm/IR/Instructions.h:3313:13: note: declared here
 3313 | inline bool BranchInst::isConditional() const { return isa<CondBrInst>(this); }
      |             ^~~~~~~~~~
/home/jtuyls/iree-ai/llvm-aie-port/amd/aie/llvm/lib/Target/AIE/AIEOuterLoopPipeliner.cpp:899:15: warning: ‘BranchInst’ is deprecated: Use UncondBrInst/CondBrInst/Instruction instead [-Wdeprecated-declarations]
  899 |   BranchInst::Create(ClonedInnerHeader, CoolEntry);
      |               ^~~~~~
/home/jtuyls/iree-ai/llvm-aie-port/llvm/include/llvm/IR/Instructions.h:3084:5: note: declared here
 3084 |     BranchInst : public Instruction {
      |     ^~~~~~~~~~
/home/jtuyls/iree-ai/llvm-aie-port/amd/aie/llvm/lib/Target/AIE/AIEOuterLoopPipeliner.cpp:899:21: warning: ‘static llvm::BranchInst* llvm::BranchInst::Create(llvm::BasicBlock*, llvm::InsertPosition)’ is deprecated: Use UncondBrInst::Create instead [-Wdeprecated-declarations]
  899 |   BranchInst::Create(ClonedInnerHeader, CoolEntry);
      |   ~~~~~~~~~~~~~~~~~~^~~~~~~~~~~~~~~~~~~~~~~~~~~~~~
/home/jtuyls/iree-ai/llvm-aie-port/llvm/include/llvm/IR/Instructions.h:3302:20: note: declared here
 3302 | inline BranchInst *BranchInst::Create(BasicBlock *IfTrue,
      |                    ^~~~~~~~~~
/home/jtuyls/iree-ai/llvm-aie-port/amd/aie/llvm/lib/Target/AIE/AIEOuterLoopPipeliner.cpp:925:15: warning: ‘BranchInst’ is deprecated: Use UncondBrInst/CondBrInst/Instruction instead [-Wdeprecated-declarations]
  925 |   BranchInst::Create(OrigExit, CoolExit);
      |               ^~~~~~
/home/jtuyls/iree-ai/llvm-aie-port/llvm/include/llvm/IR/Instructions.h:3084:5: note: declared here
 3084 |     BranchInst : public Instruction {
      |     ^~~~~~~~~~
/home/jtuyls/iree-ai/llvm-aie-port/amd/aie/llvm/lib/Target/AIE/AIEOuterLoopPipeliner.cpp:925:21: warning: ‘static llvm::BranchInst* llvm::BranchInst::Create(llvm::BasicBlock*, llvm::InsertPosition)’ is deprecated: Use UncondBrInst::Create instead [-Wdeprecated-declarations]
  925 |   BranchInst::Create(OrigExit, CoolExit);
      |   ~~~~~~~~~~~~~~~~~~^~~~~~~~~~~~~~~~~~~~
/home/jtuyls/iree-ai/llvm-aie-port/llvm/include/llvm/IR/Instructions.h:3302:20: note: declared here
 3302 | inline BranchInst *BranchInst::Create(BasicBlock *IfTrue,
      |                    ^~~~~~~~~~
/home/jtuyls/iree-ai/llvm-aie-port/amd/aie/llvm/lib/Target/AIE/AIEOuterLoopPipeliner.cpp: In member function ‘std::optional<{anonymous}::LatchBoundInfo> {anonymous}::AIEOuterLoopPipeliner::canAdjustLoopBound(const {anonymous}::LoopStructure&) const’:
/home/jtuyls/iree-ai/llvm-aie-port/amd/aie/llvm/lib/Target/AIE/AIEOuterLoopPipeliner.cpp:953:23: warning: ‘BranchInst’ is deprecated: Use UncondBrInst/CondBrInst/Instruction instead [-Wdeprecated-declarations]
  953 |   auto *BI = dyn_cast<BranchInst>(LS.OuterLatch->getTerminator());
      |                       ^~~~~~~~~~
/home/jtuyls/iree-ai/llvm-aie-port/llvm/include/llvm/IR/Instructions.h:3084:5: note: declared here
 3084 |     BranchInst : public Instruction {
      |     ^~~~~~~~~~
/home/jtuyls/iree-ai/llvm-aie-port/amd/aie/llvm/lib/Target/AIE/AIEOuterLoopPipeliner.cpp:954:32: warning: ‘bool llvm::BranchInst::isConditional() const’ is deprecated: Use isa<CondBrInst> instead [-Wdeprecated-declarations]
  954 |   if (!BI || !BI->isConditional())
      |               ~~~~~~~~~~~~~~~~~^~
/home/jtuyls/iree-ai/llvm-aie-port/llvm/include/llvm/IR/Instructions.h:3313:13: note: declared here
 3313 | inline bool BranchInst::isConditional() const { return isa<CondBrInst>(this); }
      |             ^~~~~~~~~~
/home/jtuyls/iree-ai/llvm-aie-port/amd/aie/llvm/lib/Target/AIE/AIEOuterLoopPipeliner.cpp:956:50: warning: ‘llvm::Value* llvm::BranchInst::getCondition() const’ is deprecated: Cast to CondBrInst [-Wdeprecated-declarations]
  956 |   auto *Cmp = dyn_cast<ICmpInst>(BI->getCondition());
      |                                  ~~~~~~~~~~~~~~~~^~
/home/jtuyls/iree-ai/llvm-aie-port/llvm/include/llvm/IR/Instructions.h:3318:15: note: declared here
 3318 | inline Value *BranchInst::getCondition() const {
      |               ^~~~~~~~~~
/home/jtuyls/iree-ai/llvm-aie-port/amd/aie/llvm/lib/Target/AIE/AIEOuterLoopPipeliner.cpp: In member function ‘void {anonymous}::AIEOuterLoopPipeliner::updateLoopMetadata(const {anonymous}::LoopStructure&)’:
/home/jtuyls/iree-ai/llvm-aie-port/amd/aie/llvm/lib/Target/AIE/AIEOuterLoopPipeliner.cpp:1060:16: error: ‘updateIterCounts’ was not declared in this scope
 1060 |       LoopID ? updateIterCounts(
      |                ^~~~~~~~~~~~~~~~
/home/jtuyls/iree-ai/llvm-aie-port/amd/aie/llvm/lib/Target/AIE/AIEOuterLoopPipeliner.cpp: In member function ‘void {anonymous}::AIEOuterLoopPipeliner::convertOuterLoopToHardwareLoop(const {anonymous}::LoopStructure&, llvm::BasicBlock*, llvm::Value*, const {anonymous}::DowncountingInfo&)’:
/home/jtuyls/iree-ai/llvm-aie-port/amd/aie/llvm/lib/Target/AIE/AIEOuterLoopPipeliner.cpp:1535:15: warning: ‘BranchInst’ is deprecated: Use UncondBrInst/CondBrInst/Instruction instead [-Wdeprecated-declarations]
 1535 |   BranchInst *LatchBr = LS.getLatchBranch();
      |               ^~~~~~~
/home/jtuyls/iree-ai/llvm-aie-port/llvm/include/llvm/IR/Instructions.h:3084:5: note: declared here
 3084 |     BranchInst : public Instruction {
      |     ^~~~~~~~~~
/home/jtuyls/iree-ai/llvm-aie-port/amd/aie/llvm/lib/Target/AIE/AIEOuterLoopPipeliner.cpp:1549:41: warning: ‘llvm::Value* llvm::BranchInst::getCondition() const’ is deprecated: Cast to CondBrInst [-Wdeprecated-declarations]
 1549 |   Value *OldCond = LatchBr->getCondition();
      |                    ~~~~~~~~~~~~~~~~~~~~~^~
/home/jtuyls/iree-ai/llvm-aie-port/llvm/include/llvm/IR/Instructions.h:3318:15: note: declared here
 3318 | inline Value *BranchInst::getCondition() const {
      |               ^~~~~~~~~~
/home/jtuyls/iree-ai/llvm-aie-port/amd/aie/llvm/lib/Target/AIE/AIEOuterLoopPipeliner.cpp:1550:24: warning: ‘void llvm::BranchInst::setCondition(llvm::Value*)’ is deprecated: Cast to CondBrInst [-Wdeprecated-declarations]
 1550 |   LatchBr->setCondition(NewCond);
      |   ~~~~~~~~~~~~~~~~~~~~~^~~~~~~~~
/home/jtuyls/iree-ai/llvm-aie-port/llvm/include/llvm/IR/Instructions.h:3321:13: note: declared here
 3321 | inline void BranchInst::setCondition(Value *V) {
      |             ^~~~~~~~~~
/home/jtuyls/iree-ai/llvm-aie-port/amd/aie/llvm/lib/Target/AIE/AIEOuterLoopPipeliner.cpp:1554:28: warning: ‘void llvm::BranchInst::swapSuccessors()’ is deprecated: Cast to CondBrInst [-Wdeprecated-declarations]
 1554 |     LatchBr->swapSuccessors();
      |     ~~~~~~~~~~~~~~~~~~~~~~~^~
/home/jtuyls/iree-ai/llvm-aie-port/llvm/include/llvm/IR/Instructions.h:3325:13: note: declared here
 3325 | inline void BranchInst::swapSuccessors() {
      |             ^~~~~~~~~~
[225/238] Building CXX object lib/Target/AIE/MCTargetDesc/CMakeFiles/LLVMAIEDesc.dir/AIE2MCFormats.cpp.o
[226/238] Building CXX object lib/Target/AIE/Utils/CMakeFiles/LLVMAIEUtils.dir/AIELoopOptionOverrides.cpp.o
[227/238] Building CXX object lib/Target/AIE/CMakeFiles/LLVMAIECodeGen.dir/AIEOutlineMemoryGEP.cpp.o
FAILED: lib/Target/AIE/CMakeFiles/LLVMAIECodeGen.dir/AIEOutlineMemoryGEP.cpp.o 
CCACHE_CPP2=yes CCACHE_HASHDIR=yes CCACHE_SLOPPINESS=pch_defines,time_macros /usr/bin/ccache /usr/bin/g++ -D_DEBUG -D_GLIBCXX_ASSERTIONS -D_GLIBCXX_USE_CXX11_ABI=1 -D_GNU_SOURCE -D_LIBCPP_HARDENING_MODE=_LIBCPP_HARDENING_MODE_EXTENSIVE -D__STDC_CONSTANT_MACROS -D__STDC_FORMAT_MACROS -D__STDC_LIMIT_MACROS -I/home/jtuyls/iree-ai/llvm-aie-port/build/lib/Target/AIE -I/home/jtuyls/iree-ai/llvm-aie-port/amd/aie/llvm/lib/Target/AIE -I/home/jtuyls/iree-ai/llvm-aie-port/build/include -I/home/jtuyls/iree-ai/llvm-aie-port/llvm/include -I/home/jtuyls/iree-ai/llvm-aie-port/amd/aie/llvm/include -fPIC -fno-semantic-interposition -fvisibility-inlines-hidden -Werror=date-time -Wall -Wextra -Wno-unused-parameter -Wwrite-strings -Wcast-qual -Wno-missing-field-initializers -pedantic -Wno-long-long -Wimplicit-fallthrough -Wno-uninitialized -Wno-nonnull -Wno-class-memaccess -Wno-dangling-reference -Wno-redundant-move -Wno-pessimizing-move -Wno-array-bounds -Wno-stringop-overread -Wno-dangling-pointer -Wno-noexcept-type -Wdelete-non-virtual-dtor -Wsuggest-override -Wno-comment -Wno-misleading-indentation -Wctad-maybe-unsupported -fdiagnostics-color -ffunction-sections -fdata-sections -O3 -DNDEBUG -std=c++17 -fvisibility=hidden -UNDEBUG -fno-exceptions -funwind-tables -fno-rtti -MD -MT lib/Target/AIE/CMakeFiles/LLVMAIECodeGen.dir/AIEOutlineMemoryGEP.cpp.o -MF lib/Target/AIE/CMakeFiles/LLVMAIECodeGen.dir/AIEOutlineMemoryGEP.cpp.o.d -o lib/Target/AIE/CMakeFiles/LLVMAIECodeGen.dir/AIEOutlineMemoryGEP.cpp.o -c /home/jtuyls/iree-ai/llvm-aie-port/amd/aie/llvm/lib/Target/AIE/AIEOutlineMemoryGEP.cpp
/home/jtuyls/iree-ai/llvm-aie-port/amd/aie/llvm/lib/Target/AIE/AIEOutlineMemoryGEP.cpp:30:1: error: ‘GEPOperator’ does not name a type
   30 | GEPOperator *getInlinedGEPOperator(Value *Operand);
      | ^~~~~~~~~~~
/home/jtuyls/iree-ai/llvm-aie-port/amd/aie/llvm/lib/Target/AIE/AIEOutlineMemoryGEP.cpp:41:23: error: ‘GEPOperator’ has not been declared
   41 |                       GEPOperator &GEP);
      |                       ^~~~~~~~~~~
/home/jtuyls/iree-ai/llvm-aie-port/amd/aie/llvm/lib/Target/AIE/AIEOutlineMemoryGEP.cpp: In function ‘void {anonymous}::revertCallInlinedGEPs(llvm::CallInst&)’:
/home/jtuyls/iree-ai/llvm-aie-port/amd/aie/llvm/lib/Target/AIE/AIEOutlineMemoryGEP.cpp:56:5: error: ‘GEPOperator’ was not declared in this scope
   56 |     GEPOperator *GEP = getInlinedGEPOperator(OP);
      |     ^~~~~~~~~~~
/home/jtuyls/iree-ai/llvm-aie-port/amd/aie/llvm/lib/Target/AIE/AIEOutlineMemoryGEP.cpp:56:18: error: ‘GEP’ was not declared in this scope
   56 |     GEPOperator *GEP = getInlinedGEPOperator(OP);
      |                  ^~~
/home/jtuyls/iree-ai/llvm-aie-port/amd/aie/llvm/lib/Target/AIE/AIEOutlineMemoryGEP.cpp:56:24: error: ‘getInlinedGEPOperator’ was not declared in this scope
   56 |     GEPOperator *GEP = getInlinedGEPOperator(OP);
      |                        ^~~~~~~~~~~~~~~~~~~~~
/home/jtuyls/iree-ai/llvm-aie-port/amd/aie/llvm/lib/Target/AIE/AIEOutlineMemoryGEP.cpp: In function ‘void {anonymous}::revertMemoryInstrInlinedGEPs(llvm::Instruction&)’:
/home/jtuyls/iree-ai/llvm-aie-port/amd/aie/llvm/lib/Target/AIE/AIEOutlineMemoryGEP.cpp:70:3: error: ‘GEPOperator’ was not declared in this scope
   70 |   GEPOperator *GEP = getInlinedGEPOperator(I.getOperand(*PointerOperandIdx));
      |   ^~~~~~~~~~~
/home/jtuyls/iree-ai/llvm-aie-port/amd/aie/llvm/lib/Target/AIE/AIEOutlineMemoryGEP.cpp:70:16: error: ‘GEP’ was not declared in this scope
   70 |   GEPOperator *GEP = getInlinedGEPOperator(I.getOperand(*PointerOperandIdx));
      |                ^~~
/home/jtuyls/iree-ai/llvm-aie-port/amd/aie/llvm/lib/Target/AIE/AIEOutlineMemoryGEP.cpp:70:22: error: ‘getInlinedGEPOperator’ was not declared in this scope
   70 |   GEPOperator *GEP = getInlinedGEPOperator(I.getOperand(*PointerOperandIdx));
      |                      ^~~~~~~~~~~~~~~~~~~~~
/home/jtuyls/iree-ai/llvm-aie-port/amd/aie/llvm/lib/Target/AIE/AIEOutlineMemoryGEP.cpp: At global scope:
/home/jtuyls/iree-ai/llvm-aie-port/amd/aie/llvm/lib/Target/AIE/AIEOutlineMemoryGEP.cpp:79:23: error: ‘GEPOperator’ has not been declared
   79 |                       GEPOperator &GEP) {
      |                       ^~~~~~~~~~~
/home/jtuyls/iree-ai/llvm-aie-port/amd/aie/llvm/lib/Target/AIE/AIEOutlineMemoryGEP.cpp: In function ‘void {anonymous}::insertNewGEPInst(unsigned int, llvm::Instruction&, int&)’:
/home/jtuyls/iree-ai/llvm-aie-port/amd/aie/llvm/lib/Target/AIE/AIEOutlineMemoryGEP.cpp:80:42: error: request for member ‘idx_begin’ in ‘GEP’, which is of non-class type ‘int’
   80 |   const std::vector<Value *> Indices(GEP.idx_begin(), GEP.idx_end());
      |                                          ^~~~~~~~~
/home/jtuyls/iree-ai/llvm-aie-port/amd/aie/llvm/lib/Target/AIE/AIEOutlineMemoryGEP.cpp:80:59: error: request for member ‘idx_end’ in ‘GEP’, which is of non-class type ‘int’
   80 |   const std::vector<Value *> Indices(GEP.idx_begin(), GEP.idx_end());
      |                                                           ^~~~~~~
/home/jtuyls/iree-ai/llvm-aie-port/amd/aie/llvm/lib/Target/AIE/AIEOutlineMemoryGEP.cpp:83:11: error: request for member ‘getSourceElementType’ in ‘GEP’, which is of non-class type ‘int’
   83 |       GEP.getSourceElementType(), GEP.getPointerOperand(), Indices,
      |           ^~~~~~~~~~~~~~~~~~~~
/home/jtuyls/iree-ai/llvm-aie-port/amd/aie/llvm/lib/Target/AIE/AIEOutlineMemoryGEP.cpp:83:39: error: request for member ‘getPointerOperand’ in ‘GEP’, which is of non-class type ‘int’
   83 |       GEP.getSourceElementType(), GEP.getPointerOperand(), Indices,
      |                                       ^~~~~~~~~~~~~~~~~
/home/jtuyls/iree-ai/llvm-aie-port/amd/aie/llvm/lib/Target/AIE/AIEOutlineMemoryGEP.cpp:85:34: error: request for member ‘isInBounds’ in ‘GEP’, which is of non-class type ‘int’
   85 |   NewGEPInstr->setIsInBounds(GEP.isInBounds());
      |                                  ^~~~~~~~~~
/home/jtuyls/iree-ai/llvm-aie-port/amd/aie/llvm/lib/Target/AIE/AIEOutlineMemoryGEP.cpp: At global scope:
/home/jtuyls/iree-ai/llvm-aie-port/amd/aie/llvm/lib/Target/AIE/AIEOutlineMemoryGEP.cpp:92:1: error: ‘GEPOperator’ does not name a type
   92 | GEPOperator *getInlinedGEPOperator(Value *Operand) {
      | ^~~~~~~~~~~
/home/jtuyls/iree-ai/llvm-aie-port/amd/aie/llvm/lib/Target/AIE/AIEOutlineMemoryGEP.cpp:78:6: warning: ‘void {anonymous}::insertNewGEPInst(unsigned int, llvm::Instruction&, int&)’ defined but not used [-Wunused-function]
   78 | void insertNewGEPInst(const unsigned OpIdx, Instruction &InsertionPoint,
      |      ^~~~~~~~~~~~~~~~
[228/238] Building CXX object lib/Target/AIE/CMakeFiles/LLVMAIECodeGen.dir/AIEClusterBaseAddress.cpp.o
[229/238] Building CXX object lib/Target/AIE/MCTargetDesc/CMakeFiles/LLVMAIEDesc.dir/aie2p/AIE2PMCFormats.cpp.o
[230/238] Building CXX object lib/Target/AIE/MCTargetDesc/CMakeFiles/LLVMAIEDesc.dir/aie2ps/AIE2PSMCFormats.cpp.o
[231/238] Building CXX object lib/Target/AIE/Utils/CMakeFiles/LLVMAIEUtils.dir/AIEIRUtils.cpp.o
[232/238] Building CXX object lib/CodeGen/AsmPrinter/CMakeFiles/LLVMAsmPrinter.dir/AsmPrinter.cpp.o
[233/238] Linking CXX static library lib/libLLVMAsmPrinter.a
ninja: build stopped: cannot make progress due to previous errors.
DONE_RC=1
