ninja: Entering directory `build'
[1/543] Building AIE2GenGlobalISel.inc...
FAILED: lib/Target/AIE/AIE2GenGlobalISel.inc /home/jtuyls/iree-ai/llvm-aie-port/build/lib/Target/AIE/AIE2GenGlobalISel.inc 
cd /home/jtuyls/iree-ai/llvm-aie-port/build/lib/Target/AIE && /home/jtuyls/iree-ai/llvm-aie-port/build/bin/llvm-tblgen -gen-global-isel -gisel-subtarget-class AIEBaseSubtarget --warn-on-skipped-patterns -I/home/jtuyls/iree-ai/llvm-aie-port/amd/aie/llvm/lib/Target/AIE -I/home/jtuyls/iree-ai/llvm-aie-port/build/include -I/home/jtuyls/iree-ai/llvm-aie-port/llvm/include -I/home/jtuyls/iree-ai/llvm-aie-port/amd/aie/llvm/include -I /home/jtuyls/iree-ai/llvm-aie-port/llvm/lib/Target /home/jtuyls/iree-ai/llvm-aie-port/amd/aie/llvm/lib/Target/AIE/AIE2.td --write-if-changed -o AIE2GenGlobalISel.inc -d AIE2GenGlobalISel.inc.d && /usr/bin/cmake -E cmake_transform_depfile Ninja gccdepfile /home/jtuyls/iree-ai/llvm-aie-port/llvm /home/jtuyls/iree-ai/llvm-aie-port/amd/aie/llvm/lib/Target/AIE /home/jtuyls/iree-ai/llvm-aie-port/build /home/jtuyls/iree-ai/llvm-aie-port/build/lib/Target/AIE /home/jtuyls/iree-ai/llvm-aie-port/build/lib/Target/AIE/AIE2GenGlobalISel.inc.d /home/jtuyls/iree-ai/llvm-aie-port/build/CMakeFiles/d/fd099a882150d7f5c0ca7b51617fe9b25b590b5ce9c750df8843da1c58e7c1cc.d
llvm-tblgen: Unknown command line argument '-gisel-subtarget-class'.  Try: '/home/jtuyls/iree-ai/llvm-aie-port/build/bin/llvm-tblgen --help'
llvm-tblgen: Did you mean '--base-subtargetinfo-class'?
llvm-tblgen: Too many positional arguments specified!
Can specify at most 1 positional arguments: See: /home/jtuyls/iree-ai/llvm-aie-port/build/bin/llvm-tblgen --help
[2/543] Building AIE2GenPostLegalizerGICustomCombiner.inc...
FAILED: lib/Target/AIE/AIE2GenPostLegalizerGICustomCombiner.inc /home/jtuyls/iree-ai/llvm-aie-port/build/lib/Target/AIE/AIE2GenPostLegalizerGICustomCombiner.inc 
cd /home/jtuyls/iree-ai/llvm-aie-port/build/lib/Target/AIE && /home/jtuyls/iree-ai/llvm-aie-port/build/bin/llvm-tblgen -gen-global-isel-combiner -gisel-subtarget-class AIEBaseSubtarget -combiners="AIE2PostLegalizerCustomCombiner" -I/home/jtuyls/iree-ai/llvm-aie-port/amd/aie/llvm/lib/Target/AIE -I/home/jtuyls/iree-ai/llvm-aie-port/build/include -I/home/jtuyls/iree-ai/llvm-aie-port/llvm/include -I/home/jtuyls/iree-ai/llvm-aie-port/amd/aie/llvm/include -I /home/jtuyls/iree-ai/llvm-aie-port/llvm/lib/Target /home/jtuyls/iree-ai/llvm-aie-port/amd/aie/llvm/lib/Target/AIE/AIE2.td --write-if-changed -o AIE2GenPostLegalizerGICustomCombiner.inc -d AIE2GenPostLegalizerGICustomCombiner.inc.d && /usr/bin/cmake -E cmake_transform_depfile Ninja gccdepfile /home/jtuyls/iree-ai/llvm-aie-port/llvm /home/jtuyls/iree-ai/llvm-aie-port/amd/aie/llvm/lib/Target/AIE /home/jtuyls/iree-ai/llvm-aie-port/build /home/jtuyls/iree-ai/llvm-aie-port/build/lib/Target/AIE /home/jtuyls/iree-ai/llvm-aie-port/build/lib/Target/AIE/AIE2GenPostLegalizerGICustomCombiner.inc.d /home/jtuyls/iree-ai/llvm-aie-port/build/CMakeFiles/d/9ee881d3287a5c902e96b6b9fa94722d96c82f35c9972095476df9ddc2713b4b.d
llvm-tblgen: Unknown command line argument '-gisel-subtarget-class'.  Try: '/home/jtuyls/iree-ai/llvm-aie-port/build/bin/llvm-tblgen --help'
llvm-tblgen: Did you mean '--base-subtargetinfo-class'?
llvm-tblgen: Too many positional arguments specified!
Can specify at most 1 positional arguments: See: /home/jtuyls/iree-ai/llvm-aie-port/build/bin/llvm-tblgen --help
[3/543] Building AIE2GenPostLegalizerGIGenericCombiner.inc...
FAILED: lib/Target/AIE/AIE2GenPostLegalizerGIGenericCombiner.inc /home/jtuyls/iree-ai/llvm-aie-port/build/lib/Target/AIE/AIE2GenPostLegalizerGIGenericCombiner.inc 
cd /home/jtuyls/iree-ai/llvm-aie-port/build/lib/Target/AIE && /home/jtuyls/iree-ai/llvm-aie-port/build/bin/llvm-tblgen -gen-global-isel-combiner -gisel-subtarget-class AIEBaseSubtarget -combiners="AIE2PostLegalizerGenericCombiner" -I/home/jtuyls/iree-ai/llvm-aie-port/amd/aie/llvm/lib/Target/AIE -I/home/jtuyls/iree-ai/llvm-aie-port/build/include -I/home/jtuyls/iree-ai/llvm-aie-port/llvm/include -I/home/jtuyls/iree-ai/llvm-aie-port/amd/aie/llvm/include -I /home/jtuyls/iree-ai/llvm-aie-port/llvm/lib/Target /home/jtuyls/iree-ai/llvm-aie-port/amd/aie/llvm/lib/Target/AIE/AIE2.td --write-if-changed -o AIE2GenPostLegalizerGIGenericCombiner.inc -d AIE2GenPostLegalizerGIGenericCombiner.inc.d && /usr/bin/cmake -E cmake_transform_depfile Ninja gccdepfile /home/jtuyls/iree-ai/llvm-aie-port/llvm /home/jtuyls/iree-ai/llvm-aie-port/amd/aie/llvm/lib/Target/AIE /home/jtuyls/iree-ai/llvm-aie-port/build /home/jtuyls/iree-ai/llvm-aie-port/build/lib/Target/AIE /home/jtuyls/iree-ai/llvm-aie-port/build/lib/Target/AIE/AIE2GenPostLegalizerGIGenericCombiner.inc.d /home/jtuyls/iree-ai/llvm-aie-port/build/CMakeFiles/d/15d9e6bfa6ba13eb137263d5391fbf99e30b0012d64ae9e61e7e5512c040dd46.d
llvm-tblgen: Unknown command line argument '-gisel-subtarget-class'.  Try: '/home/jtuyls/iree-ai/llvm-aie-port/build/bin/llvm-tblgen --help'
llvm-tblgen: Did you mean '--base-subtargetinfo-class'?
llvm-tblgen: Too many positional arguments specified!
Can specify at most 1 positional arguments: See: /home/jtuyls/iree-ai/llvm-aie-port/build/bin/llvm-tblgen --help
[4/543] Building AIE2GenPreLegalizerGICombiner.inc...
FAILED: lib/Target/AIE/AIE2GenPreLegalizerGICombiner.inc /home/jtuyls/iree-ai/llvm-aie-port/build/lib/Target/AIE/AIE2GenPreLegalizerGICombiner.inc 
cd /home/jtuyls/iree-ai/llvm-aie-port/build/lib/Target/AIE && /home/jtuyls/iree-ai/llvm-aie-port/build/bin/llvm-tblgen -gen-global-isel-combiner -gisel-subtarget-class AIEBaseSubtarget -combiners="AIE2PreLegalizerCombiner" -I/home/jtuyls/iree-ai/llvm-aie-port/amd/aie/llvm/lib/Target/AIE -I/home/jtuyls/iree-ai/llvm-aie-port/build/include -I/home/jtuyls/iree-ai/llvm-aie-port/llvm/include -I/home/jtuyls/iree-ai/llvm-aie-port/amd/aie/llvm/include -I /home/jtuyls/iree-ai/llvm-aie-port/llvm/lib/Target /home/jtuyls/iree-ai/llvm-aie-port/amd/aie/llvm/lib/Target/AIE/AIE2.td --write-if-changed -o AIE2GenPreLegalizerGICombiner.inc -d AIE2GenPreLegalizerGICombiner.inc.d && /usr/bin/cmake -E cmake_transform_depfile Ninja gccdepfile /home/jtuyls/iree-ai/llvm-aie-port/llvm /home/jtuyls/iree-ai/llvm-aie-port/amd/aie/llvm/lib/Target/AIE /home/jtuyls/iree-ai/llvm-aie-port/build /home/jtuyls/iree-ai/llvm-aie-port/build/lib/Target/AIE /home/jtuyls/iree-ai/llvm-aie-port/build/lib/Target/AIE/AIE2GenPreLegalizerGICombiner.inc.d /home/jtuyls/iree-ai/llvm-aie-port/build/CMakeFiles/d/135cf447daae5b92b96e73eda4816235c054e8ebc7774b497b264a0ae885e1c3.d
llvm-tblgen: Unknown command line argument '-gisel-subtarget-class'.  Try: '/home/jtuyls/iree-ai/llvm-aie-port/build/bin/llvm-tblgen --help'
llvm-tblgen: Did you mean '--base-subtargetinfo-class'?
llvm-tblgen: Too many positional arguments specified!
Can specify at most 1 positional arguments: See: /home/jtuyls/iree-ai/llvm-aie-port/build/bin/llvm-tblgen --help
[5/543] Building AIE2PGenGlobalISel.inc...
FAILED: lib/Target/AIE/AIE2PGenGlobalISel.inc /home/jtuyls/iree-ai/llvm-aie-port/build/lib/Target/AIE/AIE2PGenGlobalISel.inc 
cd /home/jtuyls/iree-ai/llvm-aie-port/build/lib/Target/AIE && /home/jtuyls/iree-ai/llvm-aie-port/build/bin/llvm-tblgen -gen-global-isel -gisel-subtarget-class AIEBaseSubtarget --warn-on-skipped-patterns -I/home/jtuyls/iree-ai/llvm-aie-port/amd/aie/llvm/lib/Target/AIE -I/home/jtuyls/iree-ai/llvm-aie-port/build/include -I/home/jtuyls/iree-ai/llvm-aie-port/llvm/include -I/home/jtuyls/iree-ai/llvm-aie-port/amd/aie/llvm/include -I /home/jtuyls/iree-ai/llvm-aie-port/llvm/lib/Target -I/home/jtuyls/iree-ai/llvm-aie-port/amd/aie/llvm/lib/Target/AIE/aie2p /home/jtuyls/iree-ai/llvm-aie-port/amd/aie/llvm/lib/Target/AIE/AIE2P.td --write-if-changed -o AIE2PGenGlobalISel.inc -d AIE2PGenGlobalISel.inc.d && /usr/bin/cmake -E cmake_transform_depfile Ninja gccdepfile /home/jtuyls/iree-ai/llvm-aie-port/llvm /home/jtuyls/iree-ai/llvm-aie-port/amd/aie/llvm/lib/Target/AIE /home/jtuyls/iree-ai/llvm-aie-port/build /home/jtuyls/iree-ai/llvm-aie-port/build/lib/Target/AIE /home/jtuyls/iree-ai/llvm-aie-port/build/lib/Target/AIE/AIE2PGenGlobalISel.inc.d /home/jtuyls/iree-ai/llvm-aie-port/build/CMakeFiles/d/39b9cc73f037bc39ac50a89582ecf3f0b2212161bb4b17cf6950470d90c651bd.d
llvm-tblgen: Unknown command line argument '-gisel-subtarget-class'.  Try: '/home/jtuyls/iree-ai/llvm-aie-port/build/bin/llvm-tblgen --help'
llvm-tblgen: Did you mean '--base-subtargetinfo-class'?
llvm-tblgen: Too many positional arguments specified!
Can specify at most 1 positional arguments: See: /home/jtuyls/iree-ai/llvm-aie-port/build/bin/llvm-tblgen --help
[6/543] Building AIE2PGenPostLegalizerGIGenericCombiner.inc...
FAILED: lib/Target/AIE/AIE2PGenPostLegalizerGIGenericCombiner.inc /home/jtuyls/iree-ai/llvm-aie-port/build/lib/Target/AIE/AIE2PGenPostLegalizerGIGenericCombiner.inc 
cd /home/jtuyls/iree-ai/llvm-aie-port/build/lib/Target/AIE && /home/jtuyls/iree-ai/llvm-aie-port/build/bin/llvm-tblgen -gen-global-isel-combiner -gisel-subtarget-class AIEBaseSubtarget -combiners="AIE2PPostLegalizerGenericCombiner" -I/home/jtuyls/iree-ai/llvm-aie-port/amd/aie/llvm/lib/Target/AIE -I/home/jtuyls/iree-ai/llvm-aie-port/build/include -I/home/jtuyls/iree-ai/llvm-aie-port/llvm/include -I/home/jtuyls/iree-ai/llvm-aie-port/amd/aie/llvm/include -I /home/jtuyls/iree-ai/llvm-aie-port/llvm/lib/Target -I/home/jtuyls/iree-ai/llvm-aie-port/amd/aie/llvm/lib/Target/AIE/aie2p /home/jtuyls/iree-ai/llvm-aie-port/amd/aie/llvm/lib/Target/AIE/AIE2P.td --write-if-changed -o AIE2PGenPostLegalizerGIGenericCombiner.inc -d AIE2PGenPostLegalizerGIGenericCombiner.inc.d && /usr/bin/cmake -E cmake_transform_depfile Ninja gccdepfile /home/jtuyls/iree-ai/llvm-aie-port/llvm /home/jtuyls/iree-ai/llvm-aie-port/amd/aie/llvm/lib/Target/AIE /home/jtuyls/iree-ai/llvm-aie-port/build /home/jtuyls/iree-ai/llvm-aie-port/build/lib/Target/AIE /home/jtuyls/iree-ai/llvm-aie-port/build/lib/Target/AIE/AIE2PGenPostLegalizerGIGenericCombiner.inc.d /home/jtuyls/iree-ai/llvm-aie-port/build/CMakeFiles/d/9017f5d6ecd21d6736c072d0feec7b120a0f1cf3207c90c97928eadf1f710658.d
llvm-tblgen: Unknown command line argument '-gisel-subtarget-class'.  Try: '/home/jtuyls/iree-ai/llvm-aie-port/build/bin/llvm-tblgen --help'
llvm-tblgen: Did you mean '--base-subtargetinfo-class'?
llvm-tblgen: Too many positional arguments specified!
Can specify at most 1 positional arguments: See: /home/jtuyls/iree-ai/llvm-aie-port/build/bin/llvm-tblgen --help
[7/543] Building AIE2PGenPreLegalizerGICombiner.inc...
FAILED: lib/Target/AIE/AIE2PGenPreLegalizerGICombiner.inc /home/jtuyls/iree-ai/llvm-aie-port/build/lib/Target/AIE/AIE2PGenPreLegalizerGICombiner.inc 
cd /home/jtuyls/iree-ai/llvm-aie-port/build/lib/Target/AIE && /home/jtuyls/iree-ai/llvm-aie-port/build/bin/llvm-tblgen -gen-global-isel-combiner -gisel-subtarget-class AIEBaseSubtarget -combiners="AIE2PPreLegalizerCombiner" -I/home/jtuyls/iree-ai/llvm-aie-port/amd/aie/llvm/lib/Target/AIE -I/home/jtuyls/iree-ai/llvm-aie-port/build/include -I/home/jtuyls/iree-ai/llvm-aie-port/llvm/include -I/home/jtuyls/iree-ai/llvm-aie-port/amd/aie/llvm/include -I /home/jtuyls/iree-ai/llvm-aie-port/llvm/lib/Target -I/home/jtuyls/iree-ai/llvm-aie-port/amd/aie/llvm/lib/Target/AIE/aie2p /home/jtuyls/iree-ai/llvm-aie-port/amd/aie/llvm/lib/Target/AIE/AIE2P.td --write-if-changed -o AIE2PGenPreLegalizerGICombiner.inc -d AIE2PGenPreLegalizerGICombiner.inc.d && /usr/bin/cmake -E cmake_transform_depfile Ninja gccdepfile /home/jtuyls/iree-ai/llvm-aie-port/llvm /home/jtuyls/iree-ai/llvm-aie-port/amd/aie/llvm/lib/Target/AIE /home/jtuyls/iree-ai/llvm-aie-port/build /home/jtuyls/iree-ai/llvm-aie-port/build/lib/Target/AIE /home/jtuyls/iree-ai/llvm-aie-port/build/lib/Target/AIE/AIE2PGenPreLegalizerGICombiner.inc.d /home/jtuyls/iree-ai/llvm-aie-port/build/CMakeFiles/d/cf7ef5f90a369086cd659b7ca8f322fd806292f1f3d5b08612e859d70a76edb3.d
llvm-tblgen: Unknown command line argument '-gisel-subtarget-class'.  Try: '/home/jtuyls/iree-ai/llvm-aie-port/build/bin/llvm-tblgen --help'
llvm-tblgen: Did you mean '--base-subtargetinfo-class'?
llvm-tblgen: Too many positional arguments specified!
Can specify at most 1 positional arguments: See: /home/jtuyls/iree-ai/llvm-aie-port/build/bin/llvm-tblgen --help
[8/543] Building AIE2PGenPostLegalizerGICustomCombiner.inc...
FAILED: lib/Target/AIE/AIE2PGenPostLegalizerGICustomCombiner.inc /home/jtuyls/iree-ai/llvm-aie-port/build/lib/Target/AIE/AIE2PGenPostLegalizerGICustomCombiner.inc 
cd /home/jtuyls/iree-ai/llvm-aie-port/build/lib/Target/AIE && /home/jtuyls/iree-ai/llvm-aie-port/build/bin/llvm-tblgen -gen-global-isel-combiner -gisel-subtarget-class AIEBaseSubtarget -combiners="AIE2PPostLegalizerCustomCombiner" -I/home/jtuyls/iree-ai/llvm-aie-port/amd/aie/llvm/lib/Target/AIE -I/home/jtuyls/iree-ai/llvm-aie-port/build/include -I/home/jtuyls/iree-ai/llvm-aie-port/llvm/include -I/home/jtuyls/iree-ai/llvm-aie-port/amd/aie/llvm/include -I /home/jtuyls/iree-ai/llvm-aie-port/llvm/lib/Target -I/home/jtuyls/iree-ai/llvm-aie-port/amd/aie/llvm/lib/Target/AIE/aie2p /home/jtuyls/iree-ai/llvm-aie-port/amd/aie/llvm/lib/Target/AIE/AIE2P.td --write-if-changed -o AIE2PGenPostLegalizerGICustomCombiner.inc -d AIE2PGenPostLegalizerGICustomCombiner.inc.d && /usr/bin/cmake -E cmake_transform_depfile Ninja gccdepfile /home/jtuyls/iree-ai/llvm-aie-port/llvm /home/jtuyls/iree-ai/llvm-aie-port/amd/aie/llvm/lib/Target/AIE /home/jtuyls/iree-ai/llvm-aie-port/build /home/jtuyls/iree-ai/llvm-aie-port/build/lib/Target/AIE /home/jtuyls/iree-ai/llvm-aie-port/build/lib/Target/AIE/AIE2PGenPostLegalizerGICustomCombiner.inc.d /home/jtuyls/iree-ai/llvm-aie-port/build/CMakeFiles/d/9d5a4c8cec047012fb3e2701be366014b124ada5d13b9c43d5bfde5c92f71a99.d
llvm-tblgen: Unknown command line argument '-gisel-subtarget-class'.  Try: '/home/jtuyls/iree-ai/llvm-aie-port/build/bin/llvm-tblgen --help'
llvm-tblgen: Did you mean '--base-subtargetinfo-class'?
llvm-tblgen: Too many positional arguments specified!
Can specify at most 1 positional arguments: See: /home/jtuyls/iree-ai/llvm-aie-port/build/bin/llvm-tblgen --help
[9/543] Generating VCSRevision.h
[10/543] Building AIE2GenPreSchedLowering.inc...
[11/543] Building AIE2GenSplitInstrTables.inc...
[12/543] Building AIE2GenMCCodeEmitter.inc...
[13/543] Building AIE2GenMCPseudoLowering.inc...
[14/543] Building AIE2GenVarInstructionItin.inc...
[15/543] Building AIE2PSGenGlobalISel.inc...
FAILED: lib/Target/AIE/AIE2PSGenGlobalISel.inc /home/jtuyls/iree-ai/llvm-aie-port/build/lib/Target/AIE/AIE2PSGenGlobalISel.inc 
cd /home/jtuyls/iree-ai/llvm-aie-port/build/lib/Target/AIE && /home/jtuyls/iree-ai/llvm-aie-port/build/bin/llvm-tblgen -gen-global-isel -gisel-subtarget-class AIEBaseSubtarget --warn-on-skipped-patterns -I/home/jtuyls/iree-ai/llvm-aie-port/amd/aie/llvm/lib/Target/AIE -I/home/jtuyls/iree-ai/llvm-aie-port/build/include -I/home/jtuyls/iree-ai/llvm-aie-port/llvm/include -I/home/jtuyls/iree-ai/llvm-aie-port/amd/aie/llvm/include -I /home/jtuyls/iree-ai/llvm-aie-port/llvm/lib/Target -I/home/jtuyls/iree-ai/llvm-aie-port/amd/aie/llvm/lib/Target/AIE/aie2ps /home/jtuyls/iree-ai/llvm-aie-port/amd/aie/llvm/lib/Target/AIE/AIE2PS.td --write-if-changed -o AIE2PSGenGlobalISel.inc -d AIE2PSGenGlobalISel.inc.d && /usr/bin/cmake -E cmake_transform_depfile Ninja gccdepfile /home/jtuyls/iree-ai/llvm-aie-port/llvm /home/jtuyls/iree-ai/llvm-aie-port/amd/aie/llvm/lib/Target/AIE /home/jtuyls/iree-ai/llvm-aie-port/build /home/jtuyls/iree-ai/llvm-aie-port/build/lib/Target/AIE /home/jtuyls/iree-ai/llvm-aie-port/build/lib/Target/AIE/AIE2PSGenGlobalISel.inc.d /home/jtuyls/iree-ai/llvm-aie-port/build/CMakeFiles/d/e052986a5da75b82aca875cf697c3ba626755d0049ed0633bcbfb9a0f4fe0392.d
llvm-tblgen: Unknown command line argument '-gisel-subtarget-class'.  Try: '/home/jtuyls/iree-ai/llvm-aie-port/build/bin/llvm-tblgen --help'
llvm-tblgen: Did you mean '--base-subtargetinfo-class'?
llvm-tblgen: Too many positional arguments specified!
Can specify at most 1 positional arguments: See: /home/jtuyls/iree-ai/llvm-aie-port/build/bin/llvm-tblgen --help
[16/543] Building AIE2GenDisassemblerTables.inc...
Decoding Conflict:
    .
    _  ABS
    _  ACQ_COND_mLockId_imm
    _  ACQ_COND_mLockId_reg
    _  ACQ_mLockId_imm
    _  ACQ_mLockId_reg
    _  ADC
    _  ADD
    _  ADD_add_r_ri
    _  AND
    _  ASHL
    _  CLB
    _  CLZ
    _  DIVS
    _  DONE
    _  EQ
    _  EQZ
    _  EVENT
    _  EXTENDs16
    _  EXTENDs8
    _  EXTENDu16
    _  EXTENDu8
    _  GE
    _  GEU
    _  JL_IND
    _  JNZD
    _  J_jump_ind
    _  LSHL
    _  LT
    _  LTU
    _  MOVX_alu_cg
    _  MOVX_mvx_scl
    _  MUL_mul_r_rr
    _  NE
    _  NEZ
    _  NOPX
    _  OR
    _  REL_COND_mLockId_imm
    _  REL_COND_mLockId_reg
    _  REL_mLockId_imm
    _  REL_mLockId_reg
    _  RET
    _  SBC
    _  SELEQZ
    _  SELNEZ
    _  SUB
    _  XOR
Decoding Conflict:
    .
    _  LDA_2D_S16_dmhb_lda
    _  LDA_2D_S8_dmhb_lda
    _  LDA_2D_U16_dmhb_lda
    _  LDA_2D_U8_dmhb_lda
    _  LDA_2D_dms_lda
    _  LDA_2D_dmv_lda_q
    _  LDA_3D_S16_dmhb_lda
    _  LDA_3D_S8_dmhb_lda
    _  LDA_3D_U16_dmhb_lda
    _  LDA_3D_U8_dmhb_lda
    _  LDA_3D_dms_lda
    _  LDA_3D_dmv_lda_q
    _  LDA_S16_ag_idx
    _  LDA_S16_ag_idx_imm
    _  LDA_S16_ag_pstm_nrm
    _  LDA_S16_ag_pstm_nrm_imm
    _  LDA_S8_ag_idx
    _  LDA_S8_ag_idx_imm
    _  LDA_S8_ag_pstm_nrm
    _  LDA_S8_ag_pstm_nrm_imm
    _  LDA_TM
    _  LDA_U16_ag_idx
    _  LDA_U16_ag_idx_imm
    _  LDA_U16_ag_pstm_nrm
    _  LDA_U16_ag_pstm_nrm_imm
    _  LDA_U8_ag_idx
    _  LDA_U8_ag_idx_imm
    _  LDA_U8_ag_pstm_nrm
    _  LDA_U8_ag_pstm_nrm_imm
    _  LDA_dms_lda_idx
    _  LDA_dms_lda_idx_imm
    _  LDA_dms_lda_pstm_nrm
    _  LDA_dms_lda_pstm_nrm_imm
    _  LDA_dms_spill
    _  LDA_dmv_lda_q_ag_idx
    _  LDA_dmv_lda_q_ag_idx_imm
    _  LDA_dmv_lda_q_ag_pstm_nrm
    _  LDA_dmv_lda_q_ag_pstm_nrm_imm
    _  LDA_dmv_lda_q_ag_spill
    _  MOVA_lda_cg
    _  MOV_NB_mv_ss2scl
    _  MOV_mv_ss2scl
    _  NOPA
    _  PADDA_2D
    _  PADDA_3D
    _  PADDA_lda_ptr_inc_idx
    _  PADDA_lda_ptr_inc_idx_imm
    _  PADDA_sp_imm
    _  ST_2D_S16
    _  ST_2D_S8
    _  ST_3D_S16
    _  ST_3D_S8
    _  ST_S16_ag_idx
    _  ST_S16_ag_idx_imm
    _  ST_S16_ag_pstm_nrm
    _  ST_S16_ag_pstm_nrm_imm
    _  ST_S8_ag_idx
    _  ST_S8_ag_idx_imm
    _  ST_S8_ag_pstm_nrm
    _  ST_S8_ag_pstm_nrm_imm
    _  VLDA_128
    _  VLDA_2D_CONV_FP32_BF16
    _  VLDA_2D_UPS_S32_D16
    _  VLDA_2D_UPS_S32_D8
    _  VLDA_2D_UPS_S32_S16
    _  VLDA_2D_UPS_S32_S8
    _  VLDA_2D_UPS_S64_D16
    _  VLDA_2D_UPS_S64_D32
    _  VLDA_2D_UPS_S64_S16
    _  VLDA_2D_UPS_S64_S32
    _  VLDA_2D_dmw_lda_am
    _  VLDA_2D_dmw_lda_w
    _  VLDA_3D_CONV_FP32_BF16
    _  VLDA_3D_UPS_S32_D16
    _  VLDA_3D_UPS_S32_D8
    _  VLDA_3D_UPS_S32_S16
    _  VLDA_3D_UPS_S32_S8
    _  VLDA_3D_UPS_S64_D16
    _  VLDA_3D_UPS_S64_D32
    _  VLDA_3D_UPS_S64_S16
    _  VLDA_3D_UPS_S64_S32
    _  VLDA_3D_dmw_lda_am
    _  VLDA_3D_dmw_lda_w
    _  VLDA_CONV_FP32_BF16_ag_idx
    _  VLDA_CONV_FP32_BF16_ag_idx_imm
    _  VLDA_CONV_FP32_BF16_pstm_nrm
    _  VLDA_CONV_FP32_BF16_pstm_nrm_imm
    _  VLDA_UPS_S32_D16_ag_idx
    _  VLDA_UPS_S32_D16_ag_idx_imm
    _  VLDA_UPS_S32_D16_ag_pstm_nrm
    _  VLDA_UPS_S32_D16_ag_pstm_nrm_imm
    _  VLDA_UPS_S32_D8_ag_idx
    _  VLDA_UPS_S32_D8_ag_idx_imm
    _  VLDA_UPS_S32_D8_ag_pstm_nrm
    _  VLDA_UPS_S32_D8_ag_pstm_nrm_imm
    _  VLDA_UPS_S32_S16_ag_idx
    _  VLDA_UPS_S32_S16_ag_idx_imm
    _  VLDA_UPS_S32_S16_ag_pstm_nrm
    _  VLDA_UPS_S32_S16_ag_pstm_nrm_imm
    _  VLDA_UPS_S32_S8_ag_idx
    _  VLDA_UPS_S32_S8_ag_idx_imm
    _  VLDA_UPS_S32_S8_ag_pstm_nrm
    _  VLDA_UPS_S32_S8_ag_pstm_nrm_imm
    _  VLDA_UPS_S64_D16_ag_idx
    _  VLDA_UPS_S64_D16_ag_idx_imm
    _  VLDA_UPS_S64_D16_ag_pstm_nrm
    _  VLDA_UPS_S64_D16_ag_pstm_nrm_imm
    _  VLDA_UPS_S64_D32_ag_idx
    _  VLDA_UPS_S64_D32_ag_idx_imm
    _  VLDA_UPS_S64_D32_ag_pstm_nrm
    _  VLDA_UPS_S64_D32_ag_pstm_nrm_imm
    _  VLDA_UPS_S64_S16_ag_idx
    _  VLDA_UPS_S64_S16_ag_idx_imm
    _  VLDA_UPS_S64_S16_ag_pstm_nrm
    _  VLDA_UPS_S64_S16_ag_pstm_nrm_imm
    _  VLDA_UPS_S64_S32_ag_idx
    _  VLDA_UPS_S64_S32_ag_idx_imm
    _  VLDA_UPS_S64_S32_ag_pstm_nrm
    _  VLDA_UPS_S64_S32_ag_pstm_nrm_imm
    _  VLDA_dmw_lda_am_ag_idx
    _  VLDA_dmw_lda_am_ag_idx_imm
    _  VLDA_dmw_lda_am_ag_pstm_nrm
    _  VLDA_dmw_lda_am_ag_pstm_nrm_imm
    _  VLDA_dmw_lda_am_ag_spill
    _  VLDA_dmw_lda_w_ag_idx
    _  VLDA_dmw_lda_w_ag_idx_imm
    _  VLDA_dmw_lda_w_ag_pstm_nrm
    _  VLDA_dmw_lda_w_ag_pstm_nrm_imm
    _  VLDA_dmw_lda_w_ag_spill
    _  VMOV_HI
    _  VMOV_LO
    _  VMOV_mv_scd
Decoding Conflict:
    .
    _  NOPB
    _  PADDB_2D
    _  PADDB_3D
    _  PADDB_ldb_ptr_inc_nospill_nrm
    _  PADDB_ldb_ptr_inc_nrm_imm
    _  PADDB_sp_imm
    _  VLDB_128_ag_idx
    _  VLDB_128_ag_pstm_nrm
    _  VLDB_2D
    _  VLDB_2D_128
    _  VLDB_2D_UNPACK_D16_D8
    _  VLDB_2D_UNPACK_D8_D4
    _  VLDB_2D_UNPACK_S16_S8
    _  VLDB_2D_UNPACK_S8_S4
    _  VLDB_3D
    _  VLDB_3D_128
    _  VLDB_3D_UNPACK_D16_D8
    _  VLDB_3D_UNPACK_D8_D4
    _  VLDB_3D_UNPACK_S16_S8
    _  VLDB_3D_UNPACK_S8_S4
    _  VLDB_4x16_HI
    _  VLDB_4x16_LO
    _  VLDB_4x32_HI
    _  VLDB_4x32_LO
    _  VLDB_4x64_HI
    _  VLDB_4x64_LO
    _  VLDB_COMPR_FILL
    _  VLDB_COMPR_PEEK
    _  VLDB_COMPR_POP
    _  VLDB_COMPR_RESET
    _  VLDB_SPARSE_FILL_16
    _  VLDB_SPARSE_FILL_4
    _  VLDB_SPARSE_FILL_8
    _  VLDB_SPARSE_PEEK_16
    _  VLDB_SPARSE_PEEK_4
    _  VLDB_SPARSE_PEEK_8
    _  VLDB_SPARSE_POP_16
    _  VLDB_SPARSE_POP_4
    _  VLDB_SPARSE_POP_8
    _  VLDB_SPARSE_RESET_16
    _  VLDB_SPARSE_RESET_4
    _  VLDB_SPARSE_RESET_8
    _  VLDB_UNPACK_D16_D8_ag_idx
    _  VLDB_UNPACK_D16_D8_ag_pstm_nrm
    _  VLDB_UNPACK_D8_D4_ag_idx
    _  VLDB_UNPACK_D8_D4_pstm_nrm
    _  VLDB_UNPACK_S16_S8_ag_idx
    _  VLDB_UNPACK_S16_S8_ag_pstm_nrm
    _  VLDB_UNPACK_S8_S4_ag_idx
    _  VLDB_UNPACK_S8_S4_ag_pstm_nrm
    _  VLDB_dmw_ldb_ag_idx
    _  VLDB_dmw_ldb_ag_idx_imm
    _  VLDB_dmw_ldb_ag_pstm_nrm
    _  VLDB_dmw_ldb_ag_pstm_nrm_imm
    _  VUNPACK_D16_D8
    _  VUNPACK_D8_D4
    _  VUNPACK_S16_S8
    _  VUNPACK_S8_S4
Decoding Conflict:
    .
    _  JL
    _  JNZ
    _  JZ
    _  J_jump_imm
    _  MOVXM_lng_cg
    _  NOPXM
Decoding Conflict:
    .
    _  ADD_NC
    _  MOV_CNTR
    _  MOV_D1
    _  MOV_D2
    _  MOV_D3
    _  MOV_D4
    _  MOV_D5
    _  MOV_D6
    _  MOV_mv_cg
    _  MOV_mv_scl
    _  NOPM
    _  VABS_GTZ_D16
    _  VABS_GTZ_D32
    _  VABS_GTZ_D8
    _  VABS_GTZ_S16
    _  VABS_GTZ_S32
    _  VABS_GTZ_S8
    _  VADDSUB_16
    _  VADDSUB_32
    _  VADDSUB_8
    _  VADD_16
    _  VADD_32
    _  VADD_8
    _  VBAND
    _  VBCSTSHFL_16
    _  VBCSTSHFL_32
    _  VBCSTSHFL_64
    _  VBCSTSHFL_8
    _  VBCST_16
    _  VBCST_32
    _  VBCST_64
    _  VBCST_8
    _  VBNEG_LTZ_S16
    _  VBNEG_LTZ_S32
    _  VBNEG_LTZ_S8
    _  VBOR
    _  VCONV_FP32_BF16
    _  VEQZ_16
    _  VEQZ_32
    _  VEQZ_8
    _  VEXTBCST_16_mExtractIdxImm
    _  VEXTBCST_16_mRm
    _  VEXTBCST_32_mExtractIdxImm
    _  VEXTBCST_32_mRm
    _  VEXTBCST_64_mExtractIdxImm
    _  VEXTBCST_64_mRm
    _  VEXTBCST_8_mExtractIdxImm
    _  VEXTBCST_8_mRm
    _  VEXTRACT_D16
    _  VEXTRACT_D32
    _  VEXTRACT_D64
    _  VEXTRACT_D8
    _  VEXTRACT_S16
    _  VEXTRACT_S32
    _  VEXTRACT_S64
    _  VEXTRACT_S8
    _  VGE_BF16
    _  VGE_D16
    _  VGE_D32
    _  VGE_D8
    _  VGE_S16
    _  VGE_S32
    _  VGE_S8
    _  VINSERT_16
    _  VINSERT_32
    _  VINSERT_64
    _  VINSERT_8
    _  VLT_BF16
    _  VLT_D16
    _  VLT_D32
    _  VLT_D8
    _  VLT_S16
    _  VLT_S32
    _  VLT_S8
    _  VMAXDIFF_LT_D16
    _  VMAXDIFF_LT_D32
    _  VMAXDIFF_LT_D8
    _  VMAXDIFF_LT_S16
    _  VMAXDIFF_LT_S32
    _  VMAXDIFF_LT_S8
    _  VMAX_LT_BF16
    _  VMAX_LT_D16
    _  VMAX_LT_D32
    _  VMAX_LT_D8
    _  VMAX_LT_S16
    _  VMAX_LT_S32
    _  VMAX_LT_S8
    _  VMIN_GE_BF16
    _  VMIN_GE_D16
    _  VMIN_GE_D32
    _  VMIN_GE_D8
    _  VMIN_GE_S16
    _  VMIN_GE_S32
    _  VMIN_GE_S8
    _  VMOV_mv_cm
    _  VMOV_mv_w
    _  VMOV_mv_x
    _  VNEG_GTZ16
    _  VNEG_GTZ32
    _  VNEG_GTZ8
    _  VPUSH_HI_16
    _  VPUSH_HI_32
    _  VPUSH_HI_64
    _  VPUSH_HI_8
    _  VPUSH_LO_16
    _  VPUSH_LO_32
    _  VPUSH_LO_64
    _  VPUSH_LO_8
    _  VSEL_16
    _  VSEL_32
    _  VSEL_8
    _  VSHIFT
    _  VSHIFT_ALIGN
    _  VSHUFFLE
    _  VSRSM_D16_S32
    _  VSRSM_D32_S64
    _  VSRSM_S16_S32
    _  VSRSM_S32_S64
    _  VSUB_16
    _  VSUB_32
    _  VSUB_8
    _  VSUB_GE_D16
    _  VSUB_GE_D32
    _  VSUB_GE_D8
    _  VSUB_GE_S16
    _  VSUB_GE_S32
    _  VSUB_GE_S8
    _  VSUB_LT_D16
    _  VSUB_LT_D32
    _  VSUB_LT_D8
    _  VSUB_LT_S16
    _  VSUB_LT_S32
    _  VSUB_LT_S8
    _  VUPS_S32_D16_mv_ups_w2b
    _  VUPS_S32_D16_mv_ups_x2c
    _  VUPS_S32_D8_mv_ups_w2c
    _  VUPS_S32_S16_mv_ups_w2b
    _  VUPS_S32_S16_mv_ups_x2c
    _  VUPS_S32_S8_mv_ups_w2c
    _  VUPS_S64_D16_mv_ups_w2c
    _  VUPS_S64_D32_mv_ups_w2b
    _  VUPS_S64_D32_mv_ups_x2c
    _  VUPS_S64_S16_mv_ups_w2c
    _  VUPS_S64_S32_mv_ups_w2b
    _  VUPS_S64_S32_mv_ups_x2c
Decoding Conflict:
    .
    _  MOV_NB_TLAST_mv_cph2ms
    _  MOV_NB_TLAST_mv_ph2ms
    _  MOV_NB_TLAST_mv_scl2ms
    _  MOV_NB_mv_cph2ms
    _  MOV_NB_mv_cph2ms_doTlast_reg
    _  MOV_NB_mv_ph2ms
    _  MOV_NB_mv_ph2ms_doTlast_reg
    _  MOV_NB_mv_scl2ms
    _  MOV_NB_mv_scl2ms_doTlast_reg
    _  MOV_TLAST_mv_cph2ms
    _  MOV_TLAST_mv_ph2ms
    _  MOV_TLAST_mv_scl2ms
    _  MOV_mv_cph2ms
    _  MOV_mv_cph2ms_doTlast_reg
    _  MOV_mv_ph2ms
    _  MOV_mv_ph2ms_doTlast_reg
    _  MOV_mv_scl2ms
    _  MOV_mv_scl2ms_doTlast_reg
    _  NOPS
    _  PADDS_2D
    _  PADDS_3D
    _  PADDS_st_ptr_inc_idx
    _  PADDS_st_ptr_inc_idx_imm
    _  ST_2D_dms_sts
    _  ST_2D_dmv_sts_q
    _  ST_3D_dms_sts
    _  ST_3D_dmv_sts_q
    _  ST_TM
    _  ST_dms_spill
    _  ST_dms_sts_idx
    _  ST_dms_sts_idx_imm
    _  ST_dms_sts_pstm_nrm
    _  ST_dms_sts_pstm_nrm_imm
    _  ST_dmv_sts_q_ag_idx
    _  ST_dmv_sts_q_ag_idx_imm
    _  ST_dmv_sts_q_ag_pstm_nrm
    _  ST_dmv_sts_q_ag_pstm_nrm_imm
    _  ST_dmv_sts_q_ag_spill
    _  VCONV_BF16_FP32
    _  VFLOOR_S32_BF16_mFl2FxSrc_AM
    _  VFLOOR_S32_BF16_mFl2FxSrc_W
    _  VMOV_mv_mcd
    _  VPACK_D4_D8
    _  VPACK_D8_D16
    _  VPACK_S4_S8
    _  VPACK_S8_S16
    _  VSRS_D16_S32_mv_w_srs
    _  VSRS_D16_S32_mv_x_srs
    _  VSRS_D16_S64_mv_w_srs
    _  VSRS_D32_S64_mv_w_srs
    _  VSRS_D32_S64_mv_x_srs
    _  VSRS_D8_S32_mv_w_srs
    _  VSRS_S16_S32_mv_w_srs
    _  VSRS_S16_S32_mv_x_srs
    _  VSRS_S16_S64_mv_w_srs
    _  VSRS_S32_S64_mv_w_srs
    _  VSRS_S32_S64_mv_x_srs
    _  VSRS_S8_S32_mv_w_srs
    _  VST_128_ag_idx
    _  VST_128_ag_idx_imm
    _  VST_128_ag_pstm_nrm
    _  VST_128_ag_pstm_nrm_imm
    _  VST_128_ag_spill
    _  VST_2D_128
    _  VST_2D_PACK_D4_D8
    _  VST_2D_PACK_D8_D16
    _  VST_2D_PACK_S4_S8
    _  VST_2D_PACK_S8_S16
    _  VST_2D_SRS_D16_S32
    _  VST_2D_SRS_D16_S64
    _  VST_2D_SRS_D32_S64
    _  VST_2D_SRS_D8_S32
    _  VST_2D_SRS_S16_S32
    _  VST_2D_SRS_S16_S64
    _  VST_2D_SRS_S32_S64
    _  VST_2D_SRS_S8_S32
    _  VST_2D_dmw_sts_am
    _  VST_2D_dmw_sts_w
    _  VST_3D_128
    _  VST_3D_PACK_D4_D8
    _  VST_3D_PACK_D8_D16
    _  VST_3D_PACK_S4_S8
    _  VST_3D_PACK_S8_S16
    _  VST_3D_SRS_D16_S32
    _  VST_3D_SRS_D16_S64
    _  VST_3D_SRS_D32_S64
    _  VST_3D_SRS_D8_S32
    _  VST_3D_SRS_S16_S32
    _  VST_3D_SRS_S16_S64
    _  VST_3D_SRS_S32_S64
    _  VST_3D_SRS_S8_S32
    _  VST_3D_dmw_sts_am
    _  VST_3D_dmw_sts_w
    _  VST_CONV_2D_BF16_FP32
    _  VST_CONV_3D_BF16_FP32
    _  VST_CONV_BF16_FP32_ag_idx
    _  VST_CONV_BF16_FP32_ag_idx_imm
    _  VST_CONV_BF16_FP32_ag_pstm_nrm
    _  VST_CONV_BF16_FP32_ag_pstm_nrm_imm
    _  VST_PACK_D4_D8_ag_idx
    _  VST_PACK_D4_D8_ag_idx_imm
    _  VST_PACK_D4_D8_ag_pstm_nrm
    _  VST_PACK_D4_D8_ag_pstm_nrm_imm
    _  VST_PACK_D8_D16_ag_idx
    _  VST_PACK_D8_D16_ag_idx_imm
    _  VST_PACK_D8_D16_ag_pstm_nrm
    _  VST_PACK_D8_D16_ag_pstm_nrm_imm
    _  VST_PACK_S4_S8_ag_idx
    _  VST_PACK_S4_S8_ag_idx_imm
    _  VST_PACK_S4_S8_ag_pstm_nrm
    _  VST_PACK_S4_S8_ag_pstm_nrm_imm
    _  VST_PACK_S8_S16_ag_idx
    _  VST_PACK_S8_S16_ag_idx_imm
    _  VST_PACK_S8_S16_ag_pstm_nrm
    _  VST_PACK_S8_S16_ag_pstm_nrm_imm
    _  VST_SRS_D16_S32_ag_idx
    _  VST_SRS_D16_S32_ag_idx_imm
    _  VST_SRS_D16_S32_ag_pstm_nrm
    _  VST_SRS_D16_S32_ag_pstm_nrm_imm
    _  VST_SRS_D16_S64_ag_idx
    _  VST_SRS_D16_S64_ag_idx_imm
    _  VST_SRS_D16_S64_ag_pstm_nrm
    _  VST_SRS_D16_S64_ag_pstm_nrm_imm
    _  VST_SRS_D32_S64_ag_idx
    _  VST_SRS_D32_S64_ag_idx_imm
    _  VST_SRS_D32_S64_ag_pstm_nrm
    _  VST_SRS_D32_S64_ag_pstm_nrm_imm
    _  VST_SRS_D8_S32_ag_idx
    _  VST_SRS_D8_S32_ag_idx_imm
    _  VST_SRS_D8_S32_ag_pstm_nrm
    _  VST_SRS_D8_S32_ag_pstm_nrm_imm
    _  VST_SRS_S16_S32_ag_idx
    _  VST_SRS_S16_S32_ag_idx_imm
    _  VST_SRS_S16_S32_ag_pstm_nrm
    _  VST_SRS_S16_S32_ag_pstm_nrm_imm
    _  VST_SRS_S16_S64_ag_idx
    _  VST_SRS_S16_S64_ag_idx_imm
    _  VST_SRS_S16_S64_ag_pstm_nrm
    _  VST_SRS_S16_S64_ag_pstm_nrm_imm
    _  VST_SRS_S32_S64_ag_idx
    _  VST_SRS_S32_S64_ag_idx_imm
    _  VST_SRS_S32_S64_ag_pstm_nrm
    _  VST_SRS_S32_S64_ag_pstm_nrm_imm
    _  VST_SRS_S8_S32_ag_idx
    _  VST_SRS_S8_S32_ag_idx_imm
    _  VST_SRS_S8_S32_ag_pstm_nrm
    _  VST_SRS_S8_S32_ag_pstm_nrm_imm
    _  VST_dmw_sts_am_ag_idx
    _  VST_dmw_sts_am_ag_idx_imm
    _  VST_dmw_sts_am_ag_pstm_nrm
    _  VST_dmw_sts_am_ag_pstm_nrm_imm
    _  VST_dmw_sts_am_ag_spill
    _  VST_dmw_sts_w_ag_idx
    _  VST_dmw_sts_w_ag_idx_imm
    _  VST_dmw_sts_w_ag_pstm_nrm
    _  VST_dmw_sts_w_ag_pstm_nrm_imm
    _  VST_dmw_sts_w_ag_spill
Decoding Conflict:
    .
    _  NOPV
    _  VADD
    _  VADDMAC_F_vmac_bm_core_dense
    _  VADDMAC_F_vmac_bm_core_sparse_narrow
    _  VADDMAC_F_vmac_bm_core_sparse_wide
    _  VADDMAC_vmac_bm_core_dense
    _  VADDMAC_vmac_cm_core_sparse_narrow
    _  VADDMAC_vmac_cm_core_sparse_wide
    _  VADDMSC_F_vmac_bm_core_dense
    _  VADDMSC_F_vmac_bm_core_sparse_narrow
    _  VADDMSC_F_vmac_bm_core_sparse_wide
    _  VADDMSC_vmac_bm_core_dense
    _  VADDMSC_vmac_cm_core_sparse_narrow
    _  VADDMSC_vmac_cm_core_sparse_wide
    _  VADD_F
    _  VCLR_vclr
    _  VCLR_vclr_BF
    _  VMAC_F_vmac_bm_core_dense
    _  VMAC_F_vmac_bm_core_sparse_narrow
    _  VMAC_F_vmac_bm_core_sparse_wide
    _  VMAC_vmac_cm_core_dense
    _  VMAC_vmac_cm_core_sparse_narrow
    _  VMAC_vmac_cm_core_sparse_wide
    _  VMOV_D
    _  VMSC_F_vmac_bm_core_dense
    _  VMSC_F_vmac_bm_core_sparse_narrow
    _  VMSC_F_vmac_bm_core_sparse_wide
    _  VMSC_vmac_cm_core_dense
    _  VMSC_vmac_cm_core_sparse_narrow
    _  VMSC_vmac_cm_core_sparse_wide
    _  VMUL_F_vmac_bm_core_dense
    _  VMUL_F_vmac_bm_core_sparse_narrow
    _  VMUL_F_vmac_bm_core_sparse_wide
    _  VMUL_vmac_cm_core_dense
    _  VMUL_vmac_cm_core_sparse_narrow
    _  VMUL_vmac_cm_core_sparse_wide
    _  VNEG
    _  VNEGADD
    _  VNEGADD_F
    _  VNEGMAC_vmac_cm_core_dense
    _  VNEGMAC_vmac_cm_core_sparse_narrow
    _  VNEGMAC_vmac_cm_core_sparse_wide
    _  VNEGMSC_vmac_cm_core_dense
    _  VNEGMSC_vmac_cm_core_sparse_narrow
    _  VNEGMSC_vmac_cm_core_sparse_wide
    _  VNEGMUL_F_vmac_bm_core_dense
    _  VNEGMUL_F_vmac_bm_core_sparse_narrow
    _  VNEGMUL_F_vmac_bm_core_sparse_wide
    _  VNEGMUL_vmac_cm_core_dense
    _  VNEGMUL_vmac_cm_core_sparse_narrow
    _  VNEGMUL_vmac_cm_core_sparse_wide
    _  VNEGSUB
    _  VNEGSUB_F
    _  VNEG_F
    _  VSUB
    _  VSUBMAC_vmac_bm_core_dense
    _  VSUBMAC_vmac_cm_core_sparse_narrow
    _  VSUBMAC_vmac_cm_core_sparse_wide
    _  VSUBMSC_vmac_bm_core_dense
    _  VSUBMSC_vmac_cm_core_sparse_narrow
    _  VSUBMSC_vmac_cm_core_sparse_wide
    _  VSUB_F
warning: Decoding conflict encountered
[17/543] Building AIE2GenCallingConv.inc...
[18/543] Building AIE2GenFormats.inc...
[19/543] Building AIE2PSGenPostLegalizerGICustomCombiner.inc...
FAILED: lib/Target/AIE/AIE2PSGenPostLegalizerGICustomCombiner.inc /home/jtuyls/iree-ai/llvm-aie-port/build/lib/Target/AIE/AIE2PSGenPostLegalizerGICustomCombiner.inc 
cd /home/jtuyls/iree-ai/llvm-aie-port/build/lib/Target/AIE && /home/jtuyls/iree-ai/llvm-aie-port/build/bin/llvm-tblgen -gen-global-isel-combiner -gisel-subtarget-class AIEBaseSubtarget -combiners="AIE2PSPostLegalizerCustomCombiner" -I/home/jtuyls/iree-ai/llvm-aie-port/amd/aie/llvm/lib/Target/AIE -I/home/jtuyls/iree-ai/llvm-aie-port/build/include -I/home/jtuyls/iree-ai/llvm-aie-port/llvm/include -I/home/jtuyls/iree-ai/llvm-aie-port/amd/aie/llvm/include -I /home/jtuyls/iree-ai/llvm-aie-port/llvm/lib/Target -I/home/jtuyls/iree-ai/llvm-aie-port/amd/aie/llvm/lib/Target/AIE/aie2ps /home/jtuyls/iree-ai/llvm-aie-port/amd/aie/llvm/lib/Target/AIE/AIE2PS.td --write-if-changed -o AIE2PSGenPostLegalizerGICustomCombiner.inc -d AIE2PSGenPostLegalizerGICustomCombiner.inc.d && /usr/bin/cmake -E cmake_transform_depfile Ninja gccdepfile /home/jtuyls/iree-ai/llvm-aie-port/llvm /home/jtuyls/iree-ai/llvm-aie-port/amd/aie/llvm/lib/Target/AIE /home/jtuyls/iree-ai/llvm-aie-port/build /home/jtuyls/iree-ai/llvm-aie-port/build/lib/Target/AIE /home/jtuyls/iree-ai/llvm-aie-port/build/lib/Target/AIE/AIE2PSGenPostLegalizerGICustomCombiner.inc.d /home/jtuyls/iree-ai/llvm-aie-port/build/CMakeFiles/d/7efaf9c95a2f15d3184d3bc3f27b2e8f46cdd98b7b7942e555076b00a904434f.d
llvm-tblgen: Unknown command line argument '-gisel-subtarget-class'.  Try: '/home/jtuyls/iree-ai/llvm-aie-port/build/bin/llvm-tblgen --help'
llvm-tblgen: Did you mean '--base-subtargetinfo-class'?
llvm-tblgen: Too many positional arguments specified!
Can specify at most 1 positional arguments: See: /home/jtuyls/iree-ai/llvm-aie-port/build/bin/llvm-tblgen --help
[20/543] Building AIE2GenRegisterInfo.inc...
[21/543] Building AIE2PSGenPostLegalizerGIFinalCombiner.inc...
FAILED: lib/Target/AIE/AIE2PSGenPostLegalizerGIFinalCombiner.inc /home/jtuyls/iree-ai/llvm-aie-port/build/lib/Target/AIE/AIE2PSGenPostLegalizerGIFinalCombiner.inc 
cd /home/jtuyls/iree-ai/llvm-aie-port/build/lib/Target/AIE && /home/jtuyls/iree-ai/llvm-aie-port/build/bin/llvm-tblgen -gen-global-isel-combiner -gisel-subtarget-class AIEBaseSubtarget -combiners="AIE2PSPostLegalizerFinalCombiner" -I/home/jtuyls/iree-ai/llvm-aie-port/amd/aie/llvm/lib/Target/AIE -I/home/jtuyls/iree-ai/llvm-aie-port/build/include -I/home/jtuyls/iree-ai/llvm-aie-port/llvm/include -I/home/jtuyls/iree-ai/llvm-aie-port/amd/aie/llvm/include -I /home/jtuyls/iree-ai/llvm-aie-port/llvm/lib/Target -I/home/jtuyls/iree-ai/llvm-aie-port/amd/aie/llvm/lib/Target/AIE/aie2ps /home/jtuyls/iree-ai/llvm-aie-port/amd/aie/llvm/lib/Target/AIE/AIE2PS.td --write-if-changed -o AIE2PSGenPostLegalizerGIFinalCombiner.inc -d AIE2PSGenPostLegalizerGIFinalCombiner.inc.d && /usr/bin/cmake -E cmake_transform_depfile Ninja gccdepfile /home/jtuyls/iree-ai/llvm-aie-port/llvm /home/jtuyls/iree-ai/llvm-aie-port/amd/aie/llvm/lib/Target/AIE /home/jtuyls/iree-ai/llvm-aie-port/build /home/jtuyls/iree-ai/llvm-aie-port/build/lib/Target/AIE /home/jtuyls/iree-ai/llvm-aie-port/build/lib/Target/AIE/AIE2PSGenPostLegalizerGIFinalCombiner.inc.d /home/jtuyls/iree-ai/llvm-aie-port/build/CMakeFiles/d/a77f651f3743f4339ed486107e6590f4eb97c0df7daeac64f9b18e7b90b33a38.d
llvm-tblgen: Unknown command line argument '-gisel-subtarget-class'.  Try: '/home/jtuyls/iree-ai/llvm-aie-port/build/bin/llvm-tblgen --help'
llvm-tblgen: Did you mean '--base-subtargetinfo-class'?
llvm-tblgen: Too many positional arguments specified!
Can specify at most 1 positional arguments: See: /home/jtuyls/iree-ai/llvm-aie-port/build/bin/llvm-tblgen --help
[22/543] Building AIE2PSGenPostLegalizerGIGenericCombiner.inc...
FAILED: lib/Target/AIE/AIE2PSGenPostLegalizerGIGenericCombiner.inc /home/jtuyls/iree-ai/llvm-aie-port/build/lib/Target/AIE/AIE2PSGenPostLegalizerGIGenericCombiner.inc 
cd /home/jtuyls/iree-ai/llvm-aie-port/build/lib/Target/AIE && /home/jtuyls/iree-ai/llvm-aie-port/build/bin/llvm-tblgen -gen-global-isel-combiner -gisel-subtarget-class AIEBaseSubtarget -combiners="AIE2PSPostLegalizerGenericCombiner" -I/home/jtuyls/iree-ai/llvm-aie-port/amd/aie/llvm/lib/Target/AIE -I/home/jtuyls/iree-ai/llvm-aie-port/build/include -I/home/jtuyls/iree-ai/llvm-aie-port/llvm/include -I/home/jtuyls/iree-ai/llvm-aie-port/amd/aie/llvm/include -I /home/jtuyls/iree-ai/llvm-aie-port/llvm/lib/Target -I/home/jtuyls/iree-ai/llvm-aie-port/amd/aie/llvm/lib/Target/AIE/aie2ps /home/jtuyls/iree-ai/llvm-aie-port/amd/aie/llvm/lib/Target/AIE/AIE2PS.td --write-if-changed -o AIE2PSGenPostLegalizerGIGenericCombiner.inc -d AIE2PSGenPostLegalizerGIGenericCombiner.inc.d && /usr/bin/cmake -E cmake_transform_depfile Ninja gccdepfile /home/jtuyls/iree-ai/llvm-aie-port/llvm /home/jtuyls/iree-ai/llvm-aie-port/amd/aie/llvm/lib/Target/AIE /home/jtuyls/iree-ai/llvm-aie-port/build /home/jtuyls/iree-ai/llvm-aie-port/build/lib/Target/AIE /home/jtuyls/iree-ai/llvm-aie-port/build/lib/Target/AIE/AIE2PSGenPostLegalizerGIGenericCombiner.inc.d /home/jtuyls/iree-ai/llvm-aie-port/build/CMakeFiles/d/35bbfb59a5ce982319964c03247a82ea3b4eb9433a99d79a9363ce1ac3107676.d
llvm-tblgen: Unknown command line argument '-gisel-subtarget-class'.  Try: '/home/jtuyls/iree-ai/llvm-aie-port/build/bin/llvm-tblgen --help'
llvm-tblgen: Did you mean '--base-subtargetinfo-class'?
llvm-tblgen: Too many positional arguments specified!
Can specify at most 1 positional arguments: See: /home/jtuyls/iree-ai/llvm-aie-port/build/bin/llvm-tblgen --help
[23/543] Building AIE2PSGenPreLegalizerGICombiner.inc...
FAILED: lib/Target/AIE/AIE2PSGenPreLegalizerGICombiner.inc /home/jtuyls/iree-ai/llvm-aie-port/build/lib/Target/AIE/AIE2PSGenPreLegalizerGICombiner.inc 
cd /home/jtuyls/iree-ai/llvm-aie-port/build/lib/Target/AIE && /home/jtuyls/iree-ai/llvm-aie-port/build/bin/llvm-tblgen -gen-global-isel-combiner -gisel-subtarget-class AIEBaseSubtarget -combiners="AIE2PSPreLegalizerCombiner" -I/home/jtuyls/iree-ai/llvm-aie-port/amd/aie/llvm/lib/Target/AIE -I/home/jtuyls/iree-ai/llvm-aie-port/build/include -I/home/jtuyls/iree-ai/llvm-aie-port/llvm/include -I/home/jtuyls/iree-ai/llvm-aie-port/amd/aie/llvm/include -I /home/jtuyls/iree-ai/llvm-aie-port/llvm/lib/Target -I/home/jtuyls/iree-ai/llvm-aie-port/amd/aie/llvm/lib/Target/AIE/aie2ps /home/jtuyls/iree-ai/llvm-aie-port/amd/aie/llvm/lib/Target/AIE/AIE2PS.td --write-if-changed -o AIE2PSGenPreLegalizerGICombiner.inc -d AIE2PSGenPreLegalizerGICombiner.inc.d && /usr/bin/cmake -E cmake_transform_depfile Ninja gccdepfile /home/jtuyls/iree-ai/llvm-aie-port/llvm /home/jtuyls/iree-ai/llvm-aie-port/amd/aie/llvm/lib/Target/AIE /home/jtuyls/iree-ai/llvm-aie-port/build /home/jtuyls/iree-ai/llvm-aie-port/build/lib/Target/AIE /home/jtuyls/iree-ai/llvm-aie-port/build/lib/Target/AIE/AIE2PSGenPreLegalizerGICombiner.inc.d /home/jtuyls/iree-ai/llvm-aie-port/build/CMakeFiles/d/659a2e971e7749adea3f327578e9541b44e680c9faed1a14b946eebb6db89929.d
llvm-tblgen: Unknown command line argument '-gisel-subtarget-class'.  Try: '/home/jtuyls/iree-ai/llvm-aie-port/build/bin/llvm-tblgen --help'
llvm-tblgen: Did you mean '--base-subtargetinfo-class'?
llvm-tblgen: Too many positional arguments specified!
Can specify at most 1 positional arguments: See: /home/jtuyls/iree-ai/llvm-aie-port/build/bin/llvm-tblgen --help
[24/543] Building AIE2PGenSplitInstrTables.inc...
[25/543] Building AIE2PGenVarInstructionItin.inc...
[26/543] Building AIE2GenAsmMatcher.inc...
[27/543] Building AIE2PGenDisassemblerTables.inc...
Decoding Conflict:
    .
    _  ABS
    _  ACQ_COND_mLockId_imm
    _  ACQ_COND_mLockId_reg
    _  ACQ_mLockId_imm
    _  ACQ_mLockId_reg
    _  ADC
    _  ADD_add_r_ri
    _  ADD_alu_r_rr
    _  AND
    _  ASHL
    _  CLB
    _  CLZ
    _  DIVS
    _  DONE
    _  EQ
    _  EQZ
    _  EVENT_ERROR
    _  EVENT_WARNING
    _  EVENT_event0
    _  EVENT_event1
    _  EXTEND_s16
    _  EXTEND_s8
    _  EXTEND_u16
    _  EXTEND_u8
    _  GE
    _  GEU
    _  INVSQRT_mOptConvDel_mRx
    _  INVSQRT_mOptConvDel_mRx_mOptConv
    _  INVSQRT_mRx
    _  INVSQRT_mRx_mOptConv
    _  INV_mOptConvDel_mRx
    _  INV_mOptConvDel_mRx_mOptConv
    _  INV_mRx
    _  INV_mRx_mOptConv
    _  JL_alumv_or
    _  JNZD
    _  J_alumv_or
    _  LSHL
    _  LT
    _  LTU
    _  MAC
    _  MOVX_alu_cg
    _  MOVX_mvx_cr_imm
    _  MOVX_mvx_cr_r
    _  MOV_alu_mv_alu_flt2fx
    _  MOV_alu_mv_alu_fx2flt
    _  MSC
    _  MUL
    _  NE
    _  NEZ
    _  NOPX
    _  OR
    _  POPCOUNT
    _  REL_COND_mLockId_imm
    _  REL_COND_mLockId_reg
    _  REL_mLockId_imm
    _  REL_mLockId_reg
    _  RET
    _  SBC
    _  SEL_EQZ
    _  SEL_NEZ
    _  SQRT_mOptConvDel_mRx
    _  SQRT_mOptConvDel_mRx_mOptConv
    _  SQRT_mRx
    _  SQRT_mRx_mOptConv
    _  SUB
    _  XOR
Decoding Conflict:
    .
    _  LDA_2D_dms_lda
    _  LDA_2D_dmv_lda_q
    _  LDA_2D_s16
    _  LDA_2D_s8
    _  LDA_2D_u16
    _  LDA_2D_u8
    _  LDA_3D_dms_lda
    _  LDA_3D_dmv_lda_q
    _  LDA_3D_s16
    _  LDA_3D_s8
    _  LDA_3D_u16
    _  LDA_3D_u8
    _  LDA_TM_2D
    _  LDA_TM_3D
    _  LDA_TM_idx
    _  LDA_TM_idx_imm
    _  LDA_TM_pstm_nrm
    _  LDA_TM_pstm_nrm_imm
    _  LDA_dms_lda_idx
    _  LDA_dms_lda_idx_imm
    _  LDA_dms_lda_pstm_nrm
    _  LDA_dms_lda_pstm_nrm_imm
    _  LDA_dms_lda_spill
    _  LDA_dmv_lda_q_idx
    _  LDA_dmv_lda_q_idx_imm
    _  LDA_dmv_lda_q_pstm_nrm
    _  LDA_dmv_lda_q_pstm_nrm_imm
    _  LDA_dmv_lda_q_spill
    _  LDA_s16_idx
    _  LDA_s16_idx_imm
    _  LDA_s16_pstm_nrm
    _  LDA_s16_pstm_nrm_imm
    _  LDA_s8_idx
    _  LDA_s8_idx_imm
    _  LDA_s8_pstm_nrm
    _  LDA_s8_pstm_nrm_imm
    _  LDA_u16_idx
    _  LDA_u16_idx_imm
    _  LDA_u16_pstm_nrm
    _  LDA_u16_pstm_nrm_imm
    _  LDA_u8_idx
    _  LDA_u8_idx_imm
    _  LDA_u8_pstm_nrm
    _  LDA_u8_pstm_nrm_imm
    _  MOVA
    _  MOV_lda
    _  MOV_nb_lda
    _  NOPA
    _  PADDA_2D
    _  PADDA_3D
    _  PADDA_pstm_nrm
    _  PADDA_pstm_nrm_imm
    _  ST_2D_s16
    _  ST_2D_s8
    _  ST_3D_s16
    _  ST_3D_s8
    _  ST_s16_idx
    _  ST_s16_idx_imm
    _  ST_s16_pstm_nrm
    _  ST_s16_pstm_nrm_imm
    _  ST_s8_idx
    _  ST_s8_idx_imm
    _  ST_s8_pstm_nrm
    _  ST_s8_pstm_nrm_imm
    _  VLDA_128_dmv_lda_w_idx
    _  VLDA_128_dmv_lda_w_idx_imm
    _  VLDA_128_dmv_lda_w_pstm_nrm
    _  VLDA_128_dmv_lda_w_pstm_nrm_imm
    _  VLDA_128_dmv_lda_w_spill
    _  VLDA_2D_128
    _  VLDA_2D_CONV_fp32_bf16_dmw_lda_ups_bf
    _  VLDA_2D_CONV_fp32_bf16_dmx_lda_ups_bf
    _  VLDA_2D_UPS_2x_dmw_lda_ups_w2b_upsSign0
    _  VLDA_2D_UPS_2x_dmw_lda_ups_w2b_upsSign1
    _  VLDA_2D_UPS_2x_dmx_lda_ups_x2c_upsSign0
    _  VLDA_2D_UPS_2x_dmx_lda_ups_x2c_upsSign1
    _  VLDA_2D_UPS_4x_dmw_lda_ups_w2c_upsSign0
    _  VLDA_2D_UPS_4x_dmw_lda_ups_w2c_upsSign1
    _  VLDA_2D_UPS_4x_dmx_lda_ups_x2d_upsSign0
    _  VLDA_2D_UPS_4x_dmx_lda_ups_x2d_upsSign1
    _  VLDA_2D_dmw_lda_w
    _  VLDA_2D_dmx_lda_bm
    _  VLDA_2D_dmx_lda_fifohl
    _  VLDA_2D_dmx_lda_x
    _  VLDA_3D_128
    _  VLDA_3D_CONV_fp32_bf16_dmw_lda_ups_bf
    _  VLDA_3D_CONV_fp32_bf16_dmx_lda_ups_bf
    _  VLDA_3D_UPS_2x_dmw_lda_ups_w2b_upsSign0
    _  VLDA_3D_UPS_2x_dmw_lda_ups_w2b_upsSign1
    _  VLDA_3D_UPS_2x_dmx_lda_ups_x2c_upsSign0
    _  VLDA_3D_UPS_2x_dmx_lda_ups_x2c_upsSign1
    _  VLDA_3D_UPS_4x_dmw_lda_ups_w2c_upsSign0
    _  VLDA_3D_UPS_4x_dmw_lda_ups_w2c_upsSign1
    _  VLDA_3D_UPS_4x_dmx_lda_ups_x2d_upsSign0
    _  VLDA_3D_UPS_4x_dmx_lda_ups_x2d_upsSign1
    _  VLDA_3D_dmw_lda_w
    _  VLDA_3D_dmx_lda_bm
    _  VLDA_3D_dmx_lda_fifohl
    _  VLDA_3D_dmx_lda_x
    _  VLDA_CONV_fp32_bf16_dmw_lda_ups_bf_idx
    _  VLDA_CONV_fp32_bf16_dmw_lda_ups_bf_idx_imm
    _  VLDA_CONV_fp32_bf16_dmw_lda_ups_bf_pstm_nrm
    _  VLDA_CONV_fp32_bf16_dmw_lda_ups_bf_pstm_nrm_imm
    _  VLDA_CONV_fp32_bf16_dmx_lda_ups_bf_idx
    _  VLDA_CONV_fp32_bf16_dmx_lda_ups_bf_idx_imm
    _  VLDA_CONV_fp32_bf16_dmx_lda_ups_bf_pstm_nrm
    _  VLDA_CONV_fp32_bf16_dmx_lda_ups_bf_pstm_nrm_imm
    _  VLDA_FILL_512
    _  VLDA_POP_512_2D
    _  VLDA_POP_512_3D
    _  VLDA_POP_512_fifo_1d_pop
    _  VLDA_POP_512_normal_pop
    _  VLDA_POP_544_2D
    _  VLDA_POP_544_3D
    _  VLDA_POP_544_fifo_1d_pop
    _  VLDA_POP_544_normal_pop
    _  VLDA_POP_576_2D
    _  VLDA_POP_576_3D
    _  VLDA_POP_576_fifo_1d_pop
    _  VLDA_POP_576_normal_pop
    _  VLDA_POP_640_2D
    _  VLDA_POP_640_3D
    _  VLDA_POP_640_fifo_1d_pop
    _  VLDA_POP_640_normal_pop
    _  VLDA_POP_704_2D
    _  VLDA_POP_704_3D
    _  VLDA_POP_704_fifo_1d_pop
    _  VLDA_POP_704_normal_pop
    _  VLDA_UPS_2x_dmw_lda_ups_w2b_idx_imm_upsSign0
    _  VLDA_UPS_2x_dmw_lda_ups_w2b_idx_imm_upsSign1
    _  VLDA_UPS_2x_dmw_lda_ups_w2b_idx_upsSign0
    _  VLDA_UPS_2x_dmw_lda_ups_w2b_idx_upsSign1
    _  VLDA_UPS_2x_dmw_lda_ups_w2b_pstm_nrm_imm_upsSign0
    _  VLDA_UPS_2x_dmw_lda_ups_w2b_pstm_nrm_imm_upsSign1
    _  VLDA_UPS_2x_dmw_lda_ups_w2b_pstm_nrm_upsSign0
    _  VLDA_UPS_2x_dmw_lda_ups_w2b_pstm_nrm_upsSign1
    _  VLDA_UPS_2x_dmx_lda_ups_x2c_idx_imm_upsSign0
    _  VLDA_UPS_2x_dmx_lda_ups_x2c_idx_imm_upsSign1
    _  VLDA_UPS_2x_dmx_lda_ups_x2c_idx_upsSign0
    _  VLDA_UPS_2x_dmx_lda_ups_x2c_idx_upsSign1
    _  VLDA_UPS_2x_dmx_lda_ups_x2c_pstm_nrm_imm_upsSign0
    _  VLDA_UPS_2x_dmx_lda_ups_x2c_pstm_nrm_imm_upsSign1
    _  VLDA_UPS_2x_dmx_lda_ups_x2c_pstm_nrm_upsSign0
    _  VLDA_UPS_2x_dmx_lda_ups_x2c_pstm_nrm_upsSign1
    _  VLDA_UPS_4x_dmw_lda_ups_w2c_idx_imm_upsSign0
    _  VLDA_UPS_4x_dmw_lda_ups_w2c_idx_imm_upsSign1
    _  VLDA_UPS_4x_dmw_lda_ups_w2c_idx_upsSign0
    _  VLDA_UPS_4x_dmw_lda_ups_w2c_idx_upsSign1
    _  VLDA_UPS_4x_dmw_lda_ups_w2c_pstm_nrm_imm_upsSign0
    _  VLDA_UPS_4x_dmw_lda_ups_w2c_pstm_nrm_imm_upsSign1
    _  VLDA_UPS_4x_dmw_lda_ups_w2c_pstm_nrm_upsSign0
    _  VLDA_UPS_4x_dmw_lda_ups_w2c_pstm_nrm_upsSign1
    _  VLDA_UPS_4x_dmx_lda_ups_x2d_idx_imm_upsSign0
    _  VLDA_UPS_4x_dmx_lda_ups_x2d_idx_imm_upsSign1
    _  VLDA_UPS_4x_dmx_lda_ups_x2d_idx_upsSign0
    _  VLDA_UPS_4x_dmx_lda_ups_x2d_idx_upsSign1
    _  VLDA_UPS_4x_dmx_lda_ups_x2d_pstm_nrm_imm_upsSign0
    _  VLDA_UPS_4x_dmx_lda_ups_x2d_pstm_nrm_imm_upsSign1
    _  VLDA_UPS_4x_dmx_lda_ups_x2d_pstm_nrm_upsSign0
    _  VLDA_UPS_4x_dmx_lda_ups_x2d_pstm_nrm_upsSign1
    _  VLDA_dmw_lda_w_idx
    _  VLDA_dmw_lda_w_idx_imm
    _  VLDA_dmw_lda_w_pstm_nrm
    _  VLDA_dmw_lda_w_pstm_nrm_imm
    _  VLDA_dmw_lda_w_spill
    _  VLDA_dmx_lda_bm_idx
    _  VLDA_dmx_lda_bm_idx_imm
    _  VLDA_dmx_lda_bm_pstm_nrm
    _  VLDA_dmx_lda_bm_pstm_nrm_imm
    _  VLDA_dmx_lda_bm_spill
    _  VLDA_dmx_lda_fifohl_idx
    _  VLDA_dmx_lda_fifohl_idx_imm
    _  VLDA_dmx_lda_fifohl_pstm_nrm
    _  VLDA_dmx_lda_fifohl_pstm_nrm_imm
    _  VLDA_dmx_lda_fifohl_spill
    _  VLDA_dmx_lda_x_idx
    _  VLDA_dmx_lda_x_idx_imm
    _  VLDA_dmx_lda_x_pstm_nrm
    _  VLDA_dmx_lda_x_pstm_nrm_imm
    _  VLDA_dmx_lda_x_spill
    _  VMOV_0_mv_scd_cm
    _  VMOV_0_mv_scd_dm_imm
    _  VMOV_1_mv_scd_cm
    _  VMOV_1_mv_scd_dm_imm
    _  VMOV_2
    _  VMOV_3
    _  VMOV_lda_mv_scd_bm
    _  VMOV_lda_mv_scd_dm_dyn
    _  VMOV_lda_mv_scd_dm_reg
    _  VMOV_lda_mv_scd_x
Decoding Conflict:
    .
    _  NOPB
    _  PADDB_2D
    _  PADDB_3D
    _  PADDB_pstm_nrm
    _  PADDB_pstm_nrm_imm
    _  VLDB_128_idx
    _  VLDB_128_idx_imm
    _  VLDB_128_pstm_nrm
    _  VLDB_128_pstm_nrm_imm
    _  VLDB_2D_128
    _  VLDB_2D_UNPACK_dmw_ldb_unpack_unpackSign0
    _  VLDB_2D_UNPACK_dmw_ldb_unpack_unpackSign1
    _  VLDB_2D_UNPACK_dmx_ldb_unpack_unpackSign0
    _  VLDB_2D_UNPACK_dmx_ldb_unpack_unpackSign1
    _  VLDB_2D_dmw_ldb
    _  VLDB_2D_dmx_ldb_x
    _  VLDB_3D_128
    _  VLDB_3D_UNPACK_dmw_ldb_unpack_unpackSign0
    _  VLDB_3D_UNPACK_dmw_ldb_unpack_unpackSign1
    _  VLDB_3D_UNPACK_dmx_ldb_unpack_unpackSign0
    _  VLDB_3D_UNPACK_dmx_ldb_unpack_unpackSign1
    _  VLDB_3D_dmw_ldb
    _  VLDB_3D_dmx_ldb_x
    _  VLDB_4x16_hi
    _  VLDB_4x16_lo
    _  VLDB_4x32_hi
    _  VLDB_4x32_lo
    _  VLDB_4x64_hi
    _  VLDB_4x64_lo
    _  VLDB_FILLX_512
    _  VLDB_FILL_512
    _  VLDB_POPX_512
    _  VLDB_POP_512_2D
    _  VLDB_POP_512_3D
    _  VLDB_POP_512_fifo_1d_pop
    _  VLDB_POP_512_normal_pop
    _  VLDB_POP_544_2D
    _  VLDB_POP_544_3D
    _  VLDB_POP_544_fifo_1d_pop
    _  VLDB_POP_544_normal_pop
    _  VLDB_POP_576_2D
    _  VLDB_POP_576_3D
    _  VLDB_POP_576_fifo_1d_pop
    _  VLDB_POP_576_normal_pop
    _  VLDB_POP_640_2D
    _  VLDB_POP_640_3D
    _  VLDB_POP_640_fifo_1d_pop
    _  VLDB_POP_640_normal_pop
    _  VLDB_POP_704_2D
    _  VLDB_POP_704_3D
    _  VLDB_POP_704_fifo_1d_pop
    _  VLDB_POP_704_normal_pop
    _  VLDB_UNPACK_dmw_ldb_unpack_idx_imm_unpackSign0
    _  VLDB_UNPACK_dmw_ldb_unpack_idx_imm_unpackSign1
    _  VLDB_UNPACK_dmw_ldb_unpack_idx_unpackSign0
    _  VLDB_UNPACK_dmw_ldb_unpack_idx_unpackSign1
    _  VLDB_UNPACK_dmw_ldb_unpack_pstm_nrm_imm_unpackSign0
    _  VLDB_UNPACK_dmw_ldb_unpack_pstm_nrm_imm_unpackSign1
    _  VLDB_UNPACK_dmw_ldb_unpack_pstm_nrm_unpackSign0
    _  VLDB_UNPACK_dmw_ldb_unpack_pstm_nrm_unpackSign1
    _  VLDB_UNPACK_dmx_ldb_unpack_idx_imm_unpackSign0
    _  VLDB_UNPACK_dmx_ldb_unpack_idx_imm_unpackSign1
    _  VLDB_UNPACK_dmx_ldb_unpack_idx_unpackSign0
    _  VLDB_UNPACK_dmx_ldb_unpack_idx_unpackSign1
    _  VLDB_UNPACK_dmx_ldb_unpack_pstm_nrm_imm_unpackSign0
    _  VLDB_UNPACK_dmx_ldb_unpack_pstm_nrm_imm_unpackSign1
    _  VLDB_UNPACK_dmx_ldb_unpack_pstm_nrm_unpackSign0
    _  VLDB_UNPACK_dmx_ldb_unpack_pstm_nrm_unpackSign1
    _  VLDB_dmw_ldb_idx
    _  VLDB_dmw_ldb_idx_imm
    _  VLDB_dmw_ldb_pstm_nrm
    _  VLDB_dmw_ldb_pstm_nrm_imm
    _  VLDB_dmx_ldb_x_idx
    _  VLDB_dmx_ldb_x_idx_imm
    _  VLDB_dmx_ldb_x_pstm_nrm
    _  VLDB_dmx_ldb_x_pstm_nrm_imm
    _  VUNPACK_mv_unpack_w_unpackSign0
    _  VUNPACK_mv_unpack_w_unpackSign1
    _  VUNPACK_mv_unpack_x_unpackSign0
    _  VUNPACK_mv_unpack_x_unpackSign1
Decoding Conflict:
    .
    _  JL_lng
    _  JNZ
    _  JZ
    _  J_lng
    _  MOVXM
    _  NOPXM
    _  PADDXM_pstm_sp
    _  PADDXM_pstm_sp_imm
Decoding Conflict:
    .
    _  ADD_NC_mv_add_ri
    _  ADD_NC_mv_add_rr
    _  MOV_alu_mv_mv_mv_cg
    _  MOV_alu_mv_mv_mv_cntr2l
    _  MOV_alu_mv_mv_mv_e_mv_eh_to_eh
    _  MOV_alu_mv_mv_mv_e_mv_eh_to_el
    _  MOV_alu_mv_mv_mv_e_mv_eh_to_r
    _  MOV_alu_mv_mv_mv_e_mv_el_to_eh
    _  MOV_alu_mv_mv_mv_e_mv_el_to_el
    _  MOV_alu_mv_mv_mv_e_mv_el_to_r
    _  MOV_alu_mv_mv_mv_e_mv_r_to_eh
    _  MOV_alu_mv_mv_mv_e_mv_r_to_el
    _  MOV_alu_mv_mv_mv_scl
    _  MOV_d1
    _  MOV_d2
    _  MOV_d3
    _  MOV_d4
    _  MOV_d5
    _  MOV_d6
    _  NOPM
    _  VABS_GTZ_16_vaddSign0
    _  VABS_GTZ_16_vaddSign1
    _  VABS_GTZ_32_vaddSign0
    _  VABS_GTZ_32_vaddSign1
    _  VABS_GTZ_8_vaddSign0
    _  VABS_GTZ_8_vaddSign1
    _  VADDSUB_16
    _  VADDSUB_32
    _  VADDSUB_8
    _  VADD_16
    _  VADD_32
    _  VADD_8
    _  VBAND
    _  VBCSTSHFL_16_vec_broadcast_shuffle_bm
    _  VBCSTSHFL_16_vec_broadcast_shuffle_x
    _  VBCSTSHFL_32_vec_broadcast_shuffle_bm
    _  VBCSTSHFL_32_vec_broadcast_shuffle_x
    _  VBCSTSHFL_64_vec_broadcast_shuffle_bm
    _  VBCSTSHFL_64_vec_broadcast_shuffle_x
    _  VBCSTSHFL_8_vec_broadcast_shuffle_bm
    _  VBCSTSHFL_8_vec_broadcast_shuffle_x
    _  VBCST_16
    _  VBCST_32
    _  VBCST_64
    _  VBCST_8
    _  VBNEG_LTZ_s16
    _  VBNEG_LTZ_s32
    _  VBNEG_LTZ_s8
    _  VBOR
    _  VCONV_fp32_bf16_mv_ups_wbf
    _  VCONV_fp32_bf16_mv_ups_xbf
    _  VEQZ_16
    _  VEQZ_32
    _  VEQZ_8
    _  VEXP2
    _  VEXTBCSTSHFL_128
    _  VEXTBCSTSHFL_16
    _  VEXTBCSTSHFL_32
    _  VEXTBCSTSHFL_64
    _  VEXTBCST_128_vec_extract_broadcast_imm
    _  VEXTBCST_128_vec_extract_broadcast_r
    _  VEXTBCST_16_vec_extract_broadcast_imm
    _  VEXTBCST_16_vec_extract_broadcast_r
    _  VEXTBCST_32_vec_extract_broadcast_imm
    _  VEXTBCST_32_vec_extract_broadcast_r
    _  VEXTBCST_64_vec_extract_broadcast_imm
    _  VEXTBCST_64_vec_extract_broadcast_r
    _  VEXTBCST_8_vec_extract_broadcast_imm
    _  VEXTBCST_8_vec_extract_broadcast_r
    _  VEXTRACT_16_vec_extract_imm_vaddSign0
    _  VEXTRACT_16_vec_extract_imm_vaddSign1
    _  VEXTRACT_16_vec_extract_r_vaddSign0
    _  VEXTRACT_16_vec_extract_r_vaddSign1
    _  VEXTRACT_32_vec_extract_imm_vaddSign0
    _  VEXTRACT_32_vec_extract_imm_vaddSign1
    _  VEXTRACT_32_vec_extract_r_vaddSign0
    _  VEXTRACT_32_vec_extract_r_vaddSign1
    _  VEXTRACT_64_vec_extract_imm_vaddSign0
    _  VEXTRACT_64_vec_extract_imm_vaddSign1
    _  VEXTRACT_64_vec_extract_r_vaddSign0
    _  VEXTRACT_64_vec_extract_r_vaddSign1
    _  VEXTRACT_8_vec_extract_imm_vaddSign0
    _  VEXTRACT_8_vec_extract_imm_vaddSign1
    _  VEXTRACT_8_vec_extract_r_vaddSign0
    _  VEXTRACT_8_vec_extract_r_vaddSign1
    _  VGE_16_vaddSign0
    _  VGE_16_vaddSign1
    _  VGE_32_vaddSign0
    _  VGE_32_vaddSign1
    _  VGE_8_vaddSign0
    _  VGE_8_vaddSign1
    _  VGE_bf16
    _  VINSERT_16_mIdxImm0
    _  VINSERT_16_mR29_insert
    _  VINSERT_32_mIdxImm0
    _  VINSERT_32_mR29_insert
    _  VINSERT_64_mIdxImm0
    _  VINSERT_64_mR29_insert
    _  VINSERT_8_mIdxImm0
    _  VINSERT_8_mR29_insert
    _  VLT_16_vaddSign0
    _  VLT_16_vaddSign1
    _  VLT_32_vaddSign0
    _  VLT_32_vaddSign1
    _  VLT_8_vaddSign0
    _  VLT_8_vaddSign1
    _  VLT_bf16
    _  VMAXDIFF_LT_16_vaddSign0
    _  VMAXDIFF_LT_16_vaddSign1
    _  VMAXDIFF_LT_32_vaddSign0
    _  VMAXDIFF_LT_32_vaddSign1
    _  VMAXDIFF_LT_8_vaddSign0
    _  VMAXDIFF_LT_8_vaddSign1
    _  VMAX_LT_16_vaddSign0
    _  VMAX_LT_16_vaddSign1
    _  VMAX_LT_32_vaddSign0
    _  VMAX_LT_32_vaddSign1
    _  VMAX_LT_8_vaddSign0
    _  VMAX_LT_8_vaddSign1
    _  VMAX_LT_bf16
    _  VMIN_GE_16_vaddSign0
    _  VMIN_GE_16_vaddSign1
    _  VMIN_GE_32_vaddSign0
    _  VMIN_GE_32_vaddSign1
    _  VMIN_GE_8_vaddSign0
    _  VMIN_GE_8_vaddSign1
    _  VMIN_GE_bf16
    _  VMOV_alu_mv_mv_cm
    _  VMOV_alu_mv_mv_ex
    _  VMOV_alu_mv_mv_q
    _  VMOV_alu_mv_mv_q_to_w
    _  VMOV_alu_mv_mv_qex
    _  VMOV_alu_mv_mv_qx
    _  VMOV_alu_mv_mv_w
    _  VMOV_alu_mv_mv_w_to_q
    _  VMOV_alu_mv_mv_x
    _  VNEG_GTZ_16
    _  VNEG_GTZ_32
    _  VNEG_GTZ_8
    _  VPUSH_hi_16
    _  VPUSH_hi_32
    _  VPUSH_hi_64
    _  VPUSH_hi_8
    _  VPUSH_lo_16
    _  VPUSH_lo_32
    _  VPUSH_lo_64
    _  VPUSH_lo_8
    _  VSEL_16
    _  VSEL_32
    _  VSEL_8
    _  VSHIFT
    _  VSHIFT_ALIGN
    _  VSHUFFLE_vec_shuffle_bm
    _  VSHUFFLE_vec_shuffle_ex
    _  VSHUFFLE_vec_shuffle_x
    _  VSUB_16
    _  VSUB_32
    _  VSUB_8
    _  VSUB_GE_16_vaddSign0
    _  VSUB_GE_16_vaddSign1
    _  VSUB_GE_32_vaddSign0
    _  VSUB_GE_32_vaddSign1
    _  VSUB_GE_8_vaddSign0
    _  VSUB_GE_8_vaddSign1
    _  VSUB_LT_16_vaddSign0
    _  VSUB_LT_16_vaddSign1
    _  VSUB_LT_32_vaddSign0
    _  VSUB_LT_32_vaddSign1
    _  VSUB_LT_8_vaddSign0
    _  VSUB_LT_8_vaddSign1
    _  VTANH
    _  VUPS_2x_mv_ups_w2b_upsSign0
    _  VUPS_2x_mv_ups_w2b_upsSign1
    _  VUPS_2x_mv_ups_x2c_upsSign0
    _  VUPS_2x_mv_ups_x2c_upsSign1
    _  VUPS_4x_mv_ups_w2c_upsSign0
    _  VUPS_4x_mv_ups_w2c_upsSign1
    _  VUPS_4x_mv_ups_x2d_upsSign0
    _  VUPS_4x_mv_ups_x2d_upsSign1
Decoding Conflict:
    .
    _  MOVS
    _  MOV_CPH_mMStream_tlast_imm
    _  MOV_CPH_mMStream_tlast_reg
    _  MOV_CPH_nb_mMStream_tlast_imm
    _  MOV_CPH_nb_mMStream_tlast_reg
    _  MOV_CPH_nb_tlast
    _  MOV_CPH_tlast
    _  MOV_PH_mMStream_tlast_imm
    _  MOV_PH_mMStream_tlast_reg
    _  MOV_PH_nb_mMStream_tlast_imm
    _  MOV_PH_nb_mMStream_tlast_reg
    _  MOV_PH_nb_tlast
    _  MOV_PH_tlast
    _  MOV_nb_st_mMStream_tlast_imm
    _  MOV_nb_st_mMStream_tlast_reg
    _  MOV_nb_tlast
    _  MOV_st_mMStream_tlast_imm
    _  MOV_st_mMStream_tlast_reg
    _  MOV_tlast
    _  NOPS
    _  PADDS_2D
    _  PADDS_3D
    _  PADDS_pstm_nrm
    _  PADDS_pstm_nrm_imm
    _  ST_2D_dms_sts
    _  ST_2D_dmv_sts_q
    _  ST_3D_dms_sts
    _  ST_3D_dmv_sts_q
    _  ST_TM_2D
    _  ST_TM_3D
    _  ST_TM_idx
    _  ST_TM_idx_imm
    _  ST_TM_pstm_nrm
    _  ST_TM_pstm_nrm_imm
    _  ST_dms_sts_idx
    _  ST_dms_sts_idx_imm
    _  ST_dms_sts_pstm_nrm
    _  ST_dms_sts_pstm_nrm_imm
    _  ST_dms_sts_spill
    _  ST_dmv_sts_q_idx
    _  ST_dmv_sts_q_idx_imm
    _  ST_dmv_sts_q_pstm_nrm
    _  ST_dmv_sts_q_pstm_nrm_imm
    _  ST_dmv_sts_q_spill
    _  VCONV_bf16_fp32_mv_w_srs_bf
    _  VCONV_bf16_fp32_mv_x_srs_bf
    _  VCONV_bfp16ebs16_ebs8
    _  VCONV_bfp16ebs16_fp32
    _  VCONV_bfp16ebs8_fp32
    _  VFLOOR_s32_bf16_mv_float_to_int_bm
    _  VFLOOR_s32_bf16_mv_float_to_int_w
    _  VMOV_st_mv_mcd_bm
    _  VMOV_st_mv_mcd_x
    _  VPACK_mv_pack_w_packSign0
    _  VPACK_mv_pack_w_packSign1
    _  VPACK_mv_pack_x_packSign0
    _  VPACK_mv_pack_x_packSign1
    _  VSRS_2x_mv_w_srs_bm_srsSign0
    _  VSRS_2x_mv_w_srs_bm_srsSign1
    _  VSRS_2x_mv_x_srs_cm_srsSign0
    _  VSRS_2x_mv_x_srs_cm_srsSign1
    _  VSRS_4x_mv_w_srs_cm_srsSign0
    _  VSRS_4x_mv_w_srs_cm_srsSign1
    _  VSRS_4x_mv_x_srs_dm_srsSign0
    _  VSRS_4x_mv_x_srs_dm_srsSign1
    _  VST_128_dmv_sts_w_idx
    _  VST_128_dmv_sts_w_idx_imm
    _  VST_128_dmv_sts_w_pstm_nrm
    _  VST_128_dmv_sts_w_pstm_nrm_imm
    _  VST_128_dmv_sts_w_spill
    _  VST_2D_128
    _  VST_2D_CONV_bf16_fp32_dmw_sts_srs_bf
    _  VST_2D_CONV_bf16_fp32_dmx_sts_srs_bf
    _  VST_2D_PACK_dmw_sts_pack_packSign0
    _  VST_2D_PACK_dmw_sts_pack_packSign1
    _  VST_2D_PACK_dmx_sts_pack_packSign0
    _  VST_2D_PACK_dmx_sts_pack_packSign1
    _  VST_2D_SRS_2x_dm_sts_srs_cm_srsSign0
    _  VST_2D_SRS_2x_dm_sts_srs_cm_srsSign1
    _  VST_2D_SRS_2x_dmw_sts_srs_bm_srsSign0
    _  VST_2D_SRS_2x_dmw_sts_srs_bm_srsSign1
    _  VST_2D_SRS_4x_dm_sts_srs_cm_srsSign0
    _  VST_2D_SRS_4x_dm_sts_srs_cm_srsSign1
    _  VST_2D_SRS_4x_dmx_sts_srs_dm_srsSign0
    _  VST_2D_SRS_4x_dmx_sts_srs_dm_srsSign1
    _  VST_2D_dmw_sts_w
    _  VST_2D_dmx_sts_bm
    _  VST_2D_dmx_sts_fifohl
    _  VST_2D_dmx_sts_x
    _  VST_3D_128
    _  VST_3D_CONV_bf16_fp32_dmw_sts_srs_bf
    _  VST_3D_CONV_bf16_fp32_dmx_sts_srs_bf
    _  VST_3D_PACK_dmw_sts_pack_packSign0
    _  VST_3D_PACK_dmw_sts_pack_packSign1
    _  VST_3D_PACK_dmx_sts_pack_packSign0
    _  VST_3D_PACK_dmx_sts_pack_packSign1
    _  VST_3D_SRS_2x_dm_sts_srs_cm_srsSign0
    _  VST_3D_SRS_2x_dm_sts_srs_cm_srsSign1
    _  VST_3D_SRS_2x_dmw_sts_srs_bm_srsSign0
    _  VST_3D_SRS_2x_dmw_sts_srs_bm_srsSign1
    _  VST_3D_SRS_4x_dm_sts_srs_cm_srsSign0
    _  VST_3D_SRS_4x_dm_sts_srs_cm_srsSign1
    _  VST_3D_SRS_4x_dmx_sts_srs_dm_srsSign0
    _  VST_3D_SRS_4x_dmx_sts_srs_dm_srsSign1
    _  VST_3D_dmw_sts_w
    _  VST_3D_dmx_sts_bm
    _  VST_3D_dmx_sts_fifohl
    _  VST_3D_dmx_sts_x
    _  VST_CONV_bf16_fp32_dmw_sts_srs_bf_idx
    _  VST_CONV_bf16_fp32_dmw_sts_srs_bf_idx_imm
    _  VST_CONV_bf16_fp32_dmw_sts_srs_bf_pstm_nrm
    _  VST_CONV_bf16_fp32_dmw_sts_srs_bf_pstm_nrm_imm
    _  VST_CONV_bf16_fp32_dmx_sts_srs_bf_idx
    _  VST_CONV_bf16_fp32_dmx_sts_srs_bf_idx_imm
    _  VST_CONV_bf16_fp32_dmx_sts_srs_bf_pstm_nrm
    _  VST_CONV_bf16_fp32_dmx_sts_srs_bf_pstm_nrm_imm
    _  VST_FLUSH_512_2D
    _  VST_FLUSH_512_3D
    _  VST_FLUSH_512_CONV_2D
    _  VST_FLUSH_512_CONV_3D
    _  VST_FLUSH_512_CONV_fifo_1d_flush
    _  VST_FLUSH_512_CONV_normal_flush
    _  VST_FLUSH_512_fifo_1d_flush
    _  VST_FLUSH_512_normal_flush
    _  VST_PACK_dmw_sts_pack_idx_imm_packSign0
    _  VST_PACK_dmw_sts_pack_idx_imm_packSign1
    _  VST_PACK_dmw_sts_pack_idx_packSign0
    _  VST_PACK_dmw_sts_pack_idx_packSign1
    _  VST_PACK_dmw_sts_pack_pstm_nrm_imm_packSign0
    _  VST_PACK_dmw_sts_pack_pstm_nrm_imm_packSign1
    _  VST_PACK_dmw_sts_pack_pstm_nrm_packSign0
    _  VST_PACK_dmw_sts_pack_pstm_nrm_packSign1
    _  VST_PACK_dmx_sts_pack_idx_imm_packSign0
    _  VST_PACK_dmx_sts_pack_idx_imm_packSign1
    _  VST_PACK_dmx_sts_pack_idx_packSign0
    _  VST_PACK_dmx_sts_pack_idx_packSign1
    _  VST_PACK_dmx_sts_pack_pstm_nrm_imm_packSign0
    _  VST_PACK_dmx_sts_pack_pstm_nrm_imm_packSign1
    _  VST_PACK_dmx_sts_pack_pstm_nrm_packSign0
    _  VST_PACK_dmx_sts_pack_pstm_nrm_packSign1
    _  VST_PUSH_512
    _  VST_PUSH_544
    _  VST_PUSH_544_CONV_bfp16ebs16_ebs8
    _  VST_PUSH_544_CONV_bfp16ebs16_fp32
    _  VST_PUSH_576
    _  VST_PUSH_576_CONV_bfp16ebs8_fp32
    _  VST_SRS_2x_dm_sts_srs_cm_idx_imm_srsSign0
    _  VST_SRS_2x_dm_sts_srs_cm_idx_imm_srsSign1
    _  VST_SRS_2x_dm_sts_srs_cm_idx_srsSign0
    _  VST_SRS_2x_dm_sts_srs_cm_idx_srsSign1
    _  VST_SRS_2x_dm_sts_srs_cm_pstm_nrm_imm_srsSign0
    _  VST_SRS_2x_dm_sts_srs_cm_pstm_nrm_imm_srsSign1
    _  VST_SRS_2x_dm_sts_srs_cm_pstm_nrm_srsSign0
    _  VST_SRS_2x_dm_sts_srs_cm_pstm_nrm_srsSign1
    _  VST_SRS_2x_dmw_sts_srs_bm_idx_imm_srsSign0
    _  VST_SRS_2x_dmw_sts_srs_bm_idx_imm_srsSign1
    _  VST_SRS_2x_dmw_sts_srs_bm_idx_srsSign0
    _  VST_SRS_2x_dmw_sts_srs_bm_idx_srsSign1
    _  VST_SRS_2x_dmw_sts_srs_bm_pstm_nrm_imm_srsSign0
    _  VST_SRS_2x_dmw_sts_srs_bm_pstm_nrm_imm_srsSign1
    _  VST_SRS_2x_dmw_sts_srs_bm_pstm_nrm_srsSign0
    _  VST_SRS_2x_dmw_sts_srs_bm_pstm_nrm_srsSign1
    _  VST_SRS_4x_dm_sts_srs_cm_idx_imm_srsSign0
    _  VST_SRS_4x_dm_sts_srs_cm_idx_imm_srsSign1
    _  VST_SRS_4x_dm_sts_srs_cm_idx_srsSign0
    _  VST_SRS_4x_dm_sts_srs_cm_idx_srsSign1
    _  VST_SRS_4x_dm_sts_srs_cm_pstm_nrm_imm_srsSign0
    _  VST_SRS_4x_dm_sts_srs_cm_pstm_nrm_imm_srsSign1
    _  VST_SRS_4x_dm_sts_srs_cm_pstm_nrm_srsSign0
    _  VST_SRS_4x_dm_sts_srs_cm_pstm_nrm_srsSign1
    _  VST_SRS_4x_dmx_sts_srs_dm_idx_imm_srsSign0
    _  VST_SRS_4x_dmx_sts_srs_dm_idx_imm_srsSign1
    _  VST_SRS_4x_dmx_sts_srs_dm_idx_srsSign0
    _  VST_SRS_4x_dmx_sts_srs_dm_idx_srsSign1
    _  VST_SRS_4x_dmx_sts_srs_dm_pstm_nrm_imm_srsSign0
    _  VST_SRS_4x_dmx_sts_srs_dm_pstm_nrm_imm_srsSign1
    _  VST_SRS_4x_dmx_sts_srs_dm_pstm_nrm_srsSign0
    _  VST_SRS_4x_dmx_sts_srs_dm_pstm_nrm_srsSign1
    _  VST_dmw_sts_w_idx
    _  VST_dmw_sts_w_idx_imm
    _  VST_dmw_sts_w_pstm_nrm
    _  VST_dmw_sts_w_pstm_nrm_imm
    _  VST_dmw_sts_w_spill
    _  VST_dmx_sts_bm_idx
    _  VST_dmx_sts_bm_idx_imm
    _  VST_dmx_sts_bm_pstm_nrm
    _  VST_dmx_sts_bm_pstm_nrm_imm
    _  VST_dmx_sts_bm_spill
    _  VST_dmx_sts_fifohl_idx
    _  VST_dmx_sts_fifohl_idx_imm
    _  VST_dmx_sts_fifohl_pstm_nrm
    _  VST_dmx_sts_fifohl_pstm_nrm_imm
    _  VST_dmx_sts_fifohl_spill
    _  VST_dmx_sts_x_idx
    _  VST_dmx_sts_x_idx_imm
    _  VST_dmx_sts_x_pstm_nrm
    _  VST_dmx_sts_x_pstm_nrm_imm
    _  VST_dmx_sts_x_spill
Decoding Conflict:
    .
    _  NOPV
    _  VADDMAC_f_vaddmac_bf_vmac_cm2_add_reg_vmul_bf_core_X_X
    _  VADDMAC_f_vaddmac_bf_vmac_cm2_add_reg_vmul_bf_core_Y_Y
    _  VADDMAC_f_vaddmac_bf_vmac_cm2_add_scd_incr_vmul_bf_core_X_X
    _  VADDMAC_f_vaddmac_bf_vmac_cm2_add_scd_incr_vmul_bf_core_Y_Y
    _  VADDMAC_f_vaddmac_bf_vmac_cm2_add_scd_vmul_bf_core_X_X
    _  VADDMAC_f_vaddmac_bf_vmac_cm2_add_scd_vmul_bf_core_Y_Y
    _  VADDMAC_f_vaddmac_bfp_vmac_cm2_add_reg_vmul_bfp_core_EX_EX
    _  VADDMAC_f_vaddmac_bfp_vmac_cm2_add_reg_vmul_bfp_core_EX_EY
    _  VADDMAC_f_vaddmac_bfp_vmac_cm2_add_reg_vmul_bfp_core_EX_QEY
    _  VADDMAC_f_vaddmac_bfp_vmac_cm2_add_reg_vmul_bfp_core_EY_QEX
    _  VADDMAC_f_vaddmac_bfp_vmac_cm2_add_scd_incr_vmul_bfp_core_EX_EX
    _  VADDMAC_f_vaddmac_bfp_vmac_cm2_add_scd_incr_vmul_bfp_core_EX_EY
    _  VADDMAC_f_vaddmac_bfp_vmac_cm2_add_scd_incr_vmul_bfp_core_EX_QEY
    _  VADDMAC_f_vaddmac_bfp_vmac_cm2_add_scd_incr_vmul_bfp_core_EY_QEX
    _  VADDMAC_f_vaddmac_bfp_vmac_cm2_add_scd_vmul_bfp_core_EX_EX
    _  VADDMAC_f_vaddmac_bfp_vmac_cm2_add_scd_vmul_bfp_core_EX_EY
    _  VADDMAC_f_vaddmac_bfp_vmac_cm2_add_scd_vmul_bfp_core_EX_QEY
    _  VADDMAC_f_vaddmac_bfp_vmac_cm2_add_scd_vmul_bfp_core_EY_QEX
    _  VADDMAC_vmac_cm2_add_reg_vmul_cm_core_X_QX
    _  VADDMAC_vmac_cm2_add_reg_vmul_cm_core_X_QY
    _  VADDMAC_vmac_cm2_add_reg_vmul_cm_core_X_X
    _  VADDMAC_vmac_cm2_add_reg_vmul_cm_core_X_Y
    _  VADDMAC_vmac_cm2_add_reg_vmul_cm_core_Y_QX
    _  VADDMAC_vmac_cm2_add_reg_vmul_cm_core_Y_QY
    _  VADDMAC_vmac_cm2_add_reg_vmul_cm_core_Y_X
    _  VADDMAC_vmac_cm2_add_reg_vmul_cm_core_Y_Y
    _  VADDMAC_vmac_cm2_add_scd_incr_vmul_cm_core_X_QX
    _  VADDMAC_vmac_cm2_add_scd_incr_vmul_cm_core_X_QY
    _  VADDMAC_vmac_cm2_add_scd_incr_vmul_cm_core_X_X
    _  VADDMAC_vmac_cm2_add_scd_incr_vmul_cm_core_X_Y
    _  VADDMAC_vmac_cm2_add_scd_incr_vmul_cm_core_Y_QX
    _  VADDMAC_vmac_cm2_add_scd_incr_vmul_cm_core_Y_QY
    _  VADDMAC_vmac_cm2_add_scd_incr_vmul_cm_core_Y_X
    _  VADDMAC_vmac_cm2_add_scd_incr_vmul_cm_core_Y_Y
    _  VADDMAC_vmac_cm2_add_scd_vmul_cm_core_X_QX
    _  VADDMAC_vmac_cm2_add_scd_vmul_cm_core_X_QY
    _  VADDMAC_vmac_cm2_add_scd_vmul_cm_core_X_X
    _  VADDMAC_vmac_cm2_add_scd_vmul_cm_core_X_Y
    _  VADDMAC_vmac_cm2_add_scd_vmul_cm_core_Y_QX
    _  VADDMAC_vmac_cm2_add_scd_vmul_cm_core_Y_QY
    _  VADDMAC_vmac_cm2_add_scd_vmul_cm_core_Y_X
    _  VADDMAC_vmac_cm2_add_scd_vmul_cm_core_Y_Y
    _  VADDMSC_f_vaddmac_bf_vmac_cm2_add_reg_vmul_bf_core_X_X
    _  VADDMSC_f_vaddmac_bf_vmac_cm2_add_reg_vmul_bf_core_Y_Y
    _  VADDMSC_f_vaddmac_bf_vmac_cm2_add_scd_incr_vmul_bf_core_X_X
    _  VADDMSC_f_vaddmac_bf_vmac_cm2_add_scd_incr_vmul_bf_core_Y_Y
    _  VADDMSC_f_vaddmac_bf_vmac_cm2_add_scd_vmul_bf_core_X_X
    _  VADDMSC_f_vaddmac_bf_vmac_cm2_add_scd_vmul_bf_core_Y_Y
    _  VADDMSC_f_vaddmac_bfp_vmac_cm2_add_reg_vmul_bfp_core_EX_EX
    _  VADDMSC_f_vaddmac_bfp_vmac_cm2_add_reg_vmul_bfp_core_EX_EY
    _  VADDMSC_f_vaddmac_bfp_vmac_cm2_add_reg_vmul_bfp_core_EX_QEY
    _  VADDMSC_f_vaddmac_bfp_vmac_cm2_add_reg_vmul_bfp_core_EY_QEX
    _  VADDMSC_f_vaddmac_bfp_vmac_cm2_add_scd_incr_vmul_bfp_core_EX_EX
    _  VADDMSC_f_vaddmac_bfp_vmac_cm2_add_scd_incr_vmul_bfp_core_EX_EY
    _  VADDMSC_f_vaddmac_bfp_vmac_cm2_add_scd_incr_vmul_bfp_core_EX_QEY
    _  VADDMSC_f_vaddmac_bfp_vmac_cm2_add_scd_incr_vmul_bfp_core_EY_QEX
    _  VADDMSC_f_vaddmac_bfp_vmac_cm2_add_scd_vmul_bfp_core_EX_EX
    _  VADDMSC_f_vaddmac_bfp_vmac_cm2_add_scd_vmul_bfp_core_EX_EY
    _  VADDMSC_f_vaddmac_bfp_vmac_cm2_add_scd_vmul_bfp_core_EX_QEY
    _  VADDMSC_f_vaddmac_bfp_vmac_cm2_add_scd_vmul_bfp_core_EY_QEX
    _  VADDMSC_vmac_cm2_add_reg_vmul_cm_core_X_QX
    _  VADDMSC_vmac_cm2_add_reg_vmul_cm_core_X_QY
    _  VADDMSC_vmac_cm2_add_reg_vmul_cm_core_X_X
    _  VADDMSC_vmac_cm2_add_reg_vmul_cm_core_X_Y
    _  VADDMSC_vmac_cm2_add_reg_vmul_cm_core_Y_QX
    _  VADDMSC_vmac_cm2_add_reg_vmul_cm_core_Y_QY
    _  VADDMSC_vmac_cm2_add_reg_vmul_cm_core_Y_X
    _  VADDMSC_vmac_cm2_add_reg_vmul_cm_core_Y_Y
    _  VADDMSC_vmac_cm2_add_scd_incr_vmul_cm_core_X_QX
    _  VADDMSC_vmac_cm2_add_scd_incr_vmul_cm_core_X_QY
    _  VADDMSC_vmac_cm2_add_scd_incr_vmul_cm_core_X_X
    _  VADDMSC_vmac_cm2_add_scd_incr_vmul_cm_core_X_Y
    _  VADDMSC_vmac_cm2_add_scd_incr_vmul_cm_core_Y_QX
    _  VADDMSC_vmac_cm2_add_scd_incr_vmul_cm_core_Y_QY
    _  VADDMSC_vmac_cm2_add_scd_incr_vmul_cm_core_Y_X
    _  VADDMSC_vmac_cm2_add_scd_incr_vmul_cm_core_Y_Y
    _  VADDMSC_vmac_cm2_add_scd_vmul_cm_core_X_QX
    _  VADDMSC_vmac_cm2_add_scd_vmul_cm_core_X_QY
    _  VADDMSC_vmac_cm2_add_scd_vmul_cm_core_X_X
    _  VADDMSC_vmac_cm2_add_scd_vmul_cm_core_X_Y
    _  VADDMSC_vmac_cm2_add_scd_vmul_cm_core_Y_QX
    _  VADDMSC_vmac_cm2_add_scd_vmul_cm_core_Y_QY
    _  VADDMSC_vmac_cm2_add_scd_vmul_cm_core_Y_X
    _  VADDMSC_vmac_cm2_add_scd_vmul_cm_core_Y_Y
    _  VADD_f_vmac_cm2_add_reg
    _  VADD_f_vmac_cm2_add_scd
    _  VADD_f_vmac_cm2_add_scd_incr
    _  VADD_vmac_cm2_add_reg
    _  VADD_vmac_cm2_add_scd
    _  VADD_vmac_cm2_add_scd_incr
    _  VCLR
    _  VMAC_f_vmac_bf_vmul_bf_core_X_X
    _  VMAC_f_vmac_bf_vmul_bf_core_Y_Y
    _  VMAC_f_vmac_bfp_vmul_bfp_core_EX_EX
    _  VMAC_f_vmac_bfp_vmul_bfp_core_EX_EY
    _  VMAC_f_vmac_bfp_vmul_bfp_core_EX_QEY
    _  VMAC_f_vmac_bfp_vmul_bfp_core_EY_QEX
    _  VMAC_vmul_cm_core_X_QX
    _  VMAC_vmul_cm_core_X_QY
    _  VMAC_vmul_cm_core_X_X
    _  VMAC_vmul_cm_core_X_Y
    _  VMAC_vmul_cm_core_Y_QX
    _  VMAC_vmul_cm_core_Y_QY
    _  VMAC_vmul_cm_core_Y_X
    _  VMAC_vmul_cm_core_Y_Y
    _  VMOV_D
    _  VMSC_f_vmac_bf_vmul_bf_core_X_X
    _  VMSC_f_vmac_bf_vmul_bf_core_Y_Y
    _  VMSC_f_vmac_bfp_vmul_bfp_core_EX_EX
    _  VMSC_f_vmac_bfp_vmul_bfp_core_EX_EY
    _  VMSC_f_vmac_bfp_vmul_bfp_core_EX_QEY
    _  VMSC_f_vmac_bfp_vmul_bfp_core_EY_QEX
    _  VMSC_vmul_cm_core_X_QX
    _  VMSC_vmul_cm_core_X_QY
    _  VMSC_vmul_cm_core_X_X
    _  VMSC_vmul_cm_core_X_Y
    _  VMSC_vmul_cm_core_Y_QX
    _  VMSC_vmul_cm_core_Y_QY
    _  VMSC_vmul_cm_core_Y_X
    _  VMSC_vmul_cm_core_Y_Y
    _  VMUL_f_vmul_bf_vmul_bf_core_X_X
    _  VMUL_f_vmul_bf_vmul_bf_core_Y_Y
    _  VMUL_f_vmul_bfp_vmul_bfp_core_EX_EX
    _  VMUL_f_vmul_bfp_vmul_bfp_core_EX_EY
    _  VMUL_f_vmul_bfp_vmul_bfp_core_EX_QEY
    _  VMUL_f_vmul_bfp_vmul_bfp_core_EY_QEX
    _  VMUL_vmul_cm_core_X_QX
    _  VMUL_vmul_cm_core_X_QY
    _  VMUL_vmul_cm_core_X_X
    _  VMUL_vmul_cm_core_X_Y
    _  VMUL_vmul_cm_core_Y_QX
    _  VMUL_vmul_cm_core_Y_QY
    _  VMUL_vmul_cm_core_Y_X
    _  VMUL_vmul_cm_core_Y_Y
    _  VNEG
    _  VNEGMUL_f_vmul_bf_vmul_bf_core_X_X
    _  VNEGMUL_f_vmul_bf_vmul_bf_core_Y_Y
    _  VNEGMUL_f_vmul_bfp_vmul_bfp_core_EX_EX
    _  VNEGMUL_f_vmul_bfp_vmul_bfp_core_EX_EY
    _  VNEGMUL_f_vmul_bfp_vmul_bfp_core_EX_QEY
    _  VNEGMUL_f_vmul_bfp_vmul_bfp_core_EY_QEX
    _  VNEGMUL_vmul_cm_core_X_QX
    _  VNEGMUL_vmul_cm_core_X_QY
    _  VNEGMUL_vmul_cm_core_X_X
    _  VNEGMUL_vmul_cm_core_X_Y
    _  VNEGMUL_vmul_cm_core_Y_QX
    _  VNEGMUL_vmul_cm_core_Y_QY
    _  VNEGMUL_vmul_cm_core_Y_X
    _  VNEGMUL_vmul_cm_core_Y_Y
    _  VNEG_f
    _  VSUB_f_vmac_cm2_add_reg
    _  VSUB_f_vmac_cm2_add_scd
    _  VSUB_f_vmac_cm2_add_scd_incr
    _  VSUB_vmac_cm2_add_reg
    _  VSUB_vmac_cm2_add_scd
    _  VSUB_vmac_cm2_add_scd_incr
warning: Decoding conflict encountered
[28/543] Building AIE2PGenFormats.inc...
[29/543] Building AIE2GenRegisterBank.inc...
[30/543] Building AIE2PGenCallingConv.inc...
[31/543] Building AIE2PGenAsmWriter.inc...
[32/543] Building ARMTargetParserDef.inc...
[33/543] Building AIE2PGenAsmMatcher.inc...
[34/543] Building AIEGenGlobalISel.inc...
FAILED: lib/Target/AIE/AIEGenGlobalISel.inc /home/jtuyls/iree-ai/llvm-aie-port/build/lib/Target/AIE/AIEGenGlobalISel.inc 
cd /home/jtuyls/iree-ai/llvm-aie-port/build/lib/Target/AIE && /home/jtuyls/iree-ai/llvm-aie-port/build/bin/llvm-tblgen -gen-global-isel -gisel-subtarget-class AIEBaseSubtarget -I/home/jtuyls/iree-ai/llvm-aie-port/amd/aie/llvm/lib/Target/AIE -I/home/jtuyls/iree-ai/llvm-aie-port/build/include -I/home/jtuyls/iree-ai/llvm-aie-port/llvm/include -I/home/jtuyls/iree-ai/llvm-aie-port/amd/aie/llvm/include -I /home/jtuyls/iree-ai/llvm-aie-port/llvm/lib/Target /home/jtuyls/iree-ai/llvm-aie-port/amd/aie/llvm/lib/Target/AIE/aie1/AIE1.td --write-if-changed -o AIEGenGlobalISel.inc -d AIEGenGlobalISel.inc.d && /usr/bin/cmake -E cmake_transform_depfile Ninja gccdepfile /home/jtuyls/iree-ai/llvm-aie-port/llvm /home/jtuyls/iree-ai/llvm-aie-port/amd/aie/llvm/lib/Target/AIE /home/jtuyls/iree-ai/llvm-aie-port/build /home/jtuyls/iree-ai/llvm-aie-port/build/lib/Target/AIE /home/jtuyls/iree-ai/llvm-aie-port/build/lib/Target/AIE/AIEGenGlobalISel.inc.d /home/jtuyls/iree-ai/llvm-aie-port/build/CMakeFiles/d/17137ce2a547c4e7fdf2fb334a4593c5a59f29f1b6c0d6d68a77f37dad952009.d
llvm-tblgen: Unknown command line argument '-gisel-subtarget-class'.  Try: '/home/jtuyls/iree-ai/llvm-aie-port/build/bin/llvm-tblgen --help'
llvm-tblgen: Did you mean '--base-subtargetinfo-class'?
llvm-tblgen: Too many positional arguments specified!
Can specify at most 1 positional arguments: See: /home/jtuyls/iree-ai/llvm-aie-port/build/bin/llvm-tblgen --help
[35/543] Building AIE2GenAsmWriter.inc...
[36/543] Building AIE2PGenSubtargetInfo.inc...
[37/543] Building PPCGenTargetFeatures.inc...
[38/542] Building AIE2GenSubtargetInfo.inc...
[39/542] Building AIEGenPreISelGICombiner.inc...
FAILED: lib/Target/AIE/AIEGenPreISelGICombiner.inc /home/jtuyls/iree-ai/llvm-aie-port/build/lib/Target/AIE/AIEGenPreISelGICombiner.inc 
cd /home/jtuyls/iree-ai/llvm-aie-port/build/lib/Target/AIE && /home/jtuyls/iree-ai/llvm-aie-port/build/bin/llvm-tblgen -gen-global-isel-combiner -gisel-subtarget-class AIEBaseSubtarget -combiners="AIEPreISelCombiner" -I/home/jtuyls/iree-ai/llvm-aie-port/amd/aie/llvm/lib/Target/AIE -I/home/jtuyls/iree-ai/llvm-aie-port/build/include -I/home/jtuyls/iree-ai/llvm-aie-port/llvm/include -I/home/jtuyls/iree-ai/llvm-aie-port/amd/aie/llvm/include -I /home/jtuyls/iree-ai/llvm-aie-port/llvm/lib/Target /home/jtuyls/iree-ai/llvm-aie-port/amd/aie/llvm/lib/Target/AIE/AIE2.td --write-if-changed -o AIEGenPreISelGICombiner.inc -d AIEGenPreISelGICombiner.inc.d && /usr/bin/cmake -E cmake_transform_depfile Ninja gccdepfile /home/jtuyls/iree-ai/llvm-aie-port/llvm /home/jtuyls/iree-ai/llvm-aie-port/amd/aie/llvm/lib/Target/AIE /home/jtuyls/iree-ai/llvm-aie-port/build /home/jtuyls/iree-ai/llvm-aie-port/build/lib/Target/AIE /home/jtuyls/iree-ai/llvm-aie-port/build/lib/Target/AIE/AIEGenPreISelGICombiner.inc.d /home/jtuyls/iree-ai/llvm-aie-port/build/CMakeFiles/d/b87d2cdc27d989faac0a293ca9467feab272e5d8f34c42555831abb4e6cd9dfb.d
llvm-tblgen: Unknown command line argument '-gisel-subtarget-class'.  Try: '/home/jtuyls/iree-ai/llvm-aie-port/build/bin/llvm-tblgen --help'
llvm-tblgen: Did you mean '--base-subtargetinfo-class'?
llvm-tblgen: Too many positional arguments specified!
Can specify at most 1 positional arguments: See: /home/jtuyls/iree-ai/llvm-aie-port/build/bin/llvm-tblgen --help
[40/542] Building AIE2GenMemoryCycles.inc...
[41/542] Building AIE2PGenRegisterInfo.inc...
[42/542] Building AIE2GenInstrInfo.inc...
[43/542] Building AIE2PGenPreSchedLowering.inc...
[44/542] Building AIE2PGenRegisterBank.inc...
[45/542] Building AIE2PGenMCCodeEmitter.inc...
[46/542] Building AIE2PGenMemoryCycles.inc...
[47/542] Building AIE2PSGenAsmMatcher.inc...
[48/542] Building AIE2PSGenDisassemblerTables.inc...
Decoding Conflict:
    .
    _  ABS
    _  ACQ_COND_mLockId_imm
    _  ACQ_COND_mLockId_reg
    _  ACQ_mLockId_imm
    _  ACQ_mLockId_reg
    _  ADC
    _  ADD_NC_add_lc_ri
    _  ADD_NC_alu_cg_or_alu_cg_le_rel
    _  ADD_NC_alu_cg_or_alu_cg_ls_rel
    _  ADD_add_r_ri
    _  ADD_alu_r_rr
    _  AND
    _  ASHL
    _  CLB
    _  CLZ
    _  DIVS
    _  DONE
    _  EQ
    _  EQZ
    _  EVENT_ERROR
    _  EVENT_WARNING
    _  EVENT_event0
    _  EVENT_event1
    _  EXTEND_s16
    _  EXTEND_s8
    _  EXTEND_u16
    _  EXTEND_u8
    _  GE
    _  GEU
    _  INVSQRT_nlf_invsqrt
    _  INVSQRT_nlf_invsqrt_mOptConv
    _  INVSQRT_nlf_invsqrt_mOptConvDel_mS3
    _  INVSQRT_nlf_invsqrt_mOptConvDel_mS3_mOptConv
    _  INV_nlf_inv
    _  INV_nlf_inv_mOptConv
    _  INV_nlf_inv_mOptConvDel_mS3
    _  INV_nlf_inv_mOptConvDel_mS3_mOptConv
    _  JL_alumv_or
    _  JNZD
    _  J_alumv_or
    _  LSHL
    _  LT
    _  LTU
    _  MAC
    _  MAX
    _  MAXU
    _  MIN
    _  MINU
    _  MOVX_alu_cg_or
    _  MOVX_mvx_cr_imm
    _  MOVX_mvx_cr_r
    _  MOV_alu_mv_alu_flt2fx
    _  MOV_alu_mv_alu_fx2flt
    _  MSC
    _  MUL
    _  NE
    _  NEZ
    _  NOPX
    _  OR
    _  POPCOUNT
    _  REL_COND_mLockId_imm
    _  REL_COND_mLockId_reg
    _  REL_mLockId_imm
    _  REL_mLockId_reg
    _  RET
    _  SBC
    _  SEL_EQZ
    _  SEL_NEZ
    _  SQRT_nlf_sqrt
    _  SQRT_nlf_sqrt_mOptConv
    _  SQRT_nlf_sqrt_mOptConvDel_mS3
    _  SQRT_nlf_sqrt_mOptConvDel_mS3_mOptConv
    _  SUB
    _  VCONV_fp32_bf16_alu
    _  VCONV_fp32_fp16_alu
    _  VMOV_0_mv_scd_cm
    _  VMOV_0_mv_scd_dm_imm
    _  VMOV_1_mv_scd_cm
    _  VMOV_1_mv_scd_dm_imm
    _  VMOV_2
    _  VMOV_3
    _  VMOV_alu_mv_alu_mv_scd_bm
    _  VMOV_alu_mv_alu_mv_scd_cmh_dyn
    _  VMOV_alu_mv_alu_mv_scd_cmh_reg
    _  VMOV_alu_mv_alu_mv_scd_cml_dyn
    _  VMOV_alu_mv_alu_mv_scd_cml_reg
    _  VMOV_alu_mv_alu_mv_scd_dm_dyn
    _  VMOV_alu_mv_alu_mv_scd_dm_reg
    _  VMOV_alu_mv_alu_mv_scd_x
    _  XOR
Decoding Conflict:
    .
    _  LDA_2D_dml_lda2_scalar_EE
    _  LDA_2D_dml_lda2_scalar_EG
    _  LDA_2D_dml_lda2_scalar_GG
    _  LDA_2D_dml_lda_scalar_F
    _  LDA_2D_dml_lda_scalar_L
    _  LDA_2D_dms_lda_g
    _  LDA_2D_dms_lda_scalar
    _  LDA_2D_dmv_lda_eg2
    _  LDA_2D_dmv_lda_f
    _  LDA_2D_dmv_lda_feg
    _  LDA_2D_s16
    _  LDA_2D_s8
    _  LDA_2D_u16
    _  LDA_2D_u8
    _  LDA_3D_dml_lda2_scalar_EE
    _  LDA_3D_dml_lda2_scalar_EG
    _  LDA_3D_dml_lda2_scalar_GG
    _  LDA_3D_dml_lda_scalar_F
    _  LDA_3D_dml_lda_scalar_L
    _  LDA_3D_dms_lda_g
    _  LDA_3D_dms_lda_scalar
    _  LDA_3D_dmv_lda_eg2
    _  LDA_3D_dmv_lda_f
    _  LDA_3D_dmv_lda_feg
    _  LDA_3D_s16
    _  LDA_3D_s8
    _  LDA_3D_u16
    _  LDA_3D_u8
    _  LDA_TM_2D
    _  LDA_TM_3D
    _  LDA_TM_idx
    _  LDA_TM_idx_imm
    _  LDA_TM_pstm_nrm
    _  LDA_TM_pstm_nrm_imm
    _  LDA_dml_lda2_scalar_EE_ld_idx
    _  LDA_dml_lda2_scalar_EE_ld_idx_imm
    _  LDA_dml_lda2_scalar_EE_ld_pstm_nrm
    _  LDA_dml_lda2_scalar_EE_ld_pstm_nrm_imm
    _  LDA_dml_lda2_scalar_EE_spill
    _  LDA_dml_lda2_scalar_EG_ld_idx
    _  LDA_dml_lda2_scalar_EG_ld_idx_imm
    _  LDA_dml_lda2_scalar_EG_ld_pstm_nrm
    _  LDA_dml_lda2_scalar_EG_ld_pstm_nrm_imm
    _  LDA_dml_lda2_scalar_EG_spill
    _  LDA_dml_lda2_scalar_GG_ld_idx
    _  LDA_dml_lda2_scalar_GG_ld_idx_imm
    _  LDA_dml_lda2_scalar_GG_ld_pstm_nrm
    _  LDA_dml_lda2_scalar_GG_ld_pstm_nrm_imm
    _  LDA_dml_lda2_scalar_GG_spill
    _  LDA_dml_lda_scalar_F_ld_idx
    _  LDA_dml_lda_scalar_F_ld_idx_imm
    _  LDA_dml_lda_scalar_F_ld_pstm_nrm
    _  LDA_dml_lda_scalar_F_ld_pstm_nrm_imm
    _  LDA_dml_lda_scalar_F_spill
    _  LDA_dml_lda_scalar_L_ld_idx
    _  LDA_dml_lda_scalar_L_ld_idx_imm
    _  LDA_dml_lda_scalar_L_ld_pstm_nrm
    _  LDA_dml_lda_scalar_L_ld_pstm_nrm_imm
    _  LDA_dml_lda_scalar_L_spill
    _  LDA_dms_lda_g_ld_idx
    _  LDA_dms_lda_g_ld_idx_imm
    _  LDA_dms_lda_g_ld_pstm_nrm
    _  LDA_dms_lda_g_ld_pstm_nrm_imm
    _  LDA_dms_lda_g_spill
    _  LDA_dms_lda_scalar_ld_idx
    _  LDA_dms_lda_scalar_ld_idx_imm
    _  LDA_dms_lda_scalar_ld_pstm_nrm
    _  LDA_dms_lda_scalar_ld_pstm_nrm_imm
    _  LDA_dms_lda_scalar_spill
    _  LDA_dmv_lda_eg2_ld_idx
    _  LDA_dmv_lda_eg2_ld_idx_imm
    _  LDA_dmv_lda_eg2_ld_pstm_nrm
    _  LDA_dmv_lda_eg2_ld_pstm_nrm_imm
    _  LDA_dmv_lda_eg2_spill
    _  LDA_dmv_lda_f_ld_idx
    _  LDA_dmv_lda_f_ld_idx_imm
    _  LDA_dmv_lda_f_ld_pstm_nrm
    _  LDA_dmv_lda_f_ld_pstm_nrm_imm
    _  LDA_dmv_lda_f_spill
    _  LDA_dmv_lda_feg_ld_idx
    _  LDA_dmv_lda_feg_ld_idx_imm
    _  LDA_dmv_lda_feg_ld_pstm_nrm
    _  LDA_dmv_lda_feg_ld_pstm_nrm_imm
    _  LDA_dmv_lda_feg_spill
    _  LDA_s16_idx
    _  LDA_s16_idx_imm
    _  LDA_s16_pstm_nrm
    _  LDA_s16_pstm_nrm_imm
    _  LDA_s8_idx
    _  LDA_s8_idx_imm
    _  LDA_s8_pstm_nrm
    _  LDA_s8_pstm_nrm_imm
    _  LDA_u16_idx
    _  LDA_u16_idx_imm
    _  LDA_u16_pstm_nrm
    _  LDA_u16_pstm_nrm_imm
    _  LDA_u8_idx
    _  LDA_u8_idx_imm
    _  LDA_u8_pstm_nrm
    _  LDA_u8_pstm_nrm_imm
    _  MOVA
    _  MOV_lda
    _  MOV_nb_lda
    _  NOPA
    _  PADDA_2D
    _  PADDA_3D
    _  PADDA_pstm_nrm
    _  PADDA_pstm_nrm_imm
    _  PADDXM_pstm_sp
    _  PADDXM_pstm_sp_imm
    _  ST_2D_s16
    _  ST_2D_s8
    _  ST_3D_s16
    _  ST_3D_s8
    _  ST_s16_idx
    _  ST_s16_idx_imm
    _  ST_s16_pstm_nrm
    _  ST_s16_pstm_nrm_imm
    _  ST_s8_idx
    _  ST_s8_idx_imm
    _  ST_s8_pstm_nrm
    _  ST_s8_pstm_nrm_imm
    _  VLDA_128_dmv_lda_w_idx
    _  VLDA_128_dmv_lda_w_idx_imm
    _  VLDA_128_dmv_lda_w_pstm_nrm
    _  VLDA_128_dmv_lda_w_pstm_nrm_imm
    _  VLDA_128_dmv_lda_w_spill
    _  VLDA_2D_128
    _  VLDA_2D_CONV_fp32_bf16_dmw_lda_ups_bf16
    _  VLDA_2D_CONV_fp32_bf16_dmx_lda_ups_f16
    _  VLDA_2D_CONV_fp32_fp16
    _  VLDA_2D_UPS_2x_dmw_lda_ups_w2b_upsSign0
    _  VLDA_2D_UPS_2x_dmw_lda_ups_w2b_upsSign1
    _  VLDA_2D_UPS_2x_dmx_lda_ups_x2c_upsSign0
    _  VLDA_2D_UPS_2x_dmx_lda_ups_x2c_upsSign1
    _  VLDA_2D_UPS_4x_dmw_lda_ups_w2c_upsSign0
    _  VLDA_2D_UPS_4x_dmw_lda_ups_w2c_upsSign1
    _  VLDA_2D_UPS_4x_dmx_lda_ups_x2d_upsSign0
    _  VLDA_2D_UPS_4x_dmx_lda_ups_x2d_upsSign1
    _  VLDA_2D_dmw_lda_feg2
    _  VLDA_2D_dmw_lda_w
    _  VLDA_2D_dmx_lda_bm
    _  VLDA_2D_dmx_lda_x
    _  VLDA_3D_128
    _  VLDA_3D_CONV_fp32_bf16_dmw_lda_ups_bf16
    _  VLDA_3D_CONV_fp32_bf16_dmx_lda_ups_f16
    _  VLDA_3D_CONV_fp32_fp16
    _  VLDA_3D_UPS_2x_dmw_lda_ups_w2b_upsSign0
    _  VLDA_3D_UPS_2x_dmw_lda_ups_w2b_upsSign1
    _  VLDA_3D_UPS_2x_dmx_lda_ups_x2c_upsSign0
    _  VLDA_3D_UPS_2x_dmx_lda_ups_x2c_upsSign1
    _  VLDA_3D_UPS_4x_dmw_lda_ups_w2c_upsSign0
    _  VLDA_3D_UPS_4x_dmw_lda_ups_w2c_upsSign1
    _  VLDA_3D_UPS_4x_dmx_lda_ups_x2d_upsSign0
    _  VLDA_3D_UPS_4x_dmx_lda_ups_x2d_upsSign1
    _  VLDA_3D_dmw_lda_feg2
    _  VLDA_3D_dmw_lda_w
    _  VLDA_3D_dmx_lda_bm
    _  VLDA_3D_dmx_lda_x
    _  VLDA_CONV_fp32_bf16_dmw_lda_ups_bf16_idx
    _  VLDA_CONV_fp32_bf16_dmw_lda_ups_bf16_idx_imm
    _  VLDA_CONV_fp32_bf16_dmw_lda_ups_bf16_pstm_nrm
    _  VLDA_CONV_fp32_bf16_dmw_lda_ups_bf16_pstm_nrm_imm
    _  VLDA_CONV_fp32_bf16_dmx_lda_ups_f16_idx
    _  VLDA_CONV_fp32_bf16_dmx_lda_ups_f16_idx_imm
    _  VLDA_CONV_fp32_bf16_dmx_lda_ups_f16_pstm_nrm
    _  VLDA_CONV_fp32_bf16_dmx_lda_ups_f16_pstm_nrm_imm
    _  VLDA_CONV_fp32_fp16_idx
    _  VLDA_CONV_fp32_fp16_idx_imm
    _  VLDA_CONV_fp32_fp16_pstm_nrm
    _  VLDA_CONV_fp32_fp16_pstm_nrm_imm
    _  VLDA_FILL
    _  VLDA_POP_2D_dmx_lda_fifo_ex_bfp16
    _  VLDA_POP_2D_dmx_lda_fifo_fex_bfp13
    _  VLDA_POP_2D_dmx_lda_fifo_x
    _  VLDA_POP_3D_dmx_lda_fifo_ex_bfp16
    _  VLDA_POP_3D_dmx_lda_fifo_fex_bfp13
    _  VLDA_POP_3D_dmx_lda_fifo_x
    _  VLDA_POP_dmx_lda_fifo_ex_bfp16_fifo_1d_pop
    _  VLDA_POP_dmx_lda_fifo_ex_bfp16_normal_pop
    _  VLDA_POP_dmx_lda_fifo_fex_bfp13_fifo_1d_pop
    _  VLDA_POP_dmx_lda_fifo_fex_bfp13_normal_pop
    _  VLDA_POP_dmx_lda_fifo_x_fifo_1d_pop
    _  VLDA_POP_dmx_lda_fifo_x_normal_pop
    _  VLDA_POP_mx4_2D
    _  VLDA_POP_mx4_3D
    _  VLDA_POP_mx4_fifo_1d_pop
    _  VLDA_POP_mx4_normal_pop
    _  VLDA_POP_s_2D
    _  VLDA_POP_s_3D
    _  VLDA_POP_s_fifo_1d_pop
    _  VLDA_POP_s_normal_pop
    _  VLDA_UPS_2x_dmw_lda_ups_w2b_idx_imm_upsSign0
    _  VLDA_UPS_2x_dmw_lda_ups_w2b_idx_imm_upsSign1
    _  VLDA_UPS_2x_dmw_lda_ups_w2b_idx_upsSign0
    _  VLDA_UPS_2x_dmw_lda_ups_w2b_idx_upsSign1
    _  VLDA_UPS_2x_dmw_lda_ups_w2b_pstm_nrm_imm_upsSign0
    _  VLDA_UPS_2x_dmw_lda_ups_w2b_pstm_nrm_imm_upsSign1
    _  VLDA_UPS_2x_dmw_lda_ups_w2b_pstm_nrm_upsSign0
    _  VLDA_UPS_2x_dmw_lda_ups_w2b_pstm_nrm_upsSign1
    _  VLDA_UPS_2x_dmx_lda_ups_x2c_idx_imm_upsSign0
    _  VLDA_UPS_2x_dmx_lda_ups_x2c_idx_imm_upsSign1
    _  VLDA_UPS_2x_dmx_lda_ups_x2c_idx_upsSign0
    _  VLDA_UPS_2x_dmx_lda_ups_x2c_idx_upsSign1
    _  VLDA_UPS_2x_dmx_lda_ups_x2c_pstm_nrm_imm_upsSign0
    _  VLDA_UPS_2x_dmx_lda_ups_x2c_pstm_nrm_imm_upsSign1
    _  VLDA_UPS_2x_dmx_lda_ups_x2c_pstm_nrm_upsSign0
    _  VLDA_UPS_2x_dmx_lda_ups_x2c_pstm_nrm_upsSign1
    _  VLDA_UPS_4x_dmw_lda_ups_w2c_idx_imm_upsSign0
    _  VLDA_UPS_4x_dmw_lda_ups_w2c_idx_imm_upsSign1
    _  VLDA_UPS_4x_dmw_lda_ups_w2c_idx_upsSign0
    _  VLDA_UPS_4x_dmw_lda_ups_w2c_idx_upsSign1
    _  VLDA_UPS_4x_dmw_lda_ups_w2c_pstm_nrm_imm_upsSign0
    _  VLDA_UPS_4x_dmw_lda_ups_w2c_pstm_nrm_imm_upsSign1
    _  VLDA_UPS_4x_dmw_lda_ups_w2c_pstm_nrm_upsSign0
    _  VLDA_UPS_4x_dmw_lda_ups_w2c_pstm_nrm_upsSign1
    _  VLDA_UPS_4x_dmx_lda_ups_x2d_idx_imm_upsSign0
    _  VLDA_UPS_4x_dmx_lda_ups_x2d_idx_imm_upsSign1
    _  VLDA_UPS_4x_dmx_lda_ups_x2d_idx_upsSign0
    _  VLDA_UPS_4x_dmx_lda_ups_x2d_idx_upsSign1
    _  VLDA_UPS_4x_dmx_lda_ups_x2d_pstm_nrm_imm_upsSign0
    _  VLDA_UPS_4x_dmx_lda_ups_x2d_pstm_nrm_imm_upsSign1
    _  VLDA_UPS_4x_dmx_lda_ups_x2d_pstm_nrm_upsSign0
    _  VLDA_UPS_4x_dmx_lda_ups_x2d_pstm_nrm_upsSign1
    _  VLDA_dmw_lda_feg2_ld_idx
    _  VLDA_dmw_lda_feg2_ld_idx_imm
    _  VLDA_dmw_lda_feg2_ld_pstm_nrm
    _  VLDA_dmw_lda_feg2_ld_pstm_nrm_imm
    _  VLDA_dmw_lda_feg2_spill
    _  VLDA_dmw_lda_w_ld_idx
    _  VLDA_dmw_lda_w_ld_idx_imm
    _  VLDA_dmw_lda_w_ld_pstm_nrm
    _  VLDA_dmw_lda_w_ld_pstm_nrm_imm
    _  VLDA_dmw_lda_w_spill
    _  VLDA_dmx_lda_bm_ld_idx
    _  VLDA_dmx_lda_bm_ld_idx_imm
    _  VLDA_dmx_lda_bm_ld_pstm_nrm
    _  VLDA_dmx_lda_bm_ld_pstm_nrm_imm
    _  VLDA_dmx_lda_bm_spill
    _  VLDA_dmx_lda_x_ld_idx
    _  VLDA_dmx_lda_x_ld_idx_imm
    _  VLDA_dmx_lda_x_ld_pstm_nrm
    _  VLDA_dmx_lda_x_ld_pstm_nrm_imm
    _  VLDA_dmx_lda_x_spill
Decoding Conflict:
    .
    _  NOPB
    _  PADDB_2D
    _  PADDB_3D
    _  PADDB_pstm_nrm
    _  PADDB_pstm_nrm_imm
    _  VLDB_128_idx
    _  VLDB_128_idx_imm
    _  VLDB_128_pstm_nrm
    _  VLDB_128_pstm_nrm_imm
    _  VLDB_2D_128
    _  VLDB_2D_UNPACK_dmw_ldb_unpack_unpackSign0
    _  VLDB_2D_UNPACK_dmw_ldb_unpack_unpackSign1
    _  VLDB_2D_UNPACK_dmx_ldb_unpack_unpackSign0
    _  VLDB_2D_UNPACK_dmx_ldb_unpack_unpackSign1
    _  VLDB_2D_dmw_ldb
    _  VLDB_2D_dmx_ldb_x
    _  VLDB_3D_128
    _  VLDB_3D_UNPACK_dmw_ldb_unpack_unpackSign0
    _  VLDB_3D_UNPACK_dmw_ldb_unpack_unpackSign1
    _  VLDB_3D_UNPACK_dmx_ldb_unpack_unpackSign0
    _  VLDB_3D_UNPACK_dmx_ldb_unpack_unpackSign1
    _  VLDB_3D_dmw_ldb
    _  VLDB_3D_dmx_ldb_x
    _  VLDB_4x16_hi
    _  VLDB_4x16_lo
    _  VLDB_4x32_hi
    _  VLDB_4x32_lo
    _  VLDB_4x64_hi
    _  VLDB_4x64_lo
    _  VLDB_FILL
    _  VLDB_FILLX
    _  VLDB_POPX
    _  VLDB_POP_2D_dmx_ldb_fifo_ex_bfp16
    _  VLDB_POP_2D_dmx_ldb_fifo_fex_bfp13
    _  VLDB_POP_2D_dmx_ldb_fifo_x
    _  VLDB_POP_3D_dmx_ldb_fifo_ex_bfp16
    _  VLDB_POP_3D_dmx_ldb_fifo_fex_bfp13
    _  VLDB_POP_3D_dmx_ldb_fifo_x
    _  VLDB_POP_dmx_ldb_fifo_ex_bfp16_fifo_1d_pop
    _  VLDB_POP_dmx_ldb_fifo_ex_bfp16_normal_pop
    _  VLDB_POP_dmx_ldb_fifo_fex_bfp13_fifo_1d_pop
    _  VLDB_POP_dmx_ldb_fifo_fex_bfp13_normal_pop
    _  VLDB_POP_dmx_ldb_fifo_x_fifo_1d_pop
    _  VLDB_POP_dmx_ldb_fifo_x_normal_pop
    _  VLDB_POP_mx4_2D
    _  VLDB_POP_mx4_3D
    _  VLDB_POP_mx4_fifo_1d_pop
    _  VLDB_POP_mx4_normal_pop
    _  VLDB_POP_s_2D
    _  VLDB_POP_s_3D
    _  VLDB_POP_s_fifo_1d_pop
    _  VLDB_POP_s_normal_pop
    _  VLDB_UNPACK_dmw_ldb_unpack_idx_imm_unpackSign0
    _  VLDB_UNPACK_dmw_ldb_unpack_idx_imm_unpackSign1
    _  VLDB_UNPACK_dmw_ldb_unpack_idx_unpackSign0
    _  VLDB_UNPACK_dmw_ldb_unpack_idx_unpackSign1
    _  VLDB_UNPACK_dmw_ldb_unpack_pstm_nrm_imm_unpackSign0
    _  VLDB_UNPACK_dmw_ldb_unpack_pstm_nrm_imm_unpackSign1
    _  VLDB_UNPACK_dmw_ldb_unpack_pstm_nrm_unpackSign0
    _  VLDB_UNPACK_dmw_ldb_unpack_pstm_nrm_unpackSign1
    _  VLDB_UNPACK_dmx_ldb_unpack_idx_imm_unpackSign0
    _  VLDB_UNPACK_dmx_ldb_unpack_idx_imm_unpackSign1
    _  VLDB_UNPACK_dmx_ldb_unpack_idx_unpackSign0
    _  VLDB_UNPACK_dmx_ldb_unpack_idx_unpackSign1
    _  VLDB_UNPACK_dmx_ldb_unpack_pstm_nrm_imm_unpackSign0
    _  VLDB_UNPACK_dmx_ldb_unpack_pstm_nrm_imm_unpackSign1
    _  VLDB_UNPACK_dmx_ldb_unpack_pstm_nrm_unpackSign0
    _  VLDB_UNPACK_dmx_ldb_unpack_pstm_nrm_unpackSign1
    _  VLDB_dmw_ldb_idx
    _  VLDB_dmw_ldb_idx_imm
    _  VLDB_dmw_ldb_pstm_nrm
    _  VLDB_dmw_ldb_pstm_nrm_imm
    _  VLDB_dmx_ldb_x_idx
    _  VLDB_dmx_ldb_x_idx_imm
    _  VLDB_dmx_ldb_x_pstm_nrm
    _  VLDB_dmx_ldb_x_pstm_nrm_imm
    _  VUNPACK_mv_unpack_w_unpackSign0
    _  VUNPACK_mv_unpack_w_unpackSign1
    _  VUNPACK_mv_unpack_x_unpackSign0
    _  VUNPACK_mv_unpack_x_unpackSign1
Decoding Conflict:
    .
    _  ADDXM_NC_lng_cg_le_rel
    _  ADDXM_NC_lng_cg_ls_rel
    _  JL_lng
    _  JNZ
    _  JZ
    _  J_lng
    _  MOVXM_lng_cg
    _  MOVXM_lng_cg_le_abs
    _  MOVXM_lng_cg_ls_abs
    _  NOPXM
Decoding Conflict:
    .
    _  ADDM_NC_mv_add_ri
    _  ADDM_NC_mv_add_rr
    _  ADDM_NC_mv_cg_or_mv_cg_le_rel
    _  ADDM_NC_mv_cg_or_mv_cg_ls_rel
    _  MOV_alu_mv_mv_mv_cg_or
    _  MOV_alu_mv_mv_mv_cntr2l
    _  MOV_alu_mv_mv_mv_e_mv_eh_to_eh
    _  MOV_alu_mv_mv_mv_e_mv_eh_to_el
    _  MOV_alu_mv_mv_mv_e_mv_eh_to_r
    _  MOV_alu_mv_mv_mv_e_mv_el_to_eh
    _  MOV_alu_mv_mv_mv_e_mv_el_to_el
    _  MOV_alu_mv_mv_mv_e_mv_el_to_r
    _  MOV_alu_mv_mv_mv_e_mv_r_to_eh
    _  MOV_alu_mv_mv_mv_e_mv_r_to_el
    _  MOV_alu_mv_mv_mv_g_mv_gh_to_gh
    _  MOV_alu_mv_mv_mv_g_mv_gh_to_gl
    _  MOV_alu_mv_mv_mv_g_mv_gh_to_r
    _  MOV_alu_mv_mv_mv_g_mv_gl_to_gh
    _  MOV_alu_mv_mv_mv_g_mv_gl_to_gl
    _  MOV_alu_mv_mv_mv_g_mv_gl_to_r
    _  MOV_alu_mv_mv_mv_g_mv_r_to_gh
    _  MOV_alu_mv_mv_mv_g_mv_r_to_gl
    _  MOV_alu_mv_mv_mv_r_sc
    _  MOV_alu_mv_mv_mv_sc_cg
    _  MOV_alu_mv_mv_mv_sc_r
    _  MOV_alu_mv_mv_mv_scl
    _  MOV_d1
    _  MOV_d2
    _  MOV_d3
    _  MOV_d4
    _  MOV_d5
    _  MOV_d6
    _  NOPM
    _  VABS_GTZ16_vaddSign0
    _  VABS_GTZ16_vaddSign1
    _  VABS_GTZ32_vaddSign0
    _  VABS_GTZ32_vaddSign1
    _  VABS_GTZ8_vaddSign0
    _  VABS_GTZ8_vaddSign1
    _  VADDSUB_16
    _  VADDSUB_32
    _  VADDSUB_8
    _  VADD_16
    _  VADD_32
    _  VADD_8
    _  VBAND
    _  VBCSTSHFL_16_vec_broadcast_shuffle_bm
    _  VBCSTSHFL_16_vec_broadcast_shuffle_x
    _  VBCSTSHFL_32_vec_broadcast_shuffle_bm
    _  VBCSTSHFL_32_vec_broadcast_shuffle_x
    _  VBCSTSHFL_64_vec_broadcast_shuffle_bm
    _  VBCSTSHFL_64_vec_broadcast_shuffle_x
    _  VBCSTSHFL_8_vec_broadcast_shuffle_bm
    _  VBCSTSHFL_8_vec_broadcast_shuffle_x
    _  VBCST_16
    _  VBCST_32
    _  VBCST_64
    _  VBCST_8
    _  VBNEG_LTZ_s16
    _  VBNEG_LTZ_s32
    _  VBNEG_LTZ_s8
    _  VBOR
    _  VCONV_fp32_bf16_mv_mv_w_ups_bf16
    _  VCONV_fp32_bf16_mv_mv_x_ups_f16
    _  VCONV_fp32_fp16_mv
    _  VEQZ_16
    _  VEQZ_32
    _  VEQZ_8
    _  VEXP2_bf16
    _  VEXP2_fp32
    _  VEXTBCSTSHFL_128
    _  VEXTBCSTSHFL_16
    _  VEXTBCSTSHFL_32
    _  VEXTBCSTSHFL_64
    _  VEXTBCST_128_vec_extract_broadcast_imm
    _  VEXTBCST_128_vec_extract_broadcast_r
    _  VEXTBCST_16_vec_extract_broadcast_imm
    _  VEXTBCST_16_vec_extract_broadcast_r
    _  VEXTBCST_32_vec_extract_broadcast_imm
    _  VEXTBCST_32_vec_extract_broadcast_r
    _  VEXTBCST_64_vec_extract_broadcast_imm
    _  VEXTBCST_64_vec_extract_broadcast_r
    _  VEXTBCST_8_vec_extract_broadcast_imm
    _  VEXTBCST_8_vec_extract_broadcast_r
    _  VEXTRACT_16_vec_extract_imm_vaddSign0
    _  VEXTRACT_16_vec_extract_imm_vaddSign1
    _  VEXTRACT_16_vec_extract_r_vaddSign0
    _  VEXTRACT_16_vec_extract_r_vaddSign1
    _  VEXTRACT_32_vec_extract_imm_vaddSign0
    _  VEXTRACT_32_vec_extract_imm_vaddSign1
    _  VEXTRACT_32_vec_extract_r_vaddSign0
    _  VEXTRACT_32_vec_extract_r_vaddSign1
    _  VEXTRACT_64_vec_extract_imm_vaddSign0
    _  VEXTRACT_64_vec_extract_imm_vaddSign1
    _  VEXTRACT_64_vec_extract_r_vaddSign0
    _  VEXTRACT_64_vec_extract_r_vaddSign1
    _  VEXTRACT_8_vec_extract_imm_vaddSign0
    _  VEXTRACT_8_vec_extract_imm_vaddSign1
    _  VEXTRACT_8_vec_extract_r_vaddSign0
    _  VEXTRACT_8_vec_extract_r_vaddSign1
    _  VGE_16_vaddSign0
    _  VGE_16_vaddSign1
    _  VGE_32_vaddSign0
    _  VGE_32_vaddSign1
    _  VGE_8_vaddSign0
    _  VGE_8_vaddSign1
    _  VGE_bf16
    _  VGE_bf8
    _  VGE_fp16
    _  VGE_fp8
    _  VINSERT_16_mIdxImm0
    _  VINSERT_16_mR29_insert
    _  VINSERT_32_mIdxImm0
    _  VINSERT_32_mR29_insert
    _  VINSERT_64_mIdxImm0
    _  VINSERT_64_mR29_insert
    _  VINSERT_8_mIdxImm0
    _  VINSERT_8_mR29_insert
    _  VLT_16_vaddSign0
    _  VLT_16_vaddSign1
    _  VLT_32_vaddSign0
    _  VLT_32_vaddSign1
    _  VLT_8_vaddSign0
    _  VLT_8_vaddSign1
    _  VLT_bf16
    _  VLT_bf8
    _  VLT_fp16
    _  VLT_fp8
    _  VMAXDIFF_LT_16_vaddSign0
    _  VMAXDIFF_LT_16_vaddSign1
    _  VMAXDIFF_LT_32_vaddSign0
    _  VMAXDIFF_LT_32_vaddSign1
    _  VMAXDIFF_LT_8_vaddSign0
    _  VMAXDIFF_LT_8_vaddSign1
    _  VMAX_LT_16_vaddSign0
    _  VMAX_LT_16_vaddSign1
    _  VMAX_LT_32_vaddSign0
    _  VMAX_LT_32_vaddSign1
    _  VMAX_LT_8_vaddSign0
    _  VMAX_LT_8_vaddSign1
    _  VMAX_LT_bf16
    _  VMAX_LT_bf8
    _  VMAX_LT_fp16
    _  VMAX_LT_fp8
    _  VMIN_GE_16_vaddSign0
    _  VMIN_GE_16_vaddSign1
    _  VMIN_GE_32_vaddSign0
    _  VMIN_GE_32_vaddSign1
    _  VMIN_GE_8_vaddSign0
    _  VMIN_GE_8_vaddSign1
    _  VMIN_GE_bf16
    _  VMIN_GE_bf8
    _  VMIN_GE_fp16
    _  VMIN_GE_fp8
    _  VMOV_alu_mv_mv_mv_cm
    _  VMOV_alu_mv_mv_mv_ee
    _  VMOV_alu_mv_mv_mv_eg
    _  VMOV_alu_mv_mv_mv_eg2
    _  VMOV_alu_mv_mv_mv_eg2_to_w
    _  VMOV_alu_mv_mv_mv_egw
    _  VMOV_alu_mv_mv_mv_egx
    _  VMOV_alu_mv_mv_mv_f
    _  VMOV_alu_mv_mv_mv_f_to_l
    _  VMOV_alu_mv_mv_mv_few
    _  VMOV_alu_mv_mv_mv_fex
    _  VMOV_alu_mv_mv_mv_ff
    _  VMOV_alu_mv_mv_mv_gg
    _  VMOV_alu_mv_mv_mv_l_to_f
    _  VMOV_alu_mv_mv_mv_w
    _  VMOV_alu_mv_mv_mv_w_to_eg2
    _  VMOV_alu_mv_mv_mv_x
    _  VNEG_GTZ_16
    _  VNEG_GTZ_32
    _  VNEG_GTZ_8
    _  VPUSH_hi_16
    _  VPUSH_hi_32
    _  VPUSH_hi_64
    _  VPUSH_hi_8
    _  VPUSH_lo_16
    _  VPUSH_lo_32
    _  VPUSH_lo_64
    _  VPUSH_lo_8
    _  VSEL_16
    _  VSEL_32
    _  VSEL_8
    _  VSHIFT
    _  VSHIFT_ALIGN
    _  VSHUFFLE_vec_shuffle_bm
    _  VSHUFFLE_vec_shuffle_egx
    _  VSHUFFLE_vec_shuffle_fex
    _  VSHUFFLE_vec_shuffle_x
    _  VSUB_16
    _  VSUB_32
    _  VSUB_8
    _  VSUB_GE_16_vaddSign0
    _  VSUB_GE_16_vaddSign1
    _  VSUB_GE_32_vaddSign0
    _  VSUB_GE_32_vaddSign1
    _  VSUB_GE_8_vaddSign0
    _  VSUB_GE_8_vaddSign1
    _  VSUB_LT_16_vaddSign0
    _  VSUB_LT_16_vaddSign1
    _  VSUB_LT_32_vaddSign0
    _  VSUB_LT_32_vaddSign1
    _  VSUB_LT_8_vaddSign0
    _  VSUB_LT_8_vaddSign1
    _  VTANH
    _  VUPS_2x_mv_ups_w2b_upsSign0
    _  VUPS_2x_mv_ups_w2b_upsSign1
    _  VUPS_2x_mv_ups_x2c_upsSign0
    _  VUPS_2x_mv_ups_x2c_upsSign1
    _  VUPS_4x_mv_ups_w2c_upsSign0
    _  VUPS_4x_mv_ups_w2c_upsSign1
    _  VUPS_4x_mv_ups_x2d_upsSign0
    _  VUPS_4x_mv_ups_x2d_upsSign1
Decoding Conflict:
    .
    _  MOVS
    _  MOV_CPH_mMStream_tlast_imm
    _  MOV_CPH_mMStream_tlast_reg
    _  MOV_CPH_nb_mMStream_tlast_imm
    _  MOV_CPH_nb_mMStream_tlast_reg
    _  MOV_CPH_nb_tlast
    _  MOV_CPH_tlast
    _  MOV_PH_mMStream_tlast_imm
    _  MOV_PH_mMStream_tlast_reg
    _  MOV_PH_nb_mMStream_tlast_imm
    _  MOV_PH_nb_mMStream_tlast_reg
    _  MOV_PH_nb_tlast
    _  MOV_PH_tlast
    _  MOV_nb_st_mMStream_tlast_imm
    _  MOV_nb_st_mMStream_tlast_reg
    _  MOV_nb_tlast
    _  MOV_st_mMStream_tlast_imm
    _  MOV_st_mMStream_tlast_reg
    _  MOV_tlast
    _  NOPS
    _  PADDS_2D
    _  PADDS_3D
    _  PADDS_pstm_nrm
    _  PADDS_pstm_nrm_imm
    _  ST_2D_dml_sts_scalar
    _  ST_2D_dms_sts_g
    _  ST_2D_dms_sts_scalar
    _  ST_2D_dmv_sts_f
    _  ST_3D_dml_sts_scalar
    _  ST_3D_dms_sts_g
    _  ST_3D_dms_sts_scalar
    _  ST_3D_dmv_sts_f
    _  ST_TM_2D
    _  ST_TM_3D
    _  ST_TM_idx
    _  ST_TM_idx_imm
    _  ST_TM_pstm_nrm
    _  ST_TM_pstm_nrm_imm
    _  ST_dml_sts_scalar_spill
    _  ST_dml_sts_scalar_st_idx
    _  ST_dml_sts_scalar_st_idx_imm
    _  ST_dml_sts_scalar_st_pstm_nrm
    _  ST_dml_sts_scalar_st_pstm_nrm_imm
    _  ST_dms_sts_g_spill
    _  ST_dms_sts_g_st_idx
    _  ST_dms_sts_g_st_idx_imm
    _  ST_dms_sts_g_st_pstm_nrm
    _  ST_dms_sts_g_st_pstm_nrm_imm
    _  ST_dms_sts_scalar_spill
    _  ST_dms_sts_scalar_st_idx
    _  ST_dms_sts_scalar_st_idx_imm
    _  ST_dms_sts_scalar_st_pstm_nrm
    _  ST_dms_sts_scalar_st_pstm_nrm_imm
    _  ST_dmv_sts_f_spill
    _  ST_dmv_sts_f_st_idx
    _  ST_dmv_sts_f_st_idx_imm
    _  ST_dmv_sts_f_st_pstm_nrm
    _  ST_dmv_sts_f_st_pstm_nrm_imm
    _  VCONV_bf16_fp32_mv_conv_mv_w_srs_bf16
    _  VCONV_bf16_fp32_mv_conv_mv_x_srs_bf16
    _  VCONV_bf16_fp32_mv_mcd_bf16_cm
    _  VCONV_bf8_fp32
    _  VCONV_fp16_fp32_mv_mcd_fp16_cm
    _  VCONV_fp16_fp32_mv_x_srs_fp16
    _  VCONV_fp8_fp32
    _  VCONV_mx4_fp32
    _  VCONV_mx6_fp32
    _  VCONV_mx9_fp32
    _  VCONV_s32_bf16_fp32
    _  VFLOOR_s32_bf16
    _  VMOV_st_mv_mcd_bm
    _  VMOV_st_mv_mcd_x
    _  VPACK_mv_pack_w_packSign0
    _  VPACK_mv_pack_w_packSign1
    _  VPACK_mv_pack_x_packSign0
    _  VPACK_mv_pack_x_packSign1
    _  VSRS_2x_mv_w_srs_bm_srsSign0
    _  VSRS_2x_mv_w_srs_bm_srsSign1
    _  VSRS_2x_mv_x_srs_cm_srsSign0
    _  VSRS_2x_mv_x_srs_cm_srsSign1
    _  VSRS_4x_mv_w_srs_cm_srsSign0
    _  VSRS_4x_mv_w_srs_cm_srsSign1
    _  VSRS_4x_mv_x_srs_dm_srsSign0
    _  VSRS_4x_mv_x_srs_dm_srsSign1
    _  VST_128_dmv_sts_eg_spill
    _  VST_128_dmv_sts_eg_st_idx
    _  VST_128_dmv_sts_eg_st_idx_imm
    _  VST_128_dmv_sts_eg_st_pstm_nrm
    _  VST_128_dmv_sts_eg_st_pstm_nrm_imm
    _  VST_128_dmv_sts_feg_spill
    _  VST_128_dmv_sts_feg_st_idx
    _  VST_128_dmv_sts_feg_st_idx_imm
    _  VST_128_dmv_sts_feg_st_pstm_nrm
    _  VST_128_dmv_sts_feg_st_pstm_nrm_imm
    _  VST_128_dmv_sts_w_spill
    _  VST_128_dmv_sts_w_st_idx
    _  VST_128_dmv_sts_w_st_idx_imm
    _  VST_128_dmv_sts_w_st_pstm_nrm
    _  VST_128_dmv_sts_w_st_pstm_nrm_imm
    _  VST_2D_128_dmv_sts_eg
    _  VST_2D_128_dmv_sts_feg
    _  VST_2D_128_dmv_sts_w
    _  VST_2D_CONV_bf16_fp32_dmw_sts_srs_bf16
    _  VST_2D_CONV_bf16_fp32_dmx_sts_srs_bf16
    _  VST_2D_CONV_bf8_fp32
    _  VST_2D_CONV_fp16_fp32
    _  VST_2D_CONV_fp8_fp32
    _  VST_2D_PACK_dmw_sts_pack_packSign0
    _  VST_2D_PACK_dmw_sts_pack_packSign1
    _  VST_2D_PACK_dmx_sts_pack_packSign0
    _  VST_2D_PACK_dmx_sts_pack_packSign1
    _  VST_2D_SRS_2x_dm_sts_srs_cm_srsSign0
    _  VST_2D_SRS_2x_dm_sts_srs_cm_srsSign1
    _  VST_2D_SRS_2x_dmw_sts_srs_bm_srsSign0
    _  VST_2D_SRS_2x_dmw_sts_srs_bm_srsSign1
    _  VST_2D_SRS_4x_dm_sts_srs_cm_srsSign0
    _  VST_2D_SRS_4x_dm_sts_srs_cm_srsSign1
    _  VST_2D_SRS_4x_dmx_sts_srs_dm_srsSign0
    _  VST_2D_SRS_4x_dmx_sts_srs_dm_srsSign1
    _  VST_2D_dmw_sts_feg2
    _  VST_2D_dmw_sts_w
    _  VST_2D_dmx_sts_bm
    _  VST_2D_dmx_sts_x
    _  VST_3D_128_dmv_sts_eg
    _  VST_3D_128_dmv_sts_feg
    _  VST_3D_128_dmv_sts_w
    _  VST_3D_CONV_bf16_fp32_dmw_sts_srs_bf16
    _  VST_3D_CONV_bf16_fp32_dmx_sts_srs_bf16
    _  VST_3D_CONV_bf8_fp32
    _  VST_3D_CONV_fp16_fp32
    _  VST_3D_CONV_fp8_fp32
    _  VST_3D_PACK_dmw_sts_pack_packSign0
    _  VST_3D_PACK_dmw_sts_pack_packSign1
    _  VST_3D_PACK_dmx_sts_pack_packSign0
    _  VST_3D_PACK_dmx_sts_pack_packSign1
    _  VST_3D_SRS_2x_dm_sts_srs_cm_srsSign0
    _  VST_3D_SRS_2x_dm_sts_srs_cm_srsSign1
    _  VST_3D_SRS_2x_dmw_sts_srs_bm_srsSign0
    _  VST_3D_SRS_2x_dmw_sts_srs_bm_srsSign1
    _  VST_3D_SRS_4x_dm_sts_srs_cm_srsSign0
    _  VST_3D_SRS_4x_dm_sts_srs_cm_srsSign1
    _  VST_3D_SRS_4x_dmx_sts_srs_dm_srsSign0
    _  VST_3D_SRS_4x_dmx_sts_srs_dm_srsSign1
    _  VST_3D_dmw_sts_feg2
    _  VST_3D_dmw_sts_w
    _  VST_3D_dmx_sts_bm
    _  VST_3D_dmx_sts_x
    _  VST_CONV_bf16_fp32_dmw_sts_srs_bf16_idx
    _  VST_CONV_bf16_fp32_dmw_sts_srs_bf16_idx_imm
    _  VST_CONV_bf16_fp32_dmw_sts_srs_bf16_pstm_nrm
    _  VST_CONV_bf16_fp32_dmw_sts_srs_bf16_pstm_nrm_imm
    _  VST_CONV_bf16_fp32_dmx_sts_srs_bf16_idx
    _  VST_CONV_bf16_fp32_dmx_sts_srs_bf16_idx_imm
    _  VST_CONV_bf16_fp32_dmx_sts_srs_bf16_pstm_nrm
    _  VST_CONV_bf16_fp32_dmx_sts_srs_bf16_pstm_nrm_imm
    _  VST_CONV_bf8_fp32_idx
    _  VST_CONV_bf8_fp32_idx_imm
    _  VST_CONV_bf8_fp32_pstm_nrm
    _  VST_CONV_bf8_fp32_pstm_nrm_imm
    _  VST_CONV_fp16_fp32_idx
    _  VST_CONV_fp16_fp32_idx_imm
    _  VST_CONV_fp16_fp32_pstm_nrm
    _  VST_CONV_fp16_fp32_pstm_nrm_imm
    _  VST_CONV_fp8_fp32_idx
    _  VST_CONV_fp8_fp32_idx_imm
    _  VST_CONV_fp8_fp32_pstm_nrm
    _  VST_CONV_fp8_fp32_pstm_nrm_imm
    _  VST_FLUSH_2D
    _  VST_FLUSH_3D
    _  VST_FLUSH_d_2D
    _  VST_FLUSH_d_3D
    _  VST_FLUSH_d_fifo_1d_flush
    _  VST_FLUSH_d_normal_flush
    _  VST_FLUSH_fifo_1d_flush
    _  VST_FLUSH_normal_flush
    _  VST_PACK_dmw_sts_pack_idx_imm_packSign0
    _  VST_PACK_dmw_sts_pack_idx_imm_packSign1
    _  VST_PACK_dmw_sts_pack_idx_packSign0
    _  VST_PACK_dmw_sts_pack_idx_packSign1
    _  VST_PACK_dmw_sts_pack_pstm_nrm_imm_packSign0
    _  VST_PACK_dmw_sts_pack_pstm_nrm_imm_packSign1
    _  VST_PACK_dmw_sts_pack_pstm_nrm_packSign0
    _  VST_PACK_dmw_sts_pack_pstm_nrm_packSign1
    _  VST_PACK_dmx_sts_pack_idx_imm_packSign0
    _  VST_PACK_dmx_sts_pack_idx_imm_packSign1
    _  VST_PACK_dmx_sts_pack_idx_packSign0
    _  VST_PACK_dmx_sts_pack_idx_packSign1
    _  VST_PACK_dmx_sts_pack_pstm_nrm_imm_packSign0
    _  VST_PACK_dmx_sts_pack_pstm_nrm_imm_packSign1
    _  VST_PACK_dmx_sts_pack_pstm_nrm_packSign0
    _  VST_PACK_dmx_sts_pack_pstm_nrm_packSign1
    _  VST_PUSH_256
    _  VST_PUSH_256_CONV_mx4_fp32
    _  VST_PUSH_384
    _  VST_PUSH_384_CONV_mx6_fp32
    _  VST_PUSH_512_dmx_sts_fifo_bare_fex_bfp11
    _  VST_PUSH_512_dmx_sts_fifo_bare_x
    _  VST_PUSH_576
    _  VST_PUSH_576_CONV_mx9_fp32
    _  VST_PUSH_768
    _  VST_SRS_2x_dm_sts_srs_cm_idx_imm_srsSign0
    _  VST_SRS_2x_dm_sts_srs_cm_idx_imm_srsSign1
    _  VST_SRS_2x_dm_sts_srs_cm_idx_srsSign0
    _  VST_SRS_2x_dm_sts_srs_cm_idx_srsSign1
    _  VST_SRS_2x_dm_sts_srs_cm_pstm_nrm_imm_srsSign0
    _  VST_SRS_2x_dm_sts_srs_cm_pstm_nrm_imm_srsSign1
    _  VST_SRS_2x_dm_sts_srs_cm_pstm_nrm_srsSign0
    _  VST_SRS_2x_dm_sts_srs_cm_pstm_nrm_srsSign1
    _  VST_SRS_2x_dmw_sts_srs_bm_idx_imm_srsSign0
    _  VST_SRS_2x_dmw_sts_srs_bm_idx_imm_srsSign1
    _  VST_SRS_2x_dmw_sts_srs_bm_idx_srsSign0
    _  VST_SRS_2x_dmw_sts_srs_bm_idx_srsSign1
    _  VST_SRS_2x_dmw_sts_srs_bm_pstm_nrm_imm_srsSign0
    _  VST_SRS_2x_dmw_sts_srs_bm_pstm_nrm_imm_srsSign1
    _  VST_SRS_2x_dmw_sts_srs_bm_pstm_nrm_srsSign0
    _  VST_SRS_2x_dmw_sts_srs_bm_pstm_nrm_srsSign1
    _  VST_SRS_4x_dm_sts_srs_cm_idx_imm_srsSign0
    _  VST_SRS_4x_dm_sts_srs_cm_idx_imm_srsSign1
    _  VST_SRS_4x_dm_sts_srs_cm_idx_srsSign0
    _  VST_SRS_4x_dm_sts_srs_cm_idx_srsSign1
    _  VST_SRS_4x_dm_sts_srs_cm_pstm_nrm_imm_srsSign0
    _  VST_SRS_4x_dm_sts_srs_cm_pstm_nrm_imm_srsSign1
    _  VST_SRS_4x_dm_sts_srs_cm_pstm_nrm_srsSign0
    _  VST_SRS_4x_dm_sts_srs_cm_pstm_nrm_srsSign1
    _  VST_SRS_4x_dmx_sts_srs_dm_idx_imm_srsSign0
    _  VST_SRS_4x_dmx_sts_srs_dm_idx_imm_srsSign1
    _  VST_SRS_4x_dmx_sts_srs_dm_idx_srsSign0
    _  VST_SRS_4x_dmx_sts_srs_dm_idx_srsSign1
    _  VST_SRS_4x_dmx_sts_srs_dm_pstm_nrm_imm_srsSign0
    _  VST_SRS_4x_dmx_sts_srs_dm_pstm_nrm_imm_srsSign1
    _  VST_SRS_4x_dmx_sts_srs_dm_pstm_nrm_srsSign0
    _  VST_SRS_4x_dmx_sts_srs_dm_pstm_nrm_srsSign1
    _  VST_dmw_sts_feg2_spill
    _  VST_dmw_sts_feg2_st_idx
    _  VST_dmw_sts_feg2_st_idx_imm
    _  VST_dmw_sts_feg2_st_pstm_nrm
    _  VST_dmw_sts_feg2_st_pstm_nrm_imm
    _  VST_dmw_sts_w_spill
    _  VST_dmw_sts_w_st_idx
    _  VST_dmw_sts_w_st_idx_imm
    _  VST_dmw_sts_w_st_pstm_nrm
    _  VST_dmw_sts_w_st_pstm_nrm_imm
    _  VST_dmx_sts_bm_spill
    _  VST_dmx_sts_bm_st_idx
    _  VST_dmx_sts_bm_st_idx_imm
    _  VST_dmx_sts_bm_st_pstm_nrm
    _  VST_dmx_sts_bm_st_pstm_nrm_imm
    _  VST_dmx_sts_x_spill
    _  VST_dmx_sts_x_st_idx
    _  VST_dmx_sts_x_st_idx_imm
    _  VST_dmx_sts_x_st_pstm_nrm
    _  VST_dmx_sts_x_st_pstm_nrm_imm
Decoding Conflict:
    .
    _  NOPV
    _  VADDMAC_f_vaddmac_bf_half_vmul_bf_core_X_R
    _  VADDMAC_f_vaddmac_bf_half_vmul_bf_core_X_Y
    _  VADDMAC_f_vaddmac_bf_half_vmul_bf_core_Y_QY
    _  VADDMAC_f_vaddmac_bf_half_vmul_bf_half_core_X_X
    _  VADDMAC_f_vaddmac_bf_scd_add_scd_incr_vmul_bf_core_X_QY
    _  VADDMAC_f_vaddmac_bf_scd_add_scd_incr_vmul_bf_core_X_X
    _  VADDMAC_f_vaddmac_bf_scd_add_scd_incr_vmul_bf_core_Y_R
    _  VADDMAC_f_vaddmac_bf_scd_add_scd_incr_vmul_bf_core_Y_Y
    _  VADDMAC_f_vaddmac_bf_scd_add_scd_noincr_vmul_bf_core_X_QY
    _  VADDMAC_f_vaddmac_bf_scd_add_scd_noincr_vmul_bf_core_X_X
    _  VADDMAC_f_vaddmac_bf_scd_add_scd_noincr_vmul_bf_core_Y_R
    _  VADDMAC_f_vaddmac_bf_scd_add_scd_noincr_vmul_bf_core_Y_Y
    _  VADDMAC_f_vaddmac_bf_scd_half_add_scd_incr_half_vmul_bf_core_X_R
    _  VADDMAC_f_vaddmac_bf_scd_half_add_scd_incr_half_vmul_bf_core_X_Y
    _  VADDMAC_f_vaddmac_bf_scd_half_add_scd_incr_half_vmul_bf_core_Y_QY
    _  VADDMAC_f_vaddmac_bf_scd_half_add_scd_incr_half_vmul_bf_half_core_X_X
    _  VADDMAC_f_vaddmac_bf_scd_half_add_scd_noincr_half_vmul_bf_core_X_R
    _  VADDMAC_f_vaddmac_bf_scd_half_add_scd_noincr_half_vmul_bf_core_X_Y
    _  VADDMAC_f_vaddmac_bf_scd_half_add_scd_noincr_half_vmul_bf_core_Y_QY
    _  VADDMAC_f_vaddmac_bf_scd_half_add_scd_noincr_half_vmul_bf_half_core_X_X
    _  VADDMAC_f_vaddmac_bf_vmul_bf_core_X_QY
    _  VADDMAC_f_vaddmac_bf_vmul_bf_core_X_X
    _  VADDMAC_f_vaddmac_bf_vmul_bf_core_Y_R
    _  VADDMAC_f_vaddmac_bf_vmul_bf_core_Y_Y
    _  VADDMAC_f_vaddmac_bfp13
    _  VADDMAC_f_vaddmac_bfp13_scd_add_scd_incr
    _  VADDMAC_f_vaddmac_bfp13_scd_add_scd_noincr
    _  VADDMAC_f_vaddmac_bfp16
    _  VADDMAC_f_vaddmac_bfp16_scd_add_scd_incr
    _  VADDMAC_f_vaddmac_bfp16_scd_add_scd_noincr
    _  VADDMAC_vaddmac_half_vmul_cm_half_core_X_QX
    _  VADDMAC_vaddmac_half_vmul_cm_half_core_X_R
    _  VADDMAC_vaddmac_half_vmul_cm_half_core_X_X
    _  VADDMAC_vaddmac_scd_add_scd_incr_vmul_cm_core_X_QX
    _  VADDMAC_vaddmac_scd_add_scd_incr_vmul_cm_core_X_QY
    _  VADDMAC_vaddmac_scd_add_scd_incr_vmul_cm_core_X_R
    _  VADDMAC_vaddmac_scd_add_scd_incr_vmul_cm_core_X_X
    _  VADDMAC_vaddmac_scd_add_scd_incr_vmul_cm_core_X_Y
    _  VADDMAC_vaddmac_scd_add_scd_incr_vmul_cm_core_Y_QX
    _  VADDMAC_vaddmac_scd_add_scd_incr_vmul_cm_core_Y_R
    _  VADDMAC_vaddmac_scd_add_scd_incr_vmul_cm_core_Y_X
    _  VADDMAC_vaddmac_scd_add_scd_incr_vmul_cm_core_Y_Y
    _  VADDMAC_vaddmac_scd_add_scd_noincr_vmul_cm_core_X_QX
    _  VADDMAC_vaddmac_scd_add_scd_noincr_vmul_cm_core_X_QY
    _  VADDMAC_vaddmac_scd_add_scd_noincr_vmul_cm_core_X_R
    _  VADDMAC_vaddmac_scd_add_scd_noincr_vmul_cm_core_X_X
    _  VADDMAC_vaddmac_scd_add_scd_noincr_vmul_cm_core_X_Y
    _  VADDMAC_vaddmac_scd_add_scd_noincr_vmul_cm_core_Y_QX
    _  VADDMAC_vaddmac_scd_add_scd_noincr_vmul_cm_core_Y_R
    _  VADDMAC_vaddmac_scd_add_scd_noincr_vmul_cm_core_Y_X
    _  VADDMAC_vaddmac_scd_add_scd_noincr_vmul_cm_core_Y_Y
    _  VADDMAC_vaddmac_scd_half_add_scd_incr_half_vmul_cm_half_core_X_QX
    _  VADDMAC_vaddmac_scd_half_add_scd_incr_half_vmul_cm_half_core_X_R
    _  VADDMAC_vaddmac_scd_half_add_scd_incr_half_vmul_cm_half_core_X_X
    _  VADDMAC_vaddmac_scd_half_add_scd_noincr_half_vmul_cm_half_core_X_QX
    _  VADDMAC_vaddmac_scd_half_add_scd_noincr_half_vmul_cm_half_core_X_R
    _  VADDMAC_vaddmac_scd_half_add_scd_noincr_half_vmul_cm_half_core_X_X
    _  VADDMAC_vaddmac_vmul_cm_core_X_QX
    _  VADDMAC_vaddmac_vmul_cm_core_X_QY
    _  VADDMAC_vaddmac_vmul_cm_core_X_R
    _  VADDMAC_vaddmac_vmul_cm_core_X_X
    _  VADDMAC_vaddmac_vmul_cm_core_X_Y
    _  VADDMAC_vaddmac_vmul_cm_core_Y_QX
    _  VADDMAC_vaddmac_vmul_cm_core_Y_R
    _  VADDMAC_vaddmac_vmul_cm_core_Y_X
    _  VADDMAC_vaddmac_vmul_cm_core_Y_Y
    _  VADDMSC_f_vaddmac_bf_half_vmul_bf_core_X_R
    _  VADDMSC_f_vaddmac_bf_half_vmul_bf_core_X_Y
    _  VADDMSC_f_vaddmac_bf_half_vmul_bf_core_Y_QY
    _  VADDMSC_f_vaddmac_bf_half_vmul_bf_half_core_X_X
    _  VADDMSC_f_vaddmac_bf_scd_add_scd_incr_vmul_bf_core_X_QY
    _  VADDMSC_f_vaddmac_bf_scd_add_scd_incr_vmul_bf_core_X_X
    _  VADDMSC_f_vaddmac_bf_scd_add_scd_incr_vmul_bf_core_Y_R
    _  VADDMSC_f_vaddmac_bf_scd_add_scd_incr_vmul_bf_core_Y_Y
    _  VADDMSC_f_vaddmac_bf_scd_add_scd_noincr_vmul_bf_core_X_QY
    _  VADDMSC_f_vaddmac_bf_scd_add_scd_noincr_vmul_bf_core_X_X
    _  VADDMSC_f_vaddmac_bf_scd_add_scd_noincr_vmul_bf_core_Y_R
    _  VADDMSC_f_vaddmac_bf_scd_add_scd_noincr_vmul_bf_core_Y_Y
    _  VADDMSC_f_vaddmac_bf_scd_half_add_scd_incr_half_vmul_bf_core_X_R
    _  VADDMSC_f_vaddmac_bf_scd_half_add_scd_incr_half_vmul_bf_core_X_Y
    _  VADDMSC_f_vaddmac_bf_scd_half_add_scd_incr_half_vmul_bf_core_Y_QY
    _  VADDMSC_f_vaddmac_bf_scd_half_add_scd_incr_half_vmul_bf_half_core_X_X
    _  VADDMSC_f_vaddmac_bf_scd_half_add_scd_noincr_half_vmul_bf_core_X_R
    _  VADDMSC_f_vaddmac_bf_scd_half_add_scd_noincr_half_vmul_bf_core_X_Y
    _  VADDMSC_f_vaddmac_bf_scd_half_add_scd_noincr_half_vmul_bf_core_Y_QY
    _  VADDMSC_f_vaddmac_bf_scd_half_add_scd_noincr_half_vmul_bf_half_core_X_X
    _  VADDMSC_f_vaddmac_bf_vmul_bf_core_X_QY
    _  VADDMSC_f_vaddmac_bf_vmul_bf_core_X_X
    _  VADDMSC_f_vaddmac_bf_vmul_bf_core_Y_R
    _  VADDMSC_f_vaddmac_bf_vmul_bf_core_Y_Y
    _  VADDMSC_f_vaddmac_bfp13
    _  VADDMSC_f_vaddmac_bfp13_scd_add_scd_incr
    _  VADDMSC_f_vaddmac_bfp13_scd_add_scd_noincr
    _  VADDMSC_f_vaddmac_bfp16
    _  VADDMSC_f_vaddmac_bfp16_scd_add_scd_incr
    _  VADDMSC_f_vaddmac_bfp16_scd_add_scd_noincr
    _  VADDMSC_vaddmac_half_vmul_cm_half_core_X_QX
    _  VADDMSC_vaddmac_half_vmul_cm_half_core_X_R
    _  VADDMSC_vaddmac_half_vmul_cm_half_core_X_X
    _  VADDMSC_vaddmac_scd_add_scd_incr_vmul_cm_core_X_QX
    _  VADDMSC_vaddmac_scd_add_scd_incr_vmul_cm_core_X_QY
    _  VADDMSC_vaddmac_scd_add_scd_incr_vmul_cm_core_X_R
    _  VADDMSC_vaddmac_scd_add_scd_incr_vmul_cm_core_X_X
    _  VADDMSC_vaddmac_scd_add_scd_incr_vmul_cm_core_X_Y
    _  VADDMSC_vaddmac_scd_add_scd_incr_vmul_cm_core_Y_QX
    _  VADDMSC_vaddmac_scd_add_scd_incr_vmul_cm_core_Y_R
    _  VADDMSC_vaddmac_scd_add_scd_incr_vmul_cm_core_Y_X
    _  VADDMSC_vaddmac_scd_add_scd_incr_vmul_cm_core_Y_Y
    _  VADDMSC_vaddmac_scd_add_scd_noincr_vmul_cm_core_X_QX
    _  VADDMSC_vaddmac_scd_add_scd_noincr_vmul_cm_core_X_QY
    _  VADDMSC_vaddmac_scd_add_scd_noincr_vmul_cm_core_X_R
    _  VADDMSC_vaddmac_scd_add_scd_noincr_vmul_cm_core_X_X
    _  VADDMSC_vaddmac_scd_add_scd_noincr_vmul_cm_core_X_Y
    _  VADDMSC_vaddmac_scd_add_scd_noincr_vmul_cm_core_Y_QX
    _  VADDMSC_vaddmac_scd_add_scd_noincr_vmul_cm_core_Y_R
    _  VADDMSC_vaddmac_scd_add_scd_noincr_vmul_cm_core_Y_X
    _  VADDMSC_vaddmac_scd_add_scd_noincr_vmul_cm_core_Y_Y
    _  VADDMSC_vaddmac_scd_half_add_scd_incr_half_vmul_cm_half_core_X_QX
    _  VADDMSC_vaddmac_scd_half_add_scd_incr_half_vmul_cm_half_core_X_R
    _  VADDMSC_vaddmac_scd_half_add_scd_incr_half_vmul_cm_half_core_X_X
    _  VADDMSC_vaddmac_scd_half_add_scd_noincr_half_vmul_cm_half_core_X_QX
    _  VADDMSC_vaddmac_scd_half_add_scd_noincr_half_vmul_cm_half_core_X_R
    _  VADDMSC_vaddmac_scd_half_add_scd_noincr_half_vmul_cm_half_core_X_X
    _  VADDMSC_vaddmac_vmul_cm_core_X_QX
    _  VADDMSC_vaddmac_vmul_cm_core_X_QY
    _  VADDMSC_vaddmac_vmul_cm_core_X_R
    _  VADDMSC_vaddmac_vmul_cm_core_X_X
    _  VADDMSC_vaddmac_vmul_cm_core_X_Y
    _  VADDMSC_vaddmac_vmul_cm_core_Y_QX
    _  VADDMSC_vaddmac_vmul_cm_core_Y_R
    _  VADDMSC_vaddmac_vmul_cm_core_Y_X
    _  VADDMSC_vaddmac_vmul_cm_core_Y_Y
    _  VADD_f_vacc_fp
    _  VADD_f_vacc_fp_scd_add_scd_incr
    _  VADD_f_vacc_fp_scd_add_scd_noincr
    _  VADD_f_vacc_half_fp
    _  VADD_f_vacc_half_fp_scd_add_scd_incr_half
    _  VADD_f_vacc_half_fp_scd_add_scd_noincr_half
    _  VADD_mx6_vacc_fp_bfp13
    _  VADD_mx6_vacc_fp_bfp13_scd_add_scd_incr
    _  VADD_mx6_vacc_fp_bfp13_scd_add_scd_noincr
    _  VADD_mx6_vacc_half_fp_bfp13
    _  VADD_mx6_vacc_half_fp_bfp13_scd_add_scd_incr_half
    _  VADD_mx6_vacc_half_fp_bfp13_scd_add_scd_noincr_half
    _  VADD_vacc
    _  VADD_vacc_half
    _  VADD_vacc_scd_add_scd_incr
    _  VADD_vacc_scd_add_scd_noincr
    _  VADD_vacc_scd_half_add_scd_incr_half
    _  VADD_vacc_scd_half_add_scd_noincr_half
    _  VCLR_f_vclr_fp
    _  VCLR_f_vclr_half_fp
    _  VCLR_vclr
    _  VCLR_vclr_half
    _  VMAC_f_vmac_bf_half_vmul_bf_core_X_R
    _  VMAC_f_vmac_bf_half_vmul_bf_core_X_Y
    _  VMAC_f_vmac_bf_half_vmul_bf_core_Y_QY
    _  VMAC_f_vmac_bf_half_vmul_bf_half_core_X_X
    _  VMAC_f_vmac_bf_vmul_bf_core_X_QY
    _  VMAC_f_vmac_bf_vmul_bf_core_X_X
    _  VMAC_f_vmac_bf_vmul_bf_core_Y_R
    _  VMAC_f_vmac_bf_vmul_bf_core_Y_Y
    _  VMAC_f_vmac_bfp13
    _  VMAC_f_vmac_bfp16
    _  VMAC_vmac_half_vmul_cm_half_core_X_QX
    _  VMAC_vmac_half_vmul_cm_half_core_X_R
    _  VMAC_vmac_half_vmul_cm_half_core_X_X
    _  VMAC_vmac_vmul_cm_core_X_QX
    _  VMAC_vmac_vmul_cm_core_X_QY
    _  VMAC_vmac_vmul_cm_core_X_R
    _  VMAC_vmac_vmul_cm_core_X_X
    _  VMAC_vmac_vmul_cm_core_X_Y
    _  VMAC_vmac_vmul_cm_core_Y_QX
    _  VMAC_vmac_vmul_cm_core_Y_R
    _  VMAC_vmac_vmul_cm_core_Y_X
    _  VMAC_vmac_vmul_cm_core_Y_Y
    _  VMOV_D_vmov
    _  VMOV_D_vmov_half
    _  VMSC_f_vmac_bf_half_vmul_bf_core_X_R
    _  VMSC_f_vmac_bf_half_vmul_bf_core_X_Y
    _  VMSC_f_vmac_bf_half_vmul_bf_core_Y_QY
    _  VMSC_f_vmac_bf_half_vmul_bf_half_core_X_X
    _  VMSC_f_vmac_bf_vmul_bf_core_X_QY
    _  VMSC_f_vmac_bf_vmul_bf_core_X_X
    _  VMSC_f_vmac_bf_vmul_bf_core_Y_R
    _  VMSC_f_vmac_bf_vmul_bf_core_Y_Y
    _  VMSC_f_vmac_bfp13
    _  VMSC_f_vmac_bfp16
    _  VMSC_vmac_half_vmul_cm_half_core_X_QX
    _  VMSC_vmac_half_vmul_cm_half_core_X_R
    _  VMSC_vmac_half_vmul_cm_half_core_X_X
    _  VMSC_vmac_vmul_cm_core_X_QX
    _  VMSC_vmac_vmul_cm_core_X_QY
    _  VMSC_vmac_vmul_cm_core_X_R
    _  VMSC_vmac_vmul_cm_core_X_X
    _  VMSC_vmac_vmul_cm_core_X_Y
    _  VMSC_vmac_vmul_cm_core_Y_QX
    _  VMSC_vmac_vmul_cm_core_Y_R
    _  VMSC_vmac_vmul_cm_core_Y_X
    _  VMSC_vmac_vmul_cm_core_Y_Y
    _  VMUL_f_vmul_bf_half_vmul_bf_core_X_R
    _  VMUL_f_vmul_bf_half_vmul_bf_core_X_Y
    _  VMUL_f_vmul_bf_half_vmul_bf_core_Y_QY
    _  VMUL_f_vmul_bf_half_vmul_bf_half_core_X_X
    _  VMUL_f_vmul_bf_vmul_bf_core_X_QY
    _  VMUL_f_vmul_bf_vmul_bf_core_X_X
    _  VMUL_f_vmul_bf_vmul_bf_core_Y_R
    _  VMUL_f_vmul_bf_vmul_bf_core_Y_Y
    _  VMUL_f_vmul_bfp13
    _  VMUL_f_vmul_bfp16
    _  VMUL_vmul_half_vmul_cm_half_core_X_QX
    _  VMUL_vmul_half_vmul_cm_half_core_X_R
    _  VMUL_vmul_half_vmul_cm_half_core_X_X
    _  VMUL_vmul_vmul_cm_core_X_QX
    _  VMUL_vmul_vmul_cm_core_X_QY
    _  VMUL_vmul_vmul_cm_core_X_R
    _  VMUL_vmul_vmul_cm_core_X_X
    _  VMUL_vmul_vmul_cm_core_X_Y
    _  VMUL_vmul_vmul_cm_core_Y_QX
    _  VMUL_vmul_vmul_cm_core_Y_R
    _  VMUL_vmul_vmul_cm_core_Y_X
    _  VMUL_vmul_vmul_cm_core_Y_Y
    _  VNEGMUL_f_vmul_bf_half_vmul_bf_core_X_R
    _  VNEGMUL_f_vmul_bf_half_vmul_bf_core_X_Y
    _  VNEGMUL_f_vmul_bf_half_vmul_bf_core_Y_QY
    _  VNEGMUL_f_vmul_bf_half_vmul_bf_half_core_X_X
    _  VNEGMUL_f_vmul_bf_vmul_bf_core_X_QY
    _  VNEGMUL_f_vmul_bf_vmul_bf_core_X_X
    _  VNEGMUL_f_vmul_bf_vmul_bf_core_Y_R
    _  VNEGMUL_f_vmul_bf_vmul_bf_core_Y_Y
    _  VNEGMUL_f_vmul_bfp13
    _  VNEGMUL_f_vmul_bfp16
    _  VNEGMUL_vmul_half_vmul_cm_half_core_X_QX
    _  VNEGMUL_vmul_half_vmul_cm_half_core_X_R
    _  VNEGMUL_vmul_half_vmul_cm_half_core_X_X
    _  VNEGMUL_vmul_vmul_cm_core_X_QX
    _  VNEGMUL_vmul_vmul_cm_core_X_QY
    _  VNEGMUL_vmul_vmul_cm_core_X_R
    _  VNEGMUL_vmul_vmul_cm_core_X_X
    _  VNEGMUL_vmul_vmul_cm_core_X_Y
    _  VNEGMUL_vmul_vmul_cm_core_Y_QX
    _  VNEGMUL_vmul_vmul_cm_core_Y_R
    _  VNEGMUL_vmul_vmul_cm_core_Y_X
    _  VNEGMUL_vmul_vmul_cm_core_Y_Y
    _  VNEG_f_vneg_fp
    _  VNEG_f_vneg_half_fp
    _  VNEG_mx6_vneg_fp_bfp13
    _  VNEG_mx6_vneg_half_fp_bfp13
    _  VNEG_vneg
    _  VNEG_vneg_half
    _  VSUB_f_vacc_fp
    _  VSUB_f_vacc_fp_scd_add_scd_incr
    _  VSUB_f_vacc_fp_scd_add_scd_noincr
    _  VSUB_f_vacc_half_fp
    _  VSUB_f_vacc_half_fp_scd_add_scd_incr_half
    _  VSUB_f_vacc_half_fp_scd_add_scd_noincr_half
    _  VSUB_mx6_vacc_fp_bfp13
    _  VSUB_mx6_vacc_fp_bfp13_scd_add_scd_incr
    _  VSUB_mx6_vacc_fp_bfp13_scd_add_scd_noincr
    _  VSUB_mx6_vacc_half_fp_bfp13
    _  VSUB_mx6_vacc_half_fp_bfp13_scd_add_scd_incr_half
    _  VSUB_mx6_vacc_half_fp_bfp13_scd_add_scd_noincr_half
    _  VSUB_vacc
    _  VSUB_vacc_half
    _  VSUB_vacc_scd_add_scd_incr
    _  VSUB_vacc_scd_add_scd_noincr
    _  VSUB_vacc_scd_half_add_scd_incr_half
    _  VSUB_vacc_scd_half_add_scd_noincr_half
warning: Decoding conflict encountered
[49/542] Building AIE2PSGenFormats.inc...
[50/542] Building AIE2PSGenCallingConv.inc...
[51/542] Building AIE2PSGenPreSchedLowering.inc...
[52/542] Building AIEGenDisassemblerTables.inc...
[53/542] Building AIE2PSGenAsmWriter.inc...
[54/542] Building AIEGenAsmWriter.inc...
[55/542] Building AIE2PSGenVarInstructionItin.inc...
[56/542] Building AIEGenAsmMatcher.inc...
[57/542] Building AIE2PSGenMCCodeEmitter.inc...
[58/542] Building AIEGenCallingConv.inc...
[59/542] Building AIE2PGenInstrInfo.inc...
[60/542] Building AArch64TargetParserDef.inc...
[61/541] Building AIEGenMCCodeEmitter.inc...
[62/541] Building AIEGenFormats.inc...
[63/541] Building AIE2PSGenSplitInstrTables.inc...
[64/541] Building AIEGenMCPseudoLowering.inc...
[65/541] Building AIEGenSubtargetInfo.inc...
[66/541] Building AIE2PSGenSubtargetInfo.inc...
[67/541] Building AIEGenRegisterInfo.inc...
[68/541] Building AIEGenRegisterBank.inc...
[69/541] Building AIEGenInstrInfo.inc...
[70/541] Building AIE2PSGenRegisterInfo.inc...
[71/541] Building AIE2PSGenInstrInfo.inc...
[72/541] Building AIE2PSGenMemoryCycles.inc...
[73/541] Building AIE2PSGenRegisterBank.inc...
[74/541] Building RISCVTargetParserDef.inc...
[75/538] Building CXX object lib/CodeGen/CMakeFiles/LLVMCodeGen.dir/EdgeBundles.cpp.o
[76/538] Building CXX object lib/CodeGen/CMakeFiles/LLVMCodeGen.dir/DeadMachineInstructionElim.cpp.o
[77/538] Building CXX object lib/CodeGen/CMakeFiles/LLVMCodeGen.dir/EHContGuardTargets.cpp.o
[78/538] Building CXX object lib/CodeGen/CMakeFiles/LLVMCodeGen.dir/FEntryInserter.cpp.o
[79/538] Building CXX object lib/CodeGen/CMakeFiles/LLVMCodeGen.dir/AllocationOrder.cpp.o
[80/538] Building CXX object lib/CodeGen/CMakeFiles/LLVMCodeGen.dir/DetectDeadLanes.cpp.o
[81/538] Building CXX object lib/CodeGen/CMakeFiles/LLVMCodeGen.dir/CFGuardLongjmp.cpp.o
[82/538] Building CXX object lib/CodeGen/CMakeFiles/LLVMCodeGen.dir/ExpandPostRAPseudos.cpp.o
[83/538] Building CXX object lib/CodeGen/CMakeFiles/LLVMCodeGen.dir/DroppedVariableStatsMIR.cpp.o
[84/538] Building CXX object lib/CodeGen/CMakeFiles/LLVMCodeGen.dir/FaultMaps.cpp.o
[85/538] Building CXX object lib/CodeGen/CMakeFiles/LLVMCodeGen.dir/BasicBlockPathCloning.cpp.o
[86/538] Building CXX object lib/CodeGen/CMakeFiles/LLVMCodeGen.dir/ExecutionDomainFix.cpp.o
[87/538] Building CXX object lib/CodeGen/CMakeFiles/LLVMCodeGen.dir/BreakFalseDeps.cpp.o
[88/538] Building CXX object lib/CodeGen/CMakeFiles/LLVMCodeGen.dir/CallingConvLower.cpp.o
[89/538] Building CXX object lib/CodeGen/CMakeFiles/LLVMCodeGen.dir/BranchRelaxation.cpp.o
[90/538] Building CXX object lib/CodeGen/CMakeFiles/LLVMCodeGen.dir/CodeGenCommonISel.cpp.o
[91/538] Building CXX object lib/CodeGen/CMakeFiles/LLVMCodeGen.dir/FinalizeISel.cpp.o
[92/538] Building CXX object lib/CodeGen/CMakeFiles/LLVMCodeGen.dir/CalcSpillWeights.cpp.o
[93/538] Building CXX object lib/CodeGen/CMakeFiles/LLVMCodeGen.dir/BasicBlockMatchingAndInference.cpp.o
[94/538] Building CXX object lib/CodeGen/CMakeFiles/LLVMCodeGen.dir/CFIFixup.cpp.o
[95/538] Building CXX object lib/CodeGen/CMakeFiles/LLVMCodeGen.dir/BasicBlockSections.cpp.o
[96/538] Building CXX object lib/CodeGen/CMakeFiles/LLVMCodeGen.dir/CFIInstrInserter.cpp.o
[97/538] Building CXX object lib/CodeGen/CMakeFiles/LLVMCodeGen.dir/EarlyIfConversion.cpp.o
[98/538] Building CXX object lib/CodeGen/CMakeFiles/LLVMCodeGen.dir/CriticalAntiDepBreaker.cpp.o
[99/538] Building CXX object lib/CodeGen/CMakeFiles/LLVMCodeGen.dir/FuncletLayout.cpp.o
[100/538] Building CXX object lib/CodeGen/CMakeFiles/LLVMCodeGen.dir/DFAPacketizer.cpp.o
[101/538] Building CXX object lib/CodeGen/CMakeFiles/LLVMCodeGen.dir/Analysis.cpp.o
[102/538] Building CXX object lib/CodeGen/CMakeFiles/LLVMCodeGen.dir/LazyMachineBlockFrequencyInfo.cpp.o
[103/538] Building CXX object lib/CodeGen/CMakeFiles/LLVMCodeGen.dir/DwarfEHPrepare.cpp.o
[104/538] Building CXX object lib/CodeGen/CMakeFiles/LLVMCodeGen.dir/InterferenceCache.cpp.o
[105/538] Building CXX object lib/CodeGen/CMakeFiles/LLVMCodeGen.dir/InitUndef.cpp.o
[106/538] Building CXX object lib/CodeGen/CMakeFiles/LLVMCodeGen.dir/MachineFunctionAnalysis.cpp.o
[107/538] Building CXX object lib/CodeGen/CMakeFiles/LLVMCodeGen.dir/AggressiveAntiDepBreaker.cpp.o
[108/538] Building CXX object lib/CodeGen/CMakeFiles/LLVMCodeGen.dir/ImplicitNullChecks.cpp.o
[109/538] Building CXX object lib/CodeGen/CMakeFiles/LLVMCodeGen.dir/ExpandIRInsts.cpp.o
[110/538] Building CXX object lib/CodeGen/CMakeFiles/LLVMCodeGen.dir/BranchFolding.cpp.o
[111/538] Building CXX object lib/CodeGen/CMakeFiles/LLVMCodeGen.dir/AtomicExpandPass.cpp.o
[112/538] Building CXX object lib/CodeGen/CMakeFiles/LLVMCodeGen.dir/LiveIntervalUnion.cpp.o
[113/538] Building CXX object lib/CodeGen/CMakeFiles/LLVMCodeGen.dir/LatencyPriorityQueue.cpp.o
[114/538] Building CXX object lib/CodeGen/CMakeFiles/LLVMCodeGen.dir/LivePhysRegs.cpp.o
[115/538] Building CXX object lib/CodeGen/CMakeFiles/LLVMCodeGen.dir/InsertCodePrefetch.cpp.o
[116/538] Building CXX object lib/CodeGen/CMakeFiles/LLVMCodeGen.dir/LowLevelTypeUtils.cpp.o
[117/538] Building CXX object lib/CodeGen/CMakeFiles/LLVMCodeGen.dir/LiveRangeCalc.cpp.o
[118/538] Building CXX object lib/CodeGen/CMakeFiles/LLVMCodeGen.dir/LiveIntervalCalc.cpp.o
[119/538] Building CXX object lib/CodeGen/CMakeFiles/LLVMCodeGen.dir/LexicalScopes.cpp.o
[120/538] Building CXX object lib/CodeGen/CMakeFiles/LLVMCodeGen.dir/ComplexDeinterleavingPass.cpp.o
[121/538] Building CXX object lib/CodeGen/CMakeFiles/LLVMCodeGen.dir/LoopTraversal.cpp.o
[122/538] Building CXX object lib/CodeGen/CMakeFiles/LLVMCodeGen.dir/KCFI.cpp.o
[123/538] Building CXX object lib/CodeGen/CMakeFiles/LLVMCodeGen.dir/FixupStatepointCallerSaved.cpp.o
[124/538] Building CXX object lib/CodeGen/CMakeFiles/LLVMCodeGen.dir/LiveRegMatrix.cpp.o
[125/538] Building CXX object lib/CodeGen/CMakeFiles/LLVMCodeGen.dir/LiveInterval.cpp.o
[126/538] Building CXX object lib/CodeGen/CMakeFiles/LLVMCodeGen.dir/GCRootLowering.cpp.o
[127/538] Building CXX object lib/CodeGen/CMakeFiles/LLVMCodeGen.dir/LiveRegUnits.cpp.o
[128/538] Building CXX object lib/CodeGen/CMakeFiles/LLVMCodeGen.dir/LiveRangeShrink.cpp.o
[129/538] Building CXX object lib/CodeGen/CMakeFiles/LLVMCodeGen.dir/InlineSpiller.cpp.o
[130/538] Building CXX object lib/CodeGen/CMakeFiles/LLVMCodeGen.dir/LiveStacks.cpp.o
[131/538] Building CXX object lib/CodeGen/CMakeFiles/LLVMCodeGen.dir/MachineBranchProbabilityInfo.cpp.o
[132/538] Building CXX object lib/CodeGen/CMakeFiles/LLVMCodeGen.dir/LiveRangeEdit.cpp.o
[133/538] Building CXX object lib/CodeGen/CMakeFiles/LLVMCodeGen.dir/BasicTargetTransformInfo.cpp.o
[134/538] Building CXX object lib/CodeGen/CMakeFiles/LLVMCodeGen.dir/LocalStackSlotAllocation.cpp.o
[135/538] Building CXX object lib/CodeGen/CMakeFiles/LLVMCodeGen.dir/IfConversion.cpp.o
[136/538] Building CXX object lib/CodeGen/CMakeFiles/LLVMCodeGen.dir/MachineBlockHashInfo.cpp.o
[137/538] Building CXX object lib/CodeGen/CMakeFiles/LLVMCodeGen.dir/LiveIntervals.cpp.o
[138/538] Building CXX object lib/CodeGen/CMakeFiles/LLVMCodeGen.dir/InterleavedLoadCombinePass.cpp.o
[139/538] Building CXX object lib/CodeGen/CMakeFiles/LLVMCodeGen.dir/LiveVariables.cpp.o
[140/538] Building CXX object lib/CodeGen/CMakeFiles/LLVMCodeGen.dir/InterleavedAccessPass.cpp.o
[141/538] Building CXX object lib/CodeGen/CMakeFiles/LLVMCodeGen.dir/MachineFunctionPrinterPass.cpp.o
[142/538] Building CXX object lib/CodeGen/CMakeFiles/LLVMCodeGen.dir/MachineCFGPrinter.cpp.o
[143/538] Building CXX object lib/CodeGen/CMakeFiles/LLVMCodeGen.dir/MachineDominanceFrontier.cpp.o
[144/538] Building CXX object lib/CodeGen/CMakeFiles/LLVMCodeGen.dir/MachineCombiner.cpp.o
[145/538] Building CXX object lib/CodeGen/CMakeFiles/LLVMCodeGen.dir/MachineFrameInfo.cpp.o
[146/538] Building CXX object lib/CodeGen/CMakeFiles/LLVMCodeGen.dir/MachineCheckDebugify.cpp.o
[147/538] Building CXX object lib/CodeGen/CMakeFiles/LLVMCodeGen.dir/MachineBlockFrequencyInfo.cpp.o
[148/538] Building CXX object lib/CodeGen/CMakeFiles/LLVMCodeGen.dir/MachineConvergenceVerifier.cpp.o
[149/538] Building CXX object lib/CodeGen/CMakeFiles/LLVMCodeGen.dir/MachineDomTreeUpdater.cpp.o
[150/538] Building CXX object lib/CodeGen/CMakeFiles/LLVMCodeGen.dir/MachineCycleAnalysis.cpp.o
[151/538] Building CXX object lib/CodeGen/CMakeFiles/LLVMCodeGen.dir/MachineIDFSSAUpdater.cpp.o
[152/538] Building CXX object lib/CodeGen/CMakeFiles/LLVMCodeGen.dir/MachineCSE.cpp.o
[153/538] Building CXX object lib/CodeGen/CMakeFiles/LLVMCodeGen.dir/MachineLoopUtils.cpp.o
[154/538] Building CXX object lib/CodeGen/CMakeFiles/LLVMCodeGen.dir/LiveDebugVariables.cpp.o
[155/538] Building CXX object lib/CodeGen/CMakeFiles/LLVMCodeGen.dir/MachineInstrBundle.cpp.o
[156/538] Building CXX object lib/CodeGen/CMakeFiles/LLVMCodeGen.dir/MachineModuleSlotTracker.cpp.o
[157/538] Building CXX object lib/CodeGen/CMakeFiles/LLVMCodeGen.dir/MachineOptimizationRemarkEmitter.cpp.o
[158/538] Building CXX object lib/CodeGen/CMakeFiles/LLVMCodeGen.dir/MachineDominators.cpp.o
[159/538] Building CXX object lib/CodeGen/CMakeFiles/LLVMCodeGen.dir/MachineLateInstrsCleanup.cpp.o
[160/538] Building CXX object lib/CodeGen/CMakeFiles/LLVMCodeGen.dir/MachineCopyPropagation.cpp.o
[161/538] Building CXX object lib/CodeGen/CMakeFiles/LLVMCodeGen.dir/MachineDebugify.cpp.o
[162/538] Building CXX object lib/CodeGen/CMakeFiles/LLVMCodeGen.dir/MachineFunctionPass.cpp.o
[163/538] Building CXX object lib/CodeGen/CMakeFiles/LLVMCodeGen.dir/MachineFunctionSplitter.cpp.o
[164/538] Building CXX object lib/CodeGen/CMakeFiles/LLVMCodeGen.dir/MachineModuleInfo.cpp.o
[165/538] Building CXX object lib/CodeGen/CMakeFiles/LLVMCodeGen.dir/MachineBasicBlock.cpp.o
[166/538] Building CXX object lib/CodeGen/CMakeFiles/LLVMCodeGen.dir/MachineLoopInfo.cpp.o
[167/538] Building CXX object lib/CodeGen/CMakeFiles/LLVMCodeGen.dir/MachineSizeOpts.cpp.o
[168/538] Building CXX object lib/CodeGen/CMakeFiles/LLVMCodeGen.dir/MachineSSAContext.cpp.o
[169/538] Building CXX object lib/CodeGen/CMakeFiles/LLVMCodeGen.dir/MachineRegisterInfo.cpp.o
[170/538] Building CXX object lib/CodeGen/CMakeFiles/LLVMCodeGen.dir/MachineOperand.cpp.o
[171/538] Building CXX object lib/CodeGen/CMakeFiles/LLVMCodeGen.dir/MachinePassManager.cpp.o
[172/538] Building CXX object lib/CodeGen/CMakeFiles/LLVMCodeGen.dir/MBFIWrapper.cpp.o
[173/538] Building CXX object lib/CodeGen/CMakeFiles/LLVMCodeGen.dir/CodeGenTargetMachineImpl.cpp.o
[174/538] Building CXX object lib/CodeGen/CMakeFiles/LLVMCodeGen.dir/MachinePostDominators.cpp.o
[175/538] Building CXX object lib/CodeGen/CMakeFiles/LLVMCodeGen.dir/MIRYamlMapping.cpp.o
[176/538] Building CXX object lib/CodeGen/CMakeFiles/LLVMCodeGen.dir/MachineStripDebug.cpp.o
[177/538] Building CXX object lib/CodeGen/CMakeFiles/LLVMCodeGen.dir/MachineRegionInfo.cpp.o
[178/538] Building CXX object lib/CodeGen/CMakeFiles/LLVMCodeGen.dir/PatchableFunction.cpp.o
[179/538] Building CXX object lib/CodeGen/CMakeFiles/LLVMCodeGen.dir/MachineLICM.cpp.o
[180/538] Building CXX object lib/CodeGen/CMakeFiles/LLVMCodeGen.dir/MachineSSAUpdater.cpp.o
[181/538] Building CXX object lib/CodeGen/CMakeFiles/LLVMCodeGen.dir/MIRPrintingPass.cpp.o
[182/538] Building CXX object lib/CodeGen/CMakeFiles/LLVMCodeGen.dir/MachineTraceMetrics.cpp.o
[183/538] Building CXX object lib/CodeGen/CMakeFiles/LLVMCodeGen.dir/MLRegAllocPriorityAdvisor.cpp.o
[184/538] Building CXX object lib/CodeGen/CMakeFiles/LLVMCodeGen.dir/OptimizePHIs.cpp.o
[185/538] Building CXX object lib/CodeGen/CMakeFiles/LLVMCodeGen.dir/MachineInstr.cpp.o
[186/538] Building CXX object lib/CodeGen/CMakeFiles/LLVMCodeGen.dir/PHIEliminationUtils.cpp.o
[187/538] Building CXX object lib/CodeGen/CMakeFiles/LLVMCodeGen.dir/MachineFunction.cpp.o
[188/538] Building CXX object lib/CodeGen/CMakeFiles/LLVMCodeGen.dir/MIRFSDiscriminator.cpp.o
[189/538] Building CXX object lib/CodeGen/CMakeFiles/LLVMCodeGen.dir/MachineBlockPlacement.cpp.o
[190/538] Building CXX object lib/CodeGen/CMakeFiles/LLVMCodeGen.dir/CodeGenPrepare.cpp.o
[191/538] Building CXX object lib/CodeGen/CMakeFiles/LLVMCodeGen.dir/PostRAHazardRecognizer.cpp.o
[192/538] Building CXX object lib/CodeGen/CMakeFiles/LLVMCodeGen.dir/MacroFusion.cpp.o
[193/538] Building CXX object lib/CodeGen/CMakeFiles/LLVMCodeGen.dir/MachineUniformityAnalysis.cpp.o
[194/538] Building CXX object lib/CodeGen/CMakeFiles/LLVMCodeGen.dir/ProcessImplicitDefs.cpp.o
[195/538] Building CXX object lib/CodeGen/CMakeFiles/LLVMCodeGen.dir/MLRegAllocEvictAdvisor.cpp.o
[196/538] Building CXX object lib/CodeGen/CMakeFiles/LLVMCodeGen.dir/PseudoSourceValue.cpp.o
[197/538] Building CXX object lib/CodeGen/CMakeFiles/LLVMCodeGen.dir/MIR2Vec.cpp.o
[198/538] Building CXX object lib/CodeGen/CMakeFiles/LLVMCodeGen.dir/RDFRegisters.cpp.o
[199/538] Building CXX object lib/CodeGen/CMakeFiles/LLVMCodeGen.dir/MachineOutliner.cpp.o
[200/538] Building CXX object lib/CodeGen/CMakeFiles/LLVMCodeGen.dir/PeepholeOptimizer.cpp.o
[201/538] Building CXX object lib/CodeGen/CMakeFiles/LLVMCodeGen.dir/PHIElimination.cpp.o
[202/538] Building CXX object lib/CodeGen/CMakeFiles/LLVMCodeGen.dir/RegAllocScore.cpp.o
[203/538] Building CXX object lib/CodeGen/CMakeFiles/LLVMCodeGen.dir/RegAllocBase.cpp.o
[204/538] Building CXX object lib/CodeGen/CMakeFiles/LLVMCodeGen.dir/RegAllocEvictionAdvisor.cpp.o
[205/538] Building CXX object lib/CodeGen/CMakeFiles/LLVMCodeGen.dir/MIRSampleProfile.cpp.o
[206/538] Building CXX object lib/CodeGen/CMakeFiles/LLVMCodeGen.dir/GCEmptyBasicBlocks.cpp.o
[207/538] Building CXX object lib/CodeGen/CMakeFiles/LLVMCodeGen.dir/PseudoProbeInserter.cpp.o
[208/538] Building CXX object lib/CodeGen/CMakeFiles/LLVMCodeGen.dir/RegAllocBasic.cpp.o
[209/538] Building CXX object lib/CodeGen/CMakeFiles/LLVMCodeGen.dir/RegisterClassInfo.cpp.o
[210/538] Building CXX object lib/CodeGen/CMakeFiles/LLVMCodeGen.dir/RegAllocPriorityAdvisor.cpp.o
[211/538] Building CXX object lib/CodeGen/CMakeFiles/LLVMCodeGen.dir/PostRASchedulerList.cpp.o
[212/538] Building CXX object lib/CodeGen/CMakeFiles/LLVMCodeGen.dir/MIRNamerPass.cpp.o
[213/538] Building CXX object lib/CodeGen/CMakeFiles/LLVMCodeGen.dir/MachineSink.cpp.o
[214/538] Building CXX object lib/CodeGen/CMakeFiles/LLVMCodeGen.dir/ReachingDefAnalysis.cpp.o
[215/538] Building CXX object lib/CodeGen/CMakeFiles/LLVMCodeGen.dir/RegisterBank.cpp.o
[216/538] Building CXX object lib/CodeGen/CMakeFiles/LLVMCodeGen.dir/MachineScheduler.cpp.o
[217/538] Building CXX object lib/CodeGen/CMakeFiles/LLVMCodeGen.dir/MachineStableHash.cpp.o
[218/538] Building CXX object lib/CodeGen/CMakeFiles/LLVMCodeGen.dir/ModuloSchedule.cpp.o
[219/538] Building CXX object lib/CodeGen/CMakeFiles/LLVMCodeGen.dir/RegisterScavenging.cpp.o
[220/538] Building CXX object lib/CodeGen/CMakeFiles/LLVMCodeGen.dir/MachineVerifier.cpp.o
[221/538] Building CXX object lib/CodeGen/CMakeFiles/LLVMCodeGen.dir/PrologEpilogInserter.cpp.o
[222/538] Building CXX object lib/CodeGen/CMakeFiles/LLVMCodeGen.dir/MIRVRegNamerUtils.cpp.o
[223/538] Building CXX object lib/CodeGen/CMakeFiles/LLVMCodeGen.dir/PreISelIntrinsicLowering.cpp.o
[224/538] Building CXX object lib/CodeGen/CMakeFiles/LLVMCodeGen.dir/RemoveRedundantDebugValues.cpp.o
[225/538] Building CXX object lib/CodeGen/CMakeFiles/LLVMCodeGen.dir/RDFLiveness.cpp.o
[226/538] Building CXX object lib/CodeGen/CMakeFiles/LLVMCodeGen.dir/RegAllocFast.cpp.o
[227/538] Building CXX object lib/CodeGen/CMakeFiles/LLVMCodeGen.dir/RenameIndependentSubregs.cpp.o
[228/538] Building CXX object lib/CodeGen/CMakeFiles/LLVMCodeGen.dir/RegisterPressure.cpp.o
[229/538] Building CXX object lib/CodeGen/CMakeFiles/LLVMCodeGen.dir/RDFGraph.cpp.o
[230/538] Building CXX object lib/CodeGen/CMakeFiles/LLVMCodeGen.dir/RegUsageInfoCollector.cpp.o
[231/538] Building CXX object lib/CodeGen/CMakeFiles/LLVMCodeGen.dir/RegisterUsageInfo.cpp.o
[232/538] Building CXX object lib/CodeGen/CMakeFiles/LLVMCodeGen.dir/MIRCanonicalizerPass.cpp.o
[233/538] Building CXX object lib/CodeGen/CMakeFiles/LLVMCodeGen.dir/RemoveLoadsIntoFakeUses.cpp.o
[234/538] Building CXX object lib/CodeGen/CMakeFiles/LLVMCodeGen.dir/RegUsageInfoPropagate.cpp.o
[235/538] Building CXX object lib/CodeGen/CMakeFiles/LLVMCodeGen.dir/ResetMachineFunctionPass.cpp.o
[236/538] Building CXX object lib/CodeGen/CMakeFiles/LLVMCodeGen.dir/MIRPrinter.cpp.o
[237/538] Building CXX object lib/CodeGen/CMakeFiles/LLVMCodeGen.dir/RegisterBankInfo.cpp.o
[238/538] Building CXX object lib/CodeGen/CMakeFiles/LLVMCodeGen.dir/Rematerializer.cpp.o
[239/538] Building CXX object lib/CodeGen/CMakeFiles/LLVMCodeGen.dir/SpillPlacement.cpp.o
[240/538] Building CXX object lib/CodeGen/CMakeFiles/LLVMCodeGen.dir/RegAllocPBQP.cpp.o
[241/538] Building CXX object lib/CodeGen/CMakeFiles/LLVMCodeGen.dir/SanitizerBinaryMetadata.cpp.o
[242/538] Building CXX object lib/CodeGen/CMakeFiles/LLVMCodeGen.dir/SlotIndexes.cpp.o
[243/538] Building CXX object lib/CodeGen/CMakeFiles/LLVMCodeGen.dir/StackMapLivenessAnalysis.cpp.o
[244/538] Building CXX object lib/CodeGen/CMakeFiles/LLVMCodeGen.dir/ScheduleDAGPrinter.cpp.o
[245/538] Building CXX object lib/CodeGen/CMakeFiles/LLVMCodeGen.dir/ScoreboardHazardRecognizer.cpp.o
[246/538] Building CXX object lib/CodeGen/CMakeFiles/LLVMCodeGen.dir/RegisterCoalescer.cpp.o
[247/538] Building CXX object lib/CodeGen/CMakeFiles/LLVMCodeGen.dir/ScheduleDAG.cpp.o
[248/538] Building CXX object lib/CodeGen/CMakeFiles/LLVMCodeGen.dir/StaticDataSplitter.cpp.o
[249/538] Building CXX object lib/CodeGen/CMakeFiles/LLVMCodeGen.dir/MachinePipeliner.cpp.o
[250/538] Building CXX object lib/CodeGen/CMakeFiles/LLVMCodeGen.dir/RegAllocGreedy.cpp.o
[251/538] Building CXX object lib/CodeGen/CMakeFiles/LLVMCodeGen.dir/TargetOptionsImpl.cpp.o
[252/538] Building CXX object lib/CodeGen/CMakeFiles/LLVMCodeGen.dir/TailDuplication.cpp.o
[253/538] Building CXX object lib/CodeGen/CMakeFiles/LLVMCodeGen.dir/ValueTypes.cpp.o
[254/538] Building CXX object lib/CodeGen/CMakeFiles/LLVMCodeGen.dir/StackMaps.cpp.o
[255/538] Building CXX object lib/CodeGen/CMakeFiles/LLVMCodeGen.dir/StackSlotColoring.cpp.o
[256/538] Building CXX object lib/CodeGen/CMakeFiles/LLVMCodeGen.dir/StackFrameLayoutAnalysisPass.cpp.o
[257/538] Building CXX object lib/CodeGen/CMakeFiles/LLVMCodeGen.dir/TargetSchedule.cpp.o
[258/538] Building CXX object lib/CodeGen/CMakeFiles/LLVMCodeGen.dir/SwiftErrorValueTracking.cpp.o
[259/538] Building CXX object lib/CodeGen/CMakeFiles/LLVMCodeGen.dir/SwitchLoweringUtils.cpp.o
[260/538] Building CXX object lib/CodeGen/CMakeFiles/LLVMCodeGen.dir/TailDuplicator.cpp.o
[261/538] Building CXX object lib/CodeGen/CMakeFiles/LLVMCodeGen.dir/TargetFrameLoweringImpl.cpp.o
[262/538] Building CXX object lib/CodeGen/CMakeFiles/LLVMCodeGen.dir/SplitKit.cpp.o
[263/538] Building CXX object lib/CodeGen/CMakeFiles/LLVMCodeGen.dir/WasmEHPrepare.cpp.o
[264/538] Building CXX object lib/CodeGen/CMakeFiles/LLVMCodeGen.dir/UnreachableBlockElim.cpp.o
[265/538] Building CXX object lib/CodeGen/CMakeFiles/LLVMCodeGen.dir/SafeStack.cpp.o
[266/538] Building CXX object lib/CodeGen/CMakeFiles/LLVMCodeGen.dir/ShrinkWrap.cpp.o
[267/538] Building CXX object lib/CodeGen/CMakeFiles/LLVMCodeGen.dir/StackColoring.cpp.o
[268/538] Building CXX object lib/CodeGen/CMakeFiles/LLVMCodeGen.dir/ScheduleDAGInstrs.cpp.o
[269/538] Building CXX object lib/CodeGen/CMakeFiles/LLVMCodeGen.dir/XRayInstrumentation.cpp.o
[270/538] Building CXX object lib/CodeGen/CMakeFiles/LLVMCodeGen.dir/TargetRegisterInfo.cpp.o
[271/538] Building CXX object lib/CodeGen/CMakeFiles/LLVMCodeGen.dir/VirtRegMap.cpp.o
[272/538] Building CXX object lib/CodeGen/CMakeFiles/LLVMCodeGen.dir/TargetPassConfig.cpp.o
[273/538] Building CXX object lib/CodeGen/CMakeFiles/LLVMCodeGen.dir/SelectOptimize.cpp.o
[274/538] Building CXX object lib/CodeGen/CMakeFiles/LLVMCodeGen.dir/TargetLoweringObjectFileImpl.cpp.o
[275/538] Building CXX object lib/CodeGen/CMakeFiles/LLVMCodeGen.dir/StackProtector.cpp.o
[276/538] Building CXX object lib/CodeGen/CMakeFiles/LLVMCodeGen.dir/LiveDebugValues/LiveDebugValues.cpp.o
[277/538] Building CXX object lib/CodeGen/CMakeFiles/LLVMCodeGen.dir/TargetInstrInfo.cpp.o
[278/538] Building CXX object lib/CodeGen/CMakeFiles/LLVMCodeGen.dir/TwoAddressInstructionPass.cpp.o
[279/538] Building CXX object lib/CodeGen/CMakeFiles/LLVMCodeGen.dir/WinEHPrepare.cpp.o
[280/538] Building CXX object lib/CodeGen/CMakeFiles/LLVMCodeGen.dir/TypePromotion.cpp.o
[281/538] Building CXX object lib/CodeGen/CMakeFiles/LLVMCodeGen.dir/VLIWMachineScheduler.cpp.o
[282/538] Building CXX object lib/CodeGen/CMakeFiles/LLVMCodeGen.dir/TargetLoweringBase.cpp.o
[283/538] Building CXX object lib/CodeGen/SelectionDAG/CMakeFiles/LLVMSelectionDAG.dir/SelectionDAGTargetInfo.cpp.o
[284/538] Building CXX object lib/CodeGen/SelectionDAG/CMakeFiles/LLVMSelectionDAG.dir/SDNodeInfo.cpp.o
[285/538] Building CXX object lib/CodeGen/SelectionDAG/CMakeFiles/LLVMSelectionDAG.dir/LegalizeTypesGeneric.cpp.o
[286/538] Building CXX object lib/CodeGen/SelectionDAG/CMakeFiles/LLVMSelectionDAG.dir/LegalizeTypes.cpp.o
[287/538] Building CXX object lib/CodeGen/SelectionDAG/CMakeFiles/LLVMSelectionDAG.dir/ScheduleDAGVLIW.cpp.o
[288/538] Building CXX object lib/CodeGen/CMakeFiles/LLVMCodeGen.dir/WindowScheduler.cpp.o
[289/538] Building CXX object lib/CodeGen/SelectionDAG/CMakeFiles/LLVMSelectionDAG.dir/SelectionDAGAddressAnalysis.cpp.o
[290/538] Building CXX object lib/CodeGen/SelectionDAG/CMakeFiles/LLVMSelectionDAG.dir/ResourcePriorityQueue.cpp.o
[291/538] Building CXX object lib/CodeGen/SelectionDAG/CMakeFiles/LLVMSelectionDAG.dir/InstrEmitter.cpp.o
[292/538] Building CXX object lib/CodeGen/AsmPrinter/CMakeFiles/LLVMAsmPrinter.dir/AddressPool.cpp.o
[293/538] Building CXX object lib/CodeGen/SelectionDAG/CMakeFiles/LLVMSelectionDAG.dir/SelectionDAGPrinter.cpp.o
[294/538] Building CXX object lib/CodeGen/SelectionDAG/CMakeFiles/LLVMSelectionDAG.dir/ScheduleDAGFast.cpp.o
[295/538] Building CXX object lib/CodeGen/SelectionDAG/CMakeFiles/LLVMSelectionDAG.dir/FunctionLoweringInfo.cpp.o
[296/538] Building CXX object lib/CodeGen/SelectionDAG/CMakeFiles/LLVMSelectionDAG.dir/FastISel.cpp.o
[297/538] Building CXX object lib/CodeGen/AsmPrinter/CMakeFiles/LLVMAsmPrinter.dir/ARMException.cpp.o
[298/538] Building CXX object lib/CodeGen/AsmPrinter/CMakeFiles/LLVMAsmPrinter.dir/AIXException.cpp.o
[299/538] Building CXX object lib/CodeGen/SelectionDAG/CMakeFiles/LLVMSelectionDAG.dir/ScheduleDAGSDNodes.cpp.o
[300/538] Building CXX object lib/CodeGen/AsmPrinter/CMakeFiles/LLVMAsmPrinter.dir/AsmPrinterDwarf.cpp.o
[301/538] Building CXX object lib/CodeGen/SelectionDAG/CMakeFiles/LLVMSelectionDAG.dir/ScheduleDAGRRList.cpp.o
[302/538] Building CXX object lib/CodeGen/SelectionDAG/CMakeFiles/LLVMSelectionDAG.dir/LegalizeFloatTypes.cpp.o
[303/538] Building CXX object lib/CodeGen/SelectionDAG/CMakeFiles/LLVMSelectionDAG.dir/SelectionDAGDumper.cpp.o
[304/538] Building CXX object lib/CodeGen/SelectionDAG/CMakeFiles/LLVMSelectionDAG.dir/LegalizeVectorOps.cpp.o
[305/538] Building CXX object lib/CodeGen/CMakeFiles/LLVMCodeGen.dir/LiveDebugValues/VarLocBasedImpl.cpp.o
[306/538] Building CXX object lib/CodeGen/AsmPrinter/CMakeFiles/LLVMAsmPrinter.dir/AsmPrinterInlineAsm.cpp.o
[307/538] Building CXX object lib/CodeGen/SelectionDAG/CMakeFiles/LLVMSelectionDAG.dir/LegalizeIntegerTypes.cpp.o
[308/538] Building CXX object lib/CodeGen/AsmPrinter/CMakeFiles/LLVMAsmPrinter.dir/DwarfCFIException.cpp.o
[309/538] Building CXX object lib/CodeGen/AsmPrinter/CMakeFiles/LLVMAsmPrinter.dir/DwarfStringPool.cpp.o
[310/538] Building CXX object lib/CodeGen/SelectionDAG/CMakeFiles/LLVMSelectionDAG.dir/StatepointLowering.cpp.o
[311/538] Building CXX object lib/CodeGen/AsmPrinter/CMakeFiles/LLVMAsmPrinter.dir/ErlangGCPrinter.cpp.o
[312/538] Building CXX object lib/CodeGen/AsmPrinter/CMakeFiles/LLVMAsmPrinter.dir/AccelTable.cpp.o
[313/538] Building CXX object lib/CodeGen/AsmPrinter/CMakeFiles/LLVMAsmPrinter.dir/DebugLocStream.cpp.o
[314/538] Building CXX object lib/CodeGen/SelectionDAG/CMakeFiles/LLVMSelectionDAG.dir/LegalizeDAG.cpp.o
[315/538] Building CXX object lib/CodeGen/AsmPrinter/CMakeFiles/LLVMAsmPrinter.dir/DebugHandlerBase.cpp.o
[316/538] Building CXX object lib/CodeGen/AsmPrinter/CMakeFiles/LLVMAsmPrinter.dir/DIEHash.cpp.o
[317/538] Building CXX object lib/CodeGen/AsmPrinter/CMakeFiles/LLVMAsmPrinter.dir/EHStreamer.cpp.o
[318/538] Building CXX object lib/CodeGen/AsmPrinter/CMakeFiles/LLVMAsmPrinter.dir/OcamlGCPrinter.cpp.o
[319/538] Building CXX object lib/CodeGen/AsmPrinter/CMakeFiles/LLVMAsmPrinter.dir/WinCFGuard.cpp.o
[320/538] Building CXX object lib/CodeGen/AsmPrinter/CMakeFiles/LLVMAsmPrinter.dir/DbgEntityHistoryCalculator.cpp.o
[321/538] Building CXX object lib/CodeGen/AsmPrinter/CMakeFiles/LLVMAsmPrinter.dir/WasmException.cpp.o
[322/538] Building CXX object lib/CodeGen/AsmPrinter/CMakeFiles/LLVMAsmPrinter.dir/DIE.cpp.o
[323/538] Building CXX object lib/CodeGen/GlobalISel/CMakeFiles/LLVMGlobalISel.dir/CSEInfo.cpp.o
[324/538] Building CXX object lib/CodeGen/AsmPrinter/CMakeFiles/LLVMAsmPrinter.dir/DwarfFile.cpp.o
[325/538] Building CXX object lib/CodeGen/AsmPrinter/CMakeFiles/LLVMAsmPrinter.dir/PseudoProbePrinter.cpp.o
[326/538] Building CXX object lib/CodeGen/SelectionDAG/CMakeFiles/LLVMSelectionDAG.dir/LegalizeVectorTypes.cpp.o
[327/538] Building CXX object lib/CodeGen/AsmPrinter/CMakeFiles/LLVMAsmPrinter.dir/DwarfExpression.cpp.o
In file included from /usr/include/c++/13/cassert:44,
                 from /home/jtuyls/iree-ai/llvm-aie-port/llvm/include/llvm/MC/MCContext.h:35,
                 from /home/jtuyls/iree-ai/llvm-aie-port/llvm/lib/CodeGen/AsmPrinter/DwarfExpression.cpp:21:
/home/jtuyls/iree-ai/llvm-aie-port/llvm/lib/CodeGen/AsmPrinter/DwarfExpression.cpp: In member function ‘void llvm::DwarfExpression::addReg(int64_t, const char*)’:
/home/jtuyls/iree-ai/llvm-aie-port/llvm/lib/CodeGen/AsmPrinter/DwarfExpression.cpp:47:67: warning: suggest parentheses around ‘&&’ within ‘||’ [-Wparentheses]
   47 |   assert(ASTRoot || (isUnknownLocation() || isRegisterLocation()) &&
      |                     ~~~~~~~~~~~~~~~~~~~~~~~~~~~~~~~~~~~~~~~~~~~~~~^~
   48 |                         "location description already locked down");
      |                         ~~~~~~~~~~~~~~~~~~~~~~~~~~~~~~~~~~~~~~~~~~ 
[328/538] Building CXX object lib/CodeGen/GlobalISel/CMakeFiles/LLVMGlobalISel.dir/LegalizeMutations.cpp.o
[329/538] Building CXX object lib/CodeGen/GlobalISel/CMakeFiles/LLVMGlobalISel.dir/GISelChangeObserver.cpp.o
[330/538] Building CXX object lib/CodeGen/GlobalISel/CMakeFiles/LLVMGlobalISel.dir/GIMatchTableExecutor.cpp.o
[331/538] Building CXX object lib/CodeGen/AsmPrinter/CMakeFiles/LLVMAsmPrinter.dir/DwarfCompileUnit.cpp.o
[332/538] Building CXX object lib/CodeGen/AsmPrinter/CMakeFiles/LLVMAsmPrinter.dir/WinException.cpp.o
[333/538] Building CXX object lib/CodeGen/AsmPrinter/CMakeFiles/LLVMAsmPrinter.dir/DwarfUnit.cpp.o
[334/538] Building CXX object lib/CodeGen/GlobalISel/CMakeFiles/LLVMGlobalISel.dir/InstructionSelector.cpp.o
[335/538] Building CXX object lib/CodeGen/GlobalISel/CMakeFiles/LLVMGlobalISel.dir/LegalityPredicates.cpp.o
[336/538] Building CXX object lib/CodeGen/GlobalISel/CMakeFiles/LLVMGlobalISel.dir/CSEMIRBuilder.cpp.o
[337/538] Building CXX object lib/CodeGen/CMakeFiles/LLVMCodeGen.dir/LiveDebugValues/InstrRefBasedImpl.cpp.o
[338/538] Building CXX object lib/CodeGen/GlobalISel/CMakeFiles/LLVMGlobalISel.dir/CombinerHelperArtifacts.cpp.o
[339/538] Building CXX object lib/CodeGen/GlobalISel/CMakeFiles/LLVMGlobalISel.dir/CombinerHelperCompares.cpp.o
[340/538] Building CXX object lib/CodeGen/SelectionDAG/CMakeFiles/LLVMSelectionDAG.dir/SelectionDAGISel.cpp.o
[341/538] Building CXX object lib/CodeGen/GlobalISel/CMakeFiles/LLVMGlobalISel.dir/LegacyLegalizerInfo.cpp.o
[342/538] Building CXX object lib/CodeGen/GlobalISel/CMakeFiles/LLVMGlobalISel.dir/CombinerHelperCasts.cpp.o
[343/538] Building CXX object lib/CodeGen/GlobalISel/CMakeFiles/LLVMGlobalISel.dir/LostDebugLocObserver.cpp.o
[344/538] Building CXX object lib/CodeGen/GlobalISel/CMakeFiles/LLVMGlobalISel.dir/CombinerHelperVectorOps.cpp.o
[345/538] Building CXX object lib/CodeGen/GlobalISel/CMakeFiles/LLVMGlobalISel.dir/InlineAsmLowering.cpp.o
[346/538] Building CXX object lib/CodeGen/GlobalISel/CMakeFiles/LLVMGlobalISel.dir/GISelValueTracking.cpp.o
[347/538] Building CXX object lib/CodeGen/GlobalISel/CMakeFiles/LLVMGlobalISel.dir/LegalizerInfo.cpp.o
[348/538] Building CXX object lib/CodeGen/GlobalISel/CMakeFiles/LLVMGlobalISel.dir/CallLowering.cpp.o
[349/538] Building CXX object lib/CodeGen/GlobalISel/CMakeFiles/LLVMGlobalISel.dir/Combiner.cpp.o
[350/538] Building CXX object lib/CodeGen/GlobalISel/CMakeFiles/LLVMGlobalISel.dir/MachineFloatingPointPredicateUtils.cpp.o
[351/538] Building CXX object lib/Object/CMakeFiles/LLVMObject.dir/IRSymtab.cpp.o
[352/538] Linking CXX static library lib/libLLVMObject.a
[353/538] Building CXX object lib/CodeGen/GlobalISel/CMakeFiles/LLVMGlobalISel.dir/InstructionSelect.cpp.o
[354/538] Linking CXX static library lib/libLLVMCodeGen.a
[355/538] Building CXX object lib/CodeGen/GlobalISel/CMakeFiles/LLVMGlobalISel.dir/Localizer.cpp.o
[356/538] Building CXX object lib/CodeGen/GlobalISel/CMakeFiles/LLVMGlobalISel.dir/LoadStoreOpt.cpp.o
[357/538] Building CXX object lib/CodeGen/GlobalISel/CMakeFiles/LLVMGlobalISel.dir/RegBankSelect.cpp.o
[358/538] Building CXX object lib/CodeGen/GlobalISel/CMakeFiles/LLVMGlobalISel.dir/Legalizer.cpp.o
[359/538] Building CXX object lib/CodeGen/AsmPrinter/CMakeFiles/LLVMAsmPrinter.dir/AsmPrinter.cpp.o
[360/538] Building CXX object lib/CodeGen/SelectionDAG/CMakeFiles/LLVMSelectionDAG.dir/TargetLowering.cpp.o
[361/538] Building CXX object lib/CodeGen/GlobalISel/CMakeFiles/LLVMGlobalISel.dir/MachineIRBuilder.cpp.o
[362/538] Building CXX object lib/CodeGen/AsmPrinter/CMakeFiles/LLVMAsmPrinter.dir/CodeViewDebug.cpp.o
[363/538] Building CXX object lib/CodeGen/GlobalISel/CMakeFiles/LLVMGlobalISel.dir/Utils.cpp.o
[364/538] Building CXX object lib/CodeGen/SelectionDAG/CMakeFiles/LLVMSelectionDAG.dir/SelectionDAGBuilder.cpp.o
[365/538] Building CXX object lib/CodeGen/SelectionDAG/CMakeFiles/LLVMSelectionDAG.dir/SelectionDAG.cpp.o
[366/538] Building CXX object lib/CodeGen/AsmPrinter/CMakeFiles/LLVMAsmPrinter.dir/DwarfDebug.cpp.o
[367/538] Linking CXX static library lib/libLLVMAsmPrinter.a
[368/538] Building CXX object lib/CodeGen/GlobalISel/CMakeFiles/LLVMGlobalISel.dir/IRTranslator.cpp.o
[369/538] Building CXX object lib/CodeGen/GlobalISel/CMakeFiles/LLVMGlobalISel.dir/LegalizerHelper.cpp.o
[370/538] Building CXX object lib/CodeGen/GlobalISel/CMakeFiles/LLVMGlobalISel.dir/CombinerHelper.cpp.o
[371/538] Building CXX object lib/CodeGen/SelectionDAG/CMakeFiles/LLVMSelectionDAG.dir/DAGCombiner.cpp.o
[372/538] Linking CXX static library lib/libLLVMSelectionDAG.a
[373/538] Linking CXX static library lib/libLLVMGlobalISel.a
ninja: build stopped: cannot make progress due to previous errors.
DONE_RC=1
