ninja: Entering directory `build'
[1/327] Generating VCSRevision.h
[2/327] Building CXX object lib/MC/CMakeFiles/LLVMMC.dir/MCSymbolELF.cpp.o
[3/327] Building CXX object lib/TargetParser/CMakeFiles/LLVMTargetParser.dir/AVRTargetParser.cpp.o
[4/327] Building CXX object lib/MC/CMakeFiles/LLVMMC.dir/MCELFObjectTargetWriter.cpp.o
[5/327] Building CXX object lib/BinaryFormat/CMakeFiles/LLVMBinaryFormat.dir/ELF.cpp.o
[6/327] Building CXX object lib/MC/CMakeFiles/LLVMMC.dir/MCAsmInfoELF.cpp.o
[7/327] Building CXX object utils/TableGen/Common/CMakeFiles/obj.LLVMTableGenCommon.dir/SubtargetFeatureInfo.cpp.o
[8/327] Building CXX object lib/MC/CMakeFiles/LLVMMC.dir/MCLFI.cpp.o
[9/327] Building CXX object lib/MC/MCParser/CMakeFiles/LLVMMCParser.dir/ELFAsmParser.cpp.o
[10/327] Building CXX object lib/MC/CMakeFiles/LLVMMC.dir/MCObjectFileInfo.cpp.o
[11/327] Building CXX object lib/MC/CMakeFiles/LLVMMC.dir/MCAsmBackend.cpp.o
[12/327] Building CXX object lib/MC/CMakeFiles/LLVMMC.dir/MCELFStreamer.cpp.o
[13/327] Building CXX object lib/MC/CMakeFiles/LLVMMC.dir/ELFObjectWriter.cpp.o
[14/327] Building CXX object utils/TableGen/Common/CMakeFiles/obj.LLVMTableGenCommon.dir/GlobalISel/GlobalISelMatchTableExecutorEmitter.cpp.o
[15/327] Building CXX object lib/CodeGen/CMakeFiles/LLVMCodeGen.dir/ScheduleDAGPrinter.cpp.o
[16/327] Building CXX object lib/CodeGen/CMakeFiles/LLVMCodeGen.dir/ScheduleDAG.cpp.o
[17/327] Building CXX object lib/CodeGen/CMakeFiles/LLVMCodeGen.dir/LatencyPriorityQueue.cpp.o
[18/327] Building CXX object lib/CodeGen/CMakeFiles/LLVMCodeGen.dir/InsertCodePrefetch.cpp.o
[19/327] Building CXX object lib/CodeGen/CMakeFiles/LLVMCodeGen.dir/MacroFusion.cpp.o
[20/327] Building CXX object lib/CodeGen/CMakeFiles/LLVMCodeGen.dir/ScoreboardHazardRecognizer.cpp.o
[21/327] Building CXX object lib/CodeGen/CMakeFiles/LLVMCodeGen.dir/DFAPacketizer.cpp.o
FAILED: lib/CodeGen/CMakeFiles/LLVMCodeGen.dir/DFAPacketizer.cpp.o 
CCACHE_CPP2=yes CCACHE_HASHDIR=yes CCACHE_SLOPPINESS=pch_defines,time_macros /usr/bin/ccache /usr/bin/g++ -D_DEBUG -D_GLIBCXX_ASSERTIONS -D_GLIBCXX_USE_CXX11_ABI=1 -D_GNU_SOURCE -D_LIBCPP_HARDENING_MODE=_LIBCPP_HARDENING_MODE_EXTENSIVE -D__STDC_CONSTANT_MACROS -D__STDC_FORMAT_MACROS -D__STDC_LIMIT_MACROS -I/home/jtuyls/iree-ai/llvm-aie-port/build/lib/CodeGen -I/home/jtuyls/iree-ai/llvm-aie-port/llvm/lib/CodeGen -I/home/jtuyls/iree-ai/llvm-aie-port/build/include -I/home/jtuyls/iree-ai/llvm-aie-port/llvm/include -I/home/jtuyls/iree-ai/llvm-aie-port/amd/aie/llvm/include -fPIC -fno-semantic-interposition -fvisibility-inlines-hidden -Werror=date-time -Wall -Wextra -Wno-unused-parameter -Wwrite-strings -Wcast-qual -Wno-missing-field-initializers -pedantic -Wno-long-long -Wimplicit-fallthrough -Wno-uninitialized -Wno-nonnull -Wno-class-memaccess -Wno-dangling-reference -Wno-redundant-move -Wno-pessimizing-move -Wno-array-bounds -Wno-stringop-overread -Wno-dangling-pointer -Wno-noexcept-type -Wdelete-non-virtual-dtor -Wsuggest-override -Wno-comment -Wno-misleading-indentation -Wctad-maybe-unsupported -fdiagnostics-color -ffunction-sections -fdata-sections -O3 -DNDEBUG -std=c++17 -UNDEBUG -fno-exceptions -funwind-tables -fno-rtti -MD -MT lib/CodeGen/CMakeFiles/LLVMCodeGen.dir/DFAPacketizer.cpp.o -MF lib/CodeGen/CMakeFiles/LLVMCodeGen.dir/DFAPacketizer.cpp.o.d -o lib/CodeGen/CMakeFiles/LLVMCodeGen.dir/DFAPacketizer.cpp.o -c /home/jtuyls/iree-ai/llvm-aie-port/llvm/lib/CodeGen/DFAPacketizer.cpp
/home/jtuyls/iree-ai/llvm-aie-port/llvm/lib/CodeGen/DFAPacketizer.cpp: In constructor ‘llvm::VLIWPacketizerList::VLIWPacketizerList(llvm::MachineFunction&, llvm::MachineLoopInfo&, llvm::AAResults*)’:
/home/jtuyls/iree-ai/llvm-aie-port/llvm/lib/CodeGen/DFAPacketizer.cpp:120:51: error: cannot convert ‘llvm::ResourceCycle*’ to ‘llvm::DFAPacketizer*’ in assignment
  120 |   ResourceTracker = TII->CreateTargetScheduleState(MF.getSubtarget());
      |                     ~~~~~~~~~~~~~~~~~~~~~~~~~~~~~~^~~~~~~~~~~~~~~~~~~
      |                                                   |
      |                                                   llvm::ResourceCycle*
In file included from /home/jtuyls/iree-ai/llvm-aie-port/llvm/lib/CodeGen/DFAPacketizer.cpp:32:
/home/jtuyls/iree-ai/llvm-aie-port/llvm/include/llvm/CodeGen/TargetInstrInfo.h:45:7: note: class type ‘llvm::ResourceCycle’ is incomplete
   45 | class ResourceCycle; // amd/aie/ port
      |       ^~~~~~~~~~~~~
[22/327] Building CXX object lib/CodeGen/CMakeFiles/LLVMCodeGen.dir/CriticalAntiDepBreaker.cpp.o
[23/327] Building CXX object utils/TableGen/CMakeFiles/llvm-tblgen.dir/DecoderEmitter.cpp.o
[24/327] Building CXX object lib/MC/CMakeFiles/LLVMMC.dir/MCContext.cpp.o
[25/327] Building CXX object utils/TableGen/CMakeFiles/llvm-tblgen.dir/SubtargetEmitter.cpp.o
[26/327] Building CXX object lib/CodeGen/CMakeFiles/LLVMCodeGen.dir/AggressiveAntiDepBreaker.cpp.o
[27/327] Building CXX object lib/CodeGen/CMakeFiles/LLVMCodeGen.dir/PostRASchedulerList.cpp.o
[28/327] Building CXX object lib/CodeGen/CMakeFiles/LLVMCodeGen.dir/VLIWMachineScheduler.cpp.o
FAILED: lib/CodeGen/CMakeFiles/LLVMCodeGen.dir/VLIWMachineScheduler.cpp.o 
CCACHE_CPP2=yes CCACHE_HASHDIR=yes CCACHE_SLOPPINESS=pch_defines,time_macros /usr/bin/ccache /usr/bin/g++ -D_DEBUG -D_GLIBCXX_ASSERTIONS -D_GLIBCXX_USE_CXX11_ABI=1 -D_GNU_SOURCE -D_LIBCPP_HARDENING_MODE=_LIBCPP_HARDENING_MODE_EXTENSIVE -D__STDC_CONSTANT_MACROS -D__STDC_FORMAT_MACROS -D__STDC_LIMIT_MACROS -I/home/jtuyls/iree-ai/llvm-aie-port/build/lib/CodeGen -I/home/jtuyls/iree-ai/llvm-aie-port/llvm/lib/CodeGen -I/home/jtuyls/iree-ai/llvm-aie-port/build/include -I/home/jtuyls/iree-ai/llvm-aie-port/llvm/include -I/home/jtuyls/iree-ai/llvm-aie-port/amd/aie/llvm/include -fPIC -fno-semantic-interposition -fvisibility-inlines-hidden -Werror=date-time -Wall -Wextra -Wno-unused-parameter -Wwrite-strings -Wcast-qual -Wno-missing-field-initializers -pedantic -Wno-long-long -Wimplicit-fallthrough -Wno-uninitialized -Wno-nonnull -Wno-class-memaccess -Wno-dangling-reference -Wno-redundant-move -Wno-pessimizing-move -Wno-array-bounds -Wno-stringop-overread -Wno-dangling-pointer -Wno-noexcept-type -Wdelete-non-virtual-dtor -Wsuggest-override -Wno-comment -Wno-misleading-indentation -Wctad-maybe-unsupported -fdiagnostics-color -ffunction-sections -fdata-sections -O3 -DNDEBUG -std=c++17 -UNDEBUG -fno-exceptions -funwind-tables -fno-rtti -MD -MT lib/CodeGen/CMakeFiles/LLVMCodeGen.dir/VLIWMachineScheduler.cpp.o -MF lib/CodeGen/CMakeFiles/LLVMCodeGen.dir/VLIWMachineScheduler.cpp.o.d -o lib/CodeGen/CMakeFiles/LLVMCodeGen.dir/VLIWMachineScheduler.cpp.o -c /home/jtuyls/iree-ai/llvm-aie-port/llvm/lib/CodeGen/VLIWMachineScheduler.cpp
/home/jtuyls/iree-ai/llvm-aie-port/llvm/lib/CodeGen/VLIWMachineScheduler.cpp: In member function ‘virtual llvm::DFAPacketizer* llvm::VLIWResourceModel::createPacketizer(const llvm::TargetSubtargetInfo&) const’:
/home/jtuyls/iree-ai/llvm-aie-port/llvm/lib/CodeGen/VLIWMachineScheduler.cpp:194:55: error: cannot convert ‘llvm::ResourceCycle*’ to ‘llvm::DFAPacketizer*’ in return
  194 |   return STI.getInstrInfo()->CreateTargetScheduleState(STI);
      |          ~~~~~~~~~~~~~~~~~~~~~~~~~~~~~~~~~~~~~~~~~~~~~^~~~~
      |                                                       |
      |                                                       llvm::ResourceCycle*
In file included from /home/jtuyls/iree-ai/llvm-aie-port/llvm/lib/CodeGen/VLIWMachineScheduler.cpp:25:
/home/jtuyls/iree-ai/llvm-aie-port/llvm/include/llvm/CodeGen/TargetInstrInfo.h:45:7: note: class type ‘llvm::ResourceCycle’ is incomplete
   45 | class ResourceCycle; // amd/aie/ port
      |       ^~~~~~~~~~~~~
[29/327] Building CXX object lib/CodeGen/CMakeFiles/LLVMCodeGen.dir/MachinePipeliner.cpp.o
FAILED: lib/CodeGen/CMakeFiles/LLVMCodeGen.dir/MachinePipeliner.cpp.o 
CCACHE_CPP2=yes CCACHE_HASHDIR=yes CCACHE_SLOPPINESS=pch_defines,time_macros /usr/bin/ccache /usr/bin/g++ -D_DEBUG -D_GLIBCXX_ASSERTIONS -D_GLIBCXX_USE_CXX11_ABI=1 -D_GNU_SOURCE -D_LIBCPP_HARDENING_MODE=_LIBCPP_HARDENING_MODE_EXTENSIVE -D__STDC_CONSTANT_MACROS -D__STDC_FORMAT_MACROS -D__STDC_LIMIT_MACROS -I/home/jtuyls/iree-ai/llvm-aie-port/build/lib/CodeGen -I/home/jtuyls/iree-ai/llvm-aie-port/llvm/lib/CodeGen -I/home/jtuyls/iree-ai/llvm-aie-port/build/include -I/home/jtuyls/iree-ai/llvm-aie-port/llvm/include -I/home/jtuyls/iree-ai/llvm-aie-port/amd/aie/llvm/include -fPIC -fno-semantic-interposition -fvisibility-inlines-hidden -Werror=date-time -Wall -Wextra -Wno-unused-parameter -Wwrite-strings -Wcast-qual -Wno-missing-field-initializers -pedantic -Wno-long-long -Wimplicit-fallthrough -Wno-uninitialized -Wno-nonnull -Wno-class-memaccess -Wno-dangling-reference -Wno-redundant-move -Wno-pessimizing-move -Wno-array-bounds -Wno-stringop-overread -Wno-dangling-pointer -Wno-noexcept-type -Wdelete-non-virtual-dtor -Wsuggest-override -Wno-comment -Wno-misleading-indentation -Wctad-maybe-unsupported -fdiagnostics-color -ffunction-sections -fdata-sections -O3 -DNDEBUG -std=c++17 -UNDEBUG -fno-exceptions -funwind-tables -fno-rtti -MD -MT lib/CodeGen/CMakeFiles/LLVMCodeGen.dir/MachinePipeliner.cpp.o -MF lib/CodeGen/CMakeFiles/LLVMCodeGen.dir/MachinePipeliner.cpp.o.d -o lib/CodeGen/CMakeFiles/LLVMCodeGen.dir/MachinePipeliner.cpp.o -c /home/jtuyls/iree-ai/llvm-aie-port/llvm/lib/CodeGen/MachinePipeliner.cpp
/home/jtuyls/iree-ai/llvm-aie-port/llvm/lib/CodeGen/MachinePipeliner.cpp: In member function ‘int llvm::ResourceManager::calculateResMIIDFA() const’:
/home/jtuyls/iree-ai/llvm-aie-port/llvm/lib/CodeGen/MachinePipeliner.cpp:4052:73: error: no matching function for call to ‘std::unique_ptr<llvm::DFAPacketizer>::unique_ptr(llvm::ResourceCycle*)’
 4052 |       std::unique_ptr<DFAPacketizer>(TII->CreateTargetScheduleState(*ST)));
      |                                                                         ^
In file included from /usr/include/c++/13/memory:78,
                 from /home/jtuyls/iree-ai/llvm-aie-port/llvm/include/llvm/ADT/STLExtras.h:36,
                 from /home/jtuyls/iree-ai/llvm-aie-port/llvm/include/llvm/CodeGen/MachinePipeliner.h:43,
                 from /home/jtuyls/iree-ai/llvm-aie-port/llvm/lib/CodeGen/MachinePipeliner.cpp:32:
/usr/include/c++/13/bits/unique_ptr.h:390:9: note: candidate: ‘template<class _Up, class> std::unique_ptr<_Tp, _Dp>::unique_ptr(std::auto_ptr<_Up>&&) [with <template-parameter-2-2> = _Up; _Tp = llvm::DFAPacketizer; _Dp = std::default_delete<llvm::DFAPacketizer>]’
  390 |         unique_ptr(auto_ptr<_Up>&& __u) noexcept;
      |         ^~~~~~~~~~
/usr/include/c++/13/bits/unique_ptr.h:390:9: note:   template argument deduction/substitution failed:
/home/jtuyls/iree-ai/llvm-aie-port/llvm/lib/CodeGen/MachinePipeliner.cpp:4052:73: note:   mismatched types ‘std::auto_ptr<_Up>’ and ‘llvm::ResourceCycle*’
 4052 |       std::unique_ptr<DFAPacketizer>(TII->CreateTargetScheduleState(*ST)));
      |                                                                         ^
/usr/include/c++/13/bits/unique_ptr.h:380:9: note: candidate: ‘template<class _Up, class _Ep, class> std::unique_ptr<_Tp, _Dp>::unique_ptr(std::unique_ptr<_Up, _Ep>&&) [with _Ep = _Up; <template-parameter-2-3> = _Ep; _Tp = llvm::DFAPacketizer; _Dp = std::default_delete<llvm::DFAPacketizer>]’
  380 |         unique_ptr(unique_ptr<_Up, _Ep>&& __u) noexcept
      |         ^~~~~~~~~~
/usr/include/c++/13/bits/unique_ptr.h:380:9: note:   template argument deduction/substitution failed:
/home/jtuyls/iree-ai/llvm-aie-port/llvm/lib/CodeGen/MachinePipeliner.cpp:4052:73: note:   mismatched types ‘std::unique_ptr<_Tp, _Dp>’ and ‘llvm::ResourceCycle*’
 4052 |       std::unique_ptr<DFAPacketizer>(TII->CreateTargetScheduleState(*ST)));
      |                                                                         ^
/usr/include/c++/13/bits/unique_ptr.h:359:19: note: candidate: ‘template<class _Del, class> constexpr std::unique_ptr<_Tp, _Dp>::unique_ptr(std::nullptr_t) [with <template-parameter-2-2> = _Del; _Tp = llvm::DFAPacketizer; _Dp = std::default_delete<llvm::DFAPacketizer>]’
  359 |         constexpr unique_ptr(nullptr_t) noexcept
      |                   ^~~~~~~~~~
/usr/include/c++/13/bits/unique_ptr.h:359:19: note:   template argument deduction/substitution failed:
/home/jtuyls/iree-ai/llvm-aie-port/llvm/lib/CodeGen/MachinePipeliner.cpp:4052:68: note:   cannot convert ‘((const llvm::TargetInstrInfo*)((const llvm::ResourceManager*)this)->llvm::ResourceManager::TII)->llvm::TargetInstrInfo::CreateTargetScheduleState((*(const llvm::TargetSubtargetInfo*)((const llvm::ResourceManager*)this)->llvm::ResourceManager::ST))’ (type ‘llvm::ResourceCycle*’) to type ‘std::nullptr_t’
 4052 |       std::unique_ptr<DFAPacketizer>(TII->CreateTargetScheduleState(*ST)));
      |                                      ~~~~~~~~~~~~~~~~~~~~~~~~~~~~~~^~~~~
/usr/include/c++/13/bits/unique_ptr.h:353:9: note: candidate: ‘template<class _Del, class _DelUnref> std::unique_ptr<_Tp, _Dp>::unique_ptr(pointer, std::__enable_if_t<std::is_lvalue_reference<_Ht>::value, _DelUnref&&>) [with _DelUnref = _Del; _Tp = llvm::DFAPacketizer; _Dp = std::default_delete<llvm::DFAPacketizer>]’ (deleted)
  353 |         unique_ptr(pointer,
      |         ^~~~~~~~~~
/usr/include/c++/13/bits/unique_ptr.h:353:9: note:   template argument deduction/substitution failed:
/home/jtuyls/iree-ai/llvm-aie-port/llvm/lib/CodeGen/MachinePipeliner.cpp:4052:73: note:   candidate expects 2 arguments, 1 provided
 4052 |       std::unique_ptr<DFAPacketizer>(TII->CreateTargetScheduleState(*ST)));
      |                                                                         ^
/usr/include/c++/13/bits/unique_ptr.h:344:9: note: candidate: ‘template<class _Del, class> std::unique_ptr<_Tp, _Dp>::unique_ptr(pointer, std::__enable_if_t<(! std::is_lvalue_reference<_Ht>::value), _Del&&>) [with <template-parameter-2-2> = _Del; _Tp = llvm::DFAPacketizer; _Dp = std::default_delete<llvm::DFAPacketizer>]’
  344 |         unique_ptr(pointer __p,
      |         ^~~~~~~~~~
/usr/include/c++/13/bits/unique_ptr.h:344:9: note:   template argument deduction/substitution failed:
/home/jtuyls/iree-ai/llvm-aie-port/llvm/lib/CodeGen/MachinePipeliner.cpp:4052:73: note:   candidate expects 2 arguments, 1 provided
 4052 |       std::unique_ptr<DFAPacketizer>(TII->CreateTargetScheduleState(*ST)));
      |                                                                         ^
/usr/include/c++/13/bits/unique_ptr.h:331:9: note: candidate: ‘template<class _Del, class> std::unique_ptr<_Tp, _Dp>::unique_ptr(pointer, const deleter_type&) [with <template-parameter-2-2> = _Del; _Tp = llvm::DFAPacketizer; _Dp = std::default_delete<llvm::DFAPacketizer>]’
  331 |         unique_ptr(pointer __p, const deleter_type& __d) noexcept
      |         ^~~~~~~~~~
/usr/include/c++/13/bits/unique_ptr.h:331:9: note:   template argument deduction/substitution failed:
/home/jtuyls/iree-ai/llvm-aie-port/llvm/lib/CodeGen/MachinePipeliner.cpp:4052:73: note:   candidate expects 2 arguments, 1 provided
 4052 |       std::unique_ptr<DFAPacketizer>(TII->CreateTargetScheduleState(*ST)));
      |                                                                         ^
/usr/include/c++/13/bits/unique_ptr.h:317:9: note: candidate: ‘template<class _Del, class> std::unique_ptr<_Tp, _Dp>::unique_ptr(pointer) [with <template-parameter-2-2> = _Del; _Tp = llvm::DFAPacketizer; _Dp = std::default_delete<llvm::DFAPacketizer>]’
  317 |         unique_ptr(pointer __p) noexcept
      |         ^~~~~~~~~~
/usr/include/c++/13/bits/unique_ptr.h:317:9: note:   template argument deduction/substitution failed:
/home/jtuyls/iree-ai/llvm-aie-port/llvm/lib/CodeGen/MachinePipeliner.cpp:4052:68: note:   cannot convert ‘((const llvm::TargetInstrInfo*)((const llvm::ResourceManager*)this)->llvm::ResourceManager::TII)->llvm::TargetInstrInfo::CreateTargetScheduleState((*(const llvm::TargetSubtargetInfo*)((const llvm::ResourceManager*)this)->llvm::ResourceManager::ST))’ (type ‘llvm::ResourceCycle*’) to type ‘std::unique_ptr<llvm::DFAPacketizer>::pointer’ {aka ‘llvm::DFAPacketizer*’}
 4052 |       std::unique_ptr<DFAPacketizer>(TII->CreateTargetScheduleState(*ST)));
      |                                      ~~~~~~~~~~~~~~~~~~~~~~~~~~~~~~^~~~~
/usr/include/c++/13/bits/unique_ptr.h:304:19: note: candidate: ‘template<class _Del, class> constexpr std::unique_ptr<_Tp, _Dp>::unique_ptr() [with <template-parameter-2-2> = _Del; _Tp = llvm::DFAPacketizer; _Dp = std::default_delete<llvm::DFAPacketizer>]’
  304 |         constexpr unique_ptr() noexcept
      |                   ^~~~~~~~~~
/usr/include/c++/13/bits/unique_ptr.h:304:19: note:   template argument deduction/substitution failed:
/home/jtuyls/iree-ai/llvm-aie-port/llvm/lib/CodeGen/MachinePipeliner.cpp:4052:73: note:   candidate expects 0 arguments, 1 provided
 4052 |       std::unique_ptr<DFAPacketizer>(TII->CreateTargetScheduleState(*ST)));
      |                                                                         ^
/usr/include/c++/13/bits/unique_ptr.h:366:7: note: candidate: ‘std::unique_ptr<_Tp, _Dp>::unique_ptr(std::unique_ptr<_Tp, _Dp>&&) [with _Tp = llvm::DFAPacketizer; _Dp = std::default_delete<llvm::DFAPacketizer>]’
  366 |       unique_ptr(unique_ptr&&) = default;
      |       ^~~~~~~~~~
/usr/include/c++/13/bits/unique_ptr.h:366:18: note:   no known conversion for argument 1 from ‘llvm::ResourceCycle*’ to ‘std::unique_ptr<llvm::DFAPacketizer>&&’
  366 |       unique_ptr(unique_ptr&&) = default;
      |                  ^~~~~~~~~~~~
In file included from /usr/include/c++/13/cassert:44,
                 from /home/jtuyls/iree-ai/llvm-aie-port/llvm/lib/CodeGen/MachinePipeliner.cpp:85:
/home/jtuyls/iree-ai/llvm-aie-port/llvm/lib/CodeGen/MachinePipeliner.cpp:4088:25: error: invalid use of incomplete type ‘class llvm::ResourceCycle’
 4088 |       assert(NewResource->canReserveResources(*MI) && "Reserve error.");
      |                         ^~
In file included from /home/jtuyls/iree-ai/llvm-aie-port/llvm/include/llvm/CodeGen/MachinePipeliner.h:52:
/home/jtuyls/iree-ai/llvm-aie-port/llvm/include/llvm/CodeGen/TargetInstrInfo.h:45:7: note: forward declaration of ‘class llvm::ResourceCycle’
   45 | class ResourceCycle; // amd/aie/ port
      |       ^~~~~~~~~~~~~
/home/jtuyls/iree-ai/llvm-aie-port/llvm/lib/CodeGen/MachinePipeliner.cpp:4089:18: error: invalid use of incomplete type ‘class llvm::ResourceCycle’
 4089 |       NewResource->reserveResources(*MI);
      |                  ^~
/home/jtuyls/iree-ai/llvm-aie-port/llvm/include/llvm/CodeGen/TargetInstrInfo.h:45:7: note: forward declaration of ‘class llvm::ResourceCycle’
   45 | class ResourceCycle; // amd/aie/ port
      |       ^~~~~~~~~~~~~
/home/jtuyls/iree-ai/llvm-aie-port/llvm/lib/CodeGen/MachinePipeliner.cpp:4090:69: error: no matching function for call to ‘std::unique_ptr<llvm::DFAPacketizer>::unique_ptr(llvm::ResourceCycle*&)’
 4090 |       Resources.push_back(std::unique_ptr<DFAPacketizer>(NewResource));
      |                                                                     ^
/usr/include/c++/13/bits/unique_ptr.h:390:9: note: candidate: ‘template<class _Up, class> std::unique_ptr<_Tp, _Dp>::unique_ptr(std::auto_ptr<_Up>&&) [with <template-parameter-2-2> = _Up; _Tp = llvm::DFAPacketizer; _Dp = std::default_delete<llvm::DFAPacketizer>]’
  390 |         unique_ptr(auto_ptr<_Up>&& __u) noexcept;
      |         ^~~~~~~~~~
/usr/include/c++/13/bits/unique_ptr.h:390:9: note:   template argument deduction/substitution failed:
/home/jtuyls/iree-ai/llvm-aie-port/llvm/lib/CodeGen/MachinePipeliner.cpp:4090:69: note:   mismatched types ‘std::auto_ptr<_Up>’ and ‘llvm::ResourceCycle*’
 4090 |       Resources.push_back(std::unique_ptr<DFAPacketizer>(NewResource));
      |                                                                     ^
/usr/include/c++/13/bits/unique_ptr.h:380:9: note: candidate: ‘template<class _Up, class _Ep, class> std::unique_ptr<_Tp, _Dp>::unique_ptr(std::unique_ptr<_Up, _Ep>&&) [with _Ep = _Up; <template-parameter-2-3> = _Ep; _Tp = llvm::DFAPacketizer; _Dp = std::default_delete<llvm::DFAPacketizer>]’
  380 |         unique_ptr(unique_ptr<_Up, _Ep>&& __u) noexcept
      |         ^~~~~~~~~~
/usr/include/c++/13/bits/unique_ptr.h:380:9: note:   template argument deduction/substitution failed:
/home/jtuyls/iree-ai/llvm-aie-port/llvm/lib/CodeGen/MachinePipeliner.cpp:4090:69: note:   mismatched types ‘std::unique_ptr<_Tp, _Dp>’ and ‘llvm::ResourceCycle*’
 4090 |       Resources.push_back(std::unique_ptr<DFAPacketizer>(NewResource));
      |                                                                     ^
/usr/include/c++/13/bits/unique_ptr.h:359:19: note: candidate: ‘template<class _Del, class> constexpr std::unique_ptr<_Tp, _Dp>::unique_ptr(std::nullptr_t) [with <template-parameter-2-2> = _Del; _Tp = llvm::DFAPacketizer; _Dp = std::default_delete<llvm::DFAPacketizer>]’
  359 |         constexpr unique_ptr(nullptr_t) noexcept
      |                   ^~~~~~~~~~
/usr/include/c++/13/bits/unique_ptr.h:359:19: note:   template argument deduction/substitution failed:
/home/jtuyls/iree-ai/llvm-aie-port/llvm/lib/CodeGen/MachinePipeliner.cpp:4090:58: note:   cannot convert ‘NewResource’ (type ‘llvm::ResourceCycle*’) to type ‘std::nullptr_t’
 4090 |       Resources.push_back(std::unique_ptr<DFAPacketizer>(NewResource));
      |                                                          ^~~~~~~~~~~
/usr/include/c++/13/bits/unique_ptr.h:353:9: note: candidate: ‘template<class _Del, class _DelUnref> std::unique_ptr<_Tp, _Dp>::unique_ptr(pointer, std::__enable_if_t<std::is_lvalue_reference<_Ht>::value, _DelUnref&&>) [with _DelUnref = _Del; _Tp = llvm::DFAPacketizer; _Dp = std::default_delete<llvm::DFAPacketizer>]’ (deleted)
  353 |         unique_ptr(pointer,
      |         ^~~~~~~~~~
/usr/include/c++/13/bits/unique_ptr.h:353:9: note:   template argument deduction/substitution failed:
/home/jtuyls/iree-ai/llvm-aie-port/llvm/lib/CodeGen/MachinePipeliner.cpp:4090:69: note:   candidate expects 2 arguments, 1 provided
 4090 |       Resources.push_back(std::unique_ptr<DFAPacketizer>(NewResource));
      |                                                                     ^
/usr/include/c++/13/bits/unique_ptr.h:344:9: note: candidate: ‘template<class _Del, class> std::unique_ptr<_Tp, _Dp>::unique_ptr(pointer, std::__enable_if_t<(! std::is_lvalue_reference<_Ht>::value), _Del&&>) [with <template-parameter-2-2> = _Del; _Tp = llvm::DFAPacketizer; _Dp = std::default_delete<llvm::DFAPacketizer>]’
  344 |         unique_ptr(pointer __p,
      |         ^~~~~~~~~~
/usr/include/c++/13/bits/unique_ptr.h:344:9: note:   template argument deduction/substitution failed:
/home/jtuyls/iree-ai/llvm-aie-port/llvm/lib/CodeGen/MachinePipeliner.cpp:4090:69: note:   candidate expects 2 arguments, 1 provided
 4090 |       Resources.push_back(std::unique_ptr<DFAPacketizer>(NewResource));
      |                                                                     ^
/usr/include/c++/13/bits/unique_ptr.h:331:9: note: candidate: ‘template<class _Del, class> std::unique_ptr<_Tp, _Dp>::unique_ptr(pointer, const deleter_type&) [with <template-parameter-2-2> = _Del; _Tp = llvm::DFAPacketizer; _Dp = std::default_delete<llvm::DFAPacketizer>]’
  331 |         unique_ptr(pointer __p, const deleter_type& __d) noexcept
      |         ^~~~~~~~~~
/usr/include/c++/13/bits/unique_ptr.h:331:9: note:   template argument deduction/substitution failed:
/home/jtuyls/iree-ai/llvm-aie-port/llvm/lib/CodeGen/MachinePipeliner.cpp:4090:69: note:   candidate expects 2 arguments, 1 provided
 4090 |       Resources.push_back(std::unique_ptr<DFAPacketizer>(NewResource));
      |                                                                     ^
/usr/include/c++/13/bits/unique_ptr.h:317:9: note: candidate: ‘template<class _Del, class> std::unique_ptr<_Tp, _Dp>::unique_ptr(pointer) [with <template-parameter-2-2> = _Del; _Tp = llvm::DFAPacketizer; _Dp = std::default_delete<llvm::DFAPacketizer>]’
  317 |         unique_ptr(pointer __p) noexcept
      |         ^~~~~~~~~~
/usr/include/c++/13/bits/unique_ptr.h:317:9: note:   template argument deduction/substitution failed:
/home/jtuyls/iree-ai/llvm-aie-port/llvm/lib/CodeGen/MachinePipeliner.cpp:4090:58: note:   cannot convert ‘NewResource’ (type ‘llvm::ResourceCycle*’) to type ‘std::unique_ptr<llvm::DFAPacketizer>::pointer’ {aka ‘llvm::DFAPacketizer*’}
 4090 |       Resources.push_back(std::unique_ptr<DFAPacketizer>(NewResource));
      |                                                          ^~~~~~~~~~~
/usr/include/c++/13/bits/unique_ptr.h:304:19: note: candidate: ‘template<class _Del, class> constexpr std::unique_ptr<_Tp, _Dp>::unique_ptr() [with <template-parameter-2-2> = _Del; _Tp = llvm::DFAPacketizer; _Dp = std::default_delete<llvm::DFAPacketizer>]’
  304 |         constexpr unique_ptr() noexcept
      |                   ^~~~~~~~~~
/usr/include/c++/13/bits/unique_ptr.h:304:19: note:   template argument deduction/substitution failed:
/home/jtuyls/iree-ai/llvm-aie-port/llvm/lib/CodeGen/MachinePipeliner.cpp:4090:69: note:   candidate expects 0 arguments, 1 provided
 4090 |       Resources.push_back(std::unique_ptr<DFAPacketizer>(NewResource));
      |                                                                     ^
/usr/include/c++/13/bits/unique_ptr.h:366:7: note: candidate: ‘std::unique_ptr<_Tp, _Dp>::unique_ptr(std::unique_ptr<_Tp, _Dp>&&) [with _Tp = llvm::DFAPacketizer; _Dp = std::default_delete<llvm::DFAPacketizer>]’
  366 |       unique_ptr(unique_ptr&&) = default;
      |       ^~~~~~~~~~
/usr/include/c++/13/bits/unique_ptr.h:366:18: note:   no known conversion for argument 1 from ‘llvm::ResourceCycle*’ to ‘std::unique_ptr<llvm::DFAPacketizer>&&’
  366 |       unique_ptr(unique_ptr&&) = default;
      |                  ^~~~~~~~~~~~
/home/jtuyls/iree-ai/llvm-aie-port/llvm/lib/CodeGen/MachinePipeliner.cpp: In member function ‘void llvm::ResourceManager::init(int)’:
/home/jtuyls/iree-ai/llvm-aie-port/llvm/lib/CodeGen/MachinePipeliner.cpp:4179:58: error: cannot convert ‘llvm::ResourceCycle*’ to ‘std::unique_ptr<llvm::DFAPacketizer>::pointer’ {aka ‘llvm::DFAPacketizer*’}
 4179 |     I.reset(ST->getInstrInfo()->CreateTargetScheduleState(*ST));
      |             ~~~~~~~~~~~~~~~~~~~~~~~~~~~~~~~~~~~~~~~~~~~~~^~~~~
      |                                                          |
      |                                                          llvm::ResourceCycle*
/usr/include/c++/13/bits/unique_ptr.h:505:21: note:   initializing argument 1 of ‘void std::unique_ptr<_Tp, _Dp>::reset(pointer) [with _Tp = llvm::DFAPacketizer; _Dp = std::default_delete<llvm::DFAPacketizer>; pointer = llvm::DFAPacketizer*]’
  505 |       reset(pointer __p = pointer()) noexcept
      |             ~~~~~~~~^~~~~~~~~~~~~~~
[30/327] Building CXX object lib/CodeGen/CMakeFiles/LLVMCodeGen.dir/SwitchLoweringUtils.cpp.o
[31/327] Building CXX object utils/TableGen/CMakeFiles/llvm-tblgen.dir/InstrInfoEmitter.cpp.o
[32/327] Building CXX object lib/CodeGen/CMakeFiles/LLVMCodeGen.dir/ScheduleDAGInstrs.cpp.o
[33/327] Building CXX object lib/CodeGen/SelectionDAG/CMakeFiles/LLVMSelectionDAG.dir/ResourcePriorityQueue.cpp.o
FAILED: lib/CodeGen/SelectionDAG/CMakeFiles/LLVMSelectionDAG.dir/ResourcePriorityQueue.cpp.o 
CCACHE_CPP2=yes CCACHE_HASHDIR=yes CCACHE_SLOPPINESS=pch_defines,time_macros /usr/bin/ccache /usr/bin/g++ -D_DEBUG -D_GLIBCXX_ASSERTIONS -D_GLIBCXX_USE_CXX11_ABI=1 -D_GNU_SOURCE -D_LIBCPP_HARDENING_MODE=_LIBCPP_HARDENING_MODE_EXTENSIVE -D__STDC_CONSTANT_MACROS -D__STDC_FORMAT_MACROS -D__STDC_LIMIT_MACROS -I/home/jtuyls/iree-ai/llvm-aie-port/build/lib/CodeGen/SelectionDAG -I/home/jtuyls/iree-ai/llvm-aie-port/llvm/lib/CodeGen/SelectionDAG -I/home/jtuyls/iree-ai/llvm-aie-port/build/include -I/home/jtuyls/iree-ai/llvm-aie-port/llvm/include -I/home/jtuyls/iree-ai/llvm-aie-port/amd/aie/llvm/include -fPIC -fno-semantic-interposition -fvisibility-inlines-hidden -Werror=date-time -Wall -Wextra -Wno-unused-parameter -Wwrite-strings -Wcast-qual -Wno-missing-field-initializers -pedantic -Wno-long-long -Wimplicit-fallthrough -Wno-uninitialized -Wno-nonnull -Wno-class-memaccess -Wno-dangling-reference -Wno-redundant-move -Wno-pessimizing-move -Wno-array-bounds -Wno-stringop-overread -Wno-dangling-pointer -Wno-noexcept-type -Wdelete-non-virtual-dtor -Wsuggest-override -Wno-comment -Wno-misleading-indentation -Wctad-maybe-unsupported -fdiagnostics-color -ffunction-sections -fdata-sections -O3 -DNDEBUG -std=c++17 -UNDEBUG -fno-exceptions -funwind-tables -fno-rtti -MD -MT lib/CodeGen/SelectionDAG/CMakeFiles/LLVMSelectionDAG.dir/ResourcePriorityQueue.cpp.o -MF lib/CodeGen/SelectionDAG/CMakeFiles/LLVMSelectionDAG.dir/ResourcePriorityQueue.cpp.o.d -o lib/CodeGen/SelectionDAG/CMakeFiles/LLVMSelectionDAG.dir/ResourcePriorityQueue.cpp.o -c /home/jtuyls/iree-ai/llvm-aie-port/llvm/lib/CodeGen/SelectionDAG/ResourcePriorityQueue.cpp
/home/jtuyls/iree-ai/llvm-aie-port/llvm/lib/CodeGen/SelectionDAG/ResourcePriorityQueue.cpp: In constructor ‘llvm::ResourcePriorityQueue::ResourcePriorityQueue(llvm::SelectionDAGISel*)’:
/home/jtuyls/iree-ai/llvm-aie-port/llvm/lib/CodeGen/SelectionDAG/ResourcePriorityQueue.cpp:49:54: error: cannot convert ‘llvm::ResourceCycle*’ to ‘std::unique_ptr<llvm::DFAPacketizer>::pointer’ {aka ‘llvm::DFAPacketizer*’}
   49 |   ResourcesModel.reset(TII->CreateTargetScheduleState(STI));
      |                        ~~~~~~~~~~~~~~~~~~~~~~~~~~~~~~^~~~~
      |                                                      |
      |                                                      llvm::ResourceCycle*
In file included from /usr/include/c++/13/memory:78,
                 from /home/jtuyls/iree-ai/llvm-aie-port/llvm/include/llvm/ADT/STLExtras.h:36,
                 from /home/jtuyls/iree-ai/llvm-aie-port/llvm/include/llvm/ADT/ArrayRef.h:13,
                 from /home/jtuyls/iree-ai/llvm-aie-port/llvm/include/llvm/ADT/BitVector.h:17,
                 from /home/jtuyls/iree-ai/llvm-aie-port/llvm/include/llvm/CodeGen/ScheduleDAG.h:18,
                 from /home/jtuyls/iree-ai/llvm-aie-port/llvm/include/llvm/CodeGen/ResourcePriorityQueue.h:19,
                 from /home/jtuyls/iree-ai/llvm-aie-port/llvm/lib/CodeGen/SelectionDAG/ResourcePriorityQueue.cpp:21:
/usr/include/c++/13/bits/unique_ptr.h:505:21: note:   initializing argument 1 of ‘void std::unique_ptr<_Tp, _Dp>::reset(pointer) [with _Tp = llvm::DFAPacketizer; _Dp = std::default_delete<llvm::DFAPacketizer>; pointer = llvm::DFAPacketizer*]’
  505 |       reset(pointer __p = pointer()) noexcept
      |             ~~~~~~~~^~~~~~~~~~~~~~~
[34/327] Building CXX object lib/CodeGen/SelectionDAG/CMakeFiles/LLVMSelectionDAG.dir/ScheduleDAGVLIW.cpp.o
[35/327] Building CXX object lib/CodeGen/CMakeFiles/LLVMCodeGen.dir/TargetLoweringObjectFileImpl.cpp.o
[36/327] Building CXX object lib/CodeGen/SelectionDAG/CMakeFiles/LLVMSelectionDAG.dir/ScheduleDAGFast.cpp.o
[37/327] Building CXX object lib/Object/CMakeFiles/LLVMObject.dir/Decompressor.cpp.o
[38/327] Building CXX object lib/CodeGen/CMakeFiles/LLVMCodeGen.dir/TargetInstrInfo.cpp.o
[39/327] Building CXX object utils/TableGen/CMakeFiles/llvm-tblgen.dir/AsmMatcherEmitter.cpp.o
[40/327] Building CXX object lib/CodeGen/SelectionDAG/CMakeFiles/LLVMSelectionDAG.dir/FunctionLoweringInfo.cpp.o
[41/327] Building CXX object lib/CodeGen/AsmPrinter/CMakeFiles/LLVMAsmPrinter.dir/ErlangGCPrinter.cpp.o
[42/327] Building CXX object lib/CodeGen/SelectionDAG/CMakeFiles/LLVMSelectionDAG.dir/SelectionDAGPrinter.cpp.o
[43/327] Building CXX object lib/CodeGen/CMakeFiles/LLVMCodeGen.dir/WindowScheduler.cpp.o
[44/327] Building CXX object lib/CodeGen/SelectionDAG/CMakeFiles/LLVMSelectionDAG.dir/ScheduleDAGSDNodes.cpp.o
[45/327] Building CXX object lib/CodeGen/GlobalISel/CMakeFiles/LLVMGlobalISel.dir/CombinerHelperArtifacts.cpp.o
[46/327] Building CXX object lib/CodeGen/SelectionDAG/CMakeFiles/LLVMSelectionDAG.dir/ScheduleDAGRRList.cpp.o
[47/327] Building CXX object utils/TableGen/CMakeFiles/llvm-tblgen.dir/GlobalISelCombinerEmitter.cpp.o
[48/327] Building CXX object utils/TableGen/Common/CMakeFiles/obj.LLVMTableGenCommon.dir/CodeGenDAGPatterns.cpp.o
[49/327] Building CXX object lib/CodeGen/SelectionDAG/CMakeFiles/LLVMSelectionDAG.dir/FastISel.cpp.o
[50/327] Building CXX object utils/TableGen/CMakeFiles/llvm-tblgen.dir/GlobalISelEmitter.cpp.o
[51/327] Building CXX object lib/Object/CMakeFiles/LLVMObject.dir/RelocationResolver.cpp.o
[52/327] Linking CXX executable bin/llvm-tblgen
[53/327] Building CXX object lib/Object/CMakeFiles/LLVMObject.dir/BuildID.cpp.o
[54/327] Building CXX object lib/CodeGen/GlobalISel/CMakeFiles/LLVMGlobalISel.dir/CombinerHelperCasts.cpp.o
[55/327] Building CXX object lib/CodeGen/GlobalISel/CMakeFiles/LLVMGlobalISel.dir/CombinerHelperCompares.cpp.o
[56/327] Building CXX object lib/Object/CMakeFiles/LLVMObject.dir/SymbolSize.cpp.o
[57/327] Building CXX object lib/Frontend/Offloading/CMakeFiles/LLVMFrontendOffloading.dir/Utility.cpp.o
[58/327] Building CXX object lib/Object/CMakeFiles/LLVMObject.dir/IRSymtab.cpp.o
[59/327] Building CXX object lib/CodeGen/GlobalISel/CMakeFiles/LLVMGlobalISel.dir/CombinerHelperVectorOps.cpp.o
[60/327] Building CXX object lib/CodeGen/CMakeFiles/LLVMCodeGen.dir/MachineScheduler.cpp.o
[61/327] Building CXX object lib/CodeGen/GlobalISel/CMakeFiles/LLVMGlobalISel.dir/CallLowering.cpp.o
[62/327] Building AIE2GenAsmWriter.inc...
[63/327] Building AIE2GenAsmMatcher.inc...
[64/327] Building AIE2GenCallingConv.inc...
[65/327] Building AIE2GenFormats.inc...
[66/327] Building AIE2GenDisassemblerTables.inc...
Decoding Conflict:
    .
    _  ABS
    _  ACQ_COND_mLockId_imm
    _  ACQ_COND_mLockId_reg
    _  ACQ_mLockId_imm
    _  ACQ_mLockId_reg
    _  ADC
    _  ADD
    _  ADD_add_r_ri
    _  AND
    _  ASHL
    _  CLB
    _  CLZ
    _  DIVS
    _  DONE
    _  EQ
    _  EQZ
    _  EVENT
    _  EXTENDs16
    _  EXTENDs8
    _  EXTENDu16
    _  EXTENDu8
    _  GE
    _  GEU
    _  JL_IND
    _  JNZD
    _  J_jump_ind
    _  LSHL
    _  LT
    _  LTU
    _  MOVX_alu_cg
    _  MOVX_mvx_scl
    _  MUL_mul_r_rr
    _  NE
    _  NEZ
    _  NOPX
    _  OR
    _  REL_COND_mLockId_imm
    _  REL_COND_mLockId_reg
    _  REL_mLockId_imm
    _  REL_mLockId_reg
    _  RET
    _  SBC
    _  SELEQZ
    _  SELNEZ
    _  SUB
    _  XOR
Decoding Conflict:
    .
    _  LDA_2D_S16_dmhb_lda
    _  LDA_2D_S8_dmhb_lda
    _  LDA_2D_U16_dmhb_lda
    _  LDA_2D_U8_dmhb_lda
    _  LDA_2D_dms_lda
    _  LDA_2D_dmv_lda_q
    _  LDA_3D_S16_dmhb_lda
    _  LDA_3D_S8_dmhb_lda
    _  LDA_3D_U16_dmhb_lda
    _  LDA_3D_U8_dmhb_lda
    _  LDA_3D_dms_lda
    _  LDA_3D_dmv_lda_q
    _  LDA_S16_ag_idx
    _  LDA_S16_ag_idx_imm
    _  LDA_S16_ag_pstm_nrm
    _  LDA_S16_ag_pstm_nrm_imm
    _  LDA_S8_ag_idx
    _  LDA_S8_ag_idx_imm
    _  LDA_S8_ag_pstm_nrm
    _  LDA_S8_ag_pstm_nrm_imm
    _  LDA_TM
    _  LDA_U16_ag_idx
    _  LDA_U16_ag_idx_imm
    _  LDA_U16_ag_pstm_nrm
    _  LDA_U16_ag_pstm_nrm_imm
    _  LDA_U8_ag_idx
    _  LDA_U8_ag_idx_imm
    _  LDA_U8_ag_pstm_nrm
    _  LDA_U8_ag_pstm_nrm_imm
    _  LDA_dms_lda_idx
    _  LDA_dms_lda_idx_imm
    _  LDA_dms_lda_pstm_nrm
    _  LDA_dms_lda_pstm_nrm_imm
    _  LDA_dms_spill
    _  LDA_dmv_lda_q_ag_idx
    _  LDA_dmv_lda_q_ag_idx_imm
    _  LDA_dmv_lda_q_ag_pstm_nrm
    _  LDA_dmv_lda_q_ag_pstm_nrm_imm
    _  LDA_dmv_lda_q_ag_spill
    _  MOVA_lda_cg
    _  MOV_NB_mv_ss2scl
    _  MOV_mv_ss2scl
    _  NOPA
    _  PADDA_2D
    _  PADDA_3D
    _  PADDA_lda_ptr_inc_idx
    _  PADDA_lda_ptr_inc_idx_imm
    _  PADDA_sp_imm
    _  ST_2D_S16
    _  ST_2D_S8
    _  ST_3D_S16
    _  ST_3D_S8
    _  ST_S16_ag_idx
    _  ST_S16_ag_idx_imm
    _  ST_S16_ag_pstm_nrm
    _  ST_S16_ag_pstm_nrm_imm
    _  ST_S8_ag_idx
    _  ST_S8_ag_idx_imm
    _  ST_S8_ag_pstm_nrm
    _  ST_S8_ag_pstm_nrm_imm
    _  VLDA_128
    _  VLDA_2D_CONV_FP32_BF16
    _  VLDA_2D_UPS_S32_D16
    _  VLDA_2D_UPS_S32_D8
    _  VLDA_2D_UPS_S32_S16
    _  VLDA_2D_UPS_S32_S8
    _  VLDA_2D_UPS_S64_D16
    _  VLDA_2D_UPS_S64_D32
    _  VLDA_2D_UPS_S64_S16
    _  VLDA_2D_UPS_S64_S32
    _  VLDA_2D_dmw_lda_am
    _  VLDA_2D_dmw_lda_w
    _  VLDA_3D_CONV_FP32_BF16
    _  VLDA_3D_UPS_S32_D16
    _  VLDA_3D_UPS_S32_D8
    _  VLDA_3D_UPS_S32_S16
    _  VLDA_3D_UPS_S32_S8
    _  VLDA_3D_UPS_S64_D16
    _  VLDA_3D_UPS_S64_D32
    _  VLDA_3D_UPS_S64_S16
    _  VLDA_3D_UPS_S64_S32
    _  VLDA_3D_dmw_lda_am
    _  VLDA_3D_dmw_lda_w
    _  VLDA_CONV_FP32_BF16_ag_idx
    _  VLDA_CONV_FP32_BF16_ag_idx_imm
    _  VLDA_CONV_FP32_BF16_pstm_nrm
    _  VLDA_CONV_FP32_BF16_pstm_nrm_imm
    _  VLDA_UPS_S32_D16_ag_idx
    _  VLDA_UPS_S32_D16_ag_idx_imm
    _  VLDA_UPS_S32_D16_ag_pstm_nrm
    _  VLDA_UPS_S32_D16_ag_pstm_nrm_imm
    _  VLDA_UPS_S32_D8_ag_idx
    _  VLDA_UPS_S32_D8_ag_idx_imm
    _  VLDA_UPS_S32_D8_ag_pstm_nrm
    _  VLDA_UPS_S32_D8_ag_pstm_nrm_imm
    _  VLDA_UPS_S32_S16_ag_idx
    _  VLDA_UPS_S32_S16_ag_idx_imm
    _  VLDA_UPS_S32_S16_ag_pstm_nrm
    _  VLDA_UPS_S32_S16_ag_pstm_nrm_imm
    _  VLDA_UPS_S32_S8_ag_idx
    _  VLDA_UPS_S32_S8_ag_idx_imm
    _  VLDA_UPS_S32_S8_ag_pstm_nrm
    _  VLDA_UPS_S32_S8_ag_pstm_nrm_imm
    _  VLDA_UPS_S64_D16_ag_idx
    _  VLDA_UPS_S64_D16_ag_idx_imm
    _  VLDA_UPS_S64_D16_ag_pstm_nrm
    _  VLDA_UPS_S64_D16_ag_pstm_nrm_imm
    _  VLDA_UPS_S64_D32_ag_idx
    _  VLDA_UPS_S64_D32_ag_idx_imm
    _  VLDA_UPS_S64_D32_ag_pstm_nrm
    _  VLDA_UPS_S64_D32_ag_pstm_nrm_imm
    _  VLDA_UPS_S64_S16_ag_idx
    _  VLDA_UPS_S64_S16_ag_idx_imm
    _  VLDA_UPS_S64_S16_ag_pstm_nrm
    _  VLDA_UPS_S64_S16_ag_pstm_nrm_imm
    _  VLDA_UPS_S64_S32_ag_idx
    _  VLDA_UPS_S64_S32_ag_idx_imm
    _  VLDA_UPS_S64_S32_ag_pstm_nrm
    _  VLDA_UPS_S64_S32_ag_pstm_nrm_imm
    _  VLDA_dmw_lda_am_ag_idx
    _  VLDA_dmw_lda_am_ag_idx_imm
    _  VLDA_dmw_lda_am_ag_pstm_nrm
    _  VLDA_dmw_lda_am_ag_pstm_nrm_imm
    _  VLDA_dmw_lda_am_ag_spill
    _  VLDA_dmw_lda_w_ag_idx
    _  VLDA_dmw_lda_w_ag_idx_imm
    _  VLDA_dmw_lda_w_ag_pstm_nrm
    _  VLDA_dmw_lda_w_ag_pstm_nrm_imm
    _  VLDA_dmw_lda_w_ag_spill
    _  VMOV_HI
    _  VMOV_LO
    _  VMOV_mv_scd
Decoding Conflict:
    .
    _  NOPB
    _  PADDB_2D
    _  PADDB_3D
    _  PADDB_ldb_ptr_inc_nospill_nrm
    _  PADDB_ldb_ptr_inc_nrm_imm
    _  PADDB_sp_imm
    _  VLDB_128_ag_idx
    _  VLDB_128_ag_pstm_nrm
    _  VLDB_2D
    _  VLDB_2D_128
    _  VLDB_2D_UNPACK_D16_D8
    _  VLDB_2D_UNPACK_D8_D4
    _  VLDB_2D_UNPACK_S16_S8
    _  VLDB_2D_UNPACK_S8_S4
    _  VLDB_3D
    _  VLDB_3D_128
    _  VLDB_3D_UNPACK_D16_D8
    _  VLDB_3D_UNPACK_D8_D4
    _  VLDB_3D_UNPACK_S16_S8
    _  VLDB_3D_UNPACK_S8_S4
    _  VLDB_4x16_HI
    _  VLDB_4x16_LO
    _  VLDB_4x32_HI
    _  VLDB_4x32_LO
    _  VLDB_4x64_HI
    _  VLDB_4x64_LO
    _  VLDB_COMPR_FILL
    _  VLDB_COMPR_PEEK
    _  VLDB_COMPR_POP
    _  VLDB_COMPR_RESET
    _  VLDB_SPARSE_FILL_16
    _  VLDB_SPARSE_FILL_4
    _  VLDB_SPARSE_FILL_8
    _  VLDB_SPARSE_PEEK_16
    _  VLDB_SPARSE_PEEK_4
    _  VLDB_SPARSE_PEEK_8
    _  VLDB_SPARSE_POP_16
    _  VLDB_SPARSE_POP_4
    _  VLDB_SPARSE_POP_8
    _  VLDB_SPARSE_RESET_16
    _  VLDB_SPARSE_RESET_4
    _  VLDB_SPARSE_RESET_8
    _  VLDB_UNPACK_D16_D8_ag_idx
    _  VLDB_UNPACK_D16_D8_ag_pstm_nrm
    _  VLDB_UNPACK_D8_D4_ag_idx
    _  VLDB_UNPACK_D8_D4_pstm_nrm
    _  VLDB_UNPACK_S16_S8_ag_idx
    _  VLDB_UNPACK_S16_S8_ag_pstm_nrm
    _  VLDB_UNPACK_S8_S4_ag_idx
    _  VLDB_UNPACK_S8_S4_ag_pstm_nrm
    _  VLDB_dmw_ldb_ag_idx
    _  VLDB_dmw_ldb_ag_idx_imm
    _  VLDB_dmw_ldb_ag_pstm_nrm
    _  VLDB_dmw_ldb_ag_pstm_nrm_imm
    _  VUNPACK_D16_D8
    _  VUNPACK_D8_D4
    _  VUNPACK_S16_S8
    _  VUNPACK_S8_S4
Decoding Conflict:
    .
    _  JL
    _  JNZ
    _  JZ
    _  J_jump_imm
    _  MOVXM_lng_cg
    _  NOPXM
Decoding Conflict:
    .
    _  ADD_NC
    _  MOV_CNTR
    _  MOV_D1
    _  MOV_D2
    _  MOV_D3
    _  MOV_D4
    _  MOV_D5
    _  MOV_D6
    _  MOV_mv_cg
    _  MOV_mv_scl
    _  NOPM
    _  VABS_GTZ_D16
    _  VABS_GTZ_D32
    _  VABS_GTZ_D8
    _  VABS_GTZ_S16
    _  VABS_GTZ_S32
    _  VABS_GTZ_S8
    _  VADDSUB_16
    _  VADDSUB_32
    _  VADDSUB_8
    _  VADD_16
    _  VADD_32
    _  VADD_8
    _  VBAND
    _  VBCSTSHFL_16
    _  VBCSTSHFL_32
    _  VBCSTSHFL_64
    _  VBCSTSHFL_8
    _  VBCST_16
    _  VBCST_32
    _  VBCST_64
    _  VBCST_8
    _  VBNEG_LTZ_S16
    _  VBNEG_LTZ_S32
    _  VBNEG_LTZ_S8
    _  VBOR
    _  VCONV_FP32_BF16
    _  VEQZ_16
    _  VEQZ_32
    _  VEQZ_8
    _  VEXTBCST_16_mExtractIdxImm
    _  VEXTBCST_16_mRm
    _  VEXTBCST_32_mExtractIdxImm
    _  VEXTBCST_32_mRm
    _  VEXTBCST_64_mExtractIdxImm
    _  VEXTBCST_64_mRm
    _  VEXTBCST_8_mExtractIdxImm
    _  VEXTBCST_8_mRm
    _  VEXTRACT_D16
    _  VEXTRACT_D32
    _  VEXTRACT_D64
    _  VEXTRACT_D8
    _  VEXTRACT_S16
    _  VEXTRACT_S32
    _  VEXTRACT_S64
    _  VEXTRACT_S8
    _  VGE_BF16
    _  VGE_D16
    _  VGE_D32
    _  VGE_D8
    _  VGE_S16
    _  VGE_S32
    _  VGE_S8
    _  VINSERT_16
    _  VINSERT_32
    _  VINSERT_64
    _  VINSERT_8
    _  VLT_BF16
    _  VLT_D16
    _  VLT_D32
    _  VLT_D8
    _  VLT_S16
    _  VLT_S32
    _  VLT_S8
    _  VMAXDIFF_LT_D16
    _  VMAXDIFF_LT_D32
    _  VMAXDIFF_LT_D8
    _  VMAXDIFF_LT_S16
    _  VMAXDIFF_LT_S32
    _  VMAXDIFF_LT_S8
    _  VMAX_LT_BF16
    _  VMAX_LT_D16
    _  VMAX_LT_D32
    _  VMAX_LT_D8
    _  VMAX_LT_S16
    _  VMAX_LT_S32
    _  VMAX_LT_S8
    _  VMIN_GE_BF16
    _  VMIN_GE_D16
    _  VMIN_GE_D32
    _  VMIN_GE_D8
    _  VMIN_GE_S16
    _  VMIN_GE_S32
    _  VMIN_GE_S8
    _  VMOV_mv_cm
    _  VMOV_mv_w
    _  VMOV_mv_x
    _  VNEG_GTZ16
    _  VNEG_GTZ32
    _  VNEG_GTZ8
    _  VPUSH_HI_16
    _  VPUSH_HI_32
    _  VPUSH_HI_64
    _  VPUSH_HI_8
    _  VPUSH_LO_16
    _  VPUSH_LO_32
    _  VPUSH_LO_64
    _  VPUSH_LO_8
    _  VSEL_16
    _  VSEL_32
    _  VSEL_8
    _  VSHIFT
    _  VSHIFT_ALIGN
    _  VSHUFFLE
    _  VSRSM_D16_S32
    _  VSRSM_D32_S64
    _  VSRSM_S16_S32
    _  VSRSM_S32_S64
    _  VSUB_16
    _  VSUB_32
    _  VSUB_8
    _  VSUB_GE_D16
    _  VSUB_GE_D32
    _  VSUB_GE_D8
    _  VSUB_GE_S16
    _  VSUB_GE_S32
    _  VSUB_GE_S8
    _  VSUB_LT_D16
    _  VSUB_LT_D32
    _  VSUB_LT_D8
    _  VSUB_LT_S16
    _  VSUB_LT_S32
    _  VSUB_LT_S8
    _  VUPS_S32_D16_mv_ups_w2b
    _  VUPS_S32_D16_mv_ups_x2c
    _  VUPS_S32_D8_mv_ups_w2c
    _  VUPS_S32_S16_mv_ups_w2b
    _  VUPS_S32_S16_mv_ups_x2c
    _  VUPS_S32_S8_mv_ups_w2c
    _  VUPS_S64_D16_mv_ups_w2c
    _  VUPS_S64_D32_mv_ups_w2b
    _  VUPS_S64_D32_mv_ups_x2c
    _  VUPS_S64_S16_mv_ups_w2c
    _  VUPS_S64_S32_mv_ups_w2b
    _  VUPS_S64_S32_mv_ups_x2c
Decoding Conflict:
    .
    _  MOV_NB_TLAST_mv_cph2ms
    _  MOV_NB_TLAST_mv_ph2ms
    _  MOV_NB_TLAST_mv_scl2ms
    _  MOV_NB_mv_cph2ms
    _  MOV_NB_mv_cph2ms_doTlast_reg
    _  MOV_NB_mv_ph2ms
    _  MOV_NB_mv_ph2ms_doTlast_reg
    _  MOV_NB_mv_scl2ms
    _  MOV_NB_mv_scl2ms_doTlast_reg
    _  MOV_TLAST_mv_cph2ms
    _  MOV_TLAST_mv_ph2ms
    _  MOV_TLAST_mv_scl2ms
    _  MOV_mv_cph2ms
    _  MOV_mv_cph2ms_doTlast_reg
    _  MOV_mv_ph2ms
    _  MOV_mv_ph2ms_doTlast_reg
    _  MOV_mv_scl2ms
    _  MOV_mv_scl2ms_doTlast_reg
    _  NOPS
    _  PADDS_2D
    _  PADDS_3D
    _  PADDS_st_ptr_inc_idx
    _  PADDS_st_ptr_inc_idx_imm
    _  ST_2D_dms_sts
    _  ST_2D_dmv_sts_q
    _  ST_3D_dms_sts
    _  ST_3D_dmv_sts_q
    _  ST_TM
    _  ST_dms_spill
    _  ST_dms_sts_idx
    _  ST_dms_sts_idx_imm
    _  ST_dms_sts_pstm_nrm
    _  ST_dms_sts_pstm_nrm_imm
    _  ST_dmv_sts_q_ag_idx
    _  ST_dmv_sts_q_ag_idx_imm
    _  ST_dmv_sts_q_ag_pstm_nrm
    _  ST_dmv_sts_q_ag_pstm_nrm_imm
    _  ST_dmv_sts_q_ag_spill
    _  VCONV_BF16_FP32
    _  VFLOOR_S32_BF16_mFl2FxSrc_AM
    _  VFLOOR_S32_BF16_mFl2FxSrc_W
    _  VMOV_mv_mcd
    _  VPACK_D4_D8
    _  VPACK_D8_D16
    _  VPACK_S4_S8
    _  VPACK_S8_S16
    _  VSRS_D16_S32_mv_w_srs
    _  VSRS_D16_S32_mv_x_srs
    _  VSRS_D16_S64_mv_w_srs
    _  VSRS_D32_S64_mv_w_srs
    _  VSRS_D32_S64_mv_x_srs
    _  VSRS_D8_S32_mv_w_srs
    _  VSRS_S16_S32_mv_w_srs
    _  VSRS_S16_S32_mv_x_srs
    _  VSRS_S16_S64_mv_w_srs
    _  VSRS_S32_S64_mv_w_srs
    _  VSRS_S32_S64_mv_x_srs
    _  VSRS_S8_S32_mv_w_srs
    _  VST_128_ag_idx
    _  VST_128_ag_idx_imm
    _  VST_128_ag_pstm_nrm
    _  VST_128_ag_pstm_nrm_imm
    _  VST_128_ag_spill
    _  VST_2D_128
    _  VST_2D_PACK_D4_D8
    _  VST_2D_PACK_D8_D16
    _  VST_2D_PACK_S4_S8
    _  VST_2D_PACK_S8_S16
    _  VST_2D_SRS_D16_S32
    _  VST_2D_SRS_D16_S64
    _  VST_2D_SRS_D32_S64
    _  VST_2D_SRS_D8_S32
    _  VST_2D_SRS_S16_S32
    _  VST_2D_SRS_S16_S64
    _  VST_2D_SRS_S32_S64
    _  VST_2D_SRS_S8_S32
    _  VST_2D_dmw_sts_am
    _  VST_2D_dmw_sts_w
    _  VST_3D_128
    _  VST_3D_PACK_D4_D8
    _  VST_3D_PACK_D8_D16
    _  VST_3D_PACK_S4_S8
    _  VST_3D_PACK_S8_S16
    _  VST_3D_SRS_D16_S32
    _  VST_3D_SRS_D16_S64
    _  VST_3D_SRS_D32_S64
    _  VST_3D_SRS_D8_S32
    _  VST_3D_SRS_S16_S32
    _  VST_3D_SRS_S16_S64
    _  VST_3D_SRS_S32_S64
    _  VST_3D_SRS_S8_S32
    _  VST_3D_dmw_sts_am
    _  VST_3D_dmw_sts_w
    _  VST_CONV_2D_BF16_FP32
    _  VST_CONV_3D_BF16_FP32
    _  VST_CONV_BF16_FP32_ag_idx
    _  VST_CONV_BF16_FP32_ag_idx_imm
    _  VST_CONV_BF16_FP32_ag_pstm_nrm
    _  VST_CONV_BF16_FP32_ag_pstm_nrm_imm
    _  VST_PACK_D4_D8_ag_idx
    _  VST_PACK_D4_D8_ag_idx_imm
    _  VST_PACK_D4_D8_ag_pstm_nrm
    _  VST_PACK_D4_D8_ag_pstm_nrm_imm
    _  VST_PACK_D8_D16_ag_idx
    _  VST_PACK_D8_D16_ag_idx_imm
    _  VST_PACK_D8_D16_ag_pstm_nrm
    _  VST_PACK_D8_D16_ag_pstm_nrm_imm
    _  VST_PACK_S4_S8_ag_idx
    _  VST_PACK_S4_S8_ag_idx_imm
    _  VST_PACK_S4_S8_ag_pstm_nrm
    _  VST_PACK_S4_S8_ag_pstm_nrm_imm
    _  VST_PACK_S8_S16_ag_idx
    _  VST_PACK_S8_S16_ag_idx_imm
    _  VST_PACK_S8_S16_ag_pstm_nrm
    _  VST_PACK_S8_S16_ag_pstm_nrm_imm
    _  VST_SRS_D16_S32_ag_idx
    _  VST_SRS_D16_S32_ag_idx_imm
    _  VST_SRS_D16_S32_ag_pstm_nrm
    _  VST_SRS_D16_S32_ag_pstm_nrm_imm
    _  VST_SRS_D16_S64_ag_idx
    _  VST_SRS_D16_S64_ag_idx_imm
    _  VST_SRS_D16_S64_ag_pstm_nrm
    _  VST_SRS_D16_S64_ag_pstm_nrm_imm
    _  VST_SRS_D32_S64_ag_idx
    _  VST_SRS_D32_S64_ag_idx_imm
    _  VST_SRS_D32_S64_ag_pstm_nrm
    _  VST_SRS_D32_S64_ag_pstm_nrm_imm
    _  VST_SRS_D8_S32_ag_idx
    _  VST_SRS_D8_S32_ag_idx_imm
    _  VST_SRS_D8_S32_ag_pstm_nrm
    _  VST_SRS_D8_S32_ag_pstm_nrm_imm
    _  VST_SRS_S16_S32_ag_idx
    _  VST_SRS_S16_S32_ag_idx_imm
    _  VST_SRS_S16_S32_ag_pstm_nrm
    _  VST_SRS_S16_S32_ag_pstm_nrm_imm
    _  VST_SRS_S16_S64_ag_idx
    _  VST_SRS_S16_S64_ag_idx_imm
    _  VST_SRS_S16_S64_ag_pstm_nrm
    _  VST_SRS_S16_S64_ag_pstm_nrm_imm
    _  VST_SRS_S32_S64_ag_idx
    _  VST_SRS_S32_S64_ag_idx_imm
    _  VST_SRS_S32_S64_ag_pstm_nrm
    _  VST_SRS_S32_S64_ag_pstm_nrm_imm
    _  VST_SRS_S8_S32_ag_idx
    _  VST_SRS_S8_S32_ag_idx_imm
    _  VST_SRS_S8_S32_ag_pstm_nrm
    _  VST_SRS_S8_S32_ag_pstm_nrm_imm
    _  VST_dmw_sts_am_ag_idx
    _  VST_dmw_sts_am_ag_idx_imm
    _  VST_dmw_sts_am_ag_pstm_nrm
    _  VST_dmw_sts_am_ag_pstm_nrm_imm
    _  VST_dmw_sts_am_ag_spill
    _  VST_dmw_sts_w_ag_idx
    _  VST_dmw_sts_w_ag_idx_imm
    _  VST_dmw_sts_w_ag_pstm_nrm
    _  VST_dmw_sts_w_ag_pstm_nrm_imm
    _  VST_dmw_sts_w_ag_spill
Decoding Conflict:
    .
    _  NOPV
    _  VADD
    _  VADDMAC_F_vmac_bm_core_dense
    _  VADDMAC_F_vmac_bm_core_sparse_narrow
    _  VADDMAC_F_vmac_bm_core_sparse_wide
    _  VADDMAC_vmac_bm_core_dense
    _  VADDMAC_vmac_cm_core_sparse_narrow
    _  VADDMAC_vmac_cm_core_sparse_wide
    _  VADDMSC_F_vmac_bm_core_dense
    _  VADDMSC_F_vmac_bm_core_sparse_narrow
    _  VADDMSC_F_vmac_bm_core_sparse_wide
    _  VADDMSC_vmac_bm_core_dense
    _  VADDMSC_vmac_cm_core_sparse_narrow
    _  VADDMSC_vmac_cm_core_sparse_wide
    _  VADD_F
    _  VCLR_vclr
    _  VCLR_vclr_BF
    _  VMAC_F_vmac_bm_core_dense
    _  VMAC_F_vmac_bm_core_sparse_narrow
    _  VMAC_F_vmac_bm_core_sparse_wide
    _  VMAC_vmac_cm_core_dense
    _  VMAC_vmac_cm_core_sparse_narrow
    _  VMAC_vmac_cm_core_sparse_wide
    _  VMOV_D
    _  VMSC_F_vmac_bm_core_dense
    _  VMSC_F_vmac_bm_core_sparse_narrow
    _  VMSC_F_vmac_bm_core_sparse_wide
    _  VMSC_vmac_cm_core_dense
    _  VMSC_vmac_cm_core_sparse_narrow
    _  VMSC_vmac_cm_core_sparse_wide
    _  VMUL_F_vmac_bm_core_dense
    _  VMUL_F_vmac_bm_core_sparse_narrow
    _  VMUL_F_vmac_bm_core_sparse_wide
    _  VMUL_vmac_cm_core_dense
    _  VMUL_vmac_cm_core_sparse_narrow
    _  VMUL_vmac_cm_core_sparse_wide
    _  VNEG
    _  VNEGADD
    _  VNEGADD_F
    _  VNEGMAC_vmac_cm_core_dense
    _  VNEGMAC_vmac_cm_core_sparse_narrow
    _  VNEGMAC_vmac_cm_core_sparse_wide
    _  VNEGMSC_vmac_cm_core_dense
    _  VNEGMSC_vmac_cm_core_sparse_narrow
    _  VNEGMSC_vmac_cm_core_sparse_wide
    _  VNEGMUL_F_vmac_bm_core_dense
    _  VNEGMUL_F_vmac_bm_core_sparse_narrow
    _  VNEGMUL_F_vmac_bm_core_sparse_wide
    _  VNEGMUL_vmac_cm_core_dense
    _  VNEGMUL_vmac_cm_core_sparse_narrow
    _  VNEGMUL_vmac_cm_core_sparse_wide
    _  VNEGSUB
    _  VNEGSUB_F
    _  VNEG_F
    _  VSUB
    _  VSUBMAC_vmac_bm_core_dense
    _  VSUBMAC_vmac_cm_core_sparse_narrow
    _  VSUBMAC_vmac_cm_core_sparse_wide
    _  VSUBMSC_vmac_bm_core_dense
    _  VSUBMSC_vmac_cm_core_sparse_narrow
    _  VSUBMSC_vmac_cm_core_sparse_wide
    _  VSUB_F
warning: Decoding conflict encountered
[67/327] Building AIE2GenGlobalISel.inc...
[68/327] Building AIE2GenMCCodeEmitter.inc...
[69/327] Building AIE2GenMCPseudoLowering.inc...
[70/327] Building CXX object lib/Object/CMakeFiles/LLVMObject.dir/OffloadBinary.cpp.o
[71/327] Building AIE2GenPostLegalizerGICustomCombiner.inc...
[72/327] Building CXX object lib/ObjectYAML/CMakeFiles/LLVMObjectYAML.dir/GOFFEmitter.cpp.o
[73/327] Building AIE2GenPostLegalizerGIGenericCombiner.inc...
[74/327] Building AIE2GenInstrInfo.inc...
[75/327] Building CXX object lib/ObjectYAML/CMakeFiles/LLVMObjectYAML.dir/COFFEmitter.cpp.o
[76/327] Building CXX object lib/DebugInfo/GSYM/CMakeFiles/LLVMDebugInfoGSYM.dir/ObjectFileTransformer.cpp.o
[77/327] Building AIE2GenPreSchedLowering.inc...
[78/327] Building AIE2GenPreLegalizerGICombiner.inc...
[79/327] Building CXX object lib/CodeGen/SelectionDAG/CMakeFiles/LLVMSelectionDAG.dir/StatepointLowering.cpp.o
[80/327] Building AIE2GenRegisterBank.inc...
[81/327] Building AIE2GenMemoryCycles.inc...
[82/327] Building AIE2GenSplitInstrTables.inc...
[83/327] Building CXX object lib/Object/CMakeFiles/LLVMObject.dir/OffloadBundle.cpp.o
[84/327] Building AIE2GenVarInstructionItin.inc...
[85/327] Building AIE2GenRegisterInfo.inc...
[86/327] Building AIE2GenSubtargetInfo.inc...
[87/326] Building AIE2PGenAsmWriter.inc...
[88/326] Building AIE2PGenAsmMatcher.inc...
[89/326] Building AIE2PGenDisassemblerTables.inc...
Decoding Conflict:
    .
    _  ABS
    _  ACQ_COND_mLockId_imm
    _  ACQ_COND_mLockId_reg
    _  ACQ_mLockId_imm
    _  ACQ_mLockId_reg
    _  ADC
    _  ADD_add_r_ri
    _  ADD_alu_r_rr
    _  AND
    _  ASHL
    _  CLB
    _  CLZ
    _  DIVS
    _  DONE
    _  EQ
    _  EQZ
    _  EVENT_ERROR
    _  EVENT_WARNING
    _  EVENT_event0
    _  EVENT_event1
    _  EXTEND_s16
    _  EXTEND_s8
    _  EXTEND_u16
    _  EXTEND_u8
    _  GE
    _  GEU
    _  INVSQRT_mOptConvDel_mRx
    _  INVSQRT_mOptConvDel_mRx_mOptConv
    _  INVSQRT_mRx
    _  INVSQRT_mRx_mOptConv
    _  INV_mOptConvDel_mRx
    _  INV_mOptConvDel_mRx_mOptConv
    _  INV_mRx
    _  INV_mRx_mOptConv
    _  JL_alumv_or
    _  JNZD
    _  J_alumv_or
    _  LSHL
    _  LT
    _  LTU
    _  MAC
    _  MOVX_alu_cg
    _  MOVX_mvx_cr_imm
    _  MOVX_mvx_cr_r
    _  MOV_alu_mv_alu_flt2fx
    _  MOV_alu_mv_alu_fx2flt
    _  MSC
    _  MUL
    _  NE
    _  NEZ
    _  NOPX
    _  OR
    _  POPCOUNT
    _  REL_COND_mLockId_imm
    _  REL_COND_mLockId_reg
    _  REL_mLockId_imm
    _  REL_mLockId_reg
    _  RET
    _  SBC
    _  SEL_EQZ
    _  SEL_NEZ
    _  SQRT_mOptConvDel_mRx
    _  SQRT_mOptConvDel_mRx_mOptConv
    _  SQRT_mRx
    _  SQRT_mRx_mOptConv
    _  SUB
    _  XOR
Decoding Conflict:
    .
    _  LDA_2D_dms_lda
    _  LDA_2D_dmv_lda_q
    _  LDA_2D_s16
    _  LDA_2D_s8
    _  LDA_2D_u16
    _  LDA_2D_u8
    _  LDA_3D_dms_lda
    _  LDA_3D_dmv_lda_q
    _  LDA_3D_s16
    _  LDA_3D_s8
    _  LDA_3D_u16
    _  LDA_3D_u8
    _  LDA_TM_2D
    _  LDA_TM_3D
    _  LDA_TM_idx
    _  LDA_TM_idx_imm
    _  LDA_TM_pstm_nrm
    _  LDA_TM_pstm_nrm_imm
    _  LDA_dms_lda_idx
    _  LDA_dms_lda_idx_imm
    _  LDA_dms_lda_pstm_nrm
    _  LDA_dms_lda_pstm_nrm_imm
    _  LDA_dms_lda_spill
    _  LDA_dmv_lda_q_idx
    _  LDA_dmv_lda_q_idx_imm
    _  LDA_dmv_lda_q_pstm_nrm
    _  LDA_dmv_lda_q_pstm_nrm_imm
    _  LDA_dmv_lda_q_spill
    _  LDA_s16_idx
    _  LDA_s16_idx_imm
    _  LDA_s16_pstm_nrm
    _  LDA_s16_pstm_nrm_imm
    _  LDA_s8_idx
    _  LDA_s8_idx_imm
    _  LDA_s8_pstm_nrm
    _  LDA_s8_pstm_nrm_imm
    _  LDA_u16_idx
    _  LDA_u16_idx_imm
    _  LDA_u16_pstm_nrm
    _  LDA_u16_pstm_nrm_imm
    _  LDA_u8_idx
    _  LDA_u8_idx_imm
    _  LDA_u8_pstm_nrm
    _  LDA_u8_pstm_nrm_imm
    _  MOVA
    _  MOV_lda
    _  MOV_nb_lda
    _  NOPA
    _  PADDA_2D
    _  PADDA_3D
    _  PADDA_pstm_nrm
    _  PADDA_pstm_nrm_imm
    _  ST_2D_s16
    _  ST_2D_s8
    _  ST_3D_s16
    _  ST_3D_s8
    _  ST_s16_idx
    _  ST_s16_idx_imm
    _  ST_s16_pstm_nrm
    _  ST_s16_pstm_nrm_imm
    _  ST_s8_idx
    _  ST_s8_idx_imm
    _  ST_s8_pstm_nrm
    _  ST_s8_pstm_nrm_imm
    _  VLDA_128_dmv_lda_w_idx
    _  VLDA_128_dmv_lda_w_idx_imm
    _  VLDA_128_dmv_lda_w_pstm_nrm
    _  VLDA_128_dmv_lda_w_pstm_nrm_imm
    _  VLDA_128_dmv_lda_w_spill
    _  VLDA_2D_128
    _  VLDA_2D_CONV_fp32_bf16_dmw_lda_ups_bf
    _  VLDA_2D_CONV_fp32_bf16_dmx_lda_ups_bf
    _  VLDA_2D_UPS_2x_dmw_lda_ups_w2b_upsSign0
    _  VLDA_2D_UPS_2x_dmw_lda_ups_w2b_upsSign1
    _  VLDA_2D_UPS_2x_dmx_lda_ups_x2c_upsSign0
    _  VLDA_2D_UPS_2x_dmx_lda_ups_x2c_upsSign1
    _  VLDA_2D_UPS_4x_dmw_lda_ups_w2c_upsSign0
    _  VLDA_2D_UPS_4x_dmw_lda_ups_w2c_upsSign1
    _  VLDA_2D_UPS_4x_dmx_lda_ups_x2d_upsSign0
    _  VLDA_2D_UPS_4x_dmx_lda_ups_x2d_upsSign1
    _  VLDA_2D_dmw_lda_w
    _  VLDA_2D_dmx_lda_bm
    _  VLDA_2D_dmx_lda_fifohl
    _  VLDA_2D_dmx_lda_x
    _  VLDA_3D_128
    _  VLDA_3D_CONV_fp32_bf16_dmw_lda_ups_bf
    _  VLDA_3D_CONV_fp32_bf16_dmx_lda_ups_bf
    _  VLDA_3D_UPS_2x_dmw_lda_ups_w2b_upsSign0
    _  VLDA_3D_UPS_2x_dmw_lda_ups_w2b_upsSign1
    _  VLDA_3D_UPS_2x_dmx_lda_ups_x2c_upsSign0
    _  VLDA_3D_UPS_2x_dmx_lda_ups_x2c_upsSign1
    _  VLDA_3D_UPS_4x_dmw_lda_ups_w2c_upsSign0
    _  VLDA_3D_UPS_4x_dmw_lda_ups_w2c_upsSign1
    _  VLDA_3D_UPS_4x_dmx_lda_ups_x2d_upsSign0
    _  VLDA_3D_UPS_4x_dmx_lda_ups_x2d_upsSign1
    _  VLDA_3D_dmw_lda_w
    _  VLDA_3D_dmx_lda_bm
    _  VLDA_3D_dmx_lda_fifohl
    _  VLDA_3D_dmx_lda_x
    _  VLDA_CONV_fp32_bf16_dmw_lda_ups_bf_idx
    _  VLDA_CONV_fp32_bf16_dmw_lda_ups_bf_idx_imm
    _  VLDA_CONV_fp32_bf16_dmw_lda_ups_bf_pstm_nrm
    _  VLDA_CONV_fp32_bf16_dmw_lda_ups_bf_pstm_nrm_imm
    _  VLDA_CONV_fp32_bf16_dmx_lda_ups_bf_idx
    _  VLDA_CONV_fp32_bf16_dmx_lda_ups_bf_idx_imm
    _  VLDA_CONV_fp32_bf16_dmx_lda_ups_bf_pstm_nrm
    _  VLDA_CONV_fp32_bf16_dmx_lda_ups_bf_pstm_nrm_imm
    _  VLDA_FILL_512
    _  VLDA_POP_512_2D
    _  VLDA_POP_512_3D
    _  VLDA_POP_512_fifo_1d_pop
    _  VLDA_POP_512_normal_pop
    _  VLDA_POP_544_2D
    _  VLDA_POP_544_3D
    _  VLDA_POP_544_fifo_1d_pop
    _  VLDA_POP_544_normal_pop
    _  VLDA_POP_576_2D
    _  VLDA_POP_576_3D
    _  VLDA_POP_576_fifo_1d_pop
    _  VLDA_POP_576_normal_pop
    _  VLDA_POP_640_2D
    _  VLDA_POP_640_3D
    _  VLDA_POP_640_fifo_1d_pop
    _  VLDA_POP_640_normal_pop
    _  VLDA_POP_704_2D
    _  VLDA_POP_704_3D
    _  VLDA_POP_704_fifo_1d_pop
    _  VLDA_POP_704_normal_pop
    _  VLDA_UPS_2x_dmw_lda_ups_w2b_idx_imm_upsSign0
    _  VLDA_UPS_2x_dmw_lda_ups_w2b_idx_imm_upsSign1
    _  VLDA_UPS_2x_dmw_lda_ups_w2b_idx_upsSign0
    _  VLDA_UPS_2x_dmw_lda_ups_w2b_idx_upsSign1
    _  VLDA_UPS_2x_dmw_lda_ups_w2b_pstm_nrm_imm_upsSign0
    _  VLDA_UPS_2x_dmw_lda_ups_w2b_pstm_nrm_imm_upsSign1
    _  VLDA_UPS_2x_dmw_lda_ups_w2b_pstm_nrm_upsSign0
    _  VLDA_UPS_2x_dmw_lda_ups_w2b_pstm_nrm_upsSign1
    _  VLDA_UPS_2x_dmx_lda_ups_x2c_idx_imm_upsSign0
    _  VLDA_UPS_2x_dmx_lda_ups_x2c_idx_imm_upsSign1
    _  VLDA_UPS_2x_dmx_lda_ups_x2c_idx_upsSign0
    _  VLDA_UPS_2x_dmx_lda_ups_x2c_idx_upsSign1
    _  VLDA_UPS_2x_dmx_lda_ups_x2c_pstm_nrm_imm_upsSign0
    _  VLDA_UPS_2x_dmx_lda_ups_x2c_pstm_nrm_imm_upsSign1
    _  VLDA_UPS_2x_dmx_lda_ups_x2c_pstm_nrm_upsSign0
    _  VLDA_UPS_2x_dmx_lda_ups_x2c_pstm_nrm_upsSign1
    _  VLDA_UPS_4x_dmw_lda_ups_w2c_idx_imm_upsSign0
    _  VLDA_UPS_4x_dmw_lda_ups_w2c_idx_imm_upsSign1
    _  VLDA_UPS_4x_dmw_lda_ups_w2c_idx_upsSign0
    _  VLDA_UPS_4x_dmw_lda_ups_w2c_idx_upsSign1
    _  VLDA_UPS_4x_dmw_lda_ups_w2c_pstm_nrm_imm_upsSign0
    _  VLDA_UPS_4x_dmw_lda_ups_w2c_pstm_nrm_imm_upsSign1
    _  VLDA_UPS_4x_dmw_lda_ups_w2c_pstm_nrm_upsSign0
    _  VLDA_UPS_4x_dmw_lda_ups_w2c_pstm_nrm_upsSign1
    _  VLDA_UPS_4x_dmx_lda_ups_x2d_idx_imm_upsSign0
    _  VLDA_UPS_4x_dmx_lda_ups_x2d_idx_imm_upsSign1
    _  VLDA_UPS_4x_dmx_lda_ups_x2d_idx_upsSign0
    _  VLDA_UPS_4x_dmx_lda_ups_x2d_idx_upsSign1
    _  VLDA_UPS_4x_dmx_lda_ups_x2d_pstm_nrm_imm_upsSign0
    _  VLDA_UPS_4x_dmx_lda_ups_x2d_pstm_nrm_imm_upsSign1
    _  VLDA_UPS_4x_dmx_lda_ups_x2d_pstm_nrm_upsSign0
    _  VLDA_UPS_4x_dmx_lda_ups_x2d_pstm_nrm_upsSign1
    _  VLDA_dmw_lda_w_idx
    _  VLDA_dmw_lda_w_idx_imm
    _  VLDA_dmw_lda_w_pstm_nrm
    _  VLDA_dmw_lda_w_pstm_nrm_imm
    _  VLDA_dmw_lda_w_spill
    _  VLDA_dmx_lda_bm_idx
    _  VLDA_dmx_lda_bm_idx_imm
    _  VLDA_dmx_lda_bm_pstm_nrm
    _  VLDA_dmx_lda_bm_pstm_nrm_imm
    _  VLDA_dmx_lda_bm_spill
    _  VLDA_dmx_lda_fifohl_idx
    _  VLDA_dmx_lda_fifohl_idx_imm
    _  VLDA_dmx_lda_fifohl_pstm_nrm
    _  VLDA_dmx_lda_fifohl_pstm_nrm_imm
    _  VLDA_dmx_lda_fifohl_spill
    _  VLDA_dmx_lda_x_idx
    _  VLDA_dmx_lda_x_idx_imm
    _  VLDA_dmx_lda_x_pstm_nrm
    _  VLDA_dmx_lda_x_pstm_nrm_imm
    _  VLDA_dmx_lda_x_spill
    _  VMOV_0_mv_scd_cm
    _  VMOV_0_mv_scd_dm_imm
    _  VMOV_1_mv_scd_cm
    _  VMOV_1_mv_scd_dm_imm
    _  VMOV_2
    _  VMOV_3
    _  VMOV_lda_mv_scd_bm
    _  VMOV_lda_mv_scd_dm_dyn
    _  VMOV_lda_mv_scd_dm_reg
    _  VMOV_lda_mv_scd_x
Decoding Conflict:
    .
    _  NOPB
    _  PADDB_2D
    _  PADDB_3D
    _  PADDB_pstm_nrm
    _  PADDB_pstm_nrm_imm
    _  VLDB_128_idx
    _  VLDB_128_idx_imm
    _  VLDB_128_pstm_nrm
    _  VLDB_128_pstm_nrm_imm
    _  VLDB_2D_128
    _  VLDB_2D_UNPACK_dmw_ldb_unpack_unpackSign0
    _  VLDB_2D_UNPACK_dmw_ldb_unpack_unpackSign1
    _  VLDB_2D_UNPACK_dmx_ldb_unpack_unpackSign0
    _  VLDB_2D_UNPACK_dmx_ldb_unpack_unpackSign1
    _  VLDB_2D_dmw_ldb
    _  VLDB_2D_dmx_ldb_x
    _  VLDB_3D_128
    _  VLDB_3D_UNPACK_dmw_ldb_unpack_unpackSign0
    _  VLDB_3D_UNPACK_dmw_ldb_unpack_unpackSign1
    _  VLDB_3D_UNPACK_dmx_ldb_unpack_unpackSign0
    _  VLDB_3D_UNPACK_dmx_ldb_unpack_unpackSign1
    _  VLDB_3D_dmw_ldb
    _  VLDB_3D_dmx_ldb_x
    _  VLDB_4x16_hi
    _  VLDB_4x16_lo
    _  VLDB_4x32_hi
    _  VLDB_4x32_lo
    _  VLDB_4x64_hi
    _  VLDB_4x64_lo
    _  VLDB_FILLX_512
    _  VLDB_FILL_512
    _  VLDB_POPX_512
    _  VLDB_POP_512_2D
    _  VLDB_POP_512_3D
    _  VLDB_POP_512_fifo_1d_pop
    _  VLDB_POP_512_normal_pop
    _  VLDB_POP_544_2D
    _  VLDB_POP_544_3D
    _  VLDB_POP_544_fifo_1d_pop
    _  VLDB_POP_544_normal_pop
    _  VLDB_POP_576_2D
    _  VLDB_POP_576_3D
    _  VLDB_POP_576_fifo_1d_pop
    _  VLDB_POP_576_normal_pop
    _  VLDB_POP_640_2D
    _  VLDB_POP_640_3D
    _  VLDB_POP_640_fifo_1d_pop
    _  VLDB_POP_640_normal_pop
    _  VLDB_POP_704_2D
    _  VLDB_POP_704_3D
    _  VLDB_POP_704_fifo_1d_pop
    _  VLDB_POP_704_normal_pop
    _  VLDB_UNPACK_dmw_ldb_unpack_idx_imm_unpackSign0
    _  VLDB_UNPACK_dmw_ldb_unpack_idx_imm_unpackSign1
    _  VLDB_UNPACK_dmw_ldb_unpack_idx_unpackSign0
    _  VLDB_UNPACK_dmw_ldb_unpack_idx_unpackSign1
    _  VLDB_UNPACK_dmw_ldb_unpack_pstm_nrm_imm_unpackSign0
    _  VLDB_UNPACK_dmw_ldb_unpack_pstm_nrm_imm_unpackSign1
    _  VLDB_UNPACK_dmw_ldb_unpack_pstm_nrm_unpackSign0
    _  VLDB_UNPACK_dmw_ldb_unpack_pstm_nrm_unpackSign1
    _  VLDB_UNPACK_dmx_ldb_unpack_idx_imm_unpackSign0
    _  VLDB_UNPACK_dmx_ldb_unpack_idx_imm_unpackSign1
    _  VLDB_UNPACK_dmx_ldb_unpack_idx_unpackSign0
    _  VLDB_UNPACK_dmx_ldb_unpack_idx_unpackSign1
    _  VLDB_UNPACK_dmx_ldb_unpack_pstm_nrm_imm_unpackSign0
    _  VLDB_UNPACK_dmx_ldb_unpack_pstm_nrm_imm_unpackSign1
    _  VLDB_UNPACK_dmx_ldb_unpack_pstm_nrm_unpackSign0
    _  VLDB_UNPACK_dmx_ldb_unpack_pstm_nrm_unpackSign1
    _  VLDB_dmw_ldb_idx
    _  VLDB_dmw_ldb_idx_imm
    _  VLDB_dmw_ldb_pstm_nrm
    _  VLDB_dmw_ldb_pstm_nrm_imm
    _  VLDB_dmx_ldb_x_idx
    _  VLDB_dmx_ldb_x_idx_imm
    _  VLDB_dmx_ldb_x_pstm_nrm
    _  VLDB_dmx_ldb_x_pstm_nrm_imm
    _  VUNPACK_mv_unpack_w_unpackSign0
    _  VUNPACK_mv_unpack_w_unpackSign1
    _  VUNPACK_mv_unpack_x_unpackSign0
    _  VUNPACK_mv_unpack_x_unpackSign1
Decoding Conflict:
    .
    _  JL_lng
    _  JNZ
    _  JZ
    _  J_lng
    _  MOVXM
    _  NOPXM
    _  PADDXM_pstm_sp
    _  PADDXM_pstm_sp_imm
Decoding Conflict:
    .
    _  ADD_NC_mv_add_ri
    _  ADD_NC_mv_add_rr
    _  MOV_alu_mv_mv_mv_cg
    _  MOV_alu_mv_mv_mv_cntr2l
    _  MOV_alu_mv_mv_mv_e_mv_eh_to_eh
    _  MOV_alu_mv_mv_mv_e_mv_eh_to_el
    _  MOV_alu_mv_mv_mv_e_mv_eh_to_r
    _  MOV_alu_mv_mv_mv_e_mv_el_to_eh
    _  MOV_alu_mv_mv_mv_e_mv_el_to_el
    _  MOV_alu_mv_mv_mv_e_mv_el_to_r
    _  MOV_alu_mv_mv_mv_e_mv_r_to_eh
    _  MOV_alu_mv_mv_mv_e_mv_r_to_el
    _  MOV_alu_mv_mv_mv_scl
    _  MOV_d1
    _  MOV_d2
    _  MOV_d3
    _  MOV_d4
    _  MOV_d5
    _  MOV_d6
    _  NOPM
    _  VABS_GTZ_16_vaddSign0
    _  VABS_GTZ_16_vaddSign1
    _  VABS_GTZ_32_vaddSign0
    _  VABS_GTZ_32_vaddSign1
    _  VABS_GTZ_8_vaddSign0
    _  VABS_GTZ_8_vaddSign1
    _  VADDSUB_16
    _  VADDSUB_32
    _  VADDSUB_8
    _  VADD_16
    _  VADD_32
    _  VADD_8
    _  VBAND
    _  VBCSTSHFL_16_vec_broadcast_shuffle_bm
    _  VBCSTSHFL_16_vec_broadcast_shuffle_x
    _  VBCSTSHFL_32_vec_broadcast_shuffle_bm
    _  VBCSTSHFL_32_vec_broadcast_shuffle_x
    _  VBCSTSHFL_64_vec_broadcast_shuffle_bm
    _  VBCSTSHFL_64_vec_broadcast_shuffle_x
    _  VBCSTSHFL_8_vec_broadcast_shuffle_bm
    _  VBCSTSHFL_8_vec_broadcast_shuffle_x
    _  VBCST_16
    _  VBCST_32
    _  VBCST_64
    _  VBCST_8
    _  VBNEG_LTZ_s16
    _  VBNEG_LTZ_s32
    _  VBNEG_LTZ_s8
    _  VBOR
    _  VCONV_fp32_bf16_mv_ups_wbf
    _  VCONV_fp32_bf16_mv_ups_xbf
    _  VEQZ_16
    _  VEQZ_32
    _  VEQZ_8
    _  VEXP2
    _  VEXTBCSTSHFL_128
    _  VEXTBCSTSHFL_16
    _  VEXTBCSTSHFL_32
    _  VEXTBCSTSHFL_64
    _  VEXTBCST_128_vec_extract_broadcast_imm
    _  VEXTBCST_128_vec_extract_broadcast_r
    _  VEXTBCST_16_vec_extract_broadcast_imm
    _  VEXTBCST_16_vec_extract_broadcast_r
    _  VEXTBCST_32_vec_extract_broadcast_imm
    _  VEXTBCST_32_vec_extract_broadcast_r
    _  VEXTBCST_64_vec_extract_broadcast_imm
    _  VEXTBCST_64_vec_extract_broadcast_r
    _  VEXTBCST_8_vec_extract_broadcast_imm
    _  VEXTBCST_8_vec_extract_broadcast_r
    _  VEXTRACT_16_vec_extract_imm_vaddSign0
    _  VEXTRACT_16_vec_extract_imm_vaddSign1
    _  VEXTRACT_16_vec_extract_r_vaddSign0
    _  VEXTRACT_16_vec_extract_r_vaddSign1
    _  VEXTRACT_32_vec_extract_imm_vaddSign0
    _  VEXTRACT_32_vec_extract_imm_vaddSign1
    _  VEXTRACT_32_vec_extract_r_vaddSign0
    _  VEXTRACT_32_vec_extract_r_vaddSign1
    _  VEXTRACT_64_vec_extract_imm_vaddSign0
    _  VEXTRACT_64_vec_extract_imm_vaddSign1
    _  VEXTRACT_64_vec_extract_r_vaddSign0
    _  VEXTRACT_64_vec_extract_r_vaddSign1
    _  VEXTRACT_8_vec_extract_imm_vaddSign0
    _  VEXTRACT_8_vec_extract_imm_vaddSign1
    _  VEXTRACT_8_vec_extract_r_vaddSign0
    _  VEXTRACT_8_vec_extract_r_vaddSign1
    _  VGE_16_vaddSign0
    _  VGE_16_vaddSign1
    _  VGE_32_vaddSign0
    _  VGE_32_vaddSign1
    _  VGE_8_vaddSign0
    _  VGE_8_vaddSign1
    _  VGE_bf16
    _  VINSERT_16_mIdxImm0
    _  VINSERT_16_mR29_insert
    _  VINSERT_32_mIdxImm0
    _  VINSERT_32_mR29_insert
    _  VINSERT_64_mIdxImm0
    _  VINSERT_64_mR29_insert
    _  VINSERT_8_mIdxImm0
    _  VINSERT_8_mR29_insert
    _  VLT_16_vaddSign0
    _  VLT_16_vaddSign1
    _  VLT_32_vaddSign0
    _  VLT_32_vaddSign1
    _  VLT_8_vaddSign0
    _  VLT_8_vaddSign1
    _  VLT_bf16
    _  VMAXDIFF_LT_16_vaddSign0
    _  VMAXDIFF_LT_16_vaddSign1
    _  VMAXDIFF_LT_32_vaddSign0
    _  VMAXDIFF_LT_32_vaddSign1
    _  VMAXDIFF_LT_8_vaddSign0
    _  VMAXDIFF_LT_8_vaddSign1
    _  VMAX_LT_16_vaddSign0
    _  VMAX_LT_16_vaddSign1
    _  VMAX_LT_32_vaddSign0
    _  VMAX_LT_32_vaddSign1
    _  VMAX_LT_8_vaddSign0
    _  VMAX_LT_8_vaddSign1
    _  VMAX_LT_bf16
    _  VMIN_GE_16_vaddSign0
    _  VMIN_GE_16_vaddSign1
    _  VMIN_GE_32_vaddSign0
    _  VMIN_GE_32_vaddSign1
    _  VMIN_GE_8_vaddSign0
    _  VMIN_GE_8_vaddSign1
    _  VMIN_GE_bf16
    _  VMOV_alu_mv_mv_cm
    _  VMOV_alu_mv_mv_ex
    _  VMOV_alu_mv_mv_q
    _  VMOV_alu_mv_mv_q_to_w
    _  VMOV_alu_mv_mv_qex
    _  VMOV_alu_mv_mv_qx
    _  VMOV_alu_mv_mv_w
    _  VMOV_alu_mv_mv_w_to_q
    _  VMOV_alu_mv_mv_x
    _  VNEG_GTZ_16
    _  VNEG_GTZ_32
    _  VNEG_GTZ_8
    _  VPUSH_hi_16
    _  VPUSH_hi_32
    _  VPUSH_hi_64
    _  VPUSH_hi_8
    _  VPUSH_lo_16
    _  VPUSH_lo_32
    _  VPUSH_lo_64
    _  VPUSH_lo_8
    _  VSEL_16
    _  VSEL_32
    _  VSEL_8
    _  VSHIFT
    _  VSHIFT_ALIGN
    _  VSHUFFLE_vec_shuffle_bm
    _  VSHUFFLE_vec_shuffle_ex
    _  VSHUFFLE_vec_shuffle_x
    _  VSUB_16
    _  VSUB_32
    _  VSUB_8
    _  VSUB_GE_16_vaddSign0
    _  VSUB_GE_16_vaddSign1
    _  VSUB_GE_32_vaddSign0
    _  VSUB_GE_32_vaddSign1
    _  VSUB_GE_8_vaddSign0
    _  VSUB_GE_8_vaddSign1
    _  VSUB_LT_16_vaddSign0
    _  VSUB_LT_16_vaddSign1
    _  VSUB_LT_32_vaddSign0
    _  VSUB_LT_32_vaddSign1
    _  VSUB_LT_8_vaddSign0
    _  VSUB_LT_8_vaddSign1
    _  VTANH
    _  VUPS_2x_mv_ups_w2b_upsSign0
    _  VUPS_2x_mv_ups_w2b_upsSign1
    _  VUPS_2x_mv_ups_x2c_upsSign0
    _  VUPS_2x_mv_ups_x2c_upsSign1
    _  VUPS_4x_mv_ups_w2c_upsSign0
    _  VUPS_4x_mv_ups_w2c_upsSign1
    _  VUPS_4x_mv_ups_x2d_upsSign0
    _  VUPS_4x_mv_ups_x2d_upsSign1
Decoding Conflict:
    .
    _  MOVS
    _  MOV_CPH_mMStream_tlast_imm
    _  MOV_CPH_mMStream_tlast_reg
    _  MOV_CPH_nb_mMStream_tlast_imm
    _  MOV_CPH_nb_mMStream_tlast_reg
    _  MOV_CPH_nb_tlast
    _  MOV_CPH_tlast
    _  MOV_PH_mMStream_tlast_imm
    _  MOV_PH_mMStream_tlast_reg
    _  MOV_PH_nb_mMStream_tlast_imm
    _  MOV_PH_nb_mMStream_tlast_reg
    _  MOV_PH_nb_tlast
    _  MOV_PH_tlast
    _  MOV_nb_st_mMStream_tlast_imm
    _  MOV_nb_st_mMStream_tlast_reg
    _  MOV_nb_tlast
    _  MOV_st_mMStream_tlast_imm
    _  MOV_st_mMStream_tlast_reg
    _  MOV_tlast
    _  NOPS
    _  PADDS_2D
    _  PADDS_3D
    _  PADDS_pstm_nrm
    _  PADDS_pstm_nrm_imm
    _  ST_2D_dms_sts
    _  ST_2D_dmv_sts_q
    _  ST_3D_dms_sts
    _  ST_3D_dmv_sts_q
    _  ST_TM_2D
    _  ST_TM_3D
    _  ST_TM_idx
    _  ST_TM_idx_imm
    _  ST_TM_pstm_nrm
    _  ST_TM_pstm_nrm_imm
    _  ST_dms_sts_idx
    _  ST_dms_sts_idx_imm
    _  ST_dms_sts_pstm_nrm
    _  ST_dms_sts_pstm_nrm_imm
    _  ST_dms_sts_spill
    _  ST_dmv_sts_q_idx
    _  ST_dmv_sts_q_idx_imm
    _  ST_dmv_sts_q_pstm_nrm
    _  ST_dmv_sts_q_pstm_nrm_imm
    _  ST_dmv_sts_q_spill
    _  VCONV_bf16_fp32_mv_w_srs_bf
    _  VCONV_bf16_fp32_mv_x_srs_bf
    _  VCONV_bfp16ebs16_ebs8
    _  VCONV_bfp16ebs16_fp32
    _  VCONV_bfp16ebs8_fp32
    _  VFLOOR_s32_bf16_mv_float_to_int_bm
    _  VFLOOR_s32_bf16_mv_float_to_int_w
    _  VMOV_st_mv_mcd_bm
    _  VMOV_st_mv_mcd_x
    _  VPACK_mv_pack_w_packSign0
    _  VPACK_mv_pack_w_packSign1
    _  VPACK_mv_pack_x_packSign0
    _  VPACK_mv_pack_x_packSign1
    _  VSRS_2x_mv_w_srs_bm_srsSign0
    _  VSRS_2x_mv_w_srs_bm_srsSign1
    _  VSRS_2x_mv_x_srs_cm_srsSign0
    _  VSRS_2x_mv_x_srs_cm_srsSign1
    _  VSRS_4x_mv_w_srs_cm_srsSign0
    _  VSRS_4x_mv_w_srs_cm_srsSign1
    _  VSRS_4x_mv_x_srs_dm_srsSign0
    _  VSRS_4x_mv_x_srs_dm_srsSign1
    _  VST_128_dmv_sts_w_idx
    _  VST_128_dmv_sts_w_idx_imm
    _  VST_128_dmv_sts_w_pstm_nrm
    _  VST_128_dmv_sts_w_pstm_nrm_imm
    _  VST_128_dmv_sts_w_spill
    _  VST_2D_128
    _  VST_2D_CONV_bf16_fp32_dmw_sts_srs_bf
    _  VST_2D_CONV_bf16_fp32_dmx_sts_srs_bf
    _  VST_2D_PACK_dmw_sts_pack_packSign0
    _  VST_2D_PACK_dmw_sts_pack_packSign1
    _  VST_2D_PACK_dmx_sts_pack_packSign0
    _  VST_2D_PACK_dmx_sts_pack_packSign1
    _  VST_2D_SRS_2x_dm_sts_srs_cm_srsSign0
    _  VST_2D_SRS_2x_dm_sts_srs_cm_srsSign1
    _  VST_2D_SRS_2x_dmw_sts_srs_bm_srsSign0
    _  VST_2D_SRS_2x_dmw_sts_srs_bm_srsSign1
    _  VST_2D_SRS_4x_dm_sts_srs_cm_srsSign0
    _  VST_2D_SRS_4x_dm_sts_srs_cm_srsSign1
    _  VST_2D_SRS_4x_dmx_sts_srs_dm_srsSign0
    _  VST_2D_SRS_4x_dmx_sts_srs_dm_srsSign1
    _  VST_2D_dmw_sts_w
    _  VST_2D_dmx_sts_bm
    _  VST_2D_dmx_sts_fifohl
    _  VST_2D_dmx_sts_x
    _  VST_3D_128
    _  VST_3D_CONV_bf16_fp32_dmw_sts_srs_bf
    _  VST_3D_CONV_bf16_fp32_dmx_sts_srs_bf
    _  VST_3D_PACK_dmw_sts_pack_packSign0
    _  VST_3D_PACK_dmw_sts_pack_packSign1
    _  VST_3D_PACK_dmx_sts_pack_packSign0
    _  VST_3D_PACK_dmx_sts_pack_packSign1
    _  VST_3D_SRS_2x_dm_sts_srs_cm_srsSign0
    _  VST_3D_SRS_2x_dm_sts_srs_cm_srsSign1
    _  VST_3D_SRS_2x_dmw_sts_srs_bm_srsSign0
    _  VST_3D_SRS_2x_dmw_sts_srs_bm_srsSign1
    _  VST_3D_SRS_4x_dm_sts_srs_cm_srsSign0
    _  VST_3D_SRS_4x_dm_sts_srs_cm_srsSign1
    _  VST_3D_SRS_4x_dmx_sts_srs_dm_srsSign0
    _  VST_3D_SRS_4x_dmx_sts_srs_dm_srsSign1
    _  VST_3D_dmw_sts_w
    _  VST_3D_dmx_sts_bm
    _  VST_3D_dmx_sts_fifohl
    _  VST_3D_dmx_sts_x
    _  VST_CONV_bf16_fp32_dmw_sts_srs_bf_idx
    _  VST_CONV_bf16_fp32_dmw_sts_srs_bf_idx_imm
    _  VST_CONV_bf16_fp32_dmw_sts_srs_bf_pstm_nrm
    _  VST_CONV_bf16_fp32_dmw_sts_srs_bf_pstm_nrm_imm
    _  VST_CONV_bf16_fp32_dmx_sts_srs_bf_idx
    _  VST_CONV_bf16_fp32_dmx_sts_srs_bf_idx_imm
    _  VST_CONV_bf16_fp32_dmx_sts_srs_bf_pstm_nrm
    _  VST_CONV_bf16_fp32_dmx_sts_srs_bf_pstm_nrm_imm
    _  VST_FLUSH_512_2D
    _  VST_FLUSH_512_3D
    _  VST_FLUSH_512_CONV_2D
    _  VST_FLUSH_512_CONV_3D
    _  VST_FLUSH_512_CONV_fifo_1d_flush
    _  VST_FLUSH_512_CONV_normal_flush
    _  VST_FLUSH_512_fifo_1d_flush
    _  VST_FLUSH_512_normal_flush
    _  VST_PACK_dmw_sts_pack_idx_imm_packSign0
    _  VST_PACK_dmw_sts_pack_idx_imm_packSign1
    _  VST_PACK_dmw_sts_pack_idx_packSign0
    _  VST_PACK_dmw_sts_pack_idx_packSign1
    _  VST_PACK_dmw_sts_pack_pstm_nrm_imm_packSign0
    _  VST_PACK_dmw_sts_pack_pstm_nrm_imm_packSign1
    _  VST_PACK_dmw_sts_pack_pstm_nrm_packSign0
    _  VST_PACK_dmw_sts_pack_pstm_nrm_packSign1
    _  VST_PACK_dmx_sts_pack_idx_imm_packSign0
    _  VST_PACK_dmx_sts_pack_idx_imm_packSign1
    _  VST_PACK_dmx_sts_pack_idx_packSign0
    _  VST_PACK_dmx_sts_pack_idx_packSign1
    _  VST_PACK_dmx_sts_pack_pstm_nrm_imm_packSign0
    _  VST_PACK_dmx_sts_pack_pstm_nrm_imm_packSign1
    _  VST_PACK_dmx_sts_pack_pstm_nrm_packSign0
    _  VST_PACK_dmx_sts_pack_pstm_nrm_packSign1
    _  VST_PUSH_512
    _  VST_PUSH_544
    _  VST_PUSH_544_CONV_bfp16ebs16_ebs8
    _  VST_PUSH_544_CONV_bfp16ebs16_fp32
    _  VST_PUSH_576
    _  VST_PUSH_576_CONV_bfp16ebs8_fp32
    _  VST_SRS_2x_dm_sts_srs_cm_idx_imm_srsSign0
    _  VST_SRS_2x_dm_sts_srs_cm_idx_imm_srsSign1
    _  VST_SRS_2x_dm_sts_srs_cm_idx_srsSign0
    _  VST_SRS_2x_dm_sts_srs_cm_idx_srsSign1
    _  VST_SRS_2x_dm_sts_srs_cm_pstm_nrm_imm_srsSign0
    _  VST_SRS_2x_dm_sts_srs_cm_pstm_nrm_imm_srsSign1
    _  VST_SRS_2x_dm_sts_srs_cm_pstm_nrm_srsSign0
    _  VST_SRS_2x_dm_sts_srs_cm_pstm_nrm_srsSign1
    _  VST_SRS_2x_dmw_sts_srs_bm_idx_imm_srsSign0
    _  VST_SRS_2x_dmw_sts_srs_bm_idx_imm_srsSign1
    _  VST_SRS_2x_dmw_sts_srs_bm_idx_srsSign0
    _  VST_SRS_2x_dmw_sts_srs_bm_idx_srsSign1
    _  VST_SRS_2x_dmw_sts_srs_bm_pstm_nrm_imm_srsSign0
    _  VST_SRS_2x_dmw_sts_srs_bm_pstm_nrm_imm_srsSign1
    _  VST_SRS_2x_dmw_sts_srs_bm_pstm_nrm_srsSign0
    _  VST_SRS_2x_dmw_sts_srs_bm_pstm_nrm_srsSign1
    _  VST_SRS_4x_dm_sts_srs_cm_idx_imm_srsSign0
    _  VST_SRS_4x_dm_sts_srs_cm_idx_imm_srsSign1
    _  VST_SRS_4x_dm_sts_srs_cm_idx_srsSign0
    _  VST_SRS_4x_dm_sts_srs_cm_idx_srsSign1
    _  VST_SRS_4x_dm_sts_srs_cm_pstm_nrm_imm_srsSign0
    _  VST_SRS_4x_dm_sts_srs_cm_pstm_nrm_imm_srsSign1
    _  VST_SRS_4x_dm_sts_srs_cm_pstm_nrm_srsSign0
    _  VST_SRS_4x_dm_sts_srs_cm_pstm_nrm_srsSign1
    _  VST_SRS_4x_dmx_sts_srs_dm_idx_imm_srsSign0
    _  VST_SRS_4x_dmx_sts_srs_dm_idx_imm_srsSign1
    _  VST_SRS_4x_dmx_sts_srs_dm_idx_srsSign0
    _  VST_SRS_4x_dmx_sts_srs_dm_idx_srsSign1
    _  VST_SRS_4x_dmx_sts_srs_dm_pstm_nrm_imm_srsSign0
    _  VST_SRS_4x_dmx_sts_srs_dm_pstm_nrm_imm_srsSign1
    _  VST_SRS_4x_dmx_sts_srs_dm_pstm_nrm_srsSign0
    _  VST_SRS_4x_dmx_sts_srs_dm_pstm_nrm_srsSign1
    _  VST_dmw_sts_w_idx
    _  VST_dmw_sts_w_idx_imm
    _  VST_dmw_sts_w_pstm_nrm
    _  VST_dmw_sts_w_pstm_nrm_imm
    _  VST_dmw_sts_w_spill
    _  VST_dmx_sts_bm_idx
    _  VST_dmx_sts_bm_idx_imm
    _  VST_dmx_sts_bm_pstm_nrm
    _  VST_dmx_sts_bm_pstm_nrm_imm
    _  VST_dmx_sts_bm_spill
    _  VST_dmx_sts_fifohl_idx
    _  VST_dmx_sts_fifohl_idx_imm
    _  VST_dmx_sts_fifohl_pstm_nrm
    _  VST_dmx_sts_fifohl_pstm_nrm_imm
    _  VST_dmx_sts_fifohl_spill
    _  VST_dmx_sts_x_idx
    _  VST_dmx_sts_x_idx_imm
    _  VST_dmx_sts_x_pstm_nrm
    _  VST_dmx_sts_x_pstm_nrm_imm
    _  VST_dmx_sts_x_spill
Decoding Conflict:
    .
    _  NOPV
    _  VADDMAC_f_vaddmac_bf_vmac_cm2_add_reg_vmul_bf_core_X_X
    _  VADDMAC_f_vaddmac_bf_vmac_cm2_add_reg_vmul_bf_core_Y_Y
    _  VADDMAC_f_vaddmac_bf_vmac_cm2_add_scd_incr_vmul_bf_core_X_X
    _  VADDMAC_f_vaddmac_bf_vmac_cm2_add_scd_incr_vmul_bf_core_Y_Y
    _  VADDMAC_f_vaddmac_bf_vmac_cm2_add_scd_vmul_bf_core_X_X
    _  VADDMAC_f_vaddmac_bf_vmac_cm2_add_scd_vmul_bf_core_Y_Y
    _  VADDMAC_f_vaddmac_bfp_vmac_cm2_add_reg_vmul_bfp_core_EX_EX
    _  VADDMAC_f_vaddmac_bfp_vmac_cm2_add_reg_vmul_bfp_core_EX_EY
    _  VADDMAC_f_vaddmac_bfp_vmac_cm2_add_reg_vmul_bfp_core_EX_QEY
    _  VADDMAC_f_vaddmac_bfp_vmac_cm2_add_reg_vmul_bfp_core_EY_QEX
    _  VADDMAC_f_vaddmac_bfp_vmac_cm2_add_scd_incr_vmul_bfp_core_EX_EX
    _  VADDMAC_f_vaddmac_bfp_vmac_cm2_add_scd_incr_vmul_bfp_core_EX_EY
    _  VADDMAC_f_vaddmac_bfp_vmac_cm2_add_scd_incr_vmul_bfp_core_EX_QEY
    _  VADDMAC_f_vaddmac_bfp_vmac_cm2_add_scd_incr_vmul_bfp_core_EY_QEX
    _  VADDMAC_f_vaddmac_bfp_vmac_cm2_add_scd_vmul_bfp_core_EX_EX
    _  VADDMAC_f_vaddmac_bfp_vmac_cm2_add_scd_vmul_bfp_core_EX_EY
    _  VADDMAC_f_vaddmac_bfp_vmac_cm2_add_scd_vmul_bfp_core_EX_QEY
    _  VADDMAC_f_vaddmac_bfp_vmac_cm2_add_scd_vmul_bfp_core_EY_QEX
    _  VADDMAC_vmac_cm2_add_reg_vmul_cm_core_X_QX
    _  VADDMAC_vmac_cm2_add_reg_vmul_cm_core_X_QY
    _  VADDMAC_vmac_cm2_add_reg_vmul_cm_core_X_X
    _  VADDMAC_vmac_cm2_add_reg_vmul_cm_core_X_Y
    _  VADDMAC_vmac_cm2_add_reg_vmul_cm_core_Y_QX
    _  VADDMAC_vmac_cm2_add_reg_vmul_cm_core_Y_QY
    _  VADDMAC_vmac_cm2_add_reg_vmul_cm_core_Y_X
    _  VADDMAC_vmac_cm2_add_reg_vmul_cm_core_Y_Y
    _  VADDMAC_vmac_cm2_add_scd_incr_vmul_cm_core_X_QX
    _  VADDMAC_vmac_cm2_add_scd_incr_vmul_cm_core_X_QY
    _  VADDMAC_vmac_cm2_add_scd_incr_vmul_cm_core_X_X
    _  VADDMAC_vmac_cm2_add_scd_incr_vmul_cm_core_X_Y
    _  VADDMAC_vmac_cm2_add_scd_incr_vmul_cm_core_Y_QX
    _  VADDMAC_vmac_cm2_add_scd_incr_vmul_cm_core_Y_QY
    _  VADDMAC_vmac_cm2_add_scd_incr_vmul_cm_core_Y_X
    _  VADDMAC_vmac_cm2_add_scd_incr_vmul_cm_core_Y_Y
    _  VADDMAC_vmac_cm2_add_scd_vmul_cm_core_X_QX
    _  VADDMAC_vmac_cm2_add_scd_vmul_cm_core_X_QY
    _  VADDMAC_vmac_cm2_add_scd_vmul_cm_core_X_X
    _  VADDMAC_vmac_cm2_add_scd_vmul_cm_core_X_Y
    _  VADDMAC_vmac_cm2_add_scd_vmul_cm_core_Y_QX
    _  VADDMAC_vmac_cm2_add_scd_vmul_cm_core_Y_QY
    _  VADDMAC_vmac_cm2_add_scd_vmul_cm_core_Y_X
    _  VADDMAC_vmac_cm2_add_scd_vmul_cm_core_Y_Y
    _  VADDMSC_f_vaddmac_bf_vmac_cm2_add_reg_vmul_bf_core_X_X
    _  VADDMSC_f_vaddmac_bf_vmac_cm2_add_reg_vmul_bf_core_Y_Y
    _  VADDMSC_f_vaddmac_bf_vmac_cm2_add_scd_incr_vmul_bf_core_X_X
    _  VADDMSC_f_vaddmac_bf_vmac_cm2_add_scd_incr_vmul_bf_core_Y_Y
    _  VADDMSC_f_vaddmac_bf_vmac_cm2_add_scd_vmul_bf_core_X_X
    _  VADDMSC_f_vaddmac_bf_vmac_cm2_add_scd_vmul_bf_core_Y_Y
    _  VADDMSC_f_vaddmac_bfp_vmac_cm2_add_reg_vmul_bfp_core_EX_EX
    _  VADDMSC_f_vaddmac_bfp_vmac_cm2_add_reg_vmul_bfp_core_EX_EY
    _  VADDMSC_f_vaddmac_bfp_vmac_cm2_add_reg_vmul_bfp_core_EX_QEY
    _  VADDMSC_f_vaddmac_bfp_vmac_cm2_add_reg_vmul_bfp_core_EY_QEX
    _  VADDMSC_f_vaddmac_bfp_vmac_cm2_add_scd_incr_vmul_bfp_core_EX_EX
    _  VADDMSC_f_vaddmac_bfp_vmac_cm2_add_scd_incr_vmul_bfp_core_EX_EY
    _  VADDMSC_f_vaddmac_bfp_vmac_cm2_add_scd_incr_vmul_bfp_core_EX_QEY
    _  VADDMSC_f_vaddmac_bfp_vmac_cm2_add_scd_incr_vmul_bfp_core_EY_QEX
    _  VADDMSC_f_vaddmac_bfp_vmac_cm2_add_scd_vmul_bfp_core_EX_EX
    _  VADDMSC_f_vaddmac_bfp_vmac_cm2_add_scd_vmul_bfp_core_EX_EY
    _  VADDMSC_f_vaddmac_bfp_vmac_cm2_add_scd_vmul_bfp_core_EX_QEY
    _  VADDMSC_f_vaddmac_bfp_vmac_cm2_add_scd_vmul_bfp_core_EY_QEX
    _  VADDMSC_vmac_cm2_add_reg_vmul_cm_core_X_QX
    _  VADDMSC_vmac_cm2_add_reg_vmul_cm_core_X_QY
    _  VADDMSC_vmac_cm2_add_reg_vmul_cm_core_X_X
    _  VADDMSC_vmac_cm2_add_reg_vmul_cm_core_X_Y
    _  VADDMSC_vmac_cm2_add_reg_vmul_cm_core_Y_QX
    _  VADDMSC_vmac_cm2_add_reg_vmul_cm_core_Y_QY
    _  VADDMSC_vmac_cm2_add_reg_vmul_cm_core_Y_X
    _  VADDMSC_vmac_cm2_add_reg_vmul_cm_core_Y_Y
    _  VADDMSC_vmac_cm2_add_scd_incr_vmul_cm_core_X_QX
    _  VADDMSC_vmac_cm2_add_scd_incr_vmul_cm_core_X_QY
    _  VADDMSC_vmac_cm2_add_scd_incr_vmul_cm_core_X_X
    _  VADDMSC_vmac_cm2_add_scd_incr_vmul_cm_core_X_Y
    _  VADDMSC_vmac_cm2_add_scd_incr_vmul_cm_core_Y_QX
    _  VADDMSC_vmac_cm2_add_scd_incr_vmul_cm_core_Y_QY
    _  VADDMSC_vmac_cm2_add_scd_incr_vmul_cm_core_Y_X
    _  VADDMSC_vmac_cm2_add_scd_incr_vmul_cm_core_Y_Y
    _  VADDMSC_vmac_cm2_add_scd_vmul_cm_core_X_QX
    _  VADDMSC_vmac_cm2_add_scd_vmul_cm_core_X_QY
    _  VADDMSC_vmac_cm2_add_scd_vmul_cm_core_X_X
    _  VADDMSC_vmac_cm2_add_scd_vmul_cm_core_X_Y
    _  VADDMSC_vmac_cm2_add_scd_vmul_cm_core_Y_QX
    _  VADDMSC_vmac_cm2_add_scd_vmul_cm_core_Y_QY
    _  VADDMSC_vmac_cm2_add_scd_vmul_cm_core_Y_X
    _  VADDMSC_vmac_cm2_add_scd_vmul_cm_core_Y_Y
    _  VADD_f_vmac_cm2_add_reg
    _  VADD_f_vmac_cm2_add_scd
    _  VADD_f_vmac_cm2_add_scd_incr
    _  VADD_vmac_cm2_add_reg
    _  VADD_vmac_cm2_add_scd
    _  VADD_vmac_cm2_add_scd_incr
    _  VCLR
    _  VMAC_f_vmac_bf_vmul_bf_core_X_X
    _  VMAC_f_vmac_bf_vmul_bf_core_Y_Y
    _  VMAC_f_vmac_bfp_vmul_bfp_core_EX_EX
    _  VMAC_f_vmac_bfp_vmul_bfp_core_EX_EY
    _  VMAC_f_vmac_bfp_vmul_bfp_core_EX_QEY
    _  VMAC_f_vmac_bfp_vmul_bfp_core_EY_QEX
    _  VMAC_vmul_cm_core_X_QX
    _  VMAC_vmul_cm_core_X_QY
    _  VMAC_vmul_cm_core_X_X
    _  VMAC_vmul_cm_core_X_Y
    _  VMAC_vmul_cm_core_Y_QX
    _  VMAC_vmul_cm_core_Y_QY
    _  VMAC_vmul_cm_core_Y_X
    _  VMAC_vmul_cm_core_Y_Y
    _  VMOV_D
    _  VMSC_f_vmac_bf_vmul_bf_core_X_X
    _  VMSC_f_vmac_bf_vmul_bf_core_Y_Y
    _  VMSC_f_vmac_bfp_vmul_bfp_core_EX_EX
    _  VMSC_f_vmac_bfp_vmul_bfp_core_EX_EY
    _  VMSC_f_vmac_bfp_vmul_bfp_core_EX_QEY
    _  VMSC_f_vmac_bfp_vmul_bfp_core_EY_QEX
    _  VMSC_vmul_cm_core_X_QX
    _  VMSC_vmul_cm_core_X_QY
    _  VMSC_vmul_cm_core_X_X
    _  VMSC_vmul_cm_core_X_Y
    _  VMSC_vmul_cm_core_Y_QX
    _  VMSC_vmul_cm_core_Y_QY
    _  VMSC_vmul_cm_core_Y_X
    _  VMSC_vmul_cm_core_Y_Y
    _  VMUL_f_vmul_bf_vmul_bf_core_X_X
    _  VMUL_f_vmul_bf_vmul_bf_core_Y_Y
    _  VMUL_f_vmul_bfp_vmul_bfp_core_EX_EX
    _  VMUL_f_vmul_bfp_vmul_bfp_core_EX_EY
    _  VMUL_f_vmul_bfp_vmul_bfp_core_EX_QEY
    _  VMUL_f_vmul_bfp_vmul_bfp_core_EY_QEX
    _  VMUL_vmul_cm_core_X_QX
    _  VMUL_vmul_cm_core_X_QY
    _  VMUL_vmul_cm_core_X_X
    _  VMUL_vmul_cm_core_X_Y
    _  VMUL_vmul_cm_core_Y_QX
    _  VMUL_vmul_cm_core_Y_QY
    _  VMUL_vmul_cm_core_Y_X
    _  VMUL_vmul_cm_core_Y_Y
    _  VNEG
    _  VNEGMUL_f_vmul_bf_vmul_bf_core_X_X
    _  VNEGMUL_f_vmul_bf_vmul_bf_core_Y_Y
    _  VNEGMUL_f_vmul_bfp_vmul_bfp_core_EX_EX
    _  VNEGMUL_f_vmul_bfp_vmul_bfp_core_EX_EY
    _  VNEGMUL_f_vmul_bfp_vmul_bfp_core_EX_QEY
    _  VNEGMUL_f_vmul_bfp_vmul_bfp_core_EY_QEX
    _  VNEGMUL_vmul_cm_core_X_QX
    _  VNEGMUL_vmul_cm_core_X_QY
    _  VNEGMUL_vmul_cm_core_X_X
    _  VNEGMUL_vmul_cm_core_X_Y
    _  VNEGMUL_vmul_cm_core_Y_QX
    _  VNEGMUL_vmul_cm_core_Y_QY
    _  VNEGMUL_vmul_cm_core_Y_X
    _  VNEGMUL_vmul_cm_core_Y_Y
    _  VNEG_f
    _  VSUB_f_vmac_cm2_add_reg
    _  VSUB_f_vmac_cm2_add_scd
    _  VSUB_f_vmac_cm2_add_scd_incr
    _  VSUB_vmac_cm2_add_reg
    _  VSUB_vmac_cm2_add_scd
    _  VSUB_vmac_cm2_add_scd_incr
warning: Decoding conflict encountered
[90/326] Building AIE2PGenFormats.inc...
[91/326] Building AIE2PGenCallingConv.inc...
[92/326] Building CXX object lib/ObjectYAML/CMakeFiles/LLVMObjectYAML.dir/DXContainerEmitter.cpp.o
[93/326] Building CXX object lib/ObjectYAML/CMakeFiles/LLVMObjectYAML.dir/MachOEmitter.cpp.o
[94/326] Building AIE2PGenMCCodeEmitter.inc...
[95/326] Building AIE2PGenPostLegalizerGICustomCombiner.inc...
[96/326] Building AIE2PGenPreLegalizerGICombiner.inc...
[97/326] Building AIE2PGenGlobalISel.inc...
Included from /home/jtuyls/iree-ai/llvm-aie-port/amd/aie/llvm/lib/Target/AIE/AIE2P.td:34:
Included from /home/jtuyls/iree-ai/llvm-aie-port/amd/aie/llvm/lib/Target/AIE/aie2p/AIE2PInstrInfo.td:332:
/home/jtuyls/iree-ai/llvm-aie-port/amd/aie/llvm/lib/Target/AIE/aie2p/AIE2PInstrPatterns.td:1240:1: warning: Skipped pattern: unsupported type for Src operand (SETLT:{ *:[Other] })
def : Pat<(v64i1 (aie_setlt (v64i8 VEC512:$rs1), (v64i8 VEC512:$rs2))),
^
Included from /home/jtuyls/iree-ai/llvm-aie-port/amd/aie/llvm/lib/Target/AIE/AIE2P.td:34:
Included from /home/jtuyls/iree-ai/llvm-aie-port/amd/aie/llvm/lib/Target/AIE/aie2p/AIE2PInstrInfo.td:332:
/home/jtuyls/iree-ai/llvm-aie-port/amd/aie/llvm/lib/Target/AIE/aie2p/AIE2PInstrPatterns.td:1242:1: warning: Skipped pattern: unsupported type for Src operand (SETLT:{ *:[Other] })
def : Pat<(v32i1 (aie_setlt (v32i16 VEC512:$rs1), (v32i16 VEC512:$rs2))),
^
Included from /home/jtuyls/iree-ai/llvm-aie-port/amd/aie/llvm/lib/Target/AIE/AIE2P.td:34:
Included from /home/jtuyls/iree-ai/llvm-aie-port/amd/aie/llvm/lib/Target/AIE/aie2p/AIE2PInstrInfo.td:332:
/home/jtuyls/iree-ai/llvm-aie-port/amd/aie/llvm/lib/Target/AIE/aie2p/AIE2PInstrPatterns.td:1244:1: warning: Skipped pattern: unsupported type for Src operand (SETLT:{ *:[Other] })
def : Pat<(v32i1 (aie_setlt (v16i32 VEC512:$rs1), (v16i32 VEC512:$rs2))),
^
Included from /home/jtuyls/iree-ai/llvm-aie-port/amd/aie/llvm/lib/Target/AIE/AIE2P.td:34:
Included from /home/jtuyls/iree-ai/llvm-aie-port/amd/aie/llvm/lib/Target/AIE/aie2p/AIE2PInstrInfo.td:332:
/home/jtuyls/iree-ai/llvm-aie-port/amd/aie/llvm/lib/Target/AIE/aie2p/AIE2PInstrPatterns.td:1247:1: warning: Skipped pattern: unsupported type for Src operand (SETULT:{ *:[Other] })
def : Pat<(v64i1 (aie_setult (v64i8 VEC512:$rs1), (v64i8 VEC512:$rs2))),
^
Included from /home/jtuyls/iree-ai/llvm-aie-port/amd/aie/llvm/lib/Target/AIE/AIE2P.td:34:
Included from /home/jtuyls/iree-ai/llvm-aie-port/amd/aie/llvm/lib/Target/AIE/aie2p/AIE2PInstrInfo.td:332:
/home/jtuyls/iree-ai/llvm-aie-port/amd/aie/llvm/lib/Target/AIE/aie2p/AIE2PInstrPatterns.td:1249:1: warning: Skipped pattern: unsupported type for Src operand (SETULT:{ *:[Other] })
def : Pat<(v32i1 (aie_setult (v32i16 VEC512:$rs1), (v32i16 VEC512:$rs2))),
^
Included from /home/jtuyls/iree-ai/llvm-aie-port/amd/aie/llvm/lib/Target/AIE/AIE2P.td:34:
Included from /home/jtuyls/iree-ai/llvm-aie-port/amd/aie/llvm/lib/Target/AIE/aie2p/AIE2PInstrInfo.td:332:
/home/jtuyls/iree-ai/llvm-aie-port/amd/aie/llvm/lib/Target/AIE/aie2p/AIE2PInstrPatterns.td:1251:1: warning: Skipped pattern: unsupported type for Src operand (SETULT:{ *:[Other] })
def : Pat<(v32i1 (aie_setult (v16i32 VEC512:$rs1), (v16i32 VEC512:$rs2))),
^
Included from /home/jtuyls/iree-ai/llvm-aie-port/amd/aie/llvm/lib/Target/AIE/AIE2P.td:34:
Included from /home/jtuyls/iree-ai/llvm-aie-port/amd/aie/llvm/lib/Target/AIE/aie2p/AIE2PInstrInfo.td:332:
/home/jtuyls/iree-ai/llvm-aie-port/amd/aie/llvm/lib/Target/AIE/aie2p/AIE2PInstrPatterns.td:1255:1: warning: Skipped pattern: unsupported type for Src operand (SETLE:{ *:[Other] })
def : Pat<(v64i1 (aie_setle (v64i8 VEC512:$rs1), (v64i8 VEC512:$rs2))),
^
Included from /home/jtuyls/iree-ai/llvm-aie-port/amd/aie/llvm/lib/Target/AIE/AIE2P.td:34:
Included from /home/jtuyls/iree-ai/llvm-aie-port/amd/aie/llvm/lib/Target/AIE/aie2p/AIE2PInstrInfo.td:332:
/home/jtuyls/iree-ai/llvm-aie-port/amd/aie/llvm/lib/Target/AIE/aie2p/AIE2PInstrPatterns.td:1264:1: warning: Skipped pattern: unsupported type for Src operand (SETLE:{ *:[Other] })
def : Pat<(v32i1 (aie_setle (v32i16 VEC512:$rs1), (v32i16 VEC512:$rs2))),
^
Included from /home/jtuyls/iree-ai/llvm-aie-port/amd/aie/llvm/lib/Target/AIE/AIE2P.td:34:
Included from /home/jtuyls/iree-ai/llvm-aie-port/amd/aie/llvm/lib/Target/AIE/aie2p/AIE2PInstrInfo.td:332:
/home/jtuyls/iree-ai/llvm-aie-port/amd/aie/llvm/lib/Target/AIE/aie2p/AIE2PInstrPatterns.td:1269:1: warning: Skipped pattern: unsupported type for Src operand (SETLE:{ *:[Other] })
def : Pat<(v32i1 (aie_setle (v16i32 VEC512:$rs1), (v16i32 VEC512:$rs2))),
^
Included from /home/jtuyls/iree-ai/llvm-aie-port/amd/aie/llvm/lib/Target/AIE/AIE2P.td:34:
Included from /home/jtuyls/iree-ai/llvm-aie-port/amd/aie/llvm/lib/Target/AIE/aie2p/AIE2PInstrInfo.td:332:
/home/jtuyls/iree-ai/llvm-aie-port/amd/aie/llvm/lib/Target/AIE/aie2p/AIE2PInstrPatterns.td:1274:1: warning: Skipped pattern: unsupported type for Src operand (SETULE:{ *:[Other] })
def : Pat<(v64i1 (aie_setule (v64i8 VEC512:$rs1), (v64i8 VEC512:$rs2))),
^
Included from /home/jtuyls/iree-ai/llvm-aie-port/amd/aie/llvm/lib/Target/AIE/AIE2P.td:34:
Included from /home/jtuyls/iree-ai/llvm-aie-port/amd/aie/llvm/lib/Target/AIE/aie2p/AIE2PInstrInfo.td:332:
/home/jtuyls/iree-ai/llvm-aie-port/amd/aie/llvm/lib/Target/AIE/aie2p/AIE2PInstrPatterns.td:1283:1: warning: Skipped pattern: unsupported type for Src operand (SETULE:{ *:[Other] })
def : Pat<(v32i1 (aie_setule (v32i16 VEC512:$rs1), (v32i16 VEC512:$rs2))),
^
Included from /home/jtuyls/iree-ai/llvm-aie-port/amd/aie/llvm/lib/Target/AIE/AIE2P.td:34:
Included from /home/jtuyls/iree-ai/llvm-aie-port/amd/aie/llvm/lib/Target/AIE/aie2p/AIE2PInstrInfo.td:332:
/home/jtuyls/iree-ai/llvm-aie-port/amd/aie/llvm/lib/Target/AIE/aie2p/AIE2PInstrPatterns.td:1288:1: warning: Skipped pattern: unsupported type for Src operand (SETULE:{ *:[Other] })
def : Pat<(v32i1 (aie_setule (v16i32 VEC512:$rs1), (v16i32 VEC512:$rs2))),
^
Included from /home/jtuyls/iree-ai/llvm-aie-port/amd/aie/llvm/lib/Target/AIE/AIE2P.td:34:
Included from /home/jtuyls/iree-ai/llvm-aie-port/amd/aie/llvm/lib/Target/AIE/aie2p/AIE2PInstrInfo.td:332:
/home/jtuyls/iree-ai/llvm-aie-port/amd/aie/llvm/lib/Target/AIE/aie2p/AIE2PInstrPatterns.td:1294:1: warning: Skipped pattern: unsupported type for Src operand (SETGE:{ *:[Other] })
def  : Pat<(v64i1 (aie_setge (v64i8 VEC512:$rs1), (v64i8 VEC512:$rs2))),
^
Included from /home/jtuyls/iree-ai/llvm-aie-port/amd/aie/llvm/lib/Target/AIE/AIE2P.td:34:
Included from /home/jtuyls/iree-ai/llvm-aie-port/amd/aie/llvm/lib/Target/AIE/aie2p/AIE2PInstrInfo.td:332:
/home/jtuyls/iree-ai/llvm-aie-port/amd/aie/llvm/lib/Target/AIE/aie2p/AIE2PInstrPatterns.td:1296:1: warning: Skipped pattern: unsupported type for Src operand (SETGE:{ *:[Other] })
def  : Pat<(v32i1 (aie_setge (v32i16 VEC512:$rs1), (v32i16 VEC512:$rs2))),
^
Included from /home/jtuyls/iree-ai/llvm-aie-port/amd/aie/llvm/lib/Target/AIE/AIE2P.td:34:
Included from /home/jtuyls/iree-ai/llvm-aie-port/amd/aie/llvm/lib/Target/AIE/aie2p/AIE2PInstrInfo.td:332:
/home/jtuyls/iree-ai/llvm-aie-port/amd/aie/llvm/lib/Target/AIE/aie2p/AIE2PInstrPatterns.td:1298:1: warning: Skipped pattern: unsupported type for Src operand (SETGE:{ *:[Other] })
def  : Pat<(v32i1 (aie_setge (v16i32 VEC512:$rs1), (v16i32 VEC512:$rs2))),
^
Included from /home/jtuyls/iree-ai/llvm-aie-port/amd/aie/llvm/lib/Target/AIE/AIE2P.td:34:
Included from /home/jtuyls/iree-ai/llvm-aie-port/amd/aie/llvm/lib/Target/AIE/aie2p/AIE2PInstrInfo.td:332:
/home/jtuyls/iree-ai/llvm-aie-port/amd/aie/llvm/lib/Target/AIE/aie2p/AIE2PInstrPatterns.td:1301:1: warning: Skipped pattern: unsupported type for Src operand (SETUGE:{ *:[Other] })
def  : Pat<(v64i1 (aie_setuge (v64i8 VEC512:$rs1), (v64i8 VEC512:$rs2))),
^
Included from /home/jtuyls/iree-ai/llvm-aie-port/amd/aie/llvm/lib/Target/AIE/AIE2P.td:34:
Included from /home/jtuyls/iree-ai/llvm-aie-port/amd/aie/llvm/lib/Target/AIE/aie2p/AIE2PInstrInfo.td:332:
/home/jtuyls/iree-ai/llvm-aie-port/amd/aie/llvm/lib/Target/AIE/aie2p/AIE2PInstrPatterns.td:1303:1: warning: Skipped pattern: unsupported type for Src operand (SETUGE:{ *:[Other] })
def  : Pat<(v32i1 (aie_setuge (v32i16 VEC512:$rs1), (v32i16 VEC512:$rs2))),
^
Included from /home/jtuyls/iree-ai/llvm-aie-port/amd/aie/llvm/lib/Target/AIE/AIE2P.td:34:
Included from /home/jtuyls/iree-ai/llvm-aie-port/amd/aie/llvm/lib/Target/AIE/aie2p/AIE2PInstrInfo.td:332:
/home/jtuyls/iree-ai/llvm-aie-port/amd/aie/llvm/lib/Target/AIE/aie2p/AIE2PInstrPatterns.td:1305:1: warning: Skipped pattern: unsupported type for Src operand (SETUGE:{ *:[Other] })
def  : Pat<(v32i1 (aie_setuge (v16i32 VEC512:$rs1), (v16i32 VEC512:$rs2))),
^
Included from /home/jtuyls/iree-ai/llvm-aie-port/amd/aie/llvm/lib/Target/AIE/AIE2P.td:34:
Included from /home/jtuyls/iree-ai/llvm-aie-port/amd/aie/llvm/lib/Target/AIE/aie2p/AIE2PInstrInfo.td:332:
/home/jtuyls/iree-ai/llvm-aie-port/amd/aie/llvm/lib/Target/AIE/aie2p/AIE2PInstrPatterns.td:1309:1: warning: Skipped pattern: unsupported type for Src operand (SETGT:{ *:[Other] })
def  : Pat<(v64i1 (aie_setgt (v64i8 VEC512:$rs1), (v64i8 VEC512:$rs2))),
^
Included from /home/jtuyls/iree-ai/llvm-aie-port/amd/aie/llvm/lib/Target/AIE/AIE2P.td:34:
Included from /home/jtuyls/iree-ai/llvm-aie-port/amd/aie/llvm/lib/Target/AIE/aie2p/AIE2PInstrInfo.td:332:
/home/jtuyls/iree-ai/llvm-aie-port/amd/aie/llvm/lib/Target/AIE/aie2p/AIE2PInstrPatterns.td:1318:1: warning: Skipped pattern: unsupported type for Src operand (SETGT:{ *:[Other] })
def  : Pat<(v32i1 (aie_setgt (v32i16 VEC512:$rs1), (v32i16 VEC512:$rs2))),
^
Included from /home/jtuyls/iree-ai/llvm-aie-port/amd/aie/llvm/lib/Target/AIE/AIE2P.td:34:
Included from /home/jtuyls/iree-ai/llvm-aie-port/amd/aie/llvm/lib/Target/AIE/aie2p/AIE2PInstrInfo.td:332:
/home/jtuyls/iree-ai/llvm-aie-port/amd/aie/llvm/lib/Target/AIE/aie2p/AIE2PInstrPatterns.td:1320:1: warning: Skipped pattern: unsupported type for Src operand (SETGT:{ *:[Other] })
def  : Pat<(v32i1 (aie_setgt (v16i32 VEC512:$rs1), (v16i32 VEC512:$rs2))),
^
Included from /home/jtuyls/iree-ai/llvm-aie-port/amd/aie/llvm/lib/Target/AIE/AIE2P.td:34:
Included from /home/jtuyls/iree-ai/llvm-aie-port/amd/aie/llvm/lib/Target/AIE/aie2p/AIE2PInstrInfo.td:332:
/home/jtuyls/iree-ai/llvm-aie-port/amd/aie/llvm/lib/Target/AIE/aie2p/AIE2PInstrPatterns.td:1323:1: warning: Skipped pattern: unsupported type for Src operand (SETUGT:{ *:[Other] })
def  : Pat<(v64i1 (aie_setugt (v64i8 VEC512:$rs1), (v64i8 VEC512:$rs2))),
^
Included from /home/jtuyls/iree-ai/llvm-aie-port/amd/aie/llvm/lib/Target/AIE/AIE2P.td:34:
Included from /home/jtuyls/iree-ai/llvm-aie-port/amd/aie/llvm/lib/Target/AIE/aie2p/AIE2PInstrInfo.td:332:
/home/jtuyls/iree-ai/llvm-aie-port/amd/aie/llvm/lib/Target/AIE/aie2p/AIE2PInstrPatterns.td:1332:1: warning: Skipped pattern: unsupported type for Src operand (SETUGT:{ *:[Other] })
def  : Pat<(v32i1 (aie_setugt (v32i16 VEC512:$rs1), (v32i16 VEC512:$rs2))),
^
Included from /home/jtuyls/iree-ai/llvm-aie-port/amd/aie/llvm/lib/Target/AIE/AIE2P.td:34:
Included from /home/jtuyls/iree-ai/llvm-aie-port/amd/aie/llvm/lib/Target/AIE/aie2p/AIE2PInstrInfo.td:332:
/home/jtuyls/iree-ai/llvm-aie-port/amd/aie/llvm/lib/Target/AIE/aie2p/AIE2PInstrPatterns.td:1334:1: warning: Skipped pattern: unsupported type for Src operand (SETUGT:{ *:[Other] })
def  : Pat<(v32i1 (aie_setugt (v16i32 VEC512:$rs1), (v16i32 VEC512:$rs2))),
^
Included from /home/jtuyls/iree-ai/llvm-aie-port/amd/aie/llvm/lib/Target/AIE/AIE2P.td:34:
Included from /home/jtuyls/iree-ai/llvm-aie-port/amd/aie/llvm/lib/Target/AIE/aie2p/AIE2PInstrInfo.td:332:
/home/jtuyls/iree-ai/llvm-aie-port/amd/aie/llvm/lib/Target/AIE/aie2p/AIE2PInstrPatterns.td:1338:1: warning: Skipped pattern: unsupported type for Src operand (SETEQ:{ *:[Other] })
def  : Pat<(v64i1 (aie_seteq (v64i8 VEC512:$rs1), (v64i8 VEC512:$rs2))),
^
Included from /home/jtuyls/iree-ai/llvm-aie-port/amd/aie/llvm/lib/Target/AIE/AIE2P.td:34:
Included from /home/jtuyls/iree-ai/llvm-aie-port/amd/aie/llvm/lib/Target/AIE/aie2p/AIE2PInstrInfo.td:332:
/home/jtuyls/iree-ai/llvm-aie-port/amd/aie/llvm/lib/Target/AIE/aie2p/AIE2PInstrPatterns.td:1340:1: warning: Skipped pattern: unsupported type for Src operand (SETEQ:{ *:[Other] })
def  : Pat<(v32i1 (aie_seteq (v32i16 VEC512:$rs1), (v32i16 VEC512:$rs2))),
^
Included from /home/jtuyls/iree-ai/llvm-aie-port/amd/aie/llvm/lib/Target/AIE/AIE2P.td:34:
Included from /home/jtuyls/iree-ai/llvm-aie-port/amd/aie/llvm/lib/Target/AIE/aie2p/AIE2PInstrInfo.td:332:
/home/jtuyls/iree-ai/llvm-aie-port/amd/aie/llvm/lib/Target/AIE/aie2p/AIE2PInstrPatterns.td:1342:1: warning: Skipped pattern: unsupported type for Src operand (SETEQ:{ *:[Other] })
def  : Pat<(v32i1 (aie_seteq (v16i32 VEC512:$rs1), (v16i32 VEC512:$rs2))),
^
Included from /home/jtuyls/iree-ai/llvm-aie-port/amd/aie/llvm/lib/Target/AIE/AIE2P.td:34:
Included from /home/jtuyls/iree-ai/llvm-aie-port/amd/aie/llvm/lib/Target/AIE/aie2p/AIE2PInstrInfo.td:332:
/home/jtuyls/iree-ai/llvm-aie-port/amd/aie/llvm/lib/Target/AIE/aie2p/AIE2PInstrPatterns.td:1346:1: warning: Skipped pattern: unsupported type for Src operand (SETNE:{ *:[Other] })
def  : Pat<(v64i1 (aie_setne (v64i8 VEC512:$rs1), (v64i8 VEC512:$rs2))),
^
Included from /home/jtuyls/iree-ai/llvm-aie-port/amd/aie/llvm/lib/Target/AIE/AIE2P.td:34:
Included from /home/jtuyls/iree-ai/llvm-aie-port/amd/aie/llvm/lib/Target/AIE/aie2p/AIE2PInstrInfo.td:332:
/home/jtuyls/iree-ai/llvm-aie-port/amd/aie/llvm/lib/Target/AIE/aie2p/AIE2PInstrPatterns.td:1355:1: warning: Skipped pattern: unsupported type for Src operand (SETNE:{ *:[Other] })
def  : Pat<(v32i1 (aie_setne (v32i16 VEC512:$rs1), (v32i16 VEC512:$rs2))),
^
Included from /home/jtuyls/iree-ai/llvm-aie-port/amd/aie/llvm/lib/Target/AIE/AIE2P.td:34:
Included from /home/jtuyls/iree-ai/llvm-aie-port/amd/aie/llvm/lib/Target/AIE/aie2p/AIE2PInstrInfo.td:332:
/home/jtuyls/iree-ai/llvm-aie-port/amd/aie/llvm/lib/Target/AIE/aie2p/AIE2PInstrPatterns.td:1357:1: warning: Skipped pattern: unsupported type for Src operand (SETNE:{ *:[Other] })
def  : Pat<(v32i1 (aie_setne (v16i32 VEC512:$rs1), (v16i32 VEC512:$rs2))),
^
[98/326] Building AIE2PGenPostLegalizerGIGenericCombiner.inc...
[99/326] Building AIE2PGenPreSchedLowering.inc...
[100/326] Building CXX object lib/DebugInfo/Symbolize/CMakeFiles/LLVMSymbolize.dir/SymbolizableObjectFile.cpp.o
[101/326] Building CXX object lib/ObjectYAML/CMakeFiles/LLVMObjectYAML.dir/ObjectYAML.cpp.o
[102/326] Building AIE2PGenSplitInstrTables.inc...
[103/326] Building CXX object lib/ObjectYAML/CMakeFiles/LLVMObjectYAML.dir/XCOFFEmitter.cpp.o
[104/326] Building AIE2PGenInstrInfo.inc...
[105/326] Building AIE2PGenVarInstructionItin.inc...
[106/326] Building AIE2PGenRegisterInfo.inc...
[107/326] Building AIE2PGenMemoryCycles.inc...
[108/326] Building AIE2PGenSubtargetInfo.inc...
[109/325] Building CXX object lib/ObjectYAML/CMakeFiles/LLVMObjectYAML.dir/WasmEmitter.cpp.o
[110/325] Building CXX object lib/CodeGen/GlobalISel/CMakeFiles/LLVMGlobalISel.dir/Legalizer.cpp.o
[111/325] Building AIE2PSGenAsmWriter.inc...
[112/325] Building AIE2PSGenCallingConv.inc...
[113/325] Building AIE2PSGenDisassemblerTables.inc...
Decoding Conflict:
    .
    _  ABS
    _  ACQ_COND_mLockId_imm
    _  ACQ_COND_mLockId_reg
    _  ACQ_mLockId_imm
    _  ACQ_mLockId_reg
    _  ADC
    _  ADD_NC_add_lc_ri
    _  ADD_NC_alu_cg_or_alu_cg_le_rel
    _  ADD_NC_alu_cg_or_alu_cg_ls_rel
    _  ADD_add_r_ri
    _  ADD_alu_r_rr
    _  AND
    _  ASHL
    _  CLB
    _  CLZ
    _  DIVS
    _  DONE
    _  EQ
    _  EQZ
    _  EVENT_ERROR
    _  EVENT_WARNING
    _  EVENT_event0
    _  EVENT_event1
    _  EXTEND_s16
    _  EXTEND_s8
    _  EXTEND_u16
    _  EXTEND_u8
    _  GE
    _  GEU
    _  INVSQRT_nlf_invsqrt
    _  INVSQRT_nlf_invsqrt_mOptConv
    _  INVSQRT_nlf_invsqrt_mOptConvDel_mS3
    _  INVSQRT_nlf_invsqrt_mOptConvDel_mS3_mOptConv
    _  INV_nlf_inv
    _  INV_nlf_inv_mOptConv
    _  INV_nlf_inv_mOptConvDel_mS3
    _  INV_nlf_inv_mOptConvDel_mS3_mOptConv
    _  JL_alumv_or
    _  JNZD
    _  J_alumv_or
    _  LSHL
    _  LT
    _  LTU
    _  MAC
    _  MAX
    _  MAXU
    _  MIN
    _  MINU
    _  MOVX_alu_cg_or
    _  MOVX_mvx_cr_imm
    _  MOVX_mvx_cr_r
    _  MOV_alu_mv_alu_flt2fx
    _  MOV_alu_mv_alu_fx2flt
    _  MSC
    _  MUL
    _  NE
    _  NEZ
    _  NOPX
    _  OR
    _  POPCOUNT
    _  REL_COND_mLockId_imm
    _  REL_COND_mLockId_reg
    _  REL_mLockId_imm
    _  REL_mLockId_reg
    _  RET
    _  SBC
    _  SEL_EQZ
    _  SEL_NEZ
    _  SQRT_nlf_sqrt
    _  SQRT_nlf_sqrt_mOptConv
    _  SQRT_nlf_sqrt_mOptConvDel_mS3
    _  SQRT_nlf_sqrt_mOptConvDel_mS3_mOptConv
    _  SUB
    _  VCONV_fp32_bf16_alu
    _  VCONV_fp32_fp16_alu
    _  VMOV_0_mv_scd_cm
    _  VMOV_0_mv_scd_dm_imm
    _  VMOV_1_mv_scd_cm
    _  VMOV_1_mv_scd_dm_imm
    _  VMOV_2
    _  VMOV_3
    _  VMOV_alu_mv_alu_mv_scd_bm
    _  VMOV_alu_mv_alu_mv_scd_cmh_dyn
    _  VMOV_alu_mv_alu_mv_scd_cmh_reg
    _  VMOV_alu_mv_alu_mv_scd_cml_dyn
    _  VMOV_alu_mv_alu_mv_scd_cml_reg
    _  VMOV_alu_mv_alu_mv_scd_dm_dyn
    _  VMOV_alu_mv_alu_mv_scd_dm_reg
    _  VMOV_alu_mv_alu_mv_scd_x
    _  XOR
Decoding Conflict:
    .
    _  LDA_2D_dml_lda2_scalar_EE
    _  LDA_2D_dml_lda2_scalar_EG
    _  LDA_2D_dml_lda2_scalar_GG
    _  LDA_2D_dml_lda_scalar_F
    _  LDA_2D_dml_lda_scalar_L
    _  LDA_2D_dms_lda_g
    _  LDA_2D_dms_lda_scalar
    _  LDA_2D_dmv_lda_eg2
    _  LDA_2D_dmv_lda_f
    _  LDA_2D_dmv_lda_feg
    _  LDA_2D_s16
    _  LDA_2D_s8
    _  LDA_2D_u16
    _  LDA_2D_u8
    _  LDA_3D_dml_lda2_scalar_EE
    _  LDA_3D_dml_lda2_scalar_EG
    _  LDA_3D_dml_lda2_scalar_GG
    _  LDA_3D_dml_lda_scalar_F
    _  LDA_3D_dml_lda_scalar_L
    _  LDA_3D_dms_lda_g
    _  LDA_3D_dms_lda_scalar
    _  LDA_3D_dmv_lda_eg2
    _  LDA_3D_dmv_lda_f
    _  LDA_3D_dmv_lda_feg
    _  LDA_3D_s16
    _  LDA_3D_s8
    _  LDA_3D_u16
    _  LDA_3D_u8
    _  LDA_TM_2D
    _  LDA_TM_3D
    _  LDA_TM_idx
    _  LDA_TM_idx_imm
    _  LDA_TM_pstm_nrm
    _  LDA_TM_pstm_nrm_imm
    _  LDA_dml_lda2_scalar_EE_ld_idx
    _  LDA_dml_lda2_scalar_EE_ld_idx_imm
    _  LDA_dml_lda2_scalar_EE_ld_pstm_nrm
    _  LDA_dml_lda2_scalar_EE_ld_pstm_nrm_imm
    _  LDA_dml_lda2_scalar_EE_spill
    _  LDA_dml_lda2_scalar_EG_ld_idx
    _  LDA_dml_lda2_scalar_EG_ld_idx_imm
    _  LDA_dml_lda2_scalar_EG_ld_pstm_nrm
    _  LDA_dml_lda2_scalar_EG_ld_pstm_nrm_imm
    _  LDA_dml_lda2_scalar_EG_spill
    _  LDA_dml_lda2_scalar_GG_ld_idx
    _  LDA_dml_lda2_scalar_GG_ld_idx_imm
    _  LDA_dml_lda2_scalar_GG_ld_pstm_nrm
    _  LDA_dml_lda2_scalar_GG_ld_pstm_nrm_imm
    _  LDA_dml_lda2_scalar_GG_spill
    _  LDA_dml_lda_scalar_F_ld_idx
    _  LDA_dml_lda_scalar_F_ld_idx_imm
    _  LDA_dml_lda_scalar_F_ld_pstm_nrm
    _  LDA_dml_lda_scalar_F_ld_pstm_nrm_imm
    _  LDA_dml_lda_scalar_F_spill
    _  LDA_dml_lda_scalar_L_ld_idx
    _  LDA_dml_lda_scalar_L_ld_idx_imm
    _  LDA_dml_lda_scalar_L_ld_pstm_nrm
    _  LDA_dml_lda_scalar_L_ld_pstm_nrm_imm
    _  LDA_dml_lda_scalar_L_spill
    _  LDA_dms_lda_g_ld_idx
    _  LDA_dms_lda_g_ld_idx_imm
    _  LDA_dms_lda_g_ld_pstm_nrm
    _  LDA_dms_lda_g_ld_pstm_nrm_imm
    _  LDA_dms_lda_g_spill
    _  LDA_dms_lda_scalar_ld_idx
    _  LDA_dms_lda_scalar_ld_idx_imm
    _  LDA_dms_lda_scalar_ld_pstm_nrm
    _  LDA_dms_lda_scalar_ld_pstm_nrm_imm
    _  LDA_dms_lda_scalar_spill
    _  LDA_dmv_lda_eg2_ld_idx
    _  LDA_dmv_lda_eg2_ld_idx_imm
    _  LDA_dmv_lda_eg2_ld_pstm_nrm
    _  LDA_dmv_lda_eg2_ld_pstm_nrm_imm
    _  LDA_dmv_lda_eg2_spill
    _  LDA_dmv_lda_f_ld_idx
    _  LDA_dmv_lda_f_ld_idx_imm
    _  LDA_dmv_lda_f_ld_pstm_nrm
    _  LDA_dmv_lda_f_ld_pstm_nrm_imm
    _  LDA_dmv_lda_f_spill
    _  LDA_dmv_lda_feg_ld_idx
    _  LDA_dmv_lda_feg_ld_idx_imm
    _  LDA_dmv_lda_feg_ld_pstm_nrm
    _  LDA_dmv_lda_feg_ld_pstm_nrm_imm
    _  LDA_dmv_lda_feg_spill
    _  LDA_s16_idx
    _  LDA_s16_idx_imm
    _  LDA_s16_pstm_nrm
    _  LDA_s16_pstm_nrm_imm
    _  LDA_s8_idx
    _  LDA_s8_idx_imm
    _  LDA_s8_pstm_nrm
    _  LDA_s8_pstm_nrm_imm
    _  LDA_u16_idx
    _  LDA_u16_idx_imm
    _  LDA_u16_pstm_nrm
    _  LDA_u16_pstm_nrm_imm
    _  LDA_u8_idx
    _  LDA_u8_idx_imm
    _  LDA_u8_pstm_nrm
    _  LDA_u8_pstm_nrm_imm
    _  MOVA
    _  MOV_lda
    _  MOV_nb_lda
    _  NOPA
    _  PADDA_2D
    _  PADDA_3D
    _  PADDA_pstm_nrm
    _  PADDA_pstm_nrm_imm
    _  PADDXM_pstm_sp
    _  PADDXM_pstm_sp_imm
    _  ST_2D_s16
    _  ST_2D_s8
    _  ST_3D_s16
    _  ST_3D_s8
    _  ST_s16_idx
    _  ST_s16_idx_imm
    _  ST_s16_pstm_nrm
    _  ST_s16_pstm_nrm_imm
    _  ST_s8_idx
    _  ST_s8_idx_imm
    _  ST_s8_pstm_nrm
    _  ST_s8_pstm_nrm_imm
    _  VLDA_128_dmv_lda_w_idx
    _  VLDA_128_dmv_lda_w_idx_imm
    _  VLDA_128_dmv_lda_w_pstm_nrm
    _  VLDA_128_dmv_lda_w_pstm_nrm_imm
    _  VLDA_128_dmv_lda_w_spill
    _  VLDA_2D_128
    _  VLDA_2D_CONV_fp32_bf16_dmw_lda_ups_bf16
    _  VLDA_2D_CONV_fp32_bf16_dmx_lda_ups_f16
    _  VLDA_2D_CONV_fp32_fp16
    _  VLDA_2D_UPS_2x_dmw_lda_ups_w2b_upsSign0
    _  VLDA_2D_UPS_2x_dmw_lda_ups_w2b_upsSign1
    _  VLDA_2D_UPS_2x_dmx_lda_ups_x2c_upsSign0
    _  VLDA_2D_UPS_2x_dmx_lda_ups_x2c_upsSign1
    _  VLDA_2D_UPS_4x_dmw_lda_ups_w2c_upsSign0
    _  VLDA_2D_UPS_4x_dmw_lda_ups_w2c_upsSign1
    _  VLDA_2D_UPS_4x_dmx_lda_ups_x2d_upsSign0
    _  VLDA_2D_UPS_4x_dmx_lda_ups_x2d_upsSign1
    _  VLDA_2D_dmw_lda_feg2
    _  VLDA_2D_dmw_lda_w
    _  VLDA_2D_dmx_lda_bm
    _  VLDA_2D_dmx_lda_x
    _  VLDA_3D_128
    _  VLDA_3D_CONV_fp32_bf16_dmw_lda_ups_bf16
    _  VLDA_3D_CONV_fp32_bf16_dmx_lda_ups_f16
    _  VLDA_3D_CONV_fp32_fp16
    _  VLDA_3D_UPS_2x_dmw_lda_ups_w2b_upsSign0
    _  VLDA_3D_UPS_2x_dmw_lda_ups_w2b_upsSign1
    _  VLDA_3D_UPS_2x_dmx_lda_ups_x2c_upsSign0
    _  VLDA_3D_UPS_2x_dmx_lda_ups_x2c_upsSign1
    _  VLDA_3D_UPS_4x_dmw_lda_ups_w2c_upsSign0
    _  VLDA_3D_UPS_4x_dmw_lda_ups_w2c_upsSign1
    _  VLDA_3D_UPS_4x_dmx_lda_ups_x2d_upsSign0
    _  VLDA_3D_UPS_4x_dmx_lda_ups_x2d_upsSign1
    _  VLDA_3D_dmw_lda_feg2
    _  VLDA_3D_dmw_lda_w
    _  VLDA_3D_dmx_lda_bm
    _  VLDA_3D_dmx_lda_x
    _  VLDA_CONV_fp32_bf16_dmw_lda_ups_bf16_idx
    _  VLDA_CONV_fp32_bf16_dmw_lda_ups_bf16_idx_imm
    _  VLDA_CONV_fp32_bf16_dmw_lda_ups_bf16_pstm_nrm
    _  VLDA_CONV_fp32_bf16_dmw_lda_ups_bf16_pstm_nrm_imm
    _  VLDA_CONV_fp32_bf16_dmx_lda_ups_f16_idx
    _  VLDA_CONV_fp32_bf16_dmx_lda_ups_f16_idx_imm
    _  VLDA_CONV_fp32_bf16_dmx_lda_ups_f16_pstm_nrm
    _  VLDA_CONV_fp32_bf16_dmx_lda_ups_f16_pstm_nrm_imm
    _  VLDA_CONV_fp32_fp16_idx
    _  VLDA_CONV_fp32_fp16_idx_imm
    _  VLDA_CONV_fp32_fp16_pstm_nrm
    _  VLDA_CONV_fp32_fp16_pstm_nrm_imm
    _  VLDA_FILL
    _  VLDA_POP_2D_dmx_lda_fifo_ex_bfp16
    _  VLDA_POP_2D_dmx_lda_fifo_fex_bfp13
    _  VLDA_POP_2D_dmx_lda_fifo_x
    _  VLDA_POP_3D_dmx_lda_fifo_ex_bfp16
    _  VLDA_POP_3D_dmx_lda_fifo_fex_bfp13
    _  VLDA_POP_3D_dmx_lda_fifo_x
    _  VLDA_POP_dmx_lda_fifo_ex_bfp16_fifo_1d_pop
    _  VLDA_POP_dmx_lda_fifo_ex_bfp16_normal_pop
    _  VLDA_POP_dmx_lda_fifo_fex_bfp13_fifo_1d_pop
    _  VLDA_POP_dmx_lda_fifo_fex_bfp13_normal_pop
    _  VLDA_POP_dmx_lda_fifo_x_fifo_1d_pop
    _  VLDA_POP_dmx_lda_fifo_x_normal_pop
    _  VLDA_POP_mx4_2D
    _  VLDA_POP_mx4_3D
    _  VLDA_POP_mx4_fifo_1d_pop
    _  VLDA_POP_mx4_normal_pop
    _  VLDA_POP_s_2D
    _  VLDA_POP_s_3D
    _  VLDA_POP_s_fifo_1d_pop
    _  VLDA_POP_s_normal_pop
    _  VLDA_UPS_2x_dmw_lda_ups_w2b_idx_imm_upsSign0
    _  VLDA_UPS_2x_dmw_lda_ups_w2b_idx_imm_upsSign1
    _  VLDA_UPS_2x_dmw_lda_ups_w2b_idx_upsSign0
    _  VLDA_UPS_2x_dmw_lda_ups_w2b_idx_upsSign1
    _  VLDA_UPS_2x_dmw_lda_ups_w2b_pstm_nrm_imm_upsSign0
    _  VLDA_UPS_2x_dmw_lda_ups_w2b_pstm_nrm_imm_upsSign1
    _  VLDA_UPS_2x_dmw_lda_ups_w2b_pstm_nrm_upsSign0
    _  VLDA_UPS_2x_dmw_lda_ups_w2b_pstm_nrm_upsSign1
    _  VLDA_UPS_2x_dmx_lda_ups_x2c_idx_imm_upsSign0
    _  VLDA_UPS_2x_dmx_lda_ups_x2c_idx_imm_upsSign1
    _  VLDA_UPS_2x_dmx_lda_ups_x2c_idx_upsSign0
    _  VLDA_UPS_2x_dmx_lda_ups_x2c_idx_upsSign1
    _  VLDA_UPS_2x_dmx_lda_ups_x2c_pstm_nrm_imm_upsSign0
    _  VLDA_UPS_2x_dmx_lda_ups_x2c_pstm_nrm_imm_upsSign1
    _  VLDA_UPS_2x_dmx_lda_ups_x2c_pstm_nrm_upsSign0
    _  VLDA_UPS_2x_dmx_lda_ups_x2c_pstm_nrm_upsSign1
    _  VLDA_UPS_4x_dmw_lda_ups_w2c_idx_imm_upsSign0
    _  VLDA_UPS_4x_dmw_lda_ups_w2c_idx_imm_upsSign1
    _  VLDA_UPS_4x_dmw_lda_ups_w2c_idx_upsSign0
    _  VLDA_UPS_4x_dmw_lda_ups_w2c_idx_upsSign1
    _  VLDA_UPS_4x_dmw_lda_ups_w2c_pstm_nrm_imm_upsSign0
    _  VLDA_UPS_4x_dmw_lda_ups_w2c_pstm_nrm_imm_upsSign1
    _  VLDA_UPS_4x_dmw_lda_ups_w2c_pstm_nrm_upsSign0
    _  VLDA_UPS_4x_dmw_lda_ups_w2c_pstm_nrm_upsSign1
    _  VLDA_UPS_4x_dmx_lda_ups_x2d_idx_imm_upsSign0
    _  VLDA_UPS_4x_dmx_lda_ups_x2d_idx_imm_upsSign1
    _  VLDA_UPS_4x_dmx_lda_ups_x2d_idx_upsSign0
    _  VLDA_UPS_4x_dmx_lda_ups_x2d_idx_upsSign1
    _  VLDA_UPS_4x_dmx_lda_ups_x2d_pstm_nrm_imm_upsSign0
    _  VLDA_UPS_4x_dmx_lda_ups_x2d_pstm_nrm_imm_upsSign1
    _  VLDA_UPS_4x_dmx_lda_ups_x2d_pstm_nrm_upsSign0
    _  VLDA_UPS_4x_dmx_lda_ups_x2d_pstm_nrm_upsSign1
    _  VLDA_dmw_lda_feg2_ld_idx
    _  VLDA_dmw_lda_feg2_ld_idx_imm
    _  VLDA_dmw_lda_feg2_ld_pstm_nrm
    _  VLDA_dmw_lda_feg2_ld_pstm_nrm_imm
    _  VLDA_dmw_lda_feg2_spill
    _  VLDA_dmw_lda_w_ld_idx
    _  VLDA_dmw_lda_w_ld_idx_imm
    _  VLDA_dmw_lda_w_ld_pstm_nrm
    _  VLDA_dmw_lda_w_ld_pstm_nrm_imm
    _  VLDA_dmw_lda_w_spill
    _  VLDA_dmx_lda_bm_ld_idx
    _  VLDA_dmx_lda_bm_ld_idx_imm
    _  VLDA_dmx_lda_bm_ld_pstm_nrm
    _  VLDA_dmx_lda_bm_ld_pstm_nrm_imm
    _  VLDA_dmx_lda_bm_spill
    _  VLDA_dmx_lda_x_ld_idx
    _  VLDA_dmx_lda_x_ld_idx_imm
    _  VLDA_dmx_lda_x_ld_pstm_nrm
    _  VLDA_dmx_lda_x_ld_pstm_nrm_imm
    _  VLDA_dmx_lda_x_spill
Decoding Conflict:
    .
    _  NOPB
    _  PADDB_2D
    _  PADDB_3D
    _  PADDB_pstm_nrm
    _  PADDB_pstm_nrm_imm
    _  VLDB_128_idx
    _  VLDB_128_idx_imm
    _  VLDB_128_pstm_nrm
    _  VLDB_128_pstm_nrm_imm
    _  VLDB_2D_128
    _  VLDB_2D_UNPACK_dmw_ldb_unpack_unpackSign0
    _  VLDB_2D_UNPACK_dmw_ldb_unpack_unpackSign1
    _  VLDB_2D_UNPACK_dmx_ldb_unpack_unpackSign0
    _  VLDB_2D_UNPACK_dmx_ldb_unpack_unpackSign1
    _  VLDB_2D_dmw_ldb
    _  VLDB_2D_dmx_ldb_x
    _  VLDB_3D_128
    _  VLDB_3D_UNPACK_dmw_ldb_unpack_unpackSign0
    _  VLDB_3D_UNPACK_dmw_ldb_unpack_unpackSign1
    _  VLDB_3D_UNPACK_dmx_ldb_unpack_unpackSign0
    _  VLDB_3D_UNPACK_dmx_ldb_unpack_unpackSign1
    _  VLDB_3D_dmw_ldb
    _  VLDB_3D_dmx_ldb_x
    _  VLDB_4x16_hi
    _  VLDB_4x16_lo
    _  VLDB_4x32_hi
    _  VLDB_4x32_lo
    _  VLDB_4x64_hi
    _  VLDB_4x64_lo
    _  VLDB_FILL
    _  VLDB_FILLX
    _  VLDB_POPX
    _  VLDB_POP_2D_dmx_ldb_fifo_ex_bfp16
    _  VLDB_POP_2D_dmx_ldb_fifo_fex_bfp13
    _  VLDB_POP_2D_dmx_ldb_fifo_x
    _  VLDB_POP_3D_dmx_ldb_fifo_ex_bfp16
    _  VLDB_POP_3D_dmx_ldb_fifo_fex_bfp13
    _  VLDB_POP_3D_dmx_ldb_fifo_x
    _  VLDB_POP_dmx_ldb_fifo_ex_bfp16_fifo_1d_pop
    _  VLDB_POP_dmx_ldb_fifo_ex_bfp16_normal_pop
    _  VLDB_POP_dmx_ldb_fifo_fex_bfp13_fifo_1d_pop
    _  VLDB_POP_dmx_ldb_fifo_fex_bfp13_normal_pop
    _  VLDB_POP_dmx_ldb_fifo_x_fifo_1d_pop
    _  VLDB_POP_dmx_ldb_fifo_x_normal_pop
    _  VLDB_POP_mx4_2D
    _  VLDB_POP_mx4_3D
    _  VLDB_POP_mx4_fifo_1d_pop
    _  VLDB_POP_mx4_normal_pop
    _  VLDB_POP_s_2D
    _  VLDB_POP_s_3D
    _  VLDB_POP_s_fifo_1d_pop
    _  VLDB_POP_s_normal_pop
    _  VLDB_UNPACK_dmw_ldb_unpack_idx_imm_unpackSign0
    _  VLDB_UNPACK_dmw_ldb_unpack_idx_imm_unpackSign1
    _  VLDB_UNPACK_dmw_ldb_unpack_idx_unpackSign0
    _  VLDB_UNPACK_dmw_ldb_unpack_idx_unpackSign1
    _  VLDB_UNPACK_dmw_ldb_unpack_pstm_nrm_imm_unpackSign0
    _  VLDB_UNPACK_dmw_ldb_unpack_pstm_nrm_imm_unpackSign1
    _  VLDB_UNPACK_dmw_ldb_unpack_pstm_nrm_unpackSign0
    _  VLDB_UNPACK_dmw_ldb_unpack_pstm_nrm_unpackSign1
    _  VLDB_UNPACK_dmx_ldb_unpack_idx_imm_unpackSign0
    _  VLDB_UNPACK_dmx_ldb_unpack_idx_imm_unpackSign1
    _  VLDB_UNPACK_dmx_ldb_unpack_idx_unpackSign0
    _  VLDB_UNPACK_dmx_ldb_unpack_idx_unpackSign1
    _  VLDB_UNPACK_dmx_ldb_unpack_pstm_nrm_imm_unpackSign0
    _  VLDB_UNPACK_dmx_ldb_unpack_pstm_nrm_imm_unpackSign1
    _  VLDB_UNPACK_dmx_ldb_unpack_pstm_nrm_unpackSign0
    _  VLDB_UNPACK_dmx_ldb_unpack_pstm_nrm_unpackSign1
    _  VLDB_dmw_ldb_idx
    _  VLDB_dmw_ldb_idx_imm
    _  VLDB_dmw_ldb_pstm_nrm
    _  VLDB_dmw_ldb_pstm_nrm_imm
    _  VLDB_dmx_ldb_x_idx
    _  VLDB_dmx_ldb_x_idx_imm
    _  VLDB_dmx_ldb_x_pstm_nrm
    _  VLDB_dmx_ldb_x_pstm_nrm_imm
    _  VUNPACK_mv_unpack_w_unpackSign0
    _  VUNPACK_mv_unpack_w_unpackSign1
    _  VUNPACK_mv_unpack_x_unpackSign0
    _  VUNPACK_mv_unpack_x_unpackSign1
Decoding Conflict:
    .
    _  ADDXM_NC_lng_cg_le_rel
    _  ADDXM_NC_lng_cg_ls_rel
    _  JL_lng
    _  JNZ
    _  JZ
    _  J_lng
    _  MOVXM_lng_cg
    _  MOVXM_lng_cg_le_abs
    _  MOVXM_lng_cg_ls_abs
    _  NOPXM
Decoding Conflict:
    .
    _  ADDM_NC_mv_add_ri
    _  ADDM_NC_mv_add_rr
    _  ADDM_NC_mv_cg_or_mv_cg_le_rel
    _  ADDM_NC_mv_cg_or_mv_cg_ls_rel
    _  MOV_alu_mv_mv_mv_cg_or
    _  MOV_alu_mv_mv_mv_cntr2l
    _  MOV_alu_mv_mv_mv_e_mv_eh_to_eh
    _  MOV_alu_mv_mv_mv_e_mv_eh_to_el
    _  MOV_alu_mv_mv_mv_e_mv_eh_to_r
    _  MOV_alu_mv_mv_mv_e_mv_el_to_eh
    _  MOV_alu_mv_mv_mv_e_mv_el_to_el
    _  MOV_alu_mv_mv_mv_e_mv_el_to_r
    _  MOV_alu_mv_mv_mv_e_mv_r_to_eh
    _  MOV_alu_mv_mv_mv_e_mv_r_to_el
    _  MOV_alu_mv_mv_mv_g_mv_gh_to_gh
    _  MOV_alu_mv_mv_mv_g_mv_gh_to_gl
    _  MOV_alu_mv_mv_mv_g_mv_gh_to_r
    _  MOV_alu_mv_mv_mv_g_mv_gl_to_gh
    _  MOV_alu_mv_mv_mv_g_mv_gl_to_gl
    _  MOV_alu_mv_mv_mv_g_mv_gl_to_r
    _  MOV_alu_mv_mv_mv_g_mv_r_to_gh
    _  MOV_alu_mv_mv_mv_g_mv_r_to_gl
    _  MOV_alu_mv_mv_mv_r_sc
    _  MOV_alu_mv_mv_mv_sc_cg
    _  MOV_alu_mv_mv_mv_sc_r
    _  MOV_alu_mv_mv_mv_scl
    _  MOV_d1
    _  MOV_d2
    _  MOV_d3
    _  MOV_d4
    _  MOV_d5
    _  MOV_d6
    _  NOPM
    _  VABS_GTZ16_vaddSign0
    _  VABS_GTZ16_vaddSign1
    _  VABS_GTZ32_vaddSign0
    _  VABS_GTZ32_vaddSign1
    _  VABS_GTZ8_vaddSign0
    _  VABS_GTZ8_vaddSign1
    _  VADDSUB_16
    _  VADDSUB_32
    _  VADDSUB_8
    _  VADD_16
    _  VADD_32
    _  VADD_8
    _  VBAND
    _  VBCSTSHFL_16_vec_broadcast_shuffle_bm
    _  VBCSTSHFL_16_vec_broadcast_shuffle_x
    _  VBCSTSHFL_32_vec_broadcast_shuffle_bm
    _  VBCSTSHFL_32_vec_broadcast_shuffle_x
    _  VBCSTSHFL_64_vec_broadcast_shuffle_bm
    _  VBCSTSHFL_64_vec_broadcast_shuffle_x
    _  VBCSTSHFL_8_vec_broadcast_shuffle_bm
    _  VBCSTSHFL_8_vec_broadcast_shuffle_x
    _  VBCST_16
    _  VBCST_32
    _  VBCST_64
    _  VBCST_8
    _  VBNEG_LTZ_s16
    _  VBNEG_LTZ_s32
    _  VBNEG_LTZ_s8
    _  VBOR
    _  VCONV_fp32_bf16_mv_mv_w_ups_bf16
    _  VCONV_fp32_bf16_mv_mv_x_ups_f16
    _  VCONV_fp32_fp16_mv
    _  VEQZ_16
    _  VEQZ_32
    _  VEQZ_8
    _  VEXP2_bf16
    _  VEXP2_fp32
    _  VEXTBCSTSHFL_128
    _  VEXTBCSTSHFL_16
    _  VEXTBCSTSHFL_32
    _  VEXTBCSTSHFL_64
    _  VEXTBCST_128_vec_extract_broadcast_imm
    _  VEXTBCST_128_vec_extract_broadcast_r
    _  VEXTBCST_16_vec_extract_broadcast_imm
    _  VEXTBCST_16_vec_extract_broadcast_r
    _  VEXTBCST_32_vec_extract_broadcast_imm
    _  VEXTBCST_32_vec_extract_broadcast_r
    _  VEXTBCST_64_vec_extract_broadcast_imm
    _  VEXTBCST_64_vec_extract_broadcast_r
    _  VEXTBCST_8_vec_extract_broadcast_imm
    _  VEXTBCST_8_vec_extract_broadcast_r
    _  VEXTRACT_16_vec_extract_imm_vaddSign0
    _  VEXTRACT_16_vec_extract_imm_vaddSign1
    _  VEXTRACT_16_vec_extract_r_vaddSign0
    _  VEXTRACT_16_vec_extract_r_vaddSign1
    _  VEXTRACT_32_vec_extract_imm_vaddSign0
    _  VEXTRACT_32_vec_extract_imm_vaddSign1
    _  VEXTRACT_32_vec_extract_r_vaddSign0
    _  VEXTRACT_32_vec_extract_r_vaddSign1
    _  VEXTRACT_64_vec_extract_imm_vaddSign0
    _  VEXTRACT_64_vec_extract_imm_vaddSign1
    _  VEXTRACT_64_vec_extract_r_vaddSign0
    _  VEXTRACT_64_vec_extract_r_vaddSign1
    _  VEXTRACT_8_vec_extract_imm_vaddSign0
    _  VEXTRACT_8_vec_extract_imm_vaddSign1
    _  VEXTRACT_8_vec_extract_r_vaddSign0
    _  VEXTRACT_8_vec_extract_r_vaddSign1
    _  VGE_16_vaddSign0
    _  VGE_16_vaddSign1
    _  VGE_32_vaddSign0
    _  VGE_32_vaddSign1
    _  VGE_8_vaddSign0
    _  VGE_8_vaddSign1
    _  VGE_bf16
    _  VGE_bf8
    _  VGE_fp16
    _  VGE_fp8
    _  VINSERT_16_mIdxImm0
    _  VINSERT_16_mR29_insert
    _  VINSERT_32_mIdxImm0
    _  VINSERT_32_mR29_insert
    _  VINSERT_64_mIdxImm0
    _  VINSERT_64_mR29_insert
    _  VINSERT_8_mIdxImm0
    _  VINSERT_8_mR29_insert
    _  VLT_16_vaddSign0
    _  VLT_16_vaddSign1
    _  VLT_32_vaddSign0
    _  VLT_32_vaddSign1
    _  VLT_8_vaddSign0
    _  VLT_8_vaddSign1
    _  VLT_bf16
    _  VLT_bf8
    _  VLT_fp16
    _  VLT_fp8
    _  VMAXDIFF_LT_16_vaddSign0
    _  VMAXDIFF_LT_16_vaddSign1
    _  VMAXDIFF_LT_32_vaddSign0
    _  VMAXDIFF_LT_32_vaddSign1
    _  VMAXDIFF_LT_8_vaddSign0
    _  VMAXDIFF_LT_8_vaddSign1
    _  VMAX_LT_16_vaddSign0
    _  VMAX_LT_16_vaddSign1
    _  VMAX_LT_32_vaddSign0
    _  VMAX_LT_32_vaddSign1
    _  VMAX_LT_8_vaddSign0
    _  VMAX_LT_8_vaddSign1
    _  VMAX_LT_bf16
    _  VMAX_LT_bf8
    _  VMAX_LT_fp16
    _  VMAX_LT_fp8
    _  VMIN_GE_16_vaddSign0
    _  VMIN_GE_16_vaddSign1
    _  VMIN_GE_32_vaddSign0
    _  VMIN_GE_32_vaddSign1
    _  VMIN_GE_8_vaddSign0
    _  VMIN_GE_8_vaddSign1
    _  VMIN_GE_bf16
    _  VMIN_GE_bf8
    _  VMIN_GE_fp16
    _  VMIN_GE_fp8
    _  VMOV_alu_mv_mv_mv_cm
    _  VMOV_alu_mv_mv_mv_ee
    _  VMOV_alu_mv_mv_mv_eg
    _  VMOV_alu_mv_mv_mv_eg2
    _  VMOV_alu_mv_mv_mv_eg2_to_w
    _  VMOV_alu_mv_mv_mv_egw
    _  VMOV_alu_mv_mv_mv_egx
    _  VMOV_alu_mv_mv_mv_f
    _  VMOV_alu_mv_mv_mv_f_to_l
    _  VMOV_alu_mv_mv_mv_few
    _  VMOV_alu_mv_mv_mv_fex
    _  VMOV_alu_mv_mv_mv_ff
    _  VMOV_alu_mv_mv_mv_gg
    _  VMOV_alu_mv_mv_mv_l_to_f
    _  VMOV_alu_mv_mv_mv_w
    _  VMOV_alu_mv_mv_mv_w_to_eg2
    _  VMOV_alu_mv_mv_mv_x
    _  VNEG_GTZ_16
    _  VNEG_GTZ_32
    _  VNEG_GTZ_8
    _  VPUSH_hi_16
    _  VPUSH_hi_32
    _  VPUSH_hi_64
    _  VPUSH_hi_8
    _  VPUSH_lo_16
    _  VPUSH_lo_32
    _  VPUSH_lo_64
    _  VPUSH_lo_8
    _  VSEL_16
    _  VSEL_32
    _  VSEL_8
    _  VSHIFT
    _  VSHIFT_ALIGN
    _  VSHUFFLE_vec_shuffle_bm
    _  VSHUFFLE_vec_shuffle_egx
    _  VSHUFFLE_vec_shuffle_fex
    _  VSHUFFLE_vec_shuffle_x
    _  VSUB_16
    _  VSUB_32
    _  VSUB_8
    _  VSUB_GE_16_vaddSign0
    _  VSUB_GE_16_vaddSign1
    _  VSUB_GE_32_vaddSign0
    _  VSUB_GE_32_vaddSign1
    _  VSUB_GE_8_vaddSign0
    _  VSUB_GE_8_vaddSign1
    _  VSUB_LT_16_vaddSign0
    _  VSUB_LT_16_vaddSign1
    _  VSUB_LT_32_vaddSign0
    _  VSUB_LT_32_vaddSign1
    _  VSUB_LT_8_vaddSign0
    _  VSUB_LT_8_vaddSign1
    _  VTANH
    _  VUPS_2x_mv_ups_w2b_upsSign0
    _  VUPS_2x_mv_ups_w2b_upsSign1
    _  VUPS_2x_mv_ups_x2c_upsSign0
    _  VUPS_2x_mv_ups_x2c_upsSign1
    _  VUPS_4x_mv_ups_w2c_upsSign0
    _  VUPS_4x_mv_ups_w2c_upsSign1
    _  VUPS_4x_mv_ups_x2d_upsSign0
    _  VUPS_4x_mv_ups_x2d_upsSign1
Decoding Conflict:
    .
    _  MOVS
    _  MOV_CPH_mMStream_tlast_imm
    _  MOV_CPH_mMStream_tlast_reg
    _  MOV_CPH_nb_mMStream_tlast_imm
    _  MOV_CPH_nb_mMStream_tlast_reg
    _  MOV_CPH_nb_tlast
    _  MOV_CPH_tlast
    _  MOV_PH_mMStream_tlast_imm
    _  MOV_PH_mMStream_tlast_reg
    _  MOV_PH_nb_mMStream_tlast_imm
    _  MOV_PH_nb_mMStream_tlast_reg
    _  MOV_PH_nb_tlast
    _  MOV_PH_tlast
    _  MOV_nb_st_mMStream_tlast_imm
    _  MOV_nb_st_mMStream_tlast_reg
    _  MOV_nb_tlast
    _  MOV_st_mMStream_tlast_imm
    _  MOV_st_mMStream_tlast_reg
    _  MOV_tlast
    _  NOPS
    _  PADDS_2D
    _  PADDS_3D
    _  PADDS_pstm_nrm
    _  PADDS_pstm_nrm_imm
    _  ST_2D_dml_sts_scalar
    _  ST_2D_dms_sts_g
    _  ST_2D_dms_sts_scalar
    _  ST_2D_dmv_sts_f
    _  ST_3D_dml_sts_scalar
    _  ST_3D_dms_sts_g
    _  ST_3D_dms_sts_scalar
    _  ST_3D_dmv_sts_f
    _  ST_TM_2D
    _  ST_TM_3D
    _  ST_TM_idx
    _  ST_TM_idx_imm
    _  ST_TM_pstm_nrm
    _  ST_TM_pstm_nrm_imm
    _  ST_dml_sts_scalar_spill
    _  ST_dml_sts_scalar_st_idx
    _  ST_dml_sts_scalar_st_idx_imm
    _  ST_dml_sts_scalar_st_pstm_nrm
    _  ST_dml_sts_scalar_st_pstm_nrm_imm
    _  ST_dms_sts_g_spill
    _  ST_dms_sts_g_st_idx
    _  ST_dms_sts_g_st_idx_imm
    _  ST_dms_sts_g_st_pstm_nrm
    _  ST_dms_sts_g_st_pstm_nrm_imm
    _  ST_dms_sts_scalar_spill
    _  ST_dms_sts_scalar_st_idx
    _  ST_dms_sts_scalar_st_idx_imm
    _  ST_dms_sts_scalar_st_pstm_nrm
    _  ST_dms_sts_scalar_st_pstm_nrm_imm
    _  ST_dmv_sts_f_spill
    _  ST_dmv_sts_f_st_idx
    _  ST_dmv_sts_f_st_idx_imm
    _  ST_dmv_sts_f_st_pstm_nrm
    _  ST_dmv_sts_f_st_pstm_nrm_imm
    _  VCONV_bf16_fp32_mv_conv_mv_w_srs_bf16
    _  VCONV_bf16_fp32_mv_conv_mv_x_srs_bf16
    _  VCONV_bf16_fp32_mv_mcd_bf16_cm
    _  VCONV_bf8_fp32
    _  VCONV_fp16_fp32_mv_mcd_fp16_cm
    _  VCONV_fp16_fp32_mv_x_srs_fp16
    _  VCONV_fp8_fp32
    _  VCONV_mx4_fp32
    _  VCONV_mx6_fp32
    _  VCONV_mx9_fp32
    _  VCONV_s32_bf16_fp32
    _  VFLOOR_s32_bf16
    _  VMOV_st_mv_mcd_bm
    _  VMOV_st_mv_mcd_x
    _  VPACK_mv_pack_w_packSign0
    _  VPACK_mv_pack_w_packSign1
    _  VPACK_mv_pack_x_packSign0
    _  VPACK_mv_pack_x_packSign1
    _  VSRS_2x_mv_w_srs_bm_srsSign0
    _  VSRS_2x_mv_w_srs_bm_srsSign1
    _  VSRS_2x_mv_x_srs_cm_srsSign0
    _  VSRS_2x_mv_x_srs_cm_srsSign1
    _  VSRS_4x_mv_w_srs_cm_srsSign0
    _  VSRS_4x_mv_w_srs_cm_srsSign1
    _  VSRS_4x_mv_x_srs_dm_srsSign0
    _  VSRS_4x_mv_x_srs_dm_srsSign1
    _  VST_128_dmv_sts_eg_spill
    _  VST_128_dmv_sts_eg_st_idx
    _  VST_128_dmv_sts_eg_st_idx_imm
    _  VST_128_dmv_sts_eg_st_pstm_nrm
    _  VST_128_dmv_sts_eg_st_pstm_nrm_imm
    _  VST_128_dmv_sts_feg_spill
    _  VST_128_dmv_sts_feg_st_idx
    _  VST_128_dmv_sts_feg_st_idx_imm
    _  VST_128_dmv_sts_feg_st_pstm_nrm
    _  VST_128_dmv_sts_feg_st_pstm_nrm_imm
    _  VST_128_dmv_sts_w_spill
    _  VST_128_dmv_sts_w_st_idx
    _  VST_128_dmv_sts_w_st_idx_imm
    _  VST_128_dmv_sts_w_st_pstm_nrm
    _  VST_128_dmv_sts_w_st_pstm_nrm_imm
    _  VST_2D_128_dmv_sts_eg
    _  VST_2D_128_dmv_sts_feg
    _  VST_2D_128_dmv_sts_w
    _  VST_2D_CONV_bf16_fp32_dmw_sts_srs_bf16
    _  VST_2D_CONV_bf16_fp32_dmx_sts_srs_bf16
    _  VST_2D_CONV_bf8_fp32
    _  VST_2D_CONV_fp16_fp32
    _  VST_2D_CONV_fp8_fp32
    _  VST_2D_PACK_dmw_sts_pack_packSign0
    _  VST_2D_PACK_dmw_sts_pack_packSign1
    _  VST_2D_PACK_dmx_sts_pack_packSign0
    _  VST_2D_PACK_dmx_sts_pack_packSign1
    _  VST_2D_SRS_2x_dm_sts_srs_cm_srsSign0
    _  VST_2D_SRS_2x_dm_sts_srs_cm_srsSign1
    _  VST_2D_SRS_2x_dmw_sts_srs_bm_srsSign0
    _  VST_2D_SRS_2x_dmw_sts_srs_bm_srsSign1
    _  VST_2D_SRS_4x_dm_sts_srs_cm_srsSign0
    _  VST_2D_SRS_4x_dm_sts_srs_cm_srsSign1
    _  VST_2D_SRS_4x_dmx_sts_srs_dm_srsSign0
    _  VST_2D_SRS_4x_dmx_sts_srs_dm_srsSign1
    _  VST_2D_dmw_sts_feg2
    _  VST_2D_dmw_sts_w
    _  VST_2D_dmx_sts_bm
    _  VST_2D_dmx_sts_x
    _  VST_3D_128_dmv_sts_eg
    _  VST_3D_128_dmv_sts_feg
    _  VST_3D_128_dmv_sts_w
    _  VST_3D_CONV_bf16_fp32_dmw_sts_srs_bf16
    _  VST_3D_CONV_bf16_fp32_dmx_sts_srs_bf16
    _  VST_3D_CONV_bf8_fp32
    _  VST_3D_CONV_fp16_fp32
    _  VST_3D_CONV_fp8_fp32
    _  VST_3D_PACK_dmw_sts_pack_packSign0
    _  VST_3D_PACK_dmw_sts_pack_packSign1
    _  VST_3D_PACK_dmx_sts_pack_packSign0
    _  VST_3D_PACK_dmx_sts_pack_packSign1
    _  VST_3D_SRS_2x_dm_sts_srs_cm_srsSign0
    _  VST_3D_SRS_2x_dm_sts_srs_cm_srsSign1
    _  VST_3D_SRS_2x_dmw_sts_srs_bm_srsSign0
    _  VST_3D_SRS_2x_dmw_sts_srs_bm_srsSign1
    _  VST_3D_SRS_4x_dm_sts_srs_cm_srsSign0
    _  VST_3D_SRS_4x_dm_sts_srs_cm_srsSign1
    _  VST_3D_SRS_4x_dmx_sts_srs_dm_srsSign0
    _  VST_3D_SRS_4x_dmx_sts_srs_dm_srsSign1
    _  VST_3D_dmw_sts_feg2
    _  VST_3D_dmw_sts_w
    _  VST_3D_dmx_sts_bm
    _  VST_3D_dmx_sts_x
    _  VST_CONV_bf16_fp32_dmw_sts_srs_bf16_idx
    _  VST_CONV_bf16_fp32_dmw_sts_srs_bf16_idx_imm
    _  VST_CONV_bf16_fp32_dmw_sts_srs_bf16_pstm_nrm
    _  VST_CONV_bf16_fp32_dmw_sts_srs_bf16_pstm_nrm_imm
    _  VST_CONV_bf16_fp32_dmx_sts_srs_bf16_idx
    _  VST_CONV_bf16_fp32_dmx_sts_srs_bf16_idx_imm
    _  VST_CONV_bf16_fp32_dmx_sts_srs_bf16_pstm_nrm
    _  VST_CONV_bf16_fp32_dmx_sts_srs_bf16_pstm_nrm_imm
    _  VST_CONV_bf8_fp32_idx
    _  VST_CONV_bf8_fp32_idx_imm
    _  VST_CONV_bf8_fp32_pstm_nrm
    _  VST_CONV_bf8_fp32_pstm_nrm_imm
    _  VST_CONV_fp16_fp32_idx
    _  VST_CONV_fp16_fp32_idx_imm
    _  VST_CONV_fp16_fp32_pstm_nrm
    _  VST_CONV_fp16_fp32_pstm_nrm_imm
    _  VST_CONV_fp8_fp32_idx
    _  VST_CONV_fp8_fp32_idx_imm
    _  VST_CONV_fp8_fp32_pstm_nrm
    _  VST_CONV_fp8_fp32_pstm_nrm_imm
    _  VST_FLUSH_2D
    _  VST_FLUSH_3D
    _  VST_FLUSH_d_2D
    _  VST_FLUSH_d_3D
    _  VST_FLUSH_d_fifo_1d_flush
    _  VST_FLUSH_d_normal_flush
    _  VST_FLUSH_fifo_1d_flush
    _  VST_FLUSH_normal_flush
    _  VST_PACK_dmw_sts_pack_idx_imm_packSign0
    _  VST_PACK_dmw_sts_pack_idx_imm_packSign1
    _  VST_PACK_dmw_sts_pack_idx_packSign0
    _  VST_PACK_dmw_sts_pack_idx_packSign1
    _  VST_PACK_dmw_sts_pack_pstm_nrm_imm_packSign0
    _  VST_PACK_dmw_sts_pack_pstm_nrm_imm_packSign1
    _  VST_PACK_dmw_sts_pack_pstm_nrm_packSign0
    _  VST_PACK_dmw_sts_pack_pstm_nrm_packSign1
    _  VST_PACK_dmx_sts_pack_idx_imm_packSign0
    _  VST_PACK_dmx_sts_pack_idx_imm_packSign1
    _  VST_PACK_dmx_sts_pack_idx_packSign0
    _  VST_PACK_dmx_sts_pack_idx_packSign1
    _  VST_PACK_dmx_sts_pack_pstm_nrm_imm_packSign0
    _  VST_PACK_dmx_sts_pack_pstm_nrm_imm_packSign1
    _  VST_PACK_dmx_sts_pack_pstm_nrm_packSign0
    _  VST_PACK_dmx_sts_pack_pstm_nrm_packSign1
    _  VST_PUSH_256
    _  VST_PUSH_256_CONV_mx4_fp32
    _  VST_PUSH_384
    _  VST_PUSH_384_CONV_mx6_fp32
    _  VST_PUSH_512_dmx_sts_fifo_bare_fex_bfp11
    _  VST_PUSH_512_dmx_sts_fifo_bare_x
    _  VST_PUSH_576
    _  VST_PUSH_576_CONV_mx9_fp32
    _  VST_PUSH_768
    _  VST_SRS_2x_dm_sts_srs_cm_idx_imm_srsSign0
    _  VST_SRS_2x_dm_sts_srs_cm_idx_imm_srsSign1
    _  VST_SRS_2x_dm_sts_srs_cm_idx_srsSign0
    _  VST_SRS_2x_dm_sts_srs_cm_idx_srsSign1
    _  VST_SRS_2x_dm_sts_srs_cm_pstm_nrm_imm_srsSign0
    _  VST_SRS_2x_dm_sts_srs_cm_pstm_nrm_imm_srsSign1
    _  VST_SRS_2x_dm_sts_srs_cm_pstm_nrm_srsSign0
    _  VST_SRS_2x_dm_sts_srs_cm_pstm_nrm_srsSign1
    _  VST_SRS_2x_dmw_sts_srs_bm_idx_imm_srsSign0
    _  VST_SRS_2x_dmw_sts_srs_bm_idx_imm_srsSign1
    _  VST_SRS_2x_dmw_sts_srs_bm_idx_srsSign0
    _  VST_SRS_2x_dmw_sts_srs_bm_idx_srsSign1
    _  VST_SRS_2x_dmw_sts_srs_bm_pstm_nrm_imm_srsSign0
    _  VST_SRS_2x_dmw_sts_srs_bm_pstm_nrm_imm_srsSign1
    _  VST_SRS_2x_dmw_sts_srs_bm_pstm_nrm_srsSign0
    _  VST_SRS_2x_dmw_sts_srs_bm_pstm_nrm_srsSign1
    _  VST_SRS_4x_dm_sts_srs_cm_idx_imm_srsSign0
    _  VST_SRS_4x_dm_sts_srs_cm_idx_imm_srsSign1
    _  VST_SRS_4x_dm_sts_srs_cm_idx_srsSign0
    _  VST_SRS_4x_dm_sts_srs_cm_idx_srsSign1
    _  VST_SRS_4x_dm_sts_srs_cm_pstm_nrm_imm_srsSign0
    _  VST_SRS_4x_dm_sts_srs_cm_pstm_nrm_imm_srsSign1
    _  VST_SRS_4x_dm_sts_srs_cm_pstm_nrm_srsSign0
    _  VST_SRS_4x_dm_sts_srs_cm_pstm_nrm_srsSign1
    _  VST_SRS_4x_dmx_sts_srs_dm_idx_imm_srsSign0
    _  VST_SRS_4x_dmx_sts_srs_dm_idx_imm_srsSign1
    _  VST_SRS_4x_dmx_sts_srs_dm_idx_srsSign0
    _  VST_SRS_4x_dmx_sts_srs_dm_idx_srsSign1
    _  VST_SRS_4x_dmx_sts_srs_dm_pstm_nrm_imm_srsSign0
    _  VST_SRS_4x_dmx_sts_srs_dm_pstm_nrm_imm_srsSign1
    _  VST_SRS_4x_dmx_sts_srs_dm_pstm_nrm_srsSign0
    _  VST_SRS_4x_dmx_sts_srs_dm_pstm_nrm_srsSign1
    _  VST_dmw_sts_feg2_spill
    _  VST_dmw_sts_feg2_st_idx
    _  VST_dmw_sts_feg2_st_idx_imm
    _  VST_dmw_sts_feg2_st_pstm_nrm
    _  VST_dmw_sts_feg2_st_pstm_nrm_imm
    _  VST_dmw_sts_w_spill
    _  VST_dmw_sts_w_st_idx
    _  VST_dmw_sts_w_st_idx_imm
    _  VST_dmw_sts_w_st_pstm_nrm
    _  VST_dmw_sts_w_st_pstm_nrm_imm
    _  VST_dmx_sts_bm_spill
    _  VST_dmx_sts_bm_st_idx
    _  VST_dmx_sts_bm_st_idx_imm
    _  VST_dmx_sts_bm_st_pstm_nrm
    _  VST_dmx_sts_bm_st_pstm_nrm_imm
    _  VST_dmx_sts_x_spill
    _  VST_dmx_sts_x_st_idx
    _  VST_dmx_sts_x_st_idx_imm
    _  VST_dmx_sts_x_st_pstm_nrm
    _  VST_dmx_sts_x_st_pstm_nrm_imm
Decoding Conflict:
    .
    _  NOPV
    _  VADDMAC_f_vaddmac_bf_half_vmul_bf_core_X_R
    _  VADDMAC_f_vaddmac_bf_half_vmul_bf_core_X_Y
    _  VADDMAC_f_vaddmac_bf_half_vmul_bf_core_Y_QY
    _  VADDMAC_f_vaddmac_bf_half_vmul_bf_half_core_X_X
    _  VADDMAC_f_vaddmac_bf_scd_add_scd_incr_vmul_bf_core_X_QY
    _  VADDMAC_f_vaddmac_bf_scd_add_scd_incr_vmul_bf_core_X_X
    _  VADDMAC_f_vaddmac_bf_scd_add_scd_incr_vmul_bf_core_Y_R
    _  VADDMAC_f_vaddmac_bf_scd_add_scd_incr_vmul_bf_core_Y_Y
    _  VADDMAC_f_vaddmac_bf_scd_add_scd_noincr_vmul_bf_core_X_QY
    _  VADDMAC_f_vaddmac_bf_scd_add_scd_noincr_vmul_bf_core_X_X
    _  VADDMAC_f_vaddmac_bf_scd_add_scd_noincr_vmul_bf_core_Y_R
    _  VADDMAC_f_vaddmac_bf_scd_add_scd_noincr_vmul_bf_core_Y_Y
    _  VADDMAC_f_vaddmac_bf_scd_half_add_scd_incr_half_vmul_bf_core_X_R
    _  VADDMAC_f_vaddmac_bf_scd_half_add_scd_incr_half_vmul_bf_core_X_Y
    _  VADDMAC_f_vaddmac_bf_scd_half_add_scd_incr_half_vmul_bf_core_Y_QY
    _  VADDMAC_f_vaddmac_bf_scd_half_add_scd_incr_half_vmul_bf_half_core_X_X
    _  VADDMAC_f_vaddmac_bf_scd_half_add_scd_noincr_half_vmul_bf_core_X_R
    _  VADDMAC_f_vaddmac_bf_scd_half_add_scd_noincr_half_vmul_bf_core_X_Y
    _  VADDMAC_f_vaddmac_bf_scd_half_add_scd_noincr_half_vmul_bf_core_Y_QY
    _  VADDMAC_f_vaddmac_bf_scd_half_add_scd_noincr_half_vmul_bf_half_core_X_X
    _  VADDMAC_f_vaddmac_bf_vmul_bf_core_X_QY
    _  VADDMAC_f_vaddmac_bf_vmul_bf_core_X_X
    _  VADDMAC_f_vaddmac_bf_vmul_bf_core_Y_R
    _  VADDMAC_f_vaddmac_bf_vmul_bf_core_Y_Y
    _  VADDMAC_f_vaddmac_bfp13
    _  VADDMAC_f_vaddmac_bfp13_scd_add_scd_incr
    _  VADDMAC_f_vaddmac_bfp13_scd_add_scd_noincr
    _  VADDMAC_f_vaddmac_bfp16
    _  VADDMAC_f_vaddmac_bfp16_scd_add_scd_incr
    _  VADDMAC_f_vaddmac_bfp16_scd_add_scd_noincr
    _  VADDMAC_vaddmac_half_vmul_cm_half_core_X_QX
    _  VADDMAC_vaddmac_half_vmul_cm_half_core_X_R
    _  VADDMAC_vaddmac_half_vmul_cm_half_core_X_X
    _  VADDMAC_vaddmac_scd_add_scd_incr_vmul_cm_core_X_QX
    _  VADDMAC_vaddmac_scd_add_scd_incr_vmul_cm_core_X_QY
    _  VADDMAC_vaddmac_scd_add_scd_incr_vmul_cm_core_X_R
    _  VADDMAC_vaddmac_scd_add_scd_incr_vmul_cm_core_X_X
    _  VADDMAC_vaddmac_scd_add_scd_incr_vmul_cm_core_X_Y
    _  VADDMAC_vaddmac_scd_add_scd_incr_vmul_cm_core_Y_QX
    _  VADDMAC_vaddmac_scd_add_scd_incr_vmul_cm_core_Y_R
    _  VADDMAC_vaddmac_scd_add_scd_incr_vmul_cm_core_Y_X
    _  VADDMAC_vaddmac_scd_add_scd_incr_vmul_cm_core_Y_Y
    _  VADDMAC_vaddmac_scd_add_scd_noincr_vmul_cm_core_X_QX
    _  VADDMAC_vaddmac_scd_add_scd_noincr_vmul_cm_core_X_QY
    _  VADDMAC_vaddmac_scd_add_scd_noincr_vmul_cm_core_X_R
    _  VADDMAC_vaddmac_scd_add_scd_noincr_vmul_cm_core_X_X
    _  VADDMAC_vaddmac_scd_add_scd_noincr_vmul_cm_core_X_Y
    _  VADDMAC_vaddmac_scd_add_scd_noincr_vmul_cm_core_Y_QX
    _  VADDMAC_vaddmac_scd_add_scd_noincr_vmul_cm_core_Y_R
    _  VADDMAC_vaddmac_scd_add_scd_noincr_vmul_cm_core_Y_X
    _  VADDMAC_vaddmac_scd_add_scd_noincr_vmul_cm_core_Y_Y
    _  VADDMAC_vaddmac_scd_half_add_scd_incr_half_vmul_cm_half_core_X_QX
    _  VADDMAC_vaddmac_scd_half_add_scd_incr_half_vmul_cm_half_core_X_R
    _  VADDMAC_vaddmac_scd_half_add_scd_incr_half_vmul_cm_half_core_X_X
    _  VADDMAC_vaddmac_scd_half_add_scd_noincr_half_vmul_cm_half_core_X_QX
    _  VADDMAC_vaddmac_scd_half_add_scd_noincr_half_vmul_cm_half_core_X_R
    _  VADDMAC_vaddmac_scd_half_add_scd_noincr_half_vmul_cm_half_core_X_X
    _  VADDMAC_vaddmac_vmul_cm_core_X_QX
    _  VADDMAC_vaddmac_vmul_cm_core_X_QY
    _  VADDMAC_vaddmac_vmul_cm_core_X_R
    _  VADDMAC_vaddmac_vmul_cm_core_X_X
    _  VADDMAC_vaddmac_vmul_cm_core_X_Y
    _  VADDMAC_vaddmac_vmul_cm_core_Y_QX
    _  VADDMAC_vaddmac_vmul_cm_core_Y_R
    _  VADDMAC_vaddmac_vmul_cm_core_Y_X
    _  VADDMAC_vaddmac_vmul_cm_core_Y_Y
    _  VADDMSC_f_vaddmac_bf_half_vmul_bf_core_X_R
    _  VADDMSC_f_vaddmac_bf_half_vmul_bf_core_X_Y
    _  VADDMSC_f_vaddmac_bf_half_vmul_bf_core_Y_QY
    _  VADDMSC_f_vaddmac_bf_half_vmul_bf_half_core_X_X
    _  VADDMSC_f_vaddmac_bf_scd_add_scd_incr_vmul_bf_core_X_QY
    _  VADDMSC_f_vaddmac_bf_scd_add_scd_incr_vmul_bf_core_X_X
    _  VADDMSC_f_vaddmac_bf_scd_add_scd_incr_vmul_bf_core_Y_R
    _  VADDMSC_f_vaddmac_bf_scd_add_scd_incr_vmul_bf_core_Y_Y
    _  VADDMSC_f_vaddmac_bf_scd_add_scd_noincr_vmul_bf_core_X_QY
    _  VADDMSC_f_vaddmac_bf_scd_add_scd_noincr_vmul_bf_core_X_X
    _  VADDMSC_f_vaddmac_bf_scd_add_scd_noincr_vmul_bf_core_Y_R
    _  VADDMSC_f_vaddmac_bf_scd_add_scd_noincr_vmul_bf_core_Y_Y
    _  VADDMSC_f_vaddmac_bf_scd_half_add_scd_incr_half_vmul_bf_core_X_R
    _  VADDMSC_f_vaddmac_bf_scd_half_add_scd_incr_half_vmul_bf_core_X_Y
    _  VADDMSC_f_vaddmac_bf_scd_half_add_scd_incr_half_vmul_bf_core_Y_QY
    _  VADDMSC_f_vaddmac_bf_scd_half_add_scd_incr_half_vmul_bf_half_core_X_X
    _  VADDMSC_f_vaddmac_bf_scd_half_add_scd_noincr_half_vmul_bf_core_X_R
    _  VADDMSC_f_vaddmac_bf_scd_half_add_scd_noincr_half_vmul_bf_core_X_Y
    _  VADDMSC_f_vaddmac_bf_scd_half_add_scd_noincr_half_vmul_bf_core_Y_QY
    _  VADDMSC_f_vaddmac_bf_scd_half_add_scd_noincr_half_vmul_bf_half_core_X_X
    _  VADDMSC_f_vaddmac_bf_vmul_bf_core_X_QY
    _  VADDMSC_f_vaddmac_bf_vmul_bf_core_X_X
    _  VADDMSC_f_vaddmac_bf_vmul_bf_core_Y_R
    _  VADDMSC_f_vaddmac_bf_vmul_bf_core_Y_Y
    _  VADDMSC_f_vaddmac_bfp13
    _  VADDMSC_f_vaddmac_bfp13_scd_add_scd_incr
    _  VADDMSC_f_vaddmac_bfp13_scd_add_scd_noincr
    _  VADDMSC_f_vaddmac_bfp16
    _  VADDMSC_f_vaddmac_bfp16_scd_add_scd_incr
    _  VADDMSC_f_vaddmac_bfp16_scd_add_scd_noincr
    _  VADDMSC_vaddmac_half_vmul_cm_half_core_X_QX
    _  VADDMSC_vaddmac_half_vmul_cm_half_core_X_R
    _  VADDMSC_vaddmac_half_vmul_cm_half_core_X_X
    _  VADDMSC_vaddmac_scd_add_scd_incr_vmul_cm_core_X_QX
    _  VADDMSC_vaddmac_scd_add_scd_incr_vmul_cm_core_X_QY
    _  VADDMSC_vaddmac_scd_add_scd_incr_vmul_cm_core_X_R
    _  VADDMSC_vaddmac_scd_add_scd_incr_vmul_cm_core_X_X
    _  VADDMSC_vaddmac_scd_add_scd_incr_vmul_cm_core_X_Y
    _  VADDMSC_vaddmac_scd_add_scd_incr_vmul_cm_core_Y_QX
    _  VADDMSC_vaddmac_scd_add_scd_incr_vmul_cm_core_Y_R
    _  VADDMSC_vaddmac_scd_add_scd_incr_vmul_cm_core_Y_X
    _  VADDMSC_vaddmac_scd_add_scd_incr_vmul_cm_core_Y_Y
    _  VADDMSC_vaddmac_scd_add_scd_noincr_vmul_cm_core_X_QX
    _  VADDMSC_vaddmac_scd_add_scd_noincr_vmul_cm_core_X_QY
    _  VADDMSC_vaddmac_scd_add_scd_noincr_vmul_cm_core_X_R
    _  VADDMSC_vaddmac_scd_add_scd_noincr_vmul_cm_core_X_X
    _  VADDMSC_vaddmac_scd_add_scd_noincr_vmul_cm_core_X_Y
    _  VADDMSC_vaddmac_scd_add_scd_noincr_vmul_cm_core_Y_QX
    _  VADDMSC_vaddmac_scd_add_scd_noincr_vmul_cm_core_Y_R
    _  VADDMSC_vaddmac_scd_add_scd_noincr_vmul_cm_core_Y_X
    _  VADDMSC_vaddmac_scd_add_scd_noincr_vmul_cm_core_Y_Y
    _  VADDMSC_vaddmac_scd_half_add_scd_incr_half_vmul_cm_half_core_X_QX
    _  VADDMSC_vaddmac_scd_half_add_scd_incr_half_vmul_cm_half_core_X_R
    _  VADDMSC_vaddmac_scd_half_add_scd_incr_half_vmul_cm_half_core_X_X
    _  VADDMSC_vaddmac_scd_half_add_scd_noincr_half_vmul_cm_half_core_X_QX
    _  VADDMSC_vaddmac_scd_half_add_scd_noincr_half_vmul_cm_half_core_X_R
    _  VADDMSC_vaddmac_scd_half_add_scd_noincr_half_vmul_cm_half_core_X_X
    _  VADDMSC_vaddmac_vmul_cm_core_X_QX
    _  VADDMSC_vaddmac_vmul_cm_core_X_QY
    _  VADDMSC_vaddmac_vmul_cm_core_X_R
    _  VADDMSC_vaddmac_vmul_cm_core_X_X
    _  VADDMSC_vaddmac_vmul_cm_core_X_Y
    _  VADDMSC_vaddmac_vmul_cm_core_Y_QX
    _  VADDMSC_vaddmac_vmul_cm_core_Y_R
    _  VADDMSC_vaddmac_vmul_cm_core_Y_X
    _  VADDMSC_vaddmac_vmul_cm_core_Y_Y
    _  VADD_f_vacc_fp
    _  VADD_f_vacc_fp_scd_add_scd_incr
    _  VADD_f_vacc_fp_scd_add_scd_noincr
    _  VADD_f_vacc_half_fp
    _  VADD_f_vacc_half_fp_scd_add_scd_incr_half
    _  VADD_f_vacc_half_fp_scd_add_scd_noincr_half
    _  VADD_mx6_vacc_fp_bfp13
    _  VADD_mx6_vacc_fp_bfp13_scd_add_scd_incr
    _  VADD_mx6_vacc_fp_bfp13_scd_add_scd_noincr
    _  VADD_mx6_vacc_half_fp_bfp13
    _  VADD_mx6_vacc_half_fp_bfp13_scd_add_scd_incr_half
    _  VADD_mx6_vacc_half_fp_bfp13_scd_add_scd_noincr_half
    _  VADD_vacc
    _  VADD_vacc_half
    _  VADD_vacc_scd_add_scd_incr
    _  VADD_vacc_scd_add_scd_noincr
    _  VADD_vacc_scd_half_add_scd_incr_half
    _  VADD_vacc_scd_half_add_scd_noincr_half
    _  VCLR_f_vclr_fp
    _  VCLR_f_vclr_half_fp
    _  VCLR_vclr
    _  VCLR_vclr_half
    _  VMAC_f_vmac_bf_half_vmul_bf_core_X_R
    _  VMAC_f_vmac_bf_half_vmul_bf_core_X_Y
    _  VMAC_f_vmac_bf_half_vmul_bf_core_Y_QY
    _  VMAC_f_vmac_bf_half_vmul_bf_half_core_X_X
    _  VMAC_f_vmac_bf_vmul_bf_core_X_QY
    _  VMAC_f_vmac_bf_vmul_bf_core_X_X
    _  VMAC_f_vmac_bf_vmul_bf_core_Y_R
    _  VMAC_f_vmac_bf_vmul_bf_core_Y_Y
    _  VMAC_f_vmac_bfp13
    _  VMAC_f_vmac_bfp16
    _  VMAC_vmac_half_vmul_cm_half_core_X_QX
    _  VMAC_vmac_half_vmul_cm_half_core_X_R
    _  VMAC_vmac_half_vmul_cm_half_core_X_X
    _  VMAC_vmac_vmul_cm_core_X_QX
    _  VMAC_vmac_vmul_cm_core_X_QY
    _  VMAC_vmac_vmul_cm_core_X_R
    _  VMAC_vmac_vmul_cm_core_X_X
    _  VMAC_vmac_vmul_cm_core_X_Y
    _  VMAC_vmac_vmul_cm_core_Y_QX
    _  VMAC_vmac_vmul_cm_core_Y_R
    _  VMAC_vmac_vmul_cm_core_Y_X
    _  VMAC_vmac_vmul_cm_core_Y_Y
    _  VMOV_D_vmov
    _  VMOV_D_vmov_half
    _  VMSC_f_vmac_bf_half_vmul_bf_core_X_R
    _  VMSC_f_vmac_bf_half_vmul_bf_core_X_Y
    _  VMSC_f_vmac_bf_half_vmul_bf_core_Y_QY
    _  VMSC_f_vmac_bf_half_vmul_bf_half_core_X_X
    _  VMSC_f_vmac_bf_vmul_bf_core_X_QY
    _  VMSC_f_vmac_bf_vmul_bf_core_X_X
    _  VMSC_f_vmac_bf_vmul_bf_core_Y_R
    _  VMSC_f_vmac_bf_vmul_bf_core_Y_Y
    _  VMSC_f_vmac_bfp13
    _  VMSC_f_vmac_bfp16
    _  VMSC_vmac_half_vmul_cm_half_core_X_QX
    _  VMSC_vmac_half_vmul_cm_half_core_X_R
    _  VMSC_vmac_half_vmul_cm_half_core_X_X
    _  VMSC_vmac_vmul_cm_core_X_QX
    _  VMSC_vmac_vmul_cm_core_X_QY
    _  VMSC_vmac_vmul_cm_core_X_R
    _  VMSC_vmac_vmul_cm_core_X_X
    _  VMSC_vmac_vmul_cm_core_X_Y
    _  VMSC_vmac_vmul_cm_core_Y_QX
    _  VMSC_vmac_vmul_cm_core_Y_R
    _  VMSC_vmac_vmul_cm_core_Y_X
    _  VMSC_vmac_vmul_cm_core_Y_Y
    _  VMUL_f_vmul_bf_half_vmul_bf_core_X_R
    _  VMUL_f_vmul_bf_half_vmul_bf_core_X_Y
    _  VMUL_f_vmul_bf_half_vmul_bf_core_Y_QY
    _  VMUL_f_vmul_bf_half_vmul_bf_half_core_X_X
    _  VMUL_f_vmul_bf_vmul_bf_core_X_QY
    _  VMUL_f_vmul_bf_vmul_bf_core_X_X
    _  VMUL_f_vmul_bf_vmul_bf_core_Y_R
    _  VMUL_f_vmul_bf_vmul_bf_core_Y_Y
    _  VMUL_f_vmul_bfp13
    _  VMUL_f_vmul_bfp16
    _  VMUL_vmul_half_vmul_cm_half_core_X_QX
    _  VMUL_vmul_half_vmul_cm_half_core_X_R
    _  VMUL_vmul_half_vmul_cm_half_core_X_X
    _  VMUL_vmul_vmul_cm_core_X_QX
    _  VMUL_vmul_vmul_cm_core_X_QY
    _  VMUL_vmul_vmul_cm_core_X_R
    _  VMUL_vmul_vmul_cm_core_X_X
    _  VMUL_vmul_vmul_cm_core_X_Y
    _  VMUL_vmul_vmul_cm_core_Y_QX
    _  VMUL_vmul_vmul_cm_core_Y_R
    _  VMUL_vmul_vmul_cm_core_Y_X
    _  VMUL_vmul_vmul_cm_core_Y_Y
    _  VNEGMUL_f_vmul_bf_half_vmul_bf_core_X_R
    _  VNEGMUL_f_vmul_bf_half_vmul_bf_core_X_Y
    _  VNEGMUL_f_vmul_bf_half_vmul_bf_core_Y_QY
    _  VNEGMUL_f_vmul_bf_half_vmul_bf_half_core_X_X
    _  VNEGMUL_f_vmul_bf_vmul_bf_core_X_QY
    _  VNEGMUL_f_vmul_bf_vmul_bf_core_X_X
    _  VNEGMUL_f_vmul_bf_vmul_bf_core_Y_R
    _  VNEGMUL_f_vmul_bf_vmul_bf_core_Y_Y
    _  VNEGMUL_f_vmul_bfp13
    _  VNEGMUL_f_vmul_bfp16
    _  VNEGMUL_vmul_half_vmul_cm_half_core_X_QX
    _  VNEGMUL_vmul_half_vmul_cm_half_core_X_R
    _  VNEGMUL_vmul_half_vmul_cm_half_core_X_X
    _  VNEGMUL_vmul_vmul_cm_core_X_QX
    _  VNEGMUL_vmul_vmul_cm_core_X_QY
    _  VNEGMUL_vmul_vmul_cm_core_X_R
    _  VNEGMUL_vmul_vmul_cm_core_X_X
    _  VNEGMUL_vmul_vmul_cm_core_X_Y
    _  VNEGMUL_vmul_vmul_cm_core_Y_QX
    _  VNEGMUL_vmul_vmul_cm_core_Y_R
    _  VNEGMUL_vmul_vmul_cm_core_Y_X
    _  VNEGMUL_vmul_vmul_cm_core_Y_Y
    _  VNEG_f_vneg_fp
    _  VNEG_f_vneg_half_fp
    _  VNEG_mx6_vneg_fp_bfp13
    _  VNEG_mx6_vneg_half_fp_bfp13
    _  VNEG_vneg
    _  VNEG_vneg_half
    _  VSUB_f_vacc_fp
    _  VSUB_f_vacc_fp_scd_add_scd_incr
    _  VSUB_f_vacc_fp_scd_add_scd_noincr
    _  VSUB_f_vacc_half_fp
    _  VSUB_f_vacc_half_fp_scd_add_scd_incr_half
    _  VSUB_f_vacc_half_fp_scd_add_scd_noincr_half
    _  VSUB_mx6_vacc_fp_bfp13
    _  VSUB_mx6_vacc_fp_bfp13_scd_add_scd_incr
    _  VSUB_mx6_vacc_fp_bfp13_scd_add_scd_noincr
    _  VSUB_mx6_vacc_half_fp_bfp13
    _  VSUB_mx6_vacc_half_fp_bfp13_scd_add_scd_incr_half
    _  VSUB_mx6_vacc_half_fp_bfp13_scd_add_scd_noincr_half
    _  VSUB_vacc
    _  VSUB_vacc_half
    _  VSUB_vacc_scd_add_scd_incr
    _  VSUB_vacc_scd_add_scd_noincr
    _  VSUB_vacc_scd_half_add_scd_incr_half
    _  VSUB_vacc_scd_half_add_scd_noincr_half
warning: Decoding conflict encountered
[114/325] Building CXX object lib/ObjectYAML/CMakeFiles/LLVMObjectYAML.dir/yaml2obj.cpp.o
[115/325] Building AIE2PSGenAsmMatcher.inc...
[116/325] Building AIE2PSGenMCCodeEmitter.inc...
[117/325] Building AIE2PGenRegisterBank.inc...
[118/325] Building AIE2PSGenPostLegalizerGIGenericCombiner.inc...
[119/325] Building AIE2PSGenFormats.inc...
[120/325] Building AIE2PSGenPostLegalizerGIFinalCombiner.inc...
[121/325] Building AIE2PSGenPreSchedLowering.inc...
[122/325] Building AIE2PSGenPreLegalizerGICombiner.inc...
[123/325] Building AIE2PSGenSplitInstrTables.inc...
[124/325] Building AIE2PSGenPostLegalizerGICustomCombiner.inc...
[125/325] Building CXX object lib/Transforms/Instrumentation/CMakeFiles/LLVMInstrumentation.dir/HWAddressSanitizer.cpp.o
[126/325] Building AIE2PSGenGlobalISel.inc...
Included from /home/jtuyls/iree-ai/llvm-aie-port/amd/aie/llvm/lib/Target/AIE/AIE2PS.td:35:
Included from /home/jtuyls/iree-ai/llvm-aie-port/amd/aie/llvm/lib/Target/AIE/aie2ps/AIE2PSInstrInfo.td:444:
/home/jtuyls/iree-ai/llvm-aie-port/amd/aie/llvm/lib/Target/AIE/aie2ps/AIE2PSInstrPatterns.td:1357:1: warning: Skipped pattern: unsupported type for Src operand (SETLT:{ *:[Other] })
def : Pat<(v64i1 (aie_setlt (v64i8 VEC512:$rs1), (v64i8 VEC512:$rs2))),
^
Included from /home/jtuyls/iree-ai/llvm-aie-port/amd/aie/llvm/lib/Target/AIE/AIE2PS.td:35:
Included from /home/jtuyls/iree-ai/llvm-aie-port/amd/aie/llvm/lib/Target/AIE/aie2ps/AIE2PSInstrInfo.td:444:
/home/jtuyls/iree-ai/llvm-aie-port/amd/aie/llvm/lib/Target/AIE/aie2ps/AIE2PSInstrPatterns.td:1359:1: warning: Skipped pattern: unsupported type for Src operand (SETLT:{ *:[Other] })
def : Pat<(v32i1 (aie_setlt (v32i16 VEC512:$rs1), (v32i16 VEC512:$rs2))),
^
Included from /home/jtuyls/iree-ai/llvm-aie-port/amd/aie/llvm/lib/Target/AIE/AIE2PS.td:35:
Included from /home/jtuyls/iree-ai/llvm-aie-port/amd/aie/llvm/lib/Target/AIE/aie2ps/AIE2PSInstrInfo.td:444:
/home/jtuyls/iree-ai/llvm-aie-port/amd/aie/llvm/lib/Target/AIE/aie2ps/AIE2PSInstrPatterns.td:1361:1: warning: Skipped pattern: unsupported type for Src operand (SETLT:{ *:[Other] })
def : Pat<(v32i1 (aie_setlt (v16i32 VEC512:$rs1), (v16i32 VEC512:$rs2))),
^
Included from /home/jtuyls/iree-ai/llvm-aie-port/amd/aie/llvm/lib/Target/AIE/AIE2PS.td:35:
Included from /home/jtuyls/iree-ai/llvm-aie-port/amd/aie/llvm/lib/Target/AIE/aie2ps/AIE2PSInstrInfo.td:444:
/home/jtuyls/iree-ai/llvm-aie-port/amd/aie/llvm/lib/Target/AIE/aie2ps/AIE2PSInstrPatterns.td:1364:1: warning: Skipped pattern: unsupported type for Src operand (SETULT:{ *:[Other] })
def : Pat<(v64i1 (aie_setult (v64i8 VEC512:$rs1), (v64i8 VEC512:$rs2))),
^
Included from /home/jtuyls/iree-ai/llvm-aie-port/amd/aie/llvm/lib/Target/AIE/AIE2PS.td:35:
Included from /home/jtuyls/iree-ai/llvm-aie-port/amd/aie/llvm/lib/Target/AIE/aie2ps/AIE2PSInstrInfo.td:444:
/home/jtuyls/iree-ai/llvm-aie-port/amd/aie/llvm/lib/Target/AIE/aie2ps/AIE2PSInstrPatterns.td:1366:1: warning: Skipped pattern: unsupported type for Src operand (SETULT:{ *:[Other] })
def : Pat<(v32i1 (aie_setult (v32i16 VEC512:$rs1), (v32i16 VEC512:$rs2))),
^
Included from /home/jtuyls/iree-ai/llvm-aie-port/amd/aie/llvm/lib/Target/AIE/AIE2PS.td:35:
Included from /home/jtuyls/iree-ai/llvm-aie-port/amd/aie/llvm/lib/Target/AIE/aie2ps/AIE2PSInstrInfo.td:444:
/home/jtuyls/iree-ai/llvm-aie-port/amd/aie/llvm/lib/Target/AIE/aie2ps/AIE2PSInstrPatterns.td:1368:1: warning: Skipped pattern: unsupported type for Src operand (SETULT:{ *:[Other] })
def : Pat<(v32i1 (aie_setult (v16i32 VEC512:$rs1), (v16i32 VEC512:$rs2))),
^
Included from /home/jtuyls/iree-ai/llvm-aie-port/amd/aie/llvm/lib/Target/AIE/AIE2PS.td:35:
Included from /home/jtuyls/iree-ai/llvm-aie-port/amd/aie/llvm/lib/Target/AIE/aie2ps/AIE2PSInstrInfo.td:444:
/home/jtuyls/iree-ai/llvm-aie-port/amd/aie/llvm/lib/Target/AIE/aie2ps/AIE2PSInstrPatterns.td:1372:1: warning: Skipped pattern: unsupported type for Src operand (SETLE:{ *:[Other] })
def : Pat<(v64i1 (aie_setle (v64i8 VEC512:$rs1), (v64i8 VEC512:$rs2))),
^
Included from /home/jtuyls/iree-ai/llvm-aie-port/amd/aie/llvm/lib/Target/AIE/AIE2PS.td:35:
Included from /home/jtuyls/iree-ai/llvm-aie-port/amd/aie/llvm/lib/Target/AIE/aie2ps/AIE2PSInstrInfo.td:444:
/home/jtuyls/iree-ai/llvm-aie-port/amd/aie/llvm/lib/Target/AIE/aie2ps/AIE2PSInstrPatterns.td:1381:1: warning: Skipped pattern: unsupported type for Src operand (SETLE:{ *:[Other] })
def : Pat<(v32i1 (aie_setle (v32i16 VEC512:$rs1), (v32i16 VEC512:$rs2))),
^
Included from /home/jtuyls/iree-ai/llvm-aie-port/amd/aie/llvm/lib/Target/AIE/AIE2PS.td:35:
Included from /home/jtuyls/iree-ai/llvm-aie-port/amd/aie/llvm/lib/Target/AIE/aie2ps/AIE2PSInstrInfo.td:444:
/home/jtuyls/iree-ai/llvm-aie-port/amd/aie/llvm/lib/Target/AIE/aie2ps/AIE2PSInstrPatterns.td:1386:1: warning: Skipped pattern: unsupported type for Src operand (SETLE:{ *:[Other] })
def : Pat<(v32i1 (aie_setle (v16i32 VEC512:$rs1), (v16i32 VEC512:$rs2))),
^
Included from /home/jtuyls/iree-ai/llvm-aie-port/amd/aie/llvm/lib/Target/AIE/AIE2PS.td:35:
Included from /home/jtuyls/iree-ai/llvm-aie-port/amd/aie/llvm/lib/Target/AIE/aie2ps/AIE2PSInstrInfo.td:444:
/home/jtuyls/iree-ai/llvm-aie-port/amd/aie/llvm/lib/Target/AIE/aie2ps/AIE2PSInstrPatterns.td:1391:1: warning: Skipped pattern: unsupported type for Src operand (SETULE:{ *:[Other] })
def : Pat<(v64i1 (aie_setule (v64i8 VEC512:$rs1), (v64i8 VEC512:$rs2))),
^
Included from /home/jtuyls/iree-ai/llvm-aie-port/amd/aie/llvm/lib/Target/AIE/AIE2PS.td:35:
Included from /home/jtuyls/iree-ai/llvm-aie-port/amd/aie/llvm/lib/Target/AIE/aie2ps/AIE2PSInstrInfo.td:444:
/home/jtuyls/iree-ai/llvm-aie-port/amd/aie/llvm/lib/Target/AIE/aie2ps/AIE2PSInstrPatterns.td:1400:1: warning: Skipped pattern: unsupported type for Src operand (SETULE:{ *:[Other] })
def : Pat<(v32i1 (aie_setule (v32i16 VEC512:$rs1), (v32i16 VEC512:$rs2))),
^
Included from /home/jtuyls/iree-ai/llvm-aie-port/amd/aie/llvm/lib/Target/AIE/AIE2PS.td:35:
Included from /home/jtuyls/iree-ai/llvm-aie-port/amd/aie/llvm/lib/Target/AIE/aie2ps/AIE2PSInstrInfo.td:444:
/home/jtuyls/iree-ai/llvm-aie-port/amd/aie/llvm/lib/Target/AIE/aie2ps/AIE2PSInstrPatterns.td:1405:1: warning: Skipped pattern: unsupported type for Src operand (SETULE:{ *:[Other] })
def : Pat<(v32i1 (aie_setule (v16i32 VEC512:$rs1), (v16i32 VEC512:$rs2))),
^
Included from /home/jtuyls/iree-ai/llvm-aie-port/amd/aie/llvm/lib/Target/AIE/AIE2PS.td:35:
Included from /home/jtuyls/iree-ai/llvm-aie-port/amd/aie/llvm/lib/Target/AIE/aie2ps/AIE2PSInstrInfo.td:444:
/home/jtuyls/iree-ai/llvm-aie-port/amd/aie/llvm/lib/Target/AIE/aie2ps/AIE2PSInstrPatterns.td:1411:1: warning: Skipped pattern: unsupported type for Src operand (SETGE:{ *:[Other] })
def  : Pat<(v64i1 (aie_setge (v64i8 VEC512:$rs1), (v64i8 VEC512:$rs2))),
^
Included from /home/jtuyls/iree-ai/llvm-aie-port/amd/aie/llvm/lib/Target/AIE/AIE2PS.td:35:
Included from /home/jtuyls/iree-ai/llvm-aie-port/amd/aie/llvm/lib/Target/AIE/aie2ps/AIE2PSInstrInfo.td:444:
/home/jtuyls/iree-ai/llvm-aie-port/amd/aie/llvm/lib/Target/AIE/aie2ps/AIE2PSInstrPatterns.td:1413:1: warning: Skipped pattern: unsupported type for Src operand (SETGE:{ *:[Other] })
def  : Pat<(v32i1 (aie_setge (v32i16 VEC512:$rs1), (v32i16 VEC512:$rs2))),
^
Included from /home/jtuyls/iree-ai/llvm-aie-port/amd/aie/llvm/lib/Target/AIE/AIE2PS.td:35:
Included from /home/jtuyls/iree-ai/llvm-aie-port/amd/aie/llvm/lib/Target/AIE/aie2ps/AIE2PSInstrInfo.td:444:
/home/jtuyls/iree-ai/llvm-aie-port/amd/aie/llvm/lib/Target/AIE/aie2ps/AIE2PSInstrPatterns.td:1415:1: warning: Skipped pattern: unsupported type for Src operand (SETGE:{ *:[Other] })
def  : Pat<(v32i1 (aie_setge (v16i32 VEC512:$rs1), (v16i32 VEC512:$rs2))),
^
Included from /home/jtuyls/iree-ai/llvm-aie-port/amd/aie/llvm/lib/Target/AIE/AIE2PS.td:35:
Included from /home/jtuyls/iree-ai/llvm-aie-port/amd/aie/llvm/lib/Target/AIE/aie2ps/AIE2PSInstrInfo.td:444:
/home/jtuyls/iree-ai/llvm-aie-port/amd/aie/llvm/lib/Target/AIE/aie2ps/AIE2PSInstrPatterns.td:1418:1: warning: Skipped pattern: unsupported type for Src operand (SETUGE:{ *:[Other] })
def  : Pat<(v64i1 (aie_setuge (v64i8 VEC512:$rs1), (v64i8 VEC512:$rs2))),
^
Included from /home/jtuyls/iree-ai/llvm-aie-port/amd/aie/llvm/lib/Target/AIE/AIE2PS.td:35:
Included from /home/jtuyls/iree-ai/llvm-aie-port/amd/aie/llvm/lib/Target/AIE/aie2ps/AIE2PSInstrInfo.td:444:
/home/jtuyls/iree-ai/llvm-aie-port/amd/aie/llvm/lib/Target/AIE/aie2ps/AIE2PSInstrPatterns.td:1420:1: warning: Skipped pattern: unsupported type for Src operand (SETUGE:{ *:[Other] })
def  : Pat<(v32i1 (aie_setuge (v32i16 VEC512:$rs1), (v32i16 VEC512:$rs2))),
^
Included from /home/jtuyls/iree-ai/llvm-aie-port/amd/aie/llvm/lib/Target/AIE/AIE2PS.td:35:
Included from /home/jtuyls/iree-ai/llvm-aie-port/amd/aie/llvm/lib/Target/AIE/aie2ps/AIE2PSInstrInfo.td:444:
/home/jtuyls/iree-ai/llvm-aie-port/amd/aie/llvm/lib/Target/AIE/aie2ps/AIE2PSInstrPatterns.td:1422:1: warning: Skipped pattern: unsupported type for Src operand (SETUGE:{ *:[Other] })
def  : Pat<(v32i1 (aie_setuge (v16i32 VEC512:$rs1), (v16i32 VEC512:$rs2))),
^
Included from /home/jtuyls/iree-ai/llvm-aie-port/amd/aie/llvm/lib/Target/AIE/AIE2PS.td:35:
Included from /home/jtuyls/iree-ai/llvm-aie-port/amd/aie/llvm/lib/Target/AIE/aie2ps/AIE2PSInstrInfo.td:444:
/home/jtuyls/iree-ai/llvm-aie-port/amd/aie/llvm/lib/Target/AIE/aie2ps/AIE2PSInstrPatterns.td:1426:1: warning: Skipped pattern: unsupported type for Src operand (SETGT:{ *:[Other] })
def  : Pat<(v64i1 (aie_setgt (v64i8 VEC512:$rs1), (v64i8 VEC512:$rs2))),
^
Included from /home/jtuyls/iree-ai/llvm-aie-port/amd/aie/llvm/lib/Target/AIE/AIE2PS.td:35:
Included from /home/jtuyls/iree-ai/llvm-aie-port/amd/aie/llvm/lib/Target/AIE/aie2ps/AIE2PSInstrInfo.td:444:
/home/jtuyls/iree-ai/llvm-aie-port/amd/aie/llvm/lib/Target/AIE/aie2ps/AIE2PSInstrPatterns.td:1435:1: warning: Skipped pattern: unsupported type for Src operand (SETGT:{ *:[Other] })
def  : Pat<(v32i1 (aie_setgt (v32i16 VEC512:$rs1), (v32i16 VEC512:$rs2))),
^
Included from /home/jtuyls/iree-ai/llvm-aie-port/amd/aie/llvm/lib/Target/AIE/AIE2PS.td:35:
Included from /home/jtuyls/iree-ai/llvm-aie-port/amd/aie/llvm/lib/Target/AIE/aie2ps/AIE2PSInstrInfo.td:444:
/home/jtuyls/iree-ai/llvm-aie-port/amd/aie/llvm/lib/Target/AIE/aie2ps/AIE2PSInstrPatterns.td:1437:1: warning: Skipped pattern: unsupported type for Src operand (SETGT:{ *:[Other] })
def  : Pat<(v32i1 (aie_setgt (v16i32 VEC512:$rs1), (v16i32 VEC512:$rs2))),
^
Included from /home/jtuyls/iree-ai/llvm-aie-port/amd/aie/llvm/lib/Target/AIE/AIE2PS.td:35:
Included from /home/jtuyls/iree-ai/llvm-aie-port/amd/aie/llvm/lib/Target/AIE/aie2ps/AIE2PSInstrInfo.td:444:
/home/jtuyls/iree-ai/llvm-aie-port/amd/aie/llvm/lib/Target/AIE/aie2ps/AIE2PSInstrPatterns.td:1440:1: warning: Skipped pattern: unsupported type for Src operand (SETUGT:{ *:[Other] })
def  : Pat<(v64i1 (aie_setugt (v64i8 VEC512:$rs1), (v64i8 VEC512:$rs2))),
^
Included from /home/jtuyls/iree-ai/llvm-aie-port/amd/aie/llvm/lib/Target/AIE/AIE2PS.td:35:
Included from /home/jtuyls/iree-ai/llvm-aie-port/amd/aie/llvm/lib/Target/AIE/aie2ps/AIE2PSInstrInfo.td:444:
/home/jtuyls/iree-ai/llvm-aie-port/amd/aie/llvm/lib/Target/AIE/aie2ps/AIE2PSInstrPatterns.td:1449:1: warning: Skipped pattern: unsupported type for Src operand (SETUGT:{ *:[Other] })
def  : Pat<(v32i1 (aie_setugt (v32i16 VEC512:$rs1), (v32i16 VEC512:$rs2))),
^
Included from /home/jtuyls/iree-ai/llvm-aie-port/amd/aie/llvm/lib/Target/AIE/AIE2PS.td:35:
Included from /home/jtuyls/iree-ai/llvm-aie-port/amd/aie/llvm/lib/Target/AIE/aie2ps/AIE2PSInstrInfo.td:444:
/home/jtuyls/iree-ai/llvm-aie-port/amd/aie/llvm/lib/Target/AIE/aie2ps/AIE2PSInstrPatterns.td:1451:1: warning: Skipped pattern: unsupported type for Src operand (SETUGT:{ *:[Other] })
def  : Pat<(v32i1 (aie_setugt (v16i32 VEC512:$rs1), (v16i32 VEC512:$rs2))),
^
Included from /home/jtuyls/iree-ai/llvm-aie-port/amd/aie/llvm/lib/Target/AIE/AIE2PS.td:35:
Included from /home/jtuyls/iree-ai/llvm-aie-port/amd/aie/llvm/lib/Target/AIE/aie2ps/AIE2PSInstrInfo.td:444:
/home/jtuyls/iree-ai/llvm-aie-port/amd/aie/llvm/lib/Target/AIE/aie2ps/AIE2PSInstrPatterns.td:1455:1: warning: Skipped pattern: unsupported type for Src operand (SETEQ:{ *:[Other] })
def  : Pat<(v64i1 (aie_seteq (v64i8 VEC512:$rs1), (v64i8 VEC512:$rs2))),
^
Included from /home/jtuyls/iree-ai/llvm-aie-port/amd/aie/llvm/lib/Target/AIE/AIE2PS.td:35:
Included from /home/jtuyls/iree-ai/llvm-aie-port/amd/aie/llvm/lib/Target/AIE/aie2ps/AIE2PSInstrInfo.td:444:
/home/jtuyls/iree-ai/llvm-aie-port/amd/aie/llvm/lib/Target/AIE/aie2ps/AIE2PSInstrPatterns.td:1457:1: warning: Skipped pattern: unsupported type for Src operand (SETEQ:{ *:[Other] })
def  : Pat<(v32i1 (aie_seteq (v32i16 VEC512:$rs1), (v32i16 VEC512:$rs2))),
^
Included from /home/jtuyls/iree-ai/llvm-aie-port/amd/aie/llvm/lib/Target/AIE/AIE2PS.td:35:
Included from /home/jtuyls/iree-ai/llvm-aie-port/amd/aie/llvm/lib/Target/AIE/aie2ps/AIE2PSInstrInfo.td:444:
/home/jtuyls/iree-ai/llvm-aie-port/amd/aie/llvm/lib/Target/AIE/aie2ps/AIE2PSInstrPatterns.td:1459:1: warning: Skipped pattern: unsupported type for Src operand (SETEQ:{ *:[Other] })
def  : Pat<(v32i1 (aie_seteq (v16i32 VEC512:$rs1), (v16i32 VEC512:$rs2))),
^
Included from /home/jtuyls/iree-ai/llvm-aie-port/amd/aie/llvm/lib/Target/AIE/AIE2PS.td:35:
Included from /home/jtuyls/iree-ai/llvm-aie-port/amd/aie/llvm/lib/Target/AIE/aie2ps/AIE2PSInstrInfo.td:444:
/home/jtuyls/iree-ai/llvm-aie-port/amd/aie/llvm/lib/Target/AIE/aie2ps/AIE2PSInstrPatterns.td:1463:1: warning: Skipped pattern: unsupported type for Src operand (SETNE:{ *:[Other] })
def  : Pat<(v64i1 (aie_setne (v64i8 VEC512:$rs1), (v64i8 VEC512:$rs2))),
^
Included from /home/jtuyls/iree-ai/llvm-aie-port/amd/aie/llvm/lib/Target/AIE/AIE2PS.td:35:
Included from /home/jtuyls/iree-ai/llvm-aie-port/amd/aie/llvm/lib/Target/AIE/aie2ps/AIE2PSInstrInfo.td:444:
/home/jtuyls/iree-ai/llvm-aie-port/amd/aie/llvm/lib/Target/AIE/aie2ps/AIE2PSInstrPatterns.td:1472:1: warning: Skipped pattern: unsupported type for Src operand (SETNE:{ *:[Other] })
def  : Pat<(v32i1 (aie_setne (v32i16 VEC512:$rs1), (v32i16 VEC512:$rs2))),
^
Included from /home/jtuyls/iree-ai/llvm-aie-port/amd/aie/llvm/lib/Target/AIE/AIE2PS.td:35:
Included from /home/jtuyls/iree-ai/llvm-aie-port/amd/aie/llvm/lib/Target/AIE/aie2ps/AIE2PSInstrInfo.td:444:
/home/jtuyls/iree-ai/llvm-aie-port/amd/aie/llvm/lib/Target/AIE/aie2ps/AIE2PSInstrPatterns.td:1474:1: warning: Skipped pattern: unsupported type for Src operand (SETNE:{ *:[Other] })
def  : Pat<(v32i1 (aie_setne (v16i32 VEC512:$rs1), (v16i32 VEC512:$rs2))),
^
[127/325] Building AIEGenDisassemblerTables.inc...
[128/325] Building AIEGenCallingConv.inc...
[129/325] Building AIE2PSGenVarInstructionItin.inc...
[130/325] Linking CXX static library lib/libLLVMTargetParser.a
[131/325] Building AIEGenAsmMatcher.inc...
[132/325] Building AIE2PSGenMemoryCycles.inc...
[133/325] Building AIEGenFormats.inc...
[134/325] Building AIE2PSGenInstrInfo.inc...
[135/325] Building AIEGenAsmWriter.inc...
[136/325] Building AIEGenMCCodeEmitter.inc...
[137/325] Linking CXX static library lib/libLLVMBinaryFormat.a
[138/325] Building AIEGenDAGISel.inc...
[139/325] Building AIE2PSGenSubtargetInfo.inc...
[140/325] Building AIEGenMCPseudoLowering.inc...
[141/325] Building AIEGenPreISelGICombiner.inc...
[142/325] Building AIE2PSGenRegisterInfo.inc...
[143/324] Linking CXX static library lib/libLLVMMC.a
[144/324] Building AIEGenRegisterInfo.inc...
[145/324] Building AIEGenGlobalISel.inc...
[146/324] Building AIEGenRegisterBank.inc...
[147/324] Linking CXX static library lib/libLLVMMCParser.a
[148/324] Building AIEGenSubtargetInfo.inc...
[149/324] Building AIEGenInstrInfo.inc...
[150/305] Building AIE2PSGenRegisterBank.inc...
[151/305] Building CXX object lib/DebugInfo/Symbolize/CMakeFiles/LLVMSymbolize.dir/Symbolize.cpp.o
[152/305] Building CXX object lib/ProfileData/CMakeFiles/LLVMProfileData.dir/ETMTraceDecoder.cpp.o
[153/305] Building CXX object lib/Object/CMakeFiles/LLVMObject.dir/ELFObjectFile.cpp.o
[154/305] Building CXX object lib/ObjectYAML/CMakeFiles/LLVMObjectYAML.dir/ELFEmitter.cpp.o
[155/305] Building CXX object lib/CodeGen/SelectionDAG/CMakeFiles/LLVMSelectionDAG.dir/SelectionDAGISel.cpp.o
[156/305] Building CXX object lib/Object/CMakeFiles/LLVMObject.dir/ELF.cpp.o
[157/305] Linking CXX static library lib/libLLVMObject.a
[158/305] Linking CXX static library lib/libLLVMDebugInfoGSYM.a
[159/305] Linking CXX static library lib/libLLVMSymbolize.a
[160/305] Building CXX object lib/CodeGen/GlobalISel/CMakeFiles/LLVMGlobalISel.dir/LegalizerHelper.cpp.o
[161/305] Building CXX object lib/CodeGen/AsmPrinter/CMakeFiles/LLVMAsmPrinter.dir/AsmPrinter.cpp.o
[162/305] Building CXX object lib/CodeGen/GlobalISel/CMakeFiles/LLVMGlobalISel.dir/IRTranslator.cpp.o
[163/305] Building CXX object lib/Target/AIE/CMakeFiles/LLVMAIECodeGen.dir/AIEBaseRegisterBankInfo.cpp.o
[164/305] Building CXX object lib/Target/AIE/CMakeFiles/LLVMAIECodeGen.dir/AIEFinalizeBundle.cpp.o
[165/305] Building CXX object lib/Target/AIE/CMakeFiles/LLVMAIECodeGen.dir/AIEDataDependenceHelper.cpp.o
FAILED: lib/Target/AIE/CMakeFiles/LLVMAIECodeGen.dir/AIEDataDependenceHelper.cpp.o 
CCACHE_CPP2=yes CCACHE_HASHDIR=yes CCACHE_SLOPPINESS=pch_defines,time_macros /usr/bin/ccache /usr/bin/g++ -D_DEBUG -D_GLIBCXX_ASSERTIONS -D_GLIBCXX_USE_CXX11_ABI=1 -D_GNU_SOURCE -D_LIBCPP_HARDENING_MODE=_LIBCPP_HARDENING_MODE_EXTENSIVE -D__STDC_CONSTANT_MACROS -D__STDC_FORMAT_MACROS -D__STDC_LIMIT_MACROS -I/home/jtuyls/iree-ai/llvm-aie-port/build/lib/Target/AIE -I/home/jtuyls/iree-ai/llvm-aie-port/amd/aie/llvm/lib/Target/AIE -I/home/jtuyls/iree-ai/llvm-aie-port/build/include -I/home/jtuyls/iree-ai/llvm-aie-port/llvm/include -I/home/jtuyls/iree-ai/llvm-aie-port/amd/aie/llvm/include -fPIC -fno-semantic-interposition -fvisibility-inlines-hidden -Werror=date-time -Wall -Wextra -Wno-unused-parameter -Wwrite-strings -Wcast-qual -Wno-missing-field-initializers -pedantic -Wno-long-long -Wimplicit-fallthrough -Wno-uninitialized -Wno-nonnull -Wno-class-memaccess -Wno-dangling-reference -Wno-redundant-move -Wno-pessimizing-move -Wno-array-bounds -Wno-stringop-overread -Wno-dangling-pointer -Wno-noexcept-type -Wdelete-non-virtual-dtor -Wsuggest-override -Wno-comment -Wno-misleading-indentation -Wctad-maybe-unsupported -fdiagnostics-color -ffunction-sections -fdata-sections -O3 -DNDEBUG -std=c++17 -fvisibility=hidden -UNDEBUG -fno-exceptions -funwind-tables -fno-rtti -MD -MT lib/Target/AIE/CMakeFiles/LLVMAIECodeGen.dir/AIEDataDependenceHelper.cpp.o -MF lib/Target/AIE/CMakeFiles/LLVMAIECodeGen.dir/AIEDataDependenceHelper.cpp.o.d -o lib/Target/AIE/CMakeFiles/LLVMAIECodeGen.dir/AIEDataDependenceHelper.cpp.o -c /home/jtuyls/iree-ai/llvm-aie-port/amd/aie/llvm/lib/Target/AIE/AIEDataDependenceHelper.cpp
/home/jtuyls/iree-ai/llvm-aie-port/amd/aie/llvm/lib/Target/AIE/AIEDataDependenceHelper.cpp: In member function ‘void llvm::AIE::DataDependenceHelper::buildEdges()’:
/home/jtuyls/iree-ai/llvm-aie-port/amd/aie/llvm/lib/Target/AIE/AIEDataDependenceHelper.cpp:38:22: error: ‘buildEdges’ is not a member of ‘llvm::ScheduleDAGInstrs’
   38 |   ScheduleDAGInstrs::buildEdges(Context.AA);
      |                      ^~~~~~~~~~
/home/jtuyls/iree-ai/llvm-aie-port/amd/aie/llvm/lib/Target/AIE/AIEDataDependenceHelper.cpp: In member function ‘void llvm::AIE::InterBlockEdges::addNode(llvm::MachineInstr*)’:
/home/jtuyls/iree-ai/llvm-aie-port/amd/aie/llvm/lib/Target/AIE/AIEDataDependenceHelper.cpp:76:22: error: ‘initSUnit’ was not declared in this scope; did you mean ‘initSUnits’?
   76 |   const auto Index = initSUnit(*MI);
      |                      ^~~~~~~~~
      |                      initSUnits
[166/305] Building CXX object lib/Target/AIE/CMakeFiles/LLVMAIECodeGen.dir/AIEBaseRegisterInfo.cpp.o
[167/305] Building CXX object lib/Target/AIE/CMakeFiles/LLVMAIECodeGen.dir/AIEBasePipelinerLoopInfo.cpp.o
FAILED: lib/Target/AIE/CMakeFiles/LLVMAIECodeGen.dir/AIEBasePipelinerLoopInfo.cpp.o 
CCACHE_CPP2=yes CCACHE_HASHDIR=yes CCACHE_SLOPPINESS=pch_defines,time_macros /usr/bin/ccache /usr/bin/g++ -D_DEBUG -D_GLIBCXX_ASSERTIONS -D_GLIBCXX_USE_CXX11_ABI=1 -D_GNU_SOURCE -D_LIBCPP_HARDENING_MODE=_LIBCPP_HARDENING_MODE_EXTENSIVE -D__STDC_CONSTANT_MACROS -D__STDC_FORMAT_MACROS -D__STDC_LIMIT_MACROS -I/home/jtuyls/iree-ai/llvm-aie-port/build/lib/Target/AIE -I/home/jtuyls/iree-ai/llvm-aie-port/amd/aie/llvm/lib/Target/AIE -I/home/jtuyls/iree-ai/llvm-aie-port/build/include -I/home/jtuyls/iree-ai/llvm-aie-port/llvm/include -I/home/jtuyls/iree-ai/llvm-aie-port/amd/aie/llvm/include -fPIC -fno-semantic-interposition -fvisibility-inlines-hidden -Werror=date-time -Wall -Wextra -Wno-unused-parameter -Wwrite-strings -Wcast-qual -Wno-missing-field-initializers -pedantic -Wno-long-long -Wimplicit-fallthrough -Wno-uninitialized -Wno-nonnull -Wno-class-memaccess -Wno-dangling-reference -Wno-redundant-move -Wno-pessimizing-move -Wno-array-bounds -Wno-stringop-overread -Wno-dangling-pointer -Wno-noexcept-type -Wdelete-non-virtual-dtor -Wsuggest-override -Wno-comment -Wno-misleading-indentation -Wctad-maybe-unsupported -fdiagnostics-color -ffunction-sections -fdata-sections -O3 -DNDEBUG -std=c++17 -fvisibility=hidden -UNDEBUG -fno-exceptions -funwind-tables -fno-rtti -MD -MT lib/Target/AIE/CMakeFiles/LLVMAIECodeGen.dir/AIEBasePipelinerLoopInfo.cpp.o -MF lib/Target/AIE/CMakeFiles/LLVMAIECodeGen.dir/AIEBasePipelinerLoopInfo.cpp.o.d -o lib/Target/AIE/CMakeFiles/LLVMAIECodeGen.dir/AIEBasePipelinerLoopInfo.cpp.o -c /home/jtuyls/iree-ai/llvm-aie-port/amd/aie/llvm/lib/Target/AIE/AIEBasePipelinerLoopInfo.cpp
In file included from /home/jtuyls/iree-ai/llvm-aie-port/amd/aie/llvm/lib/Target/AIE/AIEBasePipelinerLoopInfo.cpp:15:
/home/jtuyls/iree-ai/llvm-aie-port/amd/aie/llvm/lib/Target/AIE/AIEBasePipelinerLoopInfo.h:84:3: error: ‘llvm::SmallVector<llvm::ArrayRef<llvm::SUnit*>, 4> llvm::AIEBasePipelinerLoopInfo::getNodeOrders(llvm::ArrayRef<llvm::SUnit*>, const llvm::ScheduleDAGTopologicalSort&)’ marked ‘override’, but does not override
   84 |   getNodeOrders(ArrayRef<SUnit *> DefaultSMSOrder,
      |   ^~~~~~~~~~~~~
/home/jtuyls/iree-ai/llvm-aie-port/amd/aie/llvm/lib/Target/AIE/AIEBasePipelinerLoopInfo.h:109:8: error: ‘bool llvm::AIEBasePipelinerLoopInfo::canAcceptII(llvm::SMSchedule&)’ marked ‘override’, but does not override
  109 |   bool canAcceptII(SMSchedule &SMS) override;
      |        ^~~~~~~~~~~
/home/jtuyls/iree-ai/llvm-aie-port/amd/aie/llvm/lib/Target/AIE/AIEBasePipelinerLoopInfo.cpp: In member function ‘llvm::SmallVector<llvm::ArrayRef<llvm::SUnit*>, 4> llvm::AIEBasePipelinerLoopInfo::getNodeOrders(llvm::ArrayRef<llvm::SUnit*>, const llvm::ScheduleDAGTopologicalSort&)’:
/home/jtuyls/iree-ai/llvm-aie-port/amd/aie/llvm/lib/Target/AIE/AIEBasePipelinerLoopInfo.cpp:81:22: error: ‘const class llvm::ScheduleDAGTopologicalSort’ has no member named ‘getSUnit’
   81 |     SUnit &SU = Topo.getSUnit(SUIdx);
      |                      ^~~~~~~~
/home/jtuyls/iree-ai/llvm-aie-port/amd/aie/llvm/lib/Target/AIE/AIEBasePipelinerLoopInfo.cpp:89:22: error: ‘const class llvm::ScheduleDAGTopologicalSort’ has no member named ‘getSUnit’
   89 |     SUnit &SU = Topo.getSUnit(SUIdx);
      |                      ^~~~~~~~
/home/jtuyls/iree-ai/llvm-aie-port/amd/aie/llvm/lib/Target/AIE/AIEBasePipelinerLoopInfo.cpp: At global scope:
/home/jtuyls/iree-ai/llvm-aie-port/amd/aie/llvm/lib/Target/AIE/AIEBasePipelinerLoopInfo.cpp:337:8: error: ‘void llvm::{anonymous}::DownCountLoop::startExpand()’ marked ‘override’, but does not override
  337 |   void startExpand() override;
      |        ^~~~~~~~~~~
In file included from /home/jtuyls/iree-ai/llvm-aie-port/llvm/include/llvm/Support/Error.h:20,
                 from /home/jtuyls/iree-ai/llvm-aie-port/llvm/include/llvm/Target/TargetMachine.h:24,
                 from /home/jtuyls/iree-ai/llvm-aie-port/amd/aie/llvm/lib/Target/AIE/AIE.h:20,
                 from /home/jtuyls/iree-ai/llvm-aie-port/amd/aie/llvm/lib/Target/AIE/AIEBaseInstrInfo.h:18,
                 from /home/jtuyls/iree-ai/llvm-aie-port/amd/aie/llvm/lib/Target/AIE/AIEBasePipelinerLoopInfo.h:17:
/home/jtuyls/iree-ai/llvm-aie-port/amd/aie/llvm/lib/Target/AIE/AIEBasePipelinerLoopInfo.cpp: In function ‘bool llvm::{anonymous}::canAllocate(llvm::SMSchedule&)’:
/home/jtuyls/iree-ai/llvm-aie-port/amd/aie/llvm/lib/Target/AIE/AIEBasePipelinerLoopInfo.cpp:499:38: error: ‘const struct llvm::VRegMaskOrUnit’ has no member named ‘RegUnit’; did you mean ‘VRegOrUnit’?
  499 |                << printReg(LiveInReg.RegUnit, TRI, 0, &MF.getRegInfo()) << ":"
      |                                      ^~~~~~~
/home/jtuyls/iree-ai/llvm-aie-port/llvm/include/llvm/Support/Debug.h:75:7: note: in definition of macro ‘DEBUG_WITH_TYPE’
   75 |       __VA_ARGS__;                                                             \
      |       ^~~~~~~~~~~
/home/jtuyls/iree-ai/llvm-aie-port/amd/aie/llvm/lib/Target/AIE/AIEBasePipelinerLoopInfo.cpp:497:5: note: in expansion of macro ‘LLVM_DEBUG’
  497 |     LLVM_DEBUG(
      |     ^~~~~~~~~~
/home/jtuyls/iree-ai/llvm-aie-port/amd/aie/llvm/lib/Target/AIE/AIEBasePipelinerLoopInfo.cpp:500:49: error: ‘const struct llvm::VRegMaskOrUnit’ has no member named ‘RegUnit’; did you mean ‘VRegOrUnit’?
  500 |                << printRegClassOrBank(LiveInReg.RegUnit, MF.getRegInfo(), TRI)
      |                                                 ^~~~~~~
/home/jtuyls/iree-ai/llvm-aie-port/llvm/include/llvm/Support/Debug.h:75:7: note: in definition of macro ‘DEBUG_WITH_TYPE’
   75 |       __VA_ARGS__;                                                             \
      |       ^~~~~~~~~~~
/home/jtuyls/iree-ai/llvm-aie-port/amd/aie/llvm/lib/Target/AIE/AIEBasePipelinerLoopInfo.cpp:497:5: note: in expansion of macro ‘LLVM_DEBUG’
  497 |     LLVM_DEBUG(
      |     ^~~~~~~~~~
/home/jtuyls/iree-ai/llvm-aie-port/amd/aie/llvm/lib/Target/AIE/AIEBasePipelinerLoopInfo.cpp:506:57: error: ‘const struct llvm::VRegMaskOrUnit’ has no member named ‘RegUnit’; did you mean ‘VRegOrUnit’?
  506 |         MF.getRegInfo().getMaxLaneMaskForVReg(LiveInReg.RegUnit)) {
      |                                                         ^~~~~~~
      |                                                         VRegOrUnit
/home/jtuyls/iree-ai/llvm-aie-port/amd/aie/llvm/lib/Target/AIE/AIEBasePipelinerLoopInfo.cpp:510:45: error: ‘const struct llvm::VRegMaskOrUnit’ has no member named ‘RegUnit’; did you mean ‘VRegOrUnit’?
  510 |     RPTracker.increaseRegPressure(LiveInReg.RegUnit, LaneBitmask::getNone(),
      |                                             ^~~~~~~
      |                                             VRegOrUnit
/home/jtuyls/iree-ai/llvm-aie-port/amd/aie/llvm/lib/Target/AIE/AIEBasePipelinerLoopInfo.cpp: At global scope:
/home/jtuyls/iree-ai/llvm-aie-port/amd/aie/llvm/lib/Target/AIE/AIEBasePipelinerLoopInfo.cpp:667:8: error: ‘bool llvm::{anonymous}::ZeroOverheadLoop::canAcceptII(llvm::SMSchedule&)’ marked ‘override’, but does not override
  667 |   bool canAcceptII(SMSchedule &SMS) override;
      |        ^~~~~~~~~~~
/home/jtuyls/iree-ai/llvm-aie-port/amd/aie/llvm/lib/Target/AIE/AIEBasePipelinerLoopInfo.cpp:807:6: warning: ‘bool llvm::{anonymous}::ZeroOverheadLoop::canAcceptII(llvm::SMSchedule&)’ defined but not used [-Wunused-function]
  807 | bool ZeroOverheadLoop::canAcceptII(SMSchedule &SMS) {
      |      ^~~~~~~~~~~~~~~~
/home/jtuyls/iree-ai/llvm-aie-port/amd/aie/llvm/lib/Target/AIE/AIEBasePipelinerLoopInfo.cpp:601:6: warning: ‘void llvm::{anonymous}::DownCountLoop::startExpand()’ defined but not used [-Wunused-function]
  601 | void DownCountLoop::startExpand() {
      |      ^~~~~~~~~~~~~
[168/305] Building CXX object lib/ObjectYAML/CMakeFiles/LLVMObjectYAML.dir/ELFYAML.cpp.o
[169/305] Building CXX object lib/Target/AIE/CMakeFiles/LLVMAIECodeGen.dir/AIEBaseISelLowering.cpp.o
FAILED: lib/Target/AIE/CMakeFiles/LLVMAIECodeGen.dir/AIEBaseISelLowering.cpp.o 
CCACHE_CPP2=yes CCACHE_HASHDIR=yes CCACHE_SLOPPINESS=pch_defines,time_macros /usr/bin/ccache /usr/bin/g++ -D_DEBUG -D_GLIBCXX_ASSERTIONS -D_GLIBCXX_USE_CXX11_ABI=1 -D_GNU_SOURCE -D_LIBCPP_HARDENING_MODE=_LIBCPP_HARDENING_MODE_EXTENSIVE -D__STDC_CONSTANT_MACROS -D__STDC_FORMAT_MACROS -D__STDC_LIMIT_MACROS -I/home/jtuyls/iree-ai/llvm-aie-port/build/lib/Target/AIE -I/home/jtuyls/iree-ai/llvm-aie-port/amd/aie/llvm/lib/Target/AIE -I/home/jtuyls/iree-ai/llvm-aie-port/build/include -I/home/jtuyls/iree-ai/llvm-aie-port/llvm/include -I/home/jtuyls/iree-ai/llvm-aie-port/amd/aie/llvm/include -fPIC -fno-semantic-interposition -fvisibility-inlines-hidden -Werror=date-time -Wall -Wextra -Wno-unused-parameter -Wwrite-strings -Wcast-qual -Wno-missing-field-initializers -pedantic -Wno-long-long -Wimplicit-fallthrough -Wno-uninitialized -Wno-nonnull -Wno-class-memaccess -Wno-dangling-reference -Wno-redundant-move -Wno-pessimizing-move -Wno-array-bounds -Wno-stringop-overread -Wno-dangling-pointer -Wno-noexcept-type -Wdelete-non-virtual-dtor -Wsuggest-override -Wno-comment -Wno-misleading-indentation -Wctad-maybe-unsupported -fdiagnostics-color -ffunction-sections -fdata-sections -O3 -DNDEBUG -std=c++17 -fvisibility=hidden -UNDEBUG -fno-exceptions -funwind-tables -fno-rtti -MD -MT lib/Target/AIE/CMakeFiles/LLVMAIECodeGen.dir/AIEBaseISelLowering.cpp.o -MF lib/Target/AIE/CMakeFiles/LLVMAIECodeGen.dir/AIEBaseISelLowering.cpp.o.d -o lib/Target/AIE/CMakeFiles/LLVMAIECodeGen.dir/AIEBaseISelLowering.cpp.o -c /home/jtuyls/iree-ai/llvm-aie-port/amd/aie/llvm/lib/Target/AIE/AIEBaseISelLowering.cpp
/home/jtuyls/iree-ai/llvm-aie-port/amd/aie/llvm/lib/Target/AIE/AIEBaseISelLowering.cpp: In constructor ‘llvm::AIEBaseTargetLowering::AIEBaseTargetLowering(const llvm::TargetMachine&, const llvm::AIEBaseSubtarget&)’:
/home/jtuyls/iree-ai/llvm-aie-port/amd/aie/llvm/lib/Target/AIE/AIEBaseISelLowering.cpp:40:40: error: no matching function for call to ‘llvm::TargetLowering::TargetLowering(const llvm::TargetMachine&)’
   40 |     : TargetLowering(TM), Subtarget(STI) {
      |                                        ^
In file included from /home/jtuyls/iree-ai/llvm-aie-port/amd/aie/llvm/lib/Target/AIE/AIEBaseISelLowering.h:20,
                 from /home/jtuyls/iree-ai/llvm-aie-port/amd/aie/llvm/lib/Target/AIE/AIEBaseISelLowering.cpp:16:
/home/jtuyls/iree-ai/llvm-aie-port/llvm/include/llvm/CodeGen/TargetLowering.h:4052:12: note: candidate: ‘llvm::TargetLowering::TargetLowering(const llvm::TargetMachine&, const llvm::TargetSubtargetInfo&)’
 4052 |   explicit TargetLowering(const TargetMachine &TM,
      |            ^~~~~~~~~~~~~~
/home/jtuyls/iree-ai/llvm-aie-port/llvm/include/llvm/CodeGen/TargetLowering.h:4052:12: note:   candidate expects 2 arguments, 1 provided
[170/305] Building CXX object lib/Target/AIE/CMakeFiles/LLVMAIECodeGen.dir/AIEBaseHardwareLoops.cpp.o
FAILED: lib/Target/AIE/CMakeFiles/LLVMAIECodeGen.dir/AIEBaseHardwareLoops.cpp.o 
CCACHE_CPP2=yes CCACHE_HASHDIR=yes CCACHE_SLOPPINESS=pch_defines,time_macros /usr/bin/ccache /usr/bin/g++ -D_DEBUG -D_GLIBCXX_ASSERTIONS -D_GLIBCXX_USE_CXX11_ABI=1 -D_GNU_SOURCE -D_LIBCPP_HARDENING_MODE=_LIBCPP_HARDENING_MODE_EXTENSIVE -D__STDC_CONSTANT_MACROS -D__STDC_FORMAT_MACROS -D__STDC_LIMIT_MACROS -I/home/jtuyls/iree-ai/llvm-aie-port/build/lib/Target/AIE -I/home/jtuyls/iree-ai/llvm-aie-port/amd/aie/llvm/lib/Target/AIE -I/home/jtuyls/iree-ai/llvm-aie-port/build/include -I/home/jtuyls/iree-ai/llvm-aie-port/llvm/include -I/home/jtuyls/iree-ai/llvm-aie-port/amd/aie/llvm/include -fPIC -fno-semantic-interposition -fvisibility-inlines-hidden -Werror=date-time -Wall -Wextra -Wno-unused-parameter -Wwrite-strings -Wcast-qual -Wno-missing-field-initializers -pedantic -Wno-long-long -Wimplicit-fallthrough -Wno-uninitialized -Wno-nonnull -Wno-class-memaccess -Wno-dangling-reference -Wno-redundant-move -Wno-pessimizing-move -Wno-array-bounds -Wno-stringop-overread -Wno-dangling-pointer -Wno-noexcept-type -Wdelete-non-virtual-dtor -Wsuggest-override -Wno-comment -Wno-misleading-indentation -Wctad-maybe-unsupported -fdiagnostics-color -ffunction-sections -fdata-sections -O3 -DNDEBUG -std=c++17 -fvisibility=hidden -UNDEBUG -fno-exceptions -funwind-tables -fno-rtti -MD -MT lib/Target/AIE/CMakeFiles/LLVMAIECodeGen.dir/AIEBaseHardwareLoops.cpp.o -MF lib/Target/AIE/CMakeFiles/LLVMAIECodeGen.dir/AIEBaseHardwareLoops.cpp.o.d -o lib/Target/AIE/CMakeFiles/LLVMAIECodeGen.dir/AIEBaseHardwareLoops.cpp.o -c /home/jtuyls/iree-ai/llvm-aie-port/amd/aie/llvm/lib/Target/AIE/AIEBaseHardwareLoops.cpp
/home/jtuyls/iree-ai/llvm-aie-port/amd/aie/llvm/lib/Target/AIE/AIEBaseHardwareLoops.cpp: In member function ‘bool {anonymous}::AIEBaseHardwareLoops::processLoop(llvm::MachineLoop*)’:
/home/jtuyls/iree-ai/llvm-aie-port/amd/aie/llvm/lib/Target/AIE/AIEBaseHardwareLoops.cpp:380:10: error: ‘class llvm::ReachingDefAnalysis’ has no member named ‘getReachingLocalUses’
  380 |     RDA->getReachingLocalUses(LoLoop.Dec, LoLoop.Dec->getOperand(0).getReg(),
      |          ^~~~~~~~~~~~~~~~~~~~
In file included from /home/jtuyls/iree-ai/llvm-aie-port/llvm/include/llvm/Pass.h:344,
                 from /home/jtuyls/iree-ai/llvm-aie-port/llvm/include/llvm/Analysis/RuntimeLibcallInfo.h:13,
                 from /home/jtuyls/iree-ai/llvm-aie-port/llvm/include/llvm/CodeGen/LibcallLoweringInfo.h:13,
                 from /home/jtuyls/iree-ai/llvm-aie-port/llvm/include/llvm/CodeGen/TargetLowering.h:32,
                 from /home/jtuyls/iree-ai/llvm-aie-port/llvm/include/llvm/CodeGen/ScheduleDAG.h:24,
                 from /home/jtuyls/iree-ai/llvm-aie-port/amd/aie/llvm/lib/Target/AIE/AIEBaseInstrInfo.h:25,
                 from /home/jtuyls/iree-ai/llvm-aie-port/amd/aie/llvm/lib/Target/AIE/AIE2InstrInfo.h:21,
                 from /home/jtuyls/iree-ai/llvm-aie-port/amd/aie/llvm/lib/Target/AIE/AIEBaseHardwareLoops.cpp:26:
/home/jtuyls/iree-ai/llvm-aie-port/llvm/include/llvm/PassAnalysisSupport.h: In instantiation of ‘llvm::AnalysisUsage& llvm::AnalysisUsage::addRequired() [with PassClass = llvm::ReachingDefAnalysis]’:
/home/jtuyls/iree-ai/llvm-aie-port/amd/aie/llvm/lib/Target/AIE/AIEBaseHardwareLoops.cpp:196:40:   required from here
/home/jtuyls/iree-ai/llvm-aie-port/llvm/include/llvm/PassAnalysisSupport.h:77:25: error: no matching function for call to ‘addRequiredID(llvm::AnalysisKey* (&)())’
   77 |     return addRequiredID(PassClass::ID);
      |            ~~~~~~~~~~~~~^~~~~~~~~~~~~~~
/home/jtuyls/iree-ai/llvm-aie-port/llvm/include/llvm/PassAnalysisSupport.h:74:27: note: candidate: ‘llvm::AnalysisUsage& llvm::AnalysisUsage::addRequiredID(char&)’ (near match)
   74 |   LLVM_ABI AnalysisUsage &addRequiredID(char &ID);
      |                           ^~~~~~~~~~~~~
/home/jtuyls/iree-ai/llvm-aie-port/llvm/include/llvm/PassAnalysisSupport.h:74:27: note:   conversion of argument 1 would be ill-formed:
/home/jtuyls/iree-ai/llvm-aie-port/llvm/include/llvm/PassAnalysisSupport.h:77:25: error: invalid conversion from ‘llvm::AnalysisKey* (*)()’ to ‘char’ [-fpermissive]
   77 |     return addRequiredID(PassClass::ID);
      |            ~~~~~~~~~~~~~^~~~~~~~~~~~~~~
      |                         |
      |                         llvm::AnalysisKey* (*)()
/home/jtuyls/iree-ai/llvm-aie-port/llvm/include/llvm/PassAnalysisSupport.h:77:25: error: cannot bind rvalue ‘(char)llvm::AnalysisInfoMixin<llvm::ReachingDefAnalysis>::ID’ to ‘char&’
/home/jtuyls/iree-ai/llvm-aie-port/llvm/include/llvm/PassAnalysisSupport.h:73:27: note: candidate: ‘llvm::AnalysisUsage& llvm::AnalysisUsage::addRequiredID(const void*)’ (near match)
   73 |   LLVM_ABI AnalysisUsage &addRequiredID(const void *ID);
      |                           ^~~~~~~~~~~~~
/home/jtuyls/iree-ai/llvm-aie-port/llvm/include/llvm/PassAnalysisSupport.h:73:27: note:   conversion of argument 1 would be ill-formed:
/home/jtuyls/iree-ai/llvm-aie-port/llvm/include/llvm/PassAnalysisSupport.h:77:25: error: invalid conversion from ‘llvm::AnalysisKey* (*)()’ to ‘const void*’ [-fpermissive]
   77 |     return addRequiredID(PassClass::ID);
      |            ~~~~~~~~~~~~~^~~~~~~~~~~~~~~
      |                         |
      |                         llvm::AnalysisKey* (*)()
/home/jtuyls/iree-ai/llvm-aie-port/llvm/include/llvm/PassAnalysisSupport.h: In instantiation of ‘AnalysisType& llvm::Pass::getAnalysis() const [with AnalysisType = llvm::ReachingDefAnalysis]’:
/home/jtuyls/iree-ai/llvm-aie-port/amd/aie/llvm/lib/Target/AIE/AIEBaseHardwareLoops.cpp:283:42:   required from here
/home/jtuyls/iree-ai/llvm-aie-port/llvm/include/llvm/PassAnalysisSupport.h:226:37: error: no matching function for call to ‘llvm::Pass::getAnalysisID<llvm::ReachingDefAnalysis>(llvm::AnalysisKey* (*)()) const’
  226 |   return getAnalysisID<AnalysisType>(&AnalysisType::ID);
      |          ~~~~~~~~~~~~~~~~~~~~~~~~~~~^~~~~~~~~~~~~~~~~~~
/home/jtuyls/iree-ai/llvm-aie-port/llvm/include/llvm/PassAnalysisSupport.h:230:15: note: candidate: ‘AnalysisType& llvm::Pass::getAnalysisID(llvm::AnalysisID) const [with AnalysisType = llvm::ReachingDefAnalysis; llvm::AnalysisID = const void*]’ (near match)
  230 | AnalysisType &Pass::getAnalysisID(AnalysisID PI) const {
      |               ^~~~
/home/jtuyls/iree-ai/llvm-aie-port/llvm/include/llvm/PassAnalysisSupport.h:230:15: note:   conversion of argument 1 would be ill-formed:
/home/jtuyls/iree-ai/llvm-aie-port/llvm/include/llvm/PassAnalysisSupport.h:226:38: error: invalid conversion from ‘llvm::AnalysisKey* (*)()’ to ‘llvm::AnalysisID’ {aka ‘const void*’} [-fpermissive]
  226 |   return getAnalysisID<AnalysisType>(&AnalysisType::ID);
      |                                      ^~~~~~~~~~~~~~~~~
      |                                      |
      |                                      llvm::AnalysisKey* (*)()
/home/jtuyls/iree-ai/llvm-aie-port/llvm/include/llvm/Pass.h:238:17: note: candidate: ‘template<class AnalysisType> AnalysisType& llvm::Pass::getAnalysisID(llvm::AnalysisID, llvm::Function&, bool*)’
  238 |   AnalysisType &getAnalysisID(AnalysisID PI, Function &F,
      |                 ^~~~~~~~~~~~~
/home/jtuyls/iree-ai/llvm-aie-port/llvm/include/llvm/Pass.h:238:17: note:   candidate expects 2 arguments, 1 provided
[171/305] Linking CXX static library lib/libLLVMObjectYAML.a
[172/305] Building CXX object lib/CodeGen/GlobalISel/CMakeFiles/LLVMGlobalISel.dir/CombinerHelper.cpp.o
[173/305] Building CXX object lib/Target/AIE/CMakeFiles/LLVMAIECodeGen.dir/AIEBaseInstrInfo.cpp.o
FAILED: lib/Target/AIE/CMakeFiles/LLVMAIECodeGen.dir/AIEBaseInstrInfo.cpp.o 
CCACHE_CPP2=yes CCACHE_HASHDIR=yes CCACHE_SLOPPINESS=pch_defines,time_macros /usr/bin/ccache /usr/bin/g++ -D_DEBUG -D_GLIBCXX_ASSERTIONS -D_GLIBCXX_USE_CXX11_ABI=1 -D_GNU_SOURCE -D_LIBCPP_HARDENING_MODE=_LIBCPP_HARDENING_MODE_EXTENSIVE -D__STDC_CONSTANT_MACROS -D__STDC_FORMAT_MACROS -D__STDC_LIMIT_MACROS -I/home/jtuyls/iree-ai/llvm-aie-port/build/lib/Target/AIE -I/home/jtuyls/iree-ai/llvm-aie-port/amd/aie/llvm/lib/Target/AIE -I/home/jtuyls/iree-ai/llvm-aie-port/build/include -I/home/jtuyls/iree-ai/llvm-aie-port/llvm/include -I/home/jtuyls/iree-ai/llvm-aie-port/amd/aie/llvm/include -fPIC -fno-semantic-interposition -fvisibility-inlines-hidden -Werror=date-time -Wall -Wextra -Wno-unused-parameter -Wwrite-strings -Wcast-qual -Wno-missing-field-initializers -pedantic -Wno-long-long -Wimplicit-fallthrough -Wno-uninitialized -Wno-nonnull -Wno-class-memaccess -Wno-dangling-reference -Wno-redundant-move -Wno-pessimizing-move -Wno-array-bounds -Wno-stringop-overread -Wno-dangling-pointer -Wno-noexcept-type -Wdelete-non-virtual-dtor -Wsuggest-override -Wno-comment -Wno-misleading-indentation -Wctad-maybe-unsupported -fdiagnostics-color -ffunction-sections -fdata-sections -O3 -DNDEBUG -std=c++17 -fvisibility=hidden -UNDEBUG -fno-exceptions -funwind-tables -fno-rtti -MD -MT lib/Target/AIE/CMakeFiles/LLVMAIECodeGen.dir/AIEBaseInstrInfo.cpp.o -MF lib/Target/AIE/CMakeFiles/LLVMAIECodeGen.dir/AIEBaseInstrInfo.cpp.o.d -o lib/Target/AIE/CMakeFiles/LLVMAIECodeGen.dir/AIEBaseInstrInfo.cpp.o -c /home/jtuyls/iree-ai/llvm-aie-port/amd/aie/llvm/lib/Target/AIE/AIEBaseInstrInfo.cpp
In file included from /home/jtuyls/iree-ai/llvm-aie-port/amd/aie/llvm/lib/Target/AIE/AIEBaseInstrInfo.cpp:17:
/home/jtuyls/iree-ai/llvm-aie-port/amd/aie/llvm/lib/Target/AIE/AIEBasePipelinerLoopInfo.h:84:3: error: ‘llvm::SmallVector<llvm::ArrayRef<llvm::SUnit*>, 4> llvm::AIEBasePipelinerLoopInfo::getNodeOrders(llvm::ArrayRef<llvm::SUnit*>, const llvm::ScheduleDAGTopologicalSort&)’ marked ‘override’, but does not override
   84 |   getNodeOrders(ArrayRef<SUnit *> DefaultSMSOrder,
      |   ^~~~~~~~~~~~~
/home/jtuyls/iree-ai/llvm-aie-port/amd/aie/llvm/lib/Target/AIE/AIEBasePipelinerLoopInfo.h:109:8: error: ‘bool llvm::AIEBasePipelinerLoopInfo::canAcceptII(llvm::SMSchedule&)’ marked ‘override’, but does not override
  109 |   bool canAcceptII(SMSchedule &SMS) override;
      |        ^~~~~~~~~~~
/home/jtuyls/iree-ai/llvm-aie-port/amd/aie/llvm/lib/Target/AIE/AIEBaseInstrInfo.cpp: In member function ‘virtual bool llvm::AIEBaseInstrInfo::foldImmediate(llvm::MachineInstr&, llvm::MachineInstr&, llvm::Register, llvm::MachineRegisterInfo*) const’:
/home/jtuyls/iree-ai/llvm-aie-port/amd/aie/llvm/lib/Target/AIE/AIEBaseInstrInfo.cpp:616:52: error: no matching function for call to ‘llvm::AIEBaseInstrInfo::getRegClass(const llvm::MCInstrDesc&, int, const llvm::TargetRegisterInfo*&, const llvm::MachineFunction&) const’
  616 |   if (const TargetRegisterClass *OpRC = getRegClass(NewMCID, 0, TRI, MF)) {
      |                                         ~~~~~~~~~~~^~~~~~~~~~~~~~~~~~~~~
In file included from /home/jtuyls/iree-ai/llvm-aie-port/amd/aie/llvm/lib/Target/AIE/AIEBaseInstrInfo.h:26,
                 from /home/jtuyls/iree-ai/llvm-aie-port/amd/aie/llvm/lib/Target/AIE/AIEBaseInstrInfo.cpp:15:
/home/jtuyls/iree-ai/llvm-aie-port/llvm/include/llvm/CodeGen/TargetInstrInfo.h:164:38: note: candidate: ‘virtual const llvm::TargetRegisterClass* llvm::TargetInstrInfo::getRegClass(const llvm::MCInstrDesc&, unsigned int) const’
  164 |   virtual const TargetRegisterClass *getRegClass(const MCInstrDesc &MCID,
      |                                      ^~~~~~~~~~~
/home/jtuyls/iree-ai/llvm-aie-port/llvm/include/llvm/CodeGen/TargetInstrInfo.h:164:38: note:   candidate expects 2 arguments, 4 provided
/home/jtuyls/iree-ai/llvm-aie-port/amd/aie/llvm/lib/Target/AIE/AIEBaseInstrInfo.cpp: In function ‘unsigned int computeRegStateFlags(const llvm::MachineOperand&)’:
/home/jtuyls/iree-ai/llvm-aie-port/amd/aie/llvm/lib/Target/AIE/AIEBaseInstrInfo.cpp:645:42: error: cannot convert ‘llvm::RegState’ to ‘unsigned int’ in return
  644 |   return getDefRegState(RegOp.isDef()) | getKillRegState(RegOp.isKill()) |
      |          ~~~~~~~~~~~~~~~~~~~~~~~~~~~~~~~~~~~~~~~~~~~~~~~~~~~~~~~~~~~~~~~~~
  645 |          getDeadRegState(RegOp.isDead()) | getUndefRegState(RegOp.isUndef());
      |          ~~~~~~~~~~~~~~~~~~~~~~~~~~~~~~~~^~~~~~~~~~~~~~~~~~~~~~~~~~~~~~~~~~~
      |                                          |
      |                                          llvm::RegState
/home/jtuyls/iree-ai/llvm-aie-port/amd/aie/llvm/lib/Target/AIE/AIEBaseInstrInfo.cpp: In member function ‘void llvm::AIEBaseInstrInfo::expandSpillPseudo(llvm::MachineInstr&, const llvm::TargetRegisterInfo&, llvm::Align, llvm::Register, std::optional<long int>) const’:
/home/jtuyls/iree-ai/llvm-aie-port/amd/aie/llvm/lib/Target/AIE/AIEBaseInstrInfo.cpp:757:35: error: cannot convert ‘unsigned int’ to ‘llvm::RegState’
  757 |                   .addReg(SubReg, RegFlags)
      |                                   ^~~~~~~~
      |                                   |
      |                                   unsigned int
In file included from /home/jtuyls/iree-ai/llvm-aie-port/llvm/include/llvm/CodeGen/TargetInstrInfo.h:25:
/home/jtuyls/iree-ai/llvm-aie-port/llvm/include/llvm/CodeGen/MachineInstrBuilder.h:199:62: note:   initializing argument 2 of ‘const llvm::MachineInstrBuilder& llvm::MachineInstrBuilder::addReg(llvm::Register, llvm::RegState, unsigned int) const’
  199 |   const MachineInstrBuilder &addReg(Register RegNo, RegState Flags = {},
      |                                                     ~~~~~~~~~^~~~~~~~~~
/home/jtuyls/iree-ai/llvm-aie-port/amd/aie/llvm/lib/Target/AIE/AIEBaseInstrInfo.cpp:762:35: error: cannot convert ‘unsigned int’ to ‘llvm::RegState’
  762 |                   .addReg(SubReg, RegFlags)
      |                                   ^~~~~~~~
      |                                   |
      |                                   unsigned int
/home/jtuyls/iree-ai/llvm-aie-port/llvm/include/llvm/CodeGen/MachineInstrBuilder.h:199:62: note:   initializing argument 2 of ‘const llvm::MachineInstrBuilder& llvm::MachineInstrBuilder::addReg(llvm::Register, llvm::RegState, unsigned int) const’
  199 |   const MachineInstrBuilder &addReg(Register RegNo, RegState Flags = {},
      |                                                     ~~~~~~~~~^~~~~~~~~~
[174/305] Building CXX object lib/Target/AIE/CMakeFiles/LLVMAIECodeGen.dir/AIEAddressSpaceFlattening.cpp.o
[175/305] Building CXX object lib/Target/AIE/CMakeFiles/LLVMAIECodeGen.dir/AIEBaseAsmPrinter.cpp.o
FAILED: lib/Target/AIE/CMakeFiles/LLVMAIECodeGen.dir/AIEBaseAsmPrinter.cpp.o 
CCACHE_CPP2=yes CCACHE_HASHDIR=yes CCACHE_SLOPPINESS=pch_defines,time_macros /usr/bin/ccache /usr/bin/g++ -D_DEBUG -D_GLIBCXX_ASSERTIONS -D_GLIBCXX_USE_CXX11_ABI=1 -D_GNU_SOURCE -D_LIBCPP_HARDENING_MODE=_LIBCPP_HARDENING_MODE_EXTENSIVE -D__STDC_CONSTANT_MACROS -D__STDC_FORMAT_MACROS -D__STDC_LIMIT_MACROS -I/home/jtuyls/iree-ai/llvm-aie-port/build/lib/Target/AIE -I/home/jtuyls/iree-ai/llvm-aie-port/amd/aie/llvm/lib/Target/AIE -I/home/jtuyls/iree-ai/llvm-aie-port/build/include -I/home/jtuyls/iree-ai/llvm-aie-port/llvm/include -I/home/jtuyls/iree-ai/llvm-aie-port/amd/aie/llvm/include -fPIC -fno-semantic-interposition -fvisibility-inlines-hidden -Werror=date-time -Wall -Wextra -Wno-unused-parameter -Wwrite-strings -Wcast-qual -Wno-missing-field-initializers -pedantic -Wno-long-long -Wimplicit-fallthrough -Wno-uninitialized -Wno-nonnull -Wno-class-memaccess -Wno-dangling-reference -Wno-redundant-move -Wno-pessimizing-move -Wno-array-bounds -Wno-stringop-overread -Wno-dangling-pointer -Wno-noexcept-type -Wdelete-non-virtual-dtor -Wsuggest-override -Wno-comment -Wno-misleading-indentation -Wctad-maybe-unsupported -fdiagnostics-color -ffunction-sections -fdata-sections -O3 -DNDEBUG -std=c++17 -fvisibility=hidden -UNDEBUG -fno-exceptions -funwind-tables -fno-rtti -MD -MT lib/Target/AIE/CMakeFiles/LLVMAIECodeGen.dir/AIEBaseAsmPrinter.cpp.o -MF lib/Target/AIE/CMakeFiles/LLVMAIECodeGen.dir/AIEBaseAsmPrinter.cpp.o.d -o lib/Target/AIE/CMakeFiles/LLVMAIECodeGen.dir/AIEBaseAsmPrinter.cpp.o -c /home/jtuyls/iree-ai/llvm-aie-port/amd/aie/llvm/lib/Target/AIE/AIEBaseAsmPrinter.cpp
/home/jtuyls/iree-ai/llvm-aie-port/amd/aie/llvm/lib/Target/AIE/AIEBaseAsmPrinter.cpp: In member function ‘virtual void llvm::AIEBaseAsmPrinter::emitXXStructorList(const llvm::DataLayout&, const llvm::Constant*, bool)’:
/home/jtuyls/iree-ai/llvm-aie-port/amd/aie/llvm/lib/Target/AIE/AIEBaseAsmPrinter.cpp:294:11: error: ‘class llvm::MCSymbolELF’ has no member named ‘setUndefined’; did you mean ‘isUndefined’?
  294 |   Symbol->setUndefined();
      |           ^~~~~~~~~~~~
      |           isUndefined
/home/jtuyls/iree-ai/llvm-aie-port/amd/aie/llvm/lib/Target/AIE/AIEBaseAsmPrinter.cpp:297:11: error: ‘class llvm::MCSymbolELF’ has no member named ‘setExternal’; did you mean ‘unsigned char:1 llvm::MCSymbol::IsExternal’? (not accessible from this context)
  297 |   Symbol->setExternal(false);
      |           ^~~~~~~~~~~
In file included from /home/jtuyls/iree-ai/llvm-aie-port/llvm/include/llvm/CodeGen/MachineInstr.h:32,
                 from /home/jtuyls/iree-ai/llvm-aie-port/llvm/include/llvm/CodeGen/MachineBasicBlock.h:22,
                 from /home/jtuyls/iree-ai/llvm-aie-port/llvm/include/llvm/CodeGen/MachineFunction.h:26,
                 from /home/jtuyls/iree-ai/llvm-aie-port/llvm/include/llvm/CodeGen/MachineFunctionPass.h:21,
                 from /home/jtuyls/iree-ai/llvm-aie-port/llvm/include/llvm/CodeGen/AsmPrinter.h:26,
                 from /home/jtuyls/iree-ai/llvm-aie-port/amd/aie/llvm/lib/Target/AIE/AIEBaseAsmPrinter.h:19,
                 from /home/jtuyls/iree-ai/llvm-aie-port/amd/aie/llvm/lib/Target/AIE/AIEBaseAsmPrinter.cpp:16:
/home/jtuyls/iree-ai/llvm-aie-port/llvm/include/llvm/MC/MCSymbol.h:87:20: note: declared protected here
   87 |   mutable unsigned IsExternal : 1;
      |                    ^~~~~~~~~~
[176/305] Building CXX object lib/Target/AIE/CMakeFiles/LLVMAIECodeGen.dir/AIEHazardRecognizer.cpp.o
FAILED: lib/Target/AIE/CMakeFiles/LLVMAIECodeGen.dir/AIEHazardRecognizer.cpp.o 
CCACHE_CPP2=yes CCACHE_HASHDIR=yes CCACHE_SLOPPINESS=pch_defines,time_macros /usr/bin/ccache /usr/bin/g++ -D_DEBUG -D_GLIBCXX_ASSERTIONS -D_GLIBCXX_USE_CXX11_ABI=1 -D_GNU_SOURCE -D_LIBCPP_HARDENING_MODE=_LIBCPP_HARDENING_MODE_EXTENSIVE -D__STDC_CONSTANT_MACROS -D__STDC_FORMAT_MACROS -D__STDC_LIMIT_MACROS -I/home/jtuyls/iree-ai/llvm-aie-port/build/lib/Target/AIE -I/home/jtuyls/iree-ai/llvm-aie-port/amd/aie/llvm/lib/Target/AIE -I/home/jtuyls/iree-ai/llvm-aie-port/build/include -I/home/jtuyls/iree-ai/llvm-aie-port/llvm/include -I/home/jtuyls/iree-ai/llvm-aie-port/amd/aie/llvm/include -fPIC -fno-semantic-interposition -fvisibility-inlines-hidden -Werror=date-time -Wall -Wextra -Wno-unused-parameter -Wwrite-strings -Wcast-qual -Wno-missing-field-initializers -pedantic -Wno-long-long -Wimplicit-fallthrough -Wno-uninitialized -Wno-nonnull -Wno-class-memaccess -Wno-dangling-reference -Wno-redundant-move -Wno-pessimizing-move -Wno-array-bounds -Wno-stringop-overread -Wno-dangling-pointer -Wno-noexcept-type -Wdelete-non-virtual-dtor -Wsuggest-override -Wno-comment -Wno-misleading-indentation -Wctad-maybe-unsupported -fdiagnostics-color -ffunction-sections -fdata-sections -O3 -DNDEBUG -std=c++17 -fvisibility=hidden -UNDEBUG -fno-exceptions -funwind-tables -fno-rtti -MD -MT lib/Target/AIE/CMakeFiles/LLVMAIECodeGen.dir/AIEHazardRecognizer.cpp.o -MF lib/Target/AIE/CMakeFiles/LLVMAIECodeGen.dir/AIEHazardRecognizer.cpp.o.d -o lib/Target/AIE/CMakeFiles/LLVMAIECodeGen.dir/AIEHazardRecognizer.cpp.o -c /home/jtuyls/iree-ai/llvm-aie-port/amd/aie/llvm/lib/Target/AIE/AIEHazardRecognizer.cpp
/home/jtuyls/iree-ai/llvm-aie-port/amd/aie/llvm/lib/Target/AIE/AIEHazardRecognizer.cpp: In static member function ‘static bool llvm::AIEHazardRecognizer::checkConflict(const llvm::ResourceScoreboard<llvm::FuncUnitWrapper>&, const llvm::InstrItineraryData*, unsigned int, llvm::SlotBits, llvm::SlotBits, llvm::MemoryBankBits, llvm::MemoryObjectsBits, llvm::SmallVector<int, 2>, int, std::optional<int>)’:
/home/jtuyls/iree-ai/llvm-aie-port/amd/aie/llvm/lib/Target/AIE/AIEHazardRecognizer.cpp:616:29: error: ‘const class llvm::InstrItineraryData’ has no member named ‘getStages’; did you mean ‘Stages’?
  616 |   return anyStage(ItinData->getStages(SchedClass), CycleConflict, FUDepthLimit);
      |                             ^~~~~~~~~
      |                             Stages
/home/jtuyls/iree-ai/llvm-aie-port/amd/aie/llvm/lib/Target/AIE/AIEHazardRecognizer.cpp: In static member function ‘static void llvm::AIEHazardRecognizer::enterResources(llvm::ResourceScoreboard<llvm::FuncUnitWrapper>&, const llvm::InstrItineraryData*, unsigned int, llvm::SlotBits, llvm::MemoryBankBits, llvm::MemoryObjectsBits, llvm::SmallVector<int, 2>, int, std::optional<int>)’:
/home/jtuyls/iree-ai/llvm-aie-port/amd/aie/llvm/lib/Target/AIE/AIEHazardRecognizer.cpp:696:28: error: ‘const class llvm::InstrItineraryData’ has no member named ‘getStages’; did you mean ‘Stages’?
  696 |   (void)anyStage(ItinData->getStages(SchedClass), Insert, FUDepthLimit);
      |                            ^~~~~~~~~
      |                            Stages
/home/jtuyls/iree-ai/llvm-aie-port/amd/aie/llvm/lib/Target/AIE/AIEHazardRecognizer.cpp: In member function ‘void llvm::AIEHazardRecognizer::computeMaxLatency()’:
/home/jtuyls/iree-ai/llvm-aie-port/amd/aie/llvm/lib/Target/AIE/AIEHazardRecognizer.cpp:722:24: error: ‘const class llvm::InstrItineraryData’ has no member named ‘getStages’; did you mean ‘Stages’?
  722 |     anyStage(ItinData->getStages(SchedClass), MaxDepth);
      |                        ^~~~~~~~~
      |                        Stages
/home/jtuyls/iree-ai/llvm-aie-port/amd/aie/llvm/lib/Target/AIE/AIEHazardRecognizer.cpp: At global scope:
/home/jtuyls/iree-ai/llvm-aie-port/amd/aie/llvm/lib/Target/AIE/AIEHazardRecognizer.cpp:154:6: warning: ‘bool {anonymous}::anyStage(llvm::ArrayRef<const llvm::InstrStage>, FuncUnitWrapperAction, std::optional<int>)’ defined but not used [-Wunused-function]
  154 | bool anyStage(ArrayRef<const InstrStage> Stages, FuncUnitWrapperAction Action,
      |      ^~~~~~~~
[177/305] Building CXX object lib/Target/AIE/CMakeFiles/LLVMAIECodeGen.dir/AIEBaseFrameLowering.cpp.o
[178/305] Building CXX object lib/Target/AIE/CMakeFiles/LLVMAIECodeGen.dir/AIEEliminateDuplicatePHI.cpp.o
[179/305] Building CXX object lib/Target/AIE/CMakeFiles/LLVMAIECodeGen.dir/AIECallLowering.cpp.o
FAILED: lib/Target/AIE/CMakeFiles/LLVMAIECodeGen.dir/AIECallLowering.cpp.o 
CCACHE_CPP2=yes CCACHE_HASHDIR=yes CCACHE_SLOPPINESS=pch_defines,time_macros /usr/bin/ccache /usr/bin/g++ -D_DEBUG -D_GLIBCXX_ASSERTIONS -D_GLIBCXX_USE_CXX11_ABI=1 -D_GNU_SOURCE -D_LIBCPP_HARDENING_MODE=_LIBCPP_HARDENING_MODE_EXTENSIVE -D__STDC_CONSTANT_MACROS -D__STDC_FORMAT_MACROS -D__STDC_LIMIT_MACROS -I/home/jtuyls/iree-ai/llvm-aie-port/build/lib/Target/AIE -I/home/jtuyls/iree-ai/llvm-aie-port/amd/aie/llvm/lib/Target/AIE -I/home/jtuyls/iree-ai/llvm-aie-port/build/include -I/home/jtuyls/iree-ai/llvm-aie-port/llvm/include -I/home/jtuyls/iree-ai/llvm-aie-port/amd/aie/llvm/include -fPIC -fno-semantic-interposition -fvisibility-inlines-hidden -Werror=date-time -Wall -Wextra -Wno-unused-parameter -Wwrite-strings -Wcast-qual -Wno-missing-field-initializers -pedantic -Wno-long-long -Wimplicit-fallthrough -Wno-uninitialized -Wno-nonnull -Wno-class-memaccess -Wno-dangling-reference -Wno-redundant-move -Wno-pessimizing-move -Wno-array-bounds -Wno-stringop-overread -Wno-dangling-pointer -Wno-noexcept-type -Wdelete-non-virtual-dtor -Wsuggest-override -Wno-comment -Wno-misleading-indentation -Wctad-maybe-unsupported -fdiagnostics-color -ffunction-sections -fdata-sections -O3 -DNDEBUG -std=c++17 -fvisibility=hidden -UNDEBUG -fno-exceptions -funwind-tables -fno-rtti -MD -MT lib/Target/AIE/CMakeFiles/LLVMAIECodeGen.dir/AIECallLowering.cpp.o -MF lib/Target/AIE/CMakeFiles/LLVMAIECodeGen.dir/AIECallLowering.cpp.o.d -o lib/Target/AIE/CMakeFiles/LLVMAIECodeGen.dir/AIECallLowering.cpp.o -c /home/jtuyls/iree-ai/llvm-aie-port/amd/aie/llvm/lib/Target/AIE/AIECallLowering.cpp
/home/jtuyls/iree-ai/llvm-aie-port/amd/aie/llvm/lib/Target/AIE/AIECallLowering.cpp: In member function ‘virtual bool {anonymous}::AIEValueAssigner::assignArg(unsigned int, llvm::EVT, llvm::MVT, llvm::MVT, llvm::CCValAssign::LocInfo, const llvm::CallLowering::ArgInfo&, llvm::ISD::ArgFlagsTy, llvm::CCState&)’:
/home/jtuyls/iree-ai/llvm-aie-port/amd/aie/llvm/lib/Target/AIE/AIECallLowering.cpp:65:15: error: ‘const struct llvm::CallLowering::ArgInfo’ has no member named ‘IsFixed’
   65 |     if (!Info.IsFixed && !UsesVarargCC) {
      |               ^~~~~~~
/home/jtuyls/iree-ai/llvm-aie-port/amd/aie/llvm/lib/Target/AIE/AIECallLowering.cpp:69:27: error: ‘const struct llvm::CallLowering::ArgInfo’ has no member named ‘IsFixed’
   69 |     if (getAssignFn(!Info.IsFixed)(ValNo, ValVT, LocVT, LocInfo, Flags, State))
      |                           ^~~~~~~
/home/jtuyls/iree-ai/llvm-aie-port/amd/aie/llvm/lib/Target/AIE/AIECallLowering.cpp: At global scope:
/home/jtuyls/iree-ai/llvm-aie-port/amd/aie/llvm/lib/Target/AIE/AIECallLowering.cpp:126:8: error: ‘void {anonymous}::AIEOutgoingValueHandler::assignValueToReg(llvm::Register, llvm::Register, const llvm::CCValAssign&)’ marked ‘override’, but does not override
  126 |   void assignValueToReg(Register ValVReg, Register PhysReg,
      |        ^~~~~~~~~~~~~~~~
/home/jtuyls/iree-ai/llvm-aie-port/amd/aie/llvm/lib/Target/AIE/AIECallLowering.cpp: In member function ‘bool llvm::AIECallLowering::lowerReturnVal(llvm::MachineIRBuilder&, const llvm::Value*, llvm::ArrayRef<llvm::Register>, llvm::FunctionLoweringInfo::SavedRetCCState&, llvm::MachineInstrBuilder&) const’:
/home/jtuyls/iree-ai/llvm-aie-port/amd/aie/llvm/lib/Target/AIE/AIECallLowering.cpp:265:27: error: cannot declare variable ‘Handler’ to be of abstract type ‘{anonymous}::AIEOutgoingValueHandler’
  265 |   AIEOutgoingValueHandler Handler(MIRBuilder, MF.getRegInfo(), Ret);
      |                           ^~~~~~~
/home/jtuyls/iree-ai/llvm-aie-port/amd/aie/llvm/lib/Target/AIE/AIECallLowering.cpp:81:8: note:   because the following virtual functions are pure within ‘{anonymous}::AIEOutgoingValueHandler’:
   81 | struct AIEOutgoingValueHandler : public CallLowering::OutgoingValueHandler {
      |        ^~~~~~~~~~~~~~~~~~~~~~~
In file included from /home/jtuyls/iree-ai/llvm-aie-port/amd/aie/llvm/lib/Target/AIE/AIECallLowering.h:21,
                 from /home/jtuyls/iree-ai/llvm-aie-port/amd/aie/llvm/lib/Target/AIE/AIECallLowering.cpp:17:
/home/jtuyls/iree-ai/llvm-aie-port/llvm/include/llvm/CodeGen/GlobalISel/CallLowering.h:282:18: note:     ‘virtual void llvm::CallLowering::ValueHandler::assignValueToReg(llvm::Register, llvm::Register, const llvm::CCValAssign&, llvm::ISD::ArgFlagsTy)’
  282 |     virtual void assignValueToReg(Register ValVReg, Register PhysReg,
      |                  ^~~~~~~~~~~~~~~~
/home/jtuyls/iree-ai/llvm-aie-port/amd/aie/llvm/lib/Target/AIE/AIECallLowering.cpp: At global scope:
/home/jtuyls/iree-ai/llvm-aie-port/amd/aie/llvm/lib/Target/AIE/AIECallLowering.cpp:352:8: error: ‘void {anonymous}::AIEIncomingValueHandler::assignValueToReg(llvm::Register, llvm::Register, const llvm::CCValAssign&)’ marked ‘override’, but does not override
  352 |   void assignValueToReg(Register ValVReg, Register PhysReg,
      |        ^~~~~~~~~~~~~~~~
/home/jtuyls/iree-ai/llvm-aie-port/amd/aie/llvm/lib/Target/AIE/AIECallLowering.cpp: In member function ‘bool llvm::AIECallLowering::lowerTailCall(llvm::MachineIRBuilder&, llvm::CallLowering::CallLoweringInfo&, llvm::SmallVectorImpl<llvm::CallLowering::ArgInfo>&, llvm::SmallVectorImpl<llvm::CallLowering::ArgInfo>&) const’:
/home/jtuyls/iree-ai/llvm-aie-port/amd/aie/llvm/lib/Target/AIE/AIECallLowering.cpp:626:27: error: cannot declare variable ‘Handler’ to be of abstract type ‘{anonymous}::AIEOutgoingValueHandler’
  626 |   AIEOutgoingValueHandler Handler(MIRBuilder, MRI, MIB,
      |                           ^~~~~~~
/home/jtuyls/iree-ai/llvm-aie-port/amd/aie/llvm/lib/Target/AIE/AIECallLowering.cpp: In member function ‘virtual bool llvm::AIECallLowering::lowerCall(llvm::MachineIRBuilder&, llvm::CallLowering::CallLoweringInfo&) const’:
/home/jtuyls/iree-ai/llvm-aie-port/amd/aie/llvm/lib/Target/AIE/AIECallLowering.cpp:727:27: error: cannot declare variable ‘Handler’ to be of abstract type ‘{anonymous}::AIEOutgoingValueHandler’
  727 |   AIEOutgoingValueHandler Handler(MIRBuilder, MRI, MIB);
      |                           ^~~~~~~
[180/305] Building CXX object lib/Target/AIE/CMakeFiles/LLVMAIECodeGen.dir/AIEGlobalCombiner.cpp.o
FAILED: lib/Target/AIE/CMakeFiles/LLVMAIECodeGen.dir/AIEGlobalCombiner.cpp.o 
CCACHE_CPP2=yes CCACHE_HASHDIR=yes CCACHE_SLOPPINESS=pch_defines,time_macros /usr/bin/ccache /usr/bin/g++ -D_DEBUG -D_GLIBCXX_ASSERTIONS -D_GLIBCXX_USE_CXX11_ABI=1 -D_GNU_SOURCE -D_LIBCPP_HARDENING_MODE=_LIBCPP_HARDENING_MODE_EXTENSIVE -D__STDC_CONSTANT_MACROS -D__STDC_FORMAT_MACROS -D__STDC_LIMIT_MACROS -I/home/jtuyls/iree-ai/llvm-aie-port/build/lib/Target/AIE -I/home/jtuyls/iree-ai/llvm-aie-port/amd/aie/llvm/lib/Target/AIE -I/home/jtuyls/iree-ai/llvm-aie-port/build/include -I/home/jtuyls/iree-ai/llvm-aie-port/llvm/include -I/home/jtuyls/iree-ai/llvm-aie-port/amd/aie/llvm/include -fPIC -fno-semantic-interposition -fvisibility-inlines-hidden -Werror=date-time -Wall -Wextra -Wno-unused-parameter -Wwrite-strings -Wcast-qual -Wno-missing-field-initializers -pedantic -Wno-long-long -Wimplicit-fallthrough -Wno-uninitialized -Wno-nonnull -Wno-class-memaccess -Wno-dangling-reference -Wno-redundant-move -Wno-pessimizing-move -Wno-array-bounds -Wno-stringop-overread -Wno-dangling-pointer -Wno-noexcept-type -Wdelete-non-virtual-dtor -Wsuggest-override -Wno-comment -Wno-misleading-indentation -Wctad-maybe-unsupported -fdiagnostics-color -ffunction-sections -fdata-sections -O3 -DNDEBUG -std=c++17 -fvisibility=hidden -UNDEBUG -fno-exceptions -funwind-tables -fno-rtti -MD -MT lib/Target/AIE/CMakeFiles/LLVMAIECodeGen.dir/AIEGlobalCombiner.cpp.o -MF lib/Target/AIE/CMakeFiles/LLVMAIECodeGen.dir/AIEGlobalCombiner.cpp.o.d -o lib/Target/AIE/CMakeFiles/LLVMAIECodeGen.dir/AIEGlobalCombiner.cpp.o -c /home/jtuyls/iree-ai/llvm-aie-port/amd/aie/llvm/lib/Target/AIE/AIEGlobalCombiner.cpp
/home/jtuyls/iree-ai/llvm-aie-port/amd/aie/llvm/lib/Target/AIE/AIEGlobalCombiner.cpp: In function ‘void llvm::AIE::GlobalCombiner::initDAG(llvm::AIE::DataDependenceHelper&, llvm::MachineBasicBlock&)’:
/home/jtuyls/iree-ai/llvm-aie-port/amd/aie/llvm/lib/Target/AIE/AIEGlobalCombiner.cpp:849:11: error: ‘class llvm::AIE::DataDependenceHelper’ has no member named ‘initSUnit’; did you mean ‘initSUnits’?
  849 |       DAG.initSUnit(MI);
      |           ^~~~~~~~~
      |           initSUnits
[181/305] Building CXX object lib/Target/AIE/CMakeFiles/LLVMAIECodeGen.dir/AIEGlobalCombinerPtrMods.cpp.o
[182/305] Building CXX object lib/Target/AIE/CMakeFiles/LLVMAIECodeGen.dir/AIEBaseSubtarget.cpp.o
[183/305] Building CXX object lib/Target/AIE/CMakeFiles/LLVMAIECodeGen.dir/AIEISelDAGToDAG.cpp.o
In file included from /home/jtuyls/iree-ai/llvm-aie-port/amd/aie/llvm/lib/Target/AIE/aie1/AIE1FrameLowering.h:18,
                 from /home/jtuyls/iree-ai/llvm-aie-port/amd/aie/llvm/lib/Target/AIE/aie1/AIE1Subtarget.h:19,
                 from /home/jtuyls/iree-ai/llvm-aie-port/amd/aie/llvm/lib/Target/AIE/aie1/AIE1TargetMachine.h:20,
                 from /home/jtuyls/iree-ai/llvm-aie-port/amd/aie/llvm/lib/Target/AIE/AIEISelDAGToDAG.h:18,
                 from /home/jtuyls/iree-ai/llvm-aie-port/amd/aie/llvm/lib/Target/AIE/AIEISelDAGToDAG.cpp:15:
/home/jtuyls/iree-ai/llvm-aie-port/amd/aie/llvm/lib/Target/AIE/AIEBaseFrameLowering.h:90:16: warning: ‘virtual void llvm::AIEBaseFrameLowering::adjustReg(llvm::MachineBasicBlock&, llvm::MachineBasicBlock::iterator, const llvm::DebugLoc&, unsigned int, int64_t, llvm::MachineInstr::MIFlag) const’ was hidden [-Woverloaded-virtual=]
   90 |   virtual void adjustReg(MachineBasicBlock &MBB,
      |                ^~~~~~~~~
/home/jtuyls/iree-ai/llvm-aie-port/amd/aie/llvm/lib/Target/AIE/aie1/AIE1FrameLowering.h:29:15: note:   by ‘static void llvm::AIEFrameLowering::adjustReg(const llvm::TargetInstrInfo*, llvm::MachineBasicBlock&, llvm::MachineBasicBlock::iterator, const llvm::DebugLoc&, unsigned int, int64_t, llvm::MachineInstr::MIFlag)’
   29 |   static void adjustReg(const TargetInstrInfo *TII, MachineBasicBlock &MBB,
      |               ^~~~~~~~~
[184/305] Building CXX object lib/Target/AIE/CMakeFiles/LLVMAIECodeGen.dir/AIECombinerHelper.cpp.o
FAILED: lib/Target/AIE/CMakeFiles/LLVMAIECodeGen.dir/AIECombinerHelper.cpp.o 
CCACHE_CPP2=yes CCACHE_HASHDIR=yes CCACHE_SLOPPINESS=pch_defines,time_macros /usr/bin/ccache /usr/bin/g++ -D_DEBUG -D_GLIBCXX_ASSERTIONS -D_GLIBCXX_USE_CXX11_ABI=1 -D_GNU_SOURCE -D_LIBCPP_HARDENING_MODE=_LIBCPP_HARDENING_MODE_EXTENSIVE -D__STDC_CONSTANT_MACROS -D__STDC_FORMAT_MACROS -D__STDC_LIMIT_MACROS -I/home/jtuyls/iree-ai/llvm-aie-port/build/lib/Target/AIE -I/home/jtuyls/iree-ai/llvm-aie-port/amd/aie/llvm/lib/Target/AIE -I/home/jtuyls/iree-ai/llvm-aie-port/build/include -I/home/jtuyls/iree-ai/llvm-aie-port/llvm/include -I/home/jtuyls/iree-ai/llvm-aie-port/amd/aie/llvm/include -fPIC -fno-semantic-interposition -fvisibility-inlines-hidden -Werror=date-time -Wall -Wextra -Wno-unused-parameter -Wwrite-strings -Wcast-qual -Wno-missing-field-initializers -pedantic -Wno-long-long -Wimplicit-fallthrough -Wno-uninitialized -Wno-nonnull -Wno-class-memaccess -Wno-dangling-reference -Wno-redundant-move -Wno-pessimizing-move -Wno-array-bounds -Wno-stringop-overread -Wno-dangling-pointer -Wno-noexcept-type -Wdelete-non-virtual-dtor -Wsuggest-override -Wno-comment -Wno-misleading-indentation -Wctad-maybe-unsupported -fdiagnostics-color -ffunction-sections -fdata-sections -O3 -DNDEBUG -std=c++17 -fvisibility=hidden -UNDEBUG -fno-exceptions -funwind-tables -fno-rtti -MD -MT lib/Target/AIE/CMakeFiles/LLVMAIECodeGen.dir/AIECombinerHelper.cpp.o -MF lib/Target/AIE/CMakeFiles/LLVMAIECodeGen.dir/AIECombinerHelper.cpp.o.d -o lib/Target/AIE/CMakeFiles/LLVMAIECodeGen.dir/AIECombinerHelper.cpp.o -c /home/jtuyls/iree-ai/llvm-aie-port/amd/aie/llvm/lib/Target/AIE/AIECombinerHelper.cpp
/home/jtuyls/iree-ai/llvm-aie-port/amd/aie/llvm/lib/Target/AIE/AIECombinerHelper.cpp: In lambda function:
/home/jtuyls/iree-ai/llvm-aie-port/amd/aie/llvm/lib/Target/AIE/AIECombinerHelper.cpp:5746:31: error: ‘constexpr llvm::LocationSize::LocationSize(uint64_t)’ is private within this context
 5746 |                      *BuildMMO(2, Align(2)));
      |                       ~~~~~~~~^~~~~~~~~~~~~
In file included from /home/jtuyls/iree-ai/llvm-aie-port/llvm/include/llvm/CodeGen/MachineInstr.h:24,
                 from /home/jtuyls/iree-ai/llvm-aie-port/amd/aie/llvm/lib/Target/AIE/MCTargetDesc/AIEMCFormats.h:19,
                 from /home/jtuyls/iree-ai/llvm-aie-port/amd/aie/llvm/lib/Target/AIE/AIEBaseInstrInfo.h:22,
                 from /home/jtuyls/iree-ai/llvm-aie-port/amd/aie/llvm/lib/Target/AIE/AIEGlobalCombiner.h:33,
                 from /home/jtuyls/iree-ai/llvm-aie-port/amd/aie/llvm/lib/Target/AIE/AIEPtrModOptimizer.h:21,
                 from /home/jtuyls/iree-ai/llvm-aie-port/amd/aie/llvm/lib/Target/AIE/AIECombinerHelper.h:14,
                 from /home/jtuyls/iree-ai/llvm-aie-port/amd/aie/llvm/lib/Target/AIE/AIECombinerHelper.cpp:11:
/home/jtuyls/iree-ai/llvm-aie-port/llvm/include/llvm/Analysis/MemoryLocation.h:82:13: note: declared private here
   82 |   constexpr LocationSize(uint64_t Raw) : Value(Raw) {}
      |             ^~~~~~~~~~~~
/home/jtuyls/iree-ai/llvm-aie-port/amd/aie/llvm/lib/Target/AIE/AIECombinerHelper.cpp: In function ‘bool {anonymous}::mayMIShiftElements(const llvm::MachineInstr*)’:
/home/jtuyls/iree-ai/llvm-aie-port/amd/aie/llvm/lib/Target/AIE/AIECombinerHelper.cpp:114:5: warning: this statement may fall through [-Wimplicit-fallthrough=]
  114 |     switch (cast<GIntrinsic>(MI)->getIntrinsicID()) {
      |     ^~~~~~
/home/jtuyls/iree-ai/llvm-aie-port/amd/aie/llvm/lib/Target/AIE/AIECombinerHelper.cpp:122:3: note: here
  122 |   default:
      |   ^~~~~~~
[185/305] Building CXX object lib/Target/AIE/CMakeFiles/LLVMAIECodeGen.dir/AIEBaseTargetTransformInfo.cpp.o
FAILED: lib/Target/AIE/CMakeFiles/LLVMAIECodeGen.dir/AIEBaseTargetTransformInfo.cpp.o 
CCACHE_CPP2=yes CCACHE_HASHDIR=yes CCACHE_SLOPPINESS=pch_defines,time_macros /usr/bin/ccache /usr/bin/g++ -D_DEBUG -D_GLIBCXX_ASSERTIONS -D_GLIBCXX_USE_CXX11_ABI=1 -D_GNU_SOURCE -D_LIBCPP_HARDENING_MODE=_LIBCPP_HARDENING_MODE_EXTENSIVE -D__STDC_CONSTANT_MACROS -D__STDC_FORMAT_MACROS -D__STDC_LIMIT_MACROS -I/home/jtuyls/iree-ai/llvm-aie-port/build/lib/Target/AIE -I/home/jtuyls/iree-ai/llvm-aie-port/amd/aie/llvm/lib/Target/AIE -I/home/jtuyls/iree-ai/llvm-aie-port/build/include -I/home/jtuyls/iree-ai/llvm-aie-port/llvm/include -I/home/jtuyls/iree-ai/llvm-aie-port/amd/aie/llvm/include -fPIC -fno-semantic-interposition -fvisibility-inlines-hidden -Werror=date-time -Wall -Wextra -Wno-unused-parameter -Wwrite-strings -Wcast-qual -Wno-missing-field-initializers -pedantic -Wno-long-long -Wimplicit-fallthrough -Wno-uninitialized -Wno-nonnull -Wno-class-memaccess -Wno-dangling-reference -Wno-redundant-move -Wno-pessimizing-move -Wno-array-bounds -Wno-stringop-overread -Wno-dangling-pointer -Wno-noexcept-type -Wdelete-non-virtual-dtor -Wsuggest-override -Wno-comment -Wno-misleading-indentation -Wctad-maybe-unsupported -fdiagnostics-color -ffunction-sections -fdata-sections -O3 -DNDEBUG -std=c++17 -fvisibility=hidden -UNDEBUG -fno-exceptions -funwind-tables -fno-rtti -MD -MT lib/Target/AIE/CMakeFiles/LLVMAIECodeGen.dir/AIEBaseTargetTransformInfo.cpp.o -MF lib/Target/AIE/CMakeFiles/LLVMAIECodeGen.dir/AIEBaseTargetTransformInfo.cpp.o.d -o lib/Target/AIE/CMakeFiles/LLVMAIECodeGen.dir/AIEBaseTargetTransformInfo.cpp.o -c /home/jtuyls/iree-ai/llvm-aie-port/amd/aie/llvm/lib/Target/AIE/AIEBaseTargetTransformInfo.cpp
In file included from /home/jtuyls/iree-ai/llvm-aie-port/amd/aie/llvm/lib/Target/AIE/aie1/AIE1FrameLowering.h:18,
                 from /home/jtuyls/iree-ai/llvm-aie-port/amd/aie/llvm/lib/Target/AIE/aie1/AIE1Subtarget.h:19,
                 from /home/jtuyls/iree-ai/llvm-aie-port/amd/aie/llvm/lib/Target/AIE/AIEBaseTargetTransformInfo.h:21,
                 from /home/jtuyls/iree-ai/llvm-aie-port/amd/aie/llvm/lib/Target/AIE/AIEBaseTargetTransformInfo.cpp:11:
/home/jtuyls/iree-ai/llvm-aie-port/amd/aie/llvm/lib/Target/AIE/AIEBaseFrameLowering.h:90:16: warning: ‘virtual void llvm::AIEBaseFrameLowering::adjustReg(llvm::MachineBasicBlock&, llvm::MachineBasicBlock::iterator, const llvm::DebugLoc&, unsigned int, int64_t, llvm::MachineInstr::MIFlag) const’ was hidden [-Woverloaded-virtual=]
   90 |   virtual void adjustReg(MachineBasicBlock &MBB,
      |                ^~~~~~~~~
/home/jtuyls/iree-ai/llvm-aie-port/amd/aie/llvm/lib/Target/AIE/aie1/AIE1FrameLowering.h:29:15: note:   by ‘static void llvm::AIEFrameLowering::adjustReg(const llvm::TargetInstrInfo*, llvm::MachineBasicBlock&, llvm::MachineBasicBlock::iterator, const llvm::DebugLoc&, unsigned int, int64_t, llvm::MachineInstr::MIFlag)’
   29 |   static void adjustReg(const TargetInstrInfo *TII, MachineBasicBlock &MBB,
      |               ^~~~~~~~~
/home/jtuyls/iree-ai/llvm-aie-port/amd/aie/llvm/lib/Target/AIE/AIEBaseTargetTransformInfo.cpp: In member function ‘void llvm::AIETTICommon::adjustUnrollingPreferences(llvm::Loop*, llvm::ScalarEvolution&, llvm::TargetTransformInfo::UnrollingPreferences&, llvm::OptimizationRemarkEmitter*)’:
/home/jtuyls/iree-ai/llvm-aie-port/amd/aie/llvm/lib/Target/AIE/AIEBaseTargetTransformInfo.cpp:204:25: error: ‘getMinTripCount’ was not declared in this scope; did you mean ‘llvm::AIELoopUtils::getMinTripCount’?
  204 |     auto MinIterCount = getMinTripCount(L->getLoopID());
      |                         ^~~~~~~~~~~~~~~
      |                         llvm::AIELoopUtils::getMinTripCount
In file included from /home/jtuyls/iree-ai/llvm-aie-port/amd/aie/llvm/lib/Target/AIE/AIEBaseTargetTransformInfo.cpp:12:
/home/jtuyls/iree-ai/llvm-aie-port/amd/aie/llvm/lib/Target/AIE/Utils/AIELoopUtils.h:32:24: note: ‘llvm::AIELoopUtils::getMinTripCount’ declared here
   32 | std::optional<int64_t> getMinTripCount(const MachineBasicBlock &LoopBlock);
      |                        ^~~~~~~~~~~~~~~
/home/jtuyls/iree-ai/llvm-aie-port/amd/aie/llvm/lib/Target/AIE/AIEBaseTargetTransformInfo.cpp: In member function ‘bool llvm::AIETTICommon::isHardwareLoopProfitable(llvm::Loop*, llvm::ScalarEvolution&, llvm::AssumptionCache&, llvm::TargetLibraryInfo*, llvm::HardwareLoopInfo&)’:
/home/jtuyls/iree-ai/llvm-aie-port/amd/aie/llvm/lib/Target/AIE/AIEBaseTargetTransformInfo.cpp:324:43: error: ‘getMinTripCount’ was not declared in this scope; did you mean ‘llvm::AIELoopUtils::getMinTripCount’?
  324 |     std::optional<int64_t> MinTripCount = getMinTripCount(L, &SE);
      |                                           ^~~~~~~~~~~~~~~
      |                                           llvm::AIELoopUtils::getMinTripCount
/home/jtuyls/iree-ai/llvm-aie-port/amd/aie/llvm/lib/Target/AIE/Utils/AIELoopUtils.h:32:24: note: ‘llvm::AIELoopUtils::getMinTripCount’ declared here
   32 | std::optional<int64_t> getMinTripCount(const MachineBasicBlock &LoopBlock);
      |                        ^~~~~~~~~~~~~~~
[186/305] Building CXX object lib/ProfileData/CMakeFiles/LLVMProfileData.dir/MemProfReader.cpp.o
[187/305] Building CXX object lib/Target/AIE/CMakeFiles/LLVMAIECodeGen.dir/AIEMCInstLower.cpp.o
FAILED: lib/Target/AIE/CMakeFiles/LLVMAIECodeGen.dir/AIEMCInstLower.cpp.o 
CCACHE_CPP2=yes CCACHE_HASHDIR=yes CCACHE_SLOPPINESS=pch_defines,time_macros /usr/bin/ccache /usr/bin/g++ -D_DEBUG -D_GLIBCXX_ASSERTIONS -D_GLIBCXX_USE_CXX11_ABI=1 -D_GNU_SOURCE -D_LIBCPP_HARDENING_MODE=_LIBCPP_HARDENING_MODE_EXTENSIVE -D__STDC_CONSTANT_MACROS -D__STDC_FORMAT_MACROS -D__STDC_LIMIT_MACROS -I/home/jtuyls/iree-ai/llvm-aie-port/build/lib/Target/AIE -I/home/jtuyls/iree-ai/llvm-aie-port/amd/aie/llvm/lib/Target/AIE -I/home/jtuyls/iree-ai/llvm-aie-port/build/include -I/home/jtuyls/iree-ai/llvm-aie-port/llvm/include -I/home/jtuyls/iree-ai/llvm-aie-port/amd/aie/llvm/include -fPIC -fno-semantic-interposition -fvisibility-inlines-hidden -Werror=date-time -Wall -Wextra -Wno-unused-parameter -Wwrite-strings -Wcast-qual -Wno-missing-field-initializers -pedantic -Wno-long-long -Wimplicit-fallthrough -Wno-uninitialized -Wno-nonnull -Wno-class-memaccess -Wno-dangling-reference -Wno-redundant-move -Wno-pessimizing-move -Wno-array-bounds -Wno-stringop-overread -Wno-dangling-pointer -Wno-noexcept-type -Wdelete-non-virtual-dtor -Wsuggest-override -Wno-comment -Wno-misleading-indentation -Wctad-maybe-unsupported -fdiagnostics-color -ffunction-sections -fdata-sections -O3 -DNDEBUG -std=c++17 -fvisibility=hidden -UNDEBUG -fno-exceptions -funwind-tables -fno-rtti -MD -MT lib/Target/AIE/CMakeFiles/LLVMAIECodeGen.dir/AIEMCInstLower.cpp.o -MF lib/Target/AIE/CMakeFiles/LLVMAIECodeGen.dir/AIEMCInstLower.cpp.o.d -o lib/Target/AIE/CMakeFiles/LLVMAIECodeGen.dir/AIEMCInstLower.cpp.o -c /home/jtuyls/iree-ai/llvm-aie-port/amd/aie/llvm/lib/Target/AIE/AIEMCInstLower.cpp
In file included from /home/jtuyls/iree-ai/llvm-aie-port/amd/aie/llvm/lib/Target/AIE/AIEMCInstLower.cpp:17:
/home/jtuyls/iree-ai/llvm-aie-port/amd/aie/llvm/lib/Target/AIE/MCTargetDesc/AIEMCExpr.h:53:8: error: ‘bool llvm::AIEMCExpr::evaluateAsRelocatableImpl(llvm::MCValue&, const llvm::MCAssembler*, const llvm::MCFixup*) const’ marked ‘override’, but does not override
   53 |   bool evaluateAsRelocatableImpl(MCValue &Res, const MCAssembler *Layout,
      |        ^~~~~~~~~~~~~~~~~~~~~~~~~
/home/jtuyls/iree-ai/llvm-aie-port/amd/aie/llvm/lib/Target/AIE/MCTargetDesc/AIEMCExpr.h:61:8: error: ‘void llvm::AIEMCExpr::fixELFSymbolsInTLSFixups(llvm::MCAssembler&) const’ marked ‘override’, but does not override
   61 |   void fixELFSymbolsInTLSFixups(MCAssembler &Asm) const override {}
      |        ^~~~~~~~~~~~~~~~~~~~~~~~
/home/jtuyls/iree-ai/llvm-aie-port/amd/aie/llvm/lib/Target/AIE/AIEMCInstLower.cpp: In function ‘llvm::MCOperand lowerSymbolOperand(const llvm::MachineOperand&, llvm::MCSymbol*, const llvm::AsmPrinter&)’:
/home/jtuyls/iree-ai/llvm-aie-port/amd/aie/llvm/lib/Target/AIE/AIEMCInstLower.cpp:65:53: error: ‘VK_None’ is not a member of ‘llvm::MCSymbolRefExpr’
   65 |       MCSymbolRefExpr::create(Sym, MCSymbolRefExpr::VK_None, Ctx);
      |                                                     ^~~~~~~
[188/305] Building CXX object lib/Target/AIE/CMakeFiles/LLVMAIECodeGen.dir/AIELoopClass.cpp.o
[189/305] Building CXX object lib/CodeGen/SelectionDAG/CMakeFiles/LLVMSelectionDAG.dir/SelectionDAGBuilder.cpp.o
[190/305] Building CXX object lib/CodeGen/SelectionDAG/CMakeFiles/LLVMSelectionDAG.dir/SelectionDAG.cpp.o
[191/305] Building CXX object lib/Target/AIE/CMakeFiles/LLVMAIECodeGen.dir/AIEInterBlockScheduling.cpp.o
[192/305] Building CXX object lib/Target/AIE/CMakeFiles/LLVMAIECodeGen.dir/AIEBaseInstructionSelector.cpp.o
[193/305] Building CXX object lib/Target/AIE/CMakeFiles/LLVMAIECodeGen.dir/AIEPreISelCombiner.cpp.o
[194/305] Building CXX object lib/Target/AIE/CMakeFiles/LLVMAIECodeGen.dir/AIELegalizerHelper.cpp.o
FAILED: lib/Target/AIE/CMakeFiles/LLVMAIECodeGen.dir/AIELegalizerHelper.cpp.o 
CCACHE_CPP2=yes CCACHE_HASHDIR=yes CCACHE_SLOPPINESS=pch_defines,time_macros /usr/bin/ccache /usr/bin/g++ -D_DEBUG -D_GLIBCXX_ASSERTIONS -D_GLIBCXX_USE_CXX11_ABI=1 -D_GNU_SOURCE -D_LIBCPP_HARDENING_MODE=_LIBCPP_HARDENING_MODE_EXTENSIVE -D__STDC_CONSTANT_MACROS -D__STDC_FORMAT_MACROS -D__STDC_LIMIT_MACROS -I/home/jtuyls/iree-ai/llvm-aie-port/build/lib/Target/AIE -I/home/jtuyls/iree-ai/llvm-aie-port/amd/aie/llvm/lib/Target/AIE -I/home/jtuyls/iree-ai/llvm-aie-port/build/include -I/home/jtuyls/iree-ai/llvm-aie-port/llvm/include -I/home/jtuyls/iree-ai/llvm-aie-port/amd/aie/llvm/include -fPIC -fno-semantic-interposition -fvisibility-inlines-hidden -Werror=date-time -Wall -Wextra -Wno-unused-parameter -Wwrite-strings -Wcast-qual -Wno-missing-field-initializers -pedantic -Wno-long-long -Wimplicit-fallthrough -Wno-uninitialized -Wno-nonnull -Wno-class-memaccess -Wno-dangling-reference -Wno-redundant-move -Wno-pessimizing-move -Wno-array-bounds -Wno-stringop-overread -Wno-dangling-pointer -Wno-noexcept-type -Wdelete-non-virtual-dtor -Wsuggest-override -Wno-comment -Wno-misleading-indentation -Wctad-maybe-unsupported -fdiagnostics-color -ffunction-sections -fdata-sections -O3 -DNDEBUG -std=c++17 -fvisibility=hidden -UNDEBUG -fno-exceptions -funwind-tables -fno-rtti -MD -MT lib/Target/AIE/CMakeFiles/LLVMAIECodeGen.dir/AIELegalizerHelper.cpp.o -MF lib/Target/AIE/CMakeFiles/LLVMAIECodeGen.dir/AIELegalizerHelper.cpp.o.d -o lib/Target/AIE/CMakeFiles/LLVMAIECodeGen.dir/AIELegalizerHelper.cpp.o -c /home/jtuyls/iree-ai/llvm-aie-port/amd/aie/llvm/lib/Target/AIE/AIELegalizerHelper.cpp
/home/jtuyls/iree-ai/llvm-aie-port/amd/aie/llvm/lib/Target/AIE/AIELegalizerHelper.cpp: In member function ‘bool llvm::AIELegalizerHelper::legalizeG_SEXT_INREG(llvm::LegalizerHelper&, llvm::MachineInstr&) const’:
/home/jtuyls/iree-ai/llvm-aie-port/amd/aie/llvm/lib/Target/AIE/AIELegalizerHelper.cpp:425:12: error: ‘class llvm::LegalizerHelper’ has no member named ‘lowerSextInreg’; did you mean ‘lowerStore’?
  425 |     Helper.lowerSextInreg(MI);
      |            ^~~~~~~~~~~~~~
      |            lowerStore
/home/jtuyls/iree-ai/llvm-aie-port/amd/aie/llvm/lib/Target/AIE/AIELegalizerHelper.cpp:449:10: error: ‘class llvm::LegalizerHelper’ has no member named ‘lowerSextInreg’; did you mean ‘lowerStore’?
  449 |   Helper.lowerSextInreg(MI);
      |          ^~~~~~~~~~~~~~
      |          lowerStore
/home/jtuyls/iree-ai/llvm-aie-port/amd/aie/llvm/lib/Target/AIE/AIELegalizerHelper.cpp: In member function ‘bool llvm::AIELegalizerHelper::legalizeMemCalls(llvm::LegalizerHelper&, llvm::MachineInstr&, llvm::LostDebugLocObserver&) const’:
/home/jtuyls/iree-ai/llvm-aie-port/amd/aie/llvm/lib/Target/AIE/AIELegalizerHelper.cpp:627:17: error: ‘createLibcall’ was not declared in this scope
  627 |   auto Status = createLibcall(MIRBuilder, LibEntry, {ResultReg, VoidPtrTy, 0},
      |                 ^~~~~~~~~~~~~
/home/jtuyls/iree-ai/llvm-aie-port/amd/aie/llvm/lib/Target/AIE/AIELegalizerHelper.cpp: In member function ‘bool llvm::AIELegalizerHelper::legalizeG_FCMP_FP32_FP64(llvm::LegalizerHelper&, llvm::MachineInstr&, llvm::CmpInst::Predicate, llvm::LostDebugLocObserver&, int) const’:
/home/jtuyls/iree-ai/llvm-aie-port/amd/aie/llvm/lib/Target/AIE/AIELegalizerHelper.cpp:1101:19: error: ‘createLibcall’ was not declared in this scope
 1101 |     auto Status = createLibcall(MIRBuilder, LibEntry, {LibcallResult, RetTy, 0},
      |                   ^~~~~~~~~~~~~
[195/305] Building CXX object lib/Target/AIE/CMakeFiles/LLVMAIECodeGen.dir/AIESlotStatistics.cpp.o
[196/305] Building CXX object lib/Target/AIE/CMakeFiles/LLVMAIECodeGen.dir/AIESlotUtils.cpp.o
[197/305] Building CXX object lib/Target/AIE/CMakeFiles/LLVMAIECodeGen.dir/AIEMachineScheduler.cpp.o
FAILED: lib/Target/AIE/CMakeFiles/LLVMAIECodeGen.dir/AIEMachineScheduler.cpp.o 
CCACHE_CPP2=yes CCACHE_HASHDIR=yes CCACHE_SLOPPINESS=pch_defines,time_macros /usr/bin/ccache /usr/bin/g++ -D_DEBUG -D_GLIBCXX_ASSERTIONS -D_GLIBCXX_USE_CXX11_ABI=1 -D_GNU_SOURCE -D_LIBCPP_HARDENING_MODE=_LIBCPP_HARDENING_MODE_EXTENSIVE -D__STDC_CONSTANT_MACROS -D__STDC_FORMAT_MACROS -D__STDC_LIMIT_MACROS -I/home/jtuyls/iree-ai/llvm-aie-port/build/lib/Target/AIE -I/home/jtuyls/iree-ai/llvm-aie-port/amd/aie/llvm/lib/Target/AIE -I/home/jtuyls/iree-ai/llvm-aie-port/build/include -I/home/jtuyls/iree-ai/llvm-aie-port/llvm/include -I/home/jtuyls/iree-ai/llvm-aie-port/amd/aie/llvm/include -fPIC -fno-semantic-interposition -fvisibility-inlines-hidden -Werror=date-time -Wall -Wextra -Wno-unused-parameter -Wwrite-strings -Wcast-qual -Wno-missing-field-initializers -pedantic -Wno-long-long -Wimplicit-fallthrough -Wno-uninitialized -Wno-nonnull -Wno-class-memaccess -Wno-dangling-reference -Wno-redundant-move -Wno-pessimizing-move -Wno-array-bounds -Wno-stringop-overread -Wno-dangling-pointer -Wno-noexcept-type -Wdelete-non-virtual-dtor -Wsuggest-override -Wno-comment -Wno-misleading-indentation -Wctad-maybe-unsupported -fdiagnostics-color -ffunction-sections -fdata-sections -O3 -DNDEBUG -std=c++17 -fvisibility=hidden -UNDEBUG -fno-exceptions -funwind-tables -fno-rtti -MD -MT lib/Target/AIE/CMakeFiles/LLVMAIECodeGen.dir/AIEMachineScheduler.cpp.o -MF lib/Target/AIE/CMakeFiles/LLVMAIECodeGen.dir/AIEMachineScheduler.cpp.o.d -o lib/Target/AIE/CMakeFiles/LLVMAIECodeGen.dir/AIEMachineScheduler.cpp.o -c /home/jtuyls/iree-ai/llvm-aie-port/amd/aie/llvm/lib/Target/AIE/AIEMachineScheduler.cpp
In file included from /usr/include/c++/13/cassert:44,
                 from /home/jtuyls/iree-ai/llvm-aie-port/llvm/include/llvm/IR/ProfileSummary.h:17,
                 from /home/jtuyls/iree-ai/llvm-aie-port/llvm/include/llvm/IR/Module.h:30,
                 from /home/jtuyls/iree-ai/llvm-aie-port/amd/aie/llvm/lib/Target/AIE/AIEBaseAliasAnalysis.h:19,
                 from /home/jtuyls/iree-ai/llvm-aie-port/amd/aie/llvm/lib/Target/AIE/AIEMachineScheduler.cpp:12:
/home/jtuyls/iree-ai/llvm-aie-port/amd/aie/llvm/lib/Target/AIE/AIEMachineScheduler.cpp: In constructor ‘llvm::AIEPostRASchedStrategy::AIEPostRASchedStrategy(const llvm::MachineSchedContext*)’:
/home/jtuyls/iree-ai/llvm-aie-port/amd/aie/llvm/lib/Target/AIE/AIEMachineScheduler.cpp:109:10: error: ‘PostRADirection’ was not declared in this scope
  109 |   assert(PostRADirection != MISched::Direction::Bidirectional &&
      |          ^~~~~~~~~~~~~~~
/home/jtuyls/iree-ai/llvm-aie-port/amd/aie/llvm/lib/Target/AIE/AIEMachineScheduler.cpp: In member function ‘virtual void llvm::AIEPostRASchedStrategy::initialize(llvm::ScheduleDAGMI*)’:
/home/jtuyls/iree-ai/llvm-aie-port/amd/aie/llvm/lib/Target/AIE/AIEMachineScheduler.cpp:462:10: error: ‘PostRADirection’ was not declared in this scope
  462 |   assert(PostRADirection == MISched::Direction::Unspecified);
      |          ^~~~~~~~~~~~~~~
/home/jtuyls/iree-ai/llvm-aie-port/amd/aie/llvm/lib/Target/AIE/AIEMachineScheduler.cpp: In member function ‘virtual llvm::SUnit* llvm::AIEPostRASchedStrategy::pickNodeAndCycle(bool&, std::optional<unsigned int>&)’:
/home/jtuyls/iree-ai/llvm-aie-port/amd/aie/llvm/lib/Target/AIE/AIEMachineScheduler.cpp:626:10: error: ‘pickNodeUnidirectional’ was not declared in this scope; did you mean ‘pickNodeBidirectional’?
  626 |     SU = pickNodeUnidirectional(Zone);
      |          ^~~~~~~~~~~~~~~~~~~~~~
      |          pickNodeBidirectional
/home/jtuyls/iree-ai/llvm-aie-port/amd/aie/llvm/lib/Target/AIE/AIEMachineScheduler.cpp: In member function ‘virtual bool llvm::AIEPostRASchedStrategy::isAvailableNode(llvm::SUnit&, llvm::SchedBoundary&, bool)’:
/home/jtuyls/iree-ai/llvm-aie-port/amd/aie/llvm/lib/Target/AIE/AIEMachineScheduler.cpp:763:27: error: no matching function for call to ‘llvm::SchedBoundary::checkHazard(llvm::SUnit*, int&)’
  763 |       if (Zone.checkHazard(&SU, DeltaCycles))
      |           ~~~~~~~~~~~~~~~~^~~~~~~~~~~~~~~~~~
In file included from /home/jtuyls/iree-ai/llvm-aie-port/amd/aie/llvm/lib/Target/AIE/AIEBaseSubtarget.h:21,
                 from /home/jtuyls/iree-ai/llvm-aie-port/amd/aie/llvm/lib/Target/AIE/AIEAlternateDescriptors.h:18,
                 from /home/jtuyls/iree-ai/llvm-aie-port/amd/aie/llvm/lib/Target/AIE/AIEHazardRecognizer.h:16,
                 from /home/jtuyls/iree-ai/llvm-aie-port/amd/aie/llvm/lib/Target/AIE/AIEMachineScheduler.h:18,
                 from /home/jtuyls/iree-ai/llvm-aie-port/amd/aie/llvm/lib/Target/AIE/AIEMachineScheduler.cpp:11:
/home/jtuyls/iree-ai/llvm-aie-port/llvm/include/llvm/CodeGen/MachineScheduler.h:1092:17: note: candidate: ‘bool llvm::SchedBoundary::checkHazard(llvm::SUnit*)’
 1092 |   LLVM_ABI bool checkHazard(SUnit *SU);
      |                 ^~~~~~~~~~~
/home/jtuyls/iree-ai/llvm-aie-port/llvm/include/llvm/CodeGen/MachineScheduler.h:1092:17: note:   candidate expects 1 argument, 2 provided
/home/jtuyls/iree-ai/llvm-aie-port/amd/aie/llvm/lib/Target/AIE/AIEMachineScheduler.cpp:778:25: error: no matching function for call to ‘llvm::SchedBoundary::checkHazard(llvm::SUnit*, int&)’
  778 |     if (Zone.checkHazard(&SU, DeltaCycles))
      |         ~~~~~~~~~~~~~~~~^~~~~~~~~~~~~~~~~~
/home/jtuyls/iree-ai/llvm-aie-port/llvm/include/llvm/CodeGen/MachineScheduler.h:1092:17: note: candidate: ‘bool llvm::SchedBoundary::checkHazard(llvm::SUnit*)’
 1092 |   LLVM_ABI bool checkHazard(SUnit *SU);
      |                 ^~~~~~~~~~~
/home/jtuyls/iree-ai/llvm-aie-port/llvm/include/llvm/CodeGen/MachineScheduler.h:1092:17: note:   candidate expects 1 argument, 2 provided
/home/jtuyls/iree-ai/llvm-aie-port/amd/aie/llvm/lib/Target/AIE/AIEMachineScheduler.cpp: In member function ‘virtual void llvm::AIEPostRASchedStrategy::schedNode(llvm::SUnit*, bool)’:
/home/jtuyls/iree-ai/llvm-aie-port/amd/aie/llvm/lib/Target/AIE/AIEMachineScheduler.cpp:796:17: error: no matching function for call to ‘llvm::SchedBoundary::bumpNode(llvm::SUnit*&, const int&)’
  796 |     Top.bumpNode(SU, DeltaCycles);
      |     ~~~~~~~~~~~~^~~~~~~~~~~~~~~~~
/home/jtuyls/iree-ai/llvm-aie-port/llvm/include/llvm/CodeGen/MachineScheduler.h:1117:17: note: candidate: ‘void llvm::SchedBoundary::bumpNode(llvm::SUnit*)’
 1117 |   LLVM_ABI void bumpNode(SUnit *SU);
      |                 ^~~~~~~~
/home/jtuyls/iree-ai/llvm-aie-port/llvm/include/llvm/CodeGen/MachineScheduler.h:1117:17: note:   candidate expects 1 argument, 2 provided
/home/jtuyls/iree-ai/llvm-aie-port/amd/aie/llvm/lib/Target/AIE/AIEMachineScheduler.cpp:800:17: error: no matching function for call to ‘llvm::SchedBoundary::bumpNode(llvm::SUnit*&, int&)’
  800 |     Bot.bumpNode(SU, DeltaCycles);
      |     ~~~~~~~~~~~~^~~~~~~~~~~~~~~~~
/home/jtuyls/iree-ai/llvm-aie-port/llvm/include/llvm/CodeGen/MachineScheduler.h:1117:17: note: candidate: ‘void llvm::SchedBoundary::bumpNode(llvm::SUnit*)’
 1117 |   LLVM_ABI void bumpNode(SUnit *SU);
      |                 ^~~~~~~~
/home/jtuyls/iree-ai/llvm-aie-port/llvm/include/llvm/CodeGen/MachineScheduler.h:1117:17: note:   candidate expects 1 argument, 2 provided
/home/jtuyls/iree-ai/llvm-aie-port/amd/aie/llvm/lib/Target/AIE/AIEMachineScheduler.cpp: In function ‘llvm::PressureDiff estimatePressureDiff(const llvm::SUnit&, const llvm::RegPressureTracker&)’:
/home/jtuyls/iree-ai/llvm-aie-port/amd/aie/llvm/lib/Target/AIE/AIEMachineScheduler.cpp:1422:36: error: ‘const class llvm::RegPressureTracker’ has no member named ‘getLiveRegs’; did you mean ‘llvm::LiveRegSet llvm::RegPressureTracker::LiveRegs’? (not accessible from this context)
 1422 |   const LiveRegSet &LiveRegs = RPT.getLiveRegs();
      |                                    ^~~~~~~~~~~
In file included from /home/jtuyls/iree-ai/llvm-aie-port/llvm/include/llvm/CodeGen/MachineScheduler.h:87:
/home/jtuyls/iree-ai/llvm-aie-port/llvm/include/llvm/CodeGen/RegisterPressure.h:393:14: note: declared private here
  393 |   LiveRegSet LiveRegs;
      |              ^~~~~~~~
/home/jtuyls/iree-ai/llvm-aie-port/amd/aie/llvm/lib/Target/AIE/AIEMachineScheduler.cpp:1429:39: error: cannot convert ‘llvm::Register’ to ‘llvm::VirtRegOrUnit’
 1429 |       PDiff.addPressureChange(D.getReg(), /*IsDec=*/true, &MRI);
      |                               ~~~~~~~~^~
      |                                       |
      |                                       llvm::Register
/home/jtuyls/iree-ai/llvm-aie-port/llvm/include/llvm/CodeGen/RegisterPressure.h:160:49: note:   initializing argument 1 of ‘void llvm::PressureDiff::addPressureChange(llvm::VirtRegOrUnit, bool, const llvm::MachineRegisterInfo*)’
  160 |   LLVM_ABI void addPressureChange(VirtRegOrUnit VRegOrUnit, bool IsDec,
      |                                   ~~~~~~~~~~~~~~^~~~~~~~~~
/home/jtuyls/iree-ai/llvm-aie-port/amd/aie/llvm/lib/Target/AIE/AIEMachineScheduler.cpp:1430:74: error: no matching function for call to ‘llvm::VRegMaskOrUnit::VRegMaskOrUnit(llvm::Register, llvm::LaneBitmask)’
 1430 |       DefinedRegs.insert(VRegMaskOrUnit(D.getReg(), LaneBitmask::getAll()));
      |                                                                          ^
/home/jtuyls/iree-ai/llvm-aie-port/llvm/include/llvm/CodeGen/RegisterPressure.h:43:3: note: candidate: ‘llvm::VRegMaskOrUnit::VRegMaskOrUnit(llvm::VirtRegOrUnit, llvm::LaneBitmask)’
   43 |   VRegMaskOrUnit(VirtRegOrUnit VRegOrUnit, LaneBitmask LaneMask)
      |   ^~~~~~~~~~~~~~
/home/jtuyls/iree-ai/llvm-aie-port/llvm/include/llvm/CodeGen/RegisterPressure.h:43:32: note:   no known conversion for argument 1 from ‘llvm::Register’ to ‘llvm::VirtRegOrUnit’
   43 |   VRegMaskOrUnit(VirtRegOrUnit VRegOrUnit, LaneBitmask LaneMask)
      |                  ~~~~~~~~~~~~~~^~~~~~~~~~
/home/jtuyls/iree-ai/llvm-aie-port/llvm/include/llvm/CodeGen/RegisterPressure.h:39:8: note: candidate: ‘constexpr llvm::VRegMaskOrUnit::VRegMaskOrUnit(const llvm::VRegMaskOrUnit&)’
   39 | struct VRegMaskOrUnit {
      |        ^~~~~~~~~~~~~~
/home/jtuyls/iree-ai/llvm-aie-port/llvm/include/llvm/CodeGen/RegisterPressure.h:39:8: note:   candidate expects 1 argument, 2 provided
/home/jtuyls/iree-ai/llvm-aie-port/llvm/include/llvm/CodeGen/RegisterPressure.h:39:8: note: candidate: ‘constexpr llvm::VRegMaskOrUnit::VRegMaskOrUnit(llvm::VRegMaskOrUnit&&)’
/home/jtuyls/iree-ai/llvm-aie-port/llvm/include/llvm/CodeGen/RegisterPressure.h:39:8: note:   candidate expects 1 argument, 2 provided
/home/jtuyls/iree-ai/llvm-aie-port/amd/aie/llvm/lib/Target/AIE/AIEMachineScheduler.cpp:1439:35: error: cannot convert ‘llvm::Register’ to ‘llvm::VirtRegOrUnit’
 1439 |         LiveRegs.contains(U.getReg()) & ~DefinedRegs.contains(U.getReg());
      |                           ~~~~~~~~^~
      |                                   |
      |                                   llvm::Register
/home/jtuyls/iree-ai/llvm-aie-port/llvm/include/llvm/CodeGen/RegisterPressure.h:299:38: note:   initializing argument 1 of ‘llvm::LaneBitmask llvm::LiveRegSet::contains(llvm::VirtRegOrUnit) const’
  299 |   LaneBitmask contains(VirtRegOrUnit VRegOrUnit) const {
      |                        ~~~~~~~~~~~~~~^~~~~~~~~~
/home/jtuyls/iree-ai/llvm-aie-port/amd/aie/llvm/lib/Target/AIE/AIEMachineScheduler.cpp:1439:71: error: cannot convert ‘llvm::Register’ to ‘llvm::VirtRegOrUnit’
 1439 |         LiveRegs.contains(U.getReg()) & ~DefinedRegs.contains(U.getReg());
      |                                                               ~~~~~~~~^~
      |                                                                       |
      |                                                                       llvm::Register
/home/jtuyls/iree-ai/llvm-aie-port/llvm/include/llvm/CodeGen/RegisterPressure.h:299:38: note:   initializing argument 1 of ‘llvm::LaneBitmask llvm::LiveRegSet::contains(llvm::VirtRegOrUnit) const’
  299 |   LaneBitmask contains(VirtRegOrUnit VRegOrUnit) const {
      |                        ~~~~~~~~~~~~~~^~~~~~~~~~
/home/jtuyls/iree-ai/llvm-aie-port/amd/aie/llvm/lib/Target/AIE/AIEMachineScheduler.cpp:1441:39: error: cannot convert ‘llvm::Register’ to ‘llvm::VirtRegOrUnit’
 1441 |       PDiff.addPressureChange(U.getReg(), /*IsDec=*/false, &MRI);
      |                               ~~~~~~~~^~
      |                                       |
      |                                       llvm::Register
/home/jtuyls/iree-ai/llvm-aie-port/llvm/include/llvm/CodeGen/RegisterPressure.h:160:49: note:   initializing argument 1 of ‘void llvm::PressureDiff::addPressureChange(llvm::VirtRegOrUnit, bool, const llvm::MachineRegisterInfo*)’
  160 |   LLVM_ABI void addPressureChange(VirtRegOrUnit VRegOrUnit, bool IsDec,
      |                                   ~~~~~~~~~~~~~~^~~~~~~~~~
/home/jtuyls/iree-ai/llvm-aie-port/amd/aie/llvm/lib/Target/AIE/AIEMachineScheduler.cpp: In member function ‘virtual void llvm::AIEPostRASchedStrategy::buildGraph(llvm::ScheduleDAGMI&, llvm::AAResults*, llvm::RegPressureTracker*, llvm::PressureDiffs*, llvm::LiveIntervals*, bool)’:
/home/jtuyls/iree-ai/llvm-aie-port/amd/aie/llvm/lib/Target/AIE/AIEMachineScheduler.cpp:1781:11: error: ‘class llvm::ScheduleDAGMI’ has no member named ‘initSUnit’; did you mean ‘initSUnits’?
 1781 |       DAG.initSUnit(*I);
      |           ^~~~~~~~~
      |           initSUnits
/home/jtuyls/iree-ai/llvm-aie-port/amd/aie/llvm/lib/Target/AIE/AIEMachineScheduler.cpp:1792:7: error: ‘class llvm::ScheduleDAGMI’ has no member named ‘buildEdges’
 1792 |   DAG.buildEdges(Context->AA, RPTracker, PDiffs, LIS, OverrideTrackLaneMasks,
      |       ^~~~~~~~~~
/home/jtuyls/iree-ai/llvm-aie-port/amd/aie/llvm/lib/Target/AIE/AIEMachineScheduler.cpp: In member function ‘llvm::SUnit& llvm::AIEPostRASchedStrategy::addFixedSUnit(llvm::MachineInstr&, bool)’:
/home/jtuyls/iree-ai/llvm-aie-port/amd/aie/llvm/lib/Target/AIE/AIEMachineScheduler.cpp:1804:25: error: ‘class llvm::ScheduleDAGMI’ has no member named ‘initSUnit’; did you mean ‘initSUnits’?
 1804 |   unsigned SUNum = DAG->initSUnit(MI).value();
      |                         ^~~~~~~~~
      |                         initSUnits
[198/305] Building CXX object lib/Target/AIE/CMakeFiles/LLVMAIECodeGen.dir/AIEPseudoBranchExpansion.cpp.o
[199/305] Building CXX object lib/Target/AIE/CMakeFiles/LLVMAIECodeGen.dir/AIEBaseTargetMachine.cpp.o
FAILED: lib/Target/AIE/CMakeFiles/LLVMAIECodeGen.dir/AIEBaseTargetMachine.cpp.o 
CCACHE_CPP2=yes CCACHE_HASHDIR=yes CCACHE_SLOPPINESS=pch_defines,time_macros /usr/bin/ccache /usr/bin/g++ -D_DEBUG -D_GLIBCXX_ASSERTIONS -D_GLIBCXX_USE_CXX11_ABI=1 -D_GNU_SOURCE -D_LIBCPP_HARDENING_MODE=_LIBCPP_HARDENING_MODE_EXTENSIVE -D__STDC_CONSTANT_MACROS -D__STDC_FORMAT_MACROS -D__STDC_LIMIT_MACROS -I/home/jtuyls/iree-ai/llvm-aie-port/build/lib/Target/AIE -I/home/jtuyls/iree-ai/llvm-aie-port/amd/aie/llvm/lib/Target/AIE -I/home/jtuyls/iree-ai/llvm-aie-port/build/include -I/home/jtuyls/iree-ai/llvm-aie-port/llvm/include -I/home/jtuyls/iree-ai/llvm-aie-port/amd/aie/llvm/include -fPIC -fno-semantic-interposition -fvisibility-inlines-hidden -Werror=date-time -Wall -Wextra -Wno-unused-parameter -Wwrite-strings -Wcast-qual -Wno-missing-field-initializers -pedantic -Wno-long-long -Wimplicit-fallthrough -Wno-uninitialized -Wno-nonnull -Wno-class-memaccess -Wno-dangling-reference -Wno-redundant-move -Wno-pessimizing-move -Wno-array-bounds -Wno-stringop-overread -Wno-dangling-pointer -Wno-noexcept-type -Wdelete-non-virtual-dtor -Wsuggest-override -Wno-comment -Wno-misleading-indentation -Wctad-maybe-unsupported -fdiagnostics-color -ffunction-sections -fdata-sections -O3 -DNDEBUG -std=c++17 -fvisibility=hidden -UNDEBUG -fno-exceptions -funwind-tables -fno-rtti -MD -MT lib/Target/AIE/CMakeFiles/LLVMAIECodeGen.dir/AIEBaseTargetMachine.cpp.o -MF lib/Target/AIE/CMakeFiles/LLVMAIECodeGen.dir/AIEBaseTargetMachine.cpp.o.d -o lib/Target/AIE/CMakeFiles/LLVMAIECodeGen.dir/AIEBaseTargetMachine.cpp.o -c /home/jtuyls/iree-ai/llvm-aie-port/amd/aie/llvm/lib/Target/AIE/AIEBaseTargetMachine.cpp
In file included from /home/jtuyls/iree-ai/llvm-aie-port/amd/aie/llvm/lib/Target/AIE/AIE2FrameLowering.h:18,
                 from /home/jtuyls/iree-ai/llvm-aie-port/amd/aie/llvm/lib/Target/AIE/AIE2Subtarget.h:19,
                 from /home/jtuyls/iree-ai/llvm-aie-port/amd/aie/llvm/lib/Target/AIE/AIE2TargetMachine.h:18,
                 from /home/jtuyls/iree-ai/llvm-aie-port/amd/aie/llvm/lib/Target/AIE/AIEBaseTargetMachine.cpp:18:
/home/jtuyls/iree-ai/llvm-aie-port/amd/aie/llvm/lib/Target/AIE/AIEBaseFrameLowering.h:90:16: warning: ‘virtual void llvm::AIEBaseFrameLowering::adjustReg(llvm::MachineBasicBlock&, llvm::MachineBasicBlock::iterator, const llvm::DebugLoc&, unsigned int, int64_t, llvm::MachineInstr::MIFlag) const’ was hidden [-Woverloaded-virtual=]
   90 |   virtual void adjustReg(MachineBasicBlock &MBB,
      |                ^~~~~~~~~
In file included from /home/jtuyls/iree-ai/llvm-aie-port/amd/aie/llvm/lib/Target/AIE/aie1/AIE1Subtarget.h:19,
                 from /home/jtuyls/iree-ai/llvm-aie-port/amd/aie/llvm/lib/Target/AIE/aie1/AIE1TargetMachine.h:20,
                 from /home/jtuyls/iree-ai/llvm-aie-port/amd/aie/llvm/lib/Target/AIE/AIEBaseTargetMachine.cpp:25:
/home/jtuyls/iree-ai/llvm-aie-port/amd/aie/llvm/lib/Target/AIE/aie1/AIE1FrameLowering.h:29:15: note:   by ‘static void llvm::AIEFrameLowering::adjustReg(const llvm::TargetInstrInfo*, llvm::MachineBasicBlock&, llvm::MachineBasicBlock::iterator, const llvm::DebugLoc&, unsigned int, int64_t, llvm::MachineInstr::MIFlag)’
   29 |   static void adjustReg(const TargetInstrInfo *TII, MachineBasicBlock &MBB,
      |               ^~~~~~~~~
/home/jtuyls/iree-ai/llvm-aie-port/amd/aie/llvm/lib/Target/AIE/AIEBaseTargetMachine.cpp: In member function ‘virtual void llvm::AIEBasePassConfig::addPreSched2()’:
/home/jtuyls/iree-ai/llvm-aie-port/amd/aie/llvm/lib/Target/AIE/AIEBaseTargetMachine.cpp:399:12: error: ‘FinalizeMachineBundlesID’ was not declared in this scope
  399 |   addPass(&FinalizeMachineBundlesID);
      |            ^~~~~~~~~~~~~~~~~~~~~~~~
[200/305] Building CXX object lib/Target/AIE/CMakeFiles/LLVMAIECodeGen.dir/AIEMachineAlignment.cpp.o
[201/305] Building CXX object lib/Target/AIE/CMakeFiles/LLVMAIECodeGen.dir/AIESplitInstructionRewriter.cpp.o
FAILED: lib/Target/AIE/CMakeFiles/LLVMAIECodeGen.dir/AIESplitInstructionRewriter.cpp.o 
CCACHE_CPP2=yes CCACHE_HASHDIR=yes CCACHE_SLOPPINESS=pch_defines,time_macros /usr/bin/ccache /usr/bin/g++ -D_DEBUG -D_GLIBCXX_ASSERTIONS -D_GLIBCXX_USE_CXX11_ABI=1 -D_GNU_SOURCE -D_LIBCPP_HARDENING_MODE=_LIBCPP_HARDENING_MODE_EXTENSIVE -D__STDC_CONSTANT_MACROS -D__STDC_FORMAT_MACROS -D__STDC_LIMIT_MACROS -I/home/jtuyls/iree-ai/llvm-aie-port/build/lib/Target/AIE -I/home/jtuyls/iree-ai/llvm-aie-port/amd/aie/llvm/lib/Target/AIE -I/home/jtuyls/iree-ai/llvm-aie-port/build/include -I/home/jtuyls/iree-ai/llvm-aie-port/llvm/include -I/home/jtuyls/iree-ai/llvm-aie-port/amd/aie/llvm/include -fPIC -fno-semantic-interposition -fvisibility-inlines-hidden -Werror=date-time -Wall -Wextra -Wno-unused-parameter -Wwrite-strings -Wcast-qual -Wno-missing-field-initializers -pedantic -Wno-long-long -Wimplicit-fallthrough -Wno-uninitialized -Wno-nonnull -Wno-class-memaccess -Wno-dangling-reference -Wno-redundant-move -Wno-pessimizing-move -Wno-array-bounds -Wno-stringop-overread -Wno-dangling-pointer -Wno-noexcept-type -Wdelete-non-virtual-dtor -Wsuggest-override -Wno-comment -Wno-misleading-indentation -Wctad-maybe-unsupported -fdiagnostics-color -ffunction-sections -fdata-sections -O3 -DNDEBUG -std=c++17 -fvisibility=hidden -UNDEBUG -fno-exceptions -funwind-tables -fno-rtti -MD -MT lib/Target/AIE/CMakeFiles/LLVMAIECodeGen.dir/AIESplitInstructionRewriter.cpp.o -MF lib/Target/AIE/CMakeFiles/LLVMAIECodeGen.dir/AIESplitInstructionRewriter.cpp.o.d -o lib/Target/AIE/CMakeFiles/LLVMAIECodeGen.dir/AIESplitInstructionRewriter.cpp.o -c /home/jtuyls/iree-ai/llvm-aie-port/amd/aie/llvm/lib/Target/AIE/AIESplitInstructionRewriter.cpp
/home/jtuyls/iree-ai/llvm-aie-port/amd/aie/llvm/lib/Target/AIE/AIESplitInstructionRewriter.cpp: In member function ‘void {anonymous}::AIESplitInstrReplacer::rewriteInstruction(const llvm::TiedRegOperands&, llvm::MachineInstr&, unsigned int)’:
/home/jtuyls/iree-ai/llvm-aie-port/amd/aie/llvm/lib/Target/AIE/AIESplitInstructionRewriter.cpp:267:27: error: no matching function for call to ‘llvm::TargetInstrInfo::getRegClass(const llvm::MCInstrDesc&, unsigned int&, const llvm::TargetRegisterInfo*&, llvm::MachineFunction&) const’
  267 |           TII->getRegClass(TII->get(OpcodeWithTuple), TupleOpIdx, TRI, MF);
      |           ~~~~~~~~~~~~~~~~^~~~~~~~~~~~~~~~~~~~~~~~~~~~~~~~~~~~~~~~~~~~~~~~
In file included from /home/jtuyls/iree-ai/llvm-aie-port/amd/aie/llvm/lib/Target/AIE/AIEBaseInstrInfo.h:26,
                 from /home/jtuyls/iree-ai/llvm-aie-port/amd/aie/llvm/lib/Target/AIE/AIESplitInstructionRewriter.cpp:11:
/home/jtuyls/iree-ai/llvm-aie-port/llvm/include/llvm/CodeGen/TargetInstrInfo.h:164:38: note: candidate: ‘virtual const llvm::TargetRegisterClass* llvm::TargetInstrInfo::getRegClass(const llvm::MCInstrDesc&, unsigned int) const’
  164 |   virtual const TargetRegisterClass *getRegClass(const MCInstrDesc &MCID,
      |                                      ^~~~~~~~~~~
/home/jtuyls/iree-ai/llvm-aie-port/llvm/include/llvm/CodeGen/TargetInstrInfo.h:164:38: note:   candidate expects 2 arguments, 4 provided
[202/305] Building CXX object lib/Target/AIE/CMakeFiles/LLVMAIECodeGen.dir/AIESubRegConstrainer.cpp.o
FAILED: lib/Target/AIE/CMakeFiles/LLVMAIECodeGen.dir/AIESubRegConstrainer.cpp.o 
CCACHE_CPP2=yes CCACHE_HASHDIR=yes CCACHE_SLOPPINESS=pch_defines,time_macros /usr/bin/ccache /usr/bin/g++ -D_DEBUG -D_GLIBCXX_ASSERTIONS -D_GLIBCXX_USE_CXX11_ABI=1 -D_GNU_SOURCE -D_LIBCPP_HARDENING_MODE=_LIBCPP_HARDENING_MODE_EXTENSIVE -D__STDC_CONSTANT_MACROS -D__STDC_FORMAT_MACROS -D__STDC_LIMIT_MACROS -I/home/jtuyls/iree-ai/llvm-aie-port/build/lib/Target/AIE -I/home/jtuyls/iree-ai/llvm-aie-port/amd/aie/llvm/lib/Target/AIE -I/home/jtuyls/iree-ai/llvm-aie-port/build/include -I/home/jtuyls/iree-ai/llvm-aie-port/llvm/include -I/home/jtuyls/iree-ai/llvm-aie-port/amd/aie/llvm/include -fPIC -fno-semantic-interposition -fvisibility-inlines-hidden -Werror=date-time -Wall -Wextra -Wno-unused-parameter -Wwrite-strings -Wcast-qual -Wno-missing-field-initializers -pedantic -Wno-long-long -Wimplicit-fallthrough -Wno-uninitialized -Wno-nonnull -Wno-class-memaccess -Wno-dangling-reference -Wno-redundant-move -Wno-pessimizing-move -Wno-array-bounds -Wno-stringop-overread -Wno-dangling-pointer -Wno-noexcept-type -Wdelete-non-virtual-dtor -Wsuggest-override -Wno-comment -Wno-misleading-indentation -Wctad-maybe-unsupported -fdiagnostics-color -ffunction-sections -fdata-sections -O3 -DNDEBUG -std=c++17 -fvisibility=hidden -UNDEBUG -fno-exceptions -funwind-tables -fno-rtti -MD -MT lib/Target/AIE/CMakeFiles/LLVMAIECodeGen.dir/AIESubRegConstrainer.cpp.o -MF lib/Target/AIE/CMakeFiles/LLVMAIECodeGen.dir/AIESubRegConstrainer.cpp.o.d -o lib/Target/AIE/CMakeFiles/LLVMAIECodeGen.dir/AIESubRegConstrainer.cpp.o -c /home/jtuyls/iree-ai/llvm-aie-port/amd/aie/llvm/lib/Target/AIE/AIESubRegConstrainer.cpp
/home/jtuyls/iree-ai/llvm-aie-port/amd/aie/llvm/lib/Target/AIE/AIESubRegConstrainer.cpp: In member function ‘void {anonymous}::AIESubRegConstrainer::processTiedOperands(const llvm::TiedRegOperands&, llvm::MachineInstr&)’:
/home/jtuyls/iree-ai/llvm-aie-port/amd/aie/llvm/lib/Target/AIE/AIESubRegConstrainer.cpp:163:55: error: operands to ‘?:’ have different types ‘llvm::RegState’ and ‘int’
  163 |                  MI.getOperand(SrcOp.OpIdx).isUndef() ? RegState::Undef : 0,
      |                  ~~~~~~~~~~~~~~~~~~~~~~~~~~~~~~~~~~~~~^~~~~~~~~~~~~~~~~~~~~
[203/305] Building CXX object lib/Target/AIE/CMakeFiles/LLVMAIECodeGen.dir/AIESpillSlotOptimization.cpp.o
FAILED: lib/Target/AIE/CMakeFiles/LLVMAIECodeGen.dir/AIESpillSlotOptimization.cpp.o 
CCACHE_CPP2=yes CCACHE_HASHDIR=yes CCACHE_SLOPPINESS=pch_defines,time_macros /usr/bin/ccache /usr/bin/g++ -D_DEBUG -D_GLIBCXX_ASSERTIONS -D_GLIBCXX_USE_CXX11_ABI=1 -D_GNU_SOURCE -D_LIBCPP_HARDENING_MODE=_LIBCPP_HARDENING_MODE_EXTENSIVE -D__STDC_CONSTANT_MACROS -D__STDC_FORMAT_MACROS -D__STDC_LIMIT_MACROS -I/home/jtuyls/iree-ai/llvm-aie-port/build/lib/Target/AIE -I/home/jtuyls/iree-ai/llvm-aie-port/amd/aie/llvm/lib/Target/AIE -I/home/jtuyls/iree-ai/llvm-aie-port/build/include -I/home/jtuyls/iree-ai/llvm-aie-port/llvm/include -I/home/jtuyls/iree-ai/llvm-aie-port/amd/aie/llvm/include -fPIC -fno-semantic-interposition -fvisibility-inlines-hidden -Werror=date-time -Wall -Wextra -Wno-unused-parameter -Wwrite-strings -Wcast-qual -Wno-missing-field-initializers -pedantic -Wno-long-long -Wimplicit-fallthrough -Wno-uninitialized -Wno-nonnull -Wno-class-memaccess -Wno-dangling-reference -Wno-redundant-move -Wno-pessimizing-move -Wno-array-bounds -Wno-stringop-overread -Wno-dangling-pointer -Wno-noexcept-type -Wdelete-non-virtual-dtor -Wsuggest-override -Wno-comment -Wno-misleading-indentation -Wctad-maybe-unsupported -fdiagnostics-color -ffunction-sections -fdata-sections -O3 -DNDEBUG -std=c++17 -fvisibility=hidden -UNDEBUG -fno-exceptions -funwind-tables -fno-rtti -MD -MT lib/Target/AIE/CMakeFiles/LLVMAIECodeGen.dir/AIESpillSlotOptimization.cpp.o -MF lib/Target/AIE/CMakeFiles/LLVMAIECodeGen.dir/AIESpillSlotOptimization.cpp.o.d -o lib/Target/AIE/CMakeFiles/LLVMAIECodeGen.dir/AIESpillSlotOptimization.cpp.o -c /home/jtuyls/iree-ai/llvm-aie-port/amd/aie/llvm/lib/Target/AIE/AIESpillSlotOptimization.cpp
/home/jtuyls/iree-ai/llvm-aie-port/amd/aie/llvm/lib/Target/AIE/AIESpillSlotOptimization.cpp: In constructor ‘{anonymous}::SpillPoint::SpillPoint(llvm::MachineInstr&, int, uint64_t, const llvm::LivePhysRegs&, const llvm::AIEBaseInstrInfo&, const llvm::MachineRegisterInfo&)’:
/home/jtuyls/iree-ai/llvm-aie-port/amd/aie/llvm/lib/Target/AIE/AIESpillSlotOptimization.cpp:308:27: error: cannot convert ‘llvm::RegState’ to ‘unsigned int’ in initialization
  308 |       RegFlags(getRegState(MI.getOperand(0))) {
      |                ~~~~~~~~~~~^~~~~~~~~~~~~~~~~~
      |                           |
      |                           llvm::RegState
/home/jtuyls/iree-ai/llvm-aie-port/amd/aie/llvm/lib/Target/AIE/AIESpillSlotOptimization.cpp: In member function ‘void {anonymous}::AIESpillSlotOptimization::emitSubRegAccess(const {anonymous}::SpillPoint&, const {anonymous}::SubRegInfo&, const {anonymous}::ReplacementSlot&) const’:
/home/jtuyls/iree-ai/llvm-aie-port/amd/aie/llvm/lib/Target/AIE/AIESpillSlotOptimization.cpp:434:35: error: no match for ‘operator&’ (operand types are ‘const unsigned int’ and ‘llvm::RegState’)
  434 |   const bool IsKill = SP.RegFlags & RegState::Kill;
      |                       ~~~~~~~~~~~ ^ ~~~~~~~~~~~~~~
      |                          |                    |
      |                          const unsigned int   llvm::RegState
/home/jtuyls/iree-ai/llvm-aie-port/amd/aie/llvm/lib/Target/AIE/AIESpillSlotOptimization.cpp:447:40: error: no match for ‘operator&’ (operand types are ‘const unsigned int’ and ‘llvm::RegState’)
  447 |   const bool IsRenamable = SP.RegFlags & RegState::Renamable;
      |                            ~~~~~~~~~~~ ^ ~~~~~~~~~~~~~~~~~~~
      |                               |                    |
      |                               const unsigned int   llvm::RegState
[204/305] Building CXX object lib/Target/AIE/CMakeFiles/LLVMAIECodeGen.dir/AIESuperRegRewriter.cpp.o
[205/305] Building CXX object lib/Target/AIE/CMakeFiles/LLVMAIECodeGen.dir/AIEMultiSlotInstrMaterializer.cpp.o
[206/305] Building CXX object lib/Target/AIE/CMakeFiles/LLVMAIECodeGen.dir/AIESuperRegUtils.cpp.o
FAILED: lib/Target/AIE/CMakeFiles/LLVMAIECodeGen.dir/AIESuperRegUtils.cpp.o 
CCACHE_CPP2=yes CCACHE_HASHDIR=yes CCACHE_SLOPPINESS=pch_defines,time_macros /usr/bin/ccache /usr/bin/g++ -D_DEBUG -D_GLIBCXX_ASSERTIONS -D_GLIBCXX_USE_CXX11_ABI=1 -D_GNU_SOURCE -D_LIBCPP_HARDENING_MODE=_LIBCPP_HARDENING_MODE_EXTENSIVE -D__STDC_CONSTANT_MACROS -D__STDC_FORMAT_MACROS -D__STDC_LIMIT_MACROS -I/home/jtuyls/iree-ai/llvm-aie-port/build/lib/Target/AIE -I/home/jtuyls/iree-ai/llvm-aie-port/amd/aie/llvm/lib/Target/AIE -I/home/jtuyls/iree-ai/llvm-aie-port/build/include -I/home/jtuyls/iree-ai/llvm-aie-port/llvm/include -I/home/jtuyls/iree-ai/llvm-aie-port/amd/aie/llvm/include -fPIC -fno-semantic-interposition -fvisibility-inlines-hidden -Werror=date-time -Wall -Wextra -Wno-unused-parameter -Wwrite-strings -Wcast-qual -Wno-missing-field-initializers -pedantic -Wno-long-long -Wimplicit-fallthrough -Wno-uninitialized -Wno-nonnull -Wno-class-memaccess -Wno-dangling-reference -Wno-redundant-move -Wno-pessimizing-move -Wno-array-bounds -Wno-stringop-overread -Wno-dangling-pointer -Wno-noexcept-type -Wdelete-non-virtual-dtor -Wsuggest-override -Wno-comment -Wno-misleading-indentation -Wctad-maybe-unsupported -fdiagnostics-color -ffunction-sections -fdata-sections -O3 -DNDEBUG -std=c++17 -fvisibility=hidden -UNDEBUG -fno-exceptions -funwind-tables -fno-rtti -MD -MT lib/Target/AIE/CMakeFiles/LLVMAIECodeGen.dir/AIESuperRegUtils.cpp.o -MF lib/Target/AIE/CMakeFiles/LLVMAIECodeGen.dir/AIESuperRegUtils.cpp.o.d -o lib/Target/AIE/CMakeFiles/LLVMAIECodeGen.dir/AIESuperRegUtils.cpp.o -c /home/jtuyls/iree-ai/llvm-aie-port/amd/aie/llvm/lib/Target/AIE/AIESuperRegUtils.cpp
/home/jtuyls/iree-ai/llvm-aie-port/amd/aie/llvm/lib/Target/AIE/AIESuperRegUtils.cpp: In function ‘void llvm::AIESuperRegUtils::rewriteFullCopy(llvm::MachineInstr&, llvm::LiveIntervals&, const llvm::TargetInstrInfo&, const llvm::AIEBaseRegisterInfo&, llvm::VirtRegMap&, llvm::LiveRegMatrix&)’:
/home/jtuyls/iree-ai/llvm-aie-port/amd/aie/llvm/lib/Target/AIE/AIESuperRegUtils.cpp:114:40: error: cannot convert ‘llvm::RegState’ to ‘unsigned int’ in initialization
  114 |   unsigned AdditionalFlags = RegState::Undef;
      |                              ~~~~~~~~~~^~~~~
      |                                        |
      |                                        llvm::RegState
/home/jtuyls/iree-ai/llvm-aie-port/amd/aie/llvm/lib/Target/AIE/AIESuperRegUtils.cpp:126:46: error: no match for ‘operator|’ (operand types are ‘llvm::RegState’ and ‘unsigned int’)
  126 |             .addReg(DstReg, RegState::Define | AdditionalFlags, SubRegIdx)
      |                             ~~~~~~~~~~~~~~~~ ^ ~~~~~~~~~~~~~~~
      |                                       |        |
      |                                       |        unsigned int
      |                                       llvm::RegState
/home/jtuyls/iree-ai/llvm-aie-port/amd/aie/llvm/lib/Target/AIE/AIESuperRegUtils.cpp: In function ‘void llvm::AIESuperRegUtils::rewriteOperandsToSubRegs(llvm::Register, llvm::SmallMapVector<int, llvm::Register, 8>&, llvm::MachineRegisterInfo&, const llvm::AIEBaseRegisterInfo&, const llvm::TargetInstrInfo&, llvm::VirtRegMap&)’:
/home/jtuyls/iree-ai/llvm-aie-port/amd/aie/llvm/lib/Target/AIE/AIESuperRegUtils.cpp:237:54: error: no matching function for call to ‘llvm::TargetInstrInfo::getRegClass(const llvm::MCInstrDesc&, unsigned int, const llvm::AIEBaseRegisterInfo*, llvm::MachineFunction&) const’
  237 |     const TargetRegisterClass *OpRC = TII.getRegClass(
      |                                       ~~~~~~~~~~~~~~~^
  238 |         RegOp.getParent()->getDesc(), RegOp.getParent()->getOperandNo(&RegOp),
      |         ~~~~~~~~~~~~~~~~~~~~~~~~~~~~~~~~~~~~~~~~~~~~~~~~~~~~~~~~~~~~~~~~~~~~~~
  239 |         &TRI, VRM.getMachineFunction());
      |         ~~~~~~~~~~~~~~~~~~~~~~~~~~~~~~~               
In file included from /home/jtuyls/iree-ai/llvm-aie-port/amd/aie/llvm/lib/Target/AIE/AIEBaseInstrInfo.h:26,
                 from /home/jtuyls/iree-ai/llvm-aie-port/amd/aie/llvm/lib/Target/AIE/AIESuperRegUtils.cpp:11:
/home/jtuyls/iree-ai/llvm-aie-port/llvm/include/llvm/CodeGen/TargetInstrInfo.h:164:38: note: candidate: ‘virtual const llvm::TargetRegisterClass* llvm::TargetInstrInfo::getRegClass(const llvm::MCInstrDesc&, unsigned int) const’
  164 |   virtual const TargetRegisterClass *getRegClass(const MCInstrDesc &MCID,
      |                                      ^~~~~~~~~~~
/home/jtuyls/iree-ai/llvm-aie-port/llvm/include/llvm/CodeGen/TargetInstrInfo.h:164:38: note:   candidate expects 2 arguments, 4 provided
/home/jtuyls/iree-ai/llvm-aie-port/amd/aie/llvm/lib/Target/AIE/AIESuperRegUtils.cpp: In function ‘void llvm::AIESuperRegUtils::splitAndAssignSubPhysRegs(llvm::SmallMapVector<int, llvm::Register, 8>&, std::optional<llvm::Register>, const llvm::AIEBaseRegisterInfo&, llvm::VirtRegMap&, llvm::LiveRegMatrix&, llvm::LiveIntervals&)’:
/home/jtuyls/iree-ai/llvm-aie-port/amd/aie/llvm/lib/Target/AIE/AIESuperRegUtils.cpp:338:11: error: ‘class llvm::VirtRegMap’ has no member named ‘setRequiredPhys’
  338 |       VRM.setRequiredPhys(LI->reg(), SubPhysReg);
      |           ^~~~~~~~~~~~~~~
/home/jtuyls/iree-ai/llvm-aie-port/amd/aie/llvm/lib/Target/AIE/AIESuperRegUtils.cpp: In function ‘void llvm::AIESuperRegUtils::clearStaleSplitFromMappings(const llvm::SmallSet<llvm::Register, 8>&, llvm::MachineFunction&, llvm::MachineRegisterInfo&, llvm::VirtRegMap&)’:
/home/jtuyls/iree-ai/llvm-aie-port/amd/aie/llvm/lib/Target/AIE/AIESuperRegUtils.cpp:440:9: error: ‘class llvm::VirtRegMap’ has no member named ‘clearSplitFromReg’; did you mean ‘setIsSplitFromReg’?
  440 |     VRM.clearSplitFromReg(V);
      |         ^~~~~~~~~~~~~~~~~
      |         setIsSplitFromReg
[207/305] Building CXX object lib/Target/AIE/CMakeFiles/LLVMAIECodeGen.dir/AIEMaxLatencyFinder.cpp.o
[208/305] Building CXX object lib/Target/AIE/CMakeFiles/LLVMAIECodeGen.dir/AIERegMemEventTracker.cpp.o
[209/305] Building CXX object lib/Target/AIE/CMakeFiles/LLVMAIECodeGen.dir/AIEPostPipeliner.cpp.o
FAILED: lib/Target/AIE/CMakeFiles/LLVMAIECodeGen.dir/AIEPostPipeliner.cpp.o 
CCACHE_CPP2=yes CCACHE_HASHDIR=yes CCACHE_SLOPPINESS=pch_defines,time_macros /usr/bin/ccache /usr/bin/g++ -D_DEBUG -D_GLIBCXX_ASSERTIONS -D_GLIBCXX_USE_CXX11_ABI=1 -D_GNU_SOURCE -D_LIBCPP_HARDENING_MODE=_LIBCPP_HARDENING_MODE_EXTENSIVE -D__STDC_CONSTANT_MACROS -D__STDC_FORMAT_MACROS -D__STDC_LIMIT_MACROS -I/home/jtuyls/iree-ai/llvm-aie-port/build/lib/Target/AIE -I/home/jtuyls/iree-ai/llvm-aie-port/amd/aie/llvm/lib/Target/AIE -I/home/jtuyls/iree-ai/llvm-aie-port/build/include -I/home/jtuyls/iree-ai/llvm-aie-port/llvm/include -I/home/jtuyls/iree-ai/llvm-aie-port/amd/aie/llvm/include -fPIC -fno-semantic-interposition -fvisibility-inlines-hidden -Werror=date-time -Wall -Wextra -Wno-unused-parameter -Wwrite-strings -Wcast-qual -Wno-missing-field-initializers -pedantic -Wno-long-long -Wimplicit-fallthrough -Wno-uninitialized -Wno-nonnull -Wno-class-memaccess -Wno-dangling-reference -Wno-redundant-move -Wno-pessimizing-move -Wno-array-bounds -Wno-stringop-overread -Wno-dangling-pointer -Wno-noexcept-type -Wdelete-non-virtual-dtor -Wsuggest-override -Wno-comment -Wno-misleading-indentation -Wctad-maybe-unsupported -fdiagnostics-color -ffunction-sections -fdata-sections -O3 -DNDEBUG -std=c++17 -fvisibility=hidden -UNDEBUG -fno-exceptions -funwind-tables -fno-rtti -MD -MT lib/Target/AIE/CMakeFiles/LLVMAIECodeGen.dir/AIEPostPipeliner.cpp.o -MF lib/Target/AIE/CMakeFiles/LLVMAIECodeGen.dir/AIEPostPipeliner.cpp.o.d -o lib/Target/AIE/CMakeFiles/LLVMAIECodeGen.dir/AIEPostPipeliner.cpp.o -c /home/jtuyls/iree-ai/llvm-aie-port/amd/aie/llvm/lib/Target/AIE/AIEPostPipeliner.cpp
/home/jtuyls/iree-ai/llvm-aie-port/amd/aie/llvm/lib/Target/AIE/AIEPostPipeliner.cpp: In member function ‘bool llvm::AIE::PostPipeliner::isPostPipelineCandidate(llvm::MachineBasicBlock&)’:
/home/jtuyls/iree-ai/llvm-aie-port/amd/aie/llvm/lib/Target/AIE/AIEPostPipeliner.cpp:169:35: error: ‘getInitiationInterval’ was not declared in this scope; did you mean ‘ParsedInitiationInterval’?
  169 |   auto ParsedInitiationInterval = getInitiationInterval(getLoopID(LoopBlock));
      |                                   ^~~~~~~~~~~~~~~~~~~~~
      |                                   ParsedInitiationInterval
/home/jtuyls/iree-ai/llvm-aie-port/amd/aie/llvm/lib/Target/AIE/AIEPostPipeliner.cpp: In function ‘std::string llvm::AIE::{anonymous}::edgeAttributes(const llvm::SDep&, const llvm::TargetRegisterInfo*)’:
/home/jtuyls/iree-ai/llvm-aie-port/amd/aie/llvm/lib/Target/AIE/AIEPostPipeliner.cpp:651:41: error: ‘virtReg2Index’ is not a member of ‘llvm::Register’
  651 |       Label += std::to_string(Register::virtReg2Index(Reg));
      |                                         ^~~~~~~~~~~~~
[210/305] Building CXX object lib/Target/AIE/CMakeFiles/LLVMAIECodeGen.dir/AIEPtrModOptimizer.cpp.o
[211/305] Building CXX object lib/Target/AIE/CMakeFiles/LLVMAIECodeGen.dir/AIETargetObjectFile.cpp.o
FAILED: lib/Target/AIE/CMakeFiles/LLVMAIECodeGen.dir/AIETargetObjectFile.cpp.o 
CCACHE_CPP2=yes CCACHE_HASHDIR=yes CCACHE_SLOPPINESS=pch_defines,time_macros /usr/bin/ccache /usr/bin/g++ -D_DEBUG -D_GLIBCXX_ASSERTIONS -D_GLIBCXX_USE_CXX11_ABI=1 -D_GNU_SOURCE -D_LIBCPP_HARDENING_MODE=_LIBCPP_HARDENING_MODE_EXTENSIVE -D__STDC_CONSTANT_MACROS -D__STDC_FORMAT_MACROS -D__STDC_LIMIT_MACROS -I/home/jtuyls/iree-ai/llvm-aie-port/build/lib/Target/AIE -I/home/jtuyls/iree-ai/llvm-aie-port/amd/aie/llvm/lib/Target/AIE -I/home/jtuyls/iree-ai/llvm-aie-port/build/include -I/home/jtuyls/iree-ai/llvm-aie-port/llvm/include -I/home/jtuyls/iree-ai/llvm-aie-port/amd/aie/llvm/include -fPIC -fno-semantic-interposition -fvisibility-inlines-hidden -Werror=date-time -Wall -Wextra -Wno-unused-parameter -Wwrite-strings -Wcast-qual -Wno-missing-field-initializers -pedantic -Wno-long-long -Wimplicit-fallthrough -Wno-uninitialized -Wno-nonnull -Wno-class-memaccess -Wno-dangling-reference -Wno-redundant-move -Wno-pessimizing-move -Wno-array-bounds -Wno-stringop-overread -Wno-dangling-pointer -Wno-noexcept-type -Wdelete-non-virtual-dtor -Wsuggest-override -Wno-comment -Wno-misleading-indentation -Wctad-maybe-unsupported -fdiagnostics-color -ffunction-sections -fdata-sections -O3 -DNDEBUG -std=c++17 -fvisibility=hidden -UNDEBUG -fno-exceptions -funwind-tables -fno-rtti -MD -MT lib/Target/AIE/CMakeFiles/LLVMAIECodeGen.dir/AIETargetObjectFile.cpp.o -MF lib/Target/AIE/CMakeFiles/LLVMAIECodeGen.dir/AIETargetObjectFile.cpp.o.d -o lib/Target/AIE/CMakeFiles/LLVMAIECodeGen.dir/AIETargetObjectFile.cpp.o -c /home/jtuyls/iree-ai/llvm-aie-port/amd/aie/llvm/lib/Target/AIE/AIETargetObjectFile.cpp
In file included from /home/jtuyls/iree-ai/llvm-aie-port/amd/aie/llvm/lib/Target/AIE/aie1/AIE1FrameLowering.h:18,
                 from /home/jtuyls/iree-ai/llvm-aie-port/amd/aie/llvm/lib/Target/AIE/aie1/AIE1Subtarget.h:19,
                 from /home/jtuyls/iree-ai/llvm-aie-port/amd/aie/llvm/lib/Target/AIE/aie1/AIE1TargetMachine.h:20,
                 from /home/jtuyls/iree-ai/llvm-aie-port/amd/aie/llvm/lib/Target/AIE/AIETargetObjectFile.cpp:12:
/home/jtuyls/iree-ai/llvm-aie-port/amd/aie/llvm/lib/Target/AIE/AIEBaseFrameLowering.h:90:16: warning: ‘virtual void llvm::AIEBaseFrameLowering::adjustReg(llvm::MachineBasicBlock&, llvm::MachineBasicBlock::iterator, const llvm::DebugLoc&, unsigned int, int64_t, llvm::MachineInstr::MIFlag) const’ was hidden [-Woverloaded-virtual=]
   90 |   virtual void adjustReg(MachineBasicBlock &MBB,
      |                ^~~~~~~~~
/home/jtuyls/iree-ai/llvm-aie-port/amd/aie/llvm/lib/Target/AIE/aie1/AIE1FrameLowering.h:29:15: note:   by ‘static void llvm::AIEFrameLowering::adjustReg(const llvm::TargetInstrInfo*, llvm::MachineBasicBlock&, llvm::MachineBasicBlock::iterator, const llvm::DebugLoc&, unsigned int, int64_t, llvm::MachineInstr::MIFlag)’
   29 |   static void adjustReg(const TargetInstrInfo *TII, MachineBasicBlock &MBB,
      |               ^~~~~~~~~
/home/jtuyls/iree-ai/llvm-aie-port/amd/aie/llvm/lib/Target/AIE/AIETargetObjectFile.cpp: In function ‘llvm::MCSection* getDataSectionWithAlign(const llvm::GlobalObject&, llvm::MCContext&)’:
/home/jtuyls/iree-ai/llvm-aie-port/amd/aie/llvm/lib/Target/AIE/AIETargetObjectFile.cpp:37:34: error: ‘const class llvm::GlobalObject’ has no member named ‘getAlignment’; did you mean ‘setAlignment’?
   37 |   auto Align = std::to_string(GO.getAlignment());
      |                                  ^~~~~~~~~~~~
      |                                  setAlignment
/home/jtuyls/iree-ai/llvm-aie-port/amd/aie/llvm/lib/Target/AIE/AIETargetObjectFile.cpp: In function ‘llvm::MCSection* getBssSectionWithAlign(const llvm::GlobalObject&, llvm::MCContext&)’:
/home/jtuyls/iree-ai/llvm-aie-port/amd/aie/llvm/lib/Target/AIE/AIETargetObjectFile.cpp:44:34: error: ‘const class llvm::GlobalObject’ has no member named ‘getAlignment’; did you mean ‘setAlignment’?
   44 |   auto Align = std::to_string(GO.getAlignment());
      |                                  ^~~~~~~~~~~~
      |                                  setAlignment
[212/305] Building CXX object lib/Target/AIE/CMakeFiles/LLVMAIECodeGen.dir/AIE2FrameLowering.cpp.o
[213/305] Building CXX object lib/Target/AIE/CMakeFiles/LLVMAIECodeGen.dir/AIEPostSelectOptimize.cpp.o
[214/305] Building CXX object lib/Target/AIE/CMakeFiles/LLVMAIECodeGen.dir/AIE2AsmPrinter.cpp.o
[215/305] Building CXX object lib/Target/AIE/CMakeFiles/LLVMAIECodeGen.dir/AIE2ISelLowering.cpp.o
[216/305] Building CXX object lib/Target/AIE/CMakeFiles/LLVMAIECodeGen.dir/ReservedRegsLICM.cpp.o
FAILED: lib/Target/AIE/CMakeFiles/LLVMAIECodeGen.dir/ReservedRegsLICM.cpp.o 
CCACHE_CPP2=yes CCACHE_HASHDIR=yes CCACHE_SLOPPINESS=pch_defines,time_macros /usr/bin/ccache /usr/bin/g++ -D_DEBUG -D_GLIBCXX_ASSERTIONS -D_GLIBCXX_USE_CXX11_ABI=1 -D_GNU_SOURCE -D_LIBCPP_HARDENING_MODE=_LIBCPP_HARDENING_MODE_EXTENSIVE -D__STDC_CONSTANT_MACROS -D__STDC_FORMAT_MACROS -D__STDC_LIMIT_MACROS -I/home/jtuyls/iree-ai/llvm-aie-port/build/lib/Target/AIE -I/home/jtuyls/iree-ai/llvm-aie-port/amd/aie/llvm/lib/Target/AIE -I/home/jtuyls/iree-ai/llvm-aie-port/build/include -I/home/jtuyls/iree-ai/llvm-aie-port/llvm/include -I/home/jtuyls/iree-ai/llvm-aie-port/amd/aie/llvm/include -fPIC -fno-semantic-interposition -fvisibility-inlines-hidden -Werror=date-time -Wall -Wextra -Wno-unused-parameter -Wwrite-strings -Wcast-qual -Wno-missing-field-initializers -pedantic -Wno-long-long -Wimplicit-fallthrough -Wno-uninitialized -Wno-nonnull -Wno-class-memaccess -Wno-dangling-reference -Wno-redundant-move -Wno-pessimizing-move -Wno-array-bounds -Wno-stringop-overread -Wno-dangling-pointer -Wno-noexcept-type -Wdelete-non-virtual-dtor -Wsuggest-override -Wno-comment -Wno-misleading-indentation -Wctad-maybe-unsupported -fdiagnostics-color -ffunction-sections -fdata-sections -O3 -DNDEBUG -std=c++17 -fvisibility=hidden -UNDEBUG -fno-exceptions -funwind-tables -fno-rtti -MD -MT lib/Target/AIE/CMakeFiles/LLVMAIECodeGen.dir/ReservedRegsLICM.cpp.o -MF lib/Target/AIE/CMakeFiles/LLVMAIECodeGen.dir/ReservedRegsLICM.cpp.o.d -o lib/Target/AIE/CMakeFiles/LLVMAIECodeGen.dir/ReservedRegsLICM.cpp.o -c /home/jtuyls/iree-ai/llvm-aie-port/amd/aie/llvm/lib/Target/AIE/ReservedRegsLICM.cpp
/home/jtuyls/iree-ai/llvm-aie-port/amd/aie/llvm/lib/Target/AIE/ReservedRegsLICM.cpp: In member function ‘llvm::BitVector {anonymous}::ReservedRegsLICM::collectLoopReservedLiveins(const llvm::MachineLoop&)’:
/home/jtuyls/iree-ai/llvm-aie-port/amd/aie/llvm/lib/Target/AIE/ReservedRegsLICM.cpp:216:14: error: ‘class llvm::MachineRegisterInfo’ has no member named ‘canSimplifyPhysReg’
  216 |     if (MRI->canSimplifyPhysReg(PhysReg)) {
      |              ^~~~~~~~~~~~~~~~~~
[217/305] Building CXX object lib/Target/AIE/CMakeFiles/LLVMAIECodeGen.dir/AIE2RegisterBankInfo.cpp.o
[218/305] Building CXX object lib/Target/AIE/CMakeFiles/LLVMAIECodeGen.dir/AIEPostLegalizerCustomCombiner.cpp.o
[219/305] Building CXX object lib/Target/AIE/CMakeFiles/LLVMAIECodeGen.dir/AIE2PostLegalizerGenericCombiner.cpp.o
FAILED: lib/Target/AIE/CMakeFiles/LLVMAIECodeGen.dir/AIE2PostLegalizerGenericCombiner.cpp.o 
CCACHE_CPP2=yes CCACHE_HASHDIR=yes CCACHE_SLOPPINESS=pch_defines,time_macros /usr/bin/ccache /usr/bin/g++ -D_DEBUG -D_GLIBCXX_ASSERTIONS -D_GLIBCXX_USE_CXX11_ABI=1 -D_GNU_SOURCE -D_LIBCPP_HARDENING_MODE=_LIBCPP_HARDENING_MODE_EXTENSIVE -D__STDC_CONSTANT_MACROS -D__STDC_FORMAT_MACROS -D__STDC_LIMIT_MACROS -I/home/jtuyls/iree-ai/llvm-aie-port/build/lib/Target/AIE -I/home/jtuyls/iree-ai/llvm-aie-port/amd/aie/llvm/lib/Target/AIE -I/home/jtuyls/iree-ai/llvm-aie-port/build/include -I/home/jtuyls/iree-ai/llvm-aie-port/llvm/include -I/home/jtuyls/iree-ai/llvm-aie-port/amd/aie/llvm/include -fPIC -fno-semantic-interposition -fvisibility-inlines-hidden -Werror=date-time -Wall -Wextra -Wno-unused-parameter -Wwrite-strings -Wcast-qual -Wno-missing-field-initializers -pedantic -Wno-long-long -Wimplicit-fallthrough -Wno-uninitialized -Wno-nonnull -Wno-class-memaccess -Wno-dangling-reference -Wno-redundant-move -Wno-pessimizing-move -Wno-array-bounds -Wno-stringop-overread -Wno-dangling-pointer -Wno-noexcept-type -Wdelete-non-virtual-dtor -Wsuggest-override -Wno-comment -Wno-misleading-indentation -Wctad-maybe-unsupported -fdiagnostics-color -ffunction-sections -fdata-sections -O3 -DNDEBUG -std=c++17 -fvisibility=hidden -UNDEBUG -fno-exceptions -funwind-tables -fno-rtti -MD -MT lib/Target/AIE/CMakeFiles/LLVMAIECodeGen.dir/AIE2PostLegalizerGenericCombiner.cpp.o -MF lib/Target/AIE/CMakeFiles/LLVMAIECodeGen.dir/AIE2PostLegalizerGenericCombiner.cpp.o.d -o lib/Target/AIE/CMakeFiles/LLVMAIECodeGen.dir/AIE2PostLegalizerGenericCombiner.cpp.o -c /home/jtuyls/iree-ai/llvm-aie-port/amd/aie/llvm/lib/Target/AIE/AIE2PostLegalizerGenericCombiner.cpp
In file included from /home/jtuyls/iree-ai/llvm-aie-port/amd/aie/llvm/lib/Target/AIE/AIE2PostLegalizerGenericCombiner.cpp:64:
/home/jtuyls/iree-ai/llvm-aie-port/build/lib/Target/AIE/AIE2GenPostLegalizerGIGenericCombiner.inc: In lambda function:
/home/jtuyls/iree-ai/llvm-aie-port/build/lib/Target/AIE/AIE2GenPostLegalizerGIGenericCombiner.inc:2596:56: error: variable ‘llvm::LegalityQuery Query’ has initializer but incomplete type
 2596 |                      LegalityQuery Query(TargetOpcode::G_BITCAST, Types);
      |                                                        ^~~~~~~~~
[220/305] Building CXX object lib/Target/AIE/CMakeFiles/LLVMAIECodeGen.dir/AIEPostLegalizerFinalCombiner.cpp.o
[221/305] Building CXX object lib/Target/AIE/CMakeFiles/LLVMAIECodeGen.dir/AIE2InstrInfo.cpp.o
FAILED: lib/Target/AIE/CMakeFiles/LLVMAIECodeGen.dir/AIE2InstrInfo.cpp.o 
CCACHE_CPP2=yes CCACHE_HASHDIR=yes CCACHE_SLOPPINESS=pch_defines,time_macros /usr/bin/ccache /usr/bin/g++ -D_DEBUG -D_GLIBCXX_ASSERTIONS -D_GLIBCXX_USE_CXX11_ABI=1 -D_GNU_SOURCE -D_LIBCPP_HARDENING_MODE=_LIBCPP_HARDENING_MODE_EXTENSIVE -D__STDC_CONSTANT_MACROS -D__STDC_FORMAT_MACROS -D__STDC_LIMIT_MACROS -I/home/jtuyls/iree-ai/llvm-aie-port/build/lib/Target/AIE -I/home/jtuyls/iree-ai/llvm-aie-port/amd/aie/llvm/lib/Target/AIE -I/home/jtuyls/iree-ai/llvm-aie-port/build/include -I/home/jtuyls/iree-ai/llvm-aie-port/llvm/include -I/home/jtuyls/iree-ai/llvm-aie-port/amd/aie/llvm/include -fPIC -fno-semantic-interposition -fvisibility-inlines-hidden -Werror=date-time -Wall -Wextra -Wno-unused-parameter -Wwrite-strings -Wcast-qual -Wno-missing-field-initializers -pedantic -Wno-long-long -Wimplicit-fallthrough -Wno-uninitialized -Wno-nonnull -Wno-class-memaccess -Wno-dangling-reference -Wno-redundant-move -Wno-pessimizing-move -Wno-array-bounds -Wno-stringop-overread -Wno-dangling-pointer -Wno-noexcept-type -Wdelete-non-virtual-dtor -Wsuggest-override -Wno-comment -Wno-misleading-indentation -Wctad-maybe-unsupported -fdiagnostics-color -ffunction-sections -fdata-sections -O3 -DNDEBUG -std=c++17 -fvisibility=hidden -UNDEBUG -fno-exceptions -funwind-tables -fno-rtti -MD -MT lib/Target/AIE/CMakeFiles/LLVMAIECodeGen.dir/AIE2InstrInfo.cpp.o -MF lib/Target/AIE/CMakeFiles/LLVMAIECodeGen.dir/AIE2InstrInfo.cpp.o.d -o lib/Target/AIE/CMakeFiles/LLVMAIECodeGen.dir/AIE2InstrInfo.cpp.o -c /home/jtuyls/iree-ai/llvm-aie-port/amd/aie/llvm/lib/Target/AIE/AIE2InstrInfo.cpp
/home/jtuyls/iree-ai/llvm-aie-port/amd/aie/llvm/lib/Target/AIE/AIE2InstrInfo.cpp: In constructor ‘llvm::AIE2InstrInfo::AIE2InstrInfo()’:
/home/jtuyls/iree-ai/llvm-aie-port/amd/aie/llvm/lib/Target/AIE/AIE2InstrInfo.cpp:63:68: error: no matching function for call to ‘llvm::AIE2GenInstrInfo::AIE2GenInstrInfo(llvm::AIE2::<unnamed enum>, llvm::AIE2::<unnamed enum>)’
   63 |     : AIE2GenInstrInfo(AIE2::ADJCALLSTACKUP, AIE2::ADJCALLSTACKDOWN) {
      |                                                                    ^
In file included from /home/jtuyls/iree-ai/llvm-aie-port/amd/aie/llvm/lib/Target/AIE/AIE2InstrInfo.cpp:51:
/home/jtuyls/iree-ai/llvm-aie-port/build/lib/Target/AIE/AIE2GenInstrInfo.inc:4540:1: note: candidate: ‘llvm::AIE2GenInstrInfo::AIE2GenInstrInfo(const llvm::TargetSubtargetInfo&, const llvm::TargetRegisterInfo&, unsigned int, unsigned int, unsigned int, unsigned int)’
 4540 | AIE2GenInstrInfo::AIE2GenInstrInfo(const TargetSubtargetInfo &STI, const TargetRegisterInfo &TRI, unsigned CFSetupOpcode, unsigned CFDestroyOpcode, unsigned CatchRetOpcode, unsigned ReturnOpcode)
      | ^~~~~~~~~~~~~~~~
/home/jtuyls/iree-ai/llvm-aie-port/build/lib/Target/AIE/AIE2GenInstrInfo.inc:4540:63: note:   no known conversion for argument 1 from ‘llvm::AIE2::<unnamed enum>’ to ‘const llvm::TargetSubtargetInfo&’
 4540 | AIE2GenInstrInfo::AIE2GenInstrInfo(const TargetSubtargetInfo &STI, const TargetRegisterInfo &TRI, unsigned CFSetupOpcode, unsigned CFDestroyOpcode, unsigned CatchRetOpcode, unsigned ReturnOpcode)
      |                                    ~~~~~~~~~~~~~~~~~~~~~~~~~~~^~~
/home/jtuyls/iree-ai/llvm-aie-port/amd/aie/llvm/lib/Target/AIE/AIE2InstrInfo.cpp: At global scope:
/home/jtuyls/iree-ai/llvm-aie-port/amd/aie/llvm/lib/Target/AIE/AIE2InstrInfo.cpp:487:6: error: no declaration matches ‘void llvm::AIE2InstrInfo::copyPhysReg(llvm::MachineBasicBlock&, llvm::MachineBasicBlock::iterator, const llvm::DebugLoc&, llvm::MCRegister, llvm::MCRegister, bool, bool, bool) const’
  487 | void AIE2InstrInfo::copyPhysReg(MachineBasicBlock &MBB,
      |      ^~~~~~~~~~~~~
In file included from /home/jtuyls/iree-ai/llvm-aie-port/amd/aie/llvm/lib/Target/AIE/AIE2InstrInfo.cpp:16:
/home/jtuyls/iree-ai/llvm-aie-port/amd/aie/llvm/lib/Target/AIE/AIE2InstrInfo.h:158:8: note: candidate is: ‘virtual void llvm::AIE2InstrInfo::copyPhysReg(llvm::MachineBasicBlock&, llvm::MachineBasicBlock::iterator, const llvm::DebugLoc&, llvm::Register, llvm::Register, bool, bool, bool) const’
  158 |   void copyPhysReg(MachineBasicBlock &MBB, MachineBasicBlock::iterator MBBI,
      |        ^~~~~~~~~~~
/home/jtuyls/iree-ai/llvm-aie-port/amd/aie/llvm/lib/Target/AIE/AIE2InstrInfo.h:30:7: note: ‘class llvm::AIE2InstrInfo’ defined here
   30 | class AIE2InstrInfo : public AIE2GenInstrInfo {
      |       ^~~~~~~~~~~~~
[222/305] Building CXX object lib/Target/AIE/CMakeFiles/LLVMAIECodeGen.dir/AIEPostLegalizerGenericCombiner.cpp.o
[223/305] Building CXX object lib/Target/AIE/CMakeFiles/LLVMAIECodeGen.dir/AIE2LegalizerInfo.cpp.o
[224/305] Building CXX object lib/Target/AIE/CMakeFiles/LLVMAIECodeGen.dir/AIEPreLegalizerCombiner.cpp.o
[225/305] Building CXX object lib/Target/AIE/CMakeFiles/LLVMAIECodeGen.dir/AIEOuterLoopPipeliner.cpp.o
FAILED: lib/Target/AIE/CMakeFiles/LLVMAIECodeGen.dir/AIEOuterLoopPipeliner.cpp.o 
CCACHE_CPP2=yes CCACHE_HASHDIR=yes CCACHE_SLOPPINESS=pch_defines,time_macros /usr/bin/ccache /usr/bin/g++ -D_DEBUG -D_GLIBCXX_ASSERTIONS -D_GLIBCXX_USE_CXX11_ABI=1 -D_GNU_SOURCE -D_LIBCPP_HARDENING_MODE=_LIBCPP_HARDENING_MODE_EXTENSIVE -D__STDC_CONSTANT_MACROS -D__STDC_FORMAT_MACROS -D__STDC_LIMIT_MACROS -I/home/jtuyls/iree-ai/llvm-aie-port/build/lib/Target/AIE -I/home/jtuyls/iree-ai/llvm-aie-port/amd/aie/llvm/lib/Target/AIE -I/home/jtuyls/iree-ai/llvm-aie-port/build/include -I/home/jtuyls/iree-ai/llvm-aie-port/llvm/include -I/home/jtuyls/iree-ai/llvm-aie-port/amd/aie/llvm/include -fPIC -fno-semantic-interposition -fvisibility-inlines-hidden -Werror=date-time -Wall -Wextra -Wno-unused-parameter -Wwrite-strings -Wcast-qual -Wno-missing-field-initializers -pedantic -Wno-long-long -Wimplicit-fallthrough -Wno-uninitialized -Wno-nonnull -Wno-class-memaccess -Wno-dangling-reference -Wno-redundant-move -Wno-pessimizing-move -Wno-array-bounds -Wno-stringop-overread -Wno-dangling-pointer -Wno-noexcept-type -Wdelete-non-virtual-dtor -Wsuggest-override -Wno-comment -Wno-misleading-indentation -Wctad-maybe-unsupported -fdiagnostics-color -ffunction-sections -fdata-sections -O3 -DNDEBUG -std=c++17 -fvisibility=hidden -UNDEBUG -fno-exceptions -funwind-tables -fno-rtti -MD -MT lib/Target/AIE/CMakeFiles/LLVMAIECodeGen.dir/AIEOuterLoopPipeliner.cpp.o -MF lib/Target/AIE/CMakeFiles/LLVMAIECodeGen.dir/AIEOuterLoopPipeliner.cpp.o.d -o lib/Target/AIE/CMakeFiles/LLVMAIECodeGen.dir/AIEOuterLoopPipeliner.cpp.o -c /home/jtuyls/iree-ai/llvm-aie-port/amd/aie/llvm/lib/Target/AIE/AIEOuterLoopPipeliner.cpp
/home/jtuyls/iree-ai/llvm-aie-port/amd/aie/llvm/lib/Target/AIE/AIEOuterLoopPipeliner.cpp:211:32: warning: ‘BranchInst’ is deprecated: Use UncondBrInst/CondBrInst/Instruction instead [-Wdeprecated-declarations]
  211 |   BranchInst *getLatchBranch() const {
      |                                ^~~~~
In file included from /home/jtuyls/iree-ai/llvm-aie-port/llvm/include/llvm/Analysis/LoopInfo.h:17,
                 from /home/jtuyls/iree-ai/llvm-aie-port/amd/aie/llvm/lib/Target/AIE/Utils/AIELoopUtils.h:17,
                 from /home/jtuyls/iree-ai/llvm-aie-port/amd/aie/llvm/lib/Target/AIE/AIEOuterLoopPipeliner.cpp:39:
/home/jtuyls/iree-ai/llvm-aie-port/llvm/include/llvm/IR/Instructions.h:3084:5: note: declared here
 3084 |     BranchInst : public Instruction {
      |     ^~~~~~~~~~
/home/jtuyls/iree-ai/llvm-aie-port/amd/aie/llvm/lib/Target/AIE/AIEOuterLoopPipeliner.cpp: In member function ‘llvm::BranchInst* {anonymous}::LoopStructure::getLatchBranch() const’:
/home/jtuyls/iree-ai/llvm-aie-port/amd/aie/llvm/lib/Target/AIE/AIEOuterLoopPipeliner.cpp:212:17: warning: ‘BranchInst’ is deprecated: Use UncondBrInst/CondBrInst/Instruction instead [-Wdeprecated-declarations]
  212 |     return cast<BranchInst>(OuterLatch->getTerminator());
      |                 ^~~~~~~~~~
/home/jtuyls/iree-ai/llvm-aie-port/llvm/include/llvm/IR/Instructions.h:3084:5: note: declared here
 3084 |     BranchInst : public Instruction {
      |     ^~~~~~~~~~
/home/jtuyls/iree-ai/llvm-aie-port/amd/aie/llvm/lib/Target/AIE/AIEOuterLoopPipeliner.cpp: In member function ‘bool {anonymous}::AIEOuterLoopPipeliner::isInnerLoopHardwareLoop(const {anonymous}::LoopStructure&) const’:
/home/jtuyls/iree-ai/llvm-aie-port/amd/aie/llvm/lib/Target/AIE/AIEOuterLoopPipeliner.cpp:499:23: warning: ‘BranchInst’ is deprecated: Use UncondBrInst/CondBrInst/Instruction instead [-Wdeprecated-declarations]
  499 |   auto *BI = dyn_cast<BranchInst>(LS.InnerLatch->getTerminator());
      |                       ^~~~~~~~~~
/home/jtuyls/iree-ai/llvm-aie-port/llvm/include/llvm/IR/Instructions.h:3084:5: note: declared here
 3084 |     BranchInst : public Instruction {
      |     ^~~~~~~~~~
/home/jtuyls/iree-ai/llvm-aie-port/amd/aie/llvm/lib/Target/AIE/AIEOuterLoopPipeliner.cpp:500:32: warning: ‘bool llvm::BranchInst::isConditional() const’ is deprecated: Use isa<CondBrInst> instead [-Wdeprecated-declarations]
  500 |   if (!BI || !BI->isConditional())
      |               ~~~~~~~~~~~~~~~~~^~
/home/jtuyls/iree-ai/llvm-aie-port/llvm/include/llvm/IR/Instructions.h:3313:13: note: declared here
 3313 | inline bool BranchInst::isConditional() const { return isa<CondBrInst>(this); }
      |             ^~~~~~~~~~
/home/jtuyls/iree-ai/llvm-aie-port/amd/aie/llvm/lib/Target/AIE/AIEOuterLoopPipeliner.cpp:502:51: warning: ‘llvm::Value* llvm::BranchInst::getCondition() const’ is deprecated: Cast to CondBrInst [-Wdeprecated-declarations]
  502 |   auto *Call = dyn_cast<CallInst>(BI->getCondition());
      |                                   ~~~~~~~~~~~~~~~~^~
/home/jtuyls/iree-ai/llvm-aie-port/llvm/include/llvm/IR/Instructions.h:3318:15: note: declared here
 3318 | inline Value *BranchInst::getCondition() const {
      |               ^~~~~~~~~~
/home/jtuyls/iree-ai/llvm-aie-port/amd/aie/llvm/lib/Target/AIE/AIEOuterLoopPipeliner.cpp: In member function ‘bool {anonymous}::AIEOuterLoopPipeliner::isProfitableToRotate(const {anonymous}::LoopStructure&, const llvm::AIE::LoopOptionOverrides&)’:
/home/jtuyls/iree-ai/llvm-aie-port/amd/aie/llvm/lib/Target/AIE/AIEOuterLoopPipeliner.cpp:545:40: error: ‘getMinTripCount’ is not a member of ‘llvm’; did you mean ‘llvm::AIELoopUtils::getMinTripCount’?
  545 |   std::optional<int64_t> MinTC = llvm::getMinTripCount(LS.OuterLoop, SE);
      |                                        ^~~~~~~~~~~~~~~
/home/jtuyls/iree-ai/llvm-aie-port/amd/aie/llvm/lib/Target/AIE/Utils/AIELoopUtils.h:32:24: note: ‘llvm::AIELoopUtils::getMinTripCount’ declared here
   32 | std::optional<int64_t> getMinTripCount(const MachineBasicBlock &LoopBlock);
      |                        ^~~~~~~~~~~~~~~
/home/jtuyls/iree-ai/llvm-aie-port/amd/aie/llvm/lib/Target/AIE/AIEOuterLoopPipeliner.cpp: In member function ‘llvm::BasicBlock* {anonymous}::AIEOuterLoopPipeliner::clonePrologueAsWarmUp(const {anonymous}::LoopStructure&, const llvm::SmallVectorImpl<llvm::Instruction*>&, llvm::ValueToValueMapTy&)’:
/home/jtuyls/iree-ai/llvm-aie-port/amd/aie/llvm/lib/Target/AIE/AIEOuterLoopPipeliner.cpp:664:15: warning: ‘BranchInst’ is deprecated: Use UncondBrInst/CondBrInst/Instruction instead [-Wdeprecated-declarations]
  664 |   BranchInst::Create(LS.OuterHeader, WarmUp);
      |               ^~~~~~
/home/jtuyls/iree-ai/llvm-aie-port/llvm/include/llvm/IR/Instructions.h:3084:5: note: declared here
 3084 |     BranchInst : public Instruction {
      |     ^~~~~~~~~~
/home/jtuyls/iree-ai/llvm-aie-port/amd/aie/llvm/lib/Target/AIE/AIEOuterLoopPipeliner.cpp:664:21: warning: ‘static llvm::BranchInst* llvm::BranchInst::Create(llvm::BasicBlock*, llvm::InsertPosition)’ is deprecated: Use UncondBrInst::Create instead [-Wdeprecated-declarations]
  664 |   BranchInst::Create(LS.OuterHeader, WarmUp);
      |   ~~~~~~~~~~~~~~~~~~^~~~~~~~~~~~~~~~~~~~~~~~
/home/jtuyls/iree-ai/llvm-aie-port/llvm/include/llvm/IR/Instructions.h:3302:20: note: declared here
 3302 | inline BranchInst *BranchInst::Create(BasicBlock *IfTrue,
      |                    ^~~~~~~~~~
/home/jtuyls/iree-ai/llvm-aie-port/amd/aie/llvm/lib/Target/AIE/AIEOuterLoopPipeliner.cpp: In member function ‘void {anonymous}::AIEOuterLoopPipeliner::peelLastIterationEpilogue(const {anonymous}::LoopStructure&, const llvm::SmallPtrSetImpl<llvm::Instruction*>&, const llvm::SmallVectorImpl<llvm::Instruction*>&)’:
/home/jtuyls/iree-ai/llvm-aie-port/amd/aie/llvm/lib/Target/AIE/AIEOuterLoopPipeliner.cpp:782:15: warning: ‘BranchInst’ is deprecated: Use UncondBrInst/CondBrInst/Instruction instead [-Wdeprecated-declarations]
  782 |   BranchInst *LatchBr = LS.getLatchBranch();
      |               ^~~~~~~
/home/jtuyls/iree-ai/llvm-aie-port/llvm/include/llvm/IR/Instructions.h:3084:5: note: declared here
 3084 |     BranchInst : public Instruction {
      |     ^~~~~~~~~~
In file included from /usr/include/c++/13/cassert:44,
                 from /home/jtuyls/iree-ai/llvm-aie-port/llvm/include/llvm/Analysis/InlineCost.h:21,
                 from /home/jtuyls/iree-ai/llvm-aie-port/llvm/include/llvm/Transforms/Utils/Cloning.h:25,
                 from /home/jtuyls/iree-ai/llvm-aie-port/amd/aie/llvm/lib/Target/AIE/AIEOuterLoopPipeliner.cpp:58:
/home/jtuyls/iree-ai/llvm-aie-port/amd/aie/llvm/lib/Target/AIE/AIEOuterLoopPipeliner.cpp:783:32: warning: ‘bool llvm::BranchInst::isConditional() const’ is deprecated: Use isa<CondBrInst> instead [-Wdeprecated-declarations]
  783 |   assert(LatchBr->isConditional() && "Outer latch must be conditional");
      |          ~~~~~~~~~~~~~~~~~~~~~~^~
/home/jtuyls/iree-ai/llvm-aie-port/llvm/include/llvm/IR/Instructions.h:3313:13: note: declared here
 3313 | inline bool BranchInst::isConditional() const { return isa<CondBrInst>(this); }
      |             ^~~~~~~~~~
/home/jtuyls/iree-ai/llvm-aie-port/amd/aie/llvm/lib/Target/AIE/AIEOuterLoopPipeliner.cpp:899:15: warning: ‘BranchInst’ is deprecated: Use UncondBrInst/CondBrInst/Instruction instead [-Wdeprecated-declarations]
  899 |   BranchInst::Create(ClonedInnerHeader, CoolEntry);
      |               ^~~~~~
/home/jtuyls/iree-ai/llvm-aie-port/llvm/include/llvm/IR/Instructions.h:3084:5: note: declared here
 3084 |     BranchInst : public Instruction {
      |     ^~~~~~~~~~
/home/jtuyls/iree-ai/llvm-aie-port/amd/aie/llvm/lib/Target/AIE/AIEOuterLoopPipeliner.cpp:899:21: warning: ‘static llvm::BranchInst* llvm::BranchInst::Create(llvm::BasicBlock*, llvm::InsertPosition)’ is deprecated: Use UncondBrInst::Create instead [-Wdeprecated-declarations]
  899 |   BranchInst::Create(ClonedInnerHeader, CoolEntry);
      |   ~~~~~~~~~~~~~~~~~~^~~~~~~~~~~~~~~~~~~~~~~~~~~~~~
/home/jtuyls/iree-ai/llvm-aie-port/llvm/include/llvm/IR/Instructions.h:3302:20: note: declared here
 3302 | inline BranchInst *BranchInst::Create(BasicBlock *IfTrue,
      |                    ^~~~~~~~~~
/home/jtuyls/iree-ai/llvm-aie-port/amd/aie/llvm/lib/Target/AIE/AIEOuterLoopPipeliner.cpp:925:15: warning: ‘BranchInst’ is deprecated: Use UncondBrInst/CondBrInst/Instruction instead [-Wdeprecated-declarations]
  925 |   BranchInst::Create(OrigExit, CoolExit);
      |               ^~~~~~
/home/jtuyls/iree-ai/llvm-aie-port/llvm/include/llvm/IR/Instructions.h:3084:5: note: declared here
 3084 |     BranchInst : public Instruction {
      |     ^~~~~~~~~~
/home/jtuyls/iree-ai/llvm-aie-port/amd/aie/llvm/lib/Target/AIE/AIEOuterLoopPipeliner.cpp:925:21: warning: ‘static llvm::BranchInst* llvm::BranchInst::Create(llvm::BasicBlock*, llvm::InsertPosition)’ is deprecated: Use UncondBrInst::Create instead [-Wdeprecated-declarations]
  925 |   BranchInst::Create(OrigExit, CoolExit);
      |   ~~~~~~~~~~~~~~~~~~^~~~~~~~~~~~~~~~~~~~
/home/jtuyls/iree-ai/llvm-aie-port/llvm/include/llvm/IR/Instructions.h:3302:20: note: declared here
 3302 | inline BranchInst *BranchInst::Create(BasicBlock *IfTrue,
      |                    ^~~~~~~~~~
/home/jtuyls/iree-ai/llvm-aie-port/amd/aie/llvm/lib/Target/AIE/AIEOuterLoopPipeliner.cpp: In member function ‘std::optional<{anonymous}::LatchBoundInfo> {anonymous}::AIEOuterLoopPipeliner::canAdjustLoopBound(const {anonymous}::LoopStructure&) const’:
/home/jtuyls/iree-ai/llvm-aie-port/amd/aie/llvm/lib/Target/AIE/AIEOuterLoopPipeliner.cpp:953:23: warning: ‘BranchInst’ is deprecated: Use UncondBrInst/CondBrInst/Instruction instead [-Wdeprecated-declarations]
  953 |   auto *BI = dyn_cast<BranchInst>(LS.OuterLatch->getTerminator());
      |                       ^~~~~~~~~~
/home/jtuyls/iree-ai/llvm-aie-port/llvm/include/llvm/IR/Instructions.h:3084:5: note: declared here
 3084 |     BranchInst : public Instruction {
      |     ^~~~~~~~~~
/home/jtuyls/iree-ai/llvm-aie-port/amd/aie/llvm/lib/Target/AIE/AIEOuterLoopPipeliner.cpp:954:32: warning: ‘bool llvm::BranchInst::isConditional() const’ is deprecated: Use isa<CondBrInst> instead [-Wdeprecated-declarations]
  954 |   if (!BI || !BI->isConditional())
      |               ~~~~~~~~~~~~~~~~~^~
/home/jtuyls/iree-ai/llvm-aie-port/llvm/include/llvm/IR/Instructions.h:3313:13: note: declared here
 3313 | inline bool BranchInst::isConditional() const { return isa<CondBrInst>(this); }
      |             ^~~~~~~~~~
/home/jtuyls/iree-ai/llvm-aie-port/amd/aie/llvm/lib/Target/AIE/AIEOuterLoopPipeliner.cpp:956:50: warning: ‘llvm::Value* llvm::BranchInst::getCondition() const’ is deprecated: Cast to CondBrInst [-Wdeprecated-declarations]
  956 |   auto *Cmp = dyn_cast<ICmpInst>(BI->getCondition());
      |                                  ~~~~~~~~~~~~~~~~^~
/home/jtuyls/iree-ai/llvm-aie-port/llvm/include/llvm/IR/Instructions.h:3318:15: note: declared here
 3318 | inline Value *BranchInst::getCondition() const {
      |               ^~~~~~~~~~
/home/jtuyls/iree-ai/llvm-aie-port/amd/aie/llvm/lib/Target/AIE/AIEOuterLoopPipeliner.cpp: In member function ‘void {anonymous}::AIEOuterLoopPipeliner::updateLoopMetadata(const {anonymous}::LoopStructure&)’:
/home/jtuyls/iree-ai/llvm-aie-port/amd/aie/llvm/lib/Target/AIE/AIEOuterLoopPipeliner.cpp:1060:16: error: ‘updateIterCounts’ was not declared in this scope
 1060 |       LoopID ? updateIterCounts(
      |                ^~~~~~~~~~~~~~~~
/home/jtuyls/iree-ai/llvm-aie-port/amd/aie/llvm/lib/Target/AIE/AIEOuterLoopPipeliner.cpp: In member function ‘void {anonymous}::AIEOuterLoopPipeliner::convertOuterLoopToHardwareLoop(const {anonymous}::LoopStructure&, llvm::BasicBlock*, llvm::Value*, const {anonymous}::DowncountingInfo&)’:
/home/jtuyls/iree-ai/llvm-aie-port/amd/aie/llvm/lib/Target/AIE/AIEOuterLoopPipeliner.cpp:1535:15: warning: ‘BranchInst’ is deprecated: Use UncondBrInst/CondBrInst/Instruction instead [-Wdeprecated-declarations]
 1535 |   BranchInst *LatchBr = LS.getLatchBranch();
      |               ^~~~~~~
/home/jtuyls/iree-ai/llvm-aie-port/llvm/include/llvm/IR/Instructions.h:3084:5: note: declared here
 3084 |     BranchInst : public Instruction {
      |     ^~~~~~~~~~
/home/jtuyls/iree-ai/llvm-aie-port/amd/aie/llvm/lib/Target/AIE/AIEOuterLoopPipeliner.cpp:1549:41: warning: ‘llvm::Value* llvm::BranchInst::getCondition() const’ is deprecated: Cast to CondBrInst [-Wdeprecated-declarations]
 1549 |   Value *OldCond = LatchBr->getCondition();
      |                    ~~~~~~~~~~~~~~~~~~~~~^~
/home/jtuyls/iree-ai/llvm-aie-port/llvm/include/llvm/IR/Instructions.h:3318:15: note: declared here
 3318 | inline Value *BranchInst::getCondition() const {
      |               ^~~~~~~~~~
/home/jtuyls/iree-ai/llvm-aie-port/amd/aie/llvm/lib/Target/AIE/AIEOuterLoopPipeliner.cpp:1550:24: warning: ‘void llvm::BranchInst::setCondition(llvm::Value*)’ is deprecated: Cast to CondBrInst [-Wdeprecated-declarations]
 1550 |   LatchBr->setCondition(NewCond);
      |   ~~~~~~~~~~~~~~~~~~~~~^~~~~~~~~
/home/jtuyls/iree-ai/llvm-aie-port/llvm/include/llvm/IR/Instructions.h:3321:13: note: declared here
 3321 | inline void BranchInst::setCondition(Value *V) {
      |             ^~~~~~~~~~
/home/jtuyls/iree-ai/llvm-aie-port/amd/aie/llvm/lib/Target/AIE/AIEOuterLoopPipeliner.cpp:1554:28: warning: ‘void llvm::BranchInst::swapSuccessors()’ is deprecated: Cast to CondBrInst [-Wdeprecated-declarations]
 1554 |     LatchBr->swapSuccessors();
      |     ~~~~~~~~~~~~~~~~~~~~~~~^~
/home/jtuyls/iree-ai/llvm-aie-port/llvm/include/llvm/IR/Instructions.h:3325:13: note: declared here
 3325 | inline void BranchInst::swapSuccessors() {
      |             ^~~~~~~~~~
[226/305] Building CXX object lib/Target/AIE/CMakeFiles/LLVMAIECodeGen.dir/AIEOutlineMemoryGEP.cpp.o
FAILED: lib/Target/AIE/CMakeFiles/LLVMAIECodeGen.dir/AIEOutlineMemoryGEP.cpp.o 
CCACHE_CPP2=yes CCACHE_HASHDIR=yes CCACHE_SLOPPINESS=pch_defines,time_macros /usr/bin/ccache /usr/bin/g++ -D_DEBUG -D_GLIBCXX_ASSERTIONS -D_GLIBCXX_USE_CXX11_ABI=1 -D_GNU_SOURCE -D_LIBCPP_HARDENING_MODE=_LIBCPP_HARDENING_MODE_EXTENSIVE -D__STDC_CONSTANT_MACROS -D__STDC_FORMAT_MACROS -D__STDC_LIMIT_MACROS -I/home/jtuyls/iree-ai/llvm-aie-port/build/lib/Target/AIE -I/home/jtuyls/iree-ai/llvm-aie-port/amd/aie/llvm/lib/Target/AIE -I/home/jtuyls/iree-ai/llvm-aie-port/build/include -I/home/jtuyls/iree-ai/llvm-aie-port/llvm/include -I/home/jtuyls/iree-ai/llvm-aie-port/amd/aie/llvm/include -fPIC -fno-semantic-interposition -fvisibility-inlines-hidden -Werror=date-time -Wall -Wextra -Wno-unused-parameter -Wwrite-strings -Wcast-qual -Wno-missing-field-initializers -pedantic -Wno-long-long -Wimplicit-fallthrough -Wno-uninitialized -Wno-nonnull -Wno-class-memaccess -Wno-dangling-reference -Wno-redundant-move -Wno-pessimizing-move -Wno-array-bounds -Wno-stringop-overread -Wno-dangling-pointer -Wno-noexcept-type -Wdelete-non-virtual-dtor -Wsuggest-override -Wno-comment -Wno-misleading-indentation -Wctad-maybe-unsupported -fdiagnostics-color -ffunction-sections -fdata-sections -O3 -DNDEBUG -std=c++17 -fvisibility=hidden -UNDEBUG -fno-exceptions -funwind-tables -fno-rtti -MD -MT lib/Target/AIE/CMakeFiles/LLVMAIECodeGen.dir/AIEOutlineMemoryGEP.cpp.o -MF lib/Target/AIE/CMakeFiles/LLVMAIECodeGen.dir/AIEOutlineMemoryGEP.cpp.o.d -o lib/Target/AIE/CMakeFiles/LLVMAIECodeGen.dir/AIEOutlineMemoryGEP.cpp.o -c /home/jtuyls/iree-ai/llvm-aie-port/amd/aie/llvm/lib/Target/AIE/AIEOutlineMemoryGEP.cpp
/home/jtuyls/iree-ai/llvm-aie-port/amd/aie/llvm/lib/Target/AIE/AIEOutlineMemoryGEP.cpp:30:1: error: ‘GEPOperator’ does not name a type
   30 | GEPOperator *getInlinedGEPOperator(Value *Operand);
      | ^~~~~~~~~~~
/home/jtuyls/iree-ai/llvm-aie-port/amd/aie/llvm/lib/Target/AIE/AIEOutlineMemoryGEP.cpp:41:23: error: ‘GEPOperator’ has not been declared
   41 |                       GEPOperator &GEP);
      |                       ^~~~~~~~~~~
/home/jtuyls/iree-ai/llvm-aie-port/amd/aie/llvm/lib/Target/AIE/AIEOutlineMemoryGEP.cpp: In function ‘void {anonymous}::revertCallInlinedGEPs(llvm::CallInst&)’:
/home/jtuyls/iree-ai/llvm-aie-port/amd/aie/llvm/lib/Target/AIE/AIEOutlineMemoryGEP.cpp:56:5: error: ‘GEPOperator’ was not declared in this scope
   56 |     GEPOperator *GEP = getInlinedGEPOperator(OP);
      |     ^~~~~~~~~~~
/home/jtuyls/iree-ai/llvm-aie-port/amd/aie/llvm/lib/Target/AIE/AIEOutlineMemoryGEP.cpp:56:18: error: ‘GEP’ was not declared in this scope
   56 |     GEPOperator *GEP = getInlinedGEPOperator(OP);
      |                  ^~~
/home/jtuyls/iree-ai/llvm-aie-port/amd/aie/llvm/lib/Target/AIE/AIEOutlineMemoryGEP.cpp:56:24: error: ‘getInlinedGEPOperator’ was not declared in this scope
   56 |     GEPOperator *GEP = getInlinedGEPOperator(OP);
      |                        ^~~~~~~~~~~~~~~~~~~~~
/home/jtuyls/iree-ai/llvm-aie-port/amd/aie/llvm/lib/Target/AIE/AIEOutlineMemoryGEP.cpp: In function ‘void {anonymous}::revertMemoryInstrInlinedGEPs(llvm::Instruction&)’:
/home/jtuyls/iree-ai/llvm-aie-port/amd/aie/llvm/lib/Target/AIE/AIEOutlineMemoryGEP.cpp:70:3: error: ‘GEPOperator’ was not declared in this scope
   70 |   GEPOperator *GEP = getInlinedGEPOperator(I.getOperand(*PointerOperandIdx));
      |   ^~~~~~~~~~~
/home/jtuyls/iree-ai/llvm-aie-port/amd/aie/llvm/lib/Target/AIE/AIEOutlineMemoryGEP.cpp:70:16: error: ‘GEP’ was not declared in this scope
   70 |   GEPOperator *GEP = getInlinedGEPOperator(I.getOperand(*PointerOperandIdx));
      |                ^~~
/home/jtuyls/iree-ai/llvm-aie-port/amd/aie/llvm/lib/Target/AIE/AIEOutlineMemoryGEP.cpp:70:22: error: ‘getInlinedGEPOperator’ was not declared in this scope
   70 |   GEPOperator *GEP = getInlinedGEPOperator(I.getOperand(*PointerOperandIdx));
      |                      ^~~~~~~~~~~~~~~~~~~~~
/home/jtuyls/iree-ai/llvm-aie-port/amd/aie/llvm/lib/Target/AIE/AIEOutlineMemoryGEP.cpp: At global scope:
/home/jtuyls/iree-ai/llvm-aie-port/amd/aie/llvm/lib/Target/AIE/AIEOutlineMemoryGEP.cpp:79:23: error: ‘GEPOperator’ has not been declared
   79 |                       GEPOperator &GEP) {
      |                       ^~~~~~~~~~~
/home/jtuyls/iree-ai/llvm-aie-port/amd/aie/llvm/lib/Target/AIE/AIEOutlineMemoryGEP.cpp: In function ‘void {anonymous}::insertNewGEPInst(unsigned int, llvm::Instruction&, int&)’:
/home/jtuyls/iree-ai/llvm-aie-port/amd/aie/llvm/lib/Target/AIE/AIEOutlineMemoryGEP.cpp:80:42: error: request for member ‘idx_begin’ in ‘GEP’, which is of non-class type ‘int’
   80 |   const std::vector<Value *> Indices(GEP.idx_begin(), GEP.idx_end());
      |                                          ^~~~~~~~~
/home/jtuyls/iree-ai/llvm-aie-port/amd/aie/llvm/lib/Target/AIE/AIEOutlineMemoryGEP.cpp:80:59: error: request for member ‘idx_end’ in ‘GEP’, which is of non-class type ‘int’
   80 |   const std::vector<Value *> Indices(GEP.idx_begin(), GEP.idx_end());
      |                                                           ^~~~~~~
/home/jtuyls/iree-ai/llvm-aie-port/amd/aie/llvm/lib/Target/AIE/AIEOutlineMemoryGEP.cpp:83:11: error: request for member ‘getSourceElementType’ in ‘GEP’, which is of non-class type ‘int’
   83 |       GEP.getSourceElementType(), GEP.getPointerOperand(), Indices,
      |           ^~~~~~~~~~~~~~~~~~~~
/home/jtuyls/iree-ai/llvm-aie-port/amd/aie/llvm/lib/Target/AIE/AIEOutlineMemoryGEP.cpp:83:39: error: request for member ‘getPointerOperand’ in ‘GEP’, which is of non-class type ‘int’
   83 |       GEP.getSourceElementType(), GEP.getPointerOperand(), Indices,
      |                                       ^~~~~~~~~~~~~~~~~
/home/jtuyls/iree-ai/llvm-aie-port/amd/aie/llvm/lib/Target/AIE/AIEOutlineMemoryGEP.cpp:85:34: error: request for member ‘isInBounds’ in ‘GEP’, which is of non-class type ‘int’
   85 |   NewGEPInstr->setIsInBounds(GEP.isInBounds());
      |                                  ^~~~~~~~~~
/home/jtuyls/iree-ai/llvm-aie-port/amd/aie/llvm/lib/Target/AIE/AIEOutlineMemoryGEP.cpp: At global scope:
/home/jtuyls/iree-ai/llvm-aie-port/amd/aie/llvm/lib/Target/AIE/AIEOutlineMemoryGEP.cpp:92:1: error: ‘GEPOperator’ does not name a type
   92 | GEPOperator *getInlinedGEPOperator(Value *Operand) {
      | ^~~~~~~~~~~
/home/jtuyls/iree-ai/llvm-aie-port/amd/aie/llvm/lib/Target/AIE/AIEOutlineMemoryGEP.cpp:78:6: warning: ‘void {anonymous}::insertNewGEPInst(unsigned int, llvm::Instruction&, int&)’ defined but not used [-Wunused-function]
   78 | void insertNewGEPInst(const unsigned OpIdx, Instruction &InsertionPoint,
      |      ^~~~~~~~~~~~~~~~
[227/305] Building CXX object lib/Target/AIE/CMakeFiles/LLVMAIECodeGen.dir/AIEUnallocatedSuperRegRewriter.cpp.o
[228/305] Building CXX object lib/Target/AIE/CMakeFiles/LLVMAIECodeGen.dir/AIE2RegisterInfo.cpp.o
[229/305] Building CXX object lib/Target/AIE/CMakeFiles/LLVMAIECodeGen.dir/aie1/AIE1RegisterBankInfo.cpp.o
[230/305] Building CXX object lib/Target/AIE/CMakeFiles/LLVMAIECodeGen.dir/AIE2Subtarget.cpp.o
[231/305] Building CXX object lib/Target/AIE/CMakeFiles/LLVMAIECodeGen.dir/aie1/AIE1InstrInfo.cpp.o
FAILED: lib/Target/AIE/CMakeFiles/LLVMAIECodeGen.dir/aie1/AIE1InstrInfo.cpp.o 
CCACHE_CPP2=yes CCACHE_HASHDIR=yes CCACHE_SLOPPINESS=pch_defines,time_macros /usr/bin/ccache /usr/bin/g++ -D_DEBUG -D_GLIBCXX_ASSERTIONS -D_GLIBCXX_USE_CXX11_ABI=1 -D_GNU_SOURCE -D_LIBCPP_HARDENING_MODE=_LIBCPP_HARDENING_MODE_EXTENSIVE -D__STDC_CONSTANT_MACROS -D__STDC_FORMAT_MACROS -D__STDC_LIMIT_MACROS -I/home/jtuyls/iree-ai/llvm-aie-port/build/lib/Target/AIE -I/home/jtuyls/iree-ai/llvm-aie-port/amd/aie/llvm/lib/Target/AIE -I/home/jtuyls/iree-ai/llvm-aie-port/build/include -I/home/jtuyls/iree-ai/llvm-aie-port/llvm/include -I/home/jtuyls/iree-ai/llvm-aie-port/amd/aie/llvm/include -fPIC -fno-semantic-interposition -fvisibility-inlines-hidden -Werror=date-time -Wall -Wextra -Wno-unused-parameter -Wwrite-strings -Wcast-qual -Wno-missing-field-initializers -pedantic -Wno-long-long -Wimplicit-fallthrough -Wno-uninitialized -Wno-nonnull -Wno-class-memaccess -Wno-dangling-reference -Wno-redundant-move -Wno-pessimizing-move -Wno-array-bounds -Wno-stringop-overread -Wno-dangling-pointer -Wno-noexcept-type -Wdelete-non-virtual-dtor -Wsuggest-override -Wno-comment -Wno-misleading-indentation -Wctad-maybe-unsupported -fdiagnostics-color -ffunction-sections -fdata-sections -O3 -DNDEBUG -std=c++17 -fvisibility=hidden -UNDEBUG -fno-exceptions -funwind-tables -fno-rtti -MD -MT lib/Target/AIE/CMakeFiles/LLVMAIECodeGen.dir/aie1/AIE1InstrInfo.cpp.o -MF lib/Target/AIE/CMakeFiles/LLVMAIECodeGen.dir/aie1/AIE1InstrInfo.cpp.o.d -o lib/Target/AIE/CMakeFiles/LLVMAIECodeGen.dir/aie1/AIE1InstrInfo.cpp.o -c /home/jtuyls/iree-ai/llvm-aie-port/amd/aie/llvm/lib/Target/AIE/aie1/AIE1InstrInfo.cpp
In file included from /home/jtuyls/iree-ai/llvm-aie-port/amd/aie/llvm/lib/Target/AIE/aie1/AIE1InstrInfo.cpp:17:
/home/jtuyls/iree-ai/llvm-aie-port/amd/aie/llvm/lib/Target/AIE/aie1/AIEHazardRecognizerPRAS.h:38:8: error: ‘bool llvm::AIEHazardRecognizerPRAS::emitNoopsIfNoInstructionsAvailable()’ marked ‘override’, but does not override
   38 |   bool emitNoopsIfNoInstructionsAvailable() override { return true; }
      |        ^~~~~~~~~~~~~~~~~~~~~~~~~~~~~~~~~~
/home/jtuyls/iree-ai/llvm-aie-port/amd/aie/llvm/lib/Target/AIE/aie1/AIEHazardRecognizerPRAS.h:44:8: error: ‘void llvm::AIEHazardRecognizerPRAS::StartBlock(llvm::MachineBasicBlock*)’ marked ‘override’, but does not override
   44 |   void StartBlock(MachineBasicBlock *MBB) override;
      |        ^~~~~~~~~~
/home/jtuyls/iree-ai/llvm-aie-port/amd/aie/llvm/lib/Target/AIE/aie1/AIEHazardRecognizerPRAS.h:45:8: error: ‘void llvm::AIEHazardRecognizerPRAS::EndBlock(llvm::MachineBasicBlock*)’ marked ‘override’, but does not override
   45 |   void EndBlock(MachineBasicBlock *MBB) override;
      |        ^~~~~~~~
/home/jtuyls/iree-ai/llvm-aie-port/amd/aie/llvm/lib/Target/AIE/aie1/AIE1InstrInfo.cpp: In constructor ‘llvm::AIEInstrInfo::AIEInstrInfo()’:
/home/jtuyls/iree-ai/llvm-aie-port/amd/aie/llvm/lib/Target/AIE/aie1/AIE1InstrInfo.cpp:40:65: error: no matching function for call to ‘llvm::AIEGenInstrInfo::AIEGenInstrInfo(llvm::AIE::<unnamed enum>, llvm::AIE::<unnamed enum>)’
   40 |     : AIEGenInstrInfo(AIE::ADJCALLSTACKUP, AIE::ADJCALLSTACKDOWN) {
      |                                                                 ^
In file included from /home/jtuyls/iree-ai/llvm-aie-port/amd/aie/llvm/lib/Target/AIE/aie1/AIE1InstrInfo.cpp:33:
/home/jtuyls/iree-ai/llvm-aie-port/build/lib/Target/AIE/AIEGenInstrInfo.inc:2894:1: note: candidate: ‘llvm::AIEGenInstrInfo::AIEGenInstrInfo(const llvm::TargetSubtargetInfo&, const llvm::TargetRegisterInfo&, unsigned int, unsigned int, unsigned int, unsigned int)’
 2894 | AIEGenInstrInfo::AIEGenInstrInfo(const TargetSubtargetInfo &STI, const TargetRegisterInfo &TRI, unsigned CFSetupOpcode, unsigned CFDestroyOpcode, unsigned CatchRetOpcode, unsigned ReturnOpcode)
      | ^~~~~~~~~~~~~~~
/home/jtuyls/iree-ai/llvm-aie-port/build/lib/Target/AIE/AIEGenInstrInfo.inc:2894:61: note:   no known conversion for argument 1 from ‘llvm::AIE::<unnamed enum>’ to ‘const llvm::TargetSubtargetInfo&’
 2894 | AIEGenInstrInfo::AIEGenInstrInfo(const TargetSubtargetInfo &STI, const TargetRegisterInfo &TRI, unsigned CFSetupOpcode, unsigned CFDestroyOpcode, unsigned CatchRetOpcode, unsigned ReturnOpcode)
      |                                  ~~~~~~~~~~~~~~~~~~~~~~~~~~~^~~
/home/jtuyls/iree-ai/llvm-aie-port/amd/aie/llvm/lib/Target/AIE/aie1/AIE1InstrInfo.cpp: At global scope:
/home/jtuyls/iree-ai/llvm-aie-port/amd/aie/llvm/lib/Target/AIE/aie1/AIE1InstrInfo.cpp:100:6: error: no declaration matches ‘void llvm::AIEInstrInfo::copyPhysReg(llvm::MachineBasicBlock&, llvm::MachineBasicBlock::iterator, const llvm::DebugLoc&, llvm::MCRegister, llvm::MCRegister, bool, bool, bool) const’
  100 | void AIEInstrInfo::copyPhysReg(MachineBasicBlock &MBB,
      |      ^~~~~~~~~~~~
In file included from /home/jtuyls/iree-ai/llvm-aie-port/amd/aie/llvm/lib/Target/AIE/aie1/AIE1InstrInfo.cpp:15:
/home/jtuyls/iree-ai/llvm-aie-port/amd/aie/llvm/lib/Target/AIE/aie1/AIE1InstrInfo.h:44:8: note: candidate is: ‘virtual void llvm::AIEInstrInfo::copyPhysReg(llvm::MachineBasicBlock&, llvm::MachineBasicBlock::iterator, const llvm::DebugLoc&, llvm::Register, llvm::Register, bool, bool, bool) const’
   44 |   void copyPhysReg(MachineBasicBlock &MBB, MachineBasicBlock::iterator MBBI,
      |        ^~~~~~~~~~~
/home/jtuyls/iree-ai/llvm-aie-port/amd/aie/llvm/lib/Target/AIE/aie1/AIE1InstrInfo.h:29:7: note: ‘class llvm::AIEInstrInfo’ defined here
   29 | class AIEInstrInfo : public AIEGenInstrInfo {
      |       ^~~~~~~~~~~~
[232/305] Building CXX object lib/Target/AIE/CMakeFiles/LLVMAIECodeGen.dir/AIEWawRegRewriter.cpp.o
FAILED: lib/Target/AIE/CMakeFiles/LLVMAIECodeGen.dir/AIEWawRegRewriter.cpp.o 
CCACHE_CPP2=yes CCACHE_HASHDIR=yes CCACHE_SLOPPINESS=pch_defines,time_macros /usr/bin/ccache /usr/bin/g++ -D_DEBUG -D_GLIBCXX_ASSERTIONS -D_GLIBCXX_USE_CXX11_ABI=1 -D_GNU_SOURCE -D_LIBCPP_HARDENING_MODE=_LIBCPP_HARDENING_MODE_EXTENSIVE -D__STDC_CONSTANT_MACROS -D__STDC_FORMAT_MACROS -D__STDC_LIMIT_MACROS -I/home/jtuyls/iree-ai/llvm-aie-port/build/lib/Target/AIE -I/home/jtuyls/iree-ai/llvm-aie-port/amd/aie/llvm/lib/Target/AIE -I/home/jtuyls/iree-ai/llvm-aie-port/build/include -I/home/jtuyls/iree-ai/llvm-aie-port/llvm/include -I/home/jtuyls/iree-ai/llvm-aie-port/amd/aie/llvm/include -fPIC -fno-semantic-interposition -fvisibility-inlines-hidden -Werror=date-time -Wall -Wextra -Wno-unused-parameter -Wwrite-strings -Wcast-qual -Wno-missing-field-initializers -pedantic -Wno-long-long -Wimplicit-fallthrough -Wno-uninitialized -Wno-nonnull -Wno-class-memaccess -Wno-dangling-reference -Wno-redundant-move -Wno-pessimizing-move -Wno-array-bounds -Wno-stringop-overread -Wno-dangling-pointer -Wno-noexcept-type -Wdelete-non-virtual-dtor -Wsuggest-override -Wno-comment -Wno-misleading-indentation -Wctad-maybe-unsupported -fdiagnostics-color -ffunction-sections -fdata-sections -O3 -DNDEBUG -std=c++17 -fvisibility=hidden -UNDEBUG -fno-exceptions -funwind-tables -fno-rtti -MD -MT lib/Target/AIE/CMakeFiles/LLVMAIECodeGen.dir/AIEWawRegRewriter.cpp.o -MF lib/Target/AIE/CMakeFiles/LLVMAIECodeGen.dir/AIEWawRegRewriter.cpp.o.d -o lib/Target/AIE/CMakeFiles/LLVMAIECodeGen.dir/AIEWawRegRewriter.cpp.o -c /home/jtuyls/iree-ai/llvm-aie-port/amd/aie/llvm/lib/Target/AIE/AIEWawRegRewriter.cpp
/home/jtuyls/iree-ai/llvm-aie-port/amd/aie/llvm/lib/Target/AIE/AIEWawRegRewriter.cpp: In lambda function:
/home/jtuyls/iree-ai/llvm-aie-port/amd/aie/llvm/lib/Target/AIE/AIEWawRegRewriter.cpp:410:16: error: no matching function for call to ‘llvm::BitVector::set(llvm::MCRegUnit&)’
  410 |       Units.set(Unit);
      |       ~~~~~~~~~^~~~~~
In file included from /home/jtuyls/iree-ai/llvm-aie-port/llvm/include/llvm/CodeGen/ScheduleDAG.h:18,
                 from /home/jtuyls/iree-ai/llvm-aie-port/amd/aie/llvm/lib/Target/AIE/AIEBaseInstrInfo.h:25,
                 from /home/jtuyls/iree-ai/llvm-aie-port/amd/aie/llvm/lib/Target/AIE/AIEWawRegRewriter.cpp:17:
/home/jtuyls/iree-ai/llvm-aie-port/llvm/include/llvm/ADT/BitVector.h:366:14: note: candidate: ‘llvm::BitVector& llvm::BitVector::set()’
  366 |   BitVector &set() {
      |              ^~~
/home/jtuyls/iree-ai/llvm-aie-port/llvm/include/llvm/ADT/BitVector.h:366:14: note:   candidate expects 0 arguments, 1 provided
/home/jtuyls/iree-ai/llvm-aie-port/llvm/include/llvm/ADT/BitVector.h:373:14: note: candidate: ‘llvm::BitVector& llvm::BitVector::set(unsigned int)’
  373 |   BitVector &set(unsigned Idx) {
      |              ^~~
/home/jtuyls/iree-ai/llvm-aie-port/llvm/include/llvm/ADT/BitVector.h:373:27: note:   no known conversion for argument 1 from ‘llvm::MCRegUnit’ to ‘unsigned int’
  373 |   BitVector &set(unsigned Idx) {
      |                  ~~~~~~~~~^~~
/home/jtuyls/iree-ai/llvm-aie-port/llvm/include/llvm/ADT/BitVector.h:380:14: note: candidate: ‘llvm::BitVector& llvm::BitVector::set(unsigned int, unsigned int)’
  380 |   BitVector &set(unsigned I, unsigned E) {
      |              ^~~
/home/jtuyls/iree-ai/llvm-aie-port/llvm/include/llvm/ADT/BitVector.h:380:14: note:   candidate expects 2 arguments, 1 provided
/home/jtuyls/iree-ai/llvm-aie-port/amd/aie/llvm/lib/Target/AIE/AIEWawRegRewriter.cpp: In member function ‘void {anonymous}::AIEWawRegRewriter::sortSWPAware({anonymous}::OriginalAllocation&, llvm::MachineBasicBlock&, const llvm::AIE::SlotStatistics&, int)’:
/home/jtuyls/iree-ai/llvm-aie-port/amd/aie/llvm/lib/Target/AIE/AIEWawRegRewriter.cpp:546:11: error: ‘class llvm::AIE::DataDependenceHelper’ has no member named ‘initSUnit’; did you mean ‘initSUnits’?
  546 |       DDG.initSUnit(MI);
      |           ^~~~~~~~~
      |           initSUnits
/home/jtuyls/iree-ai/llvm-aie-port/amd/aie/llvm/lib/Target/AIE/AIEWawRegRewriter.cpp: In member function ‘bool {anonymous}::AIEWawRegRewriter::renameMBBPhysRegs(const llvm::MachineBasicBlock*)’:
/home/jtuyls/iree-ai/llvm-aie-port/amd/aie/llvm/lib/Target/AIE/AIEWawRegRewriter.cpp:615:16: error: ‘class llvm::VirtRegMap’ has no member named ‘hasRequiredPhys’; did you mean ‘hasPreferredPhys’?
  615 |       if (VRM->hasRequiredPhys(Reg))
      |                ^~~~~~~~~~~~~~~
      |                hasPreferredPhys
/home/jtuyls/iree-ai/llvm-aie-port/amd/aie/llvm/lib/Target/AIE/AIEWawRegRewriter.cpp: In lambda function:
/home/jtuyls/iree-ai/llvm-aie-port/amd/aie/llvm/lib/Target/AIE/AIEWawRegRewriter.cpp:786:69: error: no matching function for call to ‘llvm::BitVector::test(llvm::MCRegUnit&)’
  786 |                   [&UsedUnits](MCRegUnit RU) { return UsedUnits.test(RU); });
      |                                                       ~~~~~~~~~~~~~~^~~~
/home/jtuyls/iree-ai/llvm-aie-port/llvm/include/llvm/ADT/BitVector.h:482:8: note: candidate: ‘bool llvm::BitVector::test(unsigned int) const’
  482 |   bool test(unsigned Idx) const {
      |        ^~~~
/home/jtuyls/iree-ai/llvm-aie-port/llvm/include/llvm/ADT/BitVector.h:482:22: note:   no known conversion for argument 1 from ‘llvm::MCRegUnit’ to ‘unsigned int’
  482 |   bool test(unsigned Idx) const {
      |             ~~~~~~~~~^~~
/home/jtuyls/iree-ai/llvm-aie-port/llvm/include/llvm/ADT/BitVector.h:557:8: note: candidate: ‘bool llvm::BitVector::test(const llvm::BitVector&) const’
  557 |   bool test(const BitVector &RHS) const {
      |        ^~~~
/home/jtuyls/iree-ai/llvm-aie-port/llvm/include/llvm/ADT/BitVector.h:557:30: note:   no known conversion for argument 1 from ‘llvm::MCRegUnit’ to ‘const llvm::BitVector&’
  557 |   bool test(const BitVector &RHS) const {
      |             ~~~~~~~~~~~~~~~~~^~~
/home/jtuyls/iree-ai/llvm-aie-port/amd/aie/llvm/lib/Target/AIE/AIEWawRegRewriter.cpp: In member function ‘llvm::MCPhysReg {anonymous}::AIEWawRegRewriter::getReplacementPhysReg(llvm::Register, {anonymous}::RoundRobin&, llvm::BitVector&) const’:
/home/jtuyls/iree-ai/llvm-aie-port/amd/aie/llvm/lib/Target/AIE/AIEWawRegRewriter.cpp:825:22: error: no matching function for call to ‘llvm::BitVector::set(llvm::MCRegUnit&)’
  825 |         UsedUnits.set(RU);
      |         ~~~~~~~~~~~~~^~~~
/home/jtuyls/iree-ai/llvm-aie-port/llvm/include/llvm/ADT/BitVector.h:366:14: note: candidate: ‘llvm::BitVector& llvm::BitVector::set()’
  366 |   BitVector &set() {
      |              ^~~
/home/jtuyls/iree-ai/llvm-aie-port/llvm/include/llvm/ADT/BitVector.h:366:14: note:   candidate expects 0 arguments, 1 provided
/home/jtuyls/iree-ai/llvm-aie-port/llvm/include/llvm/ADT/BitVector.h:373:14: note: candidate: ‘llvm::BitVector& llvm::BitVector::set(unsigned int)’
  373 |   BitVector &set(unsigned Idx) {
      |              ^~~
/home/jtuyls/iree-ai/llvm-aie-port/llvm/include/llvm/ADT/BitVector.h:373:27: note:   no known conversion for argument 1 from ‘llvm::MCRegUnit’ to ‘unsigned int’
  373 |   BitVector &set(unsigned Idx) {
      |                  ~~~~~~~~~^~~
/home/jtuyls/iree-ai/llvm-aie-port/llvm/include/llvm/ADT/BitVector.h:380:14: note: candidate: ‘llvm::BitVector& llvm::BitVector::set(unsigned int, unsigned int)’
  380 |   BitVector &set(unsigned I, unsigned E) {
      |              ^~~
/home/jtuyls/iree-ai/llvm-aie-port/llvm/include/llvm/ADT/BitVector.h:380:14: note:   candidate expects 2 arguments, 1 provided
[233/305] Building CXX object lib/Target/AIE/CMakeFiles/LLVMAIECodeGen.dir/aie1/AIEHazardRecognizerPRAS.cpp.o
FAILED: lib/Target/AIE/CMakeFiles/LLVMAIECodeGen.dir/aie1/AIEHazardRecognizerPRAS.cpp.o 
CCACHE_CPP2=yes CCACHE_HASHDIR=yes CCACHE_SLOPPINESS=pch_defines,time_macros /usr/bin/ccache /usr/bin/g++ -D_DEBUG -D_GLIBCXX_ASSERTIONS -D_GLIBCXX_USE_CXX11_ABI=1 -D_GNU_SOURCE -D_LIBCPP_HARDENING_MODE=_LIBCPP_HARDENING_MODE_EXTENSIVE -D__STDC_CONSTANT_MACROS -D__STDC_FORMAT_MACROS -D__STDC_LIMIT_MACROS -I/home/jtuyls/iree-ai/llvm-aie-port/build/lib/Target/AIE -I/home/jtuyls/iree-ai/llvm-aie-port/amd/aie/llvm/lib/Target/AIE -I/home/jtuyls/iree-ai/llvm-aie-port/build/include -I/home/jtuyls/iree-ai/llvm-aie-port/llvm/include -I/home/jtuyls/iree-ai/llvm-aie-port/amd/aie/llvm/include -fPIC -fno-semantic-interposition -fvisibility-inlines-hidden -Werror=date-time -Wall -Wextra -Wno-unused-parameter -Wwrite-strings -Wcast-qual -Wno-missing-field-initializers -pedantic -Wno-long-long -Wimplicit-fallthrough -Wno-uninitialized -Wno-nonnull -Wno-class-memaccess -Wno-dangling-reference -Wno-redundant-move -Wno-pessimizing-move -Wno-array-bounds -Wno-stringop-overread -Wno-dangling-pointer -Wno-noexcept-type -Wdelete-non-virtual-dtor -Wsuggest-override -Wno-comment -Wno-misleading-indentation -Wctad-maybe-unsupported -fdiagnostics-color -ffunction-sections -fdata-sections -O3 -DNDEBUG -std=c++17 -fvisibility=hidden -UNDEBUG -fno-exceptions -funwind-tables -fno-rtti -MD -MT lib/Target/AIE/CMakeFiles/LLVMAIECodeGen.dir/aie1/AIEHazardRecognizerPRAS.cpp.o -MF lib/Target/AIE/CMakeFiles/LLVMAIECodeGen.dir/aie1/AIEHazardRecognizerPRAS.cpp.o.d -o lib/Target/AIE/CMakeFiles/LLVMAIECodeGen.dir/aie1/AIEHazardRecognizerPRAS.cpp.o -c /home/jtuyls/iree-ai/llvm-aie-port/amd/aie/llvm/lib/Target/AIE/aie1/AIEHazardRecognizerPRAS.cpp
In file included from /home/jtuyls/iree-ai/llvm-aie-port/amd/aie/llvm/lib/Target/AIE/aie1/AIEHazardRecognizerPRAS.cpp:17:
/home/jtuyls/iree-ai/llvm-aie-port/amd/aie/llvm/lib/Target/AIE/aie1/AIEHazardRecognizerPRAS.h:38:8: error: ‘bool llvm::AIEHazardRecognizerPRAS::emitNoopsIfNoInstructionsAvailable()’ marked ‘override’, but does not override
   38 |   bool emitNoopsIfNoInstructionsAvailable() override { return true; }
      |        ^~~~~~~~~~~~~~~~~~~~~~~~~~~~~~~~~~
/home/jtuyls/iree-ai/llvm-aie-port/amd/aie/llvm/lib/Target/AIE/aie1/AIEHazardRecognizerPRAS.h:44:8: error: ‘void llvm::AIEHazardRecognizerPRAS::StartBlock(llvm::MachineBasicBlock*)’ marked ‘override’, but does not override
   44 |   void StartBlock(MachineBasicBlock *MBB) override;
      |        ^~~~~~~~~~
/home/jtuyls/iree-ai/llvm-aie-port/amd/aie/llvm/lib/Target/AIE/aie1/AIEHazardRecognizerPRAS.h:45:8: error: ‘void llvm::AIEHazardRecognizerPRAS::EndBlock(llvm::MachineBasicBlock*)’ marked ‘override’, but does not override
   45 |   void EndBlock(MachineBasicBlock *MBB) override;
      |        ^~~~~~~~
[234/305] Building CXX object lib/Target/AIE/CMakeFiles/LLVMAIECodeGen.dir/aie1/AIE1FrameLowering.cpp.o
In file included from /home/jtuyls/iree-ai/llvm-aie-port/amd/aie/llvm/lib/Target/AIE/aie1/AIE1FrameLowering.h:18,
                 from /home/jtuyls/iree-ai/llvm-aie-port/amd/aie/llvm/lib/Target/AIE/aie1/AIE1FrameLowering.cpp:15:
/home/jtuyls/iree-ai/llvm-aie-port/amd/aie/llvm/lib/Target/AIE/AIEBaseFrameLowering.h:90:16: warning: ‘virtual void llvm::AIEBaseFrameLowering::adjustReg(llvm::MachineBasicBlock&, llvm::MachineBasicBlock::iterator, const llvm::DebugLoc&, unsigned int, int64_t, llvm::MachineInstr::MIFlag) const’ was hidden [-Woverloaded-virtual=]
   90 |   virtual void adjustReg(MachineBasicBlock &MBB,
      |                ^~~~~~~~~
/home/jtuyls/iree-ai/llvm-aie-port/amd/aie/llvm/lib/Target/AIE/aie1/AIE1FrameLowering.h:29:15: note:   by ‘static void llvm::AIEFrameLowering::adjustReg(const llvm::TargetInstrInfo*, llvm::MachineBasicBlock&, llvm::MachineBasicBlock::iterator, const llvm::DebugLoc&, unsigned int, int64_t, llvm::MachineInstr::MIFlag)’
   29 |   static void adjustReg(const TargetInstrInfo *TII, MachineBasicBlock &MBB,
      |               ^~~~~~~~~
[235/305] Building CXX object lib/Target/AIE/CMakeFiles/LLVMAIECodeGen.dir/aie1/AIE1DelaySlotFiller.cpp.o
In file included from /home/jtuyls/iree-ai/llvm-aie-port/amd/aie/llvm/lib/Target/AIE/aie1/AIE1FrameLowering.h:18,
                 from /home/jtuyls/iree-ai/llvm-aie-port/amd/aie/llvm/lib/Target/AIE/aie1/AIE1Subtarget.h:19,
                 from /home/jtuyls/iree-ai/llvm-aie-port/amd/aie/llvm/lib/Target/AIE/aie1/AIE1TargetMachine.h:20,
                 from /home/jtuyls/iree-ai/llvm-aie-port/amd/aie/llvm/lib/Target/AIE/aie1/AIE1DelaySlotFiller.cpp:16:
/home/jtuyls/iree-ai/llvm-aie-port/amd/aie/llvm/lib/Target/AIE/AIEBaseFrameLowering.h:90:16: warning: ‘virtual void llvm::AIEBaseFrameLowering::adjustReg(llvm::MachineBasicBlock&, llvm::MachineBasicBlock::iterator, const llvm::DebugLoc&, unsigned int, int64_t, llvm::MachineInstr::MIFlag) const’ was hidden [-Woverloaded-virtual=]
   90 |   virtual void adjustReg(MachineBasicBlock &MBB,
      |                ^~~~~~~~~
/home/jtuyls/iree-ai/llvm-aie-port/amd/aie/llvm/lib/Target/AIE/aie1/AIE1FrameLowering.h:29:15: note:   by ‘static void llvm::AIEFrameLowering::adjustReg(const llvm::TargetInstrInfo*, llvm::MachineBasicBlock&, llvm::MachineBasicBlock::iterator, const llvm::DebugLoc&, unsigned int, int64_t, llvm::MachineInstr::MIFlag)’
   29 |   static void adjustReg(const TargetInstrInfo *TII, MachineBasicBlock &MBB,
      |               ^~~~~~~~~
[236/305] Building CXX object lib/Target/AIE/CMakeFiles/LLVMAIECodeGen.dir/AIE2PostLegalizerCustomCombiner.cpp.o
[237/305] Building CXX object lib/Target/AIE/CMakeFiles/LLVMAIECodeGen.dir/aie1/AIE1AsmPrinter.cpp.o
In file included from /home/jtuyls/iree-ai/llvm-aie-port/amd/aie/llvm/lib/Target/AIE/aie1/AIE1FrameLowering.h:18,
                 from /home/jtuyls/iree-ai/llvm-aie-port/amd/aie/llvm/lib/Target/AIE/aie1/AIE1Subtarget.h:19,
                 from /home/jtuyls/iree-ai/llvm-aie-port/amd/aie/llvm/lib/Target/AIE/aie1/AIE1TargetMachine.h:20,
                 from /home/jtuyls/iree-ai/llvm-aie-port/amd/aie/llvm/lib/Target/AIE/aie1/AIE1AsmPrinter.cpp:17:
/home/jtuyls/iree-ai/llvm-aie-port/amd/aie/llvm/lib/Target/AIE/AIEBaseFrameLowering.h:90:16: warning: ‘virtual void llvm::AIEBaseFrameLowering::adjustReg(llvm::MachineBasicBlock&, llvm::MachineBasicBlock::iterator, const llvm::DebugLoc&, unsigned int, int64_t, llvm::MachineInstr::MIFlag) const’ was hidden [-Woverloaded-virtual=]
   90 |   virtual void adjustReg(MachineBasicBlock &MBB,
      |                ^~~~~~~~~
/home/jtuyls/iree-ai/llvm-aie-port/amd/aie/llvm/lib/Target/AIE/aie1/AIE1FrameLowering.h:29:15: note:   by ‘static void llvm::AIEFrameLowering::adjustReg(const llvm::TargetInstrInfo*, llvm::MachineBasicBlock&, llvm::MachineBasicBlock::iterator, const llvm::DebugLoc&, unsigned int, int64_t, llvm::MachineInstr::MIFlag)’
   29 |   static void adjustReg(const TargetInstrInfo *TII, MachineBasicBlock &MBB,
      |               ^~~~~~~~~
[238/305] Building CXX object lib/Target/AIE/CMakeFiles/LLVMAIECodeGen.dir/aie1/AIE1ISelLowering.cpp.o
FAILED: lib/Target/AIE/CMakeFiles/LLVMAIECodeGen.dir/aie1/AIE1ISelLowering.cpp.o 
CCACHE_CPP2=yes CCACHE_HASHDIR=yes CCACHE_SLOPPINESS=pch_defines,time_macros /usr/bin/ccache /usr/bin/g++ -D_DEBUG -D_GLIBCXX_ASSERTIONS -D_GLIBCXX_USE_CXX11_ABI=1 -D_GNU_SOURCE -D_LIBCPP_HARDENING_MODE=_LIBCPP_HARDENING_MODE_EXTENSIVE -D__STDC_CONSTANT_MACROS -D__STDC_FORMAT_MACROS -D__STDC_LIMIT_MACROS -I/home/jtuyls/iree-ai/llvm-aie-port/build/lib/Target/AIE -I/home/jtuyls/iree-ai/llvm-aie-port/amd/aie/llvm/lib/Target/AIE -I/home/jtuyls/iree-ai/llvm-aie-port/build/include -I/home/jtuyls/iree-ai/llvm-aie-port/llvm/include -I/home/jtuyls/iree-ai/llvm-aie-port/amd/aie/llvm/include -fPIC -fno-semantic-interposition -fvisibility-inlines-hidden -Werror=date-time -Wall -Wextra -Wno-unused-parameter -Wwrite-strings -Wcast-qual -Wno-missing-field-initializers -pedantic -Wno-long-long -Wimplicit-fallthrough -Wno-uninitialized -Wno-nonnull -Wno-class-memaccess -Wno-dangling-reference -Wno-redundant-move -Wno-pessimizing-move -Wno-array-bounds -Wno-stringop-overread -Wno-dangling-pointer -Wno-noexcept-type -Wdelete-non-virtual-dtor -Wsuggest-override -Wno-comment -Wno-misleading-indentation -Wctad-maybe-unsupported -fdiagnostics-color -ffunction-sections -fdata-sections -O3 -DNDEBUG -std=c++17 -fvisibility=hidden -UNDEBUG -fno-exceptions -funwind-tables -fno-rtti -MD -MT lib/Target/AIE/CMakeFiles/LLVMAIECodeGen.dir/aie1/AIE1ISelLowering.cpp.o -MF lib/Target/AIE/CMakeFiles/LLVMAIECodeGen.dir/aie1/AIE1ISelLowering.cpp.o.d -o lib/Target/AIE/CMakeFiles/LLVMAIECodeGen.dir/aie1/AIE1ISelLowering.cpp.o -c /home/jtuyls/iree-ai/llvm-aie-port/amd/aie/llvm/lib/Target/AIE/aie1/AIE1ISelLowering.cpp
In file included from /home/jtuyls/iree-ai/llvm-aie-port/amd/aie/llvm/lib/Target/AIE/aie1/AIE1FrameLowering.h:18,
                 from /home/jtuyls/iree-ai/llvm-aie-port/amd/aie/llvm/lib/Target/AIE/aie1/AIE1Subtarget.h:19,
                 from /home/jtuyls/iree-ai/llvm-aie-port/amd/aie/llvm/lib/Target/AIE/aie1/AIE1ISelLowering.cpp:21:
/home/jtuyls/iree-ai/llvm-aie-port/amd/aie/llvm/lib/Target/AIE/AIEBaseFrameLowering.h:90:16: warning: ‘virtual void llvm::AIEBaseFrameLowering::adjustReg(llvm::MachineBasicBlock&, llvm::MachineBasicBlock::iterator, const llvm::DebugLoc&, unsigned int, int64_t, llvm::MachineInstr::MIFlag) const’ was hidden [-Woverloaded-virtual=]
   90 |   virtual void adjustReg(MachineBasicBlock &MBB,
      |                ^~~~~~~~~
/home/jtuyls/iree-ai/llvm-aie-port/amd/aie/llvm/lib/Target/AIE/aie1/AIE1FrameLowering.h:29:15: note:   by ‘static void llvm::AIEFrameLowering::adjustReg(const llvm::TargetInstrInfo*, llvm::MachineBasicBlock&, llvm::MachineBasicBlock::iterator, const llvm::DebugLoc&, unsigned int, int64_t, llvm::MachineInstr::MIFlag)’
   29 |   static void adjustReg(const TargetInstrInfo *TII, MachineBasicBlock &MBB,
      |               ^~~~~~~~~
/home/jtuyls/iree-ai/llvm-aie-port/amd/aie/llvm/lib/Target/AIE/aie1/AIE1ISelLowering.cpp: In member function ‘void llvm::AIE1TargetLowering::analyzeCallOperands(const llvm::TargetLowering::CallLoweringInfo&, llvm::CCState&) const’:
/home/jtuyls/iree-ai/llvm-aie-port/amd/aie/llvm/lib/Target/AIE/aie1/AIE1ISelLowering.cpp:614:18: error: ‘const struct llvm::ISD::OutputArg’ has no member named ‘IsFixed’
  614 |     if (!Outs[i].IsFixed && !UsesVarargCC) {
      |                  ^~~~~~~
/home/jtuyls/iree-ai/llvm-aie-port/amd/aie/llvm/lib/Target/AIE/aie1/AIE1ISelLowering.cpp:617:30: error: ‘const struct llvm::ISD::OutputArg’ has no member named ‘IsFixed’
  617 |     UsesVarargCC |= !Outs[i].IsFixed;
      |                              ^~~~~~~
In file included from /usr/include/c++/13/cassert:44,
                 from /home/jtuyls/iree-ai/llvm-aie-port/llvm/include/llvm/CodeGen/MachineFrameInfo.h:22,
                 from /home/jtuyls/iree-ai/llvm-aie-port/amd/aie/llvm/lib/Target/AIE/AIEMachineFunctionInfo.h:20,
                 from /home/jtuyls/iree-ai/llvm-aie-port/amd/aie/llvm/lib/Target/AIE/aie1/AIE1ISelLowering.cpp:22:
/home/jtuyls/iree-ai/llvm-aie-port/amd/aie/llvm/lib/Target/AIE/aie1/AIE1ISelLowering.cpp:618:39: error: ‘const struct llvm::ISD::OutputArg’ has no member named ‘IsFixed’
  618 |     assert((!UsesVarargCC || !Outs[i].IsFixed) &&
      |                                       ^~~~~~~
/home/jtuyls/iree-ai/llvm-aie-port/amd/aie/llvm/lib/Target/AIE/aie1/AIE1ISelLowering.cpp:623:64: error: cannot convert ‘llvm::CCState’ to ‘llvm::Type*’ in argument passing
  623 |     if (AssignFn(i, ArgVT, ArgVT, CCValAssign::Full, ArgFlags, CCInfo)) {
      |                                                                ^~~~~~
      |                                                                |
      |                                                                llvm::CCState
[239/305] Building CXX object lib/Target/AIE/CMakeFiles/LLVMAIECodeGen.dir/aie1/AIE1RegisterInfo.cpp.o
In file included from /home/jtuyls/iree-ai/llvm-aie-port/amd/aie/llvm/lib/Target/AIE/aie1/AIE1FrameLowering.h:18,
                 from /home/jtuyls/iree-ai/llvm-aie-port/amd/aie/llvm/lib/Target/AIE/aie1/AIE1Subtarget.h:19,
                 from /home/jtuyls/iree-ai/llvm-aie-port/amd/aie/llvm/lib/Target/AIE/aie1/AIE1RegisterInfo.cpp:17:
/home/jtuyls/iree-ai/llvm-aie-port/amd/aie/llvm/lib/Target/AIE/AIEBaseFrameLowering.h:90:16: warning: ‘virtual void llvm::AIEBaseFrameLowering::adjustReg(llvm::MachineBasicBlock&, llvm::MachineBasicBlock::iterator, const llvm::DebugLoc&, unsigned int, int64_t, llvm::MachineInstr::MIFlag) const’ was hidden [-Woverloaded-virtual=]
   90 |   virtual void adjustReg(MachineBasicBlock &MBB,
      |                ^~~~~~~~~
/home/jtuyls/iree-ai/llvm-aie-port/amd/aie/llvm/lib/Target/AIE/aie1/AIE1FrameLowering.h:29:15: note:   by ‘static void llvm::AIEFrameLowering::adjustReg(const llvm::TargetInstrInfo*, llvm::MachineBasicBlock&, llvm::MachineBasicBlock::iterator, const llvm::DebugLoc&, unsigned int, int64_t, llvm::MachineInstr::MIFlag)’
   29 |   static void adjustReg(const TargetInstrInfo *TII, MachineBasicBlock &MBB,
      |               ^~~~~~~~~
[240/305] Building CXX object lib/Target/AIE/CMakeFiles/LLVMAIECodeGen.dir/aie1/AIE1Subtarget.cpp.o
In file included from /home/jtuyls/iree-ai/llvm-aie-port/amd/aie/llvm/lib/Target/AIE/aie1/AIE1FrameLowering.h:18,
                 from /home/jtuyls/iree-ai/llvm-aie-port/amd/aie/llvm/lib/Target/AIE/aie1/AIE1Subtarget.h:19,
                 from /home/jtuyls/iree-ai/llvm-aie-port/amd/aie/llvm/lib/Target/AIE/aie1/AIE1Subtarget.cpp:15:
/home/jtuyls/iree-ai/llvm-aie-port/amd/aie/llvm/lib/Target/AIE/AIEBaseFrameLowering.h:90:16: warning: ‘virtual void llvm::AIEBaseFrameLowering::adjustReg(llvm::MachineBasicBlock&, llvm::MachineBasicBlock::iterator, const llvm::DebugLoc&, unsigned int, int64_t, llvm::MachineInstr::MIFlag) const’ was hidden [-Woverloaded-virtual=]
   90 |   virtual void adjustReg(MachineBasicBlock &MBB,
      |                ^~~~~~~~~
/home/jtuyls/iree-ai/llvm-aie-port/amd/aie/llvm/lib/Target/AIE/aie1/AIE1FrameLowering.h:29:15: note:   by ‘static void llvm::AIEFrameLowering::adjustReg(const llvm::TargetInstrInfo*, llvm::MachineBasicBlock&, llvm::MachineBasicBlock::iterator, const llvm::DebugLoc&, unsigned int, int64_t, llvm::MachineInstr::MIFlag)’
   29 |   static void adjustReg(const TargetInstrInfo *TII, MachineBasicBlock &MBB,
      |               ^~~~~~~~~
[241/305] Building CXX object lib/Target/AIE/CMakeFiles/LLVMAIECodeGen.dir/aie1/AIE1LegalizerInfo.cpp.o
[242/305] Building CXX object lib/Target/AIE/CMakeFiles/LLVMAIECodeGen.dir/AIE2InstructionSelector.cpp.o
[243/305] Building CXX object lib/Target/AIE/CMakeFiles/LLVMAIECodeGen.dir/AIE2TargetMachine.cpp.o
FAILED: lib/Target/AIE/CMakeFiles/LLVMAIECodeGen.dir/AIE2TargetMachine.cpp.o 
CCACHE_CPP2=yes CCACHE_HASHDIR=yes CCACHE_SLOPPINESS=pch_defines,time_macros /usr/bin/ccache /usr/bin/g++ -D_DEBUG -D_GLIBCXX_ASSERTIONS -D_GLIBCXX_USE_CXX11_ABI=1 -D_GNU_SOURCE -D_LIBCPP_HARDENING_MODE=_LIBCPP_HARDENING_MODE_EXTENSIVE -D__STDC_CONSTANT_MACROS -D__STDC_FORMAT_MACROS -D__STDC_LIMIT_MACROS -I/home/jtuyls/iree-ai/llvm-aie-port/build/lib/Target/AIE -I/home/jtuyls/iree-ai/llvm-aie-port/amd/aie/llvm/lib/Target/AIE -I/home/jtuyls/iree-ai/llvm-aie-port/build/include -I/home/jtuyls/iree-ai/llvm-aie-port/llvm/include -I/home/jtuyls/iree-ai/llvm-aie-port/amd/aie/llvm/include -fPIC -fno-semantic-interposition -fvisibility-inlines-hidden -Werror=date-time -Wall -Wextra -Wno-unused-parameter -Wwrite-strings -Wcast-qual -Wno-missing-field-initializers -pedantic -Wno-long-long -Wimplicit-fallthrough -Wno-uninitialized -Wno-nonnull -Wno-class-memaccess -Wno-dangling-reference -Wno-redundant-move -Wno-pessimizing-move -Wno-array-bounds -Wno-stringop-overread -Wno-dangling-pointer -Wno-noexcept-type -Wdelete-non-virtual-dtor -Wsuggest-override -Wno-comment -Wno-misleading-indentation -Wctad-maybe-unsupported -fdiagnostics-color -ffunction-sections -fdata-sections -O3 -DNDEBUG -std=c++17 -fvisibility=hidden -UNDEBUG -fno-exceptions -funwind-tables -fno-rtti -MD -MT lib/Target/AIE/CMakeFiles/LLVMAIECodeGen.dir/AIE2TargetMachine.cpp.o -MF lib/Target/AIE/CMakeFiles/LLVMAIECodeGen.dir/AIE2TargetMachine.cpp.o.d -o lib/Target/AIE/CMakeFiles/LLVMAIECodeGen.dir/AIE2TargetMachine.cpp.o -c /home/jtuyls/iree-ai/llvm-aie-port/amd/aie/llvm/lib/Target/AIE/AIE2TargetMachine.cpp
In file included from /home/jtuyls/iree-ai/llvm-aie-port/amd/aie/llvm/lib/Target/AIE/AIE2FrameLowering.h:18,
                 from /home/jtuyls/iree-ai/llvm-aie-port/amd/aie/llvm/lib/Target/AIE/AIE2Subtarget.h:19,
                 from /home/jtuyls/iree-ai/llvm-aie-port/amd/aie/llvm/lib/Target/AIE/AIE2TargetMachine.h:18,
                 from /home/jtuyls/iree-ai/llvm-aie-port/amd/aie/llvm/lib/Target/AIE/AIE2TargetMachine.cpp:15:
/home/jtuyls/iree-ai/llvm-aie-port/amd/aie/llvm/lib/Target/AIE/AIEBaseFrameLowering.h:90:16: warning: ‘virtual void llvm::AIEBaseFrameLowering::adjustReg(llvm::MachineBasicBlock&, llvm::MachineBasicBlock::iterator, const llvm::DebugLoc&, unsigned int, int64_t, llvm::MachineInstr::MIFlag) const’ was hidden [-Woverloaded-virtual=]
   90 |   virtual void adjustReg(MachineBasicBlock &MBB,
      |                ^~~~~~~~~
In file included from /home/jtuyls/iree-ai/llvm-aie-port/amd/aie/llvm/lib/Target/AIE/aie1/AIE1Subtarget.h:19,
                 from /home/jtuyls/iree-ai/llvm-aie-port/amd/aie/llvm/lib/Target/AIE/AIEBaseTargetTransformInfo.h:21,
                 from /home/jtuyls/iree-ai/llvm-aie-port/amd/aie/llvm/lib/Target/AIE/AIE2TargetTransformInfo.h:21,
                 from /home/jtuyls/iree-ai/llvm-aie-port/amd/aie/llvm/lib/Target/AIE/AIE2TargetMachine.cpp:16:
/home/jtuyls/iree-ai/llvm-aie-port/amd/aie/llvm/lib/Target/AIE/aie1/AIE1FrameLowering.h:29:15: note:   by ‘static void llvm::AIEFrameLowering::adjustReg(const llvm::TargetInstrInfo*, llvm::MachineBasicBlock&, llvm::MachineBasicBlock::iterator, const llvm::DebugLoc&, unsigned int, int64_t, llvm::MachineInstr::MIFlag)’
   29 |   static void adjustReg(const TargetInstrInfo *TII, MachineBasicBlock &MBB,
      |               ^~~~~~~~~
/home/jtuyls/iree-ai/llvm-aie-port/amd/aie/llvm/lib/Target/AIE/AIEBaseTargetTransformInfo.h: In instantiation of ‘class llvm::AIEBaseTTIImpl<llvm::AIE2TTIImpl>’:
/home/jtuyls/iree-ai/llvm-aie-port/amd/aie/llvm/lib/Target/AIE/AIE2TargetTransformInfo.h:33:28:   required from here
/home/jtuyls/iree-ai/llvm-aie-port/amd/aie/llvm/lib/Target/AIE/AIEBaseTargetTransformInfo.h:88:7: error: conflicting return type specified for ‘int llvm::AIEBaseTTIImpl<T>::getIntImmCost(const llvm::APInt&, llvm::Type*, llvm::TargetTransformInfo::TargetCostKind) const [with T = llvm::AIE2TTIImpl]’
   88 |   int getIntImmCost(const APInt &Imm, Type *Ty, TTI::TargetCostKind CostKind) const {
      |       ^~~~~~~~~~~~~
In file included from /home/jtuyls/iree-ai/llvm-aie-port/llvm/include/llvm/CodeGen/BasicTTIImpl.h:28,
                 from /home/jtuyls/iree-ai/llvm-aie-port/amd/aie/llvm/lib/Target/AIE/AIEBaseTargetTransformInfo.h:23:
/home/jtuyls/iree-ai/llvm-aie-port/llvm/include/llvm/Analysis/TargetTransformInfoImpl.h:587:27: note: overridden function is ‘virtual llvm::InstructionCost llvm::TargetTransformInfoImplBase::getIntImmCost(const llvm::APInt&, llvm::Type*, llvm::TargetTransformInfo::TargetCostKind) const’
  587 |   virtual InstructionCost getIntImmCost(const APInt &Imm, Type *Ty,
      |                           ^~~~~~~~~~~~~
/home/jtuyls/iree-ai/llvm-aie-port/amd/aie/llvm/lib/Target/AIE/AIEBaseTargetTransformInfo.h:88:7: warning: ‘int llvm::AIEBaseTTIImpl<T>::getIntImmCost(const llvm::APInt&, llvm::Type*, llvm::TargetTransformInfo::TargetCostKind) const [with T = llvm::AIE2TTIImpl]’ can be marked override [-Wsuggest-override]
   88 |   int getIntImmCost(const APInt &Imm, Type *Ty, TTI::TargetCostKind CostKind) const {
      |       ^~~~~~~~~~~~~
/home/jtuyls/iree-ai/llvm-aie-port/amd/aie/llvm/lib/Target/AIE/AIEBaseTargetTransformInfo.h:119:12: warning: ‘llvm::TypeSize llvm::AIEBaseTTIImpl<T>::getRegisterBitWidth(llvm::TargetTransformInfo::RegisterKind) const [with T = llvm::AIE2TTIImpl]’ can be marked override [-Wsuggest-override]
  119 |   TypeSize getRegisterBitWidth(TargetTransformInfo::RegisterKind K) const {
      |            ^~~~~~~~~~~~~~~~~~~
/home/jtuyls/iree-ai/llvm-aie-port/amd/aie/llvm/lib/Target/AIE/AIEBaseTargetTransformInfo.h:134:12: warning: ‘unsigned int llvm::AIEBaseTTIImpl<T>::getMinVectorRegisterBitWidth() const [with T = llvm::AIE2TTIImpl]’ can be marked override [-Wsuggest-override]
  134 |   unsigned getMinVectorRegisterBitWidth() const { return 512; }
      |            ^~~~~~~~~~~~~~~~~~~~~~~~~~~~
/home/jtuyls/iree-ai/llvm-aie-port/amd/aie/llvm/lib/Target/AIE/AIEBaseTargetTransformInfo.h:149:19: warning: ‘llvm::InstructionCost llvm::AIEBaseTTIImpl<T>::getArithmeticInstrCost(unsigned int, llvm::Type*, llvm::TargetTransformInfo::TargetCostKind, llvm::TargetTransformInfo::OperandValueInfo, llvm::TargetTransformInfo::OperandValueInfo, llvm::ArrayRef<const llvm::Value*>, const llvm::Instruction*) const [with T = llvm::AIE2TTIImpl]’ can be marked override [-Wsuggest-override]
  149 |   InstructionCost getArithmeticInstrCost(
      |                   ^~~~~~~~~~~~~~~~~~~~~~
/home/jtuyls/iree-ai/llvm-aie-port/amd/aie/llvm/lib/Target/AIE/AIEBaseTargetTransformInfo.h:167:12: warning: ‘unsigned int llvm::AIEBaseTTIImpl<T>::getStoreVectorFactor(unsigned int, unsigned int, unsigned int, llvm::VectorType*) const [with T = llvm::AIE2TTIImpl]’ can be marked override [-Wsuggest-override]
  167 |   unsigned getStoreVectorFactor(unsigned VF, unsigned StoreSizeInBits,
      |            ^~~~~~~~~~~~~~~~~~~~
/home/jtuyls/iree-ai/llvm-aie-port/amd/aie/llvm/lib/Target/AIE/AIEBaseTargetTransformInfo.h:179:12: warning: ‘unsigned int llvm::AIEBaseTTIImpl<T>::getLoadVectorFactor(unsigned int, unsigned int, unsigned int, llvm::VectorType*) const [with T = llvm::AIE2TTIImpl]’ can be marked override [-Wsuggest-override]
  179 |   unsigned getLoadVectorFactor(unsigned VF, unsigned LoadSizeInBits,
      |            ^~~~~~~~~~~~~~~~~~~
/home/jtuyls/iree-ai/llvm-aie-port/amd/aie/llvm/lib/Target/AIE/AIEBaseTargetTransformInfo.h:186:8: warning: ‘bool llvm::AIEBaseTTIImpl<T>::isLegalToVectorizeStoreChain(unsigned int, llvm::Align, unsigned int) const [with T = llvm::AIE2TTIImpl]’ can be marked override [-Wsuggest-override]
  186 |   bool isLegalToVectorizeStoreChain(unsigned ChainSizeInBytes, Align Alignment,
      |        ^~~~~~~~~~~~~~~~~~~~~~~~~~~~
/home/jtuyls/iree-ai/llvm-aie-port/amd/aie/llvm/lib/Target/AIE/AIE2TargetTransformInfo.h:44:32: warning: ‘virtual std::optional<llvm::Instruction*> llvm::AIE2TTIImpl::instCombineIntrinsic(llvm::InstCombiner&, llvm::IntrinsicInst&) const’ can be marked override [-Wsuggest-override]
   44 |   std::optional<Instruction *> instCombineIntrinsic(InstCombiner &IC,
      |                                ^~~~~~~~~~~~~~~~~~~~
/home/jtuyls/iree-ai/llvm-aie-port/amd/aie/llvm/lib/Target/AIE/AIE2TargetTransformInfo.h:63:19: warning: ‘virtual llvm::InstructionCost llvm::AIE2TTIImpl::getMemoryOpCost(unsigned int, llvm::Type*, llvm::Align, unsigned int, llvm::TargetTransformInfo::TargetCostKind, llvm::TargetTransformInfo::OperandValueInfo, const llvm::Instruction*) const’ can be marked override [-Wsuggest-override]
   63 |   InstructionCost getMemoryOpCost(
      |                   ^~~~~~~~~~~~~~~
/home/jtuyls/iree-ai/llvm-aie-port/amd/aie/llvm/lib/Target/AIE/AIE2TargetMachine.cpp: In member function ‘virtual llvm::TargetTransformInfo llvm::AIE2TargetMachine::getTargetTransformInfo(const llvm::Function&) const’:
/home/jtuyls/iree-ai/llvm-aie-port/amd/aie/llvm/lib/Target/AIE/AIE2TargetMachine.cpp:257:50: error: no matching function for call to ‘llvm::TargetTransformInfo::TargetTransformInfo(llvm::AIE2TTIImpl)’
  257 |   return TargetTransformInfo(AIE2TTIImpl(this, F));
      |                                                  ^
In file included from /home/jtuyls/iree-ai/llvm-aie-port/amd/aie/llvm/lib/Target/AIE/AIEBaseTargetTransformInfo.h:22:
/home/jtuyls/iree-ai/llvm-aie-port/llvm/include/llvm/Analysis/TargetTransformInfo.h:306:12: note: candidate: ‘llvm::TargetTransformInfo::TargetTransformInfo(llvm::TargetTransformInfo&&)’
  306 |   LLVM_ABI TargetTransformInfo(TargetTransformInfo &&Arg);
      |            ^~~~~~~~~~~~~~~~~~~
/home/jtuyls/iree-ai/llvm-aie-port/llvm/include/llvm/Analysis/TargetTransformInfo.h:306:54: note:   no known conversion for argument 1 from ‘llvm::AIE2TTIImpl’ to ‘llvm::TargetTransformInfo&&’
  306 |   LLVM_ABI TargetTransformInfo(TargetTransformInfo &&Arg);
      |                                ~~~~~~~~~~~~~~~~~~~~~~^~~
/home/jtuyls/iree-ai/llvm-aie-port/llvm/include/llvm/Analysis/TargetTransformInfo.h:303:21: note: candidate: ‘llvm::TargetTransformInfo::TargetTransformInfo(const llvm::DataLayout&)’
  303 |   LLVM_ABI explicit TargetTransformInfo(const DataLayout &DL);
      |                     ^~~~~~~~~~~~~~~~~~~
/home/jtuyls/iree-ai/llvm-aie-port/llvm/include/llvm/Analysis/TargetTransformInfo.h:303:59: note:   no known conversion for argument 1 from ‘llvm::AIE2TTIImpl’ to ‘const llvm::DataLayout&’
  303 |   LLVM_ABI explicit TargetTransformInfo(const DataLayout &DL);
      |                                         ~~~~~~~~~~~~~~~~~~^~
/home/jtuyls/iree-ai/llvm-aie-port/llvm/include/llvm/Analysis/TargetTransformInfo.h:295:21: note: candidate: ‘llvm::TargetTransformInfo::TargetTransformInfo(std::unique_ptr<const llvm::TargetTransformInfoImplBase>)’
  295 |   LLVM_ABI explicit TargetTransformInfo(
      |                     ^~~~~~~~~~~~~~~~~~~
/home/jtuyls/iree-ai/llvm-aie-port/llvm/include/llvm/Analysis/TargetTransformInfo.h:296:58: note:   no known conversion for argument 1 from ‘llvm::AIE2TTIImpl’ to ‘std::unique_ptr<const llvm::TargetTransformInfoImplBase>’
  296 |       std::unique_ptr<const TargetTransformInfoImplBase> Impl);
      |       ~~~~~~~~~~~~~~~~~~~~~~~~~~~~~~~~~~~~~~~~~~~~~~~~~~~^~~~
[244/305] Building CXX object lib/Target/AIE/InstPrinter/CMakeFiles/LLVMAIEAsmPrinter.dir/AIECommonInstPrinter.cpp.o
FAILED: lib/Target/AIE/InstPrinter/CMakeFiles/LLVMAIEAsmPrinter.dir/AIECommonInstPrinter.cpp.o 
CCACHE_CPP2=yes CCACHE_HASHDIR=yes CCACHE_SLOPPINESS=pch_defines,time_macros /usr/bin/ccache /usr/bin/g++ -D_DEBUG -D_GLIBCXX_ASSERTIONS -D_GLIBCXX_USE_CXX11_ABI=1 -D_GNU_SOURCE -D_LIBCPP_HARDENING_MODE=_LIBCPP_HARDENING_MODE_EXTENSIVE -D__STDC_CONSTANT_MACROS -D__STDC_FORMAT_MACROS -D__STDC_LIMIT_MACROS -I/home/jtuyls/iree-ai/llvm-aie-port/build/lib/Target/AIE/InstPrinter -I/home/jtuyls/iree-ai/llvm-aie-port/amd/aie/llvm/lib/Target/AIE/InstPrinter -I/home/jtuyls/iree-ai/llvm-aie-port/amd/aie/llvm/lib/Target/AIE -I/home/jtuyls/iree-ai/llvm-aie-port/build/lib/Target/AIE -I/home/jtuyls/iree-ai/llvm-aie-port/build/include -I/home/jtuyls/iree-ai/llvm-aie-port/llvm/include -I/home/jtuyls/iree-ai/llvm-aie-port/amd/aie/llvm/include -fPIC -fno-semantic-interposition -fvisibility-inlines-hidden -Werror=date-time -Wall -Wextra -Wno-unused-parameter -Wwrite-strings -Wcast-qual -Wno-missing-field-initializers -pedantic -Wno-long-long -Wimplicit-fallthrough -Wno-uninitialized -Wno-nonnull -Wno-class-memaccess -Wno-dangling-reference -Wno-redundant-move -Wno-pessimizing-move -Wno-array-bounds -Wno-stringop-overread -Wno-dangling-pointer -Wno-noexcept-type -Wdelete-non-virtual-dtor -Wsuggest-override -Wno-comment -Wno-misleading-indentation -Wctad-maybe-unsupported -fdiagnostics-color -ffunction-sections -fdata-sections -O3 -DNDEBUG -std=c++17 -fvisibility=hidden -UNDEBUG -fno-exceptions -funwind-tables -fno-rtti -MD -MT lib/Target/AIE/InstPrinter/CMakeFiles/LLVMAIEAsmPrinter.dir/AIECommonInstPrinter.cpp.o -MF lib/Target/AIE/InstPrinter/CMakeFiles/LLVMAIEAsmPrinter.dir/AIECommonInstPrinter.cpp.o.d -o lib/Target/AIE/InstPrinter/CMakeFiles/LLVMAIEAsmPrinter.dir/AIECommonInstPrinter.cpp.o -c /home/jtuyls/iree-ai/llvm-aie-port/amd/aie/llvm/lib/Target/AIE/InstPrinter/AIECommonInstPrinter.cpp
/home/jtuyls/iree-ai/llvm-aie-port/amd/aie/llvm/lib/Target/AIE/InstPrinter/AIECommonInstPrinter.cpp: In member function ‘void llvm::AIECommonInstPrinter::printOperand(const llvm::MCOperand&, const llvm::MCSubtargetInfo&, llvm::raw_ostream&)’:
/home/jtuyls/iree-ai/llvm-aie-port/amd/aie/llvm/lib/Target/AIE/InstPrinter/AIECommonInstPrinter.cpp:87:22: error: ‘void llvm::MCExpr::print(llvm::raw_ostream&, const llvm::MCAsmInfo*, int) const’ is private within this context
   87 |   MO.getExpr()->print(O, &MAI);
      |   ~~~~~~~~~~~~~~~~~~~^~~~~~~~~
In file included from /home/jtuyls/iree-ai/llvm-aie-port/llvm/include/llvm/MC/MCSymbol.h:18,
                 from /home/jtuyls/iree-ai/llvm-aie-port/llvm/include/llvm/MC/MCObjectWriter.h:12,
                 from /home/jtuyls/iree-ai/llvm-aie-port/amd/aie/llvm/lib/Target/AIE/MCTargetDesc/AIEMCTargetDesc.h:19,
                 from /home/jtuyls/iree-ai/llvm-aie-port/amd/aie/llvm/lib/Target/AIE/InstPrinter/AIECommonInstPrinter.h:19,
                 from /home/jtuyls/iree-ai/llvm-aie-port/amd/aie/llvm/lib/Target/AIE/InstPrinter/AIECommonInstPrinter.cpp:14:
/home/jtuyls/iree-ai/llvm-aie-port/llvm/include/llvm/MC/MCExpr.h:60:8: note: declared private here
   60 |   void print(raw_ostream &OS, const MCAsmInfo *MAI,
      |        ^~~~~
[245/305] Building CXX object lib/Target/AIE/CMakeFiles/LLVMAIECodeGen.dir/AIE2TargetTransformInfo.cpp.o
FAILED: lib/Target/AIE/CMakeFiles/LLVMAIECodeGen.dir/AIE2TargetTransformInfo.cpp.o 
CCACHE_CPP2=yes CCACHE_HASHDIR=yes CCACHE_SLOPPINESS=pch_defines,time_macros /usr/bin/ccache /usr/bin/g++ -D_DEBUG -D_GLIBCXX_ASSERTIONS -D_GLIBCXX_USE_CXX11_ABI=1 -D_GNU_SOURCE -D_LIBCPP_HARDENING_MODE=_LIBCPP_HARDENING_MODE_EXTENSIVE -D__STDC_CONSTANT_MACROS -D__STDC_FORMAT_MACROS -D__STDC_LIMIT_MACROS -I/home/jtuyls/iree-ai/llvm-aie-port/build/lib/Target/AIE -I/home/jtuyls/iree-ai/llvm-aie-port/amd/aie/llvm/lib/Target/AIE -I/home/jtuyls/iree-ai/llvm-aie-port/build/include -I/home/jtuyls/iree-ai/llvm-aie-port/llvm/include -I/home/jtuyls/iree-ai/llvm-aie-port/amd/aie/llvm/include -fPIC -fno-semantic-interposition -fvisibility-inlines-hidden -Werror=date-time -Wall -Wextra -Wno-unused-parameter -Wwrite-strings -Wcast-qual -Wno-missing-field-initializers -pedantic -Wno-long-long -Wimplicit-fallthrough -Wno-uninitialized -Wno-nonnull -Wno-class-memaccess -Wno-dangling-reference -Wno-redundant-move -Wno-pessimizing-move -Wno-array-bounds -Wno-stringop-overread -Wno-dangling-pointer -Wno-noexcept-type -Wdelete-non-virtual-dtor -Wsuggest-override -Wno-comment -Wno-misleading-indentation -Wctad-maybe-unsupported -fdiagnostics-color -ffunction-sections -fdata-sections -O3 -DNDEBUG -std=c++17 -fvisibility=hidden -UNDEBUG -fno-exceptions -funwind-tables -fno-rtti -MD -MT lib/Target/AIE/CMakeFiles/LLVMAIECodeGen.dir/AIE2TargetTransformInfo.cpp.o -MF lib/Target/AIE/CMakeFiles/LLVMAIECodeGen.dir/AIE2TargetTransformInfo.cpp.o.d -o lib/Target/AIE/CMakeFiles/LLVMAIECodeGen.dir/AIE2TargetTransformInfo.cpp.o -c /home/jtuyls/iree-ai/llvm-aie-port/amd/aie/llvm/lib/Target/AIE/AIE2TargetTransformInfo.cpp
In file included from /home/jtuyls/iree-ai/llvm-aie-port/amd/aie/llvm/lib/Target/AIE/AIE2FrameLowering.h:18,
                 from /home/jtuyls/iree-ai/llvm-aie-port/amd/aie/llvm/lib/Target/AIE/AIE2Subtarget.h:19,
                 from /home/jtuyls/iree-ai/llvm-aie-port/amd/aie/llvm/lib/Target/AIE/AIE2TargetMachine.h:18,
                 from /home/jtuyls/iree-ai/llvm-aie-port/amd/aie/llvm/lib/Target/AIE/AIE2TargetTransformInfo.h:20,
                 from /home/jtuyls/iree-ai/llvm-aie-port/amd/aie/llvm/lib/Target/AIE/AIE2TargetTransformInfo.cpp:11:
/home/jtuyls/iree-ai/llvm-aie-port/amd/aie/llvm/lib/Target/AIE/AIEBaseFrameLowering.h:90:16: warning: ‘virtual void llvm::AIEBaseFrameLowering::adjustReg(llvm::MachineBasicBlock&, llvm::MachineBasicBlock::iterator, const llvm::DebugLoc&, unsigned int, int64_t, llvm::MachineInstr::MIFlag) const’ was hidden [-Woverloaded-virtual=]
   90 |   virtual void adjustReg(MachineBasicBlock &MBB,
      |                ^~~~~~~~~
In file included from /home/jtuyls/iree-ai/llvm-aie-port/amd/aie/llvm/lib/Target/AIE/aie1/AIE1Subtarget.h:19,
                 from /home/jtuyls/iree-ai/llvm-aie-port/amd/aie/llvm/lib/Target/AIE/AIEBaseTargetTransformInfo.h:21,
                 from /home/jtuyls/iree-ai/llvm-aie-port/amd/aie/llvm/lib/Target/AIE/AIE2TargetTransformInfo.h:21:
/home/jtuyls/iree-ai/llvm-aie-port/amd/aie/llvm/lib/Target/AIE/aie1/AIE1FrameLowering.h:29:15: note:   by ‘static void llvm::AIEFrameLowering::adjustReg(const llvm::TargetInstrInfo*, llvm::MachineBasicBlock&, llvm::MachineBasicBlock::iterator, const llvm::DebugLoc&, unsigned int, int64_t, llvm::MachineInstr::MIFlag)’
   29 |   static void adjustReg(const TargetInstrInfo *TII, MachineBasicBlock &MBB,
      |               ^~~~~~~~~
/home/jtuyls/iree-ai/llvm-aie-port/amd/aie/llvm/lib/Target/AIE/AIEBaseTargetTransformInfo.h: In instantiation of ‘class llvm::AIEBaseTTIImpl<llvm::AIE2TTIImpl>’:
/home/jtuyls/iree-ai/llvm-aie-port/amd/aie/llvm/lib/Target/AIE/AIE2TargetTransformInfo.h:33:28:   required from here
/home/jtuyls/iree-ai/llvm-aie-port/amd/aie/llvm/lib/Target/AIE/AIEBaseTargetTransformInfo.h:88:7: error: conflicting return type specified for ‘int llvm::AIEBaseTTIImpl<T>::getIntImmCost(const llvm::APInt&, llvm::Type*, llvm::TargetTransformInfo::TargetCostKind) const [with T = llvm::AIE2TTIImpl]’
   88 |   int getIntImmCost(const APInt &Imm, Type *Ty, TTI::TargetCostKind CostKind) const {
      |       ^~~~~~~~~~~~~
In file included from /home/jtuyls/iree-ai/llvm-aie-port/llvm/include/llvm/CodeGen/BasicTTIImpl.h:28,
                 from /home/jtuyls/iree-ai/llvm-aie-port/amd/aie/llvm/lib/Target/AIE/AIEBaseTargetTransformInfo.h:23:
/home/jtuyls/iree-ai/llvm-aie-port/llvm/include/llvm/Analysis/TargetTransformInfoImpl.h:587:27: note: overridden function is ‘virtual llvm::InstructionCost llvm::TargetTransformInfoImplBase::getIntImmCost(const llvm::APInt&, llvm::Type*, llvm::TargetTransformInfo::TargetCostKind) const’
  587 |   virtual InstructionCost getIntImmCost(const APInt &Imm, Type *Ty,
      |                           ^~~~~~~~~~~~~
/home/jtuyls/iree-ai/llvm-aie-port/amd/aie/llvm/lib/Target/AIE/AIEBaseTargetTransformInfo.h:88:7: warning: ‘int llvm::AIEBaseTTIImpl<T>::getIntImmCost(const llvm::APInt&, llvm::Type*, llvm::TargetTransformInfo::TargetCostKind) const [with T = llvm::AIE2TTIImpl]’ can be marked override [-Wsuggest-override]
   88 |   int getIntImmCost(const APInt &Imm, Type *Ty, TTI::TargetCostKind CostKind) const {
      |       ^~~~~~~~~~~~~
/home/jtuyls/iree-ai/llvm-aie-port/amd/aie/llvm/lib/Target/AIE/AIEBaseTargetTransformInfo.h:119:12: warning: ‘llvm::TypeSize llvm::AIEBaseTTIImpl<T>::getRegisterBitWidth(llvm::TargetTransformInfo::RegisterKind) const [with T = llvm::AIE2TTIImpl]’ can be marked override [-Wsuggest-override]
  119 |   TypeSize getRegisterBitWidth(TargetTransformInfo::RegisterKind K) const {
      |            ^~~~~~~~~~~~~~~~~~~
/home/jtuyls/iree-ai/llvm-aie-port/amd/aie/llvm/lib/Target/AIE/AIEBaseTargetTransformInfo.h:134:12: warning: ‘unsigned int llvm::AIEBaseTTIImpl<T>::getMinVectorRegisterBitWidth() const [with T = llvm::AIE2TTIImpl]’ can be marked override [-Wsuggest-override]
  134 |   unsigned getMinVectorRegisterBitWidth() const { return 512; }
      |            ^~~~~~~~~~~~~~~~~~~~~~~~~~~~
/home/jtuyls/iree-ai/llvm-aie-port/amd/aie/llvm/lib/Target/AIE/AIEBaseTargetTransformInfo.h:149:19: warning: ‘llvm::InstructionCost llvm::AIEBaseTTIImpl<T>::getArithmeticInstrCost(unsigned int, llvm::Type*, llvm::TargetTransformInfo::TargetCostKind, llvm::TargetTransformInfo::OperandValueInfo, llvm::TargetTransformInfo::OperandValueInfo, llvm::ArrayRef<const llvm::Value*>, const llvm::Instruction*) const [with T = llvm::AIE2TTIImpl]’ can be marked override [-Wsuggest-override]
  149 |   InstructionCost getArithmeticInstrCost(
      |                   ^~~~~~~~~~~~~~~~~~~~~~
/home/jtuyls/iree-ai/llvm-aie-port/amd/aie/llvm/lib/Target/AIE/AIEBaseTargetTransformInfo.h:167:12: warning: ‘unsigned int llvm::AIEBaseTTIImpl<T>::getStoreVectorFactor(unsigned int, unsigned int, unsigned int, llvm::VectorType*) const [with T = llvm::AIE2TTIImpl]’ can be marked override [-Wsuggest-override]
  167 |   unsigned getStoreVectorFactor(unsigned VF, unsigned StoreSizeInBits,
      |            ^~~~~~~~~~~~~~~~~~~~
/home/jtuyls/iree-ai/llvm-aie-port/amd/aie/llvm/lib/Target/AIE/AIEBaseTargetTransformInfo.h:179:12: warning: ‘unsigned int llvm::AIEBaseTTIImpl<T>::getLoadVectorFactor(unsigned int, unsigned int, unsigned int, llvm::VectorType*) const [with T = llvm::AIE2TTIImpl]’ can be marked override [-Wsuggest-override]
  179 |   unsigned getLoadVectorFactor(unsigned VF, unsigned LoadSizeInBits,
      |            ^~~~~~~~~~~~~~~~~~~
/home/jtuyls/iree-ai/llvm-aie-port/amd/aie/llvm/lib/Target/AIE/AIEBaseTargetTransformInfo.h:186:8: warning: ‘bool llvm::AIEBaseTTIImpl<T>::isLegalToVectorizeStoreChain(unsigned int, llvm::Align, unsigned int) const [with T = llvm::AIE2TTIImpl]’ can be marked override [-Wsuggest-override]
  186 |   bool isLegalToVectorizeStoreChain(unsigned ChainSizeInBytes, Align Alignment,
      |        ^~~~~~~~~~~~~~~~~~~~~~~~~~~~
/home/jtuyls/iree-ai/llvm-aie-port/amd/aie/llvm/lib/Target/AIE/AIE2TargetTransformInfo.h:44:32: warning: ‘virtual std::optional<llvm::Instruction*> llvm::AIE2TTIImpl::instCombineIntrinsic(llvm::InstCombiner&, llvm::IntrinsicInst&) const’ can be marked override [-Wsuggest-override]
   44 |   std::optional<Instruction *> instCombineIntrinsic(InstCombiner &IC,
      |                                ^~~~~~~~~~~~~~~~~~~~
/home/jtuyls/iree-ai/llvm-aie-port/amd/aie/llvm/lib/Target/AIE/AIE2TargetTransformInfo.h:63:19: warning: ‘virtual llvm::InstructionCost llvm::AIE2TTIImpl::getMemoryOpCost(unsigned int, llvm::Type*, llvm::Align, unsigned int, llvm::TargetTransformInfo::TargetCostKind, llvm::TargetTransformInfo::OperandValueInfo, const llvm::Instruction*) const’ can be marked override [-Wsuggest-override]
   63 |   InstructionCost getMemoryOpCost(
      |                   ^~~~~~~~~~~~~~~
[246/305] Building CXX object lib/Target/AIE/CMakeFiles/LLVMAIECodeGen.dir/aie2p/AIE2PISelLowering.cpp.o
FAILED: lib/Target/AIE/CMakeFiles/LLVMAIECodeGen.dir/aie2p/AIE2PISelLowering.cpp.o 
CCACHE_CPP2=yes CCACHE_HASHDIR=yes CCACHE_SLOPPINESS=pch_defines,time_macros /usr/bin/ccache /usr/bin/g++ -D_DEBUG -D_GLIBCXX_ASSERTIONS -D_GLIBCXX_USE_CXX11_ABI=1 -D_GNU_SOURCE -D_LIBCPP_HARDENING_MODE=_LIBCPP_HARDENING_MODE_EXTENSIVE -D__STDC_CONSTANT_MACROS -D__STDC_FORMAT_MACROS -D__STDC_LIMIT_MACROS -I/home/jtuyls/iree-ai/llvm-aie-port/build/lib/Target/AIE -I/home/jtuyls/iree-ai/llvm-aie-port/amd/aie/llvm/lib/Target/AIE -I/home/jtuyls/iree-ai/llvm-aie-port/build/include -I/home/jtuyls/iree-ai/llvm-aie-port/llvm/include -I/home/jtuyls/iree-ai/llvm-aie-port/amd/aie/llvm/include -fPIC -fno-semantic-interposition -fvisibility-inlines-hidden -Werror=date-time -Wall -Wextra -Wno-unused-parameter -Wwrite-strings -Wcast-qual -Wno-missing-field-initializers -pedantic -Wno-long-long -Wimplicit-fallthrough -Wno-uninitialized -Wno-nonnull -Wno-class-memaccess -Wno-dangling-reference -Wno-redundant-move -Wno-pessimizing-move -Wno-array-bounds -Wno-stringop-overread -Wno-dangling-pointer -Wno-noexcept-type -Wdelete-non-virtual-dtor -Wsuggest-override -Wno-comment -Wno-misleading-indentation -Wctad-maybe-unsupported -fdiagnostics-color -ffunction-sections -fdata-sections -O3 -DNDEBUG -std=c++17 -fvisibility=hidden -UNDEBUG -fno-exceptions -funwind-tables -fno-rtti -MD -MT lib/Target/AIE/CMakeFiles/LLVMAIECodeGen.dir/aie2p/AIE2PISelLowering.cpp.o -MF lib/Target/AIE/CMakeFiles/LLVMAIECodeGen.dir/aie2p/AIE2PISelLowering.cpp.o.d -o lib/Target/AIE/CMakeFiles/LLVMAIECodeGen.dir/aie2p/AIE2PISelLowering.cpp.o -c /home/jtuyls/iree-ai/llvm-aie-port/amd/aie/llvm/lib/Target/AIE/aie2p/AIE2PISelLowering.cpp
/home/jtuyls/iree-ai/llvm-aie-port/amd/aie/llvm/lib/Target/AIE/aie2p/AIE2PISelLowering.cpp: In constructor ‘llvm::AIE2PTargetLowering::AIE2PTargetLowering(const llvm::TargetMachine&, const llvm::AIEBaseSubtarget&)’:
/home/jtuyls/iree-ai/llvm-aie-port/amd/aie/llvm/lib/Target/AIE/aie2p/AIE2PISelLowering.cpp:33:5: error: ‘setLibcallCallingConv’ was not declared in this scope; did you mean ‘getLibcallCallingConv’?
   33 |     setLibcallCallingConv(RTLIB::SINTTOFP_I32_F32,
      |     ^~~~~~~~~~~~~~~~~~~~~
      |     getLibcallCallingConv
[247/305] Building CXX object lib/Target/AIE/CMakeFiles/LLVMAIECodeGen.dir/aie2p/AIE2PSubtarget.cpp.o
[248/305] Building CXX object lib/Target/AIE/CMakeFiles/LLVMAIECodeGen.dir/aie2p/AIE2PFrameLowering.cpp.o
[249/305] Building CXX object lib/Target/AIE/CMakeFiles/LLVMAIECodeGen.dir/aie2p/AIE2PRegisterInfo.cpp.o
In file included from /home/jtuyls/iree-ai/llvm-aie-port/amd/aie/llvm/lib/Target/AIE/aie2p/AIE2PRegisterInfo.h:19,
                 from /home/jtuyls/iree-ai/llvm-aie-port/amd/aie/llvm/lib/Target/AIE/aie2p/AIE2PRegisterInfo.cpp:16:
/home/jtuyls/iree-ai/llvm-aie-port/amd/aie/llvm/lib/Target/AIE/AIEBaseRegisterInfo.h: In instantiation of ‘bool llvm::isEncodableAsNegativeInt(int) [with int N = 9; unsigned int step = 4]’:
/home/jtuyls/iree-ai/llvm-aie-port/amd/aie/llvm/lib/Target/AIE/aie2p/AIE2PRegisterInfo.cpp:210:39:   required from here
/home/jtuyls/iree-ai/llvm-aie-port/amd/aie/llvm/lib/Target/AIE/AIEBaseRegisterInfo.h:156:32: warning: ‘constexpr size_t llvm::CTLog2() [with long unsigned int kValue = 4; size_t = long unsigned int]’ is deprecated: Use ConstantLog2 instead [-Wdeprecated-declarations]
  156 |   return isInt<N + CTLog2<step>() + 1>(Value);
      |                    ~~~~~~~~~~~~^~
In file included from /home/jtuyls/iree-ai/llvm-aie-port/llvm/include/llvm/ADT/SmallPtrSet.h:23,
                 from /home/jtuyls/iree-ai/llvm-aie-port/llvm/include/llvm/ADT/SmallSet.h:19,
                 from /home/jtuyls/iree-ai/llvm-aie-port/amd/aie/llvm/lib/Target/AIE/AIEBaseRegisterInfo.h:18:
/home/jtuyls/iree-ai/llvm-aie-port/llvm/include/llvm/Support/MathExtras.h:324:18: note: declared here
  324 | constexpr size_t CTLog2() {
      |                  ^~~~~~
[250/305] Building CXX object lib/Target/AIE/CMakeFiles/LLVMAIECodeGen.dir/aie1/AIE1InstructionSelector.cpp.o
In file included from /home/jtuyls/iree-ai/llvm-aie-port/amd/aie/llvm/lib/Target/AIE/aie1/AIE1FrameLowering.h:18,
                 from /home/jtuyls/iree-ai/llvm-aie-port/amd/aie/llvm/lib/Target/AIE/aie1/AIE1Subtarget.h:19,
                 from /home/jtuyls/iree-ai/llvm-aie-port/amd/aie/llvm/lib/Target/AIE/aie1/AIE1TargetMachine.h:20,
                 from /home/jtuyls/iree-ai/llvm-aie-port/amd/aie/llvm/lib/Target/AIE/aie1/AIE1InstructionSelector.cpp:21:
/home/jtuyls/iree-ai/llvm-aie-port/amd/aie/llvm/lib/Target/AIE/AIEBaseFrameLowering.h:90:16: warning: ‘virtual void llvm::AIEBaseFrameLowering::adjustReg(llvm::MachineBasicBlock&, llvm::MachineBasicBlock::iterator, const llvm::DebugLoc&, unsigned int, int64_t, llvm::MachineInstr::MIFlag) const’ was hidden [-Woverloaded-virtual=]
   90 |   virtual void adjustReg(MachineBasicBlock &MBB,
      |                ^~~~~~~~~
/home/jtuyls/iree-ai/llvm-aie-port/amd/aie/llvm/lib/Target/AIE/aie1/AIE1FrameLowering.h:29:15: note:   by ‘static void llvm::AIEFrameLowering::adjustReg(const llvm::TargetInstrInfo*, llvm::MachineBasicBlock&, llvm::MachineBasicBlock::iterator, const llvm::DebugLoc&, unsigned int, int64_t, llvm::MachineInstr::MIFlag)’
   29 |   static void adjustReg(const TargetInstrInfo *TII, MachineBasicBlock &MBB,
      |               ^~~~~~~~~
[251/305] Building CXX object lib/Target/AIE/CMakeFiles/LLVMAIECodeGen.dir/aie2p/AIE2PRegisterBankInfo.cpp.o
[252/305] Building CXX object lib/Target/AIE/CMakeFiles/LLVMAIECodeGen.dir/AIE2PreLegalizerCombiner.cpp.o
[253/305] Building CXX object lib/Target/AIE/CMakeFiles/LLVMAIECodeGen.dir/aie2p/AIE2PLegalizerInfo.cpp.o
[254/305] Building CXX object lib/Target/AIE/CMakeFiles/LLVMAIECodeGen.dir/aie2p/AIE2PInstrInfo.cpp.o
FAILED: lib/Target/AIE/CMakeFiles/LLVMAIECodeGen.dir/aie2p/AIE2PInstrInfo.cpp.o 
CCACHE_CPP2=yes CCACHE_HASHDIR=yes CCACHE_SLOPPINESS=pch_defines,time_macros /usr/bin/ccache /usr/bin/g++ -D_DEBUG -D_GLIBCXX_ASSERTIONS -D_GLIBCXX_USE_CXX11_ABI=1 -D_GNU_SOURCE -D_LIBCPP_HARDENING_MODE=_LIBCPP_HARDENING_MODE_EXTENSIVE -D__STDC_CONSTANT_MACROS -D__STDC_FORMAT_MACROS -D__STDC_LIMIT_MACROS -I/home/jtuyls/iree-ai/llvm-aie-port/build/lib/Target/AIE -I/home/jtuyls/iree-ai/llvm-aie-port/amd/aie/llvm/lib/Target/AIE -I/home/jtuyls/iree-ai/llvm-aie-port/build/include -I/home/jtuyls/iree-ai/llvm-aie-port/llvm/include -I/home/jtuyls/iree-ai/llvm-aie-port/amd/aie/llvm/include -fPIC -fno-semantic-interposition -fvisibility-inlines-hidden -Werror=date-time -Wall -Wextra -Wno-unused-parameter -Wwrite-strings -Wcast-qual -Wno-missing-field-initializers -pedantic -Wno-long-long -Wimplicit-fallthrough -Wno-uninitialized -Wno-nonnull -Wno-class-memaccess -Wno-dangling-reference -Wno-redundant-move -Wno-pessimizing-move -Wno-array-bounds -Wno-stringop-overread -Wno-dangling-pointer -Wno-noexcept-type -Wdelete-non-virtual-dtor -Wsuggest-override -Wno-comment -Wno-misleading-indentation -Wctad-maybe-unsupported -fdiagnostics-color -ffunction-sections -fdata-sections -O3 -DNDEBUG -std=c++17 -fvisibility=hidden -UNDEBUG -fno-exceptions -funwind-tables -fno-rtti -MD -MT lib/Target/AIE/CMakeFiles/LLVMAIECodeGen.dir/aie2p/AIE2PInstrInfo.cpp.o -MF lib/Target/AIE/CMakeFiles/LLVMAIECodeGen.dir/aie2p/AIE2PInstrInfo.cpp.o.d -o lib/Target/AIE/CMakeFiles/LLVMAIECodeGen.dir/aie2p/AIE2PInstrInfo.cpp.o -c /home/jtuyls/iree-ai/llvm-aie-port/amd/aie/llvm/lib/Target/AIE/aie2p/AIE2PInstrInfo.cpp
/home/jtuyls/iree-ai/llvm-aie-port/amd/aie/llvm/lib/Target/AIE/aie2p/AIE2PInstrInfo.cpp: In constructor ‘llvm::AIE2PInstrInfo::AIE2PInstrInfo()’:
/home/jtuyls/iree-ai/llvm-aie-port/amd/aie/llvm/lib/Target/AIE/aie2p/AIE2PInstrInfo.cpp:53:71: error: no matching function for call to ‘llvm::AIE2PGenInstrInfo::AIE2PGenInstrInfo(llvm::AIE2P::<unnamed enum>, llvm::AIE2P::<unnamed enum>)’
   53 |     : AIE2PGenInstrInfo(AIE2P::ADJCALLSTACKUP, AIE2P::ADJCALLSTACKDOWN) {
      |                                                                       ^
In file included from /home/jtuyls/iree-ai/llvm-aie-port/amd/aie/llvm/lib/Target/AIE/aie2p/AIE2PInstrInfo.cpp:41:
/home/jtuyls/iree-ai/llvm-aie-port/build/lib/Target/AIE/AIE2PGenInstrInfo.inc:9564:1: note: candidate: ‘llvm::AIE2PGenInstrInfo::AIE2PGenInstrInfo(const llvm::TargetSubtargetInfo&, const llvm::TargetRegisterInfo&, unsigned int, unsigned int, unsigned int, unsigned int)’
 9564 | AIE2PGenInstrInfo::AIE2PGenInstrInfo(const TargetSubtargetInfo &STI, const TargetRegisterInfo &TRI, unsigned CFSetupOpcode, unsigned CFDestroyOpcode, unsigned CatchRetOpcode, unsigned ReturnOpcode)
      | ^~~~~~~~~~~~~~~~~
/home/jtuyls/iree-ai/llvm-aie-port/build/lib/Target/AIE/AIE2PGenInstrInfo.inc:9564:65: note:   no known conversion for argument 1 from ‘llvm::AIE2P::<unnamed enum>’ to ‘const llvm::TargetSubtargetInfo&’
 9564 | AIE2PGenInstrInfo::AIE2PGenInstrInfo(const TargetSubtargetInfo &STI, const TargetRegisterInfo &TRI, unsigned CFSetupOpcode, unsigned CFDestroyOpcode, unsigned CatchRetOpcode, unsigned ReturnOpcode)
      |                                      ~~~~~~~~~~~~~~~~~~~~~~~~~~~^~~
/home/jtuyls/iree-ai/llvm-aie-port/amd/aie/llvm/lib/Target/AIE/aie2p/AIE2PInstrInfo.cpp: At global scope:
/home/jtuyls/iree-ai/llvm-aie-port/amd/aie/llvm/lib/Target/AIE/aie2p/AIE2PInstrInfo.cpp:611:6: error: no declaration matches ‘void llvm::AIE2PInstrInfo::copyPhysReg(llvm::MachineBasicBlock&, llvm::MachineBasicBlock::iterator, const llvm::DebugLoc&, llvm::MCRegister, llvm::MCRegister, bool, bool, bool) const’
  611 | void AIE2PInstrInfo::copyPhysReg(MachineBasicBlock &MBB,
      |      ^~~~~~~~~~~~~~
In file included from /home/jtuyls/iree-ai/llvm-aie-port/amd/aie/llvm/lib/Target/AIE/aie2p/AIE2PInstrInfo.cpp:16:
/home/jtuyls/iree-ai/llvm-aie-port/amd/aie/llvm/lib/Target/AIE/aie2p/AIE2PInstrInfo.h:159:8: note: candidate is: ‘virtual void llvm::AIE2PInstrInfo::copyPhysReg(llvm::MachineBasicBlock&, llvm::MachineBasicBlock::iterator, const llvm::DebugLoc&, llvm::Register, llvm::Register, bool, bool, bool) const’
  159 |   void copyPhysReg(MachineBasicBlock &MBB, MachineBasicBlock::iterator MBBI,
      |        ^~~~~~~~~~~
/home/jtuyls/iree-ai/llvm-aie-port/amd/aie/llvm/lib/Target/AIE/aie2p/AIE2PInstrInfo.h:28:7: note: ‘class llvm::AIE2PInstrInfo’ defined here
   28 | class AIE2PInstrInfo : public AIE2PGenInstrInfo {
      |       ^~~~~~~~~~~~~~
[255/305] Building CXX object lib/Target/AIE/CMakeFiles/LLVMAIECodeGen.dir/aie2p/AIE2PPostLegalizerGenericCombiner.cpp.o
FAILED: lib/Target/AIE/CMakeFiles/LLVMAIECodeGen.dir/aie2p/AIE2PPostLegalizerGenericCombiner.cpp.o 
CCACHE_CPP2=yes CCACHE_HASHDIR=yes CCACHE_SLOPPINESS=pch_defines,time_macros /usr/bin/ccache /usr/bin/g++ -D_DEBUG -D_GLIBCXX_ASSERTIONS -D_GLIBCXX_USE_CXX11_ABI=1 -D_GNU_SOURCE -D_LIBCPP_HARDENING_MODE=_LIBCPP_HARDENING_MODE_EXTENSIVE -D__STDC_CONSTANT_MACROS -D__STDC_FORMAT_MACROS -D__STDC_LIMIT_MACROS -I/home/jtuyls/iree-ai/llvm-aie-port/build/lib/Target/AIE -I/home/jtuyls/iree-ai/llvm-aie-port/amd/aie/llvm/lib/Target/AIE -I/home/jtuyls/iree-ai/llvm-aie-port/build/include -I/home/jtuyls/iree-ai/llvm-aie-port/llvm/include -I/home/jtuyls/iree-ai/llvm-aie-port/amd/aie/llvm/include -fPIC -fno-semantic-interposition -fvisibility-inlines-hidden -Werror=date-time -Wall -Wextra -Wno-unused-parameter -Wwrite-strings -Wcast-qual -Wno-missing-field-initializers -pedantic -Wno-long-long -Wimplicit-fallthrough -Wno-uninitialized -Wno-nonnull -Wno-class-memaccess -Wno-dangling-reference -Wno-redundant-move -Wno-pessimizing-move -Wno-array-bounds -Wno-stringop-overread -Wno-dangling-pointer -Wno-noexcept-type -Wdelete-non-virtual-dtor -Wsuggest-override -Wno-comment -Wno-misleading-indentation -Wctad-maybe-unsupported -fdiagnostics-color -ffunction-sections -fdata-sections -O3 -DNDEBUG -std=c++17 -fvisibility=hidden -UNDEBUG -fno-exceptions -funwind-tables -fno-rtti -MD -MT lib/Target/AIE/CMakeFiles/LLVMAIECodeGen.dir/aie2p/AIE2PPostLegalizerGenericCombiner.cpp.o -MF lib/Target/AIE/CMakeFiles/LLVMAIECodeGen.dir/aie2p/AIE2PPostLegalizerGenericCombiner.cpp.o.d -o lib/Target/AIE/CMakeFiles/LLVMAIECodeGen.dir/aie2p/AIE2PPostLegalizerGenericCombiner.cpp.o -c /home/jtuyls/iree-ai/llvm-aie-port/amd/aie/llvm/lib/Target/AIE/aie2p/AIE2PPostLegalizerGenericCombiner.cpp
In file included from /home/jtuyls/iree-ai/llvm-aie-port/amd/aie/llvm/lib/Target/AIE/aie2p/AIE2PPostLegalizerGenericCombiner.cpp:64:
/home/jtuyls/iree-ai/llvm-aie-port/build/lib/Target/AIE/AIE2PGenPostLegalizerGIGenericCombiner.inc: In lambda function:
/home/jtuyls/iree-ai/llvm-aie-port/build/lib/Target/AIE/AIE2PGenPostLegalizerGIGenericCombiner.inc:2596:56: error: variable ‘llvm::LegalityQuery Query’ has initializer but incomplete type
 2596 |                      LegalityQuery Query(TargetOpcode::G_BITCAST, Types);
      |                                                        ^~~~~~~~~
[256/305] Building CXX object lib/Target/AIE/MCTargetDesc/CMakeFiles/LLVMAIEDesc.dir/AIEMCAsmInfo.cpp.o
FAILED: lib/Target/AIE/MCTargetDesc/CMakeFiles/LLVMAIEDesc.dir/AIEMCAsmInfo.cpp.o 
CCACHE_CPP2=yes CCACHE_HASHDIR=yes CCACHE_SLOPPINESS=pch_defines,time_macros /usr/bin/ccache /usr/bin/g++ -D_DEBUG -D_GLIBCXX_ASSERTIONS -D_GLIBCXX_USE_CXX11_ABI=1 -D_GNU_SOURCE -D_LIBCPP_HARDENING_MODE=_LIBCPP_HARDENING_MODE_EXTENSIVE -D__STDC_CONSTANT_MACROS -D__STDC_FORMAT_MACROS -D__STDC_LIMIT_MACROS -I/home/jtuyls/iree-ai/llvm-aie-port/build/lib/Target/AIE/MCTargetDesc -I/home/jtuyls/iree-ai/llvm-aie-port/amd/aie/llvm/lib/Target/AIE/MCTargetDesc -I/home/jtuyls/iree-ai/llvm-aie-port/amd/aie/llvm/lib/Target/AIE -I/home/jtuyls/iree-ai/llvm-aie-port/build/lib/Target/AIE -I/home/jtuyls/iree-ai/llvm-aie-port/build/include -I/home/jtuyls/iree-ai/llvm-aie-port/llvm/include -I/home/jtuyls/iree-ai/llvm-aie-port/amd/aie/llvm/include -fPIC -fno-semantic-interposition -fvisibility-inlines-hidden -Werror=date-time -Wall -Wextra -Wno-unused-parameter -Wwrite-strings -Wcast-qual -Wno-missing-field-initializers -pedantic -Wno-long-long -Wimplicit-fallthrough -Wno-uninitialized -Wno-nonnull -Wno-class-memaccess -Wno-dangling-reference -Wno-redundant-move -Wno-pessimizing-move -Wno-array-bounds -Wno-stringop-overread -Wno-dangling-pointer -Wno-noexcept-type -Wdelete-non-virtual-dtor -Wsuggest-override -Wno-comment -Wno-misleading-indentation -Wctad-maybe-unsupported -fdiagnostics-color -ffunction-sections -fdata-sections -O3 -DNDEBUG -std=c++17 -fvisibility=hidden -UNDEBUG -fno-exceptions -funwind-tables -fno-rtti -MD -MT lib/Target/AIE/MCTargetDesc/CMakeFiles/LLVMAIEDesc.dir/AIEMCAsmInfo.cpp.o -MF lib/Target/AIE/MCTargetDesc/CMakeFiles/LLVMAIEDesc.dir/AIEMCAsmInfo.cpp.o.d -o lib/Target/AIE/MCTargetDesc/CMakeFiles/LLVMAIEDesc.dir/AIEMCAsmInfo.cpp.o -c /home/jtuyls/iree-ai/llvm-aie-port/amd/aie/llvm/lib/Target/AIE/MCTargetDesc/AIEMCAsmInfo.cpp
/home/jtuyls/iree-ai/llvm-aie-port/amd/aie/llvm/lib/Target/AIE/MCTargetDesc/AIEMCAsmInfo.cpp: In constructor ‘llvm::AIEMCAsmInfo::AIEMCAsmInfo(const llvm::Triple&)’:
/home/jtuyls/iree-ai/llvm-aie-port/amd/aie/llvm/lib/Target/AIE/MCTargetDesc/AIEMCAsmInfo.cpp:16:44: error: no matching function for call to ‘llvm::MCAsmInfoELF::MCAsmInfoELF()’
   16 | AIEMCAsmInfo::AIEMCAsmInfo(const Triple &TT) {
      |                                            ^
In file included from /home/jtuyls/iree-ai/llvm-aie-port/amd/aie/llvm/lib/Target/AIE/MCTargetDesc/AIEMCAsmInfo.h:18,
                 from /home/jtuyls/iree-ai/llvm-aie-port/amd/aie/llvm/lib/Target/AIE/MCTargetDesc/AIEMCAsmInfo.cpp:11:
/home/jtuyls/iree-ai/llvm-aie-port/llvm/include/llvm/MC/MCAsmInfoELF.h:24:3: note: candidate: ‘llvm::MCAsmInfoELF::MCAsmInfoELF(const llvm::MCTargetOptions&)’
   24 |   MCAsmInfoELF(const MCTargetOptions &Options);
      |   ^~~~~~~~~~~~
/home/jtuyls/iree-ai/llvm-aie-port/llvm/include/llvm/MC/MCAsmInfoELF.h:24:3: note:   candidate expects 1 argument, 0 provided
[257/305] Building CXX object lib/Target/AIE/CMakeFiles/LLVMAIECodeGen.dir/aie2p/AIE2PTargetMachine.cpp.o
FAILED: lib/Target/AIE/CMakeFiles/LLVMAIECodeGen.dir/aie2p/AIE2PTargetMachine.cpp.o 
CCACHE_CPP2=yes CCACHE_HASHDIR=yes CCACHE_SLOPPINESS=pch_defines,time_macros /usr/bin/ccache /usr/bin/g++ -D_DEBUG -D_GLIBCXX_ASSERTIONS -D_GLIBCXX_USE_CXX11_ABI=1 -D_GNU_SOURCE -D_LIBCPP_HARDENING_MODE=_LIBCPP_HARDENING_MODE_EXTENSIVE -D__STDC_CONSTANT_MACROS -D__STDC_FORMAT_MACROS -D__STDC_LIMIT_MACROS -I/home/jtuyls/iree-ai/llvm-aie-port/build/lib/Target/AIE -I/home/jtuyls/iree-ai/llvm-aie-port/amd/aie/llvm/lib/Target/AIE -I/home/jtuyls/iree-ai/llvm-aie-port/build/include -I/home/jtuyls/iree-ai/llvm-aie-port/llvm/include -I/home/jtuyls/iree-ai/llvm-aie-port/amd/aie/llvm/include -fPIC -fno-semantic-interposition -fvisibility-inlines-hidden -Werror=date-time -Wall -Wextra -Wno-unused-parameter -Wwrite-strings -Wcast-qual -Wno-missing-field-initializers -pedantic -Wno-long-long -Wimplicit-fallthrough -Wno-uninitialized -Wno-nonnull -Wno-class-memaccess -Wno-dangling-reference -Wno-redundant-move -Wno-pessimizing-move -Wno-array-bounds -Wno-stringop-overread -Wno-dangling-pointer -Wno-noexcept-type -Wdelete-non-virtual-dtor -Wsuggest-override -Wno-comment -Wno-misleading-indentation -Wctad-maybe-unsupported -fdiagnostics-color -ffunction-sections -fdata-sections -O3 -DNDEBUG -std=c++17 -fvisibility=hidden -UNDEBUG -fno-exceptions -funwind-tables -fno-rtti -MD -MT lib/Target/AIE/CMakeFiles/LLVMAIECodeGen.dir/aie2p/AIE2PTargetMachine.cpp.o -MF lib/Target/AIE/CMakeFiles/LLVMAIECodeGen.dir/aie2p/AIE2PTargetMachine.cpp.o.d -o lib/Target/AIE/CMakeFiles/LLVMAIECodeGen.dir/aie2p/AIE2PTargetMachine.cpp.o -c /home/jtuyls/iree-ai/llvm-aie-port/amd/aie/llvm/lib/Target/AIE/aie2p/AIE2PTargetMachine.cpp
In file included from /home/jtuyls/iree-ai/llvm-aie-port/amd/aie/llvm/lib/Target/AIE/aie2p/AIE2PFrameLowering.h:18,
                 from /home/jtuyls/iree-ai/llvm-aie-port/amd/aie/llvm/lib/Target/AIE/aie2p/AIE2PSubtarget.h:18,
                 from /home/jtuyls/iree-ai/llvm-aie-port/amd/aie/llvm/lib/Target/AIE/aie2p/AIE2PTargetMachine.h:18,
                 from /home/jtuyls/iree-ai/llvm-aie-port/amd/aie/llvm/lib/Target/AIE/aie2p/AIE2PTargetMachine.cpp:15:
/home/jtuyls/iree-ai/llvm-aie-port/amd/aie/llvm/lib/Target/AIE/AIEBaseFrameLowering.h:90:16: warning: ‘virtual void llvm::AIEBaseFrameLowering::adjustReg(llvm::MachineBasicBlock&, llvm::MachineBasicBlock::iterator, const llvm::DebugLoc&, unsigned int, int64_t, llvm::MachineInstr::MIFlag) const’ was hidden [-Woverloaded-virtual=]
   90 |   virtual void adjustReg(MachineBasicBlock &MBB,
      |                ^~~~~~~~~
In file included from /home/jtuyls/iree-ai/llvm-aie-port/amd/aie/llvm/lib/Target/AIE/aie1/AIE1Subtarget.h:19,
                 from /home/jtuyls/iree-ai/llvm-aie-port/amd/aie/llvm/lib/Target/AIE/AIEBaseTargetTransformInfo.h:21,
                 from /home/jtuyls/iree-ai/llvm-aie-port/amd/aie/llvm/lib/Target/AIE/aie2p/AIE2PTargetTransformInfo.h:21,
                 from /home/jtuyls/iree-ai/llvm-aie-port/amd/aie/llvm/lib/Target/AIE/aie2p/AIE2PTargetMachine.cpp:16:
/home/jtuyls/iree-ai/llvm-aie-port/amd/aie/llvm/lib/Target/AIE/aie1/AIE1FrameLowering.h:29:15: note:   by ‘static void llvm::AIEFrameLowering::adjustReg(const llvm::TargetInstrInfo*, llvm::MachineBasicBlock&, llvm::MachineBasicBlock::iterator, const llvm::DebugLoc&, unsigned int, int64_t, llvm::MachineInstr::MIFlag)’
   29 |   static void adjustReg(const TargetInstrInfo *TII, MachineBasicBlock &MBB,
      |               ^~~~~~~~~
/home/jtuyls/iree-ai/llvm-aie-port/amd/aie/llvm/lib/Target/AIE/AIEBaseTargetTransformInfo.h: In instantiation of ‘class llvm::AIEBaseTTIImpl<llvm::AIE2PTTIImpl>’:
/home/jtuyls/iree-ai/llvm-aie-port/amd/aie/llvm/lib/Target/AIE/aie2p/AIE2PTargetTransformInfo.h:34:29:   required from here
/home/jtuyls/iree-ai/llvm-aie-port/amd/aie/llvm/lib/Target/AIE/AIEBaseTargetTransformInfo.h:88:7: error: conflicting return type specified for ‘int llvm::AIEBaseTTIImpl<T>::getIntImmCost(const llvm::APInt&, llvm::Type*, llvm::TargetTransformInfo::TargetCostKind) const [with T = llvm::AIE2PTTIImpl]’
   88 |   int getIntImmCost(const APInt &Imm, Type *Ty, TTI::TargetCostKind CostKind) const {
      |       ^~~~~~~~~~~~~
In file included from /home/jtuyls/iree-ai/llvm-aie-port/llvm/include/llvm/CodeGen/BasicTTIImpl.h:28,
                 from /home/jtuyls/iree-ai/llvm-aie-port/amd/aie/llvm/lib/Target/AIE/AIEBaseTargetTransformInfo.h:23:
/home/jtuyls/iree-ai/llvm-aie-port/llvm/include/llvm/Analysis/TargetTransformInfoImpl.h:587:27: note: overridden function is ‘virtual llvm::InstructionCost llvm::TargetTransformInfoImplBase::getIntImmCost(const llvm::APInt&, llvm::Type*, llvm::TargetTransformInfo::TargetCostKind) const’
  587 |   virtual InstructionCost getIntImmCost(const APInt &Imm, Type *Ty,
      |                           ^~~~~~~~~~~~~
/home/jtuyls/iree-ai/llvm-aie-port/amd/aie/llvm/lib/Target/AIE/AIEBaseTargetTransformInfo.h:88:7: warning: ‘int llvm::AIEBaseTTIImpl<T>::getIntImmCost(const llvm::APInt&, llvm::Type*, llvm::TargetTransformInfo::TargetCostKind) const [with T = llvm::AIE2PTTIImpl]’ can be marked override [-Wsuggest-override]
   88 |   int getIntImmCost(const APInt &Imm, Type *Ty, TTI::TargetCostKind CostKind) const {
      |       ^~~~~~~~~~~~~
/home/jtuyls/iree-ai/llvm-aie-port/amd/aie/llvm/lib/Target/AIE/AIEBaseTargetTransformInfo.h:119:12: warning: ‘llvm::TypeSize llvm::AIEBaseTTIImpl<T>::getRegisterBitWidth(llvm::TargetTransformInfo::RegisterKind) const [with T = llvm::AIE2PTTIImpl]’ can be marked override [-Wsuggest-override]
  119 |   TypeSize getRegisterBitWidth(TargetTransformInfo::RegisterKind K) const {
      |            ^~~~~~~~~~~~~~~~~~~
/home/jtuyls/iree-ai/llvm-aie-port/amd/aie/llvm/lib/Target/AIE/AIEBaseTargetTransformInfo.h:134:12: warning: ‘unsigned int llvm::AIEBaseTTIImpl<T>::getMinVectorRegisterBitWidth() const [with T = llvm::AIE2PTTIImpl]’ can be marked override [-Wsuggest-override]
  134 |   unsigned getMinVectorRegisterBitWidth() const { return 512; }
      |            ^~~~~~~~~~~~~~~~~~~~~~~~~~~~
/home/jtuyls/iree-ai/llvm-aie-port/amd/aie/llvm/lib/Target/AIE/AIEBaseTargetTransformInfo.h:149:19: warning: ‘llvm::InstructionCost llvm::AIEBaseTTIImpl<T>::getArithmeticInstrCost(unsigned int, llvm::Type*, llvm::TargetTransformInfo::TargetCostKind, llvm::TargetTransformInfo::OperandValueInfo, llvm::TargetTransformInfo::OperandValueInfo, llvm::ArrayRef<const llvm::Value*>, const llvm::Instruction*) const [with T = llvm::AIE2PTTIImpl]’ can be marked override [-Wsuggest-override]
  149 |   InstructionCost getArithmeticInstrCost(
      |                   ^~~~~~~~~~~~~~~~~~~~~~
/home/jtuyls/iree-ai/llvm-aie-port/amd/aie/llvm/lib/Target/AIE/AIEBaseTargetTransformInfo.h:167:12: warning: ‘unsigned int llvm::AIEBaseTTIImpl<T>::getStoreVectorFactor(unsigned int, unsigned int, unsigned int, llvm::VectorType*) const [with T = llvm::AIE2PTTIImpl]’ can be marked override [-Wsuggest-override]
  167 |   unsigned getStoreVectorFactor(unsigned VF, unsigned StoreSizeInBits,
      |            ^~~~~~~~~~~~~~~~~~~~
/home/jtuyls/iree-ai/llvm-aie-port/amd/aie/llvm/lib/Target/AIE/AIEBaseTargetTransformInfo.h:179:12: warning: ‘unsigned int llvm::AIEBaseTTIImpl<T>::getLoadVectorFactor(unsigned int, unsigned int, unsigned int, llvm::VectorType*) const [with T = llvm::AIE2PTTIImpl]’ can be marked override [-Wsuggest-override]
  179 |   unsigned getLoadVectorFactor(unsigned VF, unsigned LoadSizeInBits,
      |            ^~~~~~~~~~~~~~~~~~~
/home/jtuyls/iree-ai/llvm-aie-port/amd/aie/llvm/lib/Target/AIE/AIEBaseTargetTransformInfo.h:186:8: warning: ‘bool llvm::AIEBaseTTIImpl<T>::isLegalToVectorizeStoreChain(unsigned int, llvm::Align, unsigned int) const [with T = llvm::AIE2PTTIImpl]’ can be marked override [-Wsuggest-override]
  186 |   bool isLegalToVectorizeStoreChain(unsigned ChainSizeInBytes, Align Alignment,
      |        ^~~~~~~~~~~~~~~~~~~~~~~~~~~~
/home/jtuyls/iree-ai/llvm-aie-port/amd/aie/llvm/lib/Target/AIE/aie2p/AIE2PTargetTransformInfo.h:52:19: warning: ‘virtual llvm::InstructionCost llvm::AIE2PTTIImpl::getMemoryOpCost(unsigned int, llvm::Type*, llvm::Align, unsigned int, llvm::TargetTransformInfo::TargetCostKind, llvm::TargetTransformInfo::OperandValueInfo, const llvm::Instruction*) const’ can be marked override [-Wsuggest-override]
   52 |   InstructionCost getMemoryOpCost(
      |                   ^~~~~~~~~~~~~~~
/home/jtuyls/iree-ai/llvm-aie-port/amd/aie/llvm/lib/Target/AIE/aie2p/AIE2PTargetTransformInfo.h:58:32: warning: ‘virtual std::optional<llvm::Instruction*> llvm::AIE2PTTIImpl::instCombineIntrinsic(llvm::InstCombiner&, llvm::IntrinsicInst&) const’ can be marked override [-Wsuggest-override]
   58 |   std::optional<Instruction *> instCombineIntrinsic(InstCombiner &IC,
      |                                ^~~~~~~~~~~~~~~~~~~~
/home/jtuyls/iree-ai/llvm-aie-port/amd/aie/llvm/lib/Target/AIE/aie2p/AIE2PTargetMachine.cpp: In member function ‘virtual llvm::TargetTransformInfo llvm::AIE2PTargetMachine::getTargetTransformInfo(const llvm::Function&) const’:
/home/jtuyls/iree-ai/llvm-aie-port/amd/aie/llvm/lib/Target/AIE/aie2p/AIE2PTargetMachine.cpp:137:51: error: no matching function for call to ‘llvm::TargetTransformInfo::TargetTransformInfo(llvm::AIE2PTTIImpl)’
  137 |   return TargetTransformInfo(AIE2PTTIImpl(this, F));
      |                                                   ^
In file included from /home/jtuyls/iree-ai/llvm-aie-port/amd/aie/llvm/lib/Target/AIE/AIEBaseTargetTransformInfo.h:22:
/home/jtuyls/iree-ai/llvm-aie-port/llvm/include/llvm/Analysis/TargetTransformInfo.h:306:12: note: candidate: ‘llvm::TargetTransformInfo::TargetTransformInfo(llvm::TargetTransformInfo&&)’
  306 |   LLVM_ABI TargetTransformInfo(TargetTransformInfo &&Arg);
      |            ^~~~~~~~~~~~~~~~~~~
/home/jtuyls/iree-ai/llvm-aie-port/llvm/include/llvm/Analysis/TargetTransformInfo.h:306:54: note:   no known conversion for argument 1 from ‘llvm::AIE2PTTIImpl’ to ‘llvm::TargetTransformInfo&&’
  306 |   LLVM_ABI TargetTransformInfo(TargetTransformInfo &&Arg);
      |                                ~~~~~~~~~~~~~~~~~~~~~~^~~
/home/jtuyls/iree-ai/llvm-aie-port/llvm/include/llvm/Analysis/TargetTransformInfo.h:303:21: note: candidate: ‘llvm::TargetTransformInfo::TargetTransformInfo(const llvm::DataLayout&)’
  303 |   LLVM_ABI explicit TargetTransformInfo(const DataLayout &DL);
      |                     ^~~~~~~~~~~~~~~~~~~
/home/jtuyls/iree-ai/llvm-aie-port/llvm/include/llvm/Analysis/TargetTransformInfo.h:303:59: note:   no known conversion for argument 1 from ‘llvm::AIE2PTTIImpl’ to ‘const llvm::DataLayout&’
  303 |   LLVM_ABI explicit TargetTransformInfo(const DataLayout &DL);
      |                                         ~~~~~~~~~~~~~~~~~~^~
/home/jtuyls/iree-ai/llvm-aie-port/llvm/include/llvm/Analysis/TargetTransformInfo.h:295:21: note: candidate: ‘llvm::TargetTransformInfo::TargetTransformInfo(std::unique_ptr<const llvm::TargetTransformInfoImplBase>)’
  295 |   LLVM_ABI explicit TargetTransformInfo(
      |                     ^~~~~~~~~~~~~~~~~~~
/home/jtuyls/iree-ai/llvm-aie-port/llvm/include/llvm/Analysis/TargetTransformInfo.h:296:58: note:   no known conversion for argument 1 from ‘llvm::AIE2PTTIImpl’ to ‘std::unique_ptr<const llvm::TargetTransformInfoImplBase>’
  296 |       std::unique_ptr<const TargetTransformInfoImplBase> Impl);
      |       ~~~~~~~~~~~~~~~~~~~~~~~~~~~~~~~~~~~~~~~~~~~~~~~~~~~^~~~
[258/305] Building CXX object lib/Target/AIE/CMakeFiles/LLVMAIECodeGen.dir/aie2ps/AIE2PSISelLowering.cpp.o
FAILED: lib/Target/AIE/CMakeFiles/LLVMAIECodeGen.dir/aie2ps/AIE2PSISelLowering.cpp.o 
CCACHE_CPP2=yes CCACHE_HASHDIR=yes CCACHE_SLOPPINESS=pch_defines,time_macros /usr/bin/ccache /usr/bin/g++ -D_DEBUG -D_GLIBCXX_ASSERTIONS -D_GLIBCXX_USE_CXX11_ABI=1 -D_GNU_SOURCE -D_LIBCPP_HARDENING_MODE=_LIBCPP_HARDENING_MODE_EXTENSIVE -D__STDC_CONSTANT_MACROS -D__STDC_FORMAT_MACROS -D__STDC_LIMIT_MACROS -I/home/jtuyls/iree-ai/llvm-aie-port/build/lib/Target/AIE -I/home/jtuyls/iree-ai/llvm-aie-port/amd/aie/llvm/lib/Target/AIE -I/home/jtuyls/iree-ai/llvm-aie-port/build/include -I/home/jtuyls/iree-ai/llvm-aie-port/llvm/include -I/home/jtuyls/iree-ai/llvm-aie-port/amd/aie/llvm/include -fPIC -fno-semantic-interposition -fvisibility-inlines-hidden -Werror=date-time -Wall -Wextra -Wno-unused-parameter -Wwrite-strings -Wcast-qual -Wno-missing-field-initializers -pedantic -Wno-long-long -Wimplicit-fallthrough -Wno-uninitialized -Wno-nonnull -Wno-class-memaccess -Wno-dangling-reference -Wno-redundant-move -Wno-pessimizing-move -Wno-array-bounds -Wno-stringop-overread -Wno-dangling-pointer -Wno-noexcept-type -Wdelete-non-virtual-dtor -Wsuggest-override -Wno-comment -Wno-misleading-indentation -Wctad-maybe-unsupported -fdiagnostics-color -ffunction-sections -fdata-sections -O3 -DNDEBUG -std=c++17 -fvisibility=hidden -UNDEBUG -fno-exceptions -funwind-tables -fno-rtti -MD -MT lib/Target/AIE/CMakeFiles/LLVMAIECodeGen.dir/aie2ps/AIE2PSISelLowering.cpp.o -MF lib/Target/AIE/CMakeFiles/LLVMAIECodeGen.dir/aie2ps/AIE2PSISelLowering.cpp.o.d -o lib/Target/AIE/CMakeFiles/LLVMAIECodeGen.dir/aie2ps/AIE2PSISelLowering.cpp.o -c /home/jtuyls/iree-ai/llvm-aie-port/amd/aie/llvm/lib/Target/AIE/aie2ps/AIE2PSISelLowering.cpp
/home/jtuyls/iree-ai/llvm-aie-port/amd/aie/llvm/lib/Target/AIE/aie2ps/AIE2PSISelLowering.cpp: In constructor ‘llvm::AIE2PSTargetLowering::AIE2PSTargetLowering(const llvm::TargetMachine&, const llvm::AIEBaseSubtarget&)’:
/home/jtuyls/iree-ai/llvm-aie-port/amd/aie/llvm/lib/Target/AIE/aie2ps/AIE2PSISelLowering.cpp:33:5: error: ‘setLibcallCallingConv’ was not declared in this scope; did you mean ‘getLibcallCallingConv’?
   33 |     setLibcallCallingConv(RTLIB::SINTTOFP_I32_F32,
      |     ^~~~~~~~~~~~~~~~~~~~~
      |     getLibcallCallingConv
[259/305] Building CXX object lib/Target/AIE/CMakeFiles/LLVMAIECodeGen.dir/aie2ps/AIE2PSSubtarget.cpp.o
[260/305] Building CXX object lib/Target/AIE/CMakeFiles/LLVMAIECodeGen.dir/aie1/AIE1TargetMachine.cpp.o
FAILED: lib/Target/AIE/CMakeFiles/LLVMAIECodeGen.dir/aie1/AIE1TargetMachine.cpp.o 
CCACHE_CPP2=yes CCACHE_HASHDIR=yes CCACHE_SLOPPINESS=pch_defines,time_macros /usr/bin/ccache /usr/bin/g++ -D_DEBUG -D_GLIBCXX_ASSERTIONS -D_GLIBCXX_USE_CXX11_ABI=1 -D_GNU_SOURCE -D_LIBCPP_HARDENING_MODE=_LIBCPP_HARDENING_MODE_EXTENSIVE -D__STDC_CONSTANT_MACROS -D__STDC_FORMAT_MACROS -D__STDC_LIMIT_MACROS -I/home/jtuyls/iree-ai/llvm-aie-port/build/lib/Target/AIE -I/home/jtuyls/iree-ai/llvm-aie-port/amd/aie/llvm/lib/Target/AIE -I/home/jtuyls/iree-ai/llvm-aie-port/build/include -I/home/jtuyls/iree-ai/llvm-aie-port/llvm/include -I/home/jtuyls/iree-ai/llvm-aie-port/amd/aie/llvm/include -fPIC -fno-semantic-interposition -fvisibility-inlines-hidden -Werror=date-time -Wall -Wextra -Wno-unused-parameter -Wwrite-strings -Wcast-qual -Wno-missing-field-initializers -pedantic -Wno-long-long -Wimplicit-fallthrough -Wno-uninitialized -Wno-nonnull -Wno-class-memaccess -Wno-dangling-reference -Wno-redundant-move -Wno-pessimizing-move -Wno-array-bounds -Wno-stringop-overread -Wno-dangling-pointer -Wno-noexcept-type -Wdelete-non-virtual-dtor -Wsuggest-override -Wno-comment -Wno-misleading-indentation -Wctad-maybe-unsupported -fdiagnostics-color -ffunction-sections -fdata-sections -O3 -DNDEBUG -std=c++17 -fvisibility=hidden -UNDEBUG -fno-exceptions -funwind-tables -fno-rtti -MD -MT lib/Target/AIE/CMakeFiles/LLVMAIECodeGen.dir/aie1/AIE1TargetMachine.cpp.o -MF lib/Target/AIE/CMakeFiles/LLVMAIECodeGen.dir/aie1/AIE1TargetMachine.cpp.o.d -o lib/Target/AIE/CMakeFiles/LLVMAIECodeGen.dir/aie1/AIE1TargetMachine.cpp.o -c /home/jtuyls/iree-ai/llvm-aie-port/amd/aie/llvm/lib/Target/AIE/aie1/AIE1TargetMachine.cpp
In file included from /home/jtuyls/iree-ai/llvm-aie-port/amd/aie/llvm/lib/Target/AIE/aie1/AIE1FrameLowering.h:18,
                 from /home/jtuyls/iree-ai/llvm-aie-port/amd/aie/llvm/lib/Target/AIE/aie1/AIE1Subtarget.h:19,
                 from /home/jtuyls/iree-ai/llvm-aie-port/amd/aie/llvm/lib/Target/AIE/aie1/AIE1TargetMachine.h:20,
                 from /home/jtuyls/iree-ai/llvm-aie-port/amd/aie/llvm/lib/Target/AIE/aie1/AIE1TargetMachine.cpp:15:
/home/jtuyls/iree-ai/llvm-aie-port/amd/aie/llvm/lib/Target/AIE/AIEBaseFrameLowering.h:90:16: warning: ‘virtual void llvm::AIEBaseFrameLowering::adjustReg(llvm::MachineBasicBlock&, llvm::MachineBasicBlock::iterator, const llvm::DebugLoc&, unsigned int, int64_t, llvm::MachineInstr::MIFlag) const’ was hidden [-Woverloaded-virtual=]
   90 |   virtual void adjustReg(MachineBasicBlock &MBB,
      |                ^~~~~~~~~
/home/jtuyls/iree-ai/llvm-aie-port/amd/aie/llvm/lib/Target/AIE/aie1/AIE1FrameLowering.h:29:15: note:   by ‘static void llvm::AIEFrameLowering::adjustReg(const llvm::TargetInstrInfo*, llvm::MachineBasicBlock&, llvm::MachineBasicBlock::iterator, const llvm::DebugLoc&, unsigned int, int64_t, llvm::MachineInstr::MIFlag)’
   29 |   static void adjustReg(const TargetInstrInfo *TII, MachineBasicBlock &MBB,
      |               ^~~~~~~~~
In file included from /home/jtuyls/iree-ai/llvm-aie-port/llvm/include/llvm/CodeGen/BasicTTIImpl.h:28,
                 from /home/jtuyls/iree-ai/llvm-aie-port/amd/aie/llvm/lib/Target/AIE/AIETargetTransformInfo.h:22,
                 from /home/jtuyls/iree-ai/llvm-aie-port/amd/aie/llvm/lib/Target/AIE/aie1/AIE1TargetMachine.cpp:20:
/home/jtuyls/iree-ai/llvm-aie-port/llvm/include/llvm/Analysis/TargetTransformInfoImpl.h:587:27: warning: ‘virtual llvm::InstructionCost llvm::TargetTransformInfoImplBase::getIntImmCost(const llvm::APInt&, llvm::Type*, llvm::TargetTransformInfo::TargetCostKind) const’ was hidden [-Woverloaded-virtual=]
  587 |   virtual InstructionCost getIntImmCost(const APInt &Imm, Type *Ty,
      |                           ^~~~~~~~~~~~~
/home/jtuyls/iree-ai/llvm-aie-port/amd/aie/llvm/lib/Target/AIE/AIETargetTransformInfo.h:42:7: note:   by ‘int llvm::AIETTIImpl::getIntImmCost(const llvm::APInt&, llvm::Type*, llvm::TargetTransformInfo::TargetCostKind)’
   42 |   int getIntImmCost(const APInt &Imm, Type *Ty, TTI::TargetCostKind CostKind) {
      |       ^~~~~~~~~~~~~
/home/jtuyls/iree-ai/llvm-aie-port/llvm/include/llvm/CodeGen/BasicTTIImpl.h:714:8: warning: ‘void llvm::BasicTTIImplBase<T>::getUnrollingPreferences(llvm::Loop*, llvm::ScalarEvolution&, llvm::TargetTransformInfo::UnrollingPreferences&, llvm::OptimizationRemarkEmitter*) const [with T = llvm::AIETTIImpl]’ was hidden [-Woverloaded-virtual=]
  714 |   void getUnrollingPreferences(Loop *L, ScalarEvolution &SE,
      |        ^~~~~~~~~~~~~~~~~~~~~~~
/home/jtuyls/iree-ai/llvm-aie-port/amd/aie/llvm/lib/Target/AIE/AIETargetTransformInfo.h:57:8: note:   by ‘void llvm::AIETTIImpl::getUnrollingPreferences(llvm::Loop*, llvm::ScalarEvolution&, llvm::TargetTransformInfo::UnrollingPreferences&, llvm::OptimizationRemarkEmitter*)’
   57 |   void getUnrollingPreferences(Loop *L, ScalarEvolution &SE,
      |        ^~~~~~~~~~~~~~~~~~~~~~~
/home/jtuyls/iree-ai/llvm-aie-port/amd/aie/llvm/lib/Target/AIE/aie1/AIE1TargetMachine.cpp: In member function ‘virtual llvm::TargetTransformInfo llvm::AIETargetMachine::getTargetTransformInfo(const llvm::Function&) const’:
/home/jtuyls/iree-ai/llvm-aie-port/amd/aie/llvm/lib/Target/AIE/aie1/AIE1TargetMachine.cpp:82:49: error: no matching function for call to ‘llvm::TargetTransformInfo::TargetTransformInfo(llvm::AIETTIImpl)’
   82 |   return TargetTransformInfo(AIETTIImpl(this, F));
      |                                                 ^
In file included from /home/jtuyls/iree-ai/llvm-aie-port/amd/aie/llvm/lib/Target/AIE/AIETargetTransformInfo.h:21:
/home/jtuyls/iree-ai/llvm-aie-port/llvm/include/llvm/Analysis/TargetTransformInfo.h:306:12: note: candidate: ‘llvm::TargetTransformInfo::TargetTransformInfo(llvm::TargetTransformInfo&&)’
  306 |   LLVM_ABI TargetTransformInfo(TargetTransformInfo &&Arg);
      |            ^~~~~~~~~~~~~~~~~~~
/home/jtuyls/iree-ai/llvm-aie-port/llvm/include/llvm/Analysis/TargetTransformInfo.h:306:54: note:   no known conversion for argument 1 from ‘llvm::AIETTIImpl’ to ‘llvm::TargetTransformInfo&&’
  306 |   LLVM_ABI TargetTransformInfo(TargetTransformInfo &&Arg);
      |                                ~~~~~~~~~~~~~~~~~~~~~~^~~
/home/jtuyls/iree-ai/llvm-aie-port/llvm/include/llvm/Analysis/TargetTransformInfo.h:303:21: note: candidate: ‘llvm::TargetTransformInfo::TargetTransformInfo(const llvm::DataLayout&)’
  303 |   LLVM_ABI explicit TargetTransformInfo(const DataLayout &DL);
      |                     ^~~~~~~~~~~~~~~~~~~
/home/jtuyls/iree-ai/llvm-aie-port/llvm/include/llvm/Analysis/TargetTransformInfo.h:303:59: note:   no known conversion for argument 1 from ‘llvm::AIETTIImpl’ to ‘const llvm::DataLayout&’
  303 |   LLVM_ABI explicit TargetTransformInfo(const DataLayout &DL);
      |                                         ~~~~~~~~~~~~~~~~~~^~
/home/jtuyls/iree-ai/llvm-aie-port/llvm/include/llvm/Analysis/TargetTransformInfo.h:295:21: note: candidate: ‘llvm::TargetTransformInfo::TargetTransformInfo(std::unique_ptr<const llvm::TargetTransformInfoImplBase>)’
  295 |   LLVM_ABI explicit TargetTransformInfo(
      |                     ^~~~~~~~~~~~~~~~~~~
/home/jtuyls/iree-ai/llvm-aie-port/llvm/include/llvm/Analysis/TargetTransformInfo.h:296:58: note:   no known conversion for argument 1 from ‘llvm::AIETTIImpl’ to ‘std::unique_ptr<const llvm::TargetTransformInfoImplBase>’
  296 |       std::unique_ptr<const TargetTransformInfoImplBase> Impl);
      |       ~~~~~~~~~~~~~~~~~~~~~~~~~~~~~~~~~~~~~~~~~~~~~~~~~~~^~~~
[261/305] Building CXX object lib/Target/AIE/MCTargetDesc/CMakeFiles/LLVMAIEDesc.dir/AIEELFObjectWriter.cpp.o
FAILED: lib/Target/AIE/MCTargetDesc/CMakeFiles/LLVMAIEDesc.dir/AIEELFObjectWriter.cpp.o 
CCACHE_CPP2=yes CCACHE_HASHDIR=yes CCACHE_SLOPPINESS=pch_defines,time_macros /usr/bin/ccache /usr/bin/g++ -D_DEBUG -D_GLIBCXX_ASSERTIONS -D_GLIBCXX_USE_CXX11_ABI=1 -D_GNU_SOURCE -D_LIBCPP_HARDENING_MODE=_LIBCPP_HARDENING_MODE_EXTENSIVE -D__STDC_CONSTANT_MACROS -D__STDC_FORMAT_MACROS -D__STDC_LIMIT_MACROS -I/home/jtuyls/iree-ai/llvm-aie-port/build/lib/Target/AIE/MCTargetDesc -I/home/jtuyls/iree-ai/llvm-aie-port/amd/aie/llvm/lib/Target/AIE/MCTargetDesc -I/home/jtuyls/iree-ai/llvm-aie-port/amd/aie/llvm/lib/Target/AIE -I/home/jtuyls/iree-ai/llvm-aie-port/build/lib/Target/AIE -I/home/jtuyls/iree-ai/llvm-aie-port/build/include -I/home/jtuyls/iree-ai/llvm-aie-port/llvm/include -I/home/jtuyls/iree-ai/llvm-aie-port/amd/aie/llvm/include -fPIC -fno-semantic-interposition -fvisibility-inlines-hidden -Werror=date-time -Wall -Wextra -Wno-unused-parameter -Wwrite-strings -Wcast-qual -Wno-missing-field-initializers -pedantic -Wno-long-long -Wimplicit-fallthrough -Wno-uninitialized -Wno-nonnull -Wno-class-memaccess -Wno-dangling-reference -Wno-redundant-move -Wno-pessimizing-move -Wno-array-bounds -Wno-stringop-overread -Wno-dangling-pointer -Wno-noexcept-type -Wdelete-non-virtual-dtor -Wsuggest-override -Wno-comment -Wno-misleading-indentation -Wctad-maybe-unsupported -fdiagnostics-color -ffunction-sections -fdata-sections -O3 -DNDEBUG -std=c++17 -fvisibility=hidden -UNDEBUG -fno-exceptions -funwind-tables -fno-rtti -MD -MT lib/Target/AIE/MCTargetDesc/CMakeFiles/LLVMAIEDesc.dir/AIEELFObjectWriter.cpp.o -MF lib/Target/AIE/MCTargetDesc/CMakeFiles/LLVMAIEDesc.dir/AIEELFObjectWriter.cpp.o.d -o lib/Target/AIE/MCTargetDesc/CMakeFiles/LLVMAIEDesc.dir/AIEELFObjectWriter.cpp.o -c /home/jtuyls/iree-ai/llvm-aie-port/amd/aie/llvm/lib/Target/AIE/MCTargetDesc/AIEELFObjectWriter.cpp
/home/jtuyls/iree-ai/llvm-aie-port/amd/aie/llvm/lib/Target/AIE/MCTargetDesc/AIEELFObjectWriter.cpp:37:8: error: ‘bool {anonymous}::AIEELFObjectWriter::needsRelocateWithSymbol(const llvm::MCValue&, const llvm::MCSymbol&, unsigned int) const’ marked ‘override’, but does not override
   37 |   bool needsRelocateWithSymbol(const MCValue &Val,
      |        ^~~~~~~~~~~~~~~~~~~~~~~
/home/jtuyls/iree-ai/llvm-aie-port/amd/aie/llvm/lib/Target/AIE/MCTargetDesc/AIEELFObjectWriter.cpp:45:12: error: ‘unsigned int {anonymous}::AIEELFObjectWriter::getRelocType(llvm::MCContext&, const llvm::MCValue&, const llvm::MCFixup&, bool) const’ marked ‘override’, but does not override
   45 |   unsigned getRelocType(MCContext &Ctx, const MCValue &Target,
      |            ^~~~~~~~~~~~
In file included from /home/jtuyls/iree-ai/llvm-aie-port/amd/aie/llvm/lib/Target/AIE/MCTargetDesc/AIEELFObjectWriter.cpp:16:
/home/jtuyls/iree-ai/llvm-aie-port/llvm/include/llvm/MC/MCELFObjectWriter.h:91:16: warning: ‘virtual bool llvm::MCELFObjectTargetWriter::needsRelocateWithSymbol(const llvm::MCValue&, unsigned int) const’ was hidden [-Woverloaded-virtual=]
   91 |   virtual bool needsRelocateWithSymbol(const MCValue &, unsigned Type) const {
      |                ^~~~~~~~~~~~~~~~~~~~~~~
/home/jtuyls/iree-ai/llvm-aie-port/amd/aie/llvm/lib/Target/AIE/MCTargetDesc/AIEELFObjectWriter.cpp:37:8: note:   by ‘bool {anonymous}::AIEELFObjectWriter::needsRelocateWithSymbol(const llvm::MCValue&, const llvm::MCSymbol&, unsigned int) const’
   37 |   bool needsRelocateWithSymbol(const MCValue &Val,
      |        ^~~~~~~~~~~~~~~~~~~~~~~
/home/jtuyls/iree-ai/llvm-aie-port/llvm/include/llvm/MC/MCELFObjectWriter.h:88:20: warning: ‘virtual unsigned int llvm::MCELFObjectTargetWriter::getRelocType(const llvm::MCFixup&, const llvm::MCValue&, bool) const’ was hidden [-Woverloaded-virtual=]
   88 |   virtual unsigned getRelocType(const MCFixup &Fixup, const MCValue &Target,
      |                    ^~~~~~~~~~~~
/home/jtuyls/iree-ai/llvm-aie-port/amd/aie/llvm/lib/Target/AIE/MCTargetDesc/AIEELFObjectWriter.cpp:45:12: note:   by ‘unsigned int {anonymous}::AIEELFObjectWriter::getRelocType(llvm::MCContext&, const llvm::MCValue&, const llvm::MCFixup&, bool) const’
   45 |   unsigned getRelocType(MCContext &Ctx, const MCValue &Target,
      |            ^~~~~~~~~~~~
In file included from /usr/include/c++/13/memory:78,
                 from /home/jtuyls/iree-ai/llvm-aie-port/llvm/include/llvm/ADT/STLExtras.h:36,
                 from /home/jtuyls/iree-ai/llvm-aie-port/llvm/include/llvm/ADT/DenseMap.h:20,
                 from /home/jtuyls/iree-ai/llvm-aie-port/llvm/include/llvm/MC/MCExpr.h:12,
                 from /home/jtuyls/iree-ai/llvm-aie-port/llvm/include/llvm/MC/MCSymbol.h:18,
                 from /home/jtuyls/iree-ai/llvm-aie-port/llvm/include/llvm/MC/MCObjectWriter.h:12,
                 from /home/jtuyls/iree-ai/llvm-aie-port/amd/aie/llvm/lib/Target/AIE/MCTargetDesc/AIEMCTargetDesc.h:19,
                 from /home/jtuyls/iree-ai/llvm-aie-port/amd/aie/llvm/lib/Target/AIE/Utils/AIEBaseInfo.h:18,
                 from /home/jtuyls/iree-ai/llvm-aie-port/amd/aie/llvm/lib/Target/AIE/AIE.h:19,
                 from /home/jtuyls/iree-ai/llvm-aie-port/amd/aie/llvm/lib/Target/AIE/MCTargetDesc/AIEFormat.h:16,
                 from /home/jtuyls/iree-ai/llvm-aie-port/amd/aie/llvm/lib/Target/AIE/MCTargetDesc/AIEMCFormats.h:17,
                 from /home/jtuyls/iree-ai/llvm-aie-port/amd/aie/llvm/lib/Target/AIE/MCTargetDesc/AIEMCFixupKinds.h:14,
                 from /home/jtuyls/iree-ai/llvm-aie-port/amd/aie/llvm/lib/Target/AIE/MCTargetDesc/AIE1MCFixupKinds.h:14,
                 from /home/jtuyls/iree-ai/llvm-aie-port/amd/aie/llvm/lib/Target/AIE/MCTargetDesc/AIEELFObjectWriter.cpp:11:
/usr/include/c++/13/bits/unique_ptr.h: In instantiation of ‘std::__detail::__unique_ptr_t<_Tp> std::make_unique(_Args&& ...) [with _Tp = {anonymous}::AIEELFObjectWriter; _Args = {unsigned char&, llvm::Triple&}; __detail::__unique_ptr_t<_Tp> = __detail::__unique_ptr_t<{anonymous}::AIEELFObjectWriter>]’:
/home/jtuyls/iree-ai/llvm-aie-port/amd/aie/llvm/lib/Target/AIE/MCTargetDesc/AIEELFObjectWriter.cpp:152:46:   required from here
/usr/include/c++/13/bits/unique_ptr.h:1070:30: error: invalid new-expression of abstract class type ‘{anonymous}::AIEELFObjectWriter’
 1070 |     { return unique_ptr<_Tp>(new _Tp(std::forward<_Args>(__args)...)); }
      |                              ^~~~~~~~~~~~~~~~~~~~~~~~~~~~~~~~~~~~~~~
/home/jtuyls/iree-ai/llvm-aie-port/amd/aie/llvm/lib/Target/AIE/MCTargetDesc/AIEELFObjectWriter.cpp:27:7: note:   because the following virtual functions are pure within ‘{anonymous}::AIEELFObjectWriter’:
   27 | class AIEELFObjectWriter : public MCELFObjectTargetWriter {
      |       ^~~~~~~~~~~~~~~~~~
/home/jtuyls/iree-ai/llvm-aie-port/llvm/include/llvm/MC/MCELFObjectWriter.h:88:20: note:     ‘virtual unsigned int llvm::MCELFObjectTargetWriter::getRelocType(const llvm::MCFixup&, const llvm::MCValue&, bool) const’
   88 |   virtual unsigned getRelocType(const MCFixup &Fixup, const MCValue &Target,
      |                    ^~~~~~~~~~~~
/home/jtuyls/iree-ai/llvm-aie-port/amd/aie/llvm/lib/Target/AIE/MCTargetDesc/AIEELFObjectWriter.cpp:134:10: warning: ‘unsigned int {anonymous}::AIEELFObjectWriter::getRelocType(llvm::MCContext&, const llvm::MCValue&, const llvm::MCFixup&, bool) const’ defined but not used [-Wunused-function]
  134 | unsigned AIEELFObjectWriter::getRelocType(MCContext &Ctx, const MCValue &Target,
      |          ^~~~~~~~~~~~~~~~~~
/home/jtuyls/iree-ai/llvm-aie-port/amd/aie/llvm/lib/Target/AIE/MCTargetDesc/AIEELFObjectWriter.cpp:51:1: warning: ‘{anonymous}::AIEELFObjectWriter::AIEELFObjectWriter(uint8_t, llvm::Triple)’ defined but not used [-Wunused-function]
   51 | AIEELFObjectWriter::AIEELFObjectWriter(uint8_t OSABI, Triple Triple)
      | ^~~~~~~~~~~~~~~~~~
[262/305] Building CXX object lib/Target/AIE/MCTargetDesc/CMakeFiles/LLVMAIEDesc.dir/AIE2AsmBackend.cpp.o
FAILED: lib/Target/AIE/MCTargetDesc/CMakeFiles/LLVMAIEDesc.dir/AIE2AsmBackend.cpp.o 
CCACHE_CPP2=yes CCACHE_HASHDIR=yes CCACHE_SLOPPINESS=pch_defines,time_macros /usr/bin/ccache /usr/bin/g++ -D_DEBUG -D_GLIBCXX_ASSERTIONS -D_GLIBCXX_USE_CXX11_ABI=1 -D_GNU_SOURCE -D_LIBCPP_HARDENING_MODE=_LIBCPP_HARDENING_MODE_EXTENSIVE -D__STDC_CONSTANT_MACROS -D__STDC_FORMAT_MACROS -D__STDC_LIMIT_MACROS -I/home/jtuyls/iree-ai/llvm-aie-port/build/lib/Target/AIE/MCTargetDesc -I/home/jtuyls/iree-ai/llvm-aie-port/amd/aie/llvm/lib/Target/AIE/MCTargetDesc -I/home/jtuyls/iree-ai/llvm-aie-port/amd/aie/llvm/lib/Target/AIE -I/home/jtuyls/iree-ai/llvm-aie-port/build/lib/Target/AIE -I/home/jtuyls/iree-ai/llvm-aie-port/build/include -I/home/jtuyls/iree-ai/llvm-aie-port/llvm/include -I/home/jtuyls/iree-ai/llvm-aie-port/amd/aie/llvm/include -fPIC -fno-semantic-interposition -fvisibility-inlines-hidden -Werror=date-time -Wall -Wextra -Wno-unused-parameter -Wwrite-strings -Wcast-qual -Wno-missing-field-initializers -pedantic -Wno-long-long -Wimplicit-fallthrough -Wno-uninitialized -Wno-nonnull -Wno-class-memaccess -Wno-dangling-reference -Wno-redundant-move -Wno-pessimizing-move -Wno-array-bounds -Wno-stringop-overread -Wno-dangling-pointer -Wno-noexcept-type -Wdelete-non-virtual-dtor -Wsuggest-override -Wno-comment -Wno-misleading-indentation -Wctad-maybe-unsupported -fdiagnostics-color -ffunction-sections -fdata-sections -O3 -DNDEBUG -std=c++17 -fvisibility=hidden -UNDEBUG -fno-exceptions -funwind-tables -fno-rtti -MD -MT lib/Target/AIE/MCTargetDesc/CMakeFiles/LLVMAIEDesc.dir/AIE2AsmBackend.cpp.o -MF lib/Target/AIE/MCTargetDesc/CMakeFiles/LLVMAIEDesc.dir/AIE2AsmBackend.cpp.o.d -o lib/Target/AIE/MCTargetDesc/CMakeFiles/LLVMAIEDesc.dir/AIE2AsmBackend.cpp.o -c /home/jtuyls/iree-ai/llvm-aie-port/amd/aie/llvm/lib/Target/AIE/MCTargetDesc/AIE2AsmBackend.cpp
In file included from /home/jtuyls/iree-ai/llvm-aie-port/amd/aie/llvm/lib/Target/AIE/MCTargetDesc/AIE2AsmBackend.h:16,
                 from /home/jtuyls/iree-ai/llvm-aie-port/amd/aie/llvm/lib/Target/AIE/MCTargetDesc/AIE2AsmBackend.cpp:11:
/home/jtuyls/iree-ai/llvm-aie-port/amd/aie/llvm/lib/Target/AIE/MCTargetDesc/AIEBaseAsmBackend.h:42:8: error: ‘void llvm::AIEBaseAsmBackend::applyFixup(const llvm::MCAssembler&, const llvm::MCFixup&, const llvm::MCValue&, llvm::MutableArrayRef<char>, uint64_t, bool, const llvm::MCSubtargetInfo*) const’ marked ‘override’, but does not override
   42 |   void applyFixup(const MCAssembler &Asm, const MCFixup &Fixup,
      |        ^~~~~~~~~~
/home/jtuyls/iree-ai/llvm-aie-port/amd/aie/llvm/lib/Target/AIE/MCTargetDesc/AIEBaseAsmBackend.h:50:8: error: ‘bool llvm::AIEBaseAsmBackend::fixupNeedsRelaxation(const llvm::MCFixup&, uint64_t) const’ marked ‘override’, but does not override
   50 |   bool fixupNeedsRelaxation(const MCFixup &Fixup,
      |        ^~~~~~~~~~~~~~~~~~~~
/home/jtuyls/iree-ai/llvm-aie-port/amd/aie/llvm/lib/Target/AIE/MCTargetDesc/AIEBaseAsmBackend.h:57:26: error: conflicting return type specified for ‘virtual const llvm::MCFixupKindInfo& llvm::AIEBaseAsmBackend::getFixupKindInfo(llvm::MCFixupKind) const’
   57 |   const MCFixupKindInfo &getFixupKindInfo(MCFixupKind Kind) const override {
      |                          ^~~~~~~~~~~~~~~~
In file included from /home/jtuyls/iree-ai/llvm-aie-port/llvm/include/llvm/MC/MCFixupKindInfo.h:6,
                 from /home/jtuyls/iree-ai/llvm-aie-port/amd/aie/llvm/lib/Target/AIE/MCTargetDesc/AIEMCFixupKinds.h:18,
                 from /home/jtuyls/iree-ai/llvm-aie-port/amd/aie/llvm/lib/Target/AIE/MCTargetDesc/AIE2MCFixupKinds.h:14,
                 from /home/jtuyls/iree-ai/llvm-aie-port/amd/aie/llvm/lib/Target/AIE/MCTargetDesc/AIE2AsmBackend.h:14:
/home/jtuyls/iree-ai/llvm-aie-port/llvm/include/llvm/MC/MCAsmBackend.h:107:27: note: overridden function is ‘virtual llvm::MCFixupKindInfo llvm::MCAsmBackend::getFixupKindInfo(llvm::MCFixupKind) const’
  107 |   virtual MCFixupKindInfo getFixupKindInfo(MCFixupKind Kind) const;
      |                           ^~~~~~~~~~~~~~~~
/home/jtuyls/iree-ai/llvm-aie-port/amd/aie/llvm/lib/Target/AIE/MCTargetDesc/AIEBaseAsmBackend.h: In member function ‘virtual const llvm::MCFixupKindInfo& llvm::AIEBaseAsmBackend::getFixupKindInfo(llvm::MCFixupKind) const’:
/home/jtuyls/iree-ai/llvm-aie-port/amd/aie/llvm/lib/Target/AIE/MCTargetDesc/AIEBaseAsmBackend.h:60:44: warning: returning reference to temporary [-Wreturn-local-addr]
   60 |       return MCAsmBackend::getFixupKindInfo(Kind);
      |              ~~~~~~~~~~~~~~~~~~~~~~~~~~~~~~^~~~~~
/home/jtuyls/iree-ai/llvm-aie-port/amd/aie/llvm/lib/Target/AIE/MCTargetDesc/AIE2AsmBackend.h: At global scope:
/home/jtuyls/iree-ai/llvm-aie-port/amd/aie/llvm/lib/Target/AIE/MCTargetDesc/AIE2AsmBackend.h:29:12: error: ‘unsigned int llvm::AIE2AsmBackend::getNumFixupKinds() const’ marked ‘override’, but does not override
   29 |   unsigned getNumFixupKinds() const override {
      |            ^~~~~~~~~~~~~~~~
[263/305] Building CXX object lib/Target/AIE/CMakeFiles/LLVMAIECodeGen.dir/aie2ps/AIE2PSRegisterBankInfo.cpp.o
[264/305] Building CXX object lib/Target/AIE/MCTargetDesc/CMakeFiles/LLVMAIEDesc.dir/AIEMCExpr.cpp.o
FAILED: lib/Target/AIE/MCTargetDesc/CMakeFiles/LLVMAIEDesc.dir/AIEMCExpr.cpp.o 
CCACHE_CPP2=yes CCACHE_HASHDIR=yes CCACHE_SLOPPINESS=pch_defines,time_macros /usr/bin/ccache /usr/bin/g++ -D_DEBUG -D_GLIBCXX_ASSERTIONS -D_GLIBCXX_USE_CXX11_ABI=1 -D_GNU_SOURCE -D_LIBCPP_HARDENING_MODE=_LIBCPP_HARDENING_MODE_EXTENSIVE -D__STDC_CONSTANT_MACROS -D__STDC_FORMAT_MACROS -D__STDC_LIMIT_MACROS -I/home/jtuyls/iree-ai/llvm-aie-port/build/lib/Target/AIE/MCTargetDesc -I/home/jtuyls/iree-ai/llvm-aie-port/amd/aie/llvm/lib/Target/AIE/MCTargetDesc -I/home/jtuyls/iree-ai/llvm-aie-port/amd/aie/llvm/lib/Target/AIE -I/home/jtuyls/iree-ai/llvm-aie-port/build/lib/Target/AIE -I/home/jtuyls/iree-ai/llvm-aie-port/build/include -I/home/jtuyls/iree-ai/llvm-aie-port/llvm/include -I/home/jtuyls/iree-ai/llvm-aie-port/amd/aie/llvm/include -fPIC -fno-semantic-interposition -fvisibility-inlines-hidden -Werror=date-time -Wall -Wextra -Wno-unused-parameter -Wwrite-strings -Wcast-qual -Wno-missing-field-initializers -pedantic -Wno-long-long -Wimplicit-fallthrough -Wno-uninitialized -Wno-nonnull -Wno-class-memaccess -Wno-dangling-reference -Wno-redundant-move -Wno-pessimizing-move -Wno-array-bounds -Wno-stringop-overread -Wno-dangling-pointer -Wno-noexcept-type -Wdelete-non-virtual-dtor -Wsuggest-override -Wno-comment -Wno-misleading-indentation -Wctad-maybe-unsupported -fdiagnostics-color -ffunction-sections -fdata-sections -O3 -DNDEBUG -std=c++17 -fvisibility=hidden -UNDEBUG -fno-exceptions -funwind-tables -fno-rtti -MD -MT lib/Target/AIE/MCTargetDesc/CMakeFiles/LLVMAIEDesc.dir/AIEMCExpr.cpp.o -MF lib/Target/AIE/MCTargetDesc/CMakeFiles/LLVMAIEDesc.dir/AIEMCExpr.cpp.o.d -o lib/Target/AIE/MCTargetDesc/CMakeFiles/LLVMAIEDesc.dir/AIEMCExpr.cpp.o -c /home/jtuyls/iree-ai/llvm-aie-port/amd/aie/llvm/lib/Target/AIE/MCTargetDesc/AIEMCExpr.cpp
In file included from /home/jtuyls/iree-ai/llvm-aie-port/amd/aie/llvm/lib/Target/AIE/MCTargetDesc/AIEMCExpr.cpp:16:
/home/jtuyls/iree-ai/llvm-aie-port/amd/aie/llvm/lib/Target/AIE/MCTargetDesc/AIEMCExpr.h:53:8: error: ‘bool llvm::AIEMCExpr::evaluateAsRelocatableImpl(llvm::MCValue&, const llvm::MCAssembler*, const llvm::MCFixup*) const’ marked ‘override’, but does not override
   53 |   bool evaluateAsRelocatableImpl(MCValue &Res, const MCAssembler *Layout,
      |        ^~~~~~~~~~~~~~~~~~~~~~~~~
/home/jtuyls/iree-ai/llvm-aie-port/amd/aie/llvm/lib/Target/AIE/MCTargetDesc/AIEMCExpr.h:61:8: error: ‘void llvm::AIEMCExpr::fixELFSymbolsInTLSFixups(llvm::MCAssembler&) const’ marked ‘override’, but does not override
   61 |   void fixELFSymbolsInTLSFixups(MCAssembler &Asm) const override {}
      |        ^~~~~~~~~~~~~~~~~~~~~~~~
/home/jtuyls/iree-ai/llvm-aie-port/amd/aie/llvm/lib/Target/AIE/MCTargetDesc/AIEMCExpr.cpp: In static member function ‘static const llvm::AIEMCExpr* llvm::AIEMCExpr::create(const llvm::MCExpr*, VariantKind, llvm::MCContext&)’:
/home/jtuyls/iree-ai/llvm-aie-port/amd/aie/llvm/lib/Target/AIE/MCTargetDesc/AIEMCExpr.cpp:31:40: error: invalid new-expression of abstract class type ‘llvm::AIEMCExpr’
   31 |   return new (Ctx) AIEMCExpr(Expr, Kind);
      |                                        ^
/home/jtuyls/iree-ai/llvm-aie-port/amd/aie/llvm/lib/Target/AIE/MCTargetDesc/AIEMCExpr.h:26:7: note:   because the following virtual functions are pure within ‘llvm::AIEMCExpr’:
   26 | class AIEMCExpr : public MCTargetExpr {
      |       ^~~~~~~~~
In file included from /home/jtuyls/iree-ai/llvm-aie-port/llvm/include/llvm/MC/MCSymbol.h:18,
                 from /home/jtuyls/iree-ai/llvm-aie-port/llvm/include/llvm/MC/MCAssembler.h:19,
                 from /home/jtuyls/iree-ai/llvm-aie-port/amd/aie/llvm/lib/Target/AIE/MCTargetDesc/AIEMCExpr.h:19:
/home/jtuyls/iree-ai/llvm-aie-port/llvm/include/llvm/MC/MCExpr.h:474:16: note:     ‘virtual bool llvm::MCTargetExpr::evaluateAsRelocatableImpl(llvm::MCValue&, const llvm::MCAssembler*) const’
  474 |   virtual bool evaluateAsRelocatableImpl(MCValue &Res,
      |                ^~~~~~~~~~~~~~~~~~~~~~~~~
/home/jtuyls/iree-ai/llvm-aie-port/amd/aie/llvm/lib/Target/AIE/MCTargetDesc/AIEMCExpr.cpp: In member function ‘virtual void llvm::AIEMCExpr::printImpl(llvm::raw_ostream&, const llvm::MCAsmInfo*) const’:
/home/jtuyls/iree-ai/llvm-aie-port/amd/aie/llvm/lib/Target/AIE/MCTargetDesc/AIEMCExpr.cpp:40:14: error: ‘void llvm::MCExpr::print(llvm::raw_ostream&, const llvm::MCAsmInfo*, int) const’ is private within this context
   40 |   Expr->print(OS, MAI);
      |   ~~~~~~~~~~~^~~~~~~~~
/home/jtuyls/iree-ai/llvm-aie-port/llvm/include/llvm/MC/MCExpr.h:60:8: note: declared private here
   60 |   void print(raw_ostream &OS, const MCAsmInfo *MAI,
      |        ^~~~~
/home/jtuyls/iree-ai/llvm-aie-port/amd/aie/llvm/lib/Target/AIE/MCTargetDesc/AIEMCExpr.cpp: In member function ‘bool llvm::AIEMCExpr::evaluateAsRelocatableImpl(llvm::MCValue&, const llvm::MCAssembler*, const llvm::MCFixup*) const’:
/home/jtuyls/iree-ai/llvm-aie-port/amd/aie/llvm/lib/Target/AIE/MCTargetDesc/AIEMCExpr.cpp:52:43: error: no matching function for call to ‘llvm::MCExpr::evaluateAsRelocatable(llvm::MCValue&, const llvm::MCAssembler*&, const llvm::MCFixup*&) const’
   52 |   if (!getSubExpr()->evaluateAsRelocatable(Res, Layout, Fixup))
      |        ~~~~~~~~~~~~~~~~~~~~~~~~~~~~~~~~~~~^~~~~~~~~~~~~~~~~~~~
/home/jtuyls/iree-ai/llvm-aie-port/llvm/include/llvm/MC/MCExpr.h:118:17: note: candidate: ‘bool llvm::MCExpr::evaluateAsRelocatable(llvm::MCValue&, const llvm::MCAssembler*) const’
  118 |   LLVM_ABI bool evaluateAsRelocatable(MCValue &Res,
      |                 ^~~~~~~~~~~~~~~~~~~~~
/home/jtuyls/iree-ai/llvm-aie-port/llvm/include/llvm/MC/MCExpr.h:118:17: note:   candidate expects 2 arguments, 3 provided
/home/jtuyls/iree-ai/llvm-aie-port/amd/aie/llvm/lib/Target/AIE/MCTargetDesc/AIEMCExpr.cpp: In member function ‘bool llvm::AIEMCExpr::evaluateAsConstant(int64_t&) const’:
/home/jtuyls/iree-ai/llvm-aie-port/amd/aie/llvm/lib/Target/AIE/MCTargetDesc/AIEMCExpr.cpp:100:43: error: no matching function for call to ‘llvm::MCExpr::evaluateAsRelocatable(llvm::MCValue&, std::nullptr_t, std::nullptr_t) const’
  100 |   if (!getSubExpr()->evaluateAsRelocatable(Value, nullptr, nullptr))
      |        ~~~~~~~~~~~~~~~~~~~~~~~~~~~~~~~~~~~^~~~~~~~~~~~~~~~~~~~~~~~~
/home/jtuyls/iree-ai/llvm-aie-port/llvm/include/llvm/MC/MCExpr.h:118:17: note: candidate: ‘bool llvm::MCExpr::evaluateAsRelocatable(llvm::MCValue&, const llvm::MCAssembler*) const’
  118 |   LLVM_ABI bool evaluateAsRelocatable(MCValue &Res,
      |                 ^~~~~~~~~~~~~~~~~~~~~
/home/jtuyls/iree-ai/llvm-aie-port/llvm/include/llvm/MC/MCExpr.h:118:17: note:   candidate expects 2 arguments, 3 provided
[265/305] Building CXX object lib/Target/AIE/CMakeFiles/LLVMAIECodeGen.dir/aie2p/AIE2PTargetTransformInfo.cpp.o
FAILED: lib/Target/AIE/CMakeFiles/LLVMAIECodeGen.dir/aie2p/AIE2PTargetTransformInfo.cpp.o 
CCACHE_CPP2=yes CCACHE_HASHDIR=yes CCACHE_SLOPPINESS=pch_defines,time_macros /usr/bin/ccache /usr/bin/g++ -D_DEBUG -D_GLIBCXX_ASSERTIONS -D_GLIBCXX_USE_CXX11_ABI=1 -D_GNU_SOURCE -D_LIBCPP_HARDENING_MODE=_LIBCPP_HARDENING_MODE_EXTENSIVE -D__STDC_CONSTANT_MACROS -D__STDC_FORMAT_MACROS -D__STDC_LIMIT_MACROS -I/home/jtuyls/iree-ai/llvm-aie-port/build/lib/Target/AIE -I/home/jtuyls/iree-ai/llvm-aie-port/amd/aie/llvm/lib/Target/AIE -I/home/jtuyls/iree-ai/llvm-aie-port/build/include -I/home/jtuyls/iree-ai/llvm-aie-port/llvm/include -I/home/jtuyls/iree-ai/llvm-aie-port/amd/aie/llvm/include -fPIC -fno-semantic-interposition -fvisibility-inlines-hidden -Werror=date-time -Wall -Wextra -Wno-unused-parameter -Wwrite-strings -Wcast-qual -Wno-missing-field-initializers -pedantic -Wno-long-long -Wimplicit-fallthrough -Wno-uninitialized -Wno-nonnull -Wno-class-memaccess -Wno-dangling-reference -Wno-redundant-move -Wno-pessimizing-move -Wno-array-bounds -Wno-stringop-overread -Wno-dangling-pointer -Wno-noexcept-type -Wdelete-non-virtual-dtor -Wsuggest-override -Wno-comment -Wno-misleading-indentation -Wctad-maybe-unsupported -fdiagnostics-color -ffunction-sections -fdata-sections -O3 -DNDEBUG -std=c++17 -fvisibility=hidden -UNDEBUG -fno-exceptions -funwind-tables -fno-rtti -MD -MT lib/Target/AIE/CMakeFiles/LLVMAIECodeGen.dir/aie2p/AIE2PTargetTransformInfo.cpp.o -MF lib/Target/AIE/CMakeFiles/LLVMAIECodeGen.dir/aie2p/AIE2PTargetTransformInfo.cpp.o.d -o lib/Target/AIE/CMakeFiles/LLVMAIECodeGen.dir/aie2p/AIE2PTargetTransformInfo.cpp.o -c /home/jtuyls/iree-ai/llvm-aie-port/amd/aie/llvm/lib/Target/AIE/aie2p/AIE2PTargetTransformInfo.cpp
In file included from /home/jtuyls/iree-ai/llvm-aie-port/amd/aie/llvm/lib/Target/AIE/aie2p/AIE2PFrameLowering.h:18,
                 from /home/jtuyls/iree-ai/llvm-aie-port/amd/aie/llvm/lib/Target/AIE/aie2p/AIE2PSubtarget.h:18,
                 from /home/jtuyls/iree-ai/llvm-aie-port/amd/aie/llvm/lib/Target/AIE/aie2p/AIE2PTargetMachine.h:18,
                 from /home/jtuyls/iree-ai/llvm-aie-port/amd/aie/llvm/lib/Target/AIE/aie2p/AIE2PTargetTransformInfo.h:20,
                 from /home/jtuyls/iree-ai/llvm-aie-port/amd/aie/llvm/lib/Target/AIE/aie2p/AIE2PTargetTransformInfo.cpp:11:
/home/jtuyls/iree-ai/llvm-aie-port/amd/aie/llvm/lib/Target/AIE/AIEBaseFrameLowering.h:90:16: warning: ‘virtual void llvm::AIEBaseFrameLowering::adjustReg(llvm::MachineBasicBlock&, llvm::MachineBasicBlock::iterator, const llvm::DebugLoc&, unsigned int, int64_t, llvm::MachineInstr::MIFlag) const’ was hidden [-Woverloaded-virtual=]
   90 |   virtual void adjustReg(MachineBasicBlock &MBB,
      |                ^~~~~~~~~
In file included from /home/jtuyls/iree-ai/llvm-aie-port/amd/aie/llvm/lib/Target/AIE/aie1/AIE1Subtarget.h:19,
                 from /home/jtuyls/iree-ai/llvm-aie-port/amd/aie/llvm/lib/Target/AIE/AIEBaseTargetTransformInfo.h:21,
                 from /home/jtuyls/iree-ai/llvm-aie-port/amd/aie/llvm/lib/Target/AIE/aie2p/AIE2PTargetTransformInfo.h:21:
/home/jtuyls/iree-ai/llvm-aie-port/amd/aie/llvm/lib/Target/AIE/aie1/AIE1FrameLowering.h:29:15: note:   by ‘static void llvm::AIEFrameLowering::adjustReg(const llvm::TargetInstrInfo*, llvm::MachineBasicBlock&, llvm::MachineBasicBlock::iterator, const llvm::DebugLoc&, unsigned int, int64_t, llvm::MachineInstr::MIFlag)’
   29 |   static void adjustReg(const TargetInstrInfo *TII, MachineBasicBlock &MBB,
      |               ^~~~~~~~~
/home/jtuyls/iree-ai/llvm-aie-port/amd/aie/llvm/lib/Target/AIE/AIEBaseTargetTransformInfo.h: In instantiation of ‘class llvm::AIEBaseTTIImpl<llvm::AIE2PTTIImpl>’:
/home/jtuyls/iree-ai/llvm-aie-port/amd/aie/llvm/lib/Target/AIE/aie2p/AIE2PTargetTransformInfo.h:34:29:   required from here
/home/jtuyls/iree-ai/llvm-aie-port/amd/aie/llvm/lib/Target/AIE/AIEBaseTargetTransformInfo.h:88:7: error: conflicting return type specified for ‘int llvm::AIEBaseTTIImpl<T>::getIntImmCost(const llvm::APInt&, llvm::Type*, llvm::TargetTransformInfo::TargetCostKind) const [with T = llvm::AIE2PTTIImpl]’
   88 |   int getIntImmCost(const APInt &Imm, Type *Ty, TTI::TargetCostKind CostKind) const {
      |       ^~~~~~~~~~~~~
In file included from /home/jtuyls/iree-ai/llvm-aie-port/llvm/include/llvm/CodeGen/BasicTTIImpl.h:28,
                 from /home/jtuyls/iree-ai/llvm-aie-port/amd/aie/llvm/lib/Target/AIE/AIEBaseTargetTransformInfo.h:23:
/home/jtuyls/iree-ai/llvm-aie-port/llvm/include/llvm/Analysis/TargetTransformInfoImpl.h:587:27: note: overridden function is ‘virtual llvm::InstructionCost llvm::TargetTransformInfoImplBase::getIntImmCost(const llvm::APInt&, llvm::Type*, llvm::TargetTransformInfo::TargetCostKind) const’
  587 |   virtual InstructionCost getIntImmCost(const APInt &Imm, Type *Ty,
      |                           ^~~~~~~~~~~~~
/home/jtuyls/iree-ai/llvm-aie-port/amd/aie/llvm/lib/Target/AIE/AIEBaseTargetTransformInfo.h:88:7: warning: ‘int llvm::AIEBaseTTIImpl<T>::getIntImmCost(const llvm::APInt&, llvm::Type*, llvm::TargetTransformInfo::TargetCostKind) const [with T = llvm::AIE2PTTIImpl]’ can be marked override [-Wsuggest-override]
   88 |   int getIntImmCost(const APInt &Imm, Type *Ty, TTI::TargetCostKind CostKind) const {
      |       ^~~~~~~~~~~~~
/home/jtuyls/iree-ai/llvm-aie-port/amd/aie/llvm/lib/Target/AIE/AIEBaseTargetTransformInfo.h:119:12: warning: ‘llvm::TypeSize llvm::AIEBaseTTIImpl<T>::getRegisterBitWidth(llvm::TargetTransformInfo::RegisterKind) const [with T = llvm::AIE2PTTIImpl]’ can be marked override [-Wsuggest-override]
  119 |   TypeSize getRegisterBitWidth(TargetTransformInfo::RegisterKind K) const {
      |            ^~~~~~~~~~~~~~~~~~~
/home/jtuyls/iree-ai/llvm-aie-port/amd/aie/llvm/lib/Target/AIE/AIEBaseTargetTransformInfo.h:134:12: warning: ‘unsigned int llvm::AIEBaseTTIImpl<T>::getMinVectorRegisterBitWidth() const [with T = llvm::AIE2PTTIImpl]’ can be marked override [-Wsuggest-override]
  134 |   unsigned getMinVectorRegisterBitWidth() const { return 512; }
      |            ^~~~~~~~~~~~~~~~~~~~~~~~~~~~
/home/jtuyls/iree-ai/llvm-aie-port/amd/aie/llvm/lib/Target/AIE/AIEBaseTargetTransformInfo.h:149:19: warning: ‘llvm::InstructionCost llvm::AIEBaseTTIImpl<T>::getArithmeticInstrCost(unsigned int, llvm::Type*, llvm::TargetTransformInfo::TargetCostKind, llvm::TargetTransformInfo::OperandValueInfo, llvm::TargetTransformInfo::OperandValueInfo, llvm::ArrayRef<const llvm::Value*>, const llvm::Instruction*) const [with T = llvm::AIE2PTTIImpl]’ can be marked override [-Wsuggest-override]
  149 |   InstructionCost getArithmeticInstrCost(
      |                   ^~~~~~~~~~~~~~~~~~~~~~
/home/jtuyls/iree-ai/llvm-aie-port/amd/aie/llvm/lib/Target/AIE/AIEBaseTargetTransformInfo.h:167:12: warning: ‘unsigned int llvm::AIEBaseTTIImpl<T>::getStoreVectorFactor(unsigned int, unsigned int, unsigned int, llvm::VectorType*) const [with T = llvm::AIE2PTTIImpl]’ can be marked override [-Wsuggest-override]
  167 |   unsigned getStoreVectorFactor(unsigned VF, unsigned StoreSizeInBits,
      |            ^~~~~~~~~~~~~~~~~~~~
/home/jtuyls/iree-ai/llvm-aie-port/amd/aie/llvm/lib/Target/AIE/AIEBaseTargetTransformInfo.h:179:12: warning: ‘unsigned int llvm::AIEBaseTTIImpl<T>::getLoadVectorFactor(unsigned int, unsigned int, unsigned int, llvm::VectorType*) const [with T = llvm::AIE2PTTIImpl]’ can be marked override [-Wsuggest-override]
  179 |   unsigned getLoadVectorFactor(unsigned VF, unsigned LoadSizeInBits,
      |            ^~~~~~~~~~~~~~~~~~~
/home/jtuyls/iree-ai/llvm-aie-port/amd/aie/llvm/lib/Target/AIE/AIEBaseTargetTransformInfo.h:186:8: warning: ‘bool llvm::AIEBaseTTIImpl<T>::isLegalToVectorizeStoreChain(unsigned int, llvm::Align, unsigned int) const [with T = llvm::AIE2PTTIImpl]’ can be marked override [-Wsuggest-override]
  186 |   bool isLegalToVectorizeStoreChain(unsigned ChainSizeInBytes, Align Alignment,
      |        ^~~~~~~~~~~~~~~~~~~~~~~~~~~~
/home/jtuyls/iree-ai/llvm-aie-port/amd/aie/llvm/lib/Target/AIE/aie2p/AIE2PTargetTransformInfo.h:52:19: warning: ‘virtual llvm::InstructionCost llvm::AIE2PTTIImpl::getMemoryOpCost(unsigned int, llvm::Type*, llvm::Align, unsigned int, llvm::TargetTransformInfo::TargetCostKind, llvm::TargetTransformInfo::OperandValueInfo, const llvm::Instruction*) const’ can be marked override [-Wsuggest-override]
   52 |   InstructionCost getMemoryOpCost(
      |                   ^~~~~~~~~~~~~~~
/home/jtuyls/iree-ai/llvm-aie-port/amd/aie/llvm/lib/Target/AIE/aie2p/AIE2PTargetTransformInfo.h:58:32: warning: ‘virtual std::optional<llvm::Instruction*> llvm::AIE2PTTIImpl::instCombineIntrinsic(llvm::InstCombiner&, llvm::IntrinsicInst&) const’ can be marked override [-Wsuggest-override]
   58 |   std::optional<Instruction *> instCombineIntrinsic(InstCombiner &IC,
      |                                ^~~~~~~~~~~~~~~~~~~~
[266/305] Building CXX object lib/Target/AIE/MCTargetDesc/CMakeFiles/LLVMAIEDesc.dir/AIEBaseAsmBackend.cpp.o
FAILED: lib/Target/AIE/MCTargetDesc/CMakeFiles/LLVMAIEDesc.dir/AIEBaseAsmBackend.cpp.o 
CCACHE_CPP2=yes CCACHE_HASHDIR=yes CCACHE_SLOPPINESS=pch_defines,time_macros /usr/bin/ccache /usr/bin/g++ -D_DEBUG -D_GLIBCXX_ASSERTIONS -D_GLIBCXX_USE_CXX11_ABI=1 -D_GNU_SOURCE -D_LIBCPP_HARDENING_MODE=_LIBCPP_HARDENING_MODE_EXTENSIVE -D__STDC_CONSTANT_MACROS -D__STDC_FORMAT_MACROS -D__STDC_LIMIT_MACROS -I/home/jtuyls/iree-ai/llvm-aie-port/build/lib/Target/AIE/MCTargetDesc -I/home/jtuyls/iree-ai/llvm-aie-port/amd/aie/llvm/lib/Target/AIE/MCTargetDesc -I/home/jtuyls/iree-ai/llvm-aie-port/amd/aie/llvm/lib/Target/AIE -I/home/jtuyls/iree-ai/llvm-aie-port/build/lib/Target/AIE -I/home/jtuyls/iree-ai/llvm-aie-port/build/include -I/home/jtuyls/iree-ai/llvm-aie-port/llvm/include -I/home/jtuyls/iree-ai/llvm-aie-port/amd/aie/llvm/include -fPIC -fno-semantic-interposition -fvisibility-inlines-hidden -Werror=date-time -Wall -Wextra -Wno-unused-parameter -Wwrite-strings -Wcast-qual -Wno-missing-field-initializers -pedantic -Wno-long-long -Wimplicit-fallthrough -Wno-uninitialized -Wno-nonnull -Wno-class-memaccess -Wno-dangling-reference -Wno-redundant-move -Wno-pessimizing-move -Wno-array-bounds -Wno-stringop-overread -Wno-dangling-pointer -Wno-noexcept-type -Wdelete-non-virtual-dtor -Wsuggest-override -Wno-comment -Wno-misleading-indentation -Wctad-maybe-unsupported -fdiagnostics-color -ffunction-sections -fdata-sections -O3 -DNDEBUG -std=c++17 -fvisibility=hidden -UNDEBUG -fno-exceptions -funwind-tables -fno-rtti -MD -MT lib/Target/AIE/MCTargetDesc/CMakeFiles/LLVMAIEDesc.dir/AIEBaseAsmBackend.cpp.o -MF lib/Target/AIE/MCTargetDesc/CMakeFiles/LLVMAIEDesc.dir/AIEBaseAsmBackend.cpp.o.d -o lib/Target/AIE/MCTargetDesc/CMakeFiles/LLVMAIEDesc.dir/AIEBaseAsmBackend.cpp.o -c /home/jtuyls/iree-ai/llvm-aie-port/amd/aie/llvm/lib/Target/AIE/MCTargetDesc/AIEBaseAsmBackend.cpp
In file included from /home/jtuyls/iree-ai/llvm-aie-port/amd/aie/llvm/lib/Target/AIE/MCTargetDesc/AIEBaseAsmBackend.cpp:11:
/home/jtuyls/iree-ai/llvm-aie-port/amd/aie/llvm/lib/Target/AIE/MCTargetDesc/AIEBaseAsmBackend.h:42:8: error: ‘void llvm::AIEBaseAsmBackend::applyFixup(const llvm::MCAssembler&, const llvm::MCFixup&, const llvm::MCValue&, llvm::MutableArrayRef<char>, uint64_t, bool, const llvm::MCSubtargetInfo*) const’ marked ‘override’, but does not override
   42 |   void applyFixup(const MCAssembler &Asm, const MCFixup &Fixup,
      |        ^~~~~~~~~~
/home/jtuyls/iree-ai/llvm-aie-port/amd/aie/llvm/lib/Target/AIE/MCTargetDesc/AIEBaseAsmBackend.h:50:8: error: ‘bool llvm::AIEBaseAsmBackend::fixupNeedsRelaxation(const llvm::MCFixup&, uint64_t) const’ marked ‘override’, but does not override
   50 |   bool fixupNeedsRelaxation(const MCFixup &Fixup,
      |        ^~~~~~~~~~~~~~~~~~~~
/home/jtuyls/iree-ai/llvm-aie-port/amd/aie/llvm/lib/Target/AIE/MCTargetDesc/AIEBaseAsmBackend.h:57:26: error: conflicting return type specified for ‘virtual const llvm::MCFixupKindInfo& llvm::AIEBaseAsmBackend::getFixupKindInfo(llvm::MCFixupKind) const’
   57 |   const MCFixupKindInfo &getFixupKindInfo(MCFixupKind Kind) const override {
      |                          ^~~~~~~~~~~~~~~~
In file included from /home/jtuyls/iree-ai/llvm-aie-port/llvm/include/llvm/MC/MCFixupKindInfo.h:6,
                 from /home/jtuyls/iree-ai/llvm-aie-port/amd/aie/llvm/lib/Target/AIE/MCTargetDesc/AIEMCFixupKinds.h:18,
                 from /home/jtuyls/iree-ai/llvm-aie-port/amd/aie/llvm/lib/Target/AIE/MCTargetDesc/AIEBaseAsmBackend.h:14:
/home/jtuyls/iree-ai/llvm-aie-port/llvm/include/llvm/MC/MCAsmBackend.h:107:27: note: overridden function is ‘virtual llvm::MCFixupKindInfo llvm::MCAsmBackend::getFixupKindInfo(llvm::MCFixupKind) const’
  107 |   virtual MCFixupKindInfo getFixupKindInfo(MCFixupKind Kind) const;
      |                           ^~~~~~~~~~~~~~~~
/home/jtuyls/iree-ai/llvm-aie-port/amd/aie/llvm/lib/Target/AIE/MCTargetDesc/AIEBaseAsmBackend.h: In member function ‘virtual const llvm::MCFixupKindInfo& llvm::AIEBaseAsmBackend::getFixupKindInfo(llvm::MCFixupKind) const’:
/home/jtuyls/iree-ai/llvm-aie-port/amd/aie/llvm/lib/Target/AIE/MCTargetDesc/AIEBaseAsmBackend.h:60:44: warning: returning reference to temporary [-Wreturn-local-addr]
   60 |       return MCAsmBackend::getFixupKindInfo(Kind);
      |              ~~~~~~~~~~~~~~~~~~~~~~~~~~~~~~^~~~~~
[267/305] Linking CXX static library lib/libLLVMProfileData.a
[268/305] Building CXX object lib/Target/AIE/CMakeFiles/LLVMAIECodeGen.dir/aie2p/AIE2PInstructionSelector.cpp.o
FAILED: lib/Target/AIE/CMakeFiles/LLVMAIECodeGen.dir/aie2p/AIE2PInstructionSelector.cpp.o 
CCACHE_CPP2=yes CCACHE_HASHDIR=yes CCACHE_SLOPPINESS=pch_defines,time_macros /usr/bin/ccache /usr/bin/g++ -D_DEBUG -D_GLIBCXX_ASSERTIONS -D_GLIBCXX_USE_CXX11_ABI=1 -D_GNU_SOURCE -D_LIBCPP_HARDENING_MODE=_LIBCPP_HARDENING_MODE_EXTENSIVE -D__STDC_CONSTANT_MACROS -D__STDC_FORMAT_MACROS -D__STDC_LIMIT_MACROS -I/home/jtuyls/iree-ai/llvm-aie-port/build/lib/Target/AIE -I/home/jtuyls/iree-ai/llvm-aie-port/amd/aie/llvm/lib/Target/AIE -I/home/jtuyls/iree-ai/llvm-aie-port/build/include -I/home/jtuyls/iree-ai/llvm-aie-port/llvm/include -I/home/jtuyls/iree-ai/llvm-aie-port/amd/aie/llvm/include -fPIC -fno-semantic-interposition -fvisibility-inlines-hidden -Werror=date-time -Wall -Wextra -Wno-unused-parameter -Wwrite-strings -Wcast-qual -Wno-missing-field-initializers -pedantic -Wno-long-long -Wimplicit-fallthrough -Wno-uninitialized -Wno-nonnull -Wno-class-memaccess -Wno-dangling-reference -Wno-redundant-move -Wno-pessimizing-move -Wno-array-bounds -Wno-stringop-overread -Wno-dangling-pointer -Wno-noexcept-type -Wdelete-non-virtual-dtor -Wsuggest-override -Wno-comment -Wno-misleading-indentation -Wctad-maybe-unsupported -fdiagnostics-color -ffunction-sections -fdata-sections -O3 -DNDEBUG -std=c++17 -fvisibility=hidden -UNDEBUG -fno-exceptions -funwind-tables -fno-rtti -MD -MT lib/Target/AIE/CMakeFiles/LLVMAIECodeGen.dir/aie2p/AIE2PInstructionSelector.cpp.o -MF lib/Target/AIE/CMakeFiles/LLVMAIECodeGen.dir/aie2p/AIE2PInstructionSelector.cpp.o.d -o lib/Target/AIE/CMakeFiles/LLVMAIECodeGen.dir/aie2p/AIE2PInstructionSelector.cpp.o -c /home/jtuyls/iree-ai/llvm-aie-port/amd/aie/llvm/lib/Target/AIE/aie2p/AIE2PInstructionSelector.cpp
/home/jtuyls/iree-ai/llvm-aie-port/amd/aie/llvm/lib/Target/AIE/aie2p/AIE2PInstructionSelector.cpp: In member function ‘bool {anonymous}::AIE2PInstructionSelector::selectWideG_AIE_LOAD_STORE(llvm::MachineInstr&, llvm::LoadStoreOpcodes&, llvm::AddressingModeInfo&, llvm::MachineRegisterInfo&)’:
/home/jtuyls/iree-ai/llvm-aie-port/amd/aie/llvm/lib/Target/AIE/aie2p/AIE2PInstructionSelector.cpp:1657:54: error: cannot convert ‘int’ to ‘llvm::RegState’
 1657 |                       .addReg(AMI.SrcDstOp.getReg(), 0,
      |                                                      ^
      |                                                      |
      |                                                      int
In file included from /home/jtuyls/iree-ai/llvm-aie-port/llvm/include/llvm/CodeGen/TargetInstrInfo.h:25,
                 from /home/jtuyls/iree-ai/llvm-aie-port/amd/aie/llvm/lib/Target/AIE/AIEBaseInstrInfo.h:26,
                 from /home/jtuyls/iree-ai/llvm-aie-port/amd/aie/llvm/lib/Target/AIE/AIEBaseSubtarget.h:19,
                 from /home/jtuyls/iree-ai/llvm-aie-port/amd/aie/llvm/lib/Target/AIE/AIEBaseFrameLowering.h:18,
                 from /home/jtuyls/iree-ai/llvm-aie-port/amd/aie/llvm/lib/Target/AIE/aie2p/AIE2PFrameLowering.h:18,
                 from /home/jtuyls/iree-ai/llvm-aie-port/amd/aie/llvm/lib/Target/AIE/aie2p/AIE2PSubtarget.h:18,
                 from /home/jtuyls/iree-ai/llvm-aie-port/amd/aie/llvm/lib/Target/AIE/aie2p/AIE2PTargetMachine.h:18,
                 from /home/jtuyls/iree-ai/llvm-aie-port/amd/aie/llvm/lib/Target/AIE/aie2p/AIE2PInstructionSelector.cpp:19:
/home/jtuyls/iree-ai/llvm-aie-port/llvm/include/llvm/CodeGen/MachineInstrBuilder.h:199:62: note:   initializing argument 2 of ‘const llvm::MachineInstrBuilder& llvm::MachineInstrBuilder::addReg(llvm::Register, llvm::RegState, unsigned int) const’
  199 |   const MachineInstrBuilder &addReg(Register RegNo, RegState Flags = {},
      |                                                     ~~~~~~~~~^~~~~~~~~~
/home/jtuyls/iree-ai/llvm-aie-port/amd/aie/llvm/lib/Target/AIE/aie2p/AIE2PInstructionSelector.cpp:1687:54: error: cannot convert ‘int’ to ‘llvm::RegState’
 1687 |                       .addReg(AMI.SrcDstOp.getReg(), 0,
      |                                                      ^
      |                                                      |
      |                                                      int
/home/jtuyls/iree-ai/llvm-aie-port/llvm/include/llvm/CodeGen/MachineInstrBuilder.h:199:62: note:   initializing argument 2 of ‘const llvm::MachineInstrBuilder& llvm::MachineInstrBuilder::addReg(llvm::Register, llvm::RegState, unsigned int) const’
  199 |   const MachineInstrBuilder &addReg(Register RegNo, RegState Flags = {},
      |                                                     ~~~~~~~~~^~~~~~~~~~
/home/jtuyls/iree-ai/llvm-aie-port/amd/aie/llvm/lib/Target/AIE/aie2p/AIE2PInstructionSelector.cpp: At global scope:
/home/jtuyls/iree-ai/llvm-aie-port/amd/aie/llvm/lib/Target/AIE/aie2p/AIE2PInstructionSelector.cpp:760:10: warning: ‘llvm::Register {anonymous}::AIE2PInstructionSelector::createPLFRRegSequence(llvm::Register, llvm::Register, llvm::Register, llvm::MachineRegisterInfo&)’ defined but not used [-Wunused-function]
  760 | Register AIE2PInstructionSelector::createPLFRRegSequence(
      |          ^~~~~~~~~~~~~~~~~~~~~~~~
[269/305] Linking CXX static library lib/libLLVMFrontendOffloading.a
[270/305] Building CXX object lib/Target/AIE/CMakeFiles/LLVMAIECodeGen.dir/aie2ps/AIE2PSFrameLowering.cpp.o
[271/305] Linking CXX static library lib/libLLVMInstrumentation.a
[272/305] Building CXX object lib/Target/AIE/MCTargetDesc/CMakeFiles/LLVMAIEDesc.dir/AIE1AsmBackend.cpp.o
FAILED: lib/Target/AIE/MCTargetDesc/CMakeFiles/LLVMAIEDesc.dir/AIE1AsmBackend.cpp.o 
CCACHE_CPP2=yes CCACHE_HASHDIR=yes CCACHE_SLOPPINESS=pch_defines,time_macros /usr/bin/ccache /usr/bin/g++ -D_DEBUG -D_GLIBCXX_ASSERTIONS -D_GLIBCXX_USE_CXX11_ABI=1 -D_GNU_SOURCE -D_LIBCPP_HARDENING_MODE=_LIBCPP_HARDENING_MODE_EXTENSIVE -D__STDC_CONSTANT_MACROS -D__STDC_FORMAT_MACROS -D__STDC_LIMIT_MACROS -I/home/jtuyls/iree-ai/llvm-aie-port/build/lib/Target/AIE/MCTargetDesc -I/home/jtuyls/iree-ai/llvm-aie-port/amd/aie/llvm/lib/Target/AIE/MCTargetDesc -I/home/jtuyls/iree-ai/llvm-aie-port/amd/aie/llvm/lib/Target/AIE -I/home/jtuyls/iree-ai/llvm-aie-port/build/lib/Target/AIE -I/home/jtuyls/iree-ai/llvm-aie-port/build/include -I/home/jtuyls/iree-ai/llvm-aie-port/llvm/include -I/home/jtuyls/iree-ai/llvm-aie-port/amd/aie/llvm/include -fPIC -fno-semantic-interposition -fvisibility-inlines-hidden -Werror=date-time -Wall -Wextra -Wno-unused-parameter -Wwrite-strings -Wcast-qual -Wno-missing-field-initializers -pedantic -Wno-long-long -Wimplicit-fallthrough -Wno-uninitialized -Wno-nonnull -Wno-class-memaccess -Wno-dangling-reference -Wno-redundant-move -Wno-pessimizing-move -Wno-array-bounds -Wno-stringop-overread -Wno-dangling-pointer -Wno-noexcept-type -Wdelete-non-virtual-dtor -Wsuggest-override -Wno-comment -Wno-misleading-indentation -Wctad-maybe-unsupported -fdiagnostics-color -ffunction-sections -fdata-sections -O3 -DNDEBUG -std=c++17 -fvisibility=hidden -UNDEBUG -fno-exceptions -funwind-tables -fno-rtti -MD -MT lib/Target/AIE/MCTargetDesc/CMakeFiles/LLVMAIEDesc.dir/AIE1AsmBackend.cpp.o -MF lib/Target/AIE/MCTargetDesc/CMakeFiles/LLVMAIEDesc.dir/AIE1AsmBackend.cpp.o.d -o lib/Target/AIE/MCTargetDesc/CMakeFiles/LLVMAIEDesc.dir/AIE1AsmBackend.cpp.o -c /home/jtuyls/iree-ai/llvm-aie-port/amd/aie/llvm/lib/Target/AIE/MCTargetDesc/AIE1AsmBackend.cpp
In file included from /home/jtuyls/iree-ai/llvm-aie-port/amd/aie/llvm/lib/Target/AIE/MCTargetDesc/AIE1AsmBackend.h:15,
                 from /home/jtuyls/iree-ai/llvm-aie-port/amd/aie/llvm/lib/Target/AIE/MCTargetDesc/AIE1AsmBackend.cpp:11:
/home/jtuyls/iree-ai/llvm-aie-port/amd/aie/llvm/lib/Target/AIE/MCTargetDesc/AIEBaseAsmBackend.h:42:8: error: ‘void llvm::AIEBaseAsmBackend::applyFixup(const llvm::MCAssembler&, const llvm::MCFixup&, const llvm::MCValue&, llvm::MutableArrayRef<char>, uint64_t, bool, const llvm::MCSubtargetInfo*) const’ marked ‘override’, but does not override
   42 |   void applyFixup(const MCAssembler &Asm, const MCFixup &Fixup,
      |        ^~~~~~~~~~
/home/jtuyls/iree-ai/llvm-aie-port/amd/aie/llvm/lib/Target/AIE/MCTargetDesc/AIEBaseAsmBackend.h:50:8: error: ‘bool llvm::AIEBaseAsmBackend::fixupNeedsRelaxation(const llvm::MCFixup&, uint64_t) const’ marked ‘override’, but does not override
   50 |   bool fixupNeedsRelaxation(const MCFixup &Fixup,
      |        ^~~~~~~~~~~~~~~~~~~~
/home/jtuyls/iree-ai/llvm-aie-port/amd/aie/llvm/lib/Target/AIE/MCTargetDesc/AIEBaseAsmBackend.h:57:26: error: conflicting return type specified for ‘virtual const llvm::MCFixupKindInfo& llvm::AIEBaseAsmBackend::getFixupKindInfo(llvm::MCFixupKind) const’
   57 |   const MCFixupKindInfo &getFixupKindInfo(MCFixupKind Kind) const override {
      |                          ^~~~~~~~~~~~~~~~
In file included from /home/jtuyls/iree-ai/llvm-aie-port/llvm/include/llvm/MC/MCFixupKindInfo.h:6,
                 from /home/jtuyls/iree-ai/llvm-aie-port/amd/aie/llvm/lib/Target/AIE/MCTargetDesc/AIEMCFixupKinds.h:18,
                 from /home/jtuyls/iree-ai/llvm-aie-port/amd/aie/llvm/lib/Target/AIE/MCTargetDesc/AIE1MCFixupKinds.h:14,
                 from /home/jtuyls/iree-ai/llvm-aie-port/amd/aie/llvm/lib/Target/AIE/MCTargetDesc/AIE1AsmBackend.h:14:
/home/jtuyls/iree-ai/llvm-aie-port/llvm/include/llvm/MC/MCAsmBackend.h:107:27: note: overridden function is ‘virtual llvm::MCFixupKindInfo llvm::MCAsmBackend::getFixupKindInfo(llvm::MCFixupKind) const’
  107 |   virtual MCFixupKindInfo getFixupKindInfo(MCFixupKind Kind) const;
      |                           ^~~~~~~~~~~~~~~~
/home/jtuyls/iree-ai/llvm-aie-port/amd/aie/llvm/lib/Target/AIE/MCTargetDesc/AIEBaseAsmBackend.h: In member function ‘virtual const llvm::MCFixupKindInfo& llvm::AIEBaseAsmBackend::getFixupKindInfo(llvm::MCFixupKind) const’:
/home/jtuyls/iree-ai/llvm-aie-port/amd/aie/llvm/lib/Target/AIE/MCTargetDesc/AIEBaseAsmBackend.h:60:44: warning: returning reference to temporary [-Wreturn-local-addr]
   60 |       return MCAsmBackend::getFixupKindInfo(Kind);
      |              ~~~~~~~~~~~~~~~~~~~~~~~~~~~~~~^~~~~~
/home/jtuyls/iree-ai/llvm-aie-port/amd/aie/llvm/lib/Target/AIE/MCTargetDesc/AIE1AsmBackend.h: At global scope:
/home/jtuyls/iree-ai/llvm-aie-port/amd/aie/llvm/lib/Target/AIE/MCTargetDesc/AIE1AsmBackend.h:30:12: error: ‘unsigned int llvm::AIE1AsmBackend::getNumFixupKinds() const’ marked ‘override’, but does not override
   30 |   unsigned getNumFixupKinds() const override {
      |            ^~~~~~~~~~~~~~~~
[273/305] Building CXX object lib/Target/AIE/MCTargetDesc/CMakeFiles/LLVMAIEDesc.dir/AIETargetELFStreamer.cpp.o
[274/305] Building CXX object lib/Target/AIE/CMakeFiles/LLVMAIECodeGen.dir/aie2ps/AIE2PSLegalizerInfo.cpp.o
[275/305] Building CXX object lib/Target/AIE/CMakeFiles/LLVMAIECodeGen.dir/aie2ps/AIE2PSPostLegalizerGenericCombiner.cpp.o
FAILED: lib/Target/AIE/CMakeFiles/LLVMAIECodeGen.dir/aie2ps/AIE2PSPostLegalizerGenericCombiner.cpp.o 
CCACHE_CPP2=yes CCACHE_HASHDIR=yes CCACHE_SLOPPINESS=pch_defines,time_macros /usr/bin/ccache /usr/bin/g++ -D_DEBUG -D_GLIBCXX_ASSERTIONS -D_GLIBCXX_USE_CXX11_ABI=1 -D_GNU_SOURCE -D_LIBCPP_HARDENING_MODE=_LIBCPP_HARDENING_MODE_EXTENSIVE -D__STDC_CONSTANT_MACROS -D__STDC_FORMAT_MACROS -D__STDC_LIMIT_MACROS -I/home/jtuyls/iree-ai/llvm-aie-port/build/lib/Target/AIE -I/home/jtuyls/iree-ai/llvm-aie-port/amd/aie/llvm/lib/Target/AIE -I/home/jtuyls/iree-ai/llvm-aie-port/build/include -I/home/jtuyls/iree-ai/llvm-aie-port/llvm/include -I/home/jtuyls/iree-ai/llvm-aie-port/amd/aie/llvm/include -fPIC -fno-semantic-interposition -fvisibility-inlines-hidden -Werror=date-time -Wall -Wextra -Wno-unused-parameter -Wwrite-strings -Wcast-qual -Wno-missing-field-initializers -pedantic -Wno-long-long -Wimplicit-fallthrough -Wno-uninitialized -Wno-nonnull -Wno-class-memaccess -Wno-dangling-reference -Wno-redundant-move -Wno-pessimizing-move -Wno-array-bounds -Wno-stringop-overread -Wno-dangling-pointer -Wno-noexcept-type -Wdelete-non-virtual-dtor -Wsuggest-override -Wno-comment -Wno-misleading-indentation -Wctad-maybe-unsupported -fdiagnostics-color -ffunction-sections -fdata-sections -O3 -DNDEBUG -std=c++17 -fvisibility=hidden -UNDEBUG -fno-exceptions -funwind-tables -fno-rtti -MD -MT lib/Target/AIE/CMakeFiles/LLVMAIECodeGen.dir/aie2ps/AIE2PSPostLegalizerGenericCombiner.cpp.o -MF lib/Target/AIE/CMakeFiles/LLVMAIECodeGen.dir/aie2ps/AIE2PSPostLegalizerGenericCombiner.cpp.o.d -o lib/Target/AIE/CMakeFiles/LLVMAIECodeGen.dir/aie2ps/AIE2PSPostLegalizerGenericCombiner.cpp.o -c /home/jtuyls/iree-ai/llvm-aie-port/amd/aie/llvm/lib/Target/AIE/aie2ps/AIE2PSPostLegalizerGenericCombiner.cpp
In file included from /home/jtuyls/iree-ai/llvm-aie-port/amd/aie/llvm/lib/Target/AIE/aie2ps/AIE2PSPostLegalizerGenericCombiner.cpp:64:
/home/jtuyls/iree-ai/llvm-aie-port/build/lib/Target/AIE/AIE2PSGenPostLegalizerGIGenericCombiner.inc: In lambda function:
/home/jtuyls/iree-ai/llvm-aie-port/build/lib/Target/AIE/AIE2PSGenPostLegalizerGIGenericCombiner.inc:2596:56: error: variable ‘llvm::LegalityQuery Query’ has initializer but incomplete type
 2596 |                      LegalityQuery Query(TargetOpcode::G_BITCAST, Types);
      |                                                        ^~~~~~~~~
[276/305] Building CXX object lib/Target/AIE/CMakeFiles/LLVMAIECodeGen.dir/aie2p/AIE2PPostLegalizerCustomCombiner.cpp.o
[277/305] Building CXX object lib/Target/AIE/MCTargetDesc/CMakeFiles/LLVMAIEDesc.dir/AIEMCInstrInfo.cpp.o
FAILED: lib/Target/AIE/MCTargetDesc/CMakeFiles/LLVMAIEDesc.dir/AIEMCInstrInfo.cpp.o 
CCACHE_CPP2=yes CCACHE_HASHDIR=yes CCACHE_SLOPPINESS=pch_defines,time_macros /usr/bin/ccache /usr/bin/g++ -D_DEBUG -D_GLIBCXX_ASSERTIONS -D_GLIBCXX_USE_CXX11_ABI=1 -D_GNU_SOURCE -D_LIBCPP_HARDENING_MODE=_LIBCPP_HARDENING_MODE_EXTENSIVE -D__STDC_CONSTANT_MACROS -D__STDC_FORMAT_MACROS -D__STDC_LIMIT_MACROS -I/home/jtuyls/iree-ai/llvm-aie-port/build/lib/Target/AIE/MCTargetDesc -I/home/jtuyls/iree-ai/llvm-aie-port/amd/aie/llvm/lib/Target/AIE/MCTargetDesc -I/home/jtuyls/iree-ai/llvm-aie-port/amd/aie/llvm/lib/Target/AIE -I/home/jtuyls/iree-ai/llvm-aie-port/build/lib/Target/AIE -I/home/jtuyls/iree-ai/llvm-aie-port/build/include -I/home/jtuyls/iree-ai/llvm-aie-port/llvm/include -I/home/jtuyls/iree-ai/llvm-aie-port/amd/aie/llvm/include -fPIC -fno-semantic-interposition -fvisibility-inlines-hidden -Werror=date-time -Wall -Wextra -Wno-unused-parameter -Wwrite-strings -Wcast-qual -Wno-missing-field-initializers -pedantic -Wno-long-long -Wimplicit-fallthrough -Wno-uninitialized -Wno-nonnull -Wno-class-memaccess -Wno-dangling-reference -Wno-redundant-move -Wno-pessimizing-move -Wno-array-bounds -Wno-stringop-overread -Wno-dangling-pointer -Wno-noexcept-type -Wdelete-non-virtual-dtor -Wsuggest-override -Wno-comment -Wno-misleading-indentation -Wctad-maybe-unsupported -fdiagnostics-color -ffunction-sections -fdata-sections -O3 -DNDEBUG -std=c++17 -fvisibility=hidden -UNDEBUG -fno-exceptions -funwind-tables -fno-rtti -MD -MT lib/Target/AIE/MCTargetDesc/CMakeFiles/LLVMAIEDesc.dir/AIEMCInstrInfo.cpp.o -MF lib/Target/AIE/MCTargetDesc/CMakeFiles/LLVMAIEDesc.dir/AIEMCInstrInfo.cpp.o.d -o lib/Target/AIE/MCTargetDesc/CMakeFiles/LLVMAIEDesc.dir/AIEMCInstrInfo.cpp.o -c /home/jtuyls/iree-ai/llvm-aie-port/amd/aie/llvm/lib/Target/AIE/MCTargetDesc/AIEMCInstrInfo.cpp
In file included from /home/jtuyls/iree-ai/llvm-aie-port/amd/aie/llvm/lib/Target/AIE/MCTargetDesc/AIEMCInstrInfo.cpp:13:
/home/jtuyls/iree-ai/llvm-aie-port/amd/aie/llvm/lib/Target/AIE/MCTargetDesc/AIEMCExpr.h:53:8: error: ‘bool llvm::AIEMCExpr::evaluateAsRelocatableImpl(llvm::MCValue&, const llvm::MCAssembler*, const llvm::MCFixup*) const’ marked ‘override’, but does not override
   53 |   bool evaluateAsRelocatableImpl(MCValue &Res, const MCAssembler *Layout,
      |        ^~~~~~~~~~~~~~~~~~~~~~~~~
/home/jtuyls/iree-ai/llvm-aie-port/amd/aie/llvm/lib/Target/AIE/MCTargetDesc/AIEMCExpr.h:61:8: error: ‘void llvm::AIEMCExpr::fixELFSymbolsInTLSFixups(llvm::MCAssembler&) const’ marked ‘override’, but does not override
   61 |   void fixELFSymbolsInTLSFixups(MCAssembler &Asm) const override {}
      |        ^~~~~~~~~~~~~~~~~~~~~~~~
[278/305] Building CXX object lib/Target/AIE/MCTargetDesc/CMakeFiles/LLVMAIEDesc.dir/AIEBaseMCCodeEmitter.cpp.o
FAILED: lib/Target/AIE/MCTargetDesc/CMakeFiles/LLVMAIEDesc.dir/AIEBaseMCCodeEmitter.cpp.o 
CCACHE_CPP2=yes CCACHE_HASHDIR=yes CCACHE_SLOPPINESS=pch_defines,time_macros /usr/bin/ccache /usr/bin/g++ -D_DEBUG -D_GLIBCXX_ASSERTIONS -D_GLIBCXX_USE_CXX11_ABI=1 -D_GNU_SOURCE -D_LIBCPP_HARDENING_MODE=_LIBCPP_HARDENING_MODE_EXTENSIVE -D__STDC_CONSTANT_MACROS -D__STDC_FORMAT_MACROS -D__STDC_LIMIT_MACROS -I/home/jtuyls/iree-ai/llvm-aie-port/build/lib/Target/AIE/MCTargetDesc -I/home/jtuyls/iree-ai/llvm-aie-port/amd/aie/llvm/lib/Target/AIE/MCTargetDesc -I/home/jtuyls/iree-ai/llvm-aie-port/amd/aie/llvm/lib/Target/AIE -I/home/jtuyls/iree-ai/llvm-aie-port/build/lib/Target/AIE -I/home/jtuyls/iree-ai/llvm-aie-port/build/include -I/home/jtuyls/iree-ai/llvm-aie-port/llvm/include -I/home/jtuyls/iree-ai/llvm-aie-port/amd/aie/llvm/include -fPIC -fno-semantic-interposition -fvisibility-inlines-hidden -Werror=date-time -Wall -Wextra -Wno-unused-parameter -Wwrite-strings -Wcast-qual -Wno-missing-field-initializers -pedantic -Wno-long-long -Wimplicit-fallthrough -Wno-uninitialized -Wno-nonnull -Wno-class-memaccess -Wno-dangling-reference -Wno-redundant-move -Wno-pessimizing-move -Wno-array-bounds -Wno-stringop-overread -Wno-dangling-pointer -Wno-noexcept-type -Wdelete-non-virtual-dtor -Wsuggest-override -Wno-comment -Wno-misleading-indentation -Wctad-maybe-unsupported -fdiagnostics-color -ffunction-sections -fdata-sections -O3 -DNDEBUG -std=c++17 -fvisibility=hidden -UNDEBUG -fno-exceptions -funwind-tables -fno-rtti -MD -MT lib/Target/AIE/MCTargetDesc/CMakeFiles/LLVMAIEDesc.dir/AIEBaseMCCodeEmitter.cpp.o -MF lib/Target/AIE/MCTargetDesc/CMakeFiles/LLVMAIEDesc.dir/AIEBaseMCCodeEmitter.cpp.o.d -o lib/Target/AIE/MCTargetDesc/CMakeFiles/LLVMAIEDesc.dir/AIEBaseMCCodeEmitter.cpp.o -c /home/jtuyls/iree-ai/llvm-aie-port/amd/aie/llvm/lib/Target/AIE/MCTargetDesc/AIEBaseMCCodeEmitter.cpp
In file included from /home/jtuyls/iree-ai/llvm-aie-port/amd/aie/llvm/lib/Target/AIE/MCTargetDesc/AIEBaseMCCodeEmitter.cpp:16:
/home/jtuyls/iree-ai/llvm-aie-port/amd/aie/llvm/lib/Target/AIE/MCTargetDesc/AIEMCExpr.h:53:8: error: ‘bool llvm::AIEMCExpr::evaluateAsRelocatableImpl(llvm::MCValue&, const llvm::MCAssembler*, const llvm::MCFixup*) const’ marked ‘override’, but does not override
   53 |   bool evaluateAsRelocatableImpl(MCValue &Res, const MCAssembler *Layout,
      |        ^~~~~~~~~~~~~~~~~~~~~~~~~
/home/jtuyls/iree-ai/llvm-aie-port/amd/aie/llvm/lib/Target/AIE/MCTargetDesc/AIEMCExpr.h:61:8: error: ‘void llvm::AIEMCExpr::fixELFSymbolsInTLSFixups(llvm::MCAssembler&) const’ marked ‘override’, but does not override
   61 |   void fixELFSymbolsInTLSFixups(MCAssembler &Asm) const override {}
      |        ^~~~~~~~~~~~~~~~~~~~~~~~
/home/jtuyls/iree-ai/llvm-aie-port/amd/aie/llvm/lib/Target/AIE/MCTargetDesc/AIEBaseMCCodeEmitter.cpp: In member function ‘void llvm::AIEBaseMCCodeEmitter::getMachineOpValue(const llvm::MCInst&, const llvm::MCOperand&, llvm::APInt&, llvm::SmallVectorImpl<llvm::MCFixup>&, const llvm::MCSubtargetInfo&) const’:
/home/jtuyls/iree-ai/llvm-aie-port/amd/aie/llvm/lib/Target/AIE/MCTargetDesc/AIEBaseMCCodeEmitter.cpp:116:67: error: cannot convert ‘llvm::SMLoc’ to ‘bool’
  116 |     Fixups.push_back(MCFixup::create(0, Expr, FixupKind, MI.getLoc()));
      |                                                          ~~~~~~~~~^~
      |                                                                   |
      |                                                                   llvm::SMLoc
In file included from /home/jtuyls/iree-ai/llvm-aie-port/llvm/include/llvm/MC/MCSection.h:20,
                 from /home/jtuyls/iree-ai/llvm-aie-port/llvm/include/llvm/MC/MCSymbol.h:19,
                 from /home/jtuyls/iree-ai/llvm-aie-port/llvm/include/llvm/MC/MCObjectWriter.h:12,
                 from /home/jtuyls/iree-ai/llvm-aie-port/amd/aie/llvm/lib/Target/AIE/MCTargetDesc/AIEMCTargetDesc.h:19,
                 from /home/jtuyls/iree-ai/llvm-aie-port/amd/aie/llvm/lib/Target/AIE/Utils/AIEBaseInfo.h:18,
                 from /home/jtuyls/iree-ai/llvm-aie-port/amd/aie/llvm/lib/Target/AIE/AIE.h:19,
                 from /home/jtuyls/iree-ai/llvm-aie-port/amd/aie/llvm/lib/Target/AIE/MCTargetDesc/AIEFormat.h:16,
                 from /home/jtuyls/iree-ai/llvm-aie-port/amd/aie/llvm/lib/Target/AIE/MCTargetDesc/AIEMCFormats.h:17,
                 from /home/jtuyls/iree-ai/llvm-aie-port/amd/aie/llvm/lib/Target/AIE/MCTargetDesc/AIEMCFixupKinds.h:14,
                 from /home/jtuyls/iree-ai/llvm-aie-port/amd/aie/llvm/lib/Target/AIE/MCTargetDesc/AIEBaseMCCodeEmitter.h:15,
                 from /home/jtuyls/iree-ai/llvm-aie-port/amd/aie/llvm/lib/Target/AIE/MCTargetDesc/AIEBaseMCCodeEmitter.cpp:15:
/home/jtuyls/iree-ai/llvm-aie-port/llvm/include/llvm/MC/MCFixup.h:87:30: note:   initializing argument 4 of ‘static llvm::MCFixup llvm::MCFixup::create(uint32_t, const llvm::MCExpr*, llvm::MCFixupKind, bool)’
   87 |                         bool PCRel = false) {
      |                         ~~~~~^~~~~~~~~~~~~
/home/jtuyls/iree-ai/llvm-aie-port/amd/aie/llvm/lib/Target/AIE/MCTargetDesc/AIEBaseMCCodeEmitter.cpp: In member function ‘llvm::SmallVector<llvm::MCFixup> llvm::AIEBaseMCCodeEmitter::translateFixupsInComposite(const llvm::MCInst&, const llvm::MCInst&, llvm::SmallVector<llvm::MCFixup>&) const’:
/home/jtuyls/iree-ai/llvm-aie-port/amd/aie/llvm/lib/Target/AIE/MCTargetDesc/AIEBaseMCCodeEmitter.cpp:232:72: error: cannot convert ‘llvm::SMLoc’ to ‘bool’
  232 |         0, Fixup.getValue(), MCFixupKind(TranslatedFixup), Fixup.getLoc()));
      |                                                            ~~~~~~~~~~~~^~
      |                                                                        |
      |                                                                        llvm::SMLoc
/home/jtuyls/iree-ai/llvm-aie-port/llvm/include/llvm/MC/MCFixup.h:87:30: note:   initializing argument 4 of ‘static llvm::MCFixup llvm::MCFixup::create(uint32_t, const llvm::MCExpr*, llvm::MCFixupKind, bool)’
   87 |                         bool PCRel = false) {
      |                         ~~~~~^~~~~~~~~~~~~
[279/305] Building CXX object lib/Target/AIE/InstPrinter/CMakeFiles/LLVMAIEAsmPrinter.dir/AIE2PInstPrinter.cpp.o
FAILED: lib/Target/AIE/InstPrinter/CMakeFiles/LLVMAIEAsmPrinter.dir/AIE2PInstPrinter.cpp.o 
CCACHE_CPP2=yes CCACHE_HASHDIR=yes CCACHE_SLOPPINESS=pch_defines,time_macros /usr/bin/ccache /usr/bin/g++ -D_DEBUG -D_GLIBCXX_ASSERTIONS -D_GLIBCXX_USE_CXX11_ABI=1 -D_GNU_SOURCE -D_LIBCPP_HARDENING_MODE=_LIBCPP_HARDENING_MODE_EXTENSIVE -D__STDC_CONSTANT_MACROS -D__STDC_FORMAT_MACROS -D__STDC_LIMIT_MACROS -I/home/jtuyls/iree-ai/llvm-aie-port/build/lib/Target/AIE/InstPrinter -I/home/jtuyls/iree-ai/llvm-aie-port/amd/aie/llvm/lib/Target/AIE/InstPrinter -I/home/jtuyls/iree-ai/llvm-aie-port/amd/aie/llvm/lib/Target/AIE -I/home/jtuyls/iree-ai/llvm-aie-port/build/lib/Target/AIE -I/home/jtuyls/iree-ai/llvm-aie-port/build/include -I/home/jtuyls/iree-ai/llvm-aie-port/llvm/include -I/home/jtuyls/iree-ai/llvm-aie-port/amd/aie/llvm/include -fPIC -fno-semantic-interposition -fvisibility-inlines-hidden -Werror=date-time -Wall -Wextra -Wno-unused-parameter -Wwrite-strings -Wcast-qual -Wno-missing-field-initializers -pedantic -Wno-long-long -Wimplicit-fallthrough -Wno-uninitialized -Wno-nonnull -Wno-class-memaccess -Wno-dangling-reference -Wno-redundant-move -Wno-pessimizing-move -Wno-array-bounds -Wno-stringop-overread -Wno-dangling-pointer -Wno-noexcept-type -Wdelete-non-virtual-dtor -Wsuggest-override -Wno-comment -Wno-misleading-indentation -Wctad-maybe-unsupported -fdiagnostics-color -ffunction-sections -fdata-sections -O3 -DNDEBUG -std=c++17 -fvisibility=hidden -UNDEBUG -fno-exceptions -funwind-tables -fno-rtti -MD -MT lib/Target/AIE/InstPrinter/CMakeFiles/LLVMAIEAsmPrinter.dir/AIE2PInstPrinter.cpp.o -MF lib/Target/AIE/InstPrinter/CMakeFiles/LLVMAIEAsmPrinter.dir/AIE2PInstPrinter.cpp.o.d -o lib/Target/AIE/InstPrinter/CMakeFiles/LLVMAIEAsmPrinter.dir/AIE2PInstPrinter.cpp.o -c /home/jtuyls/iree-ai/llvm-aie-port/amd/aie/llvm/lib/Target/AIE/InstPrinter/AIE2PInstPrinter.cpp
In file included from /home/jtuyls/iree-ai/llvm-aie-port/amd/aie/llvm/lib/Target/AIE/InstPrinter/AIE2PInstPrinter.h:18,
                 from /home/jtuyls/iree-ai/llvm-aie-port/amd/aie/llvm/lib/Target/AIE/InstPrinter/AIE2PInstPrinter.cpp:15:
/home/jtuyls/iree-ai/llvm-aie-port/amd/aie/llvm/lib/Target/AIE/InstPrinter/AIECommonInstPrinter.h: In instantiation of ‘void llvm::AIECommonInstPrinter::printImmOffset(const llvm::MCOperand&, const llvm::MCSubtargetInfo&, llvm::raw_ostream&) [with int offset = 0]’:
/home/jtuyls/iree-ai/llvm-aie-port/amd/aie/llvm/lib/Target/AIE/InstPrinter/AIE2PInstPrinter.cpp:53:47:   required from ‘void llvm::AIE2PInstPrinter::printImmOffset(const llvm::MCInst*, unsigned int, const llvm::MCSubtargetInfo&, llvm::raw_ostream&, const char*) [with int <anonymous> = 0]’
/home/jtuyls/iree-ai/llvm-aie-port/build/lib/Target/AIE/AIE2PGenAsmWriter.inc:5342:33:   required from here
/home/jtuyls/iree-ai/llvm-aie-port/amd/aie/llvm/lib/Target/AIE/InstPrinter/AIECommonInstPrinter.h:54:24: error: ‘void llvm::MCExpr::print(llvm::raw_ostream&, const llvm::MCAsmInfo*, int) const’ is private within this context
   54 |     MO.getExpr()->print(O, &MAI);
      |     ~~~~~~~~~~~~~~~~~~~^~~~~~~~~
In file included from /home/jtuyls/iree-ai/llvm-aie-port/llvm/include/llvm/MC/MCSymbol.h:18,
                 from /home/jtuyls/iree-ai/llvm-aie-port/llvm/include/llvm/MC/MCObjectWriter.h:12,
                 from /home/jtuyls/iree-ai/llvm-aie-port/amd/aie/llvm/lib/Target/AIE/MCTargetDesc/AIEMCTargetDesc.h:19,
                 from /home/jtuyls/iree-ai/llvm-aie-port/amd/aie/llvm/lib/Target/AIE/InstPrinter/AIECommonInstPrinter.h:19:
/home/jtuyls/iree-ai/llvm-aie-port/llvm/include/llvm/MC/MCExpr.h:60:8: note: declared private here
   60 |   void print(raw_ostream &OS, const MCAsmInfo *MAI,
      |        ^~~~~
[280/305] Building CXX object lib/Target/AIE/InstPrinter/CMakeFiles/LLVMAIEAsmPrinter.dir/AIEInstPrinter.cpp.o
FAILED: lib/Target/AIE/InstPrinter/CMakeFiles/LLVMAIEAsmPrinter.dir/AIEInstPrinter.cpp.o 
CCACHE_CPP2=yes CCACHE_HASHDIR=yes CCACHE_SLOPPINESS=pch_defines,time_macros /usr/bin/ccache /usr/bin/g++ -D_DEBUG -D_GLIBCXX_ASSERTIONS -D_GLIBCXX_USE_CXX11_ABI=1 -D_GNU_SOURCE -D_LIBCPP_HARDENING_MODE=_LIBCPP_HARDENING_MODE_EXTENSIVE -D__STDC_CONSTANT_MACROS -D__STDC_FORMAT_MACROS -D__STDC_LIMIT_MACROS -I/home/jtuyls/iree-ai/llvm-aie-port/build/lib/Target/AIE/InstPrinter -I/home/jtuyls/iree-ai/llvm-aie-port/amd/aie/llvm/lib/Target/AIE/InstPrinter -I/home/jtuyls/iree-ai/llvm-aie-port/amd/aie/llvm/lib/Target/AIE -I/home/jtuyls/iree-ai/llvm-aie-port/build/lib/Target/AIE -I/home/jtuyls/iree-ai/llvm-aie-port/build/include -I/home/jtuyls/iree-ai/llvm-aie-port/llvm/include -I/home/jtuyls/iree-ai/llvm-aie-port/amd/aie/llvm/include -fPIC -fno-semantic-interposition -fvisibility-inlines-hidden -Werror=date-time -Wall -Wextra -Wno-unused-parameter -Wwrite-strings -Wcast-qual -Wno-missing-field-initializers -pedantic -Wno-long-long -Wimplicit-fallthrough -Wno-uninitialized -Wno-nonnull -Wno-class-memaccess -Wno-dangling-reference -Wno-redundant-move -Wno-pessimizing-move -Wno-array-bounds -Wno-stringop-overread -Wno-dangling-pointer -Wno-noexcept-type -Wdelete-non-virtual-dtor -Wsuggest-override -Wno-comment -Wno-misleading-indentation -Wctad-maybe-unsupported -fdiagnostics-color -ffunction-sections -fdata-sections -O3 -DNDEBUG -std=c++17 -fvisibility=hidden -UNDEBUG -fno-exceptions -funwind-tables -fno-rtti -MD -MT lib/Target/AIE/InstPrinter/CMakeFiles/LLVMAIEAsmPrinter.dir/AIEInstPrinter.cpp.o -MF lib/Target/AIE/InstPrinter/CMakeFiles/LLVMAIEAsmPrinter.dir/AIEInstPrinter.cpp.o.d -o lib/Target/AIE/InstPrinter/CMakeFiles/LLVMAIEAsmPrinter.dir/AIEInstPrinter.cpp.o -c /home/jtuyls/iree-ai/llvm-aie-port/amd/aie/llvm/lib/Target/AIE/InstPrinter/AIEInstPrinter.cpp
/home/jtuyls/iree-ai/llvm-aie-port/amd/aie/llvm/lib/Target/AIE/InstPrinter/AIEInstPrinter.cpp: In member function ‘void llvm::AIEInstPrinter::printOperand(const llvm::MCInst*, unsigned int, const llvm::MCSubtargetInfo&, llvm::raw_ostream&, const char*)’:
/home/jtuyls/iree-ai/llvm-aie-port/amd/aie/llvm/lib/Target/AIE/InstPrinter/AIEInstPrinter.cpp:98:22: error: ‘void llvm::MCExpr::print(llvm::raw_ostream&, const llvm::MCAsmInfo*, int) const’ is private within this context
   98 |   MO.getExpr()->print(O, &MAI);
      |   ~~~~~~~~~~~~~~~~~~~^~~~~~~~~
In file included from /home/jtuyls/iree-ai/llvm-aie-port/llvm/include/llvm/MC/MCSymbol.h:18,
                 from /home/jtuyls/iree-ai/llvm-aie-port/llvm/include/llvm/MC/MCObjectWriter.h:12,
                 from /home/jtuyls/iree-ai/llvm-aie-port/amd/aie/llvm/lib/Target/AIE/MCTargetDesc/AIEMCTargetDesc.h:19,
                 from /home/jtuyls/iree-ai/llvm-aie-port/amd/aie/llvm/lib/Target/AIE/InstPrinter/AIEInstPrinter.h:18,
                 from /home/jtuyls/iree-ai/llvm-aie-port/amd/aie/llvm/lib/Target/AIE/InstPrinter/AIEInstPrinter.cpp:15:
/home/jtuyls/iree-ai/llvm-aie-port/llvm/include/llvm/MC/MCExpr.h:60:8: note: declared private here
   60 |   void print(raw_ostream &OS, const MCAsmInfo *MAI,
      |        ^~~~~
/home/jtuyls/iree-ai/llvm-aie-port/amd/aie/llvm/lib/Target/AIE/InstPrinter/AIEInstPrinter.cpp: In instantiation of ‘void llvm::AIEInstPrinter::printImmOffset(const llvm::MCInst*, unsigned int, const llvm::MCSubtargetInfo&, llvm::raw_ostream&, const char*) [with int <anonymous> = 0]’:
/home/jtuyls/iree-ai/llvm-aie-port/build/lib/Target/AIE/AIEGenAsmWriter.inc:1966:33:   required from here
/home/jtuyls/iree-ai/llvm-aie-port/amd/aie/llvm/lib/Target/AIE/InstPrinter/AIEInstPrinter.cpp:116:22: error: ‘void llvm::MCExpr::print(llvm::raw_ostream&, const llvm::MCAsmInfo*, int) const’ is private within this context
  116 |   MO.getExpr()->print(O, &MAI);
      |   ~~~~~~~~~~~~~~~~~~~^~~~~~~~~
/home/jtuyls/iree-ai/llvm-aie-port/llvm/include/llvm/MC/MCExpr.h:60:8: note: declared private here
   60 |   void print(raw_ostream &OS, const MCAsmInfo *MAI,
      |        ^~~~~
[281/305] Building CXX object lib/Target/AIE/CMakeFiles/LLVMAIECodeGen.dir/aie2ps/AIE2PSRegisterInfo.cpp.o
In file included from /home/jtuyls/iree-ai/llvm-aie-port/amd/aie/llvm/lib/Target/AIE/aie2ps/AIE2PSRegisterInfo.h:19,
                 from /home/jtuyls/iree-ai/llvm-aie-port/amd/aie/llvm/lib/Target/AIE/aie2ps/AIE2PSRegisterInfo.cpp:16:
/home/jtuyls/iree-ai/llvm-aie-port/amd/aie/llvm/lib/Target/AIE/AIEBaseRegisterInfo.h: In instantiation of ‘bool llvm::isEncodableAsNegativeInt(int) [with int N = 9; unsigned int step = 4]’:
/home/jtuyls/iree-ai/llvm-aie-port/amd/aie/llvm/lib/Target/AIE/aie2ps/AIE2PSRegisterInfo.cpp:214:39:   required from here
/home/jtuyls/iree-ai/llvm-aie-port/amd/aie/llvm/lib/Target/AIE/AIEBaseRegisterInfo.h:156:32: warning: ‘constexpr size_t llvm::CTLog2() [with long unsigned int kValue = 4; size_t = long unsigned int]’ is deprecated: Use ConstantLog2 instead [-Wdeprecated-declarations]
  156 |   return isInt<N + CTLog2<step>() + 1>(Value);
      |                    ~~~~~~~~~~~~^~
In file included from /home/jtuyls/iree-ai/llvm-aie-port/llvm/include/llvm/ADT/SmallPtrSet.h:23,
                 from /home/jtuyls/iree-ai/llvm-aie-port/llvm/include/llvm/ADT/SmallSet.h:19,
                 from /home/jtuyls/iree-ai/llvm-aie-port/amd/aie/llvm/lib/Target/AIE/AIEBaseRegisterInfo.h:18:
/home/jtuyls/iree-ai/llvm-aie-port/llvm/include/llvm/Support/MathExtras.h:324:18: note: declared here
  324 | constexpr size_t CTLog2() {
      |                  ^~~~~~
/home/jtuyls/iree-ai/llvm-aie-port/amd/aie/llvm/lib/Target/AIE/AIEBaseRegisterInfo.h: In instantiation of ‘bool llvm::isEncodableAsNegativeInt(int) [with int N = 9; unsigned int step = 8]’:
/home/jtuyls/iree-ai/llvm-aie-port/amd/aie/llvm/lib/Target/AIE/aie2ps/AIE2PSRegisterInfo.cpp:243:39:   required from here
/home/jtuyls/iree-ai/llvm-aie-port/amd/aie/llvm/lib/Target/AIE/AIEBaseRegisterInfo.h:156:32: warning: ‘constexpr size_t llvm::CTLog2() [with long unsigned int kValue = 8; size_t = long unsigned int]’ is deprecated: Use ConstantLog2 instead [-Wdeprecated-declarations]
  156 |   return isInt<N + CTLog2<step>() + 1>(Value);
      |                    ~~~~~~~~~~~~^~
/home/jtuyls/iree-ai/llvm-aie-port/llvm/include/llvm/Support/MathExtras.h:324:18: note: declared here
  324 | constexpr size_t CTLog2() {
      |                  ^~~~~~
/home/jtuyls/iree-ai/llvm-aie-port/amd/aie/llvm/lib/Target/AIE/AIEBaseRegisterInfo.h: In instantiation of ‘bool llvm::isEncodableAsNegativeInt(int) [with int N = 9; unsigned int step = 16]’:
/home/jtuyls/iree-ai/llvm-aie-port/amd/aie/llvm/lib/Target/AIE/aie2ps/AIE2PSRegisterInfo.cpp:264:40:   required from here
/home/jtuyls/iree-ai/llvm-aie-port/amd/aie/llvm/lib/Target/AIE/AIEBaseRegisterInfo.h:156:32: warning: ‘constexpr size_t llvm::CTLog2() [with long unsigned int kValue = 16; size_t = long unsigned int]’ is deprecated: Use ConstantLog2 instead [-Wdeprecated-declarations]
  156 |   return isInt<N + CTLog2<step>() + 1>(Value);
      |                    ~~~~~~~~~~~~^~
/home/jtuyls/iree-ai/llvm-aie-port/llvm/include/llvm/Support/MathExtras.h:324:18: note: declared here
  324 | constexpr size_t CTLog2() {
      |                  ^~~~~~
/home/jtuyls/iree-ai/llvm-aie-port/amd/aie/llvm/lib/Target/AIE/AIEBaseRegisterInfo.h: In instantiation of ‘bool llvm::isEncodableAsNegativeInt(int) [with int N = 9; unsigned int step = 32]’:
/home/jtuyls/iree-ai/llvm-aie-port/amd/aie/llvm/lib/Target/AIE/aie2ps/AIE2PSRegisterInfo.cpp:281:40:   required from here
/home/jtuyls/iree-ai/llvm-aie-port/amd/aie/llvm/lib/Target/AIE/AIEBaseRegisterInfo.h:156:32: warning: ‘constexpr size_t llvm::CTLog2() [with long unsigned int kValue = 32; size_t = long unsigned int]’ is deprecated: Use ConstantLog2 instead [-Wdeprecated-declarations]
  156 |   return isInt<N + CTLog2<step>() + 1>(Value);
      |                    ~~~~~~~~~~~~^~
/home/jtuyls/iree-ai/llvm-aie-port/llvm/include/llvm/Support/MathExtras.h:324:18: note: declared here
  324 | constexpr size_t CTLog2() {
      |                  ^~~~~~
/home/jtuyls/iree-ai/llvm-aie-port/amd/aie/llvm/lib/Target/AIE/AIEBaseRegisterInfo.h: In instantiation of ‘bool llvm::isEncodableAsNegativeInt(int) [with int N = 9; unsigned int step = 64]’:
/home/jtuyls/iree-ai/llvm-aie-port/amd/aie/llvm/lib/Target/AIE/aie2ps/AIE2PSRegisterInfo.cpp:298:40:   required from here
/home/jtuyls/iree-ai/llvm-aie-port/amd/aie/llvm/lib/Target/AIE/AIEBaseRegisterInfo.h:156:32: warning: ‘constexpr size_t llvm::CTLog2() [with long unsigned int kValue = 64; size_t = long unsigned int]’ is deprecated: Use ConstantLog2 instead [-Wdeprecated-declarations]
  156 |   return isInt<N + CTLog2<step>() + 1>(Value);
      |                    ~~~~~~~~~~~~^~
/home/jtuyls/iree-ai/llvm-aie-port/llvm/include/llvm/Support/MathExtras.h:324:18: note: declared here
  324 | constexpr size_t CTLog2() {
      |                  ^~~~~~
/home/jtuyls/iree-ai/llvm-aie-port/amd/aie/llvm/lib/Target/AIE/AIEBaseRegisterInfo.h: In instantiation of ‘bool llvm::isEncodableAsNegativeInt(int) [with int N = 9; unsigned int step = 128]’:
/home/jtuyls/iree-ai/llvm-aie-port/amd/aie/llvm/lib/Target/AIE/aie2ps/AIE2PSRegisterInfo.cpp:317:41:   required from here
/home/jtuyls/iree-ai/llvm-aie-port/amd/aie/llvm/lib/Target/AIE/AIEBaseRegisterInfo.h:156:32: warning: ‘constexpr size_t llvm::CTLog2() [with long unsigned int kValue = 128; size_t = long unsigned int]’ is deprecated: Use ConstantLog2 instead [-Wdeprecated-declarations]
  156 |   return isInt<N + CTLog2<step>() + 1>(Value);
      |                    ~~~~~~~~~~~~^~
/home/jtuyls/iree-ai/llvm-aie-port/llvm/include/llvm/Support/MathExtras.h:324:18: note: declared here
  324 | constexpr size_t CTLog2() {
      |                  ^~~~~~
[282/305] Building CXX object lib/Target/AIE/CMakeFiles/LLVMAIECodeGen.dir/aie2ps/AIE2PSInstrInfo.cpp.o
FAILED: lib/Target/AIE/CMakeFiles/LLVMAIECodeGen.dir/aie2ps/AIE2PSInstrInfo.cpp.o 
CCACHE_CPP2=yes CCACHE_HASHDIR=yes CCACHE_SLOPPINESS=pch_defines,time_macros /usr/bin/ccache /usr/bin/g++ -D_DEBUG -D_GLIBCXX_ASSERTIONS -D_GLIBCXX_USE_CXX11_ABI=1 -D_GNU_SOURCE -D_LIBCPP_HARDENING_MODE=_LIBCPP_HARDENING_MODE_EXTENSIVE -D__STDC_CONSTANT_MACROS -D__STDC_FORMAT_MACROS -D__STDC_LIMIT_MACROS -I/home/jtuyls/iree-ai/llvm-aie-port/build/lib/Target/AIE -I/home/jtuyls/iree-ai/llvm-aie-port/amd/aie/llvm/lib/Target/AIE -I/home/jtuyls/iree-ai/llvm-aie-port/build/include -I/home/jtuyls/iree-ai/llvm-aie-port/llvm/include -I/home/jtuyls/iree-ai/llvm-aie-port/amd/aie/llvm/include -fPIC -fno-semantic-interposition -fvisibility-inlines-hidden -Werror=date-time -Wall -Wextra -Wno-unused-parameter -Wwrite-strings -Wcast-qual -Wno-missing-field-initializers -pedantic -Wno-long-long -Wimplicit-fallthrough -Wno-uninitialized -Wno-nonnull -Wno-class-memaccess -Wno-dangling-reference -Wno-redundant-move -Wno-pessimizing-move -Wno-array-bounds -Wno-stringop-overread -Wno-dangling-pointer -Wno-noexcept-type -Wdelete-non-virtual-dtor -Wsuggest-override -Wno-comment -Wno-misleading-indentation -Wctad-maybe-unsupported -fdiagnostics-color -ffunction-sections -fdata-sections -O3 -DNDEBUG -std=c++17 -fvisibility=hidden -UNDEBUG -fno-exceptions -funwind-tables -fno-rtti -MD -MT lib/Target/AIE/CMakeFiles/LLVMAIECodeGen.dir/aie2ps/AIE2PSInstrInfo.cpp.o -MF lib/Target/AIE/CMakeFiles/LLVMAIECodeGen.dir/aie2ps/AIE2PSInstrInfo.cpp.o.d -o lib/Target/AIE/CMakeFiles/LLVMAIECodeGen.dir/aie2ps/AIE2PSInstrInfo.cpp.o -c /home/jtuyls/iree-ai/llvm-aie-port/amd/aie/llvm/lib/Target/AIE/aie2ps/AIE2PSInstrInfo.cpp
/home/jtuyls/iree-ai/llvm-aie-port/amd/aie/llvm/lib/Target/AIE/aie2ps/AIE2PSInstrInfo.cpp: In constructor ‘llvm::AIE2PSInstrInfo::AIE2PSInstrInfo()’:
/home/jtuyls/iree-ai/llvm-aie-port/amd/aie/llvm/lib/Target/AIE/aie2ps/AIE2PSInstrInfo.cpp:52:74: error: no matching function for call to ‘llvm::AIE2PSGenInstrInfo::AIE2PSGenInstrInfo(llvm::AIE2PS::<unnamed enum>, llvm::AIE2PS::<unnamed enum>)’
   52 |     : AIE2PSGenInstrInfo(AIE2PS::ADJCALLSTACKUP, AIE2PS::ADJCALLSTACKDOWN) {
      |                                                                          ^
In file included from /home/jtuyls/iree-ai/llvm-aie-port/amd/aie/llvm/lib/Target/AIE/aie2ps/AIE2PSInstrInfo.cpp:40:
/home/jtuyls/iree-ai/llvm-aie-port/build/lib/Target/AIE/AIE2PSGenInstrInfo.inc:9342:1: note: candidate: ‘llvm::AIE2PSGenInstrInfo::AIE2PSGenInstrInfo(const llvm::TargetSubtargetInfo&, const llvm::TargetRegisterInfo&, unsigned int, unsigned int, unsigned int, unsigned int)’
 9342 | AIE2PSGenInstrInfo::AIE2PSGenInstrInfo(const TargetSubtargetInfo &STI, const TargetRegisterInfo &TRI, unsigned CFSetupOpcode, unsigned CFDestroyOpcode, unsigned CatchRetOpcode, unsigned ReturnOpcode)
      | ^~~~~~~~~~~~~~~~~~
/home/jtuyls/iree-ai/llvm-aie-port/build/lib/Target/AIE/AIE2PSGenInstrInfo.inc:9342:67: note:   no known conversion for argument 1 from ‘llvm::AIE2PS::<unnamed enum>’ to ‘const llvm::TargetSubtargetInfo&’
 9342 | AIE2PSGenInstrInfo::AIE2PSGenInstrInfo(const TargetSubtargetInfo &STI, const TargetRegisterInfo &TRI, unsigned CFSetupOpcode, unsigned CFDestroyOpcode, unsigned CatchRetOpcode, unsigned ReturnOpcode)
      |                                        ~~~~~~~~~~~~~~~~~~~~~~~~~~~^~~
/home/jtuyls/iree-ai/llvm-aie-port/amd/aie/llvm/lib/Target/AIE/aie2ps/AIE2PSInstrInfo.cpp: At global scope:
/home/jtuyls/iree-ai/llvm-aie-port/amd/aie/llvm/lib/Target/AIE/aie2ps/AIE2PSInstrInfo.cpp:306:6: error: no declaration matches ‘void llvm::AIE2PSInstrInfo::copyPhysReg(llvm::MachineBasicBlock&, llvm::MachineBasicBlock::iterator, const llvm::DebugLoc&, llvm::MCRegister, llvm::MCRegister, bool, bool, bool) const’
  306 | void AIE2PSInstrInfo::copyPhysReg(MachineBasicBlock &MBB,
      |      ^~~~~~~~~~~~~~~
In file included from /home/jtuyls/iree-ai/llvm-aie-port/amd/aie/llvm/lib/Target/AIE/aie2ps/AIE2PSInstrInfo.cpp:16:
/home/jtuyls/iree-ai/llvm-aie-port/amd/aie/llvm/lib/Target/AIE/aie2ps/AIE2PSInstrInfo.h:73:8: note: candidate is: ‘virtual void llvm::AIE2PSInstrInfo::copyPhysReg(llvm::MachineBasicBlock&, llvm::MachineBasicBlock::iterator, const llvm::DebugLoc&, llvm::Register, llvm::Register, bool, bool, bool) const’
   73 |   void copyPhysReg(MachineBasicBlock &MBB, MachineBasicBlock::iterator MBBI,
      |        ^~~~~~~~~~~
/home/jtuyls/iree-ai/llvm-aie-port/amd/aie/llvm/lib/Target/AIE/aie2ps/AIE2PSInstrInfo.h:28:7: note: ‘class llvm::AIE2PSInstrInfo’ defined here
   28 | class AIE2PSInstrInfo : public AIE2PSGenInstrInfo {
      |       ^~~~~~~~~~~~~~~
/home/jtuyls/iree-ai/llvm-aie-port/amd/aie/llvm/lib/Target/AIE/aie2ps/AIE2PSInstrInfo.cpp: In lambda function:
/home/jtuyls/iree-ai/llvm-aie-port/amd/aie/llvm/lib/Target/AIE/aie2ps/AIE2PSInstrInfo.cpp:912:31: error: no matching function for call to ‘llvm::AIE2PSInstrInfo::storeRegToStackSlot(llvm::MachineBasicBlock&, llvm::MachineBasicBlock::iterator&, llvm::Register&, bool, int&, const llvm::TargetRegisterClass*&, const llvm::TargetRegisterInfo*&, llvm::Register&, llvm::MachineInstr::MIFlag&) const’
  912 |     return storeRegToStackSlot(MBB, I, TmpReg, /*IsKill*/ true, FI, BounceRC,
      |            ~~~~~~~~~~~~~~~~~~~^~~~~~~~~~~~~~~~~~~~~~~~~~~~~~~~~~~~~~~~~~~~~~~
  913 |                                TRI, VReg, Flags);
      |                                ~~~~~~~~~~~~~~~~~
/home/jtuyls/iree-ai/llvm-aie-port/amd/aie/llvm/lib/Target/AIE/aie2ps/AIE2PSInstrInfo.cpp:878:6: note: candidate: ‘virtual void llvm::AIE2PSInstrInfo::storeRegToStackSlot(llvm::MachineBasicBlock&, llvm::MachineBasicBlock::iterator, llvm::Register, bool, int, const llvm::TargetRegisterClass*, llvm::Register, llvm::MachineInstr::MIFlag) const’
  878 | void AIE2PSInstrInfo::storeRegToStackSlot(MachineBasicBlock &MBB,
      |      ^~~~~~~~~~~~~~~
/home/jtuyls/iree-ai/llvm-aie-port/amd/aie/llvm/lib/Target/AIE/aie2ps/AIE2PSInstrInfo.cpp:878:6: note:   candidate expects 8 arguments, 9 provided
/home/jtuyls/iree-ai/llvm-aie-port/amd/aie/llvm/lib/Target/AIE/aie2ps/AIE2PSInstrInfo.cpp: In lambda function:
/home/jtuyls/iree-ai/llvm-aie-port/amd/aie/llvm/lib/Target/AIE/aie2ps/AIE2PSInstrInfo.cpp:1027:56: error: invalid conversion from ‘const llvm::TargetRegisterInfo*’ to ‘unsigned int’ [-fpermissive]
 1027 |     loadRegFromStackSlot(MBB, I, TmpReg, FI, BounceRC, TRI, VReg, Flags);
      |                                                        ^~~
      |                                                        |
      |                                                        const llvm::TargetRegisterInfo*
In file included from /home/jtuyls/iree-ai/llvm-aie-port/llvm/include/llvm/CodeGen/MachineOperand.h:17,
                 from /home/jtuyls/iree-ai/llvm-aie-port/llvm/include/llvm/CodeGen/MachineInstr.h:27,
                 from /home/jtuyls/iree-ai/llvm-aie-port/llvm/include/llvm/CodeGen/MachineBasicBlock.h:22,
                 from /home/jtuyls/iree-ai/llvm-aie-port/llvm/include/llvm/CodeGen/TargetRegisterInfo.h:22,
                 from /home/jtuyls/iree-ai/llvm-aie-port/amd/aie/llvm/lib/Target/AIE/AIEBaseRegisterInfo.h:19,
                 from /home/jtuyls/iree-ai/llvm-aie-port/amd/aie/llvm/lib/Target/AIE/aie2ps/AIE2PSRegisterInfo.h:19,
                 from /home/jtuyls/iree-ai/llvm-aie-port/amd/aie/llvm/lib/Target/AIE/aie2ps/AIE2PSInstrInfo.h:19:
/home/jtuyls/iree-ai/llvm-aie-port/llvm/include/llvm/CodeGen/Register.h:24:31: note:   initializing argument 1 of ‘constexpr llvm::Register::Register(unsigned int)’
   24 |   constexpr Register(unsigned Val = 0) : Reg(Val) {}
      |                      ~~~~~~~~~^~~~~~~
/home/jtuyls/iree-ai/llvm-aie-port/amd/aie/llvm/lib/Target/AIE/aie2ps/AIE2PSInstrInfo.cpp: At global scope:
/home/jtuyls/iree-ai/llvm-aie-port/amd/aie/llvm/lib/Target/AIE/aie2ps/AIE2PSInstrInfo.cpp:92:19: warning: ‘llvm::MCRegister getHiSubReg(const llvm::TargetRegisterInfo&, llvm::MCRegister)’ defined but not used [-Wunused-function]
   92 | static MCRegister getHiSubReg(const TargetRegisterInfo &TRI, MCRegister Reg) {
      |                   ^~~~~~~~~~~
/home/jtuyls/iree-ai/llvm-aie-port/amd/aie/llvm/lib/Target/AIE/aie2ps/AIE2PSInstrInfo.cpp:69:19: warning: ‘llvm::MCRegister getLoSubReg(const llvm::TargetRegisterInfo&, llvm::MCRegister)’ defined but not used [-Wunused-function]
   69 | static MCRegister getLoSubReg(const TargetRegisterInfo &TRI, MCRegister Reg) {
      |                   ^~~~~~~~~~~
[283/305] Building CXX object lib/Target/AIE/InstPrinter/CMakeFiles/LLVMAIEAsmPrinter.dir/AIE2InstPrinter.cpp.o
FAILED: lib/Target/AIE/InstPrinter/CMakeFiles/LLVMAIEAsmPrinter.dir/AIE2InstPrinter.cpp.o 
CCACHE_CPP2=yes CCACHE_HASHDIR=yes CCACHE_SLOPPINESS=pch_defines,time_macros /usr/bin/ccache /usr/bin/g++ -D_DEBUG -D_GLIBCXX_ASSERTIONS -D_GLIBCXX_USE_CXX11_ABI=1 -D_GNU_SOURCE -D_LIBCPP_HARDENING_MODE=_LIBCPP_HARDENING_MODE_EXTENSIVE -D__STDC_CONSTANT_MACROS -D__STDC_FORMAT_MACROS -D__STDC_LIMIT_MACROS -I/home/jtuyls/iree-ai/llvm-aie-port/build/lib/Target/AIE/InstPrinter -I/home/jtuyls/iree-ai/llvm-aie-port/amd/aie/llvm/lib/Target/AIE/InstPrinter -I/home/jtuyls/iree-ai/llvm-aie-port/amd/aie/llvm/lib/Target/AIE -I/home/jtuyls/iree-ai/llvm-aie-port/build/lib/Target/AIE -I/home/jtuyls/iree-ai/llvm-aie-port/build/include -I/home/jtuyls/iree-ai/llvm-aie-port/llvm/include -I/home/jtuyls/iree-ai/llvm-aie-port/amd/aie/llvm/include -fPIC -fno-semantic-interposition -fvisibility-inlines-hidden -Werror=date-time -Wall -Wextra -Wno-unused-parameter -Wwrite-strings -Wcast-qual -Wno-missing-field-initializers -pedantic -Wno-long-long -Wimplicit-fallthrough -Wno-uninitialized -Wno-nonnull -Wno-class-memaccess -Wno-dangling-reference -Wno-redundant-move -Wno-pessimizing-move -Wno-array-bounds -Wno-stringop-overread -Wno-dangling-pointer -Wno-noexcept-type -Wdelete-non-virtual-dtor -Wsuggest-override -Wno-comment -Wno-misleading-indentation -Wctad-maybe-unsupported -fdiagnostics-color -ffunction-sections -fdata-sections -O3 -DNDEBUG -std=c++17 -fvisibility=hidden -UNDEBUG -fno-exceptions -funwind-tables -fno-rtti -MD -MT lib/Target/AIE/InstPrinter/CMakeFiles/LLVMAIEAsmPrinter.dir/AIE2InstPrinter.cpp.o -MF lib/Target/AIE/InstPrinter/CMakeFiles/LLVMAIEAsmPrinter.dir/AIE2InstPrinter.cpp.o.d -o lib/Target/AIE/InstPrinter/CMakeFiles/LLVMAIEAsmPrinter.dir/AIE2InstPrinter.cpp.o -c /home/jtuyls/iree-ai/llvm-aie-port/amd/aie/llvm/lib/Target/AIE/InstPrinter/AIE2InstPrinter.cpp
In file included from /home/jtuyls/iree-ai/llvm-aie-port/amd/aie/llvm/lib/Target/AIE/InstPrinter/AIE2InstPrinter.h:18,
                 from /home/jtuyls/iree-ai/llvm-aie-port/amd/aie/llvm/lib/Target/AIE/InstPrinter/AIE2InstPrinter.cpp:15:
/home/jtuyls/iree-ai/llvm-aie-port/amd/aie/llvm/lib/Target/AIE/InstPrinter/AIECommonInstPrinter.h: In instantiation of ‘void llvm::AIECommonInstPrinter::printImmOffset(const llvm::MCOperand&, const llvm::MCSubtargetInfo&, llvm::raw_ostream&) [with int offset = 0]’:
/home/jtuyls/iree-ai/llvm-aie-port/amd/aie/llvm/lib/Target/AIE/InstPrinter/AIE2InstPrinter.cpp:52:47:   required from ‘void llvm::AIE2InstPrinter::printImmOffset(const llvm::MCInst*, unsigned int, const llvm::MCSubtargetInfo&, llvm::raw_ostream&, const char*) [with int <anonymous> = 0]’
/home/jtuyls/iree-ai/llvm-aie-port/build/lib/Target/AIE/AIE2GenAsmWriter.inc:3013:33:   required from here
/home/jtuyls/iree-ai/llvm-aie-port/amd/aie/llvm/lib/Target/AIE/InstPrinter/AIECommonInstPrinter.h:54:24: error: ‘void llvm::MCExpr::print(llvm::raw_ostream&, const llvm::MCAsmInfo*, int) const’ is private within this context
   54 |     MO.getExpr()->print(O, &MAI);
      |     ~~~~~~~~~~~~~~~~~~~^~~~~~~~~
In file included from /home/jtuyls/iree-ai/llvm-aie-port/llvm/include/llvm/MC/MCSymbol.h:18,
                 from /home/jtuyls/iree-ai/llvm-aie-port/llvm/include/llvm/MC/MCObjectWriter.h:12,
                 from /home/jtuyls/iree-ai/llvm-aie-port/amd/aie/llvm/lib/Target/AIE/MCTargetDesc/AIEMCTargetDesc.h:19,
                 from /home/jtuyls/iree-ai/llvm-aie-port/amd/aie/llvm/lib/Target/AIE/InstPrinter/AIECommonInstPrinter.h:19:
/home/jtuyls/iree-ai/llvm-aie-port/llvm/include/llvm/MC/MCExpr.h:60:8: note: declared private here
   60 |   void print(raw_ostream &OS, const MCAsmInfo *MAI,
      |        ^~~~~
[284/305] Building CXX object lib/Target/AIE/MCTargetDesc/CMakeFiles/LLVMAIEDesc.dir/AIE2MCCodeEmitter.cpp.o
FAILED: lib/Target/AIE/MCTargetDesc/CMakeFiles/LLVMAIEDesc.dir/AIE2MCCodeEmitter.cpp.o 
CCACHE_CPP2=yes CCACHE_HASHDIR=yes CCACHE_SLOPPINESS=pch_defines,time_macros /usr/bin/ccache /usr/bin/g++ -D_DEBUG -D_GLIBCXX_ASSERTIONS -D_GLIBCXX_USE_CXX11_ABI=1 -D_GNU_SOURCE -D_LIBCPP_HARDENING_MODE=_LIBCPP_HARDENING_MODE_EXTENSIVE -D__STDC_CONSTANT_MACROS -D__STDC_FORMAT_MACROS -D__STDC_LIMIT_MACROS -I/home/jtuyls/iree-ai/llvm-aie-port/build/lib/Target/AIE/MCTargetDesc -I/home/jtuyls/iree-ai/llvm-aie-port/amd/aie/llvm/lib/Target/AIE/MCTargetDesc -I/home/jtuyls/iree-ai/llvm-aie-port/amd/aie/llvm/lib/Target/AIE -I/home/jtuyls/iree-ai/llvm-aie-port/build/lib/Target/AIE -I/home/jtuyls/iree-ai/llvm-aie-port/build/include -I/home/jtuyls/iree-ai/llvm-aie-port/llvm/include -I/home/jtuyls/iree-ai/llvm-aie-port/amd/aie/llvm/include -fPIC -fno-semantic-interposition -fvisibility-inlines-hidden -Werror=date-time -Wall -Wextra -Wno-unused-parameter -Wwrite-strings -Wcast-qual -Wno-missing-field-initializers -pedantic -Wno-long-long -Wimplicit-fallthrough -Wno-uninitialized -Wno-nonnull -Wno-class-memaccess -Wno-dangling-reference -Wno-redundant-move -Wno-pessimizing-move -Wno-array-bounds -Wno-stringop-overread -Wno-dangling-pointer -Wno-noexcept-type -Wdelete-non-virtual-dtor -Wsuggest-override -Wno-comment -Wno-misleading-indentation -Wctad-maybe-unsupported -fdiagnostics-color -ffunction-sections -fdata-sections -O3 -DNDEBUG -std=c++17 -fvisibility=hidden -UNDEBUG -fno-exceptions -funwind-tables -fno-rtti -MD -MT lib/Target/AIE/MCTargetDesc/CMakeFiles/LLVMAIEDesc.dir/AIE2MCCodeEmitter.cpp.o -MF lib/Target/AIE/MCTargetDesc/CMakeFiles/LLVMAIEDesc.dir/AIE2MCCodeEmitter.cpp.o.d -o lib/Target/AIE/MCTargetDesc/CMakeFiles/LLVMAIEDesc.dir/AIE2MCCodeEmitter.cpp.o -c /home/jtuyls/iree-ai/llvm-aie-port/amd/aie/llvm/lib/Target/AIE/MCTargetDesc/AIE2MCCodeEmitter.cpp
In file included from /home/jtuyls/iree-ai/llvm-aie-port/amd/aie/llvm/lib/Target/AIE/MCTargetDesc/AIE2MCCodeEmitter.cpp:19:
/home/jtuyls/iree-ai/llvm-aie-port/amd/aie/llvm/lib/Target/AIE/MCTargetDesc/AIEMCExpr.h:53:8: error: ‘bool llvm::AIEMCExpr::evaluateAsRelocatableImpl(llvm::MCValue&, const llvm::MCAssembler*, const llvm::MCFixup*) const’ marked ‘override’, but does not override
   53 |   bool evaluateAsRelocatableImpl(MCValue &Res, const MCAssembler *Layout,
      |        ^~~~~~~~~~~~~~~~~~~~~~~~~
/home/jtuyls/iree-ai/llvm-aie-port/amd/aie/llvm/lib/Target/AIE/MCTargetDesc/AIEMCExpr.h:61:8: error: ‘void llvm::AIEMCExpr::fixELFSymbolsInTLSFixups(llvm::MCAssembler&) const’ marked ‘override’, but does not override
   61 |   void fixELFSymbolsInTLSFixups(MCAssembler &Asm) const override {}
      |        ^~~~~~~~~~~~~~~~~~~~~~~~
In file included from /home/jtuyls/iree-ai/llvm-aie-port/amd/aie/llvm/lib/Target/AIE/MCTargetDesc/AIE2MCCodeEmitter.cpp:15:
/home/jtuyls/iree-ai/llvm-aie-port/amd/aie/llvm/lib/Target/AIE/MCTargetDesc/AIEBaseMCCodeEmitter.h: In instantiation of ‘void llvm::{anonymous}::getSImmOpValueXStep(const llvm::MCInst&, unsigned int, llvm::APInt&, llvm::SmallVectorImpl<llvm::MCFixup>&, const llvm::MCSubtargetInfo&) [with int N = 12; unsigned int step = 16; int offset = 0; bool isNegative = true; bool isUnsigned = false]’:
/home/jtuyls/iree-ai/llvm-aie-port/build/lib/Target/AIE/AIE2GenMCCodeEmitter.inc:1469:54:   required from here
/home/jtuyls/iree-ai/llvm-aie-port/amd/aie/llvm/lib/Target/AIE/MCTargetDesc/AIEBaseMCCodeEmitter.h:124:46: warning: ‘constexpr size_t llvm::CTLog2() [with long unsigned int kValue = 16; size_t = long unsigned int]’ is deprecated: Use ConstantLog2 instead [-Wdeprecated-declarations]
  124 |   const unsigned FixedZeroBits = CTLog2<step>();
      |                                  ~~~~~~~~~~~~^~
In file included from /home/jtuyls/iree-ai/llvm-aie-port/llvm/include/llvm/ADT/DenseMap.h:24,
                 from /home/jtuyls/iree-ai/llvm-aie-port/llvm/include/llvm/MC/MCExpr.h:12,
                 from /home/jtuyls/iree-ai/llvm-aie-port/llvm/include/llvm/MC/MCSymbol.h:18,
                 from /home/jtuyls/iree-ai/llvm-aie-port/llvm/include/llvm/MC/MCObjectWriter.h:12,
                 from /home/jtuyls/iree-ai/llvm-aie-port/amd/aie/llvm/lib/Target/AIE/MCTargetDesc/AIEMCTargetDesc.h:19,
                 from /home/jtuyls/iree-ai/llvm-aie-port/amd/aie/llvm/lib/Target/AIE/Utils/AIEBaseInfo.h:18,
                 from /home/jtuyls/iree-ai/llvm-aie-port/amd/aie/llvm/lib/Target/AIE/AIE.h:19,
                 from /home/jtuyls/iree-ai/llvm-aie-port/amd/aie/llvm/lib/Target/AIE/MCTargetDesc/AIEFormat.h:16,
                 from /home/jtuyls/iree-ai/llvm-aie-port/amd/aie/llvm/lib/Target/AIE/MCTargetDesc/AIEMCFormats.h:17,
                 from /home/jtuyls/iree-ai/llvm-aie-port/amd/aie/llvm/lib/Target/AIE/MCTargetDesc/AIEMCFixupKinds.h:14,
                 from /home/jtuyls/iree-ai/llvm-aie-port/amd/aie/llvm/lib/Target/AIE/MCTargetDesc/AIEBaseMCCodeEmitter.h:15:
/home/jtuyls/iree-ai/llvm-aie-port/llvm/include/llvm/Support/MathExtras.h:324:18: note: declared here
  324 | constexpr size_t CTLog2() {
      |                  ^~~~~~
/home/jtuyls/iree-ai/llvm-aie-port/amd/aie/llvm/lib/Target/AIE/MCTargetDesc/AIEBaseMCCodeEmitter.h: In instantiation of ‘void llvm::{anonymous}::getSImmOpValueXStep(const llvm::MCInst&, unsigned int, llvm::APInt&, llvm::SmallVectorImpl<llvm::MCFixup>&, const llvm::MCSubtargetInfo&) [with int N = 6; unsigned int step = 16; int offset = 0; bool isNegative = false; bool isUnsigned = false]’:
/home/jtuyls/iree-ai/llvm-aie-port/build/lib/Target/AIE/AIE2GenMCCodeEmitter.inc:1499:53:   required from here
/home/jtuyls/iree-ai/llvm-aie-port/amd/aie/llvm/lib/Target/AIE/MCTargetDesc/AIEBaseMCCodeEmitter.h:124:46: warning: ‘constexpr size_t llvm::CTLog2() [with long unsigned int kValue = 16; size_t = long unsigned int]’ is deprecated: Use ConstantLog2 instead [-Wdeprecated-declarations]
  124 |   const unsigned FixedZeroBits = CTLog2<step>();
      |                                  ~~~~~~~~~~~~^~
/home/jtuyls/iree-ai/llvm-aie-port/llvm/include/llvm/Support/MathExtras.h:324:18: note: declared here
  324 | constexpr size_t CTLog2() {
      |                  ^~~~~~
/home/jtuyls/iree-ai/llvm-aie-port/amd/aie/llvm/lib/Target/AIE/MCTargetDesc/AIEBaseMCCodeEmitter.h: In instantiation of ‘void llvm::{anonymous}::getSImmOpValueXStep(const llvm::MCInst&, unsigned int, llvm::APInt&, llvm::SmallVectorImpl<llvm::MCFixup>&, const llvm::MCSubtargetInfo&) [with int N = 7; unsigned int step = 16; int offset = 0; bool isNegative = false; bool isUnsigned = false]’:
/home/jtuyls/iree-ai/llvm-aie-port/build/lib/Target/AIE/AIE2GenMCCodeEmitter.inc:1514:53:   required from here
/home/jtuyls/iree-ai/llvm-aie-port/amd/aie/llvm/lib/Target/AIE/MCTargetDesc/AIEBaseMCCodeEmitter.h:124:46: warning: ‘constexpr size_t llvm::CTLog2() [with long unsigned int kValue = 16; size_t = long unsigned int]’ is deprecated: Use ConstantLog2 instead [-Wdeprecated-declarations]
  124 |   const unsigned FixedZeroBits = CTLog2<step>();
      |                                  ~~~~~~~~~~~~^~
/home/jtuyls/iree-ai/llvm-aie-port/llvm/include/llvm/Support/MathExtras.h:324:18: note: declared here
  324 | constexpr size_t CTLog2() {
      |                  ^~~~~~
/home/jtuyls/iree-ai/llvm-aie-port/amd/aie/llvm/lib/Target/AIE/MCTargetDesc/AIEBaseMCCodeEmitter.h: In instantiation of ‘void llvm::{anonymous}::getSImmOpValueXStep(const llvm::MCInst&, unsigned int, llvm::APInt&, llvm::SmallVectorImpl<llvm::MCFixup>&, const llvm::MCSubtargetInfo&) [with int N = 3; unsigned int step = 32; int offset = 0; bool isNegative = false; bool isUnsigned = false]’:
/home/jtuyls/iree-ai/llvm-aie-port/build/lib/Target/AIE/AIE2GenMCCodeEmitter.inc:1949:53:   required from here
/home/jtuyls/iree-ai/llvm-aie-port/amd/aie/llvm/lib/Target/AIE/MCTargetDesc/AIEBaseMCCodeEmitter.h:124:46: warning: ‘constexpr size_t llvm::CTLog2() [with long unsigned int kValue = 32; size_t = long unsigned int]’ is deprecated: Use ConstantLog2 instead [-Wdeprecated-declarations]
  124 |   const unsigned FixedZeroBits = CTLog2<step>();
      |                                  ~~~~~~~~~~~~^~
/home/jtuyls/iree-ai/llvm-aie-port/llvm/include/llvm/Support/MathExtras.h:324:18: note: declared here
  324 | constexpr size_t CTLog2() {
      |                  ^~~~~~
/home/jtuyls/iree-ai/llvm-aie-port/amd/aie/llvm/lib/Target/AIE/MCTargetDesc/AIEBaseMCCodeEmitter.h: In instantiation of ‘void llvm::{anonymous}::getSImmOpValueXStep(const llvm::MCInst&, unsigned int, llvm::APInt&, llvm::SmallVectorImpl<llvm::MCFixup>&, const llvm::MCSubtargetInfo&) [with int N = 4; unsigned int step = 32; int offset = 0; bool isNegative = false; bool isUnsigned = false]’:
/home/jtuyls/iree-ai/llvm-aie-port/build/lib/Target/AIE/AIE2GenMCCodeEmitter.inc:1971:53:   required from here
/home/jtuyls/iree-ai/llvm-aie-port/amd/aie/llvm/lib/Target/AIE/MCTargetDesc/AIEBaseMCCodeEmitter.h:124:46: warning: ‘constexpr size_t llvm::CTLog2() [with long unsigned int kValue = 32; size_t = long unsigned int]’ is deprecated: Use ConstantLog2 instead [-Wdeprecated-declarations]
  124 |   const unsigned FixedZeroBits = CTLog2<step>();
      |                                  ~~~~~~~~~~~~^~
/home/jtuyls/iree-ai/llvm-aie-port/llvm/include/llvm/Support/MathExtras.h:324:18: note: declared here
  324 | constexpr size_t CTLog2() {
      |                  ^~~~~~
/home/jtuyls/iree-ai/llvm-aie-port/amd/aie/llvm/lib/Target/AIE/MCTargetDesc/AIEBaseMCCodeEmitter.h: In instantiation of ‘void llvm::{anonymous}::getSImmOpValueXStep(const llvm::MCInst&, unsigned int, llvm::APInt&, llvm::SmallVectorImpl<llvm::MCFixup>&, const llvm::MCSubtargetInfo&) [with int N = 12; unsigned int step = 32; int offset = 0; bool isNegative = true; bool isUnsigned = false]’:
/home/jtuyls/iree-ai/llvm-aie-port/build/lib/Target/AIE/AIE2GenMCCodeEmitter.inc:2337:54:   required from here
/home/jtuyls/iree-ai/llvm-aie-port/amd/aie/llvm/lib/Target/AIE/MCTargetDesc/AIEBaseMCCodeEmitter.h:124:46: warning: ‘constexpr size_t llvm::CTLog2() [with long unsigned int kValue = 32; size_t = long unsigned int]’ is deprecated: Use ConstantLog2 instead [-Wdeprecated-declarations]
  124 |   const unsigned FixedZeroBits = CTLog2<step>();
      |                                  ~~~~~~~~~~~~^~
/home/jtuyls/iree-ai/llvm-aie-port/llvm/include/llvm/Support/MathExtras.h:324:18: note: declared here
  324 | constexpr size_t CTLog2() {
      |                  ^~~~~~
/home/jtuyls/iree-ai/llvm-aie-port/amd/aie/llvm/lib/Target/AIE/MCTargetDesc/AIEBaseMCCodeEmitter.h: In instantiation of ‘void llvm::{anonymous}::getSImmOpValueXStep(const llvm::MCInst&, unsigned int, llvm::APInt&, llvm::SmallVectorImpl<llvm::MCFixup>&, const llvm::MCSubtargetInfo&) [with int N = 6; unsigned int step = 32; int offset = 0; bool isNegative = false; bool isUnsigned = false]’:
/home/jtuyls/iree-ai/llvm-aie-port/build/lib/Target/AIE/AIE2GenMCCodeEmitter.inc:2383:53:   required from here
/home/jtuyls/iree-ai/llvm-aie-port/amd/aie/llvm/lib/Target/AIE/MCTargetDesc/AIEBaseMCCodeEmitter.h:124:46: warning: ‘constexpr size_t llvm::CTLog2() [with long unsigned int kValue = 32; size_t = long unsigned int]’ is deprecated: Use ConstantLog2 instead [-Wdeprecated-declarations]
  124 |   const unsigned FixedZeroBits = CTLog2<step>();
      |                                  ~~~~~~~~~~~~^~
/home/jtuyls/iree-ai/llvm-aie-port/llvm/include/llvm/Support/MathExtras.h:324:18: note: declared here
  324 | constexpr size_t CTLog2() {
      |                  ^~~~~~
/home/jtuyls/iree-ai/llvm-aie-port/amd/aie/llvm/lib/Target/AIE/MCTargetDesc/AIEBaseMCCodeEmitter.h: In instantiation of ‘void llvm::{anonymous}::getSImmOpValueXStep(const llvm::MCInst&, unsigned int, llvm::APInt&, llvm::SmallVectorImpl<llvm::MCFixup>&, const llvm::MCSubtargetInfo&) [with int N = 7; unsigned int step = 32; int offset = 0; bool isNegative = false; bool isUnsigned = false]’:
/home/jtuyls/iree-ai/llvm-aie-port/build/lib/Target/AIE/AIE2GenMCCodeEmitter.inc:2457:53:   required from here
/home/jtuyls/iree-ai/llvm-aie-port/amd/aie/llvm/lib/Target/AIE/MCTargetDesc/AIEBaseMCCodeEmitter.h:124:46: warning: ‘constexpr size_t llvm::CTLog2() [with long unsigned int kValue = 32; size_t = long unsigned int]’ is deprecated: Use ConstantLog2 instead [-Wdeprecated-declarations]
  124 |   const unsigned FixedZeroBits = CTLog2<step>();
      |                                  ~~~~~~~~~~~~^~
/home/jtuyls/iree-ai/llvm-aie-port/llvm/include/llvm/Support/MathExtras.h:324:18: note: declared here
  324 | constexpr size_t CTLog2() {
      |                  ^~~~~~
/home/jtuyls/iree-ai/llvm-aie-port/amd/aie/llvm/lib/Target/AIE/MCTargetDesc/AIEBaseMCCodeEmitter.h: In instantiation of ‘void llvm::{anonymous}::getSImmOpValueXStep(const llvm::MCInst&, unsigned int, llvm::APInt&, llvm::SmallVectorImpl<llvm::MCFixup>&, const llvm::MCSubtargetInfo&) [with int N = 12; unsigned int step = 32; int offset = 0; bool isNegative = false; bool isUnsigned = false]’:
/home/jtuyls/iree-ai/llvm-aie-port/build/lib/Target/AIE/AIE2GenMCCodeEmitter.inc:2903:54:   required from here
/home/jtuyls/iree-ai/llvm-aie-port/amd/aie/llvm/lib/Target/AIE/MCTargetDesc/AIEBaseMCCodeEmitter.h:124:46: warning: ‘constexpr size_t llvm::CTLog2() [with long unsigned int kValue = 32; size_t = long unsigned int]’ is deprecated: Use ConstantLog2 instead [-Wdeprecated-declarations]
  124 |   const unsigned FixedZeroBits = CTLog2<step>();
      |                                  ~~~~~~~~~~~~^~
/home/jtuyls/iree-ai/llvm-aie-port/llvm/include/llvm/Support/MathExtras.h:324:18: note: declared here
  324 | constexpr size_t CTLog2() {
      |                  ^~~~~~
/home/jtuyls/iree-ai/llvm-aie-port/amd/aie/llvm/lib/Target/AIE/MCTargetDesc/AIEBaseMCCodeEmitter.h: In instantiation of ‘void llvm::{anonymous}::getSImmOpValueXStep(const llvm::MCInst&, unsigned int, llvm::APInt&, llvm::SmallVectorImpl<llvm::MCFixup>&, const llvm::MCSubtargetInfo&) [with int N = 13; unsigned int step = 32; int offset = 0; bool isNegative = false; bool isUnsigned = false]’:
/home/jtuyls/iree-ai/llvm-aie-port/build/lib/Target/AIE/AIE2GenMCCodeEmitter.inc:2911:54:   required from here
/home/jtuyls/iree-ai/llvm-aie-port/amd/aie/llvm/lib/Target/AIE/MCTargetDesc/AIEBaseMCCodeEmitter.h:124:46: warning: ‘constexpr size_t llvm::CTLog2() [with long unsigned int kValue = 32; size_t = long unsigned int]’ is deprecated: Use ConstantLog2 instead [-Wdeprecated-declarations]
  124 |   const unsigned FixedZeroBits = CTLog2<step>();
      |                                  ~~~~~~~~~~~~^~
/home/jtuyls/iree-ai/llvm-aie-port/llvm/include/llvm/Support/MathExtras.h:324:18: note: declared here
  324 | constexpr size_t CTLog2() {
      |                  ^~~~~~
/home/jtuyls/iree-ai/llvm-aie-port/amd/aie/llvm/lib/Target/AIE/MCTargetDesc/AIEBaseMCCodeEmitter.h: In instantiation of ‘void llvm::{anonymous}::getSImmOpValueXStep(const llvm::MCInst&, unsigned int, llvm::APInt&, llvm::SmallVectorImpl<llvm::MCFixup>&, const llvm::MCSubtargetInfo&) [with int N = 12; unsigned int step = 4; int offset = 0; bool isNegative = false; bool isUnsigned = false]’:
/home/jtuyls/iree-ai/llvm-aie-port/build/lib/Target/AIE/AIE2GenMCCodeEmitter.inc:3729:53:   required from here
/home/jtuyls/iree-ai/llvm-aie-port/amd/aie/llvm/lib/Target/AIE/MCTargetDesc/AIEBaseMCCodeEmitter.h:124:46: warning: ‘constexpr size_t llvm::CTLog2() [with long unsigned int kValue = 4; size_t = long unsigned int]’ is deprecated: Use ConstantLog2 instead [-Wdeprecated-declarations]
  124 |   const unsigned FixedZeroBits = CTLog2<step>();
      |                                  ~~~~~~~~~~~~^~
/home/jtuyls/iree-ai/llvm-aie-port/llvm/include/llvm/Support/MathExtras.h:324:18: note: declared here
  324 | constexpr size_t CTLog2() {
      |                  ^~~~~~
/home/jtuyls/iree-ai/llvm-aie-port/amd/aie/llvm/lib/Target/AIE/MCTargetDesc/AIEBaseMCCodeEmitter.h: In instantiation of ‘void llvm::{anonymous}::getSImmOpValueXStep(const llvm::MCInst&, unsigned int, llvm::APInt&, llvm::SmallVectorImpl<llvm::MCFixup>&, const llvm::MCSubtargetInfo&) [with int N = 6; unsigned int step = 4; int offset = 0; bool isNegative = false; bool isUnsigned = false]’:
/home/jtuyls/iree-ai/llvm-aie-port/build/lib/Target/AIE/AIE2GenMCCodeEmitter.inc:3759:52:   required from here
/home/jtuyls/iree-ai/llvm-aie-port/amd/aie/llvm/lib/Target/AIE/MCTargetDesc/AIEBaseMCCodeEmitter.h:124:46: warning: ‘constexpr size_t llvm::CTLog2() [with long unsigned int kValue = 4; size_t = long unsigned int]’ is deprecated: Use ConstantLog2 instead [-Wdeprecated-declarations]
  124 |   const unsigned FixedZeroBits = CTLog2<step>();
      |                                  ~~~~~~~~~~~~^~
/home/jtuyls/iree-ai/llvm-aie-port/llvm/include/llvm/Support/MathExtras.h:324:18: note: declared here
  324 | constexpr size_t CTLog2() {
      |                  ^~~~~~
/home/jtuyls/iree-ai/llvm-aie-port/amd/aie/llvm/lib/Target/AIE/MCTargetDesc/AIEBaseMCCodeEmitter.h: In instantiation of ‘void llvm::{anonymous}::getSImmOpValueXStep(const llvm::MCInst&, unsigned int, llvm::APInt&, llvm::SmallVectorImpl<llvm::MCFixup>&, const llvm::MCSubtargetInfo&) [with int N = 7; unsigned int step = 4; int offset = 0; bool isNegative = false; bool isUnsigned = false]’:
/home/jtuyls/iree-ai/llvm-aie-port/build/lib/Target/AIE/AIE2GenMCCodeEmitter.inc:3774:52:   required from here
/home/jtuyls/iree-ai/llvm-aie-port/amd/aie/llvm/lib/Target/AIE/MCTargetDesc/AIEBaseMCCodeEmitter.h:124:46: warning: ‘constexpr size_t llvm::CTLog2() [with long unsigned int kValue = 4; size_t = long unsigned int]’ is deprecated: Use ConstantLog2 instead [-Wdeprecated-declarations]
  124 |   const unsigned FixedZeroBits = CTLog2<step>();
      |                                  ~~~~~~~~~~~~^~
/home/jtuyls/iree-ai/llvm-aie-port/llvm/include/llvm/Support/MathExtras.h:324:18: note: declared here
  324 | constexpr size_t CTLog2() {
      |                  ^~~~~~
/home/jtuyls/iree-ai/llvm-aie-port/amd/aie/llvm/lib/Target/AIE/MCTargetDesc/AIEBaseMCCodeEmitter.h: In instantiation of ‘void llvm::{anonymous}::getSImmOpValueXStep(const llvm::MCInst&, unsigned int, llvm::APInt&, llvm::SmallVectorImpl<llvm::MCFixup>&, const llvm::MCSubtargetInfo&) [with int N = 9; unsigned int step = 4; int offset = 0; bool isNegative = false; bool isUnsigned = false]’:
/home/jtuyls/iree-ai/llvm-aie-port/build/lib/Target/AIE/AIE2GenMCCodeEmitter.inc:4446:52:   required from here
/home/jtuyls/iree-ai/llvm-aie-port/amd/aie/llvm/lib/Target/AIE/MCTargetDesc/AIEBaseMCCodeEmitter.h:124:46: warning: ‘constexpr size_t llvm::CTLog2() [with long unsigned int kValue = 4; size_t = long unsigned int]’ is deprecated: Use ConstantLog2 instead [-Wdeprecated-declarations]
  124 |   const unsigned FixedZeroBits = CTLog2<step>();
      |                                  ~~~~~~~~~~~~^~
/home/jtuyls/iree-ai/llvm-aie-port/llvm/include/llvm/Support/MathExtras.h:324:18: note: declared here
  324 | constexpr size_t CTLog2() {
      |                  ^~~~~~
/home/jtuyls/iree-ai/llvm-aie-port/amd/aie/llvm/lib/Target/AIE/MCTargetDesc/AIEBaseMCCodeEmitter.h: In instantiation of ‘void llvm::{anonymous}::getSImmOpValueXStep(const llvm::MCInst&, unsigned int, llvm::APInt&, llvm::SmallVectorImpl<llvm::MCFixup>&, const llvm::MCSubtargetInfo&) [with int N = 10; unsigned int step = 4; int offset = 0; bool isNegative = false; bool isUnsigned = false]’:
/home/jtuyls/iree-ai/llvm-aie-port/build/lib/Target/AIE/AIE2GenMCCodeEmitter.inc:4482:53:   required from here
/home/jtuyls/iree-ai/llvm-aie-port/amd/aie/llvm/lib/Target/AIE/MCTargetDesc/AIEBaseMCCodeEmitter.h:124:46: warning: ‘constexpr size_t llvm::CTLog2() [with long unsigned int kValue = 4; size_t = long unsigned int]’ is deprecated: Use ConstantLog2 instead [-Wdeprecated-declarations]
  124 |   const unsigned FixedZeroBits = CTLog2<step>();
      |                                  ~~~~~~~~~~~~^~
/home/jtuyls/iree-ai/llvm-aie-port/llvm/include/llvm/Support/MathExtras.h:324:18: note: declared here
  324 | constexpr size_t CTLog2() {
      |                  ^~~~~~
[285/305] Building CXX object lib/Target/AIE/MCTargetDesc/CMakeFiles/LLVMAIEDesc.dir/AIEMCTargetDesc.cpp.o
FAILED: lib/Target/AIE/MCTargetDesc/CMakeFiles/LLVMAIEDesc.dir/AIEMCTargetDesc.cpp.o 
CCACHE_CPP2=yes CCACHE_HASHDIR=yes CCACHE_SLOPPINESS=pch_defines,time_macros /usr/bin/ccache /usr/bin/g++ -D_DEBUG -D_GLIBCXX_ASSERTIONS -D_GLIBCXX_USE_CXX11_ABI=1 -D_GNU_SOURCE -D_LIBCPP_HARDENING_MODE=_LIBCPP_HARDENING_MODE_EXTENSIVE -D__STDC_CONSTANT_MACROS -D__STDC_FORMAT_MACROS -D__STDC_LIMIT_MACROS -I/home/jtuyls/iree-ai/llvm-aie-port/build/lib/Target/AIE/MCTargetDesc -I/home/jtuyls/iree-ai/llvm-aie-port/amd/aie/llvm/lib/Target/AIE/MCTargetDesc -I/home/jtuyls/iree-ai/llvm-aie-port/amd/aie/llvm/lib/Target/AIE -I/home/jtuyls/iree-ai/llvm-aie-port/build/lib/Target/AIE -I/home/jtuyls/iree-ai/llvm-aie-port/build/include -I/home/jtuyls/iree-ai/llvm-aie-port/llvm/include -I/home/jtuyls/iree-ai/llvm-aie-port/amd/aie/llvm/include -fPIC -fno-semantic-interposition -fvisibility-inlines-hidden -Werror=date-time -Wall -Wextra -Wno-unused-parameter -Wwrite-strings -Wcast-qual -Wno-missing-field-initializers -pedantic -Wno-long-long -Wimplicit-fallthrough -Wno-uninitialized -Wno-nonnull -Wno-class-memaccess -Wno-dangling-reference -Wno-redundant-move -Wno-pessimizing-move -Wno-array-bounds -Wno-stringop-overread -Wno-dangling-pointer -Wno-noexcept-type -Wdelete-non-virtual-dtor -Wsuggest-override -Wno-comment -Wno-misleading-indentation -Wctad-maybe-unsupported -fdiagnostics-color -ffunction-sections -fdata-sections -O3 -DNDEBUG -std=c++17 -fvisibility=hidden -UNDEBUG -fno-exceptions -funwind-tables -fno-rtti -MD -MT lib/Target/AIE/MCTargetDesc/CMakeFiles/LLVMAIEDesc.dir/AIEMCTargetDesc.cpp.o -MF lib/Target/AIE/MCTargetDesc/CMakeFiles/LLVMAIEDesc.dir/AIEMCTargetDesc.cpp.o.d -o lib/Target/AIE/MCTargetDesc/CMakeFiles/LLVMAIEDesc.dir/AIEMCTargetDesc.cpp.o -c /home/jtuyls/iree-ai/llvm-aie-port/amd/aie/llvm/lib/Target/AIE/MCTargetDesc/AIEMCTargetDesc.cpp
In file included from /home/jtuyls/iree-ai/llvm-aie-port/amd/aie/llvm/lib/Target/AIE/MCTargetDesc/AIE1AsmBackend.h:15,
                 from /home/jtuyls/iree-ai/llvm-aie-port/amd/aie/llvm/lib/Target/AIE/MCTargetDesc/AIEMCTargetDesc.cpp:16:
/home/jtuyls/iree-ai/llvm-aie-port/amd/aie/llvm/lib/Target/AIE/MCTargetDesc/AIEBaseAsmBackend.h:42:8: error: ‘void llvm::AIEBaseAsmBackend::applyFixup(const llvm::MCAssembler&, const llvm::MCFixup&, const llvm::MCValue&, llvm::MutableArrayRef<char>, uint64_t, bool, const llvm::MCSubtargetInfo*) const’ marked ‘override’, but does not override
   42 |   void applyFixup(const MCAssembler &Asm, const MCFixup &Fixup,
      |        ^~~~~~~~~~
/home/jtuyls/iree-ai/llvm-aie-port/amd/aie/llvm/lib/Target/AIE/MCTargetDesc/AIEBaseAsmBackend.h:50:8: error: ‘bool llvm::AIEBaseAsmBackend::fixupNeedsRelaxation(const llvm::MCFixup&, uint64_t) const’ marked ‘override’, but does not override
   50 |   bool fixupNeedsRelaxation(const MCFixup &Fixup,
      |        ^~~~~~~~~~~~~~~~~~~~
/home/jtuyls/iree-ai/llvm-aie-port/amd/aie/llvm/lib/Target/AIE/MCTargetDesc/AIEBaseAsmBackend.h:57:26: error: conflicting return type specified for ‘virtual const llvm::MCFixupKindInfo& llvm::AIEBaseAsmBackend::getFixupKindInfo(llvm::MCFixupKind) const’
   57 |   const MCFixupKindInfo &getFixupKindInfo(MCFixupKind Kind) const override {
      |                          ^~~~~~~~~~~~~~~~
In file included from /home/jtuyls/iree-ai/llvm-aie-port/llvm/include/llvm/MC/MCFixupKindInfo.h:6,
                 from /home/jtuyls/iree-ai/llvm-aie-port/amd/aie/llvm/lib/Target/AIE/MCTargetDesc/AIEMCFixupKinds.h:18,
                 from /home/jtuyls/iree-ai/llvm-aie-port/amd/aie/llvm/lib/Target/AIE/MCTargetDesc/AIE1MCFixupKinds.h:14,
                 from /home/jtuyls/iree-ai/llvm-aie-port/amd/aie/llvm/lib/Target/AIE/MCTargetDesc/AIE1AsmBackend.h:14:
/home/jtuyls/iree-ai/llvm-aie-port/llvm/include/llvm/MC/MCAsmBackend.h:107:27: note: overridden function is ‘virtual llvm::MCFixupKindInfo llvm::MCAsmBackend::getFixupKindInfo(llvm::MCFixupKind) const’
  107 |   virtual MCFixupKindInfo getFixupKindInfo(MCFixupKind Kind) const;
      |                           ^~~~~~~~~~~~~~~~
/home/jtuyls/iree-ai/llvm-aie-port/amd/aie/llvm/lib/Target/AIE/MCTargetDesc/AIEBaseAsmBackend.h: In member function ‘virtual const llvm::MCFixupKindInfo& llvm::AIEBaseAsmBackend::getFixupKindInfo(llvm::MCFixupKind) const’:
/home/jtuyls/iree-ai/llvm-aie-port/amd/aie/llvm/lib/Target/AIE/MCTargetDesc/AIEBaseAsmBackend.h:60:44: warning: returning reference to temporary [-Wreturn-local-addr]
   60 |       return MCAsmBackend::getFixupKindInfo(Kind);
      |              ~~~~~~~~~~~~~~~~~~~~~~~~~~~~~~^~~~~~
/home/jtuyls/iree-ai/llvm-aie-port/amd/aie/llvm/lib/Target/AIE/MCTargetDesc/AIE1AsmBackend.h: At global scope:
/home/jtuyls/iree-ai/llvm-aie-port/amd/aie/llvm/lib/Target/AIE/MCTargetDesc/AIE1AsmBackend.h:30:12: error: ‘unsigned int llvm::AIE1AsmBackend::getNumFixupKinds() const’ marked ‘override’, but does not override
   30 |   unsigned getNumFixupKinds() const override {
      |            ^~~~~~~~~~~~~~~~
In file included from /home/jtuyls/iree-ai/llvm-aie-port/amd/aie/llvm/lib/Target/AIE/MCTargetDesc/AIEMCTargetDesc.cpp:17:
/home/jtuyls/iree-ai/llvm-aie-port/amd/aie/llvm/lib/Target/AIE/MCTargetDesc/AIE2AsmBackend.h:29:12: error: ‘unsigned int llvm::AIE2AsmBackend::getNumFixupKinds() const’ marked ‘override’, but does not override
   29 |   unsigned getNumFixupKinds() const override {
      |            ^~~~~~~~~~~~~~~~
In file included from /home/jtuyls/iree-ai/llvm-aie-port/amd/aie/llvm/lib/Target/AIE/MCTargetDesc/AIEMCTargetDesc.cpp:26:
/home/jtuyls/iree-ai/llvm-aie-port/amd/aie/llvm/lib/Target/AIE/MCTargetDesc/aie2p/AIE2PAsmBackend.h:29:12: error: ‘unsigned int llvm::AIE2PAsmBackend::getNumFixupKinds() const’ marked ‘override’, but does not override
   29 |   unsigned getNumFixupKinds() const override {
      |            ^~~~~~~~~~~~~~~~
In file included from /home/jtuyls/iree-ai/llvm-aie-port/amd/aie/llvm/lib/Target/AIE/MCTargetDesc/AIEMCTargetDesc.cpp:28:
/home/jtuyls/iree-ai/llvm-aie-port/amd/aie/llvm/lib/Target/AIE/MCTargetDesc/aie2ps/AIE2PSAsmBackend.h:30:12: error: ‘unsigned int llvm::AIE2PSAsmBackend::getNumFixupKinds() const’ marked ‘override’, but does not override
   30 |   unsigned getNumFixupKinds() const override {
      |            ^~~~~~~~~~~~~~~~
In file included from /home/jtuyls/iree-ai/llvm-aie-port/amd/aie/llvm/lib/Target/AIE/MCTargetDesc/AIEMCTargetDesc.cpp:55:
/home/jtuyls/iree-ai/llvm-aie-port/build/lib/Target/AIE/AIE2PGenSubtargetInfo.inc:115:54: warning: left shift count >= width of type [-Wshift-count-overflow]
  115 |   const InstrStage::FuncUnits ST_FIFO_WR_PORT = 1ULL << 64;
      |                                                 ~~~~~^~~~~
/home/jtuyls/iree-ai/llvm-aie-port/build/lib/Target/AIE/AIE2PGenSubtargetInfo.inc:116:44: warning: left shift count >= width of type [-Wshift-count-overflow]
  116 |   const InstrStage::FuncUnits TM_AD = 1ULL << 65;
      |                                       ~~~~~^~~~~
/home/jtuyls/iree-ai/llvm-aie-port/build/lib/Target/AIE/AIE2PGenSubtargetInfo.inc:117:48: warning: left shift count >= width of type [-Wshift-count-overflow]
  117 |   const InstrStage::FuncUnits UPS__H__A = 1ULL << 66;
      |                                           ~~~~~^~~~~
/home/jtuyls/iree-ai/llvm-aie-port/build/lib/Target/AIE/AIE2PGenSubtargetInfo.inc:118:48: warning: left shift count >= width of type [-Wshift-count-overflow]
  118 |   const InstrStage::FuncUnits UPS__H__K = 1ULL << 67;
      |                                           ~~~~~^~~~~
/home/jtuyls/iree-ai/llvm-aie-port/build/lib/Target/AIE/AIE2PGenSubtargetInfo.inc:119:52: warning: left shift count >= width of type [-Wshift-count-overflow]
  119 |   const InstrStage::FuncUnits UPS__H__OMUXL = 1ULL << 68;
      |                                               ~~~~~^~~~~
/home/jtuyls/iree-ai/llvm-aie-port/build/lib/Target/AIE/AIE2PGenSubtargetInfo.inc:120:45: warning: left shift count >= width of type [-Wshift-count-overflow]
  120 |   const InstrStage::FuncUnits UPS__K = 1ULL << 69;
      |                                        ~~~~~^~~~~
/home/jtuyls/iree-ai/llvm-aie-port/build/lib/Target/AIE/AIE2PGenSubtargetInfo.inc:121:49: warning: left shift count >= width of type [-Wshift-count-overflow]
  121 |   const InstrStage::FuncUnits UPS__L__KL = 1ULL << 70;
      |                                            ~~~~~^~~~~
/home/jtuyls/iree-ai/llvm-aie-port/build/lib/Target/AIE/AIE2PGenSubtargetInfo.inc:122:52: warning: left shift count >= width of type [-Wshift-count-overflow]
  122 |   const InstrStage::FuncUnits UPS__L__OMUXL = 1ULL << 71;
      |                                               ~~~~~^~~~~
/home/jtuyls/iree-ai/llvm-aie-port/build/lib/Target/AIE/AIE2PGenSubtargetInfo.inc:123:48: warning: left shift count >= width of type [-Wshift-count-overflow]
  123 |   const InstrStage::FuncUnits UPS__OMUX = 1ULL << 72;
      |                                           ~~~~~^~~~~
In file included from /home/jtuyls/iree-ai/llvm-aie-port/amd/aie/llvm/lib/Target/AIE/MCTargetDesc/AIEMCTargetDesc.cpp:60:
/home/jtuyls/iree-ai/llvm-aie-port/build/lib/Target/AIE/AIE2PSGenSubtargetInfo.inc:115:45: warning: left shift count >= width of type [-Wshift-count-overflow]
  115 |   const InstrStage::FuncUnits LCKREQ = 1ULL << 64;
      |                                        ~~~~~^~~~~
/home/jtuyls/iree-ai/llvm-aie-port/build/lib/Target/AIE/AIE2PSGenSubtargetInfo.inc:116:54: warning: left shift count >= width of type [-Wshift-count-overflow]
  116 |   const InstrStage::FuncUnits LD_FIFO_RA_PORT = 1ULL << 65;
      |                                                 ~~~~~^~~~~
/home/jtuyls/iree-ai/llvm-aie-port/build/lib/Target/AIE/AIE2PSGenSubtargetInfo.inc:117:54: warning: left shift count >= width of type [-Wshift-count-overflow]
  117 |   const InstrStage::FuncUnits LD_FIFO_WA_PORT = 1ULL << 66;
      |                                                 ~~~~~^~~~~
/home/jtuyls/iree-ai/llvm-aie-port/build/lib/Target/AIE/AIE2PSGenSubtargetInfo.inc:118:44: warning: left shift count >= width of type [-Wshift-count-overflow]
  118 |   const InstrStage::FuncUnits LE_WM = 1ULL << 67;
      |                                       ~~~~~^~~~~
/home/jtuyls/iree-ai/llvm-aie-port/build/lib/Target/AIE/AIE2PSGenSubtargetInfo.inc:119:44: warning: left shift count >= width of type [-Wshift-count-overflow]
  119 |   const InstrStage::FuncUnits LS_WM = 1ULL << 68;
      |                                       ~~~~~^~~~~
/home/jtuyls/iree-ai/llvm-aie-port/build/lib/Target/AIE/AIE2PSGenSubtargetInfo.inc:120:51: warning: left shift count >= width of type [-Wshift-count-overflow]
  120 |   const InstrStage::FuncUnits L_RS_L0_PORT = 1ULL << 69;
      |                                              ~~~~~^~~~~
/home/jtuyls/iree-ai/llvm-aie-port/build/lib/Target/AIE/AIE2PSGenSubtargetInfo.inc:121:51: warning: left shift count >= width of type [-Wshift-count-overflow]
  121 |   const InstrStage::FuncUnits L_WA_L0_PORT = 1ULL << 70;
      |                                              ~~~~~^~~~~
/home/jtuyls/iree-ai/llvm-aie-port/build/lib/Target/AIE/AIE2PSGenSubtargetInfo.inc:122:51: warning: left shift count >= width of type [-Wshift-count-overflow]
  122 |   const InstrStage::FuncUnits L_WM_L0_PORT = 1ULL << 71;
      |                                              ~~~~~^~~~~
/home/jtuyls/iree-ai/llvm-aie-port/build/lib/Target/AIE/AIE2PSGenSubtargetInfo.inc:123:48: warning: left shift count >= width of type [-Wshift-count-overflow]
  123 |   const InstrStage::FuncUnits M_RM_PORT = 1ULL << 72;
      |                                           ~~~~~^~~~~
/home/jtuyls/iree-ai/llvm-aie-port/build/lib/Target/AIE/AIE2PSGenSubtargetInfo.inc:124:48: warning: left shift count >= width of type [-Wshift-count-overflow]
  124 |   const InstrStage::FuncUnits M_WM_PORT = 1ULL << 73;
      |                                           ~~~~~^~~~~
/home/jtuyls/iree-ai/llvm-aie-port/build/lib/Target/AIE/AIE2PSGenSubtargetInfo.inc:125:50: warning: left shift count >= width of type [-Wshift-count-overflow]
  125 |   const InstrStage::FuncUnits PSA_ACCH_IN = 1ULL << 74;
      |                                             ~~~~~^~~~~
/home/jtuyls/iree-ai/llvm-aie-port/build/lib/Target/AIE/AIE2PSGenSubtargetInfo.inc:126:52: warning: left shift count >= width of type [-Wshift-count-overflow]
  126 |   const InstrStage::FuncUnits PSA_ACCH_IN_S = 1ULL << 75;
      |                                               ~~~~~^~~~~
/home/jtuyls/iree-ai/llvm-aie-port/build/lib/Target/AIE/AIE2PSGenSubtargetInfo.inc:127:50: warning: left shift count >= width of type [-Wshift-count-overflow]
  127 |   const InstrStage::FuncUnits PSA_ACCL_IN = 1ULL << 76;
      |                                             ~~~~~^~~~~
/home/jtuyls/iree-ai/llvm-aie-port/build/lib/Target/AIE/AIE2PSGenSubtargetInfo.inc:128:52: warning: left shift count >= width of type [-Wshift-count-overflow]
  128 |   const InstrStage::FuncUnits PSA_ACCL_IN_S = 1ULL << 77;
      |                                               ~~~~~^~~~~
/home/jtuyls/iree-ai/llvm-aie-port/build/lib/Target/AIE/AIE2PSGenSubtargetInfo.inc:129:49: warning: left shift count >= width of type [-Wshift-count-overflow]
  129 |   const InstrStage::FuncUnits PSA_MMODEH = 1ULL << 78;
      |                                            ~~~~~^~~~~
/home/jtuyls/iree-ai/llvm-aie-port/build/lib/Target/AIE/AIE2PSGenSubtargetInfo.inc:130:47: warning: left shift count >= width of type [-Wshift-count-overflow]
  130 |   const InstrStage::FuncUnits PSA_RSRC = 1ULL << 79;
      |                                          ~~~~~^~~~~
/home/jtuyls/iree-ai/llvm-aie-port/build/lib/Target/AIE/AIE2PSGenSubtargetInfo.inc:131:50: warning: left shift count >= width of type [-Wshift-count-overflow]
  131 |   const InstrStage::FuncUnits PSA_SUMH__A = 1ULL << 80;
      |                                             ~~~~~^~~~~
/home/jtuyls/iree-ai/llvm-aie-port/build/lib/Target/AIE/AIE2PSGenSubtargetInfo.inc:132:48: warning: left shift count >= width of type [-Wshift-count-overflow]
  132 |   const InstrStage::FuncUnits P_RM_PORT = 1ULL << 81;
      |                                           ~~~~~^~~~~
/home/jtuyls/iree-ai/llvm-aie-port/build/lib/Target/AIE/AIE2PSGenSubtargetInfo.inc:133:48: warning: left shift count >= width of type [-Wshift-count-overflow]
  133 |   const InstrStage::FuncUnits P_WM_PORT = 1ULL << 82;
      |                                           ~~~~~^~~~~
/home/jtuyls/iree-ai/llvm-aie-port/build/lib/Target/AIE/AIE2PSGenSubtargetInfo.inc:134:59: warning: left shift count >= width of type [-Wshift-count-overflow]
  134 |   const InstrStage::FuncUnits RSRC_EXECUTION_TRACE = 1ULL << 83;
      |                                                      ~~~~~^~~~~
/home/jtuyls/iree-ai/llvm-aie-port/build/lib/Target/AIE/AIE2PSGenSubtargetInfo.inc:135:42: warning: left shift count >= width of type [-Wshift-count-overflow]
  135 |   const InstrStage::FuncUnits SCD = 1ULL << 84;
      |                                     ~~~~~^~~~~
/home/jtuyls/iree-ai/llvm-aie-port/build/lib/Target/AIE/AIE2PSGenSubtargetInfo.inc:136:46: warning: left shift count >= width of type [-Wshift-count-overflow]
  136 |   const InstrStage::FuncUnits SCD_CTL = 1ULL << 85;
      |                                         ~~~~~^~~~~
/home/jtuyls/iree-ai/llvm-aie-port/build/lib/Target/AIE/AIE2PSGenSubtargetInfo.inc:137:52: warning: left shift count >= width of type [-Wshift-count-overflow]
  137 |   const InstrStage::FuncUnits SCD_EXPAND_IN = 1ULL << 86;
      |                                               ~~~~~^~~~~
/home/jtuyls/iree-ai/llvm-aie-port/build/lib/Target/AIE/AIE2PSGenSubtargetInfo.inc:138:54: warning: left shift count >= width of type [-Wshift-count-overflow]
  138 |   const InstrStage::FuncUnits SCD_EXPAND_INHH = 1ULL << 87;
      |                                                 ~~~~~^~~~~
/home/jtuyls/iree-ai/llvm-aie-port/build/lib/Target/AIE/AIE2PSGenSubtargetInfo.inc:139:54: warning: left shift count >= width of type [-Wshift-count-overflow]
  139 |   const InstrStage::FuncUnits SCD_INCR__O_POS = 1ULL << 88;
      |                                                 ~~~~~^~~~~
/home/jtuyls/iree-ai/llvm-aie-port/build/lib/Target/AIE/AIE2PSGenSubtargetInfo.inc:140:44: warning: left shift count >= width of type [-Wshift-count-overflow]
  140 |   const InstrStage::FuncUnits TM_AD = 1ULL << 89;
      |                                       ~~~~~^~~~~
/home/jtuyls/iree-ai/llvm-aie-port/build/lib/Target/AIE/AIE2PSGenSubtargetInfo.inc:141:47: warning: left shift count >= width of type [-Wshift-count-overflow]
  141 |   const InstrStage::FuncUnits UPS_F__A = 1ULL << 90;
      |                                          ~~~~~^~~~~
/home/jtuyls/iree-ai/llvm-aie-port/build/lib/Target/AIE/AIE2PSGenSubtargetInfo.inc:142:49: warning: left shift count >= width of type [-Wshift-count-overflow]
  142 |   const InstrStage::FuncUnits UPS_F__A_L = 1ULL << 91;
      |                                            ~~~~~^~~~~
/home/jtuyls/iree-ai/llvm-aie-port/build/lib/Target/AIE/AIE2PSGenSubtargetInfo.inc:143:48: warning: left shift count >= width of type [-Wshift-count-overflow]
  143 |   const InstrStage::FuncUnits UPS__H__A = 1ULL << 92;
      |                                           ~~~~~^~~~~
/home/jtuyls/iree-ai/llvm-aie-port/build/lib/Target/AIE/AIE2PSGenSubtargetInfo.inc:144:52: warning: left shift count >= width of type [-Wshift-count-overflow]
  144 |   const InstrStage::FuncUnits UPS__H__OMUXL = 1ULL << 93;
      |                                               ~~~~~^~~~~
/home/jtuyls/iree-ai/llvm-aie-port/build/lib/Target/AIE/AIE2PSGenSubtargetInfo.inc:145:45: warning: left shift count >= width of type [-Wshift-count-overflow]
  145 |   const InstrStage::FuncUnits UPS__K = 1ULL << 94;
      |                                        ~~~~~^~~~~
/home/jtuyls/iree-ai/llvm-aie-port/build/lib/Target/AIE/AIE2PSGenSubtargetInfo.inc:146:48: warning: left shift count >= width of type [-Wshift-count-overflow]
  146 |   const InstrStage::FuncUnits UPS__L__K = 1ULL << 95;
      |                                           ~~~~~^~~~~
/home/jtuyls/iree-ai/llvm-aie-port/build/lib/Target/AIE/AIE2PSGenSubtargetInfo.inc:147:49: warning: left shift count >= width of type [-Wshift-count-overflow]
  147 |   const InstrStage::FuncUnits UPS__L__KL = 1ULL << 96;
      |                                            ~~~~~^~~~~
/home/jtuyls/iree-ai/llvm-aie-port/build/lib/Target/AIE/AIE2PSGenSubtargetInfo.inc:148:52: warning: left shift count >= width of type [-Wshift-count-overflow]
  148 |   const InstrStage::FuncUnits UPS__L__OMUXL = 1ULL << 97;
      |                                               ~~~~~^~~~~
/home/jtuyls/iree-ai/llvm-aie-port/build/lib/Target/AIE/AIE2PSGenSubtargetInfo.inc:149:48: warning: left shift count >= width of type [-Wshift-count-overflow]
  149 |   const InstrStage::FuncUnits UPS__OMUX = 1ULL << 98;
      |                                           ~~~~~^~~~~
/home/jtuyls/iree-ai/llvm-aie-port/build/lib/Target/AIE/AIE2PSGenSubtargetInfo.inc:150:47: warning: left shift count >= width of type [-Wshift-count-overflow]
  150 |   const InstrStage::FuncUnits VCTRL_IN = 1ULL << 99;
      |                                          ~~~~~^~~~~
/home/jtuyls/iree-ai/llvm-aie-port/build/lib/Target/AIE/AIE2PSGenSubtargetInfo.inc:151:54: warning: left shift count >= width of type [-Wshift-count-overflow]
  151 |   const InstrStage::FuncUnits VCTRL_SUB0_CG1U = 1ULL << 100;
      |                                                 ~~~~~^~~~~~
/home/jtuyls/iree-ai/llvm-aie-port/build/lib/Target/AIE/AIE2PSGenSubtargetInfo.inc:152:45: warning: left shift count >= width of type [-Wshift-count-overflow]
  152 |   const InstrStage::FuncUnits X_EGWL = 1ULL << 101;
      |                                        ~~~~~^~~~~~
/home/jtuyls/iree-ai/llvm-aie-port/build/lib/Target/AIE/AIE2PSGenSubtargetInfo.inc:153:48: warning: left shift count >= width of type [-Wshift-count-overflow]
  153 |   const InstrStage::FuncUnits X_EXP_ELL = 1ULL << 102;
      |                                           ~~~~~^~~~~~
/home/jtuyls/iree-ai/llvm-aie-port/build/lib/Target/AIE/AIE2PSGenSubtargetInfo.inc:154:44: warning: left shift count >= width of type [-Wshift-count-overflow]
  154 |   const InstrStage::FuncUnits Y_EGY = 1ULL << 103;
      |                                       ~~~~~^~~~~~
/home/jtuyls/iree-ai/llvm-aie-port/build/lib/Target/AIE/AIE2PSGenSubtargetInfo.inc:155:46: warning: left shift count >= width of type [-Wshift-count-overflow]
  155 |   const InstrStage::FuncUnits Y_EXP_E = 1ULL << 104;
      |                                         ~~~~~^~~~~~
/home/jtuyls/iree-ai/llvm-aie-port/build/lib/Target/AIE/AIE2PSGenSubtargetInfo.inc:156:47: warning: left shift count >= width of type [-Wshift-count-overflow]
  156 |   const InstrStage::FuncUnits ZACC_DML = 1ULL << 105;
      |                                          ~~~~~^~~~~~
/home/jtuyls/iree-ai/llvm-aie-port/amd/aie/llvm/lib/Target/AIE/MCTargetDesc/AIEMCTargetDesc.cpp: In function ‘llvm::MCAsmBackend* createAIEAsmBackend(const llvm::Target&, const llvm::MCSubtargetInfo&, const llvm::MCRegisterInfo&, const llvm::MCTargetOptions&)’:
/home/jtuyls/iree-ai/llvm-aie-port/amd/aie/llvm/lib/Target/AIE/MCTargetDesc/AIEMCTargetDesc.cpp:155:50: error: invalid new-expression of abstract class type ‘llvm::AIE1AsmBackend’
  155 |     return new AIE1AsmBackend(STI, OSABI, Options);
      |                                                  ^
/home/jtuyls/iree-ai/llvm-aie-port/amd/aie/llvm/lib/Target/AIE/MCTargetDesc/AIE1AsmBackend.h:23:7: note:   because the following virtual functions are pure within ‘llvm::AIE1AsmBackend’:
   23 | class AIE1AsmBackend : public AIEBaseAsmBackend {
      |       ^~~~~~~~~~~~~~
/home/jtuyls/iree-ai/llvm-aie-port/llvm/include/llvm/MC/MCAsmBackend.h:124:16: note:     ‘virtual void llvm::MCAsmBackend::applyFixup(const llvm::MCFragment&, const llvm::MCFixup&, const llvm::MCValue&, uint8_t*, uint64_t, bool)’
  124 |   virtual void applyFixup(const MCFragment &, const MCFixup &,
      |                ^~~~~~~~~~
/home/jtuyls/iree-ai/llvm-aie-port/amd/aie/llvm/lib/Target/AIE/MCTargetDesc/AIEMCTargetDesc.cpp:157:50: error: invalid new-expression of abstract class type ‘llvm::AIE2AsmBackend’
  157 |     return new AIE2AsmBackend(STI, OSABI, Options);
      |                                                  ^
/home/jtuyls/iree-ai/llvm-aie-port/amd/aie/llvm/lib/Target/AIE/MCTargetDesc/AIE2AsmBackend.h:22:7: note:   because the following virtual functions are pure within ‘llvm::AIE2AsmBackend’:
   22 | class AIE2AsmBackend : public AIEBaseAsmBackend {
      |       ^~~~~~~~~~~~~~
/home/jtuyls/iree-ai/llvm-aie-port/llvm/include/llvm/MC/MCAsmBackend.h:124:16: note:     ‘virtual void llvm::MCAsmBackend::applyFixup(const llvm::MCFragment&, const llvm::MCFixup&, const llvm::MCValue&, uint8_t*, uint64_t, bool)’
  124 |   virtual void applyFixup(const MCFragment &, const MCFixup &,
      |                ^~~~~~~~~~
/home/jtuyls/iree-ai/llvm-aie-port/amd/aie/llvm/lib/Target/AIE/MCTargetDesc/AIEMCTargetDesc.cpp:159:51: error: invalid new-expression of abstract class type ‘llvm::AIE2PAsmBackend’
  159 |     return new AIE2PAsmBackend(STI, OSABI, Options);
      |                                                   ^
/home/jtuyls/iree-ai/llvm-aie-port/amd/aie/llvm/lib/Target/AIE/MCTargetDesc/aie2p/AIE2PAsmBackend.h:22:7: note:   because the following virtual functions are pure within ‘llvm::AIE2PAsmBackend’:
   22 | class AIE2PAsmBackend : public AIEBaseAsmBackend {
      |       ^~~~~~~~~~~~~~~
/home/jtuyls/iree-ai/llvm-aie-port/llvm/include/llvm/MC/MCAsmBackend.h:124:16: note:     ‘virtual void llvm::MCAsmBackend::applyFixup(const llvm::MCFragment&, const llvm::MCFixup&, const llvm::MCValue&, uint8_t*, uint64_t, bool)’
  124 |   virtual void applyFixup(const MCFragment &, const MCFixup &,
      |                ^~~~~~~~~~
/home/jtuyls/iree-ai/llvm-aie-port/amd/aie/llvm/lib/Target/AIE/MCTargetDesc/AIEMCTargetDesc.cpp:161:52: error: invalid new-expression of abstract class type ‘llvm::AIE2PSAsmBackend’
  161 |     return new AIE2PSAsmBackend(STI, OSABI, Options);
      |                                                    ^
/home/jtuyls/iree-ai/llvm-aie-port/amd/aie/llvm/lib/Target/AIE/MCTargetDesc/aie2ps/AIE2PSAsmBackend.h:23:7: note:   because the following virtual functions are pure within ‘llvm::AIE2PSAsmBackend’:
   23 | class AIE2PSAsmBackend : public AIEBaseAsmBackend {
      |       ^~~~~~~~~~~~~~~~
/home/jtuyls/iree-ai/llvm-aie-port/llvm/include/llvm/MC/MCAsmBackend.h:124:16: note:     ‘virtual void llvm::MCAsmBackend::applyFixup(const llvm::MCFragment&, const llvm::MCFixup&, const llvm::MCValue&, uint8_t*, uint64_t, bool)’
  124 |   virtual void applyFixup(const MCFragment &, const MCFixup &,
      |                ^~~~~~~~~~
[286/305] Building CXX object lib/Target/AIE/CMakeFiles/LLVMAIECodeGen.dir/aie2ps/AIE2PSTargetMachine.cpp.o
FAILED: lib/Target/AIE/CMakeFiles/LLVMAIECodeGen.dir/aie2ps/AIE2PSTargetMachine.cpp.o 
CCACHE_CPP2=yes CCACHE_HASHDIR=yes CCACHE_SLOPPINESS=pch_defines,time_macros /usr/bin/ccache /usr/bin/g++ -D_DEBUG -D_GLIBCXX_ASSERTIONS -D_GLIBCXX_USE_CXX11_ABI=1 -D_GNU_SOURCE -D_LIBCPP_HARDENING_MODE=_LIBCPP_HARDENING_MODE_EXTENSIVE -D__STDC_CONSTANT_MACROS -D__STDC_FORMAT_MACROS -D__STDC_LIMIT_MACROS -I/home/jtuyls/iree-ai/llvm-aie-port/build/lib/Target/AIE -I/home/jtuyls/iree-ai/llvm-aie-port/amd/aie/llvm/lib/Target/AIE -I/home/jtuyls/iree-ai/llvm-aie-port/build/include -I/home/jtuyls/iree-ai/llvm-aie-port/llvm/include -I/home/jtuyls/iree-ai/llvm-aie-port/amd/aie/llvm/include -fPIC -fno-semantic-interposition -fvisibility-inlines-hidden -Werror=date-time -Wall -Wextra -Wno-unused-parameter -Wwrite-strings -Wcast-qual -Wno-missing-field-initializers -pedantic -Wno-long-long -Wimplicit-fallthrough -Wno-uninitialized -Wno-nonnull -Wno-class-memaccess -Wno-dangling-reference -Wno-redundant-move -Wno-pessimizing-move -Wno-array-bounds -Wno-stringop-overread -Wno-dangling-pointer -Wno-noexcept-type -Wdelete-non-virtual-dtor -Wsuggest-override -Wno-comment -Wno-misleading-indentation -Wctad-maybe-unsupported -fdiagnostics-color -ffunction-sections -fdata-sections -O3 -DNDEBUG -std=c++17 -fvisibility=hidden -UNDEBUG -fno-exceptions -funwind-tables -fno-rtti -MD -MT lib/Target/AIE/CMakeFiles/LLVMAIECodeGen.dir/aie2ps/AIE2PSTargetMachine.cpp.o -MF lib/Target/AIE/CMakeFiles/LLVMAIECodeGen.dir/aie2ps/AIE2PSTargetMachine.cpp.o.d -o lib/Target/AIE/CMakeFiles/LLVMAIECodeGen.dir/aie2ps/AIE2PSTargetMachine.cpp.o -c /home/jtuyls/iree-ai/llvm-aie-port/amd/aie/llvm/lib/Target/AIE/aie2ps/AIE2PSTargetMachine.cpp
In file included from /home/jtuyls/iree-ai/llvm-aie-port/amd/aie/llvm/lib/Target/AIE/aie2ps/AIE2PSFrameLowering.h:18,
                 from /home/jtuyls/iree-ai/llvm-aie-port/amd/aie/llvm/lib/Target/AIE/aie2ps/AIE2PSSubtarget.h:18,
                 from /home/jtuyls/iree-ai/llvm-aie-port/amd/aie/llvm/lib/Target/AIE/aie2ps/AIE2PSTargetMachine.h:18,
                 from /home/jtuyls/iree-ai/llvm-aie-port/amd/aie/llvm/lib/Target/AIE/aie2ps/AIE2PSTargetMachine.cpp:15:
/home/jtuyls/iree-ai/llvm-aie-port/amd/aie/llvm/lib/Target/AIE/AIEBaseFrameLowering.h:90:16: warning: ‘virtual void llvm::AIEBaseFrameLowering::adjustReg(llvm::MachineBasicBlock&, llvm::MachineBasicBlock::iterator, const llvm::DebugLoc&, unsigned int, int64_t, llvm::MachineInstr::MIFlag) const’ was hidden [-Woverloaded-virtual=]
   90 |   virtual void adjustReg(MachineBasicBlock &MBB,
      |                ^~~~~~~~~
In file included from /home/jtuyls/iree-ai/llvm-aie-port/amd/aie/llvm/lib/Target/AIE/aie1/AIE1Subtarget.h:19,
                 from /home/jtuyls/iree-ai/llvm-aie-port/amd/aie/llvm/lib/Target/AIE/AIEBaseTargetTransformInfo.h:21,
                 from /home/jtuyls/iree-ai/llvm-aie-port/amd/aie/llvm/lib/Target/AIE/aie2ps/AIE2PSTargetTransformInfo.h:21,
                 from /home/jtuyls/iree-ai/llvm-aie-port/amd/aie/llvm/lib/Target/AIE/aie2ps/AIE2PSTargetMachine.cpp:16:
/home/jtuyls/iree-ai/llvm-aie-port/amd/aie/llvm/lib/Target/AIE/aie1/AIE1FrameLowering.h:29:15: note:   by ‘static void llvm::AIEFrameLowering::adjustReg(const llvm::TargetInstrInfo*, llvm::MachineBasicBlock&, llvm::MachineBasicBlock::iterator, const llvm::DebugLoc&, unsigned int, int64_t, llvm::MachineInstr::MIFlag)’
   29 |   static void adjustReg(const TargetInstrInfo *TII, MachineBasicBlock &MBB,
      |               ^~~~~~~~~
/home/jtuyls/iree-ai/llvm-aie-port/amd/aie/llvm/lib/Target/AIE/AIEBaseTargetTransformInfo.h: In instantiation of ‘class llvm::AIEBaseTTIImpl<llvm::AIE2PSTTIImpl>’:
/home/jtuyls/iree-ai/llvm-aie-port/amd/aie/llvm/lib/Target/AIE/aie2ps/AIE2PSTargetTransformInfo.h:34:30:   required from here
/home/jtuyls/iree-ai/llvm-aie-port/amd/aie/llvm/lib/Target/AIE/AIEBaseTargetTransformInfo.h:88:7: error: conflicting return type specified for ‘int llvm::AIEBaseTTIImpl<T>::getIntImmCost(const llvm::APInt&, llvm::Type*, llvm::TargetTransformInfo::TargetCostKind) const [with T = llvm::AIE2PSTTIImpl]’
   88 |   int getIntImmCost(const APInt &Imm, Type *Ty, TTI::TargetCostKind CostKind) const {
      |       ^~~~~~~~~~~~~
In file included from /home/jtuyls/iree-ai/llvm-aie-port/llvm/include/llvm/CodeGen/BasicTTIImpl.h:28,
                 from /home/jtuyls/iree-ai/llvm-aie-port/amd/aie/llvm/lib/Target/AIE/AIEBaseTargetTransformInfo.h:23:
/home/jtuyls/iree-ai/llvm-aie-port/llvm/include/llvm/Analysis/TargetTransformInfoImpl.h:587:27: note: overridden function is ‘virtual llvm::InstructionCost llvm::TargetTransformInfoImplBase::getIntImmCost(const llvm::APInt&, llvm::Type*, llvm::TargetTransformInfo::TargetCostKind) const’
  587 |   virtual InstructionCost getIntImmCost(const APInt &Imm, Type *Ty,
      |                           ^~~~~~~~~~~~~
/home/jtuyls/iree-ai/llvm-aie-port/amd/aie/llvm/lib/Target/AIE/AIEBaseTargetTransformInfo.h:88:7: warning: ‘int llvm::AIEBaseTTIImpl<T>::getIntImmCost(const llvm::APInt&, llvm::Type*, llvm::TargetTransformInfo::TargetCostKind) const [with T = llvm::AIE2PSTTIImpl]’ can be marked override [-Wsuggest-override]
   88 |   int getIntImmCost(const APInt &Imm, Type *Ty, TTI::TargetCostKind CostKind) const {
      |       ^~~~~~~~~~~~~
/home/jtuyls/iree-ai/llvm-aie-port/amd/aie/llvm/lib/Target/AIE/AIEBaseTargetTransformInfo.h:119:12: warning: ‘llvm::TypeSize llvm::AIEBaseTTIImpl<T>::getRegisterBitWidth(llvm::TargetTransformInfo::RegisterKind) const [with T = llvm::AIE2PSTTIImpl]’ can be marked override [-Wsuggest-override]
  119 |   TypeSize getRegisterBitWidth(TargetTransformInfo::RegisterKind K) const {
      |            ^~~~~~~~~~~~~~~~~~~
/home/jtuyls/iree-ai/llvm-aie-port/amd/aie/llvm/lib/Target/AIE/AIEBaseTargetTransformInfo.h:134:12: warning: ‘unsigned int llvm::AIEBaseTTIImpl<T>::getMinVectorRegisterBitWidth() const [with T = llvm::AIE2PSTTIImpl]’ can be marked override [-Wsuggest-override]
  134 |   unsigned getMinVectorRegisterBitWidth() const { return 512; }
      |            ^~~~~~~~~~~~~~~~~~~~~~~~~~~~
/home/jtuyls/iree-ai/llvm-aie-port/amd/aie/llvm/lib/Target/AIE/AIEBaseTargetTransformInfo.h:149:19: warning: ‘llvm::InstructionCost llvm::AIEBaseTTIImpl<T>::getArithmeticInstrCost(unsigned int, llvm::Type*, llvm::TargetTransformInfo::TargetCostKind, llvm::TargetTransformInfo::OperandValueInfo, llvm::TargetTransformInfo::OperandValueInfo, llvm::ArrayRef<const llvm::Value*>, const llvm::Instruction*) const [with T = llvm::AIE2PSTTIImpl]’ can be marked override [-Wsuggest-override]
  149 |   InstructionCost getArithmeticInstrCost(
      |                   ^~~~~~~~~~~~~~~~~~~~~~
/home/jtuyls/iree-ai/llvm-aie-port/amd/aie/llvm/lib/Target/AIE/AIEBaseTargetTransformInfo.h:167:12: warning: ‘unsigned int llvm::AIEBaseTTIImpl<T>::getStoreVectorFactor(unsigned int, unsigned int, unsigned int, llvm::VectorType*) const [with T = llvm::AIE2PSTTIImpl]’ can be marked override [-Wsuggest-override]
  167 |   unsigned getStoreVectorFactor(unsigned VF, unsigned StoreSizeInBits,
      |            ^~~~~~~~~~~~~~~~~~~~
/home/jtuyls/iree-ai/llvm-aie-port/amd/aie/llvm/lib/Target/AIE/AIEBaseTargetTransformInfo.h:179:12: warning: ‘unsigned int llvm::AIEBaseTTIImpl<T>::getLoadVectorFactor(unsigned int, unsigned int, unsigned int, llvm::VectorType*) const [with T = llvm::AIE2PSTTIImpl]’ can be marked override [-Wsuggest-override]
  179 |   unsigned getLoadVectorFactor(unsigned VF, unsigned LoadSizeInBits,
      |            ^~~~~~~~~~~~~~~~~~~
/home/jtuyls/iree-ai/llvm-aie-port/amd/aie/llvm/lib/Target/AIE/AIEBaseTargetTransformInfo.h:186:8: warning: ‘bool llvm::AIEBaseTTIImpl<T>::isLegalToVectorizeStoreChain(unsigned int, llvm::Align, unsigned int) const [with T = llvm::AIE2PSTTIImpl]’ can be marked override [-Wsuggest-override]
  186 |   bool isLegalToVectorizeStoreChain(unsigned ChainSizeInBytes, Align Alignment,
      |        ^~~~~~~~~~~~~~~~~~~~~~~~~~~~
/home/jtuyls/iree-ai/llvm-aie-port/amd/aie/llvm/lib/Target/AIE/aie2ps/AIE2PSTargetTransformInfo.h:53:19: warning: ‘virtual llvm::InstructionCost llvm::AIE2PSTTIImpl::getMemoryOpCost(unsigned int, llvm::Type*, llvm::Align, unsigned int, llvm::TargetTransformInfo::TargetCostKind, llvm::TargetTransformInfo::OperandValueInfo, const llvm::Instruction*) const’ can be marked override [-Wsuggest-override]
   53 |   InstructionCost getMemoryOpCost(
      |                   ^~~~~~~~~~~~~~~
/home/jtuyls/iree-ai/llvm-aie-port/amd/aie/llvm/lib/Target/AIE/aie2ps/AIE2PSTargetTransformInfo.h:59:32: warning: ‘virtual std::optional<llvm::Instruction*> llvm::AIE2PSTTIImpl::instCombineIntrinsic(llvm::InstCombiner&, llvm::IntrinsicInst&) const’ can be marked override [-Wsuggest-override]
   59 |   std::optional<Instruction *> instCombineIntrinsic(InstCombiner &IC,
      |                                ^~~~~~~~~~~~~~~~~~~~
/home/jtuyls/iree-ai/llvm-aie-port/amd/aie/llvm/lib/Target/AIE/aie2ps/AIE2PSTargetMachine.cpp: In member function ‘virtual llvm::TargetTransformInfo llvm::AIE2PSTargetMachine::getTargetTransformInfo(const llvm::Function&) const’:
/home/jtuyls/iree-ai/llvm-aie-port/amd/aie/llvm/lib/Target/AIE/aie2ps/AIE2PSTargetMachine.cpp:152:52: error: no matching function for call to ‘llvm::TargetTransformInfo::TargetTransformInfo(llvm::AIE2PSTTIImpl)’
  152 |   return TargetTransformInfo(AIE2PSTTIImpl(this, F));
      |                                                    ^
In file included from /home/jtuyls/iree-ai/llvm-aie-port/amd/aie/llvm/lib/Target/AIE/AIEBaseTargetTransformInfo.h:22:
/home/jtuyls/iree-ai/llvm-aie-port/llvm/include/llvm/Analysis/TargetTransformInfo.h:306:12: note: candidate: ‘llvm::TargetTransformInfo::TargetTransformInfo(llvm::TargetTransformInfo&&)’
  306 |   LLVM_ABI TargetTransformInfo(TargetTransformInfo &&Arg);
      |            ^~~~~~~~~~~~~~~~~~~
/home/jtuyls/iree-ai/llvm-aie-port/llvm/include/llvm/Analysis/TargetTransformInfo.h:306:54: note:   no known conversion for argument 1 from ‘llvm::AIE2PSTTIImpl’ to ‘llvm::TargetTransformInfo&&’
  306 |   LLVM_ABI TargetTransformInfo(TargetTransformInfo &&Arg);
      |                                ~~~~~~~~~~~~~~~~~~~~~~^~~
/home/jtuyls/iree-ai/llvm-aie-port/llvm/include/llvm/Analysis/TargetTransformInfo.h:303:21: note: candidate: ‘llvm::TargetTransformInfo::TargetTransformInfo(const llvm::DataLayout&)’
  303 |   LLVM_ABI explicit TargetTransformInfo(const DataLayout &DL);
      |                     ^~~~~~~~~~~~~~~~~~~
/home/jtuyls/iree-ai/llvm-aie-port/llvm/include/llvm/Analysis/TargetTransformInfo.h:303:59: note:   no known conversion for argument 1 from ‘llvm::AIE2PSTTIImpl’ to ‘const llvm::DataLayout&’
  303 |   LLVM_ABI explicit TargetTransformInfo(const DataLayout &DL);
      |                                         ~~~~~~~~~~~~~~~~~~^~
/home/jtuyls/iree-ai/llvm-aie-port/llvm/include/llvm/Analysis/TargetTransformInfo.h:295:21: note: candidate: ‘llvm::TargetTransformInfo::TargetTransformInfo(std::unique_ptr<const llvm::TargetTransformInfoImplBase>)’
  295 |   LLVM_ABI explicit TargetTransformInfo(
      |                     ^~~~~~~~~~~~~~~~~~~
/home/jtuyls/iree-ai/llvm-aie-port/llvm/include/llvm/Analysis/TargetTransformInfo.h:296:58: note:   no known conversion for argument 1 from ‘llvm::AIE2PSTTIImpl’ to ‘std::unique_ptr<const llvm::TargetTransformInfoImplBase>’
  296 |       std::unique_ptr<const TargetTransformInfoImplBase> Impl);
      |       ~~~~~~~~~~~~~~~~~~~~~~~~~~~~~~~~~~~~~~~~~~~~~~~~~~~^~~~
[287/305] Building CXX object lib/Target/AIE/InstPrinter/CMakeFiles/LLVMAIEAsmPrinter.dir/AIE2PSInstPrinter.cpp.o
FAILED: lib/Target/AIE/InstPrinter/CMakeFiles/LLVMAIEAsmPrinter.dir/AIE2PSInstPrinter.cpp.o 
CCACHE_CPP2=yes CCACHE_HASHDIR=yes CCACHE_SLOPPINESS=pch_defines,time_macros /usr/bin/ccache /usr/bin/g++ -D_DEBUG -D_GLIBCXX_ASSERTIONS -D_GLIBCXX_USE_CXX11_ABI=1 -D_GNU_SOURCE -D_LIBCPP_HARDENING_MODE=_LIBCPP_HARDENING_MODE_EXTENSIVE -D__STDC_CONSTANT_MACROS -D__STDC_FORMAT_MACROS -D__STDC_LIMIT_MACROS -I/home/jtuyls/iree-ai/llvm-aie-port/build/lib/Target/AIE/InstPrinter -I/home/jtuyls/iree-ai/llvm-aie-port/amd/aie/llvm/lib/Target/AIE/InstPrinter -I/home/jtuyls/iree-ai/llvm-aie-port/amd/aie/llvm/lib/Target/AIE -I/home/jtuyls/iree-ai/llvm-aie-port/build/lib/Target/AIE -I/home/jtuyls/iree-ai/llvm-aie-port/build/include -I/home/jtuyls/iree-ai/llvm-aie-port/llvm/include -I/home/jtuyls/iree-ai/llvm-aie-port/amd/aie/llvm/include -fPIC -fno-semantic-interposition -fvisibility-inlines-hidden -Werror=date-time -Wall -Wextra -Wno-unused-parameter -Wwrite-strings -Wcast-qual -Wno-missing-field-initializers -pedantic -Wno-long-long -Wimplicit-fallthrough -Wno-uninitialized -Wno-nonnull -Wno-class-memaccess -Wno-dangling-reference -Wno-redundant-move -Wno-pessimizing-move -Wno-array-bounds -Wno-stringop-overread -Wno-dangling-pointer -Wno-noexcept-type -Wdelete-non-virtual-dtor -Wsuggest-override -Wno-comment -Wno-misleading-indentation -Wctad-maybe-unsupported -fdiagnostics-color -ffunction-sections -fdata-sections -O3 -DNDEBUG -std=c++17 -fvisibility=hidden -UNDEBUG -fno-exceptions -funwind-tables -fno-rtti -MD -MT lib/Target/AIE/InstPrinter/CMakeFiles/LLVMAIEAsmPrinter.dir/AIE2PSInstPrinter.cpp.o -MF lib/Target/AIE/InstPrinter/CMakeFiles/LLVMAIEAsmPrinter.dir/AIE2PSInstPrinter.cpp.o.d -o lib/Target/AIE/InstPrinter/CMakeFiles/LLVMAIEAsmPrinter.dir/AIE2PSInstPrinter.cpp.o -c /home/jtuyls/iree-ai/llvm-aie-port/amd/aie/llvm/lib/Target/AIE/InstPrinter/AIE2PSInstPrinter.cpp
In file included from /home/jtuyls/iree-ai/llvm-aie-port/amd/aie/llvm/lib/Target/AIE/InstPrinter/AIE2PSInstPrinter.h:18,
                 from /home/jtuyls/iree-ai/llvm-aie-port/amd/aie/llvm/lib/Target/AIE/InstPrinter/AIE2PSInstPrinter.cpp:15:
/home/jtuyls/iree-ai/llvm-aie-port/amd/aie/llvm/lib/Target/AIE/InstPrinter/AIECommonInstPrinter.h: In instantiation of ‘void llvm::AIECommonInstPrinter::printImmOffset(const llvm::MCOperand&, const llvm::MCSubtargetInfo&, llvm::raw_ostream&) [with int offset = 0]’:
/home/jtuyls/iree-ai/llvm-aie-port/amd/aie/llvm/lib/Target/AIE/InstPrinter/AIE2PSInstPrinter.cpp:55:47:   required from ‘void llvm::AIE2PSInstPrinter::printImmOffset(const llvm::MCInst*, unsigned int, const llvm::MCSubtargetInfo&, llvm::raw_ostream&, const char*) [with int <anonymous> = 0]’
/home/jtuyls/iree-ai/llvm-aie-port/build/lib/Target/AIE/AIE2PSGenAsmWriter.inc:6455:33:   required from here
/home/jtuyls/iree-ai/llvm-aie-port/amd/aie/llvm/lib/Target/AIE/InstPrinter/AIECommonInstPrinter.h:54:24: error: ‘void llvm::MCExpr::print(llvm::raw_ostream&, const llvm::MCAsmInfo*, int) const’ is private within this context
   54 |     MO.getExpr()->print(O, &MAI);
      |     ~~~~~~~~~~~~~~~~~~~^~~~~~~~~
In file included from /home/jtuyls/iree-ai/llvm-aie-port/llvm/include/llvm/MC/MCSymbol.h:18,
                 from /home/jtuyls/iree-ai/llvm-aie-port/llvm/include/llvm/MC/MCObjectWriter.h:12,
                 from /home/jtuyls/iree-ai/llvm-aie-port/amd/aie/llvm/lib/Target/AIE/MCTargetDesc/AIEMCTargetDesc.h:19,
                 from /home/jtuyls/iree-ai/llvm-aie-port/amd/aie/llvm/lib/Target/AIE/InstPrinter/AIECommonInstPrinter.h:19:
/home/jtuyls/iree-ai/llvm-aie-port/llvm/include/llvm/MC/MCExpr.h:60:8: note: declared private here
   60 |   void print(raw_ostream &OS, const MCAsmInfo *MAI,
      |        ^~~~~
[288/305] Building CXX object lib/Target/AIE/CMakeFiles/LLVMAIECodeGen.dir/aie2ps/AIE2PSInstructionSelector.cpp.o
FAILED: lib/Target/AIE/CMakeFiles/LLVMAIECodeGen.dir/aie2ps/AIE2PSInstructionSelector.cpp.o 
CCACHE_CPP2=yes CCACHE_HASHDIR=yes CCACHE_SLOPPINESS=pch_defines,time_macros /usr/bin/ccache /usr/bin/g++ -D_DEBUG -D_GLIBCXX_ASSERTIONS -D_GLIBCXX_USE_CXX11_ABI=1 -D_GNU_SOURCE -D_LIBCPP_HARDENING_MODE=_LIBCPP_HARDENING_MODE_EXTENSIVE -D__STDC_CONSTANT_MACROS -D__STDC_FORMAT_MACROS -D__STDC_LIMIT_MACROS -I/home/jtuyls/iree-ai/llvm-aie-port/build/lib/Target/AIE -I/home/jtuyls/iree-ai/llvm-aie-port/amd/aie/llvm/lib/Target/AIE -I/home/jtuyls/iree-ai/llvm-aie-port/build/include -I/home/jtuyls/iree-ai/llvm-aie-port/llvm/include -I/home/jtuyls/iree-ai/llvm-aie-port/amd/aie/llvm/include -fPIC -fno-semantic-interposition -fvisibility-inlines-hidden -Werror=date-time -Wall -Wextra -Wno-unused-parameter -Wwrite-strings -Wcast-qual -Wno-missing-field-initializers -pedantic -Wno-long-long -Wimplicit-fallthrough -Wno-uninitialized -Wno-nonnull -Wno-class-memaccess -Wno-dangling-reference -Wno-redundant-move -Wno-pessimizing-move -Wno-array-bounds -Wno-stringop-overread -Wno-dangling-pointer -Wno-noexcept-type -Wdelete-non-virtual-dtor -Wsuggest-override -Wno-comment -Wno-misleading-indentation -Wctad-maybe-unsupported -fdiagnostics-color -ffunction-sections -fdata-sections -O3 -DNDEBUG -std=c++17 -fvisibility=hidden -UNDEBUG -fno-exceptions -funwind-tables -fno-rtti -MD -MT lib/Target/AIE/CMakeFiles/LLVMAIECodeGen.dir/aie2ps/AIE2PSInstructionSelector.cpp.o -MF lib/Target/AIE/CMakeFiles/LLVMAIECodeGen.dir/aie2ps/AIE2PSInstructionSelector.cpp.o.d -o lib/Target/AIE/CMakeFiles/LLVMAIECodeGen.dir/aie2ps/AIE2PSInstructionSelector.cpp.o -c /home/jtuyls/iree-ai/llvm-aie-port/amd/aie/llvm/lib/Target/AIE/aie2ps/AIE2PSInstructionSelector.cpp
/home/jtuyls/iree-ai/llvm-aie-port/amd/aie/llvm/lib/Target/AIE/aie2ps/AIE2PSInstructionSelector.cpp: In member function ‘bool {anonymous}::AIE2PSInstructionSelector::selectVLD_FIFO_BFP640(llvm::MachineInstr&, llvm::MachineRegisterInfo&, unsigned int, bool, bool, bool)’:
/home/jtuyls/iree-ai/llvm-aie-port/amd/aie/llvm/lib/Target/AIE/aie2ps/AIE2PSInstructionSelector.cpp:1397:40: error: could not convert ‘llvm::constrainSelectedInstRegOperands((* MI.llvm::MachineInstrBuilder::operator llvm::MachineInstr*()), (({anonymous}::AIE2PSInstructionSelector*)this)->{anonymous}::AIE2PSInstructionSelector::TII.llvm::AIE2PSInstrInfo::<anonymous>.llvm::AIE2PSGenInstrInfo::<anonymous>.llvm::AIEBaseInstrInfo::<anonymous>, (({anonymous}::AIE2PSInstructionSelector*)this)->{anonymous}::AIE2PSInstructionSelector::TRI.llvm::AIE2PSRegisterInfo::<anonymous>.llvm::AIE2PSGenRegisterInfo::<anonymous>.llvm::AIEBaseRegisterInfo::<anonymous>, (({anonymous}::AIE2PSInstructionSelector*)this)->{anonymous}::AIE2PSInstructionSelector::RBI.llvm::AIE2PSRegisterBankInfo::<anonymous>.llvm::AIE2PSGenRegisterBankInfo::<anonymous>.llvm::AIEBaseRegisterBankInfo::<anonymous>)’ from ‘void’ to ‘bool’
 1397 |   if (!constrainSelectedInstRegOperands(*MI, TII, TRI, RBI))
      |        ~~~~~~~~~~~~~~~~~~~~~~~~~~~~~~~~^~~~~~~~~~~~~~~~~~~~
      |                                        |
      |                                        void
/home/jtuyls/iree-ai/llvm-aie-port/amd/aie/llvm/lib/Target/AIE/aie2ps/AIE2PSInstructionSelector.cpp:1397:40: error: in argument to unary !
/home/jtuyls/iree-ai/llvm-aie-port/amd/aie/llvm/lib/Target/AIE/aie2ps/AIE2PSInstructionSelector.cpp: In member function ‘bool {anonymous}::AIE2PSInstructionSelector::selectVLD_FIFO_BFP768(llvm::MachineInstr&, llvm::MachineRegisterInfo&, unsigned int, bool, bool, bool)’:
/home/jtuyls/iree-ai/llvm-aie-port/amd/aie/llvm/lib/Target/AIE/aie2ps/AIE2PSInstructionSelector.cpp:1490:40: error: could not convert ‘llvm::constrainSelectedInstRegOperands((* MI.llvm::MachineInstrBuilder::operator llvm::MachineInstr*()), (({anonymous}::AIE2PSInstructionSelector*)this)->{anonymous}::AIE2PSInstructionSelector::TII.llvm::AIE2PSInstrInfo::<anonymous>.llvm::AIE2PSGenInstrInfo::<anonymous>.llvm::AIEBaseInstrInfo::<anonymous>, (({anonymous}::AIE2PSInstructionSelector*)this)->{anonymous}::AIE2PSInstructionSelector::TRI.llvm::AIE2PSRegisterInfo::<anonymous>.llvm::AIE2PSGenRegisterInfo::<anonymous>.llvm::AIEBaseRegisterInfo::<anonymous>, (({anonymous}::AIE2PSInstructionSelector*)this)->{anonymous}::AIE2PSInstructionSelector::RBI.llvm::AIE2PSRegisterBankInfo::<anonymous>.llvm::AIE2PSGenRegisterBankInfo::<anonymous>.llvm::AIEBaseRegisterBankInfo::<anonymous>)’ from ‘void’ to ‘bool’
 1490 |   if (!constrainSelectedInstRegOperands(*MI, TII, TRI, RBI))
      |        ~~~~~~~~~~~~~~~~~~~~~~~~~~~~~~~~^~~~~~~~~~~~~~~~~~~~
      |                                        |
      |                                        void
/home/jtuyls/iree-ai/llvm-aie-port/amd/aie/llvm/lib/Target/AIE/aie2ps/AIE2PSInstructionSelector.cpp:1490:40: error: in argument to unary !
/home/jtuyls/iree-ai/llvm-aie-port/amd/aie/llvm/lib/Target/AIE/aie2ps/AIE2PSInstructionSelector.cpp: In member function ‘bool {anonymous}::AIE2PSInstructionSelector::selectWideG_AIE_LOAD_STORE(llvm::MachineInstr&, llvm::LoadStoreOpcodes&, llvm::AddressingModeInfo&, llvm::MachineRegisterInfo&)’:
/home/jtuyls/iree-ai/llvm-aie-port/amd/aie/llvm/lib/Target/AIE/aie2ps/AIE2PSInstructionSelector.cpp:4448:54: error: cannot convert ‘int’ to ‘llvm::RegState’
 4448 |                       .addReg(AMI.SrcDstOp.getReg(), 0,
      |                                                      ^
      |                                                      |
      |                                                      int
In file included from /home/jtuyls/iree-ai/llvm-aie-port/llvm/include/llvm/CodeGen/TargetInstrInfo.h:25,
                 from /home/jtuyls/iree-ai/llvm-aie-port/amd/aie/llvm/lib/Target/AIE/AIEBaseInstrInfo.h:26,
                 from /home/jtuyls/iree-ai/llvm-aie-port/amd/aie/llvm/lib/Target/AIE/aie2ps/AIE2PSInstrInfo.h:20,
                 from /home/jtuyls/iree-ai/llvm-aie-port/amd/aie/llvm/lib/Target/AIE/aie2ps/AIE2PSInstructionSelector.cpp:16:
/home/jtuyls/iree-ai/llvm-aie-port/llvm/include/llvm/CodeGen/MachineInstrBuilder.h:199:62: note:   initializing argument 2 of ‘const llvm::MachineInstrBuilder& llvm::MachineInstrBuilder::addReg(llvm::Register, llvm::RegState, unsigned int) const’
  199 |   const MachineInstrBuilder &addReg(Register RegNo, RegState Flags = {},
      |                                                     ~~~~~~~~~^~~~~~~~~~
/home/jtuyls/iree-ai/llvm-aie-port/amd/aie/llvm/lib/Target/AIE/aie2ps/AIE2PSInstructionSelector.cpp:4477:54: error: cannot convert ‘int’ to ‘llvm::RegState’
 4477 |                       .addReg(AMI.SrcDstOp.getReg(), 0,
      |                                                      ^
      |                                                      |
      |                                                      int
/home/jtuyls/iree-ai/llvm-aie-port/llvm/include/llvm/CodeGen/MachineInstrBuilder.h:199:62: note:   initializing argument 2 of ‘const llvm::MachineInstrBuilder& llvm::MachineInstrBuilder::addReg(llvm::Register, llvm::RegState, unsigned int) const’
  199 |   const MachineInstrBuilder &addReg(Register RegNo, RegState Flags = {},
      |                                                     ~~~~~~~~~^~~~~~~~~~
[289/305] Building CXX object lib/Target/AIE/MCTargetDesc/CMakeFiles/LLVMAIEDesc.dir/aie2ps/AIE2PSAsmBackend.cpp.o
FAILED: lib/Target/AIE/MCTargetDesc/CMakeFiles/LLVMAIEDesc.dir/aie2ps/AIE2PSAsmBackend.cpp.o 
CCACHE_CPP2=yes CCACHE_HASHDIR=yes CCACHE_SLOPPINESS=pch_defines,time_macros /usr/bin/ccache /usr/bin/g++ -D_DEBUG -D_GLIBCXX_ASSERTIONS -D_GLIBCXX_USE_CXX11_ABI=1 -D_GNU_SOURCE -D_LIBCPP_HARDENING_MODE=_LIBCPP_HARDENING_MODE_EXTENSIVE -D__STDC_CONSTANT_MACROS -D__STDC_FORMAT_MACROS -D__STDC_LIMIT_MACROS -I/home/jtuyls/iree-ai/llvm-aie-port/build/lib/Target/AIE/MCTargetDesc -I/home/jtuyls/iree-ai/llvm-aie-port/amd/aie/llvm/lib/Target/AIE/MCTargetDesc -I/home/jtuyls/iree-ai/llvm-aie-port/amd/aie/llvm/lib/Target/AIE -I/home/jtuyls/iree-ai/llvm-aie-port/build/lib/Target/AIE -I/home/jtuyls/iree-ai/llvm-aie-port/build/include -I/home/jtuyls/iree-ai/llvm-aie-port/llvm/include -I/home/jtuyls/iree-ai/llvm-aie-port/amd/aie/llvm/include -fPIC -fno-semantic-interposition -fvisibility-inlines-hidden -Werror=date-time -Wall -Wextra -Wno-unused-parameter -Wwrite-strings -Wcast-qual -Wno-missing-field-initializers -pedantic -Wno-long-long -Wimplicit-fallthrough -Wno-uninitialized -Wno-nonnull -Wno-class-memaccess -Wno-dangling-reference -Wno-redundant-move -Wno-pessimizing-move -Wno-array-bounds -Wno-stringop-overread -Wno-dangling-pointer -Wno-noexcept-type -Wdelete-non-virtual-dtor -Wsuggest-override -Wno-comment -Wno-misleading-indentation -Wctad-maybe-unsupported -fdiagnostics-color -ffunction-sections -fdata-sections -O3 -DNDEBUG -std=c++17 -fvisibility=hidden -UNDEBUG -fno-exceptions -funwind-tables -fno-rtti -MD -MT lib/Target/AIE/MCTargetDesc/CMakeFiles/LLVMAIEDesc.dir/aie2ps/AIE2PSAsmBackend.cpp.o -MF lib/Target/AIE/MCTargetDesc/CMakeFiles/LLVMAIEDesc.dir/aie2ps/AIE2PSAsmBackend.cpp.o.d -o lib/Target/AIE/MCTargetDesc/CMakeFiles/LLVMAIEDesc.dir/aie2ps/AIE2PSAsmBackend.cpp.o -c /home/jtuyls/iree-ai/llvm-aie-port/amd/aie/llvm/lib/Target/AIE/MCTargetDesc/aie2ps/AIE2PSAsmBackend.cpp
In file included from /home/jtuyls/iree-ai/llvm-aie-port/amd/aie/llvm/lib/Target/AIE/MCTargetDesc/aie2ps/AIE2PSAsmBackend.h:15,
                 from /home/jtuyls/iree-ai/llvm-aie-port/amd/aie/llvm/lib/Target/AIE/MCTargetDesc/aie2ps/AIE2PSAsmBackend.cpp:11:
/home/jtuyls/iree-ai/llvm-aie-port/amd/aie/llvm/lib/Target/AIE/MCTargetDesc/AIEBaseAsmBackend.h:42:8: error: ‘void llvm::AIEBaseAsmBackend::applyFixup(const llvm::MCAssembler&, const llvm::MCFixup&, const llvm::MCValue&, llvm::MutableArrayRef<char>, uint64_t, bool, const llvm::MCSubtargetInfo*) const’ marked ‘override’, but does not override
   42 |   void applyFixup(const MCAssembler &Asm, const MCFixup &Fixup,
      |        ^~~~~~~~~~
/home/jtuyls/iree-ai/llvm-aie-port/amd/aie/llvm/lib/Target/AIE/MCTargetDesc/AIEBaseAsmBackend.h:50:8: error: ‘bool llvm::AIEBaseAsmBackend::fixupNeedsRelaxation(const llvm::MCFixup&, uint64_t) const’ marked ‘override’, but does not override
   50 |   bool fixupNeedsRelaxation(const MCFixup &Fixup,
      |        ^~~~~~~~~~~~~~~~~~~~
/home/jtuyls/iree-ai/llvm-aie-port/amd/aie/llvm/lib/Target/AIE/MCTargetDesc/AIEBaseAsmBackend.h:57:26: error: conflicting return type specified for ‘virtual const llvm::MCFixupKindInfo& llvm::AIEBaseAsmBackend::getFixupKindInfo(llvm::MCFixupKind) const’
   57 |   const MCFixupKindInfo &getFixupKindInfo(MCFixupKind Kind) const override {
      |                          ^~~~~~~~~~~~~~~~
In file included from /home/jtuyls/iree-ai/llvm-aie-port/llvm/include/llvm/MC/MCFixupKindInfo.h:6,
                 from /home/jtuyls/iree-ai/llvm-aie-port/amd/aie/llvm/lib/Target/AIE/MCTargetDesc/AIEMCFixupKinds.h:18,
                 from /home/jtuyls/iree-ai/llvm-aie-port/amd/aie/llvm/lib/Target/AIE/MCTargetDesc/AIEBaseAsmBackend.h:14:
/home/jtuyls/iree-ai/llvm-aie-port/llvm/include/llvm/MC/MCAsmBackend.h:107:27: note: overridden function is ‘virtual llvm::MCFixupKindInfo llvm::MCAsmBackend::getFixupKindInfo(llvm::MCFixupKind) const’
  107 |   virtual MCFixupKindInfo getFixupKindInfo(MCFixupKind Kind) const;
      |                           ^~~~~~~~~~~~~~~~
/home/jtuyls/iree-ai/llvm-aie-port/amd/aie/llvm/lib/Target/AIE/MCTargetDesc/AIEBaseAsmBackend.h: In member function ‘virtual const llvm::MCFixupKindInfo& llvm::AIEBaseAsmBackend::getFixupKindInfo(llvm::MCFixupKind) const’:
/home/jtuyls/iree-ai/llvm-aie-port/amd/aie/llvm/lib/Target/AIE/MCTargetDesc/AIEBaseAsmBackend.h:60:44: warning: returning reference to temporary [-Wreturn-local-addr]
   60 |       return MCAsmBackend::getFixupKindInfo(Kind);
      |              ~~~~~~~~~~~~~~~~~~~~~~~~~~~~~~^~~~~~
/home/jtuyls/iree-ai/llvm-aie-port/amd/aie/llvm/lib/Target/AIE/MCTargetDesc/aie2ps/AIE2PSAsmBackend.h: At global scope:
/home/jtuyls/iree-ai/llvm-aie-port/amd/aie/llvm/lib/Target/AIE/MCTargetDesc/aie2ps/AIE2PSAsmBackend.h:30:12: error: ‘unsigned int llvm::AIE2PSAsmBackend::getNumFixupKinds() const’ marked ‘override’, but does not override
   30 |   unsigned getNumFixupKinds() const override {
      |            ^~~~~~~~~~~~~~~~
[290/305] Building CXX object lib/Target/AIE/MCTargetDesc/CMakeFiles/LLVMAIEDesc.dir/aie2p/AIE2PAsmBackend.cpp.o
FAILED: lib/Target/AIE/MCTargetDesc/CMakeFiles/LLVMAIEDesc.dir/aie2p/AIE2PAsmBackend.cpp.o 
CCACHE_CPP2=yes CCACHE_HASHDIR=yes CCACHE_SLOPPINESS=pch_defines,time_macros /usr/bin/ccache /usr/bin/g++ -D_DEBUG -D_GLIBCXX_ASSERTIONS -D_GLIBCXX_USE_CXX11_ABI=1 -D_GNU_SOURCE -D_LIBCPP_HARDENING_MODE=_LIBCPP_HARDENING_MODE_EXTENSIVE -D__STDC_CONSTANT_MACROS -D__STDC_FORMAT_MACROS -D__STDC_LIMIT_MACROS -I/home/jtuyls/iree-ai/llvm-aie-port/build/lib/Target/AIE/MCTargetDesc -I/home/jtuyls/iree-ai/llvm-aie-port/amd/aie/llvm/lib/Target/AIE/MCTargetDesc -I/home/jtuyls/iree-ai/llvm-aie-port/amd/aie/llvm/lib/Target/AIE -I/home/jtuyls/iree-ai/llvm-aie-port/build/lib/Target/AIE -I/home/jtuyls/iree-ai/llvm-aie-port/build/include -I/home/jtuyls/iree-ai/llvm-aie-port/llvm/include -I/home/jtuyls/iree-ai/llvm-aie-port/amd/aie/llvm/include -fPIC -fno-semantic-interposition -fvisibility-inlines-hidden -Werror=date-time -Wall -Wextra -Wno-unused-parameter -Wwrite-strings -Wcast-qual -Wno-missing-field-initializers -pedantic -Wno-long-long -Wimplicit-fallthrough -Wno-uninitialized -Wno-nonnull -Wno-class-memaccess -Wno-dangling-reference -Wno-redundant-move -Wno-pessimizing-move -Wno-array-bounds -Wno-stringop-overread -Wno-dangling-pointer -Wno-noexcept-type -Wdelete-non-virtual-dtor -Wsuggest-override -Wno-comment -Wno-misleading-indentation -Wctad-maybe-unsupported -fdiagnostics-color -ffunction-sections -fdata-sections -O3 -DNDEBUG -std=c++17 -fvisibility=hidden -UNDEBUG -fno-exceptions -funwind-tables -fno-rtti -MD -MT lib/Target/AIE/MCTargetDesc/CMakeFiles/LLVMAIEDesc.dir/aie2p/AIE2PAsmBackend.cpp.o -MF lib/Target/AIE/MCTargetDesc/CMakeFiles/LLVMAIEDesc.dir/aie2p/AIE2PAsmBackend.cpp.o.d -o lib/Target/AIE/MCTargetDesc/CMakeFiles/LLVMAIEDesc.dir/aie2p/AIE2PAsmBackend.cpp.o -c /home/jtuyls/iree-ai/llvm-aie-port/amd/aie/llvm/lib/Target/AIE/MCTargetDesc/aie2p/AIE2PAsmBackend.cpp
In file included from /home/jtuyls/iree-ai/llvm-aie-port/amd/aie/llvm/lib/Target/AIE/MCTargetDesc/aie2p/AIE2PAsmBackend.h:14,
                 from /home/jtuyls/iree-ai/llvm-aie-port/amd/aie/llvm/lib/Target/AIE/MCTargetDesc/aie2p/AIE2PAsmBackend.cpp:11:
/home/jtuyls/iree-ai/llvm-aie-port/amd/aie/llvm/lib/Target/AIE/MCTargetDesc/AIEBaseAsmBackend.h:42:8: error: ‘void llvm::AIEBaseAsmBackend::applyFixup(const llvm::MCAssembler&, const llvm::MCFixup&, const llvm::MCValue&, llvm::MutableArrayRef<char>, uint64_t, bool, const llvm::MCSubtargetInfo*) const’ marked ‘override’, but does not override
   42 |   void applyFixup(const MCAssembler &Asm, const MCFixup &Fixup,
      |        ^~~~~~~~~~
/home/jtuyls/iree-ai/llvm-aie-port/amd/aie/llvm/lib/Target/AIE/MCTargetDesc/AIEBaseAsmBackend.h:50:8: error: ‘bool llvm::AIEBaseAsmBackend::fixupNeedsRelaxation(const llvm::MCFixup&, uint64_t) const’ marked ‘override’, but does not override
   50 |   bool fixupNeedsRelaxation(const MCFixup &Fixup,
      |        ^~~~~~~~~~~~~~~~~~~~
/home/jtuyls/iree-ai/llvm-aie-port/amd/aie/llvm/lib/Target/AIE/MCTargetDesc/AIEBaseAsmBackend.h:57:26: error: conflicting return type specified for ‘virtual const llvm::MCFixupKindInfo& llvm::AIEBaseAsmBackend::getFixupKindInfo(llvm::MCFixupKind) const’
   57 |   const MCFixupKindInfo &getFixupKindInfo(MCFixupKind Kind) const override {
      |                          ^~~~~~~~~~~~~~~~
In file included from /home/jtuyls/iree-ai/llvm-aie-port/llvm/include/llvm/MC/MCFixupKindInfo.h:6,
                 from /home/jtuyls/iree-ai/llvm-aie-port/amd/aie/llvm/lib/Target/AIE/MCTargetDesc/AIEMCFixupKinds.h:18,
                 from /home/jtuyls/iree-ai/llvm-aie-port/amd/aie/llvm/lib/Target/AIE/MCTargetDesc/AIEBaseAsmBackend.h:14:
/home/jtuyls/iree-ai/llvm-aie-port/llvm/include/llvm/MC/MCAsmBackend.h:107:27: note: overridden function is ‘virtual llvm::MCFixupKindInfo llvm::MCAsmBackend::getFixupKindInfo(llvm::MCFixupKind) const’
  107 |   virtual MCFixupKindInfo getFixupKindInfo(MCFixupKind Kind) const;
      |                           ^~~~~~~~~~~~~~~~
/home/jtuyls/iree-ai/llvm-aie-port/amd/aie/llvm/lib/Target/AIE/MCTargetDesc/AIEBaseAsmBackend.h: In member function ‘virtual const llvm::MCFixupKindInfo& llvm::AIEBaseAsmBackend::getFixupKindInfo(llvm::MCFixupKind) const’:
/home/jtuyls/iree-ai/llvm-aie-port/amd/aie/llvm/lib/Target/AIE/MCTargetDesc/AIEBaseAsmBackend.h:60:44: warning: returning reference to temporary [-Wreturn-local-addr]
   60 |       return MCAsmBackend::getFixupKindInfo(Kind);
      |              ~~~~~~~~~~~~~~~~~~~~~~~~~~~~~~^~~~~~
/home/jtuyls/iree-ai/llvm-aie-port/amd/aie/llvm/lib/Target/AIE/MCTargetDesc/aie2p/AIE2PAsmBackend.h: At global scope:
/home/jtuyls/iree-ai/llvm-aie-port/amd/aie/llvm/lib/Target/AIE/MCTargetDesc/aie2p/AIE2PAsmBackend.h:29:12: error: ‘unsigned int llvm::AIE2PAsmBackend::getNumFixupKinds() const’ marked ‘override’, but does not override
   29 |   unsigned getNumFixupKinds() const override {
      |            ^~~~~~~~~~~~~~~~
[291/305] Building CXX object lib/Target/AIE/CMakeFiles/LLVMAIECodeGen.dir/aie2ps/AIE2PSTargetTransformInfo.cpp.o
FAILED: lib/Target/AIE/CMakeFiles/LLVMAIECodeGen.dir/aie2ps/AIE2PSTargetTransformInfo.cpp.o 
CCACHE_CPP2=yes CCACHE_HASHDIR=yes CCACHE_SLOPPINESS=pch_defines,time_macros /usr/bin/ccache /usr/bin/g++ -D_DEBUG -D_GLIBCXX_ASSERTIONS -D_GLIBCXX_USE_CXX11_ABI=1 -D_GNU_SOURCE -D_LIBCPP_HARDENING_MODE=_LIBCPP_HARDENING_MODE_EXTENSIVE -D__STDC_CONSTANT_MACROS -D__STDC_FORMAT_MACROS -D__STDC_LIMIT_MACROS -I/home/jtuyls/iree-ai/llvm-aie-port/build/lib/Target/AIE -I/home/jtuyls/iree-ai/llvm-aie-port/amd/aie/llvm/lib/Target/AIE -I/home/jtuyls/iree-ai/llvm-aie-port/build/include -I/home/jtuyls/iree-ai/llvm-aie-port/llvm/include -I/home/jtuyls/iree-ai/llvm-aie-port/amd/aie/llvm/include -fPIC -fno-semantic-interposition -fvisibility-inlines-hidden -Werror=date-time -Wall -Wextra -Wno-unused-parameter -Wwrite-strings -Wcast-qual -Wno-missing-field-initializers -pedantic -Wno-long-long -Wimplicit-fallthrough -Wno-uninitialized -Wno-nonnull -Wno-class-memaccess -Wno-dangling-reference -Wno-redundant-move -Wno-pessimizing-move -Wno-array-bounds -Wno-stringop-overread -Wno-dangling-pointer -Wno-noexcept-type -Wdelete-non-virtual-dtor -Wsuggest-override -Wno-comment -Wno-misleading-indentation -Wctad-maybe-unsupported -fdiagnostics-color -ffunction-sections -fdata-sections -O3 -DNDEBUG -std=c++17 -fvisibility=hidden -UNDEBUG -fno-exceptions -funwind-tables -fno-rtti -MD -MT lib/Target/AIE/CMakeFiles/LLVMAIECodeGen.dir/aie2ps/AIE2PSTargetTransformInfo.cpp.o -MF lib/Target/AIE/CMakeFiles/LLVMAIECodeGen.dir/aie2ps/AIE2PSTargetTransformInfo.cpp.o.d -o lib/Target/AIE/CMakeFiles/LLVMAIECodeGen.dir/aie2ps/AIE2PSTargetTransformInfo.cpp.o -c /home/jtuyls/iree-ai/llvm-aie-port/amd/aie/llvm/lib/Target/AIE/aie2ps/AIE2PSTargetTransformInfo.cpp
In file included from /home/jtuyls/iree-ai/llvm-aie-port/amd/aie/llvm/lib/Target/AIE/aie2ps/AIE2PSFrameLowering.h:18,
                 from /home/jtuyls/iree-ai/llvm-aie-port/amd/aie/llvm/lib/Target/AIE/aie2ps/AIE2PSSubtarget.h:18,
                 from /home/jtuyls/iree-ai/llvm-aie-port/amd/aie/llvm/lib/Target/AIE/aie2ps/AIE2PSTargetMachine.h:18,
                 from /home/jtuyls/iree-ai/llvm-aie-port/amd/aie/llvm/lib/Target/AIE/aie2ps/AIE2PSTargetTransformInfo.h:20,
                 from /home/jtuyls/iree-ai/llvm-aie-port/amd/aie/llvm/lib/Target/AIE/aie2ps/AIE2PSTargetTransformInfo.cpp:11:
/home/jtuyls/iree-ai/llvm-aie-port/amd/aie/llvm/lib/Target/AIE/AIEBaseFrameLowering.h:90:16: warning: ‘virtual void llvm::AIEBaseFrameLowering::adjustReg(llvm::MachineBasicBlock&, llvm::MachineBasicBlock::iterator, const llvm::DebugLoc&, unsigned int, int64_t, llvm::MachineInstr::MIFlag) const’ was hidden [-Woverloaded-virtual=]
   90 |   virtual void adjustReg(MachineBasicBlock &MBB,
      |                ^~~~~~~~~
In file included from /home/jtuyls/iree-ai/llvm-aie-port/amd/aie/llvm/lib/Target/AIE/aie1/AIE1Subtarget.h:19,
                 from /home/jtuyls/iree-ai/llvm-aie-port/amd/aie/llvm/lib/Target/AIE/AIEBaseTargetTransformInfo.h:21,
                 from /home/jtuyls/iree-ai/llvm-aie-port/amd/aie/llvm/lib/Target/AIE/aie2ps/AIE2PSTargetTransformInfo.h:21:
/home/jtuyls/iree-ai/llvm-aie-port/amd/aie/llvm/lib/Target/AIE/aie1/AIE1FrameLowering.h:29:15: note:   by ‘static void llvm::AIEFrameLowering::adjustReg(const llvm::TargetInstrInfo*, llvm::MachineBasicBlock&, llvm::MachineBasicBlock::iterator, const llvm::DebugLoc&, unsigned int, int64_t, llvm::MachineInstr::MIFlag)’
   29 |   static void adjustReg(const TargetInstrInfo *TII, MachineBasicBlock &MBB,
      |               ^~~~~~~~~
/home/jtuyls/iree-ai/llvm-aie-port/amd/aie/llvm/lib/Target/AIE/AIEBaseTargetTransformInfo.h: In instantiation of ‘class llvm::AIEBaseTTIImpl<llvm::AIE2PSTTIImpl>’:
/home/jtuyls/iree-ai/llvm-aie-port/amd/aie/llvm/lib/Target/AIE/aie2ps/AIE2PSTargetTransformInfo.h:34:30:   required from here
/home/jtuyls/iree-ai/llvm-aie-port/amd/aie/llvm/lib/Target/AIE/AIEBaseTargetTransformInfo.h:88:7: error: conflicting return type specified for ‘int llvm::AIEBaseTTIImpl<T>::getIntImmCost(const llvm::APInt&, llvm::Type*, llvm::TargetTransformInfo::TargetCostKind) const [with T = llvm::AIE2PSTTIImpl]’
   88 |   int getIntImmCost(const APInt &Imm, Type *Ty, TTI::TargetCostKind CostKind) const {
      |       ^~~~~~~~~~~~~
In file included from /home/jtuyls/iree-ai/llvm-aie-port/llvm/include/llvm/CodeGen/BasicTTIImpl.h:28,
                 from /home/jtuyls/iree-ai/llvm-aie-port/amd/aie/llvm/lib/Target/AIE/AIEBaseTargetTransformInfo.h:23:
/home/jtuyls/iree-ai/llvm-aie-port/llvm/include/llvm/Analysis/TargetTransformInfoImpl.h:587:27: note: overridden function is ‘virtual llvm::InstructionCost llvm::TargetTransformInfoImplBase::getIntImmCost(const llvm::APInt&, llvm::Type*, llvm::TargetTransformInfo::TargetCostKind) const’
  587 |   virtual InstructionCost getIntImmCost(const APInt &Imm, Type *Ty,
      |                           ^~~~~~~~~~~~~
/home/jtuyls/iree-ai/llvm-aie-port/amd/aie/llvm/lib/Target/AIE/AIEBaseTargetTransformInfo.h:88:7: warning: ‘int llvm::AIEBaseTTIImpl<T>::getIntImmCost(const llvm::APInt&, llvm::Type*, llvm::TargetTransformInfo::TargetCostKind) const [with T = llvm::AIE2PSTTIImpl]’ can be marked override [-Wsuggest-override]
   88 |   int getIntImmCost(const APInt &Imm, Type *Ty, TTI::TargetCostKind CostKind) const {
      |       ^~~~~~~~~~~~~
/home/jtuyls/iree-ai/llvm-aie-port/amd/aie/llvm/lib/Target/AIE/AIEBaseTargetTransformInfo.h:119:12: warning: ‘llvm::TypeSize llvm::AIEBaseTTIImpl<T>::getRegisterBitWidth(llvm::TargetTransformInfo::RegisterKind) const [with T = llvm::AIE2PSTTIImpl]’ can be marked override [-Wsuggest-override]
  119 |   TypeSize getRegisterBitWidth(TargetTransformInfo::RegisterKind K) const {
      |            ^~~~~~~~~~~~~~~~~~~
/home/jtuyls/iree-ai/llvm-aie-port/amd/aie/llvm/lib/Target/AIE/AIEBaseTargetTransformInfo.h:134:12: warning: ‘unsigned int llvm::AIEBaseTTIImpl<T>::getMinVectorRegisterBitWidth() const [with T = llvm::AIE2PSTTIImpl]’ can be marked override [-Wsuggest-override]
  134 |   unsigned getMinVectorRegisterBitWidth() const { return 512; }
      |            ^~~~~~~~~~~~~~~~~~~~~~~~~~~~
/home/jtuyls/iree-ai/llvm-aie-port/amd/aie/llvm/lib/Target/AIE/AIEBaseTargetTransformInfo.h:149:19: warning: ‘llvm::InstructionCost llvm::AIEBaseTTIImpl<T>::getArithmeticInstrCost(unsigned int, llvm::Type*, llvm::TargetTransformInfo::TargetCostKind, llvm::TargetTransformInfo::OperandValueInfo, llvm::TargetTransformInfo::OperandValueInfo, llvm::ArrayRef<const llvm::Value*>, const llvm::Instruction*) const [with T = llvm::AIE2PSTTIImpl]’ can be marked override [-Wsuggest-override]
  149 |   InstructionCost getArithmeticInstrCost(
      |                   ^~~~~~~~~~~~~~~~~~~~~~
/home/jtuyls/iree-ai/llvm-aie-port/amd/aie/llvm/lib/Target/AIE/AIEBaseTargetTransformInfo.h:167:12: warning: ‘unsigned int llvm::AIEBaseTTIImpl<T>::getStoreVectorFactor(unsigned int, unsigned int, unsigned int, llvm::VectorType*) const [with T = llvm::AIE2PSTTIImpl]’ can be marked override [-Wsuggest-override]
  167 |   unsigned getStoreVectorFactor(unsigned VF, unsigned StoreSizeInBits,
      |            ^~~~~~~~~~~~~~~~~~~~
/home/jtuyls/iree-ai/llvm-aie-port/amd/aie/llvm/lib/Target/AIE/AIEBaseTargetTransformInfo.h:179:12: warning: ‘unsigned int llvm::AIEBaseTTIImpl<T>::getLoadVectorFactor(unsigned int, unsigned int, unsigned int, llvm::VectorType*) const [with T = llvm::AIE2PSTTIImpl]’ can be marked override [-Wsuggest-override]
  179 |   unsigned getLoadVectorFactor(unsigned VF, unsigned LoadSizeInBits,
      |            ^~~~~~~~~~~~~~~~~~~
/home/jtuyls/iree-ai/llvm-aie-port/amd/aie/llvm/lib/Target/AIE/AIEBaseTargetTransformInfo.h:186:8: warning: ‘bool llvm::AIEBaseTTIImpl<T>::isLegalToVectorizeStoreChain(unsigned int, llvm::Align, unsigned int) const [with T = llvm::AIE2PSTTIImpl]’ can be marked override [-Wsuggest-override]
  186 |   bool isLegalToVectorizeStoreChain(unsigned ChainSizeInBytes, Align Alignment,
      |        ^~~~~~~~~~~~~~~~~~~~~~~~~~~~
/home/jtuyls/iree-ai/llvm-aie-port/amd/aie/llvm/lib/Target/AIE/aie2ps/AIE2PSTargetTransformInfo.h:53:19: warning: ‘virtual llvm::InstructionCost llvm::AIE2PSTTIImpl::getMemoryOpCost(unsigned int, llvm::Type*, llvm::Align, unsigned int, llvm::TargetTransformInfo::TargetCostKind, llvm::TargetTransformInfo::OperandValueInfo, const llvm::Instruction*) const’ can be marked override [-Wsuggest-override]
   53 |   InstructionCost getMemoryOpCost(
      |                   ^~~~~~~~~~~~~~~
/home/jtuyls/iree-ai/llvm-aie-port/amd/aie/llvm/lib/Target/AIE/aie2ps/AIE2PSTargetTransformInfo.h:59:32: warning: ‘virtual std::optional<llvm::Instruction*> llvm::AIE2PSTTIImpl::instCombineIntrinsic(llvm::InstCombiner&, llvm::IntrinsicInst&) const’ can be marked override [-Wsuggest-override]
   59 |   std::optional<Instruction *> instCombineIntrinsic(InstCombiner &IC,
      |                                ^~~~~~~~~~~~~~~~~~~~
[292/305] Building CXX object lib/Target/AIE/CMakeFiles/LLVMAIECodeGen.dir/aie2ps/AIE2PSPostLegalizerCustomCombiner.cpp.o
[293/305] Building CXX object lib/Target/AIE/CMakeFiles/LLVMAIECodeGen.dir/aie2ps/AIE2PSPostLegalizerFinalCombiner.cpp.o
[294/305] Building CXX object lib/Target/AIE/CMakeFiles/LLVMAIECodeGen.dir/aie2p/AIE2PPreLegalizerCombiner.cpp.o
[295/305] Building CXX object lib/Target/AIE/MCTargetDesc/CMakeFiles/LLVMAIEDesc.dir/AIEMCCodeEmitter.cpp.o
FAILED: lib/Target/AIE/MCTargetDesc/CMakeFiles/LLVMAIEDesc.dir/AIEMCCodeEmitter.cpp.o 
CCACHE_CPP2=yes CCACHE_HASHDIR=yes CCACHE_SLOPPINESS=pch_defines,time_macros /usr/bin/ccache /usr/bin/g++ -D_DEBUG -D_GLIBCXX_ASSERTIONS -D_GLIBCXX_USE_CXX11_ABI=1 -D_GNU_SOURCE -D_LIBCPP_HARDENING_MODE=_LIBCPP_HARDENING_MODE_EXTENSIVE -D__STDC_CONSTANT_MACROS -D__STDC_FORMAT_MACROS -D__STDC_LIMIT_MACROS -I/home/jtuyls/iree-ai/llvm-aie-port/build/lib/Target/AIE/MCTargetDesc -I/home/jtuyls/iree-ai/llvm-aie-port/amd/aie/llvm/lib/Target/AIE/MCTargetDesc -I/home/jtuyls/iree-ai/llvm-aie-port/amd/aie/llvm/lib/Target/AIE -I/home/jtuyls/iree-ai/llvm-aie-port/build/lib/Target/AIE -I/home/jtuyls/iree-ai/llvm-aie-port/build/include -I/home/jtuyls/iree-ai/llvm-aie-port/llvm/include -I/home/jtuyls/iree-ai/llvm-aie-port/amd/aie/llvm/include -fPIC -fno-semantic-interposition -fvisibility-inlines-hidden -Werror=date-time -Wall -Wextra -Wno-unused-parameter -Wwrite-strings -Wcast-qual -Wno-missing-field-initializers -pedantic -Wno-long-long -Wimplicit-fallthrough -Wno-uninitialized -Wno-nonnull -Wno-class-memaccess -Wno-dangling-reference -Wno-redundant-move -Wno-pessimizing-move -Wno-array-bounds -Wno-stringop-overread -Wno-dangling-pointer -Wno-noexcept-type -Wdelete-non-virtual-dtor -Wsuggest-override -Wno-comment -Wno-misleading-indentation -Wctad-maybe-unsupported -fdiagnostics-color -ffunction-sections -fdata-sections -O3 -DNDEBUG -std=c++17 -fvisibility=hidden -UNDEBUG -fno-exceptions -funwind-tables -fno-rtti -MD -MT lib/Target/AIE/MCTargetDesc/CMakeFiles/LLVMAIEDesc.dir/AIEMCCodeEmitter.cpp.o -MF lib/Target/AIE/MCTargetDesc/CMakeFiles/LLVMAIEDesc.dir/AIEMCCodeEmitter.cpp.o.d -o lib/Target/AIE/MCTargetDesc/CMakeFiles/LLVMAIEDesc.dir/AIEMCCodeEmitter.cpp.o -c /home/jtuyls/iree-ai/llvm-aie-port/amd/aie/llvm/lib/Target/AIE/MCTargetDesc/AIEMCCodeEmitter.cpp
In file included from /home/jtuyls/iree-ai/llvm-aie-port/amd/aie/llvm/lib/Target/AIE/MCTargetDesc/AIEMCCodeEmitter.cpp:17:
/home/jtuyls/iree-ai/llvm-aie-port/amd/aie/llvm/lib/Target/AIE/MCTargetDesc/AIEMCExpr.h:53:8: error: ‘bool llvm::AIEMCExpr::evaluateAsRelocatableImpl(llvm::MCValue&, const llvm::MCAssembler*, const llvm::MCFixup*) const’ marked ‘override’, but does not override
   53 |   bool evaluateAsRelocatableImpl(MCValue &Res, const MCAssembler *Layout,
      |        ^~~~~~~~~~~~~~~~~~~~~~~~~
/home/jtuyls/iree-ai/llvm-aie-port/amd/aie/llvm/lib/Target/AIE/MCTargetDesc/AIEMCExpr.h:61:8: error: ‘void llvm::AIEMCExpr::fixELFSymbolsInTLSFixups(llvm::MCAssembler&) const’ marked ‘override’, but does not override
   61 |   void fixELFSymbolsInTLSFixups(MCAssembler &Asm) const override {}
      |        ^~~~~~~~~~~~~~~~~~~~~~~~
In file included from /home/jtuyls/iree-ai/llvm-aie-port/amd/aie/llvm/lib/Target/AIE/MCTargetDesc/AIEMCCodeEmitter.cpp:15:
/home/jtuyls/iree-ai/llvm-aie-port/amd/aie/llvm/lib/Target/AIE/MCTargetDesc/AIEBaseMCCodeEmitter.h: In instantiation of ‘void llvm::{anonymous}::getSImmOpValueXStep(const llvm::MCInst&, unsigned int, llvm::APInt&, llvm::SmallVectorImpl<llvm::MCFixup>&, const llvm::MCSubtargetInfo&) [with int N = 14; unsigned int step = 4; int offset = 0; bool isNegative = true; bool isUnsigned = false]’:
/home/jtuyls/iree-ai/llvm-aie-port/build/lib/Target/AIE/AIEGenMCCodeEmitter.inc:1249:53:   required from here
/home/jtuyls/iree-ai/llvm-aie-port/amd/aie/llvm/lib/Target/AIE/MCTargetDesc/AIEBaseMCCodeEmitter.h:124:46: warning: ‘constexpr size_t llvm::CTLog2() [with long unsigned int kValue = 4; size_t = long unsigned int]’ is deprecated: Use ConstantLog2 instead [-Wdeprecated-declarations]
  124 |   const unsigned FixedZeroBits = CTLog2<step>();
      |                                  ~~~~~~~~~~~~^~
In file included from /home/jtuyls/iree-ai/llvm-aie-port/llvm/include/llvm/ADT/DenseMap.h:24,
                 from /home/jtuyls/iree-ai/llvm-aie-port/llvm/include/llvm/MC/MCExpr.h:12,
                 from /home/jtuyls/iree-ai/llvm-aie-port/llvm/include/llvm/MC/MCSymbol.h:18,
                 from /home/jtuyls/iree-ai/llvm-aie-port/llvm/include/llvm/MC/MCObjectWriter.h:12,
                 from /home/jtuyls/iree-ai/llvm-aie-port/amd/aie/llvm/lib/Target/AIE/MCTargetDesc/AIEMCTargetDesc.h:19,
                 from /home/jtuyls/iree-ai/llvm-aie-port/amd/aie/llvm/lib/Target/AIE/Utils/AIEBaseInfo.h:18,
                 from /home/jtuyls/iree-ai/llvm-aie-port/amd/aie/llvm/lib/Target/AIE/AIE.h:19,
                 from /home/jtuyls/iree-ai/llvm-aie-port/amd/aie/llvm/lib/Target/AIE/MCTargetDesc/AIEFormat.h:16,
                 from /home/jtuyls/iree-ai/llvm-aie-port/amd/aie/llvm/lib/Target/AIE/MCTargetDesc/AIEMCFormats.h:17,
                 from /home/jtuyls/iree-ai/llvm-aie-port/amd/aie/llvm/lib/Target/AIE/MCTargetDesc/AIEMCFixupKinds.h:14,
                 from /home/jtuyls/iree-ai/llvm-aie-port/amd/aie/llvm/lib/Target/AIE/MCTargetDesc/AIEBaseMCCodeEmitter.h:15:
/home/jtuyls/iree-ai/llvm-aie-port/llvm/include/llvm/Support/MathExtras.h:324:18: note: declared here
  324 | constexpr size_t CTLog2() {
      |                  ^~~~~~
/home/jtuyls/iree-ai/llvm-aie-port/amd/aie/llvm/lib/Target/AIE/MCTargetDesc/AIEBaseMCCodeEmitter.h: In instantiation of ‘void llvm::{anonymous}::getSImmOpValueXStep(const llvm::MCInst&, unsigned int, llvm::APInt&, llvm::SmallVectorImpl<llvm::MCFixup>&, const llvm::MCSubtargetInfo&) [with int N = 4; unsigned int step = 4; int offset = 0; bool isNegative = false; bool isUnsigned = false]’:
/home/jtuyls/iree-ai/llvm-aie-port/build/lib/Target/AIE/AIEGenMCCodeEmitter.inc:1349:52:   required from here
/home/jtuyls/iree-ai/llvm-aie-port/amd/aie/llvm/lib/Target/AIE/MCTargetDesc/AIEBaseMCCodeEmitter.h:124:46: warning: ‘constexpr size_t llvm::CTLog2() [with long unsigned int kValue = 4; size_t = long unsigned int]’ is deprecated: Use ConstantLog2 instead [-Wdeprecated-declarations]
  124 |   const unsigned FixedZeroBits = CTLog2<step>();
      |                                  ~~~~~~~~~~~~^~
/home/jtuyls/iree-ai/llvm-aie-port/llvm/include/llvm/Support/MathExtras.h:324:18: note: declared here
  324 | constexpr size_t CTLog2() {
      |                  ^~~~~~
/home/jtuyls/iree-ai/llvm-aie-port/amd/aie/llvm/lib/Target/AIE/MCTargetDesc/AIEBaseMCCodeEmitter.h: In instantiation of ‘void llvm::{anonymous}::getSImmOpValueXStep(const llvm::MCInst&, unsigned int, llvm::APInt&, llvm::SmallVectorImpl<llvm::MCFixup>&, const llvm::MCSubtargetInfo&) [with int N = 5; unsigned int step = 32; int offset = 0; bool isNegative = false; bool isUnsigned = false]’:
/home/jtuyls/iree-ai/llvm-aie-port/build/lib/Target/AIE/AIEGenMCCodeEmitter.inc:1371:53:   required from here
/home/jtuyls/iree-ai/llvm-aie-port/amd/aie/llvm/lib/Target/AIE/MCTargetDesc/AIEBaseMCCodeEmitter.h:124:46: warning: ‘constexpr size_t llvm::CTLog2() [with long unsigned int kValue = 32; size_t = long unsigned int]’ is deprecated: Use ConstantLog2 instead [-Wdeprecated-declarations]
  124 |   const unsigned FixedZeroBits = CTLog2<step>();
      |                                  ~~~~~~~~~~~~^~
/home/jtuyls/iree-ai/llvm-aie-port/llvm/include/llvm/Support/MathExtras.h:324:18: note: declared here
  324 | constexpr size_t CTLog2() {
      |                  ^~~~~~
/home/jtuyls/iree-ai/llvm-aie-port/amd/aie/llvm/lib/Target/AIE/MCTargetDesc/AIEBaseMCCodeEmitter.h: In instantiation of ‘void llvm::{anonymous}::getSImmOpValueXStep(const llvm::MCInst&, unsigned int, llvm::APInt&, llvm::SmallVectorImpl<llvm::MCFixup>&, const llvm::MCSubtargetInfo&) [with int N = 7; unsigned int step = 32; int offset = 0; bool isNegative = true; bool isUnsigned = false]’:
/home/jtuyls/iree-ai/llvm-aie-port/build/lib/Target/AIE/AIEGenMCCodeEmitter.inc:3650:53:   required from here
/home/jtuyls/iree-ai/llvm-aie-port/amd/aie/llvm/lib/Target/AIE/MCTargetDesc/AIEBaseMCCodeEmitter.h:124:46: warning: ‘constexpr size_t llvm::CTLog2() [with long unsigned int kValue = 32; size_t = long unsigned int]’ is deprecated: Use ConstantLog2 instead [-Wdeprecated-declarations]
  124 |   const unsigned FixedZeroBits = CTLog2<step>();
      |                                  ~~~~~~~~~~~~^~
/home/jtuyls/iree-ai/llvm-aie-port/llvm/include/llvm/Support/MathExtras.h:324:18: note: declared here
  324 | constexpr size_t CTLog2() {
      |                  ^~~~~~
/home/jtuyls/iree-ai/llvm-aie-port/amd/aie/llvm/lib/Target/AIE/MCTargetDesc/AIEBaseMCCodeEmitter.h: In instantiation of ‘void llvm::{anonymous}::getSImmOpValueXStep(const llvm::MCInst&, unsigned int, llvm::APInt&, llvm::SmallVectorImpl<llvm::MCFixup>&, const llvm::MCSubtargetInfo&) [with int N = 7; unsigned int step = 4; int offset = 0; bool isNegative = true; bool isUnsigned = false]’:
/home/jtuyls/iree-ai/llvm-aie-port/build/lib/Target/AIE/AIEGenMCCodeEmitter.inc:4082:52:   required from here
/home/jtuyls/iree-ai/llvm-aie-port/amd/aie/llvm/lib/Target/AIE/MCTargetDesc/AIEBaseMCCodeEmitter.h:124:46: warning: ‘constexpr size_t llvm::CTLog2() [with long unsigned int kValue = 4; size_t = long unsigned int]’ is deprecated: Use ConstantLog2 instead [-Wdeprecated-declarations]
  124 |   const unsigned FixedZeroBits = CTLog2<step>();
      |                                  ~~~~~~~~~~~~^~
/home/jtuyls/iree-ai/llvm-aie-port/llvm/include/llvm/Support/MathExtras.h:324:18: note: declared here
  324 | constexpr size_t CTLog2() {
      |                  ^~~~~~
/home/jtuyls/iree-ai/llvm-aie-port/amd/aie/llvm/lib/Target/AIE/MCTargetDesc/AIEBaseMCCodeEmitter.h: In instantiation of ‘void llvm::{anonymous}::getSImmOpValueXStep(const llvm::MCInst&, unsigned int, llvm::APInt&, llvm::SmallVectorImpl<llvm::MCFixup>&, const llvm::MCSubtargetInfo&) [with int N = 7; unsigned int step = 16; int offset = 0; bool isNegative = true; bool isUnsigned = false]’:
/home/jtuyls/iree-ai/llvm-aie-port/build/lib/Target/AIE/AIEGenMCCodeEmitter.inc:4252:53:   required from here
/home/jtuyls/iree-ai/llvm-aie-port/amd/aie/llvm/lib/Target/AIE/MCTargetDesc/AIEBaseMCCodeEmitter.h:124:46: warning: ‘constexpr size_t llvm::CTLog2() [with long unsigned int kValue = 16; size_t = long unsigned int]’ is deprecated: Use ConstantLog2 instead [-Wdeprecated-declarations]
  124 |   const unsigned FixedZeroBits = CTLog2<step>();
      |                                  ~~~~~~~~~~~~^~
/home/jtuyls/iree-ai/llvm-aie-port/llvm/include/llvm/Support/MathExtras.h:324:18: note: declared here
  324 | constexpr size_t CTLog2() {
      |                  ^~~~~~
[296/305] Building CXX object lib/Target/AIE/Utils/CMakeFiles/LLVMAIEUtils.dir/AIELoopUtils.cpp.o
FAILED: lib/Target/AIE/Utils/CMakeFiles/LLVMAIEUtils.dir/AIELoopUtils.cpp.o 
CCACHE_CPP2=yes CCACHE_HASHDIR=yes CCACHE_SLOPPINESS=pch_defines,time_macros /usr/bin/ccache /usr/bin/g++ -D_DEBUG -D_GLIBCXX_ASSERTIONS -D_GLIBCXX_USE_CXX11_ABI=1 -D_GNU_SOURCE -D_LIBCPP_HARDENING_MODE=_LIBCPP_HARDENING_MODE_EXTENSIVE -D__STDC_CONSTANT_MACROS -D__STDC_FORMAT_MACROS -D__STDC_LIMIT_MACROS -I/home/jtuyls/iree-ai/llvm-aie-port/build/lib/Target/AIE/Utils -I/home/jtuyls/iree-ai/llvm-aie-port/amd/aie/llvm/lib/Target/AIE/Utils -I/home/jtuyls/iree-ai/llvm-aie-port/amd/aie/llvm/lib/Target/AIE -I/home/jtuyls/iree-ai/llvm-aie-port/build/lib/Target/AIE -I/home/jtuyls/iree-ai/llvm-aie-port/build/include -I/home/jtuyls/iree-ai/llvm-aie-port/llvm/include -I/home/jtuyls/iree-ai/llvm-aie-port/amd/aie/llvm/include -fPIC -fno-semantic-interposition -fvisibility-inlines-hidden -Werror=date-time -Wall -Wextra -Wno-unused-parameter -Wwrite-strings -Wcast-qual -Wno-missing-field-initializers -pedantic -Wno-long-long -Wimplicit-fallthrough -Wno-uninitialized -Wno-nonnull -Wno-class-memaccess -Wno-dangling-reference -Wno-redundant-move -Wno-pessimizing-move -Wno-array-bounds -Wno-stringop-overread -Wno-dangling-pointer -Wno-noexcept-type -Wdelete-non-virtual-dtor -Wsuggest-override -Wno-comment -Wno-misleading-indentation -Wctad-maybe-unsupported -fdiagnostics-color -ffunction-sections -fdata-sections -O3 -DNDEBUG -std=c++17 -fvisibility=hidden -UNDEBUG -fno-exceptions -funwind-tables -fno-rtti -MD -MT lib/Target/AIE/Utils/CMakeFiles/LLVMAIEUtils.dir/AIELoopUtils.cpp.o -MF lib/Target/AIE/Utils/CMakeFiles/LLVMAIEUtils.dir/AIELoopUtils.cpp.o.d -o lib/Target/AIE/Utils/CMakeFiles/LLVMAIEUtils.dir/AIELoopUtils.cpp.o -c /home/jtuyls/iree-ai/llvm-aie-port/amd/aie/llvm/lib/Target/AIE/Utils/AIELoopUtils.cpp
/home/jtuyls/iree-ai/llvm-aie-port/amd/aie/llvm/lib/Target/AIE/Utils/AIELoopUtils.cpp: In function ‘std::optional<long int> llvm::AIELoopUtils::getMinTripCount(const llvm::MachineBasicBlock&)’:
/home/jtuyls/iree-ai/llvm-aie-port/amd/aie/llvm/lib/Target/AIE/Utils/AIELoopUtils.cpp:45:66: error: invalid initialization of reference of type ‘const llvm::MachineBasicBlock&’ from expression of type ‘const llvm::MDNode*’
   45 |   std::optional<int64_t> MinTripCount = getMinTripCount(getLoopID(LoopBlock));
      |                                                         ~~~~~~~~~^~~~~~~~~~~
/home/jtuyls/iree-ai/llvm-aie-port/amd/aie/llvm/lib/Target/AIE/Utils/AIELoopUtils.cpp:44:65: note: in passing argument 1 of ‘std::optional<long int> llvm::AIELoopUtils::getMinTripCount(const llvm::MachineBasicBlock&)’
   44 | std::optional<int64_t> getMinTripCount(const MachineBasicBlock &LoopBlock) {
      |                                        ~~~~~~~~~~~~~~~~~~~~~~~~~^~~~~~~~~
[297/305] Building CXX object lib/Target/AIE/CMakeFiles/LLVMAIECodeGen.dir/aie2ps/AIE2PSPreLegalizerCombiner.cpp.o
ninja: build stopped: cannot make progress due to previous errors.
DONE_RC=1
