ninja: Entering directory `build'
[1/77] Generating VCSRevision.h
[2/77] Building CXX object lib/Object/CMakeFiles/LLVMObject.dir/IRSymtab.cpp.o
[3/77] Linking CXX static library lib/libLLVMObject.a
[4/77] Building CXX object lib/Target/AIE/CMakeFiles/LLVMAIECodeGen.dir/ReservedRegsLICM.cpp.o
FAILED: lib/Target/AIE/CMakeFiles/LLVMAIECodeGen.dir/ReservedRegsLICM.cpp.o 
CCACHE_CPP2=yes CCACHE_HASHDIR=yes CCACHE_SLOPPINESS=pch_defines,time_macros /usr/bin/ccache /usr/bin/g++ -D_DEBUG -D_GLIBCXX_ASSERTIONS -D_GLIBCXX_USE_CXX11_ABI=1 -D_GNU_SOURCE -D_LIBCPP_HARDENING_MODE=_LIBCPP_HARDENING_MODE_EXTENSIVE -D__STDC_CONSTANT_MACROS -D__STDC_FORMAT_MACROS -D__STDC_LIMIT_MACROS -I/home/jtuyls/iree-ai/llvm-aie-port/build/lib/Target/AIE -I/home/jtuyls/iree-ai/llvm-aie-port/amd/aie/llvm/lib/Target/AIE -I/home/jtuyls/iree-ai/llvm-aie-port/build/include -I/home/jtuyls/iree-ai/llvm-aie-port/llvm/include -I/home/jtuyls/iree-ai/llvm-aie-port/amd/aie/llvm/include -fPIC -fno-semantic-interposition -fvisibility-inlines-hidden -Werror=date-time -Wall -Wextra -Wno-unused-parameter -Wwrite-strings -Wcast-qual -Wno-missing-field-initializers -pedantic -Wno-long-long -Wimplicit-fallthrough -Wno-uninitialized -Wno-nonnull -Wno-class-memaccess -Wno-dangling-reference -Wno-redundant-move -Wno-pessimizing-move -Wno-array-bounds -Wno-stringop-overread -Wno-dangling-pointer -Wno-noexcept-type -Wdelete-non-virtual-dtor -Wsuggest-override -Wno-comment -Wno-misleading-indentation -Wctad-maybe-unsupported -fdiagnostics-color -ffunction-sections -fdata-sections -O3 -DNDEBUG -std=c++17 -fvisibility=hidden -UNDEBUG -fno-exceptions -funwind-tables -fno-rtti -MD -MT lib/Target/AIE/CMakeFiles/LLVMAIECodeGen.dir/ReservedRegsLICM.cpp.o -MF lib/Target/AIE/CMakeFiles/LLVMAIECodeGen.dir/ReservedRegsLICM.cpp.o.d -o lib/Target/AIE/CMakeFiles/LLVMAIECodeGen.dir/ReservedRegsLICM.cpp.o -c /home/jtuyls/iree-ai/llvm-aie-port/amd/aie/llvm/lib/Target/AIE/ReservedRegsLICM.cpp
/home/jtuyls/iree-ai/llvm-aie-port/amd/aie/llvm/lib/Target/AIE/ReservedRegsLICM.cpp: In member function ‘llvm::BitVector {anonymous}::ReservedRegsLICM::collectLoopReservedLiveins(const llvm::MachineLoop&)’:
/home/jtuyls/iree-ai/llvm-aie-port/amd/aie/llvm/lib/Target/AIE/ReservedRegsLICM.cpp:216:14: error: ‘class llvm::MachineRegisterInfo’ has no member named ‘canSimplifyPhysReg’
  216 |     if (MRI->canSimplifyPhysReg(PhysReg)) {
      |              ^~~~~~~~~~~~~~~~~~
[5/77] Building CXX object lib/Target/AIE/CMakeFiles/LLVMAIECodeGen.dir/AIESubRegConstrainer.cpp.o
FAILED: lib/Target/AIE/CMakeFiles/LLVMAIECodeGen.dir/AIESubRegConstrainer.cpp.o 
CCACHE_CPP2=yes CCACHE_HASHDIR=yes CCACHE_SLOPPINESS=pch_defines,time_macros /usr/bin/ccache /usr/bin/g++ -D_DEBUG -D_GLIBCXX_ASSERTIONS -D_GLIBCXX_USE_CXX11_ABI=1 -D_GNU_SOURCE -D_LIBCPP_HARDENING_MODE=_LIBCPP_HARDENING_MODE_EXTENSIVE -D__STDC_CONSTANT_MACROS -D__STDC_FORMAT_MACROS -D__STDC_LIMIT_MACROS -I/home/jtuyls/iree-ai/llvm-aie-port/build/lib/Target/AIE -I/home/jtuyls/iree-ai/llvm-aie-port/amd/aie/llvm/lib/Target/AIE -I/home/jtuyls/iree-ai/llvm-aie-port/build/include -I/home/jtuyls/iree-ai/llvm-aie-port/llvm/include -I/home/jtuyls/iree-ai/llvm-aie-port/amd/aie/llvm/include -fPIC -fno-semantic-interposition -fvisibility-inlines-hidden -Werror=date-time -Wall -Wextra -Wno-unused-parameter -Wwrite-strings -Wcast-qual -Wno-missing-field-initializers -pedantic -Wno-long-long -Wimplicit-fallthrough -Wno-uninitialized -Wno-nonnull -Wno-class-memaccess -Wno-dangling-reference -Wno-redundant-move -Wno-pessimizing-move -Wno-array-bounds -Wno-stringop-overread -Wno-dangling-pointer -Wno-noexcept-type -Wdelete-non-virtual-dtor -Wsuggest-override -Wno-comment -Wno-misleading-indentation -Wctad-maybe-unsupported -fdiagnostics-color -ffunction-sections -fdata-sections -O3 -DNDEBUG -std=c++17 -fvisibility=hidden -UNDEBUG -fno-exceptions -funwind-tables -fno-rtti -MD -MT lib/Target/AIE/CMakeFiles/LLVMAIECodeGen.dir/AIESubRegConstrainer.cpp.o -MF lib/Target/AIE/CMakeFiles/LLVMAIECodeGen.dir/AIESubRegConstrainer.cpp.o.d -o lib/Target/AIE/CMakeFiles/LLVMAIECodeGen.dir/AIESubRegConstrainer.cpp.o -c /home/jtuyls/iree-ai/llvm-aie-port/amd/aie/llvm/lib/Target/AIE/AIESubRegConstrainer.cpp
/home/jtuyls/iree-ai/llvm-aie-port/amd/aie/llvm/lib/Target/AIE/AIESubRegConstrainer.cpp: In member function ‘void {anonymous}::AIESubRegConstrainer::processTiedOperands(const llvm::TiedRegOperands&, llvm::MachineInstr&)’:
/home/jtuyls/iree-ai/llvm-aie-port/amd/aie/llvm/lib/Target/AIE/AIESubRegConstrainer.cpp:163:55: error: operands to ‘?:’ have different types ‘llvm::RegState’ and ‘int’
  163 |                  MI.getOperand(SrcOp.OpIdx).isUndef() ? RegState::Undef : 0,
      |                  ~~~~~~~~~~~~~~~~~~~~~~~~~~~~~~~~~~~~~^~~~~~~~~~~~~~~~~~~~~
[6/77] Building CXX object lib/Target/AIE/CMakeFiles/LLVMAIECodeGen.dir/AIEOuterLoopPipeliner.cpp.o
FAILED: lib/Target/AIE/CMakeFiles/LLVMAIECodeGen.dir/AIEOuterLoopPipeliner.cpp.o 
CCACHE_CPP2=yes CCACHE_HASHDIR=yes CCACHE_SLOPPINESS=pch_defines,time_macros /usr/bin/ccache /usr/bin/g++ -D_DEBUG -D_GLIBCXX_ASSERTIONS -D_GLIBCXX_USE_CXX11_ABI=1 -D_GNU_SOURCE -D_LIBCPP_HARDENING_MODE=_LIBCPP_HARDENING_MODE_EXTENSIVE -D__STDC_CONSTANT_MACROS -D__STDC_FORMAT_MACROS -D__STDC_LIMIT_MACROS -I/home/jtuyls/iree-ai/llvm-aie-port/build/lib/Target/AIE -I/home/jtuyls/iree-ai/llvm-aie-port/amd/aie/llvm/lib/Target/AIE -I/home/jtuyls/iree-ai/llvm-aie-port/build/include -I/home/jtuyls/iree-ai/llvm-aie-port/llvm/include -I/home/jtuyls/iree-ai/llvm-aie-port/amd/aie/llvm/include -fPIC -fno-semantic-interposition -fvisibility-inlines-hidden -Werror=date-time -Wall -Wextra -Wno-unused-parameter -Wwrite-strings -Wcast-qual -Wno-missing-field-initializers -pedantic -Wno-long-long -Wimplicit-fallthrough -Wno-uninitialized -Wno-nonnull -Wno-class-memaccess -Wno-dangling-reference -Wno-redundant-move -Wno-pessimizing-move -Wno-array-bounds -Wno-stringop-overread -Wno-dangling-pointer -Wno-noexcept-type -Wdelete-non-virtual-dtor -Wsuggest-override -Wno-comment -Wno-misleading-indentation -Wctad-maybe-unsupported -fdiagnostics-color -ffunction-sections -fdata-sections -O3 -DNDEBUG -std=c++17 -fvisibility=hidden -UNDEBUG -fno-exceptions -funwind-tables -fno-rtti -MD -MT lib/Target/AIE/CMakeFiles/LLVMAIECodeGen.dir/AIEOuterLoopPipeliner.cpp.o -MF lib/Target/AIE/CMakeFiles/LLVMAIECodeGen.dir/AIEOuterLoopPipeliner.cpp.o.d -o lib/Target/AIE/CMakeFiles/LLVMAIECodeGen.dir/AIEOuterLoopPipeliner.cpp.o -c /home/jtuyls/iree-ai/llvm-aie-port/amd/aie/llvm/lib/Target/AIE/AIEOuterLoopPipeliner.cpp
/home/jtuyls/iree-ai/llvm-aie-port/amd/aie/llvm/lib/Target/AIE/AIEOuterLoopPipeliner.cpp:211:32: warning: ‘BranchInst’ is deprecated: Use UncondBrInst/CondBrInst/Instruction instead [-Wdeprecated-declarations]
  211 |   BranchInst *getLatchBranch() const {
      |                                ^~~~~
In file included from /home/jtuyls/iree-ai/llvm-aie-port/llvm/include/llvm/Analysis/LoopInfo.h:17,
                 from /home/jtuyls/iree-ai/llvm-aie-port/amd/aie/llvm/lib/Target/AIE/Utils/AIELoopUtils.h:17,
                 from /home/jtuyls/iree-ai/llvm-aie-port/amd/aie/llvm/lib/Target/AIE/AIEOuterLoopPipeliner.cpp:39:
/home/jtuyls/iree-ai/llvm-aie-port/llvm/include/llvm/IR/Instructions.h:3084:5: note: declared here
 3084 |     BranchInst : public Instruction {
      |     ^~~~~~~~~~
/home/jtuyls/iree-ai/llvm-aie-port/amd/aie/llvm/lib/Target/AIE/AIEOuterLoopPipeliner.cpp: In member function ‘llvm::BranchInst* {anonymous}::LoopStructure::getLatchBranch() const’:
/home/jtuyls/iree-ai/llvm-aie-port/amd/aie/llvm/lib/Target/AIE/AIEOuterLoopPipeliner.cpp:212:17: warning: ‘BranchInst’ is deprecated: Use UncondBrInst/CondBrInst/Instruction instead [-Wdeprecated-declarations]
  212 |     return cast<BranchInst>(OuterLatch->getTerminator());
      |                 ^~~~~~~~~~
/home/jtuyls/iree-ai/llvm-aie-port/llvm/include/llvm/IR/Instructions.h:3084:5: note: declared here
 3084 |     BranchInst : public Instruction {
      |     ^~~~~~~~~~
/home/jtuyls/iree-ai/llvm-aie-port/amd/aie/llvm/lib/Target/AIE/AIEOuterLoopPipeliner.cpp: In member function ‘bool {anonymous}::AIEOuterLoopPipeliner::isInnerLoopHardwareLoop(const {anonymous}::LoopStructure&) const’:
/home/jtuyls/iree-ai/llvm-aie-port/amd/aie/llvm/lib/Target/AIE/AIEOuterLoopPipeliner.cpp:499:23: warning: ‘BranchInst’ is deprecated: Use UncondBrInst/CondBrInst/Instruction instead [-Wdeprecated-declarations]
  499 |   auto *BI = dyn_cast<BranchInst>(LS.InnerLatch->getTerminator());
      |                       ^~~~~~~~~~
/home/jtuyls/iree-ai/llvm-aie-port/llvm/include/llvm/IR/Instructions.h:3084:5: note: declared here
 3084 |     BranchInst : public Instruction {
      |     ^~~~~~~~~~
/home/jtuyls/iree-ai/llvm-aie-port/amd/aie/llvm/lib/Target/AIE/AIEOuterLoopPipeliner.cpp:500:32: warning: ‘bool llvm::BranchInst::isConditional() const’ is deprecated: Use isa<CondBrInst> instead [-Wdeprecated-declarations]
  500 |   if (!BI || !BI->isConditional())
      |               ~~~~~~~~~~~~~~~~~^~
/home/jtuyls/iree-ai/llvm-aie-port/llvm/include/llvm/IR/Instructions.h:3313:13: note: declared here
 3313 | inline bool BranchInst::isConditional() const { return isa<CondBrInst>(this); }
      |             ^~~~~~~~~~
/home/jtuyls/iree-ai/llvm-aie-port/amd/aie/llvm/lib/Target/AIE/AIEOuterLoopPipeliner.cpp:502:51: warning: ‘llvm::Value* llvm::BranchInst::getCondition() const’ is deprecated: Cast to CondBrInst [-Wdeprecated-declarations]
  502 |   auto *Call = dyn_cast<CallInst>(BI->getCondition());
      |                                   ~~~~~~~~~~~~~~~~^~
/home/jtuyls/iree-ai/llvm-aie-port/llvm/include/llvm/IR/Instructions.h:3318:15: note: declared here
 3318 | inline Value *BranchInst::getCondition() const {
      |               ^~~~~~~~~~
/home/jtuyls/iree-ai/llvm-aie-port/amd/aie/llvm/lib/Target/AIE/AIEOuterLoopPipeliner.cpp: In member function ‘llvm::BasicBlock* {anonymous}::AIEOuterLoopPipeliner::clonePrologueAsWarmUp(const {anonymous}::LoopStructure&, const llvm::SmallVectorImpl<llvm::Instruction*>&, llvm::ValueToValueMapTy&)’:
/home/jtuyls/iree-ai/llvm-aie-port/amd/aie/llvm/lib/Target/AIE/AIEOuterLoopPipeliner.cpp:664:15: warning: ‘BranchInst’ is deprecated: Use UncondBrInst/CondBrInst/Instruction instead [-Wdeprecated-declarations]
  664 |   BranchInst::Create(LS.OuterHeader, WarmUp);
      |               ^~~~~~
/home/jtuyls/iree-ai/llvm-aie-port/llvm/include/llvm/IR/Instructions.h:3084:5: note: declared here
 3084 |     BranchInst : public Instruction {
      |     ^~~~~~~~~~
/home/jtuyls/iree-ai/llvm-aie-port/amd/aie/llvm/lib/Target/AIE/AIEOuterLoopPipeliner.cpp:664:21: warning: ‘static llvm::BranchInst* llvm::BranchInst::Create(llvm::BasicBlock*, llvm::InsertPosition)’ is deprecated: Use UncondBrInst::Create instead [-Wdeprecated-declarations]
  664 |   BranchInst::Create(LS.OuterHeader, WarmUp);
      |   ~~~~~~~~~~~~~~~~~~^~~~~~~~~~~~~~~~~~~~~~~~
/home/jtuyls/iree-ai/llvm-aie-port/llvm/include/llvm/IR/Instructions.h:3302:20: note: declared here
 3302 | inline BranchInst *BranchInst::Create(BasicBlock *IfTrue,
      |                    ^~~~~~~~~~
/home/jtuyls/iree-ai/llvm-aie-port/amd/aie/llvm/lib/Target/AIE/AIEOuterLoopPipeliner.cpp: In member function ‘void {anonymous}::AIEOuterLoopPipeliner::peelLastIterationEpilogue(const {anonymous}::LoopStructure&, const llvm::SmallPtrSetImpl<llvm::Instruction*>&, const llvm::SmallVectorImpl<llvm::Instruction*>&)’:
/home/jtuyls/iree-ai/llvm-aie-port/amd/aie/llvm/lib/Target/AIE/AIEOuterLoopPipeliner.cpp:782:15: warning: ‘BranchInst’ is deprecated: Use UncondBrInst/CondBrInst/Instruction instead [-Wdeprecated-declarations]
  782 |   BranchInst *LatchBr = LS.getLatchBranch();
      |               ^~~~~~~
/home/jtuyls/iree-ai/llvm-aie-port/llvm/include/llvm/IR/Instructions.h:3084:5: note: declared here
 3084 |     BranchInst : public Instruction {
      |     ^~~~~~~~~~
In file included from /usr/include/c++/13/cassert:44,
                 from /home/jtuyls/iree-ai/llvm-aie-port/llvm/include/llvm/Analysis/InlineCost.h:21,
                 from /home/jtuyls/iree-ai/llvm-aie-port/llvm/include/llvm/Transforms/Utils/Cloning.h:25,
                 from /home/jtuyls/iree-ai/llvm-aie-port/amd/aie/llvm/lib/Target/AIE/AIEOuterLoopPipeliner.cpp:58:
/home/jtuyls/iree-ai/llvm-aie-port/amd/aie/llvm/lib/Target/AIE/AIEOuterLoopPipeliner.cpp:783:32: warning: ‘bool llvm::BranchInst::isConditional() const’ is deprecated: Use isa<CondBrInst> instead [-Wdeprecated-declarations]
  783 |   assert(LatchBr->isConditional() && "Outer latch must be conditional");
      |          ~~~~~~~~~~~~~~~~~~~~~~^~
/home/jtuyls/iree-ai/llvm-aie-port/llvm/include/llvm/IR/Instructions.h:3313:13: note: declared here
 3313 | inline bool BranchInst::isConditional() const { return isa<CondBrInst>(this); }
      |             ^~~~~~~~~~
/home/jtuyls/iree-ai/llvm-aie-port/amd/aie/llvm/lib/Target/AIE/AIEOuterLoopPipeliner.cpp:899:15: warning: ‘BranchInst’ is deprecated: Use UncondBrInst/CondBrInst/Instruction instead [-Wdeprecated-declarations]
  899 |   BranchInst::Create(ClonedInnerHeader, CoolEntry);
      |               ^~~~~~
/home/jtuyls/iree-ai/llvm-aie-port/llvm/include/llvm/IR/Instructions.h:3084:5: note: declared here
 3084 |     BranchInst : public Instruction {
      |     ^~~~~~~~~~
/home/jtuyls/iree-ai/llvm-aie-port/amd/aie/llvm/lib/Target/AIE/AIEOuterLoopPipeliner.cpp:899:21: warning: ‘static llvm::BranchInst* llvm::BranchInst::Create(llvm::BasicBlock*, llvm::InsertPosition)’ is deprecated: Use UncondBrInst::Create instead [-Wdeprecated-declarations]
  899 |   BranchInst::Create(ClonedInnerHeader, CoolEntry);
      |   ~~~~~~~~~~~~~~~~~~^~~~~~~~~~~~~~~~~~~~~~~~~~~~~~
/home/jtuyls/iree-ai/llvm-aie-port/llvm/include/llvm/IR/Instructions.h:3302:20: note: declared here
 3302 | inline BranchInst *BranchInst::Create(BasicBlock *IfTrue,
      |                    ^~~~~~~~~~
/home/jtuyls/iree-ai/llvm-aie-port/amd/aie/llvm/lib/Target/AIE/AIEOuterLoopPipeliner.cpp:925:15: warning: ‘BranchInst’ is deprecated: Use UncondBrInst/CondBrInst/Instruction instead [-Wdeprecated-declarations]
  925 |   BranchInst::Create(OrigExit, CoolExit);
      |               ^~~~~~
/home/jtuyls/iree-ai/llvm-aie-port/llvm/include/llvm/IR/Instructions.h:3084:5: note: declared here
 3084 |     BranchInst : public Instruction {
      |     ^~~~~~~~~~
/home/jtuyls/iree-ai/llvm-aie-port/amd/aie/llvm/lib/Target/AIE/AIEOuterLoopPipeliner.cpp:925:21: warning: ‘static llvm::BranchInst* llvm::BranchInst::Create(llvm::BasicBlock*, llvm::InsertPosition)’ is deprecated: Use UncondBrInst::Create instead [-Wdeprecated-declarations]
  925 |   BranchInst::Create(OrigExit, CoolExit);
      |   ~~~~~~~~~~~~~~~~~~^~~~~~~~~~~~~~~~~~~~
/home/jtuyls/iree-ai/llvm-aie-port/llvm/include/llvm/IR/Instructions.h:3302:20: note: declared here
 3302 | inline BranchInst *BranchInst::Create(BasicBlock *IfTrue,
      |                    ^~~~~~~~~~
/home/jtuyls/iree-ai/llvm-aie-port/amd/aie/llvm/lib/Target/AIE/AIEOuterLoopPipeliner.cpp: In member function ‘std::optional<{anonymous}::LatchBoundInfo> {anonymous}::AIEOuterLoopPipeliner::canAdjustLoopBound(const {anonymous}::LoopStructure&) const’:
/home/jtuyls/iree-ai/llvm-aie-port/amd/aie/llvm/lib/Target/AIE/AIEOuterLoopPipeliner.cpp:953:23: warning: ‘BranchInst’ is deprecated: Use UncondBrInst/CondBrInst/Instruction instead [-Wdeprecated-declarations]
  953 |   auto *BI = dyn_cast<BranchInst>(LS.OuterLatch->getTerminator());
      |                       ^~~~~~~~~~
/home/jtuyls/iree-ai/llvm-aie-port/llvm/include/llvm/IR/Instructions.h:3084:5: note: declared here
 3084 |     BranchInst : public Instruction {
      |     ^~~~~~~~~~
/home/jtuyls/iree-ai/llvm-aie-port/amd/aie/llvm/lib/Target/AIE/AIEOuterLoopPipeliner.cpp:954:32: warning: ‘bool llvm::BranchInst::isConditional() const’ is deprecated: Use isa<CondBrInst> instead [-Wdeprecated-declarations]
  954 |   if (!BI || !BI->isConditional())
      |               ~~~~~~~~~~~~~~~~~^~
/home/jtuyls/iree-ai/llvm-aie-port/llvm/include/llvm/IR/Instructions.h:3313:13: note: declared here
 3313 | inline bool BranchInst::isConditional() const { return isa<CondBrInst>(this); }
      |             ^~~~~~~~~~
/home/jtuyls/iree-ai/llvm-aie-port/amd/aie/llvm/lib/Target/AIE/AIEOuterLoopPipeliner.cpp:956:50: warning: ‘llvm::Value* llvm::BranchInst::getCondition() const’ is deprecated: Cast to CondBrInst [-Wdeprecated-declarations]
  956 |   auto *Cmp = dyn_cast<ICmpInst>(BI->getCondition());
      |                                  ~~~~~~~~~~~~~~~~^~
/home/jtuyls/iree-ai/llvm-aie-port/llvm/include/llvm/IR/Instructions.h:3318:15: note: declared here
 3318 | inline Value *BranchInst::getCondition() const {
      |               ^~~~~~~~~~
/home/jtuyls/iree-ai/llvm-aie-port/amd/aie/llvm/lib/Target/AIE/AIEOuterLoopPipeliner.cpp: In member function ‘void {anonymous}::AIEOuterLoopPipeliner::updateLoopMetadata(const {anonymous}::LoopStructure&)’:
/home/jtuyls/iree-ai/llvm-aie-port/amd/aie/llvm/lib/Target/AIE/AIEOuterLoopPipeliner.cpp:1060:16: error: ‘updateIterCounts’ was not declared in this scope
 1060 |       LoopID ? updateIterCounts(
      |                ^~~~~~~~~~~~~~~~
/home/jtuyls/iree-ai/llvm-aie-port/amd/aie/llvm/lib/Target/AIE/AIEOuterLoopPipeliner.cpp: In member function ‘void {anonymous}::AIEOuterLoopPipeliner::convertOuterLoopToHardwareLoop(const {anonymous}::LoopStructure&, llvm::BasicBlock*, llvm::Value*, const {anonymous}::DowncountingInfo&)’:
/home/jtuyls/iree-ai/llvm-aie-port/amd/aie/llvm/lib/Target/AIE/AIEOuterLoopPipeliner.cpp:1535:15: warning: ‘BranchInst’ is deprecated: Use UncondBrInst/CondBrInst/Instruction instead [-Wdeprecated-declarations]
 1535 |   BranchInst *LatchBr = LS.getLatchBranch();
      |               ^~~~~~~
/home/jtuyls/iree-ai/llvm-aie-port/llvm/include/llvm/IR/Instructions.h:3084:5: note: declared here
 3084 |     BranchInst : public Instruction {
      |     ^~~~~~~~~~
/home/jtuyls/iree-ai/llvm-aie-port/amd/aie/llvm/lib/Target/AIE/AIEOuterLoopPipeliner.cpp:1549:41: warning: ‘llvm::Value* llvm::BranchInst::getCondition() const’ is deprecated: Cast to CondBrInst [-Wdeprecated-declarations]
 1549 |   Value *OldCond = LatchBr->getCondition();
      |                    ~~~~~~~~~~~~~~~~~~~~~^~
/home/jtuyls/iree-ai/llvm-aie-port/llvm/include/llvm/IR/Instructions.h:3318:15: note: declared here
 3318 | inline Value *BranchInst::getCondition() const {
      |               ^~~~~~~~~~
/home/jtuyls/iree-ai/llvm-aie-port/amd/aie/llvm/lib/Target/AIE/AIEOuterLoopPipeliner.cpp:1550:24: warning: ‘void llvm::BranchInst::setCondition(llvm::Value*)’ is deprecated: Cast to CondBrInst [-Wdeprecated-declarations]
 1550 |   LatchBr->setCondition(NewCond);
      |   ~~~~~~~~~~~~~~~~~~~~~^~~~~~~~~
/home/jtuyls/iree-ai/llvm-aie-port/llvm/include/llvm/IR/Instructions.h:3321:13: note: declared here
 3321 | inline void BranchInst::setCondition(Value *V) {
      |             ^~~~~~~~~~
/home/jtuyls/iree-ai/llvm-aie-port/amd/aie/llvm/lib/Target/AIE/AIEOuterLoopPipeliner.cpp:1554:28: warning: ‘void llvm::BranchInst::swapSuccessors()’ is deprecated: Cast to CondBrInst [-Wdeprecated-declarations]
 1554 |     LatchBr->swapSuccessors();
      |     ~~~~~~~~~~~~~~~~~~~~~~~^~
/home/jtuyls/iree-ai/llvm-aie-port/llvm/include/llvm/IR/Instructions.h:3325:13: note: declared here
 3325 | inline void BranchInst::swapSuccessors() {
      |             ^~~~~~~~~~
[7/77] Building CXX object lib/Target/AIE/CMakeFiles/LLVMAIECodeGen.dir/AIEDataDependenceHelper.cpp.o
FAILED: lib/Target/AIE/CMakeFiles/LLVMAIECodeGen.dir/AIEDataDependenceHelper.cpp.o 
CCACHE_CPP2=yes CCACHE_HASHDIR=yes CCACHE_SLOPPINESS=pch_defines,time_macros /usr/bin/ccache /usr/bin/g++ -D_DEBUG -D_GLIBCXX_ASSERTIONS -D_GLIBCXX_USE_CXX11_ABI=1 -D_GNU_SOURCE -D_LIBCPP_HARDENING_MODE=_LIBCPP_HARDENING_MODE_EXTENSIVE -D__STDC_CONSTANT_MACROS -D__STDC_FORMAT_MACROS -D__STDC_LIMIT_MACROS -I/home/jtuyls/iree-ai/llvm-aie-port/build/lib/Target/AIE -I/home/jtuyls/iree-ai/llvm-aie-port/amd/aie/llvm/lib/Target/AIE -I/home/jtuyls/iree-ai/llvm-aie-port/build/include -I/home/jtuyls/iree-ai/llvm-aie-port/llvm/include -I/home/jtuyls/iree-ai/llvm-aie-port/amd/aie/llvm/include -fPIC -fno-semantic-interposition -fvisibility-inlines-hidden -Werror=date-time -Wall -Wextra -Wno-unused-parameter -Wwrite-strings -Wcast-qual -Wno-missing-field-initializers -pedantic -Wno-long-long -Wimplicit-fallthrough -Wno-uninitialized -Wno-nonnull -Wno-class-memaccess -Wno-dangling-reference -Wno-redundant-move -Wno-pessimizing-move -Wno-array-bounds -Wno-stringop-overread -Wno-dangling-pointer -Wno-noexcept-type -Wdelete-non-virtual-dtor -Wsuggest-override -Wno-comment -Wno-misleading-indentation -Wctad-maybe-unsupported -fdiagnostics-color -ffunction-sections -fdata-sections -O3 -DNDEBUG -std=c++17 -fvisibility=hidden -UNDEBUG -fno-exceptions -funwind-tables -fno-rtti -MD -MT lib/Target/AIE/CMakeFiles/LLVMAIECodeGen.dir/AIEDataDependenceHelper.cpp.o -MF lib/Target/AIE/CMakeFiles/LLVMAIECodeGen.dir/AIEDataDependenceHelper.cpp.o.d -o lib/Target/AIE/CMakeFiles/LLVMAIECodeGen.dir/AIEDataDependenceHelper.cpp.o -c /home/jtuyls/iree-ai/llvm-aie-port/amd/aie/llvm/lib/Target/AIE/AIEDataDependenceHelper.cpp
/home/jtuyls/iree-ai/llvm-aie-port/amd/aie/llvm/lib/Target/AIE/AIEDataDependenceHelper.cpp: In member function ‘void llvm::AIE::DataDependenceHelper::buildEdges()’:
/home/jtuyls/iree-ai/llvm-aie-port/amd/aie/llvm/lib/Target/AIE/AIEDataDependenceHelper.cpp:38:22: error: ‘buildEdges’ is not a member of ‘llvm::ScheduleDAGInstrs’
   38 |   ScheduleDAGInstrs::buildEdges(Context.AA);
      |                      ^~~~~~~~~~
[8/77] Building CXX object lib/Target/AIE/CMakeFiles/LLVMAIECodeGen.dir/AIE2RegisterBankInfo.cpp.o
[9/77] Building CXX object lib/Target/AIE/CMakeFiles/LLVMAIECodeGen.dir/AIEWawRegRewriter.cpp.o
FAILED: lib/Target/AIE/CMakeFiles/LLVMAIECodeGen.dir/AIEWawRegRewriter.cpp.o 
CCACHE_CPP2=yes CCACHE_HASHDIR=yes CCACHE_SLOPPINESS=pch_defines,time_macros /usr/bin/ccache /usr/bin/g++ -D_DEBUG -D_GLIBCXX_ASSERTIONS -D_GLIBCXX_USE_CXX11_ABI=1 -D_GNU_SOURCE -D_LIBCPP_HARDENING_MODE=_LIBCPP_HARDENING_MODE_EXTENSIVE -D__STDC_CONSTANT_MACROS -D__STDC_FORMAT_MACROS -D__STDC_LIMIT_MACROS -I/home/jtuyls/iree-ai/llvm-aie-port/build/lib/Target/AIE -I/home/jtuyls/iree-ai/llvm-aie-port/amd/aie/llvm/lib/Target/AIE -I/home/jtuyls/iree-ai/llvm-aie-port/build/include -I/home/jtuyls/iree-ai/llvm-aie-port/llvm/include -I/home/jtuyls/iree-ai/llvm-aie-port/amd/aie/llvm/include -fPIC -fno-semantic-interposition -fvisibility-inlines-hidden -Werror=date-time -Wall -Wextra -Wno-unused-parameter -Wwrite-strings -Wcast-qual -Wno-missing-field-initializers -pedantic -Wno-long-long -Wimplicit-fallthrough -Wno-uninitialized -Wno-nonnull -Wno-class-memaccess -Wno-dangling-reference -Wno-redundant-move -Wno-pessimizing-move -Wno-array-bounds -Wno-stringop-overread -Wno-dangling-pointer -Wno-noexcept-type -Wdelete-non-virtual-dtor -Wsuggest-override -Wno-comment -Wno-misleading-indentation -Wctad-maybe-unsupported -fdiagnostics-color -ffunction-sections -fdata-sections -O3 -DNDEBUG -std=c++17 -fvisibility=hidden -UNDEBUG -fno-exceptions -funwind-tables -fno-rtti -MD -MT lib/Target/AIE/CMakeFiles/LLVMAIECodeGen.dir/AIEWawRegRewriter.cpp.o -MF lib/Target/AIE/CMakeFiles/LLVMAIECodeGen.dir/AIEWawRegRewriter.cpp.o.d -o lib/Target/AIE/CMakeFiles/LLVMAIECodeGen.dir/AIEWawRegRewriter.cpp.o -c /home/jtuyls/iree-ai/llvm-aie-port/amd/aie/llvm/lib/Target/AIE/AIEWawRegRewriter.cpp
/home/jtuyls/iree-ai/llvm-aie-port/amd/aie/llvm/lib/Target/AIE/AIEWawRegRewriter.cpp: In member function ‘bool {anonymous}::AIEWawRegRewriter::renameMBBPhysRegs(const llvm::MachineBasicBlock*)’:
/home/jtuyls/iree-ai/llvm-aie-port/amd/aie/llvm/lib/Target/AIE/AIEWawRegRewriter.cpp:615:16: error: ‘class llvm::VirtRegMap’ has no member named ‘hasRequiredPhys’; did you mean ‘hasPreferredPhys’?
  615 |       if (VRM->hasRequiredPhys(Reg))
      |                ^~~~~~~~~~~~~~~
      |                hasPreferredPhys
[10/77] Building CXX object lib/Target/AIE/CMakeFiles/LLVMAIECodeGen.dir/AIEBaseAsmPrinter.cpp.o
FAILED: lib/Target/AIE/CMakeFiles/LLVMAIECodeGen.dir/AIEBaseAsmPrinter.cpp.o 
CCACHE_CPP2=yes CCACHE_HASHDIR=yes CCACHE_SLOPPINESS=pch_defines,time_macros /usr/bin/ccache /usr/bin/g++ -D_DEBUG -D_GLIBCXX_ASSERTIONS -D_GLIBCXX_USE_CXX11_ABI=1 -D_GNU_SOURCE -D_LIBCPP_HARDENING_MODE=_LIBCPP_HARDENING_MODE_EXTENSIVE -D__STDC_CONSTANT_MACROS -D__STDC_FORMAT_MACROS -D__STDC_LIMIT_MACROS -I/home/jtuyls/iree-ai/llvm-aie-port/build/lib/Target/AIE -I/home/jtuyls/iree-ai/llvm-aie-port/amd/aie/llvm/lib/Target/AIE -I/home/jtuyls/iree-ai/llvm-aie-port/build/include -I/home/jtuyls/iree-ai/llvm-aie-port/llvm/include -I/home/jtuyls/iree-ai/llvm-aie-port/amd/aie/llvm/include -fPIC -fno-semantic-interposition -fvisibility-inlines-hidden -Werror=date-time -Wall -Wextra -Wno-unused-parameter -Wwrite-strings -Wcast-qual -Wno-missing-field-initializers -pedantic -Wno-long-long -Wimplicit-fallthrough -Wno-uninitialized -Wno-nonnull -Wno-class-memaccess -Wno-dangling-reference -Wno-redundant-move -Wno-pessimizing-move -Wno-array-bounds -Wno-stringop-overread -Wno-dangling-pointer -Wno-noexcept-type -Wdelete-non-virtual-dtor -Wsuggest-override -Wno-comment -Wno-misleading-indentation -Wctad-maybe-unsupported -fdiagnostics-color -ffunction-sections -fdata-sections -O3 -DNDEBUG -std=c++17 -fvisibility=hidden -UNDEBUG -fno-exceptions -funwind-tables -fno-rtti -MD -MT lib/Target/AIE/CMakeFiles/LLVMAIECodeGen.dir/AIEBaseAsmPrinter.cpp.o -MF lib/Target/AIE/CMakeFiles/LLVMAIECodeGen.dir/AIEBaseAsmPrinter.cpp.o.d -o lib/Target/AIE/CMakeFiles/LLVMAIECodeGen.dir/AIEBaseAsmPrinter.cpp.o -c /home/jtuyls/iree-ai/llvm-aie-port/amd/aie/llvm/lib/Target/AIE/AIEBaseAsmPrinter.cpp
/home/jtuyls/iree-ai/llvm-aie-port/amd/aie/llvm/lib/Target/AIE/AIEBaseAsmPrinter.cpp: In member function ‘virtual void llvm::AIEBaseAsmPrinter::emitXXStructorList(const llvm::DataLayout&, const llvm::Constant*, bool)’:
/home/jtuyls/iree-ai/llvm-aie-port/amd/aie/llvm/lib/Target/AIE/AIEBaseAsmPrinter.cpp:294:11: error: ‘class llvm::MCSymbolELF’ has no member named ‘setUndefined’; did you mean ‘isUndefined’?
  294 |   Symbol->setUndefined();
      |           ^~~~~~~~~~~~
      |           isUndefined
/home/jtuyls/iree-ai/llvm-aie-port/amd/aie/llvm/lib/Target/AIE/AIEBaseAsmPrinter.cpp:297:11: error: ‘class llvm::MCSymbolELF’ has no member named ‘setExternal’; did you mean ‘unsigned char:1 llvm::MCSymbol::IsExternal’? (not accessible from this context)
  297 |   Symbol->setExternal(false);
      |           ^~~~~~~~~~~
In file included from /home/jtuyls/iree-ai/llvm-aie-port/llvm/include/llvm/CodeGen/MachineInstr.h:32,
                 from /home/jtuyls/iree-ai/llvm-aie-port/llvm/include/llvm/CodeGen/MachineBasicBlock.h:22,
                 from /home/jtuyls/iree-ai/llvm-aie-port/llvm/include/llvm/CodeGen/MachineFunction.h:26,
                 from /home/jtuyls/iree-ai/llvm-aie-port/llvm/include/llvm/CodeGen/MachineFunctionPass.h:21,
                 from /home/jtuyls/iree-ai/llvm-aie-port/llvm/include/llvm/CodeGen/AsmPrinter.h:26,
                 from /home/jtuyls/iree-ai/llvm-aie-port/amd/aie/llvm/lib/Target/AIE/AIEBaseAsmPrinter.h:19,
                 from /home/jtuyls/iree-ai/llvm-aie-port/amd/aie/llvm/lib/Target/AIE/AIEBaseAsmPrinter.cpp:16:
/home/jtuyls/iree-ai/llvm-aie-port/llvm/include/llvm/MC/MCSymbol.h:87:20: note: declared protected here
   87 |   mutable unsigned IsExternal : 1;
      |                    ^~~~~~~~~~
[11/77] Building CXX object lib/Target/AIE/CMakeFiles/LLVMAIECodeGen.dir/AIEISelDAGToDAG.cpp.o
In file included from /home/jtuyls/iree-ai/llvm-aie-port/amd/aie/llvm/lib/Target/AIE/aie1/AIE1FrameLowering.h:18,
                 from /home/jtuyls/iree-ai/llvm-aie-port/amd/aie/llvm/lib/Target/AIE/aie1/AIE1Subtarget.h:19,
                 from /home/jtuyls/iree-ai/llvm-aie-port/amd/aie/llvm/lib/Target/AIE/aie1/AIE1TargetMachine.h:20,
                 from /home/jtuyls/iree-ai/llvm-aie-port/amd/aie/llvm/lib/Target/AIE/AIEISelDAGToDAG.h:18,
                 from /home/jtuyls/iree-ai/llvm-aie-port/amd/aie/llvm/lib/Target/AIE/AIEISelDAGToDAG.cpp:15:
/home/jtuyls/iree-ai/llvm-aie-port/amd/aie/llvm/lib/Target/AIE/AIEBaseFrameLowering.h:90:16: warning: ‘virtual void llvm::AIEBaseFrameLowering::adjustReg(llvm::MachineBasicBlock&, llvm::MachineBasicBlock::iterator, const llvm::DebugLoc&, unsigned int, int64_t, llvm::MachineInstr::MIFlag) const’ was hidden [-Woverloaded-virtual=]
   90 |   virtual void adjustReg(MachineBasicBlock &MBB,
      |                ^~~~~~~~~
/home/jtuyls/iree-ai/llvm-aie-port/amd/aie/llvm/lib/Target/AIE/aie1/AIE1FrameLowering.h:29:15: note:   by ‘static void llvm::AIEFrameLowering::adjustReg(const llvm::TargetInstrInfo*, llvm::MachineBasicBlock&, llvm::MachineBasicBlock::iterator, const llvm::DebugLoc&, unsigned int, int64_t, llvm::MachineInstr::MIFlag)’
   29 |   static void adjustReg(const TargetInstrInfo *TII, MachineBasicBlock &MBB,
      |               ^~~~~~~~~
[12/77] Building CXX object lib/Target/AIE/CMakeFiles/LLVMAIECodeGen.dir/AIEBasePipelinerLoopInfo.cpp.o
FAILED: lib/Target/AIE/CMakeFiles/LLVMAIECodeGen.dir/AIEBasePipelinerLoopInfo.cpp.o 
CCACHE_CPP2=yes CCACHE_HASHDIR=yes CCACHE_SLOPPINESS=pch_defines,time_macros /usr/bin/ccache /usr/bin/g++ -D_DEBUG -D_GLIBCXX_ASSERTIONS -D_GLIBCXX_USE_CXX11_ABI=1 -D_GNU_SOURCE -D_LIBCPP_HARDENING_MODE=_LIBCPP_HARDENING_MODE_EXTENSIVE -D__STDC_CONSTANT_MACROS -D__STDC_FORMAT_MACROS -D__STDC_LIMIT_MACROS -I/home/jtuyls/iree-ai/llvm-aie-port/build/lib/Target/AIE -I/home/jtuyls/iree-ai/llvm-aie-port/amd/aie/llvm/lib/Target/AIE -I/home/jtuyls/iree-ai/llvm-aie-port/build/include -I/home/jtuyls/iree-ai/llvm-aie-port/llvm/include -I/home/jtuyls/iree-ai/llvm-aie-port/amd/aie/llvm/include -fPIC -fno-semantic-interposition -fvisibility-inlines-hidden -Werror=date-time -Wall -Wextra -Wno-unused-parameter -Wwrite-strings -Wcast-qual -Wno-missing-field-initializers -pedantic -Wno-long-long -Wimplicit-fallthrough -Wno-uninitialized -Wno-nonnull -Wno-class-memaccess -Wno-dangling-reference -Wno-redundant-move -Wno-pessimizing-move -Wno-array-bounds -Wno-stringop-overread -Wno-dangling-pointer -Wno-noexcept-type -Wdelete-non-virtual-dtor -Wsuggest-override -Wno-comment -Wno-misleading-indentation -Wctad-maybe-unsupported -fdiagnostics-color -ffunction-sections -fdata-sections -O3 -DNDEBUG -std=c++17 -fvisibility=hidden -UNDEBUG -fno-exceptions -funwind-tables -fno-rtti -MD -MT lib/Target/AIE/CMakeFiles/LLVMAIECodeGen.dir/AIEBasePipelinerLoopInfo.cpp.o -MF lib/Target/AIE/CMakeFiles/LLVMAIECodeGen.dir/AIEBasePipelinerLoopInfo.cpp.o.d -o lib/Target/AIE/CMakeFiles/LLVMAIECodeGen.dir/AIEBasePipelinerLoopInfo.cpp.o -c /home/jtuyls/iree-ai/llvm-aie-port/amd/aie/llvm/lib/Target/AIE/AIEBasePipelinerLoopInfo.cpp
In file included from /home/jtuyls/iree-ai/llvm-aie-port/amd/aie/llvm/lib/Target/AIE/AIEBasePipelinerLoopInfo.cpp:15:
/home/jtuyls/iree-ai/llvm-aie-port/amd/aie/llvm/lib/Target/AIE/AIEBasePipelinerLoopInfo.h:84:3: error: ‘llvm::SmallVector<llvm::ArrayRef<llvm::SUnit*>, 4> llvm::AIEBasePipelinerLoopInfo::getNodeOrders(llvm::ArrayRef<llvm::SUnit*>, const llvm::ScheduleDAGTopologicalSort&)’ marked ‘override’, but does not override
   84 |   getNodeOrders(ArrayRef<SUnit *> DefaultSMSOrder,
      |   ^~~~~~~~~~~~~
/home/jtuyls/iree-ai/llvm-aie-port/amd/aie/llvm/lib/Target/AIE/AIEBasePipelinerLoopInfo.h:109:8: error: ‘bool llvm::AIEBasePipelinerLoopInfo::canAcceptII(llvm::SMSchedule&)’ marked ‘override’, but does not override
  109 |   bool canAcceptII(SMSchedule &SMS) override;
      |        ^~~~~~~~~~~
/home/jtuyls/iree-ai/llvm-aie-port/amd/aie/llvm/lib/Target/AIE/AIEBasePipelinerLoopInfo.cpp:337:8: error: ‘void llvm::{anonymous}::DownCountLoop::startExpand()’ marked ‘override’, but does not override
  337 |   void startExpand() override;
      |        ^~~~~~~~~~~
/home/jtuyls/iree-ai/llvm-aie-port/amd/aie/llvm/lib/Target/AIE/AIEBasePipelinerLoopInfo.cpp:670:8: error: ‘bool llvm::{anonymous}::ZeroOverheadLoop::canAcceptII(llvm::SMSchedule&)’ marked ‘override’, but does not override
  670 |   bool canAcceptII(SMSchedule &SMS) override;
      |        ^~~~~~~~~~~
/home/jtuyls/iree-ai/llvm-aie-port/amd/aie/llvm/lib/Target/AIE/AIEBasePipelinerLoopInfo.cpp:810:6: warning: ‘bool llvm::{anonymous}::ZeroOverheadLoop::canAcceptII(llvm::SMSchedule&)’ defined but not used [-Wunused-function]
  810 | bool ZeroOverheadLoop::canAcceptII(SMSchedule &SMS) {
      |      ^~~~~~~~~~~~~~~~
/home/jtuyls/iree-ai/llvm-aie-port/amd/aie/llvm/lib/Target/AIE/AIEBasePipelinerLoopInfo.cpp:604:6: warning: ‘void llvm::{anonymous}::DownCountLoop::startExpand()’ defined but not used [-Wunused-function]
  604 | void DownCountLoop::startExpand() {
      |      ^~~~~~~~~~~~~
[13/77] Building CXX object lib/Target/AIE/CMakeFiles/LLVMAIECodeGen.dir/AIETargetObjectFile.cpp.o
In file included from /home/jtuyls/iree-ai/llvm-aie-port/amd/aie/llvm/lib/Target/AIE/aie1/AIE1FrameLowering.h:18,
                 from /home/jtuyls/iree-ai/llvm-aie-port/amd/aie/llvm/lib/Target/AIE/aie1/AIE1Subtarget.h:19,
                 from /home/jtuyls/iree-ai/llvm-aie-port/amd/aie/llvm/lib/Target/AIE/aie1/AIE1TargetMachine.h:20,
                 from /home/jtuyls/iree-ai/llvm-aie-port/amd/aie/llvm/lib/Target/AIE/AIETargetObjectFile.cpp:13:
/home/jtuyls/iree-ai/llvm-aie-port/amd/aie/llvm/lib/Target/AIE/AIEBaseFrameLowering.h:90:16: warning: ‘virtual void llvm::AIEBaseFrameLowering::adjustReg(llvm::MachineBasicBlock&, llvm::MachineBasicBlock::iterator, const llvm::DebugLoc&, unsigned int, int64_t, llvm::MachineInstr::MIFlag) const’ was hidden [-Woverloaded-virtual=]
   90 |   virtual void adjustReg(MachineBasicBlock &MBB,
      |                ^~~~~~~~~
/home/jtuyls/iree-ai/llvm-aie-port/amd/aie/llvm/lib/Target/AIE/aie1/AIE1FrameLowering.h:29:15: note:   by ‘static void llvm::AIEFrameLowering::adjustReg(const llvm::TargetInstrInfo*, llvm::MachineBasicBlock&, llvm::MachineBasicBlock::iterator, const llvm::DebugLoc&, unsigned int, int64_t, llvm::MachineInstr::MIFlag)’
   29 |   static void adjustReg(const TargetInstrInfo *TII, MachineBasicBlock &MBB,
      |               ^~~~~~~~~
[14/77] Building CXX object lib/Target/AIE/CMakeFiles/LLVMAIECodeGen.dir/AIEBaseInstrInfo.cpp.o
FAILED: lib/Target/AIE/CMakeFiles/LLVMAIECodeGen.dir/AIEBaseInstrInfo.cpp.o 
CCACHE_CPP2=yes CCACHE_HASHDIR=yes CCACHE_SLOPPINESS=pch_defines,time_macros /usr/bin/ccache /usr/bin/g++ -D_DEBUG -D_GLIBCXX_ASSERTIONS -D_GLIBCXX_USE_CXX11_ABI=1 -D_GNU_SOURCE -D_LIBCPP_HARDENING_MODE=_LIBCPP_HARDENING_MODE_EXTENSIVE -D__STDC_CONSTANT_MACROS -D__STDC_FORMAT_MACROS -D__STDC_LIMIT_MACROS -I/home/jtuyls/iree-ai/llvm-aie-port/build/lib/Target/AIE -I/home/jtuyls/iree-ai/llvm-aie-port/amd/aie/llvm/lib/Target/AIE -I/home/jtuyls/iree-ai/llvm-aie-port/build/include -I/home/jtuyls/iree-ai/llvm-aie-port/llvm/include -I/home/jtuyls/iree-ai/llvm-aie-port/amd/aie/llvm/include -fPIC -fno-semantic-interposition -fvisibility-inlines-hidden -Werror=date-time -Wall -Wextra -Wno-unused-parameter -Wwrite-strings -Wcast-qual -Wno-missing-field-initializers -pedantic -Wno-long-long -Wimplicit-fallthrough -Wno-uninitialized -Wno-nonnull -Wno-class-memaccess -Wno-dangling-reference -Wno-redundant-move -Wno-pessimizing-move -Wno-array-bounds -Wno-stringop-overread -Wno-dangling-pointer -Wno-noexcept-type -Wdelete-non-virtual-dtor -Wsuggest-override -Wno-comment -Wno-misleading-indentation -Wctad-maybe-unsupported -fdiagnostics-color -ffunction-sections -fdata-sections -O3 -DNDEBUG -std=c++17 -fvisibility=hidden -UNDEBUG -fno-exceptions -funwind-tables -fno-rtti -MD -MT lib/Target/AIE/CMakeFiles/LLVMAIECodeGen.dir/AIEBaseInstrInfo.cpp.o -MF lib/Target/AIE/CMakeFiles/LLVMAIECodeGen.dir/AIEBaseInstrInfo.cpp.o.d -o lib/Target/AIE/CMakeFiles/LLVMAIECodeGen.dir/AIEBaseInstrInfo.cpp.o -c /home/jtuyls/iree-ai/llvm-aie-port/amd/aie/llvm/lib/Target/AIE/AIEBaseInstrInfo.cpp
In file included from /home/jtuyls/iree-ai/llvm-aie-port/amd/aie/llvm/lib/Target/AIE/AIEBaseInstrInfo.cpp:17:
/home/jtuyls/iree-ai/llvm-aie-port/amd/aie/llvm/lib/Target/AIE/AIEBasePipelinerLoopInfo.h:84:3: error: ‘llvm::SmallVector<llvm::ArrayRef<llvm::SUnit*>, 4> llvm::AIEBasePipelinerLoopInfo::getNodeOrders(llvm::ArrayRef<llvm::SUnit*>, const llvm::ScheduleDAGTopologicalSort&)’ marked ‘override’, but does not override
   84 |   getNodeOrders(ArrayRef<SUnit *> DefaultSMSOrder,
      |   ^~~~~~~~~~~~~
/home/jtuyls/iree-ai/llvm-aie-port/amd/aie/llvm/lib/Target/AIE/AIEBasePipelinerLoopInfo.h:109:8: error: ‘bool llvm::AIEBasePipelinerLoopInfo::canAcceptII(llvm::SMSchedule&)’ marked ‘override’, but does not override
  109 |   bool canAcceptII(SMSchedule &SMS) override;
      |        ^~~~~~~~~~~
/home/jtuyls/iree-ai/llvm-aie-port/amd/aie/llvm/lib/Target/AIE/AIEBaseInstrInfo.cpp: In member function ‘virtual bool llvm::AIEBaseInstrInfo::foldImmediate(llvm::MachineInstr&, llvm::MachineInstr&, llvm::Register, llvm::MachineRegisterInfo*) const’:
/home/jtuyls/iree-ai/llvm-aie-port/amd/aie/llvm/lib/Target/AIE/AIEBaseInstrInfo.cpp:614:29: warning: unused variable ‘TRI’ [-Wunused-variable]
  614 |   const TargetRegisterInfo *TRI = MRI->getTargetRegisterInfo();
      |                             ^~~
/home/jtuyls/iree-ai/llvm-aie-port/amd/aie/llvm/lib/Target/AIE/AIEBaseInstrInfo.cpp:615:26: warning: unused variable ‘MF’ [-Wunused-variable]
  615 |   const MachineFunction &MF = *UseMI.getParent()->getParent();
      |                          ^~
[15/77] Building CXX object lib/Target/AIE/CMakeFiles/LLVMAIECodeGen.dir/AIEBaseISelLowering.cpp.o
FAILED: lib/Target/AIE/CMakeFiles/LLVMAIECodeGen.dir/AIEBaseISelLowering.cpp.o 
CCACHE_CPP2=yes CCACHE_HASHDIR=yes CCACHE_SLOPPINESS=pch_defines,time_macros /usr/bin/ccache /usr/bin/g++ -D_DEBUG -D_GLIBCXX_ASSERTIONS -D_GLIBCXX_USE_CXX11_ABI=1 -D_GNU_SOURCE -D_LIBCPP_HARDENING_MODE=_LIBCPP_HARDENING_MODE_EXTENSIVE -D__STDC_CONSTANT_MACROS -D__STDC_FORMAT_MACROS -D__STDC_LIMIT_MACROS -I/home/jtuyls/iree-ai/llvm-aie-port/build/lib/Target/AIE -I/home/jtuyls/iree-ai/llvm-aie-port/amd/aie/llvm/lib/Target/AIE -I/home/jtuyls/iree-ai/llvm-aie-port/build/include -I/home/jtuyls/iree-ai/llvm-aie-port/llvm/include -I/home/jtuyls/iree-ai/llvm-aie-port/amd/aie/llvm/include -fPIC -fno-semantic-interposition -fvisibility-inlines-hidden -Werror=date-time -Wall -Wextra -Wno-unused-parameter -Wwrite-strings -Wcast-qual -Wno-missing-field-initializers -pedantic -Wno-long-long -Wimplicit-fallthrough -Wno-uninitialized -Wno-nonnull -Wno-class-memaccess -Wno-dangling-reference -Wno-redundant-move -Wno-pessimizing-move -Wno-array-bounds -Wno-stringop-overread -Wno-dangling-pointer -Wno-noexcept-type -Wdelete-non-virtual-dtor -Wsuggest-override -Wno-comment -Wno-misleading-indentation -Wctad-maybe-unsupported -fdiagnostics-color -ffunction-sections -fdata-sections -O3 -DNDEBUG -std=c++17 -fvisibility=hidden -UNDEBUG -fno-exceptions -funwind-tables -fno-rtti -MD -MT lib/Target/AIE/CMakeFiles/LLVMAIECodeGen.dir/AIEBaseISelLowering.cpp.o -MF lib/Target/AIE/CMakeFiles/LLVMAIECodeGen.dir/AIEBaseISelLowering.cpp.o.d -o lib/Target/AIE/CMakeFiles/LLVMAIECodeGen.dir/AIEBaseISelLowering.cpp.o -c /home/jtuyls/iree-ai/llvm-aie-port/amd/aie/llvm/lib/Target/AIE/AIEBaseISelLowering.cpp
/home/jtuyls/iree-ai/llvm-aie-port/amd/aie/llvm/lib/Target/AIE/AIEBaseISelLowering.cpp: In constructor ‘llvm::AIEBaseTargetLowering::AIEBaseTargetLowering(const llvm::TargetMachine&, const llvm::AIEBaseSubtarget&)’:
/home/jtuyls/iree-ai/llvm-aie-port/amd/aie/llvm/lib/Target/AIE/AIEBaseISelLowering.cpp:40:40: error: no matching function for call to ‘llvm::TargetLowering::TargetLowering(const llvm::TargetMachine&)’
   40 |     : TargetLowering(TM), Subtarget(STI) {
      |                                        ^
In file included from /home/jtuyls/iree-ai/llvm-aie-port/amd/aie/llvm/lib/Target/AIE/AIEBaseISelLowering.h:20,
                 from /home/jtuyls/iree-ai/llvm-aie-port/amd/aie/llvm/lib/Target/AIE/AIEBaseISelLowering.cpp:16:
/home/jtuyls/iree-ai/llvm-aie-port/llvm/include/llvm/CodeGen/TargetLowering.h:4058:12: note: candidate: ‘llvm::TargetLowering::TargetLowering(const llvm::TargetMachine&, const llvm::TargetSubtargetInfo&)’
 4058 |   explicit TargetLowering(const TargetMachine &TM,
      |            ^~~~~~~~~~~~~~
/home/jtuyls/iree-ai/llvm-aie-port/llvm/include/llvm/CodeGen/TargetLowering.h:4058:12: note:   candidate expects 2 arguments, 1 provided
[16/77] Building CXX object lib/Target/AIE/CMakeFiles/LLVMAIECodeGen.dir/AIESuperRegUtils.cpp.o
FAILED: lib/Target/AIE/CMakeFiles/LLVMAIECodeGen.dir/AIESuperRegUtils.cpp.o 
CCACHE_CPP2=yes CCACHE_HASHDIR=yes CCACHE_SLOPPINESS=pch_defines,time_macros /usr/bin/ccache /usr/bin/g++ -D_DEBUG -D_GLIBCXX_ASSERTIONS -D_GLIBCXX_USE_CXX11_ABI=1 -D_GNU_SOURCE -D_LIBCPP_HARDENING_MODE=_LIBCPP_HARDENING_MODE_EXTENSIVE -D__STDC_CONSTANT_MACROS -D__STDC_FORMAT_MACROS -D__STDC_LIMIT_MACROS -I/home/jtuyls/iree-ai/llvm-aie-port/build/lib/Target/AIE -I/home/jtuyls/iree-ai/llvm-aie-port/amd/aie/llvm/lib/Target/AIE -I/home/jtuyls/iree-ai/llvm-aie-port/build/include -I/home/jtuyls/iree-ai/llvm-aie-port/llvm/include -I/home/jtuyls/iree-ai/llvm-aie-port/amd/aie/llvm/include -fPIC -fno-semantic-interposition -fvisibility-inlines-hidden -Werror=date-time -Wall -Wextra -Wno-unused-parameter -Wwrite-strings -Wcast-qual -Wno-missing-field-initializers -pedantic -Wno-long-long -Wimplicit-fallthrough -Wno-uninitialized -Wno-nonnull -Wno-class-memaccess -Wno-dangling-reference -Wno-redundant-move -Wno-pessimizing-move -Wno-array-bounds -Wno-stringop-overread -Wno-dangling-pointer -Wno-noexcept-type -Wdelete-non-virtual-dtor -Wsuggest-override -Wno-comment -Wno-misleading-indentation -Wctad-maybe-unsupported -fdiagnostics-color -ffunction-sections -fdata-sections -O3 -DNDEBUG -std=c++17 -fvisibility=hidden -UNDEBUG -fno-exceptions -funwind-tables -fno-rtti -MD -MT lib/Target/AIE/CMakeFiles/LLVMAIECodeGen.dir/AIESuperRegUtils.cpp.o -MF lib/Target/AIE/CMakeFiles/LLVMAIECodeGen.dir/AIESuperRegUtils.cpp.o.d -o lib/Target/AIE/CMakeFiles/LLVMAIECodeGen.dir/AIESuperRegUtils.cpp.o -c /home/jtuyls/iree-ai/llvm-aie-port/amd/aie/llvm/lib/Target/AIE/AIESuperRegUtils.cpp
/home/jtuyls/iree-ai/llvm-aie-port/amd/aie/llvm/lib/Target/AIE/AIESuperRegUtils.cpp: In function ‘void llvm::AIESuperRegUtils::rewriteFullCopy(llvm::MachineInstr&, llvm::LiveIntervals&, const llvm::TargetInstrInfo&, const llvm::AIEBaseRegisterInfo&, llvm::VirtRegMap&, llvm::LiveRegMatrix&)’:
/home/jtuyls/iree-ai/llvm-aie-port/amd/aie/llvm/lib/Target/AIE/AIESuperRegUtils.cpp:114:40: error: cannot convert ‘llvm::RegState’ to ‘unsigned int’ in initialization
  114 |   unsigned AdditionalFlags = RegState::Undef;
      |                              ~~~~~~~~~~^~~~~
      |                                        |
      |                                        llvm::RegState
/home/jtuyls/iree-ai/llvm-aie-port/amd/aie/llvm/lib/Target/AIE/AIESuperRegUtils.cpp:126:46: error: no match for ‘operator|’ (operand types are ‘llvm::RegState’ and ‘unsigned int’)
  126 |             .addReg(DstReg, RegState::Define | AdditionalFlags, SubRegIdx)
      |                             ~~~~~~~~~~~~~~~~ ^ ~~~~~~~~~~~~~~~
      |                                       |        |
      |                                       |        unsigned int
      |                                       llvm::RegState
/home/jtuyls/iree-ai/llvm-aie-port/amd/aie/llvm/lib/Target/AIE/AIESuperRegUtils.cpp: In function ‘void llvm::AIESuperRegUtils::splitAndAssignSubPhysRegs(llvm::SmallMapVector<int, llvm::Register, 8>&, std::optional<llvm::Register>, const llvm::AIEBaseRegisterInfo&, llvm::VirtRegMap&, llvm::LiveRegMatrix&, llvm::LiveIntervals&)’:
/home/jtuyls/iree-ai/llvm-aie-port/amd/aie/llvm/lib/Target/AIE/AIESuperRegUtils.cpp:336:11: error: ‘class llvm::VirtRegMap’ has no member named ‘setRequiredPhys’
  336 |       VRM.setRequiredPhys(LI->reg(), SubPhysReg);
      |           ^~~~~~~~~~~~~~~
/home/jtuyls/iree-ai/llvm-aie-port/amd/aie/llvm/lib/Target/AIE/AIESuperRegUtils.cpp: In function ‘void llvm::AIESuperRegUtils::clearStaleSplitFromMappings(const llvm::SmallSet<llvm::Register, 8>&, llvm::MachineFunction&, llvm::MachineRegisterInfo&, llvm::VirtRegMap&)’:
/home/jtuyls/iree-ai/llvm-aie-port/amd/aie/llvm/lib/Target/AIE/AIESuperRegUtils.cpp:438:9: error: ‘class llvm::VirtRegMap’ has no member named ‘clearSplitFromReg’; did you mean ‘setIsSplitFromReg’?
  438 |     VRM.clearSplitFromReg(V);
      |         ^~~~~~~~~~~~~~~~~
      |         setIsSplitFromReg
[17/77] Building CXX object lib/Target/AIE/CMakeFiles/LLVMAIECodeGen.dir/AIE2FrameLowering.cpp.o
[18/77] Building CXX object lib/Target/AIE/CMakeFiles/LLVMAIECodeGen.dir/AIE2AsmPrinter.cpp.o
In file included from /home/jtuyls/iree-ai/llvm-aie-port/amd/aie/llvm/lib/Target/AIE/InstPrinter/AIE2InstPrinter.h:18,
                 from /home/jtuyls/iree-ai/llvm-aie-port/amd/aie/llvm/lib/Target/AIE/AIE2AsmPrinter.cpp:18:
/home/jtuyls/iree-ai/llvm-aie-port/amd/aie/llvm/lib/Target/AIE/InstPrinter/AIECommonInstPrinter.h: In member function ‘void llvm::AIECommonInstPrinter::printImmOffset(const llvm::MCOperand&, const llvm::MCSubtargetInfo&, llvm::raw_ostream&)’:
/home/jtuyls/iree-ai/llvm-aie-port/amd/aie/llvm/lib/Target/AIE/InstPrinter/AIECommonInstPrinter.h:54:5: warning: invalid use of incomplete type ‘const class llvm::MCAsmInfo’
   54 |     MAI.printExpr(O, *MO.getExpr());
      |     ^~~
In file included from /home/jtuyls/iree-ai/llvm-aie-port/llvm/include/llvm/MC/MCSymbol.h:18,
                 from /home/jtuyls/iree-ai/llvm-aie-port/llvm/include/llvm/CodeGen/MachineInstr.h:32,
                 from /home/jtuyls/iree-ai/llvm-aie-port/llvm/include/llvm/CodeGen/MachineBasicBlock.h:22,
                 from /home/jtuyls/iree-ai/llvm-aie-port/llvm/include/llvm/CodeGen/MachineFunction.h:26,
                 from /home/jtuyls/iree-ai/llvm-aie-port/llvm/include/llvm/CodeGen/MachineFunctionPass.h:21,
                 from /home/jtuyls/iree-ai/llvm-aie-port/llvm/include/llvm/CodeGen/AsmPrinter.h:26,
                 from /home/jtuyls/iree-ai/llvm-aie-port/amd/aie/llvm/lib/Target/AIE/AIEBaseAsmPrinter.h:19,
                 from /home/jtuyls/iree-ai/llvm-aie-port/amd/aie/llvm/lib/Target/AIE/AIE2AsmPrinter.h:19,
                 from /home/jtuyls/iree-ai/llvm-aie-port/amd/aie/llvm/lib/Target/AIE/AIE2AsmPrinter.cpp:16:
/home/jtuyls/iree-ai/llvm-aie-port/llvm/include/llvm/MC/MCExpr.h:19:7: note: forward declaration of ‘class llvm::MCAsmInfo’
   19 | class MCAsmInfo;
      |       ^~~~~~~~~
[19/77] Building CXX object lib/Target/AIE/CMakeFiles/LLVMAIECodeGen.dir/AIEPreLegalizerCombiner.cpp.o
[20/77] Building CXX object lib/Target/AIE/CMakeFiles/LLVMAIECodeGen.dir/AIEMachineScheduler.cpp.o
FAILED: lib/Target/AIE/CMakeFiles/LLVMAIECodeGen.dir/AIEMachineScheduler.cpp.o 
CCACHE_CPP2=yes CCACHE_HASHDIR=yes CCACHE_SLOPPINESS=pch_defines,time_macros /usr/bin/ccache /usr/bin/g++ -D_DEBUG -D_GLIBCXX_ASSERTIONS -D_GLIBCXX_USE_CXX11_ABI=1 -D_GNU_SOURCE -D_LIBCPP_HARDENING_MODE=_LIBCPP_HARDENING_MODE_EXTENSIVE -D__STDC_CONSTANT_MACROS -D__STDC_FORMAT_MACROS -D__STDC_LIMIT_MACROS -I/home/jtuyls/iree-ai/llvm-aie-port/build/lib/Target/AIE -I/home/jtuyls/iree-ai/llvm-aie-port/amd/aie/llvm/lib/Target/AIE -I/home/jtuyls/iree-ai/llvm-aie-port/build/include -I/home/jtuyls/iree-ai/llvm-aie-port/llvm/include -I/home/jtuyls/iree-ai/llvm-aie-port/amd/aie/llvm/include -fPIC -fno-semantic-interposition -fvisibility-inlines-hidden -Werror=date-time -Wall -Wextra -Wno-unused-parameter -Wwrite-strings -Wcast-qual -Wno-missing-field-initializers -pedantic -Wno-long-long -Wimplicit-fallthrough -Wno-uninitialized -Wno-nonnull -Wno-class-memaccess -Wno-dangling-reference -Wno-redundant-move -Wno-pessimizing-move -Wno-array-bounds -Wno-stringop-overread -Wno-dangling-pointer -Wno-noexcept-type -Wdelete-non-virtual-dtor -Wsuggest-override -Wno-comment -Wno-misleading-indentation -Wctad-maybe-unsupported -fdiagnostics-color -ffunction-sections -fdata-sections -O3 -DNDEBUG -std=c++17 -fvisibility=hidden -UNDEBUG -fno-exceptions -funwind-tables -fno-rtti -MD -MT lib/Target/AIE/CMakeFiles/LLVMAIECodeGen.dir/AIEMachineScheduler.cpp.o -MF lib/Target/AIE/CMakeFiles/LLVMAIECodeGen.dir/AIEMachineScheduler.cpp.o.d -o lib/Target/AIE/CMakeFiles/LLVMAIECodeGen.dir/AIEMachineScheduler.cpp.o -c /home/jtuyls/iree-ai/llvm-aie-port/amd/aie/llvm/lib/Target/AIE/AIEMachineScheduler.cpp
/home/jtuyls/iree-ai/llvm-aie-port/amd/aie/llvm/lib/Target/AIE/AIEMachineScheduler.cpp: In member function ‘virtual llvm::SUnit* llvm::AIEPostRASchedStrategy::pickNodeAndCycle(bool&, std::optional<unsigned int>&)’:
/home/jtuyls/iree-ai/llvm-aie-port/amd/aie/llvm/lib/Target/AIE/AIEMachineScheduler.cpp:626:10: error: ‘pickNodeUnidirectional’ was not declared in this scope; did you mean ‘pickNodeBidirectional’?
  626 |     SU = pickNodeUnidirectional(Zone);
      |          ^~~~~~~~~~~~~~~~~~~~~~
      |          pickNodeBidirectional
/home/jtuyls/iree-ai/llvm-aie-port/amd/aie/llvm/lib/Target/AIE/AIEMachineScheduler.cpp: In function ‘llvm::PressureDiff estimatePressureDiff(const llvm::SUnit&, const llvm::RegPressureTracker&)’:
/home/jtuyls/iree-ai/llvm-aie-port/amd/aie/llvm/lib/Target/AIE/AIEMachineScheduler.cpp:1422:36: error: ‘const class llvm::RegPressureTracker’ has no member named ‘getLiveRegs’; did you mean ‘llvm::LiveRegSet llvm::RegPressureTracker::LiveRegs’? (not accessible from this context)
 1422 |   const LiveRegSet &LiveRegs = RPT.getLiveRegs();
      |                                    ^~~~~~~~~~~
In file included from /home/jtuyls/iree-ai/llvm-aie-port/llvm/include/llvm/CodeGen/MachineScheduler.h:87,
                 from /home/jtuyls/iree-ai/llvm-aie-port/amd/aie/llvm/lib/Target/AIE/AIEBaseSubtarget.h:21,
                 from /home/jtuyls/iree-ai/llvm-aie-port/amd/aie/llvm/lib/Target/AIE/AIEAlternateDescriptors.h:18,
                 from /home/jtuyls/iree-ai/llvm-aie-port/amd/aie/llvm/lib/Target/AIE/AIEHazardRecognizer.h:16,
                 from /home/jtuyls/iree-ai/llvm-aie-port/amd/aie/llvm/lib/Target/AIE/AIEMachineScheduler.h:18,
                 from /home/jtuyls/iree-ai/llvm-aie-port/amd/aie/llvm/lib/Target/AIE/AIEMachineScheduler.cpp:11:
/home/jtuyls/iree-ai/llvm-aie-port/llvm/include/llvm/CodeGen/RegisterPressure.h:393:14: note: declared private here
  393 |   LiveRegSet LiveRegs;
      |              ^~~~~~~~
/home/jtuyls/iree-ai/llvm-aie-port/amd/aie/llvm/lib/Target/AIE/AIEMachineScheduler.cpp: In member function ‘virtual void llvm::AIEPostRASchedStrategy::buildGraph(llvm::ScheduleDAGMI&, llvm::AAResults*, llvm::RegPressureTracker*, llvm::PressureDiffs*, llvm::LiveIntervals*, bool)’:
/home/jtuyls/iree-ai/llvm-aie-port/amd/aie/llvm/lib/Target/AIE/AIEMachineScheduler.cpp:1794:7: error: ‘class llvm::ScheduleDAGMI’ has no member named ‘buildEdges’
 1794 |   DAG.buildEdges(Context->AA, RPTracker, PDiffs, LIS, OverrideTrackLaneMasks,
      |       ^~~~~~~~~~
[21/77] Building CXX object lib/Target/AIE/CMakeFiles/LLVMAIECodeGen.dir/AIEBaseHardwareLoops.cpp.o
FAILED: lib/Target/AIE/CMakeFiles/LLVMAIECodeGen.dir/AIEBaseHardwareLoops.cpp.o 
CCACHE_CPP2=yes CCACHE_HASHDIR=yes CCACHE_SLOPPINESS=pch_defines,time_macros /usr/bin/ccache /usr/bin/g++ -D_DEBUG -D_GLIBCXX_ASSERTIONS -D_GLIBCXX_USE_CXX11_ABI=1 -D_GNU_SOURCE -D_LIBCPP_HARDENING_MODE=_LIBCPP_HARDENING_MODE_EXTENSIVE -D__STDC_CONSTANT_MACROS -D__STDC_FORMAT_MACROS -D__STDC_LIMIT_MACROS -I/home/jtuyls/iree-ai/llvm-aie-port/build/lib/Target/AIE -I/home/jtuyls/iree-ai/llvm-aie-port/amd/aie/llvm/lib/Target/AIE -I/home/jtuyls/iree-ai/llvm-aie-port/build/include -I/home/jtuyls/iree-ai/llvm-aie-port/llvm/include -I/home/jtuyls/iree-ai/llvm-aie-port/amd/aie/llvm/include -fPIC -fno-semantic-interposition -fvisibility-inlines-hidden -Werror=date-time -Wall -Wextra -Wno-unused-parameter -Wwrite-strings -Wcast-qual -Wno-missing-field-initializers -pedantic -Wno-long-long -Wimplicit-fallthrough -Wno-uninitialized -Wno-nonnull -Wno-class-memaccess -Wno-dangling-reference -Wno-redundant-move -Wno-pessimizing-move -Wno-array-bounds -Wno-stringop-overread -Wno-dangling-pointer -Wno-noexcept-type -Wdelete-non-virtual-dtor -Wsuggest-override -Wno-comment -Wno-misleading-indentation -Wctad-maybe-unsupported -fdiagnostics-color -ffunction-sections -fdata-sections -O3 -DNDEBUG -std=c++17 -fvisibility=hidden -UNDEBUG -fno-exceptions -funwind-tables -fno-rtti -MD -MT lib/Target/AIE/CMakeFiles/LLVMAIECodeGen.dir/AIEBaseHardwareLoops.cpp.o -MF lib/Target/AIE/CMakeFiles/LLVMAIECodeGen.dir/AIEBaseHardwareLoops.cpp.o.d -o lib/Target/AIE/CMakeFiles/LLVMAIECodeGen.dir/AIEBaseHardwareLoops.cpp.o -c /home/jtuyls/iree-ai/llvm-aie-port/amd/aie/llvm/lib/Target/AIE/AIEBaseHardwareLoops.cpp
/home/jtuyls/iree-ai/llvm-aie-port/amd/aie/llvm/lib/Target/AIE/AIEBaseHardwareLoops.cpp: In member function ‘bool {anonymous}::AIEBaseHardwareLoops::processLoop(llvm::MachineLoop*)’:
/home/jtuyls/iree-ai/llvm-aie-port/amd/aie/llvm/lib/Target/AIE/AIEBaseHardwareLoops.cpp:380:10: error: ‘class llvm::ReachingDefAnalysis’ has no member named ‘getReachingLocalUses’
  380 |     RDA->getReachingLocalUses(LoLoop.Dec, LoLoop.Dec->getOperand(0).getReg(),
      |          ^~~~~~~~~~~~~~~~~~~~
In file included from /home/jtuyls/iree-ai/llvm-aie-port/llvm/include/llvm/Pass.h:344,
                 from /home/jtuyls/iree-ai/llvm-aie-port/llvm/include/llvm/Analysis/RuntimeLibcallInfo.h:13,
                 from /home/jtuyls/iree-ai/llvm-aie-port/llvm/include/llvm/CodeGen/LibcallLoweringInfo.h:13,
                 from /home/jtuyls/iree-ai/llvm-aie-port/llvm/include/llvm/CodeGen/TargetLowering.h:32,
                 from /home/jtuyls/iree-ai/llvm-aie-port/llvm/include/llvm/CodeGen/ScheduleDAG.h:24,
                 from /home/jtuyls/iree-ai/llvm-aie-port/amd/aie/llvm/lib/Target/AIE/AIEBaseInstrInfo.h:25,
                 from /home/jtuyls/iree-ai/llvm-aie-port/amd/aie/llvm/lib/Target/AIE/AIE2InstrInfo.h:21,
                 from /home/jtuyls/iree-ai/llvm-aie-port/amd/aie/llvm/lib/Target/AIE/AIEBaseHardwareLoops.cpp:26:
/home/jtuyls/iree-ai/llvm-aie-port/llvm/include/llvm/PassAnalysisSupport.h: In instantiation of ‘llvm::AnalysisUsage& llvm::AnalysisUsage::addRequired() [with PassClass = llvm::ReachingDefAnalysis]’:
/home/jtuyls/iree-ai/llvm-aie-port/amd/aie/llvm/lib/Target/AIE/AIEBaseHardwareLoops.cpp:196:40:   required from here
/home/jtuyls/iree-ai/llvm-aie-port/llvm/include/llvm/PassAnalysisSupport.h:77:25: error: no matching function for call to ‘addRequiredID(llvm::AnalysisKey* (&)())’
   77 |     return addRequiredID(PassClass::ID);
      |            ~~~~~~~~~~~~~^~~~~~~~~~~~~~~
/home/jtuyls/iree-ai/llvm-aie-port/llvm/include/llvm/PassAnalysisSupport.h:74:27: note: candidate: ‘llvm::AnalysisUsage& llvm::AnalysisUsage::addRequiredID(char&)’ (near match)
   74 |   LLVM_ABI AnalysisUsage &addRequiredID(char &ID);
      |                           ^~~~~~~~~~~~~
/home/jtuyls/iree-ai/llvm-aie-port/llvm/include/llvm/PassAnalysisSupport.h:74:27: note:   conversion of argument 1 would be ill-formed:
/home/jtuyls/iree-ai/llvm-aie-port/llvm/include/llvm/PassAnalysisSupport.h:77:25: error: invalid conversion from ‘llvm::AnalysisKey* (*)()’ to ‘char’ [-fpermissive]
   77 |     return addRequiredID(PassClass::ID);
      |            ~~~~~~~~~~~~~^~~~~~~~~~~~~~~
      |                         |
      |                         llvm::AnalysisKey* (*)()
/home/jtuyls/iree-ai/llvm-aie-port/llvm/include/llvm/PassAnalysisSupport.h:77:25: error: cannot bind rvalue ‘(char)llvm::AnalysisInfoMixin<llvm::ReachingDefAnalysis>::ID’ to ‘char&’
/home/jtuyls/iree-ai/llvm-aie-port/llvm/include/llvm/PassAnalysisSupport.h:73:27: note: candidate: ‘llvm::AnalysisUsage& llvm::AnalysisUsage::addRequiredID(const void*)’ (near match)
   73 |   LLVM_ABI AnalysisUsage &addRequiredID(const void *ID);
      |                           ^~~~~~~~~~~~~
/home/jtuyls/iree-ai/llvm-aie-port/llvm/include/llvm/PassAnalysisSupport.h:73:27: note:   conversion of argument 1 would be ill-formed:
/home/jtuyls/iree-ai/llvm-aie-port/llvm/include/llvm/PassAnalysisSupport.h:77:25: error: invalid conversion from ‘llvm::AnalysisKey* (*)()’ to ‘const void*’ [-fpermissive]
   77 |     return addRequiredID(PassClass::ID);
      |            ~~~~~~~~~~~~~^~~~~~~~~~~~~~~
      |                         |
      |                         llvm::AnalysisKey* (*)()
/home/jtuyls/iree-ai/llvm-aie-port/llvm/include/llvm/PassAnalysisSupport.h: In instantiation of ‘AnalysisType& llvm::Pass::getAnalysis() const [with AnalysisType = llvm::ReachingDefAnalysis]’:
/home/jtuyls/iree-ai/llvm-aie-port/amd/aie/llvm/lib/Target/AIE/AIEBaseHardwareLoops.cpp:283:42:   required from here
/home/jtuyls/iree-ai/llvm-aie-port/llvm/include/llvm/PassAnalysisSupport.h:226:37: error: no matching function for call to ‘llvm::Pass::getAnalysisID<llvm::ReachingDefAnalysis>(llvm::AnalysisKey* (*)()) const’
  226 |   return getAnalysisID<AnalysisType>(&AnalysisType::ID);
      |          ~~~~~~~~~~~~~~~~~~~~~~~~~~~^~~~~~~~~~~~~~~~~~~
/home/jtuyls/iree-ai/llvm-aie-port/llvm/include/llvm/PassAnalysisSupport.h:230:15: note: candidate: ‘AnalysisType& llvm::Pass::getAnalysisID(llvm::AnalysisID) const [with AnalysisType = llvm::ReachingDefAnalysis; llvm::AnalysisID = const void*]’ (near match)
  230 | AnalysisType &Pass::getAnalysisID(AnalysisID PI) const {
      |               ^~~~
/home/jtuyls/iree-ai/llvm-aie-port/llvm/include/llvm/PassAnalysisSupport.h:230:15: note:   conversion of argument 1 would be ill-formed:
/home/jtuyls/iree-ai/llvm-aie-port/llvm/include/llvm/PassAnalysisSupport.h:226:38: error: invalid conversion from ‘llvm::AnalysisKey* (*)()’ to ‘llvm::AnalysisID’ {aka ‘const void*’} [-fpermissive]
  226 |   return getAnalysisID<AnalysisType>(&AnalysisType::ID);
      |                                      ^~~~~~~~~~~~~~~~~
      |                                      |
      |                                      llvm::AnalysisKey* (*)()
/home/jtuyls/iree-ai/llvm-aie-port/llvm/include/llvm/Pass.h:238:17: note: candidate: ‘template<class AnalysisType> AnalysisType& llvm::Pass::getAnalysisID(llvm::AnalysisID, llvm::Function&, bool*)’
  238 |   AnalysisType &getAnalysisID(AnalysisID PI, Function &F,
      |                 ^~~~~~~~~~~~~
/home/jtuyls/iree-ai/llvm-aie-port/llvm/include/llvm/Pass.h:238:17: note:   candidate expects 2 arguments, 1 provided
[22/77] Building CXX object lib/Target/AIE/CMakeFiles/LLVMAIECodeGen.dir/AIE2Subtarget.cpp.o
[23/77] Building CXX object lib/Target/AIE/CMakeFiles/LLVMAIECodeGen.dir/AIECallLowering.cpp.o
[24/77] Building CXX object lib/Target/AIE/CMakeFiles/LLVMAIECodeGen.dir/AIE2RegisterInfo.cpp.o
[25/77] Building CXX object lib/Target/AIE/CMakeFiles/LLVMAIECodeGen.dir/aie1/AIE1AsmPrinter.cpp.o
In file included from /home/jtuyls/iree-ai/llvm-aie-port/amd/aie/llvm/lib/Target/AIE/aie1/AIE1FrameLowering.h:18,
                 from /home/jtuyls/iree-ai/llvm-aie-port/amd/aie/llvm/lib/Target/AIE/aie1/AIE1Subtarget.h:19,
                 from /home/jtuyls/iree-ai/llvm-aie-port/amd/aie/llvm/lib/Target/AIE/aie1/AIE1TargetMachine.h:20,
                 from /home/jtuyls/iree-ai/llvm-aie-port/amd/aie/llvm/lib/Target/AIE/aie1/AIE1AsmPrinter.cpp:17:
/home/jtuyls/iree-ai/llvm-aie-port/amd/aie/llvm/lib/Target/AIE/AIEBaseFrameLowering.h:90:16: warning: ‘virtual void llvm::AIEBaseFrameLowering::adjustReg(llvm::MachineBasicBlock&, llvm::MachineBasicBlock::iterator, const llvm::DebugLoc&, unsigned int, int64_t, llvm::MachineInstr::MIFlag) const’ was hidden [-Woverloaded-virtual=]
   90 |   virtual void adjustReg(MachineBasicBlock &MBB,
      |                ^~~~~~~~~
/home/jtuyls/iree-ai/llvm-aie-port/amd/aie/llvm/lib/Target/AIE/aie1/AIE1FrameLowering.h:29:15: note:   by ‘static void llvm::AIEFrameLowering::adjustReg(const llvm::TargetInstrInfo*, llvm::MachineBasicBlock&, llvm::MachineBasicBlock::iterator, const llvm::DebugLoc&, unsigned int, int64_t, llvm::MachineInstr::MIFlag)’
   29 |   static void adjustReg(const TargetInstrInfo *TII, MachineBasicBlock &MBB,
      |               ^~~~~~~~~
[26/77] Building CXX object lib/Target/AIE/CMakeFiles/LLVMAIECodeGen.dir/AIEPostPipeliner.cpp.o
FAILED: lib/Target/AIE/CMakeFiles/LLVMAIECodeGen.dir/AIEPostPipeliner.cpp.o 
CCACHE_CPP2=yes CCACHE_HASHDIR=yes CCACHE_SLOPPINESS=pch_defines,time_macros /usr/bin/ccache /usr/bin/g++ -D_DEBUG -D_GLIBCXX_ASSERTIONS -D_GLIBCXX_USE_CXX11_ABI=1 -D_GNU_SOURCE -D_LIBCPP_HARDENING_MODE=_LIBCPP_HARDENING_MODE_EXTENSIVE -D__STDC_CONSTANT_MACROS -D__STDC_FORMAT_MACROS -D__STDC_LIMIT_MACROS -I/home/jtuyls/iree-ai/llvm-aie-port/build/lib/Target/AIE -I/home/jtuyls/iree-ai/llvm-aie-port/amd/aie/llvm/lib/Target/AIE -I/home/jtuyls/iree-ai/llvm-aie-port/build/include -I/home/jtuyls/iree-ai/llvm-aie-port/llvm/include -I/home/jtuyls/iree-ai/llvm-aie-port/amd/aie/llvm/include -fPIC -fno-semantic-interposition -fvisibility-inlines-hidden -Werror=date-time -Wall -Wextra -Wno-unused-parameter -Wwrite-strings -Wcast-qual -Wno-missing-field-initializers -pedantic -Wno-long-long -Wimplicit-fallthrough -Wno-uninitialized -Wno-nonnull -Wno-class-memaccess -Wno-dangling-reference -Wno-redundant-move -Wno-pessimizing-move -Wno-array-bounds -Wno-stringop-overread -Wno-dangling-pointer -Wno-noexcept-type -Wdelete-non-virtual-dtor -Wsuggest-override -Wno-comment -Wno-misleading-indentation -Wctad-maybe-unsupported -fdiagnostics-color -ffunction-sections -fdata-sections -O3 -DNDEBUG -std=c++17 -fvisibility=hidden -UNDEBUG -fno-exceptions -funwind-tables -fno-rtti -MD -MT lib/Target/AIE/CMakeFiles/LLVMAIECodeGen.dir/AIEPostPipeliner.cpp.o -MF lib/Target/AIE/CMakeFiles/LLVMAIECodeGen.dir/AIEPostPipeliner.cpp.o.d -o lib/Target/AIE/CMakeFiles/LLVMAIECodeGen.dir/AIEPostPipeliner.cpp.o -c /home/jtuyls/iree-ai/llvm-aie-port/amd/aie/llvm/lib/Target/AIE/AIEPostPipeliner.cpp
/home/jtuyls/iree-ai/llvm-aie-port/amd/aie/llvm/lib/Target/AIE/AIEPostPipeliner.cpp: In function ‘std::string llvm::AIE::{anonymous}::edgeAttributes(const llvm::SDep&, const llvm::TargetRegisterInfo*)’:
/home/jtuyls/iree-ai/llvm-aie-port/amd/aie/llvm/lib/Target/AIE/AIEPostPipeliner.cpp:651:41: error: ‘virtReg2Index’ is not a member of ‘llvm::Register’
  651 |       Label += std::to_string(Register::virtReg2Index(Reg));
      |                                         ^~~~~~~~~~~~~
[27/77] Building CXX object lib/Target/AIE/CMakeFiles/LLVMAIECodeGen.dir/AIE2LegalizerInfo.cpp.o
[28/77] Building CXX object lib/Target/AIE/CMakeFiles/LLVMAIECodeGen.dir/AIECombinerHelper.cpp.o
FAILED: lib/Target/AIE/CMakeFiles/LLVMAIECodeGen.dir/AIECombinerHelper.cpp.o 
CCACHE_CPP2=yes CCACHE_HASHDIR=yes CCACHE_SLOPPINESS=pch_defines,time_macros /usr/bin/ccache /usr/bin/g++ -D_DEBUG -D_GLIBCXX_ASSERTIONS -D_GLIBCXX_USE_CXX11_ABI=1 -D_GNU_SOURCE -D_LIBCPP_HARDENING_MODE=_LIBCPP_HARDENING_MODE_EXTENSIVE -D__STDC_CONSTANT_MACROS -D__STDC_FORMAT_MACROS -D__STDC_LIMIT_MACROS -I/home/jtuyls/iree-ai/llvm-aie-port/build/lib/Target/AIE -I/home/jtuyls/iree-ai/llvm-aie-port/amd/aie/llvm/lib/Target/AIE -I/home/jtuyls/iree-ai/llvm-aie-port/build/include -I/home/jtuyls/iree-ai/llvm-aie-port/llvm/include -I/home/jtuyls/iree-ai/llvm-aie-port/amd/aie/llvm/include -fPIC -fno-semantic-interposition -fvisibility-inlines-hidden -Werror=date-time -Wall -Wextra -Wno-unused-parameter -Wwrite-strings -Wcast-qual -Wno-missing-field-initializers -pedantic -Wno-long-long -Wimplicit-fallthrough -Wno-uninitialized -Wno-nonnull -Wno-class-memaccess -Wno-dangling-reference -Wno-redundant-move -Wno-pessimizing-move -Wno-array-bounds -Wno-stringop-overread -Wno-dangling-pointer -Wno-noexcept-type -Wdelete-non-virtual-dtor -Wsuggest-override -Wno-comment -Wno-misleading-indentation -Wctad-maybe-unsupported -fdiagnostics-color -ffunction-sections -fdata-sections -O3 -DNDEBUG -std=c++17 -fvisibility=hidden -UNDEBUG -fno-exceptions -funwind-tables -fno-rtti -MD -MT lib/Target/AIE/CMakeFiles/LLVMAIECodeGen.dir/AIECombinerHelper.cpp.o -MF lib/Target/AIE/CMakeFiles/LLVMAIECodeGen.dir/AIECombinerHelper.cpp.o.d -o lib/Target/AIE/CMakeFiles/LLVMAIECodeGen.dir/AIECombinerHelper.cpp.o -c /home/jtuyls/iree-ai/llvm-aie-port/amd/aie/llvm/lib/Target/AIE/AIECombinerHelper.cpp
/home/jtuyls/iree-ai/llvm-aie-port/amd/aie/llvm/lib/Target/AIE/AIECombinerHelper.cpp: In lambda function:
/home/jtuyls/iree-ai/llvm-aie-port/amd/aie/llvm/lib/Target/AIE/AIECombinerHelper.cpp:5746:31: error: ‘constexpr llvm::LocationSize::LocationSize(uint64_t)’ is private within this context
 5746 |                      *BuildMMO(2, Align(2)));
      |                       ~~~~~~~~^~~~~~~~~~~~~
In file included from /home/jtuyls/iree-ai/llvm-aie-port/llvm/include/llvm/CodeGen/MachineInstr.h:24,
                 from /home/jtuyls/iree-ai/llvm-aie-port/amd/aie/llvm/lib/Target/AIE/MCTargetDesc/AIEMCFormats.h:19,
                 from /home/jtuyls/iree-ai/llvm-aie-port/amd/aie/llvm/lib/Target/AIE/AIEBaseInstrInfo.h:22,
                 from /home/jtuyls/iree-ai/llvm-aie-port/amd/aie/llvm/lib/Target/AIE/AIEGlobalCombiner.h:33,
                 from /home/jtuyls/iree-ai/llvm-aie-port/amd/aie/llvm/lib/Target/AIE/AIEPtrModOptimizer.h:21,
                 from /home/jtuyls/iree-ai/llvm-aie-port/amd/aie/llvm/lib/Target/AIE/AIECombinerHelper.h:14,
                 from /home/jtuyls/iree-ai/llvm-aie-port/amd/aie/llvm/lib/Target/AIE/AIECombinerHelper.cpp:11:
/home/jtuyls/iree-ai/llvm-aie-port/llvm/include/llvm/Analysis/MemoryLocation.h:82:13: note: declared private here
   82 |   constexpr LocationSize(uint64_t Raw) : Value(Raw) {}
      |             ^~~~~~~~~~~~
/home/jtuyls/iree-ai/llvm-aie-port/amd/aie/llvm/lib/Target/AIE/AIECombinerHelper.cpp: In function ‘bool {anonymous}::mayMIShiftElements(const llvm::MachineInstr*)’:
/home/jtuyls/iree-ai/llvm-aie-port/amd/aie/llvm/lib/Target/AIE/AIECombinerHelper.cpp:114:5: warning: this statement may fall through [-Wimplicit-fallthrough=]
  114 |     switch (cast<GIntrinsic>(MI)->getIntrinsicID()) {
      |     ^~~~~~
/home/jtuyls/iree-ai/llvm-aie-port/amd/aie/llvm/lib/Target/AIE/AIECombinerHelper.cpp:122:3: note: here
  122 |   default:
      |   ^~~~~~~
[29/77] Building CXX object lib/Target/AIE/CMakeFiles/LLVMAIECodeGen.dir/aie1/AIE1FrameLowering.cpp.o
In file included from /home/jtuyls/iree-ai/llvm-aie-port/amd/aie/llvm/lib/Target/AIE/aie1/AIE1FrameLowering.h:18,
                 from /home/jtuyls/iree-ai/llvm-aie-port/amd/aie/llvm/lib/Target/AIE/aie1/AIE1FrameLowering.cpp:15:
/home/jtuyls/iree-ai/llvm-aie-port/amd/aie/llvm/lib/Target/AIE/AIEBaseFrameLowering.h:90:16: warning: ‘virtual void llvm::AIEBaseFrameLowering::adjustReg(llvm::MachineBasicBlock&, llvm::MachineBasicBlock::iterator, const llvm::DebugLoc&, unsigned int, int64_t, llvm::MachineInstr::MIFlag) const’ was hidden [-Woverloaded-virtual=]
   90 |   virtual void adjustReg(MachineBasicBlock &MBB,
      |                ^~~~~~~~~
/home/jtuyls/iree-ai/llvm-aie-port/amd/aie/llvm/lib/Target/AIE/aie1/AIE1FrameLowering.h:29:15: note:   by ‘static void llvm::AIEFrameLowering::adjustReg(const llvm::TargetInstrInfo*, llvm::MachineBasicBlock&, llvm::MachineBasicBlock::iterator, const llvm::DebugLoc&, unsigned int, int64_t, llvm::MachineInstr::MIFlag)’
   29 |   static void adjustReg(const TargetInstrInfo *TII, MachineBasicBlock &MBB,
      |               ^~~~~~~~~
[30/77] Building CXX object lib/Target/AIE/CMakeFiles/LLVMAIECodeGen.dir/aie1/AIE1DelaySlotFiller.cpp.o
In file included from /home/jtuyls/iree-ai/llvm-aie-port/amd/aie/llvm/lib/Target/AIE/aie1/AIE1FrameLowering.h:18,
                 from /home/jtuyls/iree-ai/llvm-aie-port/amd/aie/llvm/lib/Target/AIE/aie1/AIE1Subtarget.h:19,
                 from /home/jtuyls/iree-ai/llvm-aie-port/amd/aie/llvm/lib/Target/AIE/aie1/AIE1TargetMachine.h:20,
                 from /home/jtuyls/iree-ai/llvm-aie-port/amd/aie/llvm/lib/Target/AIE/aie1/AIE1DelaySlotFiller.cpp:16:
/home/jtuyls/iree-ai/llvm-aie-port/amd/aie/llvm/lib/Target/AIE/AIEBaseFrameLowering.h:90:16: warning: ‘virtual void llvm::AIEBaseFrameLowering::adjustReg(llvm::MachineBasicBlock&, llvm::MachineBasicBlock::iterator, const llvm::DebugLoc&, unsigned int, int64_t, llvm::MachineInstr::MIFlag) const’ was hidden [-Woverloaded-virtual=]
   90 |   virtual void adjustReg(MachineBasicBlock &MBB,
      |                ^~~~~~~~~
/home/jtuyls/iree-ai/llvm-aie-port/amd/aie/llvm/lib/Target/AIE/aie1/AIE1FrameLowering.h:29:15: note:   by ‘static void llvm::AIEFrameLowering::adjustReg(const llvm::TargetInstrInfo*, llvm::MachineBasicBlock&, llvm::MachineBasicBlock::iterator, const llvm::DebugLoc&, unsigned int, int64_t, llvm::MachineInstr::MIFlag)’
   29 |   static void adjustReg(const TargetInstrInfo *TII, MachineBasicBlock &MBB,
      |               ^~~~~~~~~
[31/77] Building CXX object lib/Target/AIE/CMakeFiles/LLVMAIECodeGen.dir/AIEBaseTargetTransformInfo.cpp.o
In file included from /home/jtuyls/iree-ai/llvm-aie-port/amd/aie/llvm/lib/Target/AIE/aie1/AIE1FrameLowering.h:18,
                 from /home/jtuyls/iree-ai/llvm-aie-port/amd/aie/llvm/lib/Target/AIE/aie1/AIE1Subtarget.h:19,
                 from /home/jtuyls/iree-ai/llvm-aie-port/amd/aie/llvm/lib/Target/AIE/AIEBaseTargetTransformInfo.h:21,
                 from /home/jtuyls/iree-ai/llvm-aie-port/amd/aie/llvm/lib/Target/AIE/AIEBaseTargetTransformInfo.cpp:11:
/home/jtuyls/iree-ai/llvm-aie-port/amd/aie/llvm/lib/Target/AIE/AIEBaseFrameLowering.h:90:16: warning: ‘virtual void llvm::AIEBaseFrameLowering::adjustReg(llvm::MachineBasicBlock&, llvm::MachineBasicBlock::iterator, const llvm::DebugLoc&, unsigned int, int64_t, llvm::MachineInstr::MIFlag) const’ was hidden [-Woverloaded-virtual=]
   90 |   virtual void adjustReg(MachineBasicBlock &MBB,
      |                ^~~~~~~~~
/home/jtuyls/iree-ai/llvm-aie-port/amd/aie/llvm/lib/Target/AIE/aie1/AIE1FrameLowering.h:29:15: note:   by ‘static void llvm::AIEFrameLowering::adjustReg(const llvm::TargetInstrInfo*, llvm::MachineBasicBlock&, llvm::MachineBasicBlock::iterator, const llvm::DebugLoc&, unsigned int, int64_t, llvm::MachineInstr::MIFlag)’
   29 |   static void adjustReg(const TargetInstrInfo *TII, MachineBasicBlock &MBB,
      |               ^~~~~~~~~
[32/77] Building CXX object lib/Target/AIE/CMakeFiles/LLVMAIECodeGen.dir/aie1/AIEHazardRecognizerPRAS.cpp.o
FAILED: lib/Target/AIE/CMakeFiles/LLVMAIECodeGen.dir/aie1/AIEHazardRecognizerPRAS.cpp.o 
CCACHE_CPP2=yes CCACHE_HASHDIR=yes CCACHE_SLOPPINESS=pch_defines,time_macros /usr/bin/ccache /usr/bin/g++ -D_DEBUG -D_GLIBCXX_ASSERTIONS -D_GLIBCXX_USE_CXX11_ABI=1 -D_GNU_SOURCE -D_LIBCPP_HARDENING_MODE=_LIBCPP_HARDENING_MODE_EXTENSIVE -D__STDC_CONSTANT_MACROS -D__STDC_FORMAT_MACROS -D__STDC_LIMIT_MACROS -I/home/jtuyls/iree-ai/llvm-aie-port/build/lib/Target/AIE -I/home/jtuyls/iree-ai/llvm-aie-port/amd/aie/llvm/lib/Target/AIE -I/home/jtuyls/iree-ai/llvm-aie-port/build/include -I/home/jtuyls/iree-ai/llvm-aie-port/llvm/include -I/home/jtuyls/iree-ai/llvm-aie-port/amd/aie/llvm/include -fPIC -fno-semantic-interposition -fvisibility-inlines-hidden -Werror=date-time -Wall -Wextra -Wno-unused-parameter -Wwrite-strings -Wcast-qual -Wno-missing-field-initializers -pedantic -Wno-long-long -Wimplicit-fallthrough -Wno-uninitialized -Wno-nonnull -Wno-class-memaccess -Wno-dangling-reference -Wno-redundant-move -Wno-pessimizing-move -Wno-array-bounds -Wno-stringop-overread -Wno-dangling-pointer -Wno-noexcept-type -Wdelete-non-virtual-dtor -Wsuggest-override -Wno-comment -Wno-misleading-indentation -Wctad-maybe-unsupported -fdiagnostics-color -ffunction-sections -fdata-sections -O3 -DNDEBUG -std=c++17 -fvisibility=hidden -UNDEBUG -fno-exceptions -funwind-tables -fno-rtti -MD -MT lib/Target/AIE/CMakeFiles/LLVMAIECodeGen.dir/aie1/AIEHazardRecognizerPRAS.cpp.o -MF lib/Target/AIE/CMakeFiles/LLVMAIECodeGen.dir/aie1/AIEHazardRecognizerPRAS.cpp.o.d -o lib/Target/AIE/CMakeFiles/LLVMAIECodeGen.dir/aie1/AIEHazardRecognizerPRAS.cpp.o -c /home/jtuyls/iree-ai/llvm-aie-port/amd/aie/llvm/lib/Target/AIE/aie1/AIEHazardRecognizerPRAS.cpp
In file included from /home/jtuyls/iree-ai/llvm-aie-port/amd/aie/llvm/lib/Target/AIE/aie1/AIEHazardRecognizerPRAS.cpp:17:
/home/jtuyls/iree-ai/llvm-aie-port/amd/aie/llvm/lib/Target/AIE/aie1/AIEHazardRecognizerPRAS.h:38:8: error: ‘bool llvm::AIEHazardRecognizerPRAS::emitNoopsIfNoInstructionsAvailable()’ marked ‘override’, but does not override
   38 |   bool emitNoopsIfNoInstructionsAvailable() override { return true; }
      |        ^~~~~~~~~~~~~~~~~~~~~~~~~~~~~~~~~~
[33/77] Building CXX object lib/Target/AIE/CMakeFiles/LLVMAIECodeGen.dir/aie1/AIE1InstrInfo.cpp.o
FAILED: lib/Target/AIE/CMakeFiles/LLVMAIECodeGen.dir/aie1/AIE1InstrInfo.cpp.o 
CCACHE_CPP2=yes CCACHE_HASHDIR=yes CCACHE_SLOPPINESS=pch_defines,time_macros /usr/bin/ccache /usr/bin/g++ -D_DEBUG -D_GLIBCXX_ASSERTIONS -D_GLIBCXX_USE_CXX11_ABI=1 -D_GNU_SOURCE -D_LIBCPP_HARDENING_MODE=_LIBCPP_HARDENING_MODE_EXTENSIVE -D__STDC_CONSTANT_MACROS -D__STDC_FORMAT_MACROS -D__STDC_LIMIT_MACROS -I/home/jtuyls/iree-ai/llvm-aie-port/build/lib/Target/AIE -I/home/jtuyls/iree-ai/llvm-aie-port/amd/aie/llvm/lib/Target/AIE -I/home/jtuyls/iree-ai/llvm-aie-port/build/include -I/home/jtuyls/iree-ai/llvm-aie-port/llvm/include -I/home/jtuyls/iree-ai/llvm-aie-port/amd/aie/llvm/include -fPIC -fno-semantic-interposition -fvisibility-inlines-hidden -Werror=date-time -Wall -Wextra -Wno-unused-parameter -Wwrite-strings -Wcast-qual -Wno-missing-field-initializers -pedantic -Wno-long-long -Wimplicit-fallthrough -Wno-uninitialized -Wno-nonnull -Wno-class-memaccess -Wno-dangling-reference -Wno-redundant-move -Wno-pessimizing-move -Wno-array-bounds -Wno-stringop-overread -Wno-dangling-pointer -Wno-noexcept-type -Wdelete-non-virtual-dtor -Wsuggest-override -Wno-comment -Wno-misleading-indentation -Wctad-maybe-unsupported -fdiagnostics-color -ffunction-sections -fdata-sections -O3 -DNDEBUG -std=c++17 -fvisibility=hidden -UNDEBUG -fno-exceptions -funwind-tables -fno-rtti -MD -MT lib/Target/AIE/CMakeFiles/LLVMAIECodeGen.dir/aie1/AIE1InstrInfo.cpp.o -MF lib/Target/AIE/CMakeFiles/LLVMAIECodeGen.dir/aie1/AIE1InstrInfo.cpp.o.d -o lib/Target/AIE/CMakeFiles/LLVMAIECodeGen.dir/aie1/AIE1InstrInfo.cpp.o -c /home/jtuyls/iree-ai/llvm-aie-port/amd/aie/llvm/lib/Target/AIE/aie1/AIE1InstrInfo.cpp
In file included from /home/jtuyls/iree-ai/llvm-aie-port/amd/aie/llvm/lib/Target/AIE/aie1/AIE1InstrInfo.cpp:17:
/home/jtuyls/iree-ai/llvm-aie-port/amd/aie/llvm/lib/Target/AIE/aie1/AIEHazardRecognizerPRAS.h:38:8: error: ‘bool llvm::AIEHazardRecognizerPRAS::emitNoopsIfNoInstructionsAvailable()’ marked ‘override’, but does not override
   38 |   bool emitNoopsIfNoInstructionsAvailable() override { return true; }
      |        ^~~~~~~~~~~~~~~~~~~~~~~~~~~~~~~~~~
[34/77] Building CXX object lib/Target/AIE/CMakeFiles/LLVMAIECodeGen.dir/aie1/AIE1RegisterBankInfo.cpp.o
[35/77] Building CXX object lib/Target/AIE/CMakeFiles/LLVMAIECodeGen.dir/AIE2TargetMachine.cpp.o
In file included from /home/jtuyls/iree-ai/llvm-aie-port/amd/aie/llvm/lib/Target/AIE/AIE2FrameLowering.h:18,
                 from /home/jtuyls/iree-ai/llvm-aie-port/amd/aie/llvm/lib/Target/AIE/AIE2Subtarget.h:19,
                 from /home/jtuyls/iree-ai/llvm-aie-port/amd/aie/llvm/lib/Target/AIE/AIE2TargetMachine.h:18,
                 from /home/jtuyls/iree-ai/llvm-aie-port/amd/aie/llvm/lib/Target/AIE/AIE2TargetMachine.cpp:15:
/home/jtuyls/iree-ai/llvm-aie-port/amd/aie/llvm/lib/Target/AIE/AIEBaseFrameLowering.h:90:16: warning: ‘virtual void llvm::AIEBaseFrameLowering::adjustReg(llvm::MachineBasicBlock&, llvm::MachineBasicBlock::iterator, const llvm::DebugLoc&, unsigned int, int64_t, llvm::MachineInstr::MIFlag) const’ was hidden [-Woverloaded-virtual=]
   90 |   virtual void adjustReg(MachineBasicBlock &MBB,
      |                ^~~~~~~~~
In file included from /home/jtuyls/iree-ai/llvm-aie-port/amd/aie/llvm/lib/Target/AIE/aie1/AIE1Subtarget.h:19,
                 from /home/jtuyls/iree-ai/llvm-aie-port/amd/aie/llvm/lib/Target/AIE/AIEBaseTargetTransformInfo.h:21,
                 from /home/jtuyls/iree-ai/llvm-aie-port/amd/aie/llvm/lib/Target/AIE/AIE2TargetTransformInfo.h:21,
                 from /home/jtuyls/iree-ai/llvm-aie-port/amd/aie/llvm/lib/Target/AIE/AIE2TargetMachine.cpp:16:
/home/jtuyls/iree-ai/llvm-aie-port/amd/aie/llvm/lib/Target/AIE/aie1/AIE1FrameLowering.h:29:15: note:   by ‘static void llvm::AIEFrameLowering::adjustReg(const llvm::TargetInstrInfo*, llvm::MachineBasicBlock&, llvm::MachineBasicBlock::iterator, const llvm::DebugLoc&, unsigned int, int64_t, llvm::MachineInstr::MIFlag)’
   29 |   static void adjustReg(const TargetInstrInfo *TII, MachineBasicBlock &MBB,
      |               ^~~~~~~~~
/home/jtuyls/iree-ai/llvm-aie-port/amd/aie/llvm/lib/Target/AIE/AIEBaseTargetTransformInfo.h: In instantiation of ‘class llvm::AIEBaseTTIImpl<llvm::AIE2TTIImpl>’:
/home/jtuyls/iree-ai/llvm-aie-port/amd/aie/llvm/lib/Target/AIE/AIE2TargetTransformInfo.h:33:28:   required from here
/home/jtuyls/iree-ai/llvm-aie-port/amd/aie/llvm/lib/Target/AIE/AIEBaseTargetTransformInfo.h:88:19: warning: ‘llvm::InstructionCost llvm::AIEBaseTTIImpl<T>::getIntImmCost(const llvm::APInt&, llvm::Type*, llvm::TargetTransformInfo::TargetCostKind) const [with T = llvm::AIE2TTIImpl]’ can be marked override [-Wsuggest-override]
   88 |   InstructionCost getIntImmCost(const APInt &Imm, Type *Ty, TTI::TargetCostKind CostKind) const { // amd/aie/ port: 23 returns InstructionCost
      |                   ^~~~~~~~~~~~~
/home/jtuyls/iree-ai/llvm-aie-port/amd/aie/llvm/lib/Target/AIE/AIEBaseTargetTransformInfo.h:119:12: warning: ‘llvm::TypeSize llvm::AIEBaseTTIImpl<T>::getRegisterBitWidth(llvm::TargetTransformInfo::RegisterKind) const [with T = llvm::AIE2TTIImpl]’ can be marked override [-Wsuggest-override]
  119 |   TypeSize getRegisterBitWidth(TargetTransformInfo::RegisterKind K) const {
      |            ^~~~~~~~~~~~~~~~~~~
/home/jtuyls/iree-ai/llvm-aie-port/amd/aie/llvm/lib/Target/AIE/AIEBaseTargetTransformInfo.h:134:12: warning: ‘unsigned int llvm::AIEBaseTTIImpl<T>::getMinVectorRegisterBitWidth() const [with T = llvm::AIE2TTIImpl]’ can be marked override [-Wsuggest-override]
  134 |   unsigned getMinVectorRegisterBitWidth() const { return 512; }
      |            ^~~~~~~~~~~~~~~~~~~~~~~~~~~~
/home/jtuyls/iree-ai/llvm-aie-port/amd/aie/llvm/lib/Target/AIE/AIEBaseTargetTransformInfo.h:149:19: warning: ‘llvm::InstructionCost llvm::AIEBaseTTIImpl<T>::getArithmeticInstrCost(unsigned int, llvm::Type*, llvm::TargetTransformInfo::TargetCostKind, llvm::TargetTransformInfo::OperandValueInfo, llvm::TargetTransformInfo::OperandValueInfo, llvm::ArrayRef<const llvm::Value*>, const llvm::Instruction*) const [with T = llvm::AIE2TTIImpl]’ can be marked override [-Wsuggest-override]
  149 |   InstructionCost getArithmeticInstrCost(
      |                   ^~~~~~~~~~~~~~~~~~~~~~
/home/jtuyls/iree-ai/llvm-aie-port/amd/aie/llvm/lib/Target/AIE/AIEBaseTargetTransformInfo.h:167:12: warning: ‘unsigned int llvm::AIEBaseTTIImpl<T>::getStoreVectorFactor(unsigned int, unsigned int, unsigned int, llvm::VectorType*) const [with T = llvm::AIE2TTIImpl]’ can be marked override [-Wsuggest-override]
  167 |   unsigned getStoreVectorFactor(unsigned VF, unsigned StoreSizeInBits,
      |            ^~~~~~~~~~~~~~~~~~~~
/home/jtuyls/iree-ai/llvm-aie-port/amd/aie/llvm/lib/Target/AIE/AIEBaseTargetTransformInfo.h:179:12: warning: ‘unsigned int llvm::AIEBaseTTIImpl<T>::getLoadVectorFactor(unsigned int, unsigned int, unsigned int, llvm::VectorType*) const [with T = llvm::AIE2TTIImpl]’ can be marked override [-Wsuggest-override]
  179 |   unsigned getLoadVectorFactor(unsigned VF, unsigned LoadSizeInBits,
      |            ^~~~~~~~~~~~~~~~~~~
/home/jtuyls/iree-ai/llvm-aie-port/amd/aie/llvm/lib/Target/AIE/AIEBaseTargetTransformInfo.h:186:8: warning: ‘bool llvm::AIEBaseTTIImpl<T>::isLegalToVectorizeStoreChain(unsigned int, llvm::Align, unsigned int) const [with T = llvm::AIE2TTIImpl]’ can be marked override [-Wsuggest-override]
  186 |   bool isLegalToVectorizeStoreChain(unsigned ChainSizeInBytes, Align Alignment,
      |        ^~~~~~~~~~~~~~~~~~~~~~~~~~~~
/home/jtuyls/iree-ai/llvm-aie-port/amd/aie/llvm/lib/Target/AIE/AIE2TargetTransformInfo.h:44:32: warning: ‘virtual std::optional<llvm::Instruction*> llvm::AIE2TTIImpl::instCombineIntrinsic(llvm::InstCombiner&, llvm::IntrinsicInst&) const’ can be marked override [-Wsuggest-override]
   44 |   std::optional<Instruction *> instCombineIntrinsic(InstCombiner &IC,
      |                                ^~~~~~~~~~~~~~~~~~~~
/home/jtuyls/iree-ai/llvm-aie-port/amd/aie/llvm/lib/Target/AIE/AIE2TargetTransformInfo.h:63:19: warning: ‘virtual llvm::InstructionCost llvm::AIE2TTIImpl::getMemoryOpCost(unsigned int, llvm::Type*, llvm::Align, unsigned int, llvm::TargetTransformInfo::TargetCostKind, llvm::TargetTransformInfo::OperandValueInfo, const llvm::Instruction*) const’ can be marked override [-Wsuggest-override]
   63 |   InstructionCost getMemoryOpCost(
      |                   ^~~~~~~~~~~~~~~
[36/77] Building CXX object lib/Target/AIE/CMakeFiles/LLVMAIECodeGen.dir/AIE2InstructionSelector.cpp.o
In file included from /home/jtuyls/iree-ai/llvm-aie-port/amd/aie/llvm/lib/Target/AIE/InstPrinter/AIE2InstPrinter.h:18,
                 from /home/jtuyls/iree-ai/llvm-aie-port/amd/aie/llvm/lib/Target/AIE/AIE2InstructionSelector.cpp:21:
/home/jtuyls/iree-ai/llvm-aie-port/amd/aie/llvm/lib/Target/AIE/InstPrinter/AIECommonInstPrinter.h: In member function ‘void llvm::AIECommonInstPrinter::printImmOffset(const llvm::MCOperand&, const llvm::MCSubtargetInfo&, llvm::raw_ostream&)’:
/home/jtuyls/iree-ai/llvm-aie-port/amd/aie/llvm/lib/Target/AIE/InstPrinter/AIECommonInstPrinter.h:54:5: warning: invalid use of incomplete type ‘const class llvm::MCAsmInfo’
   54 |     MAI.printExpr(O, *MO.getExpr());
      |     ^~~
In file included from /home/jtuyls/iree-ai/llvm-aie-port/llvm/include/llvm/MC/MCSymbol.h:18,
                 from /home/jtuyls/iree-ai/llvm-aie-port/llvm/include/llvm/CodeGen/MachineInstr.h:32,
                 from /home/jtuyls/iree-ai/llvm-aie-port/llvm/include/llvm/CodeGen/MachineBasicBlock.h:22,
                 from /home/jtuyls/iree-ai/llvm-aie-port/llvm/include/llvm/CodeGen/MachineFunction.h:26,
                 from /home/jtuyls/iree-ai/llvm-aie-port/llvm/include/llvm/CodeGen/GlobalISel/GISelChangeObserver.h:18,
                 from /home/jtuyls/iree-ai/llvm-aie-port/llvm/include/llvm/CodeGen/GlobalISel/GISelValueTracking.h:19,
                 from /home/jtuyls/iree-ai/llvm-aie-port/llvm/include/llvm/CodeGen/GlobalISel/GISelKnownBits.h:18,
                 from /home/jtuyls/iree-ai/llvm-aie-port/amd/aie/llvm/lib/Target/AIE/AIE2InstructionSelector.cpp:17:
/home/jtuyls/iree-ai/llvm-aie-port/llvm/include/llvm/MC/MCExpr.h:19:7: note: forward declaration of ‘class llvm::MCAsmInfo’
   19 | class MCAsmInfo;
      |       ^~~~~~~~~
[37/77] Building CXX object lib/Target/AIE/CMakeFiles/LLVMAIECodeGen.dir/AIEBaseTargetMachine.cpp.o
FAILED: lib/Target/AIE/CMakeFiles/LLVMAIECodeGen.dir/AIEBaseTargetMachine.cpp.o 
CCACHE_CPP2=yes CCACHE_HASHDIR=yes CCACHE_SLOPPINESS=pch_defines,time_macros /usr/bin/ccache /usr/bin/g++ -D_DEBUG -D_GLIBCXX_ASSERTIONS -D_GLIBCXX_USE_CXX11_ABI=1 -D_GNU_SOURCE -D_LIBCPP_HARDENING_MODE=_LIBCPP_HARDENING_MODE_EXTENSIVE -D__STDC_CONSTANT_MACROS -D__STDC_FORMAT_MACROS -D__STDC_LIMIT_MACROS -I/home/jtuyls/iree-ai/llvm-aie-port/build/lib/Target/AIE -I/home/jtuyls/iree-ai/llvm-aie-port/amd/aie/llvm/lib/Target/AIE -I/home/jtuyls/iree-ai/llvm-aie-port/build/include -I/home/jtuyls/iree-ai/llvm-aie-port/llvm/include -I/home/jtuyls/iree-ai/llvm-aie-port/amd/aie/llvm/include -fPIC -fno-semantic-interposition -fvisibility-inlines-hidden -Werror=date-time -Wall -Wextra -Wno-unused-parameter -Wwrite-strings -Wcast-qual -Wno-missing-field-initializers -pedantic -Wno-long-long -Wimplicit-fallthrough -Wno-uninitialized -Wno-nonnull -Wno-class-memaccess -Wno-dangling-reference -Wno-redundant-move -Wno-pessimizing-move -Wno-array-bounds -Wno-stringop-overread -Wno-dangling-pointer -Wno-noexcept-type -Wdelete-non-virtual-dtor -Wsuggest-override -Wno-comment -Wno-misleading-indentation -Wctad-maybe-unsupported -fdiagnostics-color -ffunction-sections -fdata-sections -O3 -DNDEBUG -std=c++17 -fvisibility=hidden -UNDEBUG -fno-exceptions -funwind-tables -fno-rtti -MD -MT lib/Target/AIE/CMakeFiles/LLVMAIECodeGen.dir/AIEBaseTargetMachine.cpp.o -MF lib/Target/AIE/CMakeFiles/LLVMAIECodeGen.dir/AIEBaseTargetMachine.cpp.o.d -o lib/Target/AIE/CMakeFiles/LLVMAIECodeGen.dir/AIEBaseTargetMachine.cpp.o -c /home/jtuyls/iree-ai/llvm-aie-port/amd/aie/llvm/lib/Target/AIE/AIEBaseTargetMachine.cpp
In file included from /home/jtuyls/iree-ai/llvm-aie-port/amd/aie/llvm/lib/Target/AIE/AIE2FrameLowering.h:18,
                 from /home/jtuyls/iree-ai/llvm-aie-port/amd/aie/llvm/lib/Target/AIE/AIE2Subtarget.h:19,
                 from /home/jtuyls/iree-ai/llvm-aie-port/amd/aie/llvm/lib/Target/AIE/AIE2TargetMachine.h:18,
                 from /home/jtuyls/iree-ai/llvm-aie-port/amd/aie/llvm/lib/Target/AIE/AIEBaseTargetMachine.cpp:18:
/home/jtuyls/iree-ai/llvm-aie-port/amd/aie/llvm/lib/Target/AIE/AIEBaseFrameLowering.h:90:16: warning: ‘virtual void llvm::AIEBaseFrameLowering::adjustReg(llvm::MachineBasicBlock&, llvm::MachineBasicBlock::iterator, const llvm::DebugLoc&, unsigned int, int64_t, llvm::MachineInstr::MIFlag) const’ was hidden [-Woverloaded-virtual=]
   90 |   virtual void adjustReg(MachineBasicBlock &MBB,
      |                ^~~~~~~~~
In file included from /home/jtuyls/iree-ai/llvm-aie-port/amd/aie/llvm/lib/Target/AIE/aie1/AIE1Subtarget.h:19,
                 from /home/jtuyls/iree-ai/llvm-aie-port/amd/aie/llvm/lib/Target/AIE/aie1/AIE1TargetMachine.h:20,
                 from /home/jtuyls/iree-ai/llvm-aie-port/amd/aie/llvm/lib/Target/AIE/AIEBaseTargetMachine.cpp:25:
/home/jtuyls/iree-ai/llvm-aie-port/amd/aie/llvm/lib/Target/AIE/aie1/AIE1FrameLowering.h:29:15: note:   by ‘static void llvm::AIEFrameLowering::adjustReg(const llvm::TargetInstrInfo*, llvm::MachineBasicBlock&, llvm::MachineBasicBlock::iterator, const llvm::DebugLoc&, unsigned int, int64_t, llvm::MachineInstr::MIFlag)’
   29 |   static void adjustReg(const TargetInstrInfo *TII, MachineBasicBlock &MBB,
      |               ^~~~~~~~~
/home/jtuyls/iree-ai/llvm-aie-port/amd/aie/llvm/lib/Target/AIE/AIEBaseTargetMachine.cpp: In member function ‘virtual void llvm::AIEBasePassConfig::addPreSched2()’:
/home/jtuyls/iree-ai/llvm-aie-port/amd/aie/llvm/lib/Target/AIE/AIEBaseTargetMachine.cpp:399:12: error: ‘FinalizeMachineBundlesID’ was not declared in this scope
  399 |   addPass(&FinalizeMachineBundlesID);
      |            ^~~~~~~~~~~~~~~~~~~~~~~~
[38/77] Building CXX object lib/Target/AIE/CMakeFiles/LLVMAIECodeGen.dir/aie2p/AIE2PFrameLowering.cpp.o
[39/77] Building CXX object lib/Target/AIE/CMakeFiles/LLVMAIECodeGen.dir/AIE2InstrInfo.cpp.o
[40/77] Building CXX object lib/Target/AIE/CMakeFiles/LLVMAIECodeGen.dir/aie1/AIE1RegisterInfo.cpp.o
In file included from /home/jtuyls/iree-ai/llvm-aie-port/amd/aie/llvm/lib/Target/AIE/aie1/AIE1FrameLowering.h:18,
                 from /home/jtuyls/iree-ai/llvm-aie-port/amd/aie/llvm/lib/Target/AIE/aie1/AIE1Subtarget.h:19,
                 from /home/jtuyls/iree-ai/llvm-aie-port/amd/aie/llvm/lib/Target/AIE/aie1/AIE1RegisterInfo.cpp:17:
/home/jtuyls/iree-ai/llvm-aie-port/amd/aie/llvm/lib/Target/AIE/AIEBaseFrameLowering.h:90:16: warning: ‘virtual void llvm::AIEBaseFrameLowering::adjustReg(llvm::MachineBasicBlock&, llvm::MachineBasicBlock::iterator, const llvm::DebugLoc&, unsigned int, int64_t, llvm::MachineInstr::MIFlag) const’ was hidden [-Woverloaded-virtual=]
   90 |   virtual void adjustReg(MachineBasicBlock &MBB,
      |                ^~~~~~~~~
/home/jtuyls/iree-ai/llvm-aie-port/amd/aie/llvm/lib/Target/AIE/aie1/AIE1FrameLowering.h:29:15: note:   by ‘static void llvm::AIEFrameLowering::adjustReg(const llvm::TargetInstrInfo*, llvm::MachineBasicBlock&, llvm::MachineBasicBlock::iterator, const llvm::DebugLoc&, unsigned int, int64_t, llvm::MachineInstr::MIFlag)’
   29 |   static void adjustReg(const TargetInstrInfo *TII, MachineBasicBlock &MBB,
      |               ^~~~~~~~~
[41/77] Building CXX object lib/Target/AIE/CMakeFiles/LLVMAIECodeGen.dir/AIE2PreLegalizerCombiner.cpp.o
[42/77] Building CXX object lib/Target/AIE/CMakeFiles/LLVMAIECodeGen.dir/aie2p/AIE2PRegisterBankInfo.cpp.o
[43/77] Building CXX object lib/Target/AIE/CMakeFiles/LLVMAIECodeGen.dir/aie2p/AIE2PSubtarget.cpp.o
[44/77] Building CXX object lib/Target/AIE/CMakeFiles/LLVMAIECodeGen.dir/aie1/AIE1Subtarget.cpp.o
In file included from /home/jtuyls/iree-ai/llvm-aie-port/amd/aie/llvm/lib/Target/AIE/aie1/AIE1FrameLowering.h:18,
                 from /home/jtuyls/iree-ai/llvm-aie-port/amd/aie/llvm/lib/Target/AIE/aie1/AIE1Subtarget.h:19,
                 from /home/jtuyls/iree-ai/llvm-aie-port/amd/aie/llvm/lib/Target/AIE/aie1/AIE1Subtarget.cpp:15:
/home/jtuyls/iree-ai/llvm-aie-port/amd/aie/llvm/lib/Target/AIE/AIEBaseFrameLowering.h:90:16: warning: ‘virtual void llvm::AIEBaseFrameLowering::adjustReg(llvm::MachineBasicBlock&, llvm::MachineBasicBlock::iterator, const llvm::DebugLoc&, unsigned int, int64_t, llvm::MachineInstr::MIFlag) const’ was hidden [-Woverloaded-virtual=]
   90 |   virtual void adjustReg(MachineBasicBlock &MBB,
      |                ^~~~~~~~~
/home/jtuyls/iree-ai/llvm-aie-port/amd/aie/llvm/lib/Target/AIE/aie1/AIE1FrameLowering.h:29:15: note:   by ‘static void llvm::AIEFrameLowering::adjustReg(const llvm::TargetInstrInfo*, llvm::MachineBasicBlock&, llvm::MachineBasicBlock::iterator, const llvm::DebugLoc&, unsigned int, int64_t, llvm::MachineInstr::MIFlag)’
   29 |   static void adjustReg(const TargetInstrInfo *TII, MachineBasicBlock &MBB,
      |               ^~~~~~~~~
[45/77] Building CXX object lib/Target/AIE/MCTargetDesc/CMakeFiles/LLVMAIEDesc.dir/AIEMCAsmInfo.cpp.o
[46/77] Building CXX object lib/Target/AIE/CMakeFiles/LLVMAIECodeGen.dir/aie1/AIE1ISelLowering.cpp.o
In file included from /home/jtuyls/iree-ai/llvm-aie-port/amd/aie/llvm/lib/Target/AIE/aie1/AIE1FrameLowering.h:18,
                 from /home/jtuyls/iree-ai/llvm-aie-port/amd/aie/llvm/lib/Target/AIE/aie1/AIE1Subtarget.h:19,
                 from /home/jtuyls/iree-ai/llvm-aie-port/amd/aie/llvm/lib/Target/AIE/aie1/AIE1ISelLowering.cpp:21:
/home/jtuyls/iree-ai/llvm-aie-port/amd/aie/llvm/lib/Target/AIE/AIEBaseFrameLowering.h:90:16: warning: ‘virtual void llvm::AIEBaseFrameLowering::adjustReg(llvm::MachineBasicBlock&, llvm::MachineBasicBlock::iterator, const llvm::DebugLoc&, unsigned int, int64_t, llvm::MachineInstr::MIFlag) const’ was hidden [-Woverloaded-virtual=]
   90 |   virtual void adjustReg(MachineBasicBlock &MBB,
      |                ^~~~~~~~~
/home/jtuyls/iree-ai/llvm-aie-port/amd/aie/llvm/lib/Target/AIE/aie1/AIE1FrameLowering.h:29:15: note:   by ‘static void llvm::AIEFrameLowering::adjustReg(const llvm::TargetInstrInfo*, llvm::MachineBasicBlock&, llvm::MachineBasicBlock::iterator, const llvm::DebugLoc&, unsigned int, int64_t, llvm::MachineInstr::MIFlag)’
   29 |   static void adjustReg(const TargetInstrInfo *TII, MachineBasicBlock &MBB,
      |               ^~~~~~~~~
[47/77] Building CXX object lib/Target/AIE/CMakeFiles/LLVMAIECodeGen.dir/AIE2TargetTransformInfo.cpp.o
In file included from /home/jtuyls/iree-ai/llvm-aie-port/amd/aie/llvm/lib/Target/AIE/AIE2FrameLowering.h:18,
                 from /home/jtuyls/iree-ai/llvm-aie-port/amd/aie/llvm/lib/Target/AIE/AIE2Subtarget.h:19,
                 from /home/jtuyls/iree-ai/llvm-aie-port/amd/aie/llvm/lib/Target/AIE/AIE2TargetMachine.h:18,
                 from /home/jtuyls/iree-ai/llvm-aie-port/amd/aie/llvm/lib/Target/AIE/AIE2TargetTransformInfo.h:20,
                 from /home/jtuyls/iree-ai/llvm-aie-port/amd/aie/llvm/lib/Target/AIE/AIE2TargetTransformInfo.cpp:11:
/home/jtuyls/iree-ai/llvm-aie-port/amd/aie/llvm/lib/Target/AIE/AIEBaseFrameLowering.h:90:16: warning: ‘virtual void llvm::AIEBaseFrameLowering::adjustReg(llvm::MachineBasicBlock&, llvm::MachineBasicBlock::iterator, const llvm::DebugLoc&, unsigned int, int64_t, llvm::MachineInstr::MIFlag) const’ was hidden [-Woverloaded-virtual=]
   90 |   virtual void adjustReg(MachineBasicBlock &MBB,
      |                ^~~~~~~~~
In file included from /home/jtuyls/iree-ai/llvm-aie-port/amd/aie/llvm/lib/Target/AIE/aie1/AIE1Subtarget.h:19,
                 from /home/jtuyls/iree-ai/llvm-aie-port/amd/aie/llvm/lib/Target/AIE/AIEBaseTargetTransformInfo.h:21,
                 from /home/jtuyls/iree-ai/llvm-aie-port/amd/aie/llvm/lib/Target/AIE/AIE2TargetTransformInfo.h:21:
/home/jtuyls/iree-ai/llvm-aie-port/amd/aie/llvm/lib/Target/AIE/aie1/AIE1FrameLowering.h:29:15: note:   by ‘static void llvm::AIEFrameLowering::adjustReg(const llvm::TargetInstrInfo*, llvm::MachineBasicBlock&, llvm::MachineBasicBlock::iterator, const llvm::DebugLoc&, unsigned int, int64_t, llvm::MachineInstr::MIFlag)’
   29 |   static void adjustReg(const TargetInstrInfo *TII, MachineBasicBlock &MBB,
      |               ^~~~~~~~~
/home/jtuyls/iree-ai/llvm-aie-port/amd/aie/llvm/lib/Target/AIE/AIEBaseTargetTransformInfo.h: In instantiation of ‘class llvm::AIEBaseTTIImpl<llvm::AIE2TTIImpl>’:
/home/jtuyls/iree-ai/llvm-aie-port/amd/aie/llvm/lib/Target/AIE/AIE2TargetTransformInfo.h:33:28:   required from here
/home/jtuyls/iree-ai/llvm-aie-port/amd/aie/llvm/lib/Target/AIE/AIEBaseTargetTransformInfo.h:88:19: warning: ‘llvm::InstructionCost llvm::AIEBaseTTIImpl<T>::getIntImmCost(const llvm::APInt&, llvm::Type*, llvm::TargetTransformInfo::TargetCostKind) const [with T = llvm::AIE2TTIImpl]’ can be marked override [-Wsuggest-override]
   88 |   InstructionCost getIntImmCost(const APInt &Imm, Type *Ty, TTI::TargetCostKind CostKind) const { // amd/aie/ port: 23 returns InstructionCost
      |                   ^~~~~~~~~~~~~
/home/jtuyls/iree-ai/llvm-aie-port/amd/aie/llvm/lib/Target/AIE/AIEBaseTargetTransformInfo.h:119:12: warning: ‘llvm::TypeSize llvm::AIEBaseTTIImpl<T>::getRegisterBitWidth(llvm::TargetTransformInfo::RegisterKind) const [with T = llvm::AIE2TTIImpl]’ can be marked override [-Wsuggest-override]
  119 |   TypeSize getRegisterBitWidth(TargetTransformInfo::RegisterKind K) const {
      |            ^~~~~~~~~~~~~~~~~~~
/home/jtuyls/iree-ai/llvm-aie-port/amd/aie/llvm/lib/Target/AIE/AIEBaseTargetTransformInfo.h:134:12: warning: ‘unsigned int llvm::AIEBaseTTIImpl<T>::getMinVectorRegisterBitWidth() const [with T = llvm::AIE2TTIImpl]’ can be marked override [-Wsuggest-override]
  134 |   unsigned getMinVectorRegisterBitWidth() const { return 512; }
      |            ^~~~~~~~~~~~~~~~~~~~~~~~~~~~
/home/jtuyls/iree-ai/llvm-aie-port/amd/aie/llvm/lib/Target/AIE/AIEBaseTargetTransformInfo.h:149:19: warning: ‘llvm::InstructionCost llvm::AIEBaseTTIImpl<T>::getArithmeticInstrCost(unsigned int, llvm::Type*, llvm::TargetTransformInfo::TargetCostKind, llvm::TargetTransformInfo::OperandValueInfo, llvm::TargetTransformInfo::OperandValueInfo, llvm::ArrayRef<const llvm::Value*>, const llvm::Instruction*) const [with T = llvm::AIE2TTIImpl]’ can be marked override [-Wsuggest-override]
  149 |   InstructionCost getArithmeticInstrCost(
      |                   ^~~~~~~~~~~~~~~~~~~~~~
/home/jtuyls/iree-ai/llvm-aie-port/amd/aie/llvm/lib/Target/AIE/AIEBaseTargetTransformInfo.h:167:12: warning: ‘unsigned int llvm::AIEBaseTTIImpl<T>::getStoreVectorFactor(unsigned int, unsigned int, unsigned int, llvm::VectorType*) const [with T = llvm::AIE2TTIImpl]’ can be marked override [-Wsuggest-override]
  167 |   unsigned getStoreVectorFactor(unsigned VF, unsigned StoreSizeInBits,
      |            ^~~~~~~~~~~~~~~~~~~~
/home/jtuyls/iree-ai/llvm-aie-port/amd/aie/llvm/lib/Target/AIE/AIEBaseTargetTransformInfo.h:179:12: warning: ‘unsigned int llvm::AIEBaseTTIImpl<T>::getLoadVectorFactor(unsigned int, unsigned int, unsigned int, llvm::VectorType*) const [with T = llvm::AIE2TTIImpl]’ can be marked override [-Wsuggest-override]
  179 |   unsigned getLoadVectorFactor(unsigned VF, unsigned LoadSizeInBits,
      |            ^~~~~~~~~~~~~~~~~~~
/home/jtuyls/iree-ai/llvm-aie-port/amd/aie/llvm/lib/Target/AIE/AIEBaseTargetTransformInfo.h:186:8: warning: ‘bool llvm::AIEBaseTTIImpl<T>::isLegalToVectorizeStoreChain(unsigned int, llvm::Align, unsigned int) const [with T = llvm::AIE2TTIImpl]’ can be marked override [-Wsuggest-override]
  186 |   bool isLegalToVectorizeStoreChain(unsigned ChainSizeInBytes, Align Alignment,
      |        ^~~~~~~~~~~~~~~~~~~~~~~~~~~~
/home/jtuyls/iree-ai/llvm-aie-port/amd/aie/llvm/lib/Target/AIE/AIE2TargetTransformInfo.h:44:32: warning: ‘virtual std::optional<llvm::Instruction*> llvm::AIE2TTIImpl::instCombineIntrinsic(llvm::InstCombiner&, llvm::IntrinsicInst&) const’ can be marked override [-Wsuggest-override]
   44 |   std::optional<Instruction *> instCombineIntrinsic(InstCombiner &IC,
      |                                ^~~~~~~~~~~~~~~~~~~~
/home/jtuyls/iree-ai/llvm-aie-port/amd/aie/llvm/lib/Target/AIE/AIE2TargetTransformInfo.h:63:19: warning: ‘virtual llvm::InstructionCost llvm::AIE2TTIImpl::getMemoryOpCost(unsigned int, llvm::Type*, llvm::Align, unsigned int, llvm::TargetTransformInfo::TargetCostKind, llvm::TargetTransformInfo::OperandValueInfo, const llvm::Instruction*) const’ can be marked override [-Wsuggest-override]
   63 |   InstructionCost getMemoryOpCost(
      |                   ^~~~~~~~~~~~~~~
[48/77] Building CXX object lib/Target/AIE/CMakeFiles/LLVMAIECodeGen.dir/aie2ps/AIE2PSSubtarget.cpp.o
[49/77] Building CXX object lib/Target/AIE/CMakeFiles/LLVMAIECodeGen.dir/aie2p/AIE2PRegisterInfo.cpp.o
In file included from /home/jtuyls/iree-ai/llvm-aie-port/amd/aie/llvm/lib/Target/AIE/aie2p/AIE2PRegisterInfo.h:19,
                 from /home/jtuyls/iree-ai/llvm-aie-port/amd/aie/llvm/lib/Target/AIE/aie2p/AIE2PRegisterInfo.cpp:16:
/home/jtuyls/iree-ai/llvm-aie-port/amd/aie/llvm/lib/Target/AIE/AIEBaseRegisterInfo.h: In instantiation of ‘bool llvm::isEncodableAsNegativeInt(int) [with int N = 9; unsigned int step = 4]’:
/home/jtuyls/iree-ai/llvm-aie-port/amd/aie/llvm/lib/Target/AIE/aie2p/AIE2PRegisterInfo.cpp:210:39:   required from here
/home/jtuyls/iree-ai/llvm-aie-port/amd/aie/llvm/lib/Target/AIE/AIEBaseRegisterInfo.h:156:32: warning: ‘constexpr size_t llvm::CTLog2() [with long unsigned int kValue = 4; size_t = long unsigned int]’ is deprecated: Use ConstantLog2 instead [-Wdeprecated-declarations]
  156 |   return isInt<N + CTLog2<step>() + 1>(Value);
      |                    ~~~~~~~~~~~~^~
In file included from /home/jtuyls/iree-ai/llvm-aie-port/llvm/include/llvm/ADT/SmallPtrSet.h:23,
                 from /home/jtuyls/iree-ai/llvm-aie-port/llvm/include/llvm/ADT/SmallSet.h:19,
                 from /home/jtuyls/iree-ai/llvm-aie-port/amd/aie/llvm/lib/Target/AIE/AIEBaseRegisterInfo.h:18:
/home/jtuyls/iree-ai/llvm-aie-port/llvm/include/llvm/Support/MathExtras.h:324:18: note: declared here
  324 | constexpr size_t CTLog2() {
      |                  ^~~~~~
[50/77] Building CXX object lib/Target/AIE/MCTargetDesc/CMakeFiles/LLVMAIEDesc.dir/AIEMCExpr.cpp.o
[51/77] Building CXX object lib/Target/AIE/MCTargetDesc/CMakeFiles/LLVMAIEDesc.dir/AIEELFObjectWriter.cpp.o
FAILED: lib/Target/AIE/MCTargetDesc/CMakeFiles/LLVMAIEDesc.dir/AIEELFObjectWriter.cpp.o 
CCACHE_CPP2=yes CCACHE_HASHDIR=yes CCACHE_SLOPPINESS=pch_defines,time_macros /usr/bin/ccache /usr/bin/g++ -D_DEBUG -D_GLIBCXX_ASSERTIONS -D_GLIBCXX_USE_CXX11_ABI=1 -D_GNU_SOURCE -D_LIBCPP_HARDENING_MODE=_LIBCPP_HARDENING_MODE_EXTENSIVE -D__STDC_CONSTANT_MACROS -D__STDC_FORMAT_MACROS -D__STDC_LIMIT_MACROS -I/home/jtuyls/iree-ai/llvm-aie-port/build/lib/Target/AIE/MCTargetDesc -I/home/jtuyls/iree-ai/llvm-aie-port/amd/aie/llvm/lib/Target/AIE/MCTargetDesc -I/home/jtuyls/iree-ai/llvm-aie-port/amd/aie/llvm/lib/Target/AIE -I/home/jtuyls/iree-ai/llvm-aie-port/build/lib/Target/AIE -I/home/jtuyls/iree-ai/llvm-aie-port/build/include -I/home/jtuyls/iree-ai/llvm-aie-port/llvm/include -I/home/jtuyls/iree-ai/llvm-aie-port/amd/aie/llvm/include -fPIC -fno-semantic-interposition -fvisibility-inlines-hidden -Werror=date-time -Wall -Wextra -Wno-unused-parameter -Wwrite-strings -Wcast-qual -Wno-missing-field-initializers -pedantic -Wno-long-long -Wimplicit-fallthrough -Wno-uninitialized -Wno-nonnull -Wno-class-memaccess -Wno-dangling-reference -Wno-redundant-move -Wno-pessimizing-move -Wno-array-bounds -Wno-stringop-overread -Wno-dangling-pointer -Wno-noexcept-type -Wdelete-non-virtual-dtor -Wsuggest-override -Wno-comment -Wno-misleading-indentation -Wctad-maybe-unsupported -fdiagnostics-color -ffunction-sections -fdata-sections -O3 -DNDEBUG -std=c++17 -fvisibility=hidden -UNDEBUG -fno-exceptions -funwind-tables -fno-rtti -MD -MT lib/Target/AIE/MCTargetDesc/CMakeFiles/LLVMAIEDesc.dir/AIEELFObjectWriter.cpp.o -MF lib/Target/AIE/MCTargetDesc/CMakeFiles/LLVMAIEDesc.dir/AIEELFObjectWriter.cpp.o.d -o lib/Target/AIE/MCTargetDesc/CMakeFiles/LLVMAIEDesc.dir/AIEELFObjectWriter.cpp.o -c /home/jtuyls/iree-ai/llvm-aie-port/amd/aie/llvm/lib/Target/AIE/MCTargetDesc/AIEELFObjectWriter.cpp
/home/jtuyls/iree-ai/llvm-aie-port/amd/aie/llvm/lib/Target/AIE/MCTargetDesc/AIEELFObjectWriter.cpp:37:8: error: ‘bool {anonymous}::AIEELFObjectWriter::needsRelocateWithSymbol(const llvm::MCValue&, const llvm::MCSymbol&, unsigned int) const’ marked ‘override’, but does not override
   37 |   bool needsRelocateWithSymbol(const MCValue &Val,
      |        ^~~~~~~~~~~~~~~~~~~~~~~
/home/jtuyls/iree-ai/llvm-aie-port/amd/aie/llvm/lib/Target/AIE/MCTargetDesc/AIEELFObjectWriter.cpp:45:12: error: ‘unsigned int {anonymous}::AIEELFObjectWriter::getRelocType(llvm::MCContext&, const llvm::MCValue&, const llvm::MCFixup&, bool) const’ marked ‘override’, but does not override
   45 |   unsigned getRelocType(MCContext &Ctx, const MCValue &Target,
      |            ^~~~~~~~~~~~
In file included from /home/jtuyls/iree-ai/llvm-aie-port/amd/aie/llvm/lib/Target/AIE/MCTargetDesc/AIEELFObjectWriter.cpp:16:
/home/jtuyls/iree-ai/llvm-aie-port/llvm/include/llvm/MC/MCELFObjectWriter.h:91:16: warning: ‘virtual bool llvm::MCELFObjectTargetWriter::needsRelocateWithSymbol(const llvm::MCValue&, unsigned int) const’ was hidden [-Woverloaded-virtual=]
   91 |   virtual bool needsRelocateWithSymbol(const MCValue &, unsigned Type) const {
      |                ^~~~~~~~~~~~~~~~~~~~~~~
/home/jtuyls/iree-ai/llvm-aie-port/amd/aie/llvm/lib/Target/AIE/MCTargetDesc/AIEELFObjectWriter.cpp:37:8: note:   by ‘bool {anonymous}::AIEELFObjectWriter::needsRelocateWithSymbol(const llvm::MCValue&, const llvm::MCSymbol&, unsigned int) const’
   37 |   bool needsRelocateWithSymbol(const MCValue &Val,
      |        ^~~~~~~~~~~~~~~~~~~~~~~
/home/jtuyls/iree-ai/llvm-aie-port/llvm/include/llvm/MC/MCELFObjectWriter.h:88:20: warning: ‘virtual unsigned int llvm::MCELFObjectTargetWriter::getRelocType(const llvm::MCFixup&, const llvm::MCValue&, bool) const’ was hidden [-Woverloaded-virtual=]
   88 |   virtual unsigned getRelocType(const MCFixup &Fixup, const MCValue &Target,
      |                    ^~~~~~~~~~~~
/home/jtuyls/iree-ai/llvm-aie-port/amd/aie/llvm/lib/Target/AIE/MCTargetDesc/AIEELFObjectWriter.cpp:45:12: note:   by ‘unsigned int {anonymous}::AIEELFObjectWriter::getRelocType(llvm::MCContext&, const llvm::MCValue&, const llvm::MCFixup&, bool) const’
   45 |   unsigned getRelocType(MCContext &Ctx, const MCValue &Target,
      |            ^~~~~~~~~~~~
In file included from /usr/include/c++/13/memory:78,
                 from /home/jtuyls/iree-ai/llvm-aie-port/llvm/include/llvm/ADT/STLExtras.h:36,
                 from /home/jtuyls/iree-ai/llvm-aie-port/llvm/include/llvm/ADT/DenseMap.h:20,
                 from /home/jtuyls/iree-ai/llvm-aie-port/llvm/include/llvm/MC/MCExpr.h:12,
                 from /home/jtuyls/iree-ai/llvm-aie-port/llvm/include/llvm/MC/MCSymbol.h:18,
                 from /home/jtuyls/iree-ai/llvm-aie-port/llvm/include/llvm/MC/MCObjectWriter.h:12,
                 from /home/jtuyls/iree-ai/llvm-aie-port/amd/aie/llvm/lib/Target/AIE/MCTargetDesc/AIEMCTargetDesc.h:19,
                 from /home/jtuyls/iree-ai/llvm-aie-port/amd/aie/llvm/lib/Target/AIE/Utils/AIEBaseInfo.h:18,
                 from /home/jtuyls/iree-ai/llvm-aie-port/amd/aie/llvm/lib/Target/AIE/AIE.h:19,
                 from /home/jtuyls/iree-ai/llvm-aie-port/amd/aie/llvm/lib/Target/AIE/MCTargetDesc/AIEFormat.h:16,
                 from /home/jtuyls/iree-ai/llvm-aie-port/amd/aie/llvm/lib/Target/AIE/MCTargetDesc/AIEMCFormats.h:17,
                 from /home/jtuyls/iree-ai/llvm-aie-port/amd/aie/llvm/lib/Target/AIE/MCTargetDesc/AIEMCFixupKinds.h:14,
                 from /home/jtuyls/iree-ai/llvm-aie-port/amd/aie/llvm/lib/Target/AIE/MCTargetDesc/AIE1MCFixupKinds.h:14,
                 from /home/jtuyls/iree-ai/llvm-aie-port/amd/aie/llvm/lib/Target/AIE/MCTargetDesc/AIEELFObjectWriter.cpp:11:
/usr/include/c++/13/bits/unique_ptr.h: In instantiation of ‘std::__detail::__unique_ptr_t<_Tp> std::make_unique(_Args&& ...) [with _Tp = {anonymous}::AIEELFObjectWriter; _Args = {unsigned char&, llvm::Triple&}; __detail::__unique_ptr_t<_Tp> = __detail::__unique_ptr_t<{anonymous}::AIEELFObjectWriter>]’:
/home/jtuyls/iree-ai/llvm-aie-port/amd/aie/llvm/lib/Target/AIE/MCTargetDesc/AIEELFObjectWriter.cpp:152:46:   required from here
/usr/include/c++/13/bits/unique_ptr.h:1070:30: error: invalid new-expression of abstract class type ‘{anonymous}::AIEELFObjectWriter’
 1070 |     { return unique_ptr<_Tp>(new _Tp(std::forward<_Args>(__args)...)); }
      |                              ^~~~~~~~~~~~~~~~~~~~~~~~~~~~~~~~~~~~~~~
/home/jtuyls/iree-ai/llvm-aie-port/amd/aie/llvm/lib/Target/AIE/MCTargetDesc/AIEELFObjectWriter.cpp:27:7: note:   because the following virtual functions are pure within ‘{anonymous}::AIEELFObjectWriter’:
   27 | class AIEELFObjectWriter : public MCELFObjectTargetWriter {
      |       ^~~~~~~~~~~~~~~~~~
/home/jtuyls/iree-ai/llvm-aie-port/llvm/include/llvm/MC/MCELFObjectWriter.h:88:20: note:     ‘virtual unsigned int llvm::MCELFObjectTargetWriter::getRelocType(const llvm::MCFixup&, const llvm::MCValue&, bool) const’
   88 |   virtual unsigned getRelocType(const MCFixup &Fixup, const MCValue &Target,
      |                    ^~~~~~~~~~~~
/home/jtuyls/iree-ai/llvm-aie-port/amd/aie/llvm/lib/Target/AIE/MCTargetDesc/AIEELFObjectWriter.cpp:134:10: warning: ‘unsigned int {anonymous}::AIEELFObjectWriter::getRelocType(llvm::MCContext&, const llvm::MCValue&, const llvm::MCFixup&, bool) const’ defined but not used [-Wunused-function]
  134 | unsigned AIEELFObjectWriter::getRelocType(MCContext &Ctx, const MCValue &Target,
      |          ^~~~~~~~~~~~~~~~~~
/home/jtuyls/iree-ai/llvm-aie-port/amd/aie/llvm/lib/Target/AIE/MCTargetDesc/AIEELFObjectWriter.cpp:51:1: warning: ‘{anonymous}::AIEELFObjectWriter::AIEELFObjectWriter(uint8_t, llvm::Triple)’ defined but not used [-Wunused-function]
   51 | AIEELFObjectWriter::AIEELFObjectWriter(uint8_t OSABI, Triple Triple)
      | ^~~~~~~~~~~~~~~~~~
[52/77] Building CXX object lib/Target/AIE/CMakeFiles/LLVMAIECodeGen.dir/aie2ps/AIE2PSRegisterInfo.cpp.o
In file included from /home/jtuyls/iree-ai/llvm-aie-port/amd/aie/llvm/lib/Target/AIE/aie2ps/AIE2PSRegisterInfo.h:19,
                 from /home/jtuyls/iree-ai/llvm-aie-port/amd/aie/llvm/lib/Target/AIE/aie2ps/AIE2PSRegisterInfo.cpp:16:
/home/jtuyls/iree-ai/llvm-aie-port/amd/aie/llvm/lib/Target/AIE/AIEBaseRegisterInfo.h: In instantiation of ‘bool llvm::isEncodableAsNegativeInt(int) [with int N = 9; unsigned int step = 4]’:
/home/jtuyls/iree-ai/llvm-aie-port/amd/aie/llvm/lib/Target/AIE/aie2ps/AIE2PSRegisterInfo.cpp:214:39:   required from here
/home/jtuyls/iree-ai/llvm-aie-port/amd/aie/llvm/lib/Target/AIE/AIEBaseRegisterInfo.h:156:32: warning: ‘constexpr size_t llvm::CTLog2() [with long unsigned int kValue = 4; size_t = long unsigned int]’ is deprecated: Use ConstantLog2 instead [-Wdeprecated-declarations]
  156 |   return isInt<N + CTLog2<step>() + 1>(Value);
      |                    ~~~~~~~~~~~~^~
In file included from /home/jtuyls/iree-ai/llvm-aie-port/llvm/include/llvm/ADT/SmallPtrSet.h:23,
                 from /home/jtuyls/iree-ai/llvm-aie-port/llvm/include/llvm/ADT/SmallSet.h:19,
                 from /home/jtuyls/iree-ai/llvm-aie-port/amd/aie/llvm/lib/Target/AIE/AIEBaseRegisterInfo.h:18:
/home/jtuyls/iree-ai/llvm-aie-port/llvm/include/llvm/Support/MathExtras.h:324:18: note: declared here
  324 | constexpr size_t CTLog2() {
      |                  ^~~~~~
/home/jtuyls/iree-ai/llvm-aie-port/amd/aie/llvm/lib/Target/AIE/AIEBaseRegisterInfo.h: In instantiation of ‘bool llvm::isEncodableAsNegativeInt(int) [with int N = 9; unsigned int step = 8]’:
/home/jtuyls/iree-ai/llvm-aie-port/amd/aie/llvm/lib/Target/AIE/aie2ps/AIE2PSRegisterInfo.cpp:243:39:   required from here
/home/jtuyls/iree-ai/llvm-aie-port/amd/aie/llvm/lib/Target/AIE/AIEBaseRegisterInfo.h:156:32: warning: ‘constexpr size_t llvm::CTLog2() [with long unsigned int kValue = 8; size_t = long unsigned int]’ is deprecated: Use ConstantLog2 instead [-Wdeprecated-declarations]
  156 |   return isInt<N + CTLog2<step>() + 1>(Value);
      |                    ~~~~~~~~~~~~^~
/home/jtuyls/iree-ai/llvm-aie-port/llvm/include/llvm/Support/MathExtras.h:324:18: note: declared here
  324 | constexpr size_t CTLog2() {
      |                  ^~~~~~
/home/jtuyls/iree-ai/llvm-aie-port/amd/aie/llvm/lib/Target/AIE/AIEBaseRegisterInfo.h: In instantiation of ‘bool llvm::isEncodableAsNegativeInt(int) [with int N = 9; unsigned int step = 16]’:
/home/jtuyls/iree-ai/llvm-aie-port/amd/aie/llvm/lib/Target/AIE/aie2ps/AIE2PSRegisterInfo.cpp:264:40:   required from here
/home/jtuyls/iree-ai/llvm-aie-port/amd/aie/llvm/lib/Target/AIE/AIEBaseRegisterInfo.h:156:32: warning: ‘constexpr size_t llvm::CTLog2() [with long unsigned int kValue = 16; size_t = long unsigned int]’ is deprecated: Use ConstantLog2 instead [-Wdeprecated-declarations]
  156 |   return isInt<N + CTLog2<step>() + 1>(Value);
      |                    ~~~~~~~~~~~~^~
/home/jtuyls/iree-ai/llvm-aie-port/llvm/include/llvm/Support/MathExtras.h:324:18: note: declared here
  324 | constexpr size_t CTLog2() {
      |                  ^~~~~~
/home/jtuyls/iree-ai/llvm-aie-port/amd/aie/llvm/lib/Target/AIE/AIEBaseRegisterInfo.h: In instantiation of ‘bool llvm::isEncodableAsNegativeInt(int) [with int N = 9; unsigned int step = 32]’:
/home/jtuyls/iree-ai/llvm-aie-port/amd/aie/llvm/lib/Target/AIE/aie2ps/AIE2PSRegisterInfo.cpp:281:40:   required from here
/home/jtuyls/iree-ai/llvm-aie-port/amd/aie/llvm/lib/Target/AIE/AIEBaseRegisterInfo.h:156:32: warning: ‘constexpr size_t llvm::CTLog2() [with long unsigned int kValue = 32; size_t = long unsigned int]’ is deprecated: Use ConstantLog2 instead [-Wdeprecated-declarations]
  156 |   return isInt<N + CTLog2<step>() + 1>(Value);
      |                    ~~~~~~~~~~~~^~
/home/jtuyls/iree-ai/llvm-aie-port/llvm/include/llvm/Support/MathExtras.h:324:18: note: declared here
  324 | constexpr size_t CTLog2() {
      |                  ^~~~~~
/home/jtuyls/iree-ai/llvm-aie-port/amd/aie/llvm/lib/Target/AIE/AIEBaseRegisterInfo.h: In instantiation of ‘bool llvm::isEncodableAsNegativeInt(int) [with int N = 9; unsigned int step = 64]’:
/home/jtuyls/iree-ai/llvm-aie-port/amd/aie/llvm/lib/Target/AIE/aie2ps/AIE2PSRegisterInfo.cpp:298:40:   required from here
/home/jtuyls/iree-ai/llvm-aie-port/amd/aie/llvm/lib/Target/AIE/AIEBaseRegisterInfo.h:156:32: warning: ‘constexpr size_t llvm::CTLog2() [with long unsigned int kValue = 64; size_t = long unsigned int]’ is deprecated: Use ConstantLog2 instead [-Wdeprecated-declarations]
  156 |   return isInt<N + CTLog2<step>() + 1>(Value);
      |                    ~~~~~~~~~~~~^~
/home/jtuyls/iree-ai/llvm-aie-port/llvm/include/llvm/Support/MathExtras.h:324:18: note: declared here
  324 | constexpr size_t CTLog2() {
      |                  ^~~~~~
/home/jtuyls/iree-ai/llvm-aie-port/amd/aie/llvm/lib/Target/AIE/AIEBaseRegisterInfo.h: In instantiation of ‘bool llvm::isEncodableAsNegativeInt(int) [with int N = 9; unsigned int step = 128]’:
/home/jtuyls/iree-ai/llvm-aie-port/amd/aie/llvm/lib/Target/AIE/aie2ps/AIE2PSRegisterInfo.cpp:317:41:   required from here
/home/jtuyls/iree-ai/llvm-aie-port/amd/aie/llvm/lib/Target/AIE/AIEBaseRegisterInfo.h:156:32: warning: ‘constexpr size_t llvm::CTLog2() [with long unsigned int kValue = 128; size_t = long unsigned int]’ is deprecated: Use ConstantLog2 instead [-Wdeprecated-declarations]
  156 |   return isInt<N + CTLog2<step>() + 1>(Value);
      |                    ~~~~~~~~~~~~^~
/home/jtuyls/iree-ai/llvm-aie-port/llvm/include/llvm/Support/MathExtras.h:324:18: note: declared here
  324 | constexpr size_t CTLog2() {
      |                  ^~~~~~
[53/77] Building CXX object lib/Target/AIE/MCTargetDesc/CMakeFiles/LLVMAIEDesc.dir/AIEBaseMCCodeEmitter.cpp.o
FAILED: lib/Target/AIE/MCTargetDesc/CMakeFiles/LLVMAIEDesc.dir/AIEBaseMCCodeEmitter.cpp.o 
CCACHE_CPP2=yes CCACHE_HASHDIR=yes CCACHE_SLOPPINESS=pch_defines,time_macros /usr/bin/ccache /usr/bin/g++ -D_DEBUG -D_GLIBCXX_ASSERTIONS -D_GLIBCXX_USE_CXX11_ABI=1 -D_GNU_SOURCE -D_LIBCPP_HARDENING_MODE=_LIBCPP_HARDENING_MODE_EXTENSIVE -D__STDC_CONSTANT_MACROS -D__STDC_FORMAT_MACROS -D__STDC_LIMIT_MACROS -I/home/jtuyls/iree-ai/llvm-aie-port/build/lib/Target/AIE/MCTargetDesc -I/home/jtuyls/iree-ai/llvm-aie-port/amd/aie/llvm/lib/Target/AIE/MCTargetDesc -I/home/jtuyls/iree-ai/llvm-aie-port/amd/aie/llvm/lib/Target/AIE -I/home/jtuyls/iree-ai/llvm-aie-port/build/lib/Target/AIE -I/home/jtuyls/iree-ai/llvm-aie-port/build/include -I/home/jtuyls/iree-ai/llvm-aie-port/llvm/include -I/home/jtuyls/iree-ai/llvm-aie-port/amd/aie/llvm/include -fPIC -fno-semantic-interposition -fvisibility-inlines-hidden -Werror=date-time -Wall -Wextra -Wno-unused-parameter -Wwrite-strings -Wcast-qual -Wno-missing-field-initializers -pedantic -Wno-long-long -Wimplicit-fallthrough -Wno-uninitialized -Wno-nonnull -Wno-class-memaccess -Wno-dangling-reference -Wno-redundant-move -Wno-pessimizing-move -Wno-array-bounds -Wno-stringop-overread -Wno-dangling-pointer -Wno-noexcept-type -Wdelete-non-virtual-dtor -Wsuggest-override -Wno-comment -Wno-misleading-indentation -Wctad-maybe-unsupported -fdiagnostics-color -ffunction-sections -fdata-sections -O3 -DNDEBUG -std=c++17 -fvisibility=hidden -UNDEBUG -fno-exceptions -funwind-tables -fno-rtti -MD -MT lib/Target/AIE/MCTargetDesc/CMakeFiles/LLVMAIEDesc.dir/AIEBaseMCCodeEmitter.cpp.o -MF lib/Target/AIE/MCTargetDesc/CMakeFiles/LLVMAIEDesc.dir/AIEBaseMCCodeEmitter.cpp.o.d -o lib/Target/AIE/MCTargetDesc/CMakeFiles/LLVMAIEDesc.dir/AIEBaseMCCodeEmitter.cpp.o -c /home/jtuyls/iree-ai/llvm-aie-port/amd/aie/llvm/lib/Target/AIE/MCTargetDesc/AIEBaseMCCodeEmitter.cpp
/home/jtuyls/iree-ai/llvm-aie-port/amd/aie/llvm/lib/Target/AIE/MCTargetDesc/AIEBaseMCCodeEmitter.cpp: In member function ‘llvm::SmallVector<llvm::MCFixup> llvm::AIEBaseMCCodeEmitter::translateFixupsInComposite(const llvm::MCInst&, const llvm::MCInst&, llvm::SmallVector<llvm::MCFixup>&) const’:
/home/jtuyls/iree-ai/llvm-aie-port/amd/aie/llvm/lib/Target/AIE/MCTargetDesc/AIEBaseMCCodeEmitter.cpp:232:72: error: cannot convert ‘llvm::SMLoc’ to ‘bool’
  232 |         0, Fixup.getValue(), MCFixupKind(TranslatedFixup), Fixup.getLoc()));
      |                                                            ~~~~~~~~~~~~^~
      |                                                                        |
      |                                                                        llvm::SMLoc
In file included from /home/jtuyls/iree-ai/llvm-aie-port/llvm/include/llvm/MC/MCSection.h:20,
                 from /home/jtuyls/iree-ai/llvm-aie-port/llvm/include/llvm/MC/MCSymbol.h:19,
                 from /home/jtuyls/iree-ai/llvm-aie-port/llvm/include/llvm/MC/MCObjectWriter.h:12,
                 from /home/jtuyls/iree-ai/llvm-aie-port/amd/aie/llvm/lib/Target/AIE/MCTargetDesc/AIEMCTargetDesc.h:19,
                 from /home/jtuyls/iree-ai/llvm-aie-port/amd/aie/llvm/lib/Target/AIE/Utils/AIEBaseInfo.h:18,
                 from /home/jtuyls/iree-ai/llvm-aie-port/amd/aie/llvm/lib/Target/AIE/AIE.h:19,
                 from /home/jtuyls/iree-ai/llvm-aie-port/amd/aie/llvm/lib/Target/AIE/MCTargetDesc/AIEFormat.h:16,
                 from /home/jtuyls/iree-ai/llvm-aie-port/amd/aie/llvm/lib/Target/AIE/MCTargetDesc/AIEMCFormats.h:17,
                 from /home/jtuyls/iree-ai/llvm-aie-port/amd/aie/llvm/lib/Target/AIE/MCTargetDesc/AIEMCFixupKinds.h:14,
                 from /home/jtuyls/iree-ai/llvm-aie-port/amd/aie/llvm/lib/Target/AIE/MCTargetDesc/AIEBaseMCCodeEmitter.h:15,
                 from /home/jtuyls/iree-ai/llvm-aie-port/amd/aie/llvm/lib/Target/AIE/MCTargetDesc/AIEBaseMCCodeEmitter.cpp:15:
/home/jtuyls/iree-ai/llvm-aie-port/llvm/include/llvm/MC/MCFixup.h:87:30: note:   initializing argument 4 of ‘static llvm::MCFixup llvm::MCFixup::create(uint32_t, const llvm::MCExpr*, llvm::MCFixupKind, bool)’
   87 |                         bool PCRel = false) {
      |                         ~~~~~^~~~~~~~~~~~~
[54/77] Building CXX object lib/Target/AIE/CMakeFiles/LLVMAIECodeGen.dir/aie2p/AIE2PLegalizerInfo.cpp.o
[55/77] Building CXX object lib/Target/AIE/InstPrinter/CMakeFiles/LLVMAIEAsmPrinter.dir/AIE2InstPrinter.cpp.o
In file included from /home/jtuyls/iree-ai/llvm-aie-port/amd/aie/llvm/lib/Target/AIE/InstPrinter/AIE2InstPrinter.h:18,
                 from /home/jtuyls/iree-ai/llvm-aie-port/amd/aie/llvm/lib/Target/AIE/InstPrinter/AIE2InstPrinter.cpp:15:
/home/jtuyls/iree-ai/llvm-aie-port/amd/aie/llvm/lib/Target/AIE/InstPrinter/AIECommonInstPrinter.h: In member function ‘void llvm::AIECommonInstPrinter::printImmOffset(const llvm::MCOperand&, const llvm::MCSubtargetInfo&, llvm::raw_ostream&)’:
/home/jtuyls/iree-ai/llvm-aie-port/amd/aie/llvm/lib/Target/AIE/InstPrinter/AIECommonInstPrinter.h:54:5: warning: invalid use of incomplete type ‘const class llvm::MCAsmInfo’
   54 |     MAI.printExpr(O, *MO.getExpr());
      |     ^~~
In file included from /home/jtuyls/iree-ai/llvm-aie-port/llvm/include/llvm/MC/MCSymbol.h:18,
                 from /home/jtuyls/iree-ai/llvm-aie-port/llvm/include/llvm/MC/MCObjectWriter.h:12,
                 from /home/jtuyls/iree-ai/llvm-aie-port/amd/aie/llvm/lib/Target/AIE/MCTargetDesc/AIEMCTargetDesc.h:19,
                 from /home/jtuyls/iree-ai/llvm-aie-port/amd/aie/llvm/lib/Target/AIE/InstPrinter/AIECommonInstPrinter.h:19:
/home/jtuyls/iree-ai/llvm-aie-port/llvm/include/llvm/MC/MCExpr.h:19:7: note: forward declaration of ‘class llvm::MCAsmInfo’
   19 | class MCAsmInfo;
      |       ^~~~~~~~~
[56/77] Building CXX object lib/Target/AIE/InstPrinter/CMakeFiles/LLVMAIEAsmPrinter.dir/AIEInstPrinter.cpp.o
[57/77] Building CXX object lib/Target/AIE/CMakeFiles/LLVMAIECodeGen.dir/aie2ps/AIE2PSInstrInfo.cpp.o
FAILED: lib/Target/AIE/CMakeFiles/LLVMAIECodeGen.dir/aie2ps/AIE2PSInstrInfo.cpp.o 
CCACHE_CPP2=yes CCACHE_HASHDIR=yes CCACHE_SLOPPINESS=pch_defines,time_macros /usr/bin/ccache /usr/bin/g++ -D_DEBUG -D_GLIBCXX_ASSERTIONS -D_GLIBCXX_USE_CXX11_ABI=1 -D_GNU_SOURCE -D_LIBCPP_HARDENING_MODE=_LIBCPP_HARDENING_MODE_EXTENSIVE -D__STDC_CONSTANT_MACROS -D__STDC_FORMAT_MACROS -D__STDC_LIMIT_MACROS -I/home/jtuyls/iree-ai/llvm-aie-port/build/lib/Target/AIE -I/home/jtuyls/iree-ai/llvm-aie-port/amd/aie/llvm/lib/Target/AIE -I/home/jtuyls/iree-ai/llvm-aie-port/build/include -I/home/jtuyls/iree-ai/llvm-aie-port/llvm/include -I/home/jtuyls/iree-ai/llvm-aie-port/amd/aie/llvm/include -fPIC -fno-semantic-interposition -fvisibility-inlines-hidden -Werror=date-time -Wall -Wextra -Wno-unused-parameter -Wwrite-strings -Wcast-qual -Wno-missing-field-initializers -pedantic -Wno-long-long -Wimplicit-fallthrough -Wno-uninitialized -Wno-nonnull -Wno-class-memaccess -Wno-dangling-reference -Wno-redundant-move -Wno-pessimizing-move -Wno-array-bounds -Wno-stringop-overread -Wno-dangling-pointer -Wno-noexcept-type -Wdelete-non-virtual-dtor -Wsuggest-override -Wno-comment -Wno-misleading-indentation -Wctad-maybe-unsupported -fdiagnostics-color -ffunction-sections -fdata-sections -O3 -DNDEBUG -std=c++17 -fvisibility=hidden -UNDEBUG -fno-exceptions -funwind-tables -fno-rtti -MD -MT lib/Target/AIE/CMakeFiles/LLVMAIECodeGen.dir/aie2ps/AIE2PSInstrInfo.cpp.o -MF lib/Target/AIE/CMakeFiles/LLVMAIECodeGen.dir/aie2ps/AIE2PSInstrInfo.cpp.o.d -o lib/Target/AIE/CMakeFiles/LLVMAIECodeGen.dir/aie2ps/AIE2PSInstrInfo.cpp.o -c /home/jtuyls/iree-ai/llvm-aie-port/amd/aie/llvm/lib/Target/AIE/aie2ps/AIE2PSInstrInfo.cpp
/home/jtuyls/iree-ai/llvm-aie-port/amd/aie/llvm/lib/Target/AIE/aie2ps/AIE2PSInstrInfo.cpp: In lambda function:
/home/jtuyls/iree-ai/llvm-aie-port/amd/aie/llvm/lib/Target/AIE/aie2ps/AIE2PSInstrInfo.cpp:912:31: error: no matching function for call to ‘llvm::AIE2PSInstrInfo::storeRegToStackSlot(llvm::MachineBasicBlock&, llvm::MachineBasicBlock::iterator&, llvm::Register&, bool, int&, const llvm::TargetRegisterClass*&, const llvm::TargetRegisterInfo*&, llvm::Register&, llvm::MachineInstr::MIFlag&) const’
  912 |     return storeRegToStackSlot(MBB, I, TmpReg, /*IsKill*/ true, FI, BounceRC,
      |            ~~~~~~~~~~~~~~~~~~~^~~~~~~~~~~~~~~~~~~~~~~~~~~~~~~~~~~~~~~~~~~~~~~
  913 |                                TRI, VReg, Flags);
      |                                ~~~~~~~~~~~~~~~~~
/home/jtuyls/iree-ai/llvm-aie-port/amd/aie/llvm/lib/Target/AIE/aie2ps/AIE2PSInstrInfo.cpp:878:6: note: candidate: ‘virtual void llvm::AIE2PSInstrInfo::storeRegToStackSlot(llvm::MachineBasicBlock&, llvm::MachineBasicBlock::iterator, llvm::Register, bool, int, const llvm::TargetRegisterClass*, llvm::Register, llvm::MachineInstr::MIFlag) const’
  878 | void AIE2PSInstrInfo::storeRegToStackSlot(MachineBasicBlock &MBB,
      |      ^~~~~~~~~~~~~~~
/home/jtuyls/iree-ai/llvm-aie-port/amd/aie/llvm/lib/Target/AIE/aie2ps/AIE2PSInstrInfo.cpp:878:6: note:   candidate expects 8 arguments, 9 provided
/home/jtuyls/iree-ai/llvm-aie-port/amd/aie/llvm/lib/Target/AIE/aie2ps/AIE2PSInstrInfo.cpp: In lambda function:
/home/jtuyls/iree-ai/llvm-aie-port/amd/aie/llvm/lib/Target/AIE/aie2ps/AIE2PSInstrInfo.cpp:1027:56: error: invalid conversion from ‘const llvm::TargetRegisterInfo*’ to ‘unsigned int’ [-fpermissive]
 1027 |     loadRegFromStackSlot(MBB, I, TmpReg, FI, BounceRC, TRI, VReg, Flags);
      |                                                        ^~~
      |                                                        |
      |                                                        const llvm::TargetRegisterInfo*
In file included from /home/jtuyls/iree-ai/llvm-aie-port/llvm/include/llvm/CodeGen/MachineOperand.h:17,
                 from /home/jtuyls/iree-ai/llvm-aie-port/llvm/include/llvm/CodeGen/MachineInstr.h:27,
                 from /home/jtuyls/iree-ai/llvm-aie-port/llvm/include/llvm/CodeGen/MachineBasicBlock.h:22,
                 from /home/jtuyls/iree-ai/llvm-aie-port/llvm/include/llvm/CodeGen/TargetRegisterInfo.h:22,
                 from /home/jtuyls/iree-ai/llvm-aie-port/amd/aie/llvm/lib/Target/AIE/AIEBaseRegisterInfo.h:19,
                 from /home/jtuyls/iree-ai/llvm-aie-port/amd/aie/llvm/lib/Target/AIE/aie2ps/AIE2PSRegisterInfo.h:19,
                 from /home/jtuyls/iree-ai/llvm-aie-port/amd/aie/llvm/lib/Target/AIE/aie2ps/AIE2PSInstrInfo.h:19,
                 from /home/jtuyls/iree-ai/llvm-aie-port/amd/aie/llvm/lib/Target/AIE/aie2ps/AIE2PSInstrInfo.cpp:16:
/home/jtuyls/iree-ai/llvm-aie-port/llvm/include/llvm/CodeGen/Register.h:24:31: note:   initializing argument 1 of ‘constexpr llvm::Register::Register(unsigned int)’
   24 |   constexpr Register(unsigned Val = 0) : Reg(Val) {}
      |                      ~~~~~~~~~^~~~~~~
[58/77] Building CXX object lib/Target/AIE/CMakeFiles/LLVMAIECodeGen.dir/aie2ps/AIE2PSRegisterBankInfo.cpp.o
[59/77] Building CXX object lib/Target/AIE/CMakeFiles/LLVMAIECodeGen.dir/aie1/AIE1InstructionSelector.cpp.o
In file included from /home/jtuyls/iree-ai/llvm-aie-port/amd/aie/llvm/lib/Target/AIE/aie1/AIE1FrameLowering.h:18,
                 from /home/jtuyls/iree-ai/llvm-aie-port/amd/aie/llvm/lib/Target/AIE/aie1/AIE1Subtarget.h:19,
                 from /home/jtuyls/iree-ai/llvm-aie-port/amd/aie/llvm/lib/Target/AIE/aie1/AIE1TargetMachine.h:20,
                 from /home/jtuyls/iree-ai/llvm-aie-port/amd/aie/llvm/lib/Target/AIE/aie1/AIE1InstructionSelector.cpp:21:
/home/jtuyls/iree-ai/llvm-aie-port/amd/aie/llvm/lib/Target/AIE/AIEBaseFrameLowering.h:90:16: warning: ‘virtual void llvm::AIEBaseFrameLowering::adjustReg(llvm::MachineBasicBlock&, llvm::MachineBasicBlock::iterator, const llvm::DebugLoc&, unsigned int, int64_t, llvm::MachineInstr::MIFlag) const’ was hidden [-Woverloaded-virtual=]
   90 |   virtual void adjustReg(MachineBasicBlock &MBB,
      |                ^~~~~~~~~
/home/jtuyls/iree-ai/llvm-aie-port/amd/aie/llvm/lib/Target/AIE/aie1/AIE1FrameLowering.h:29:15: note:   by ‘static void llvm::AIEFrameLowering::adjustReg(const llvm::TargetInstrInfo*, llvm::MachineBasicBlock&, llvm::MachineBasicBlock::iterator, const llvm::DebugLoc&, unsigned int, int64_t, llvm::MachineInstr::MIFlag)’
   29 |   static void adjustReg(const TargetInstrInfo *TII, MachineBasicBlock &MBB,
      |               ^~~~~~~~~
[60/77] Building CXX object lib/Target/AIE/CMakeFiles/LLVMAIECodeGen.dir/aie2ps/AIE2PSFrameLowering.cpp.o
[61/77] Building CXX object lib/Target/AIE/CMakeFiles/LLVMAIECodeGen.dir/aie2ps/AIE2PSLegalizerInfo.cpp.o
[62/77] Building CXX object lib/Target/AIE/InstPrinter/CMakeFiles/LLVMAIEAsmPrinter.dir/AIE2PInstPrinter.cpp.o
In file included from /home/jtuyls/iree-ai/llvm-aie-port/amd/aie/llvm/lib/Target/AIE/InstPrinter/AIE2PInstPrinter.h:18,
                 from /home/jtuyls/iree-ai/llvm-aie-port/amd/aie/llvm/lib/Target/AIE/InstPrinter/AIE2PInstPrinter.cpp:15:
/home/jtuyls/iree-ai/llvm-aie-port/amd/aie/llvm/lib/Target/AIE/InstPrinter/AIECommonInstPrinter.h: In member function ‘void llvm::AIECommonInstPrinter::printImmOffset(const llvm::MCOperand&, const llvm::MCSubtargetInfo&, llvm::raw_ostream&)’:
/home/jtuyls/iree-ai/llvm-aie-port/amd/aie/llvm/lib/Target/AIE/InstPrinter/AIECommonInstPrinter.h:54:5: warning: invalid use of incomplete type ‘const class llvm::MCAsmInfo’
   54 |     MAI.printExpr(O, *MO.getExpr());
      |     ^~~
In file included from /home/jtuyls/iree-ai/llvm-aie-port/llvm/include/llvm/MC/MCSymbol.h:18,
                 from /home/jtuyls/iree-ai/llvm-aie-port/llvm/include/llvm/MC/MCObjectWriter.h:12,
                 from /home/jtuyls/iree-ai/llvm-aie-port/amd/aie/llvm/lib/Target/AIE/MCTargetDesc/AIEMCTargetDesc.h:19,
                 from /home/jtuyls/iree-ai/llvm-aie-port/amd/aie/llvm/lib/Target/AIE/InstPrinter/AIECommonInstPrinter.h:19:
/home/jtuyls/iree-ai/llvm-aie-port/llvm/include/llvm/MC/MCExpr.h:19:7: note: forward declaration of ‘class llvm::MCAsmInfo’
   19 | class MCAsmInfo;
      |       ^~~~~~~~~
[63/77] Building CXX object lib/Target/AIE/InstPrinter/CMakeFiles/LLVMAIEAsmPrinter.dir/AIE2PSInstPrinter.cpp.o
In file included from /home/jtuyls/iree-ai/llvm-aie-port/amd/aie/llvm/lib/Target/AIE/InstPrinter/AIE2PSInstPrinter.h:18,
                 from /home/jtuyls/iree-ai/llvm-aie-port/amd/aie/llvm/lib/Target/AIE/InstPrinter/AIE2PSInstPrinter.cpp:15:
/home/jtuyls/iree-ai/llvm-aie-port/amd/aie/llvm/lib/Target/AIE/InstPrinter/AIECommonInstPrinter.h: In member function ‘void llvm::AIECommonInstPrinter::printImmOffset(const llvm::MCOperand&, const llvm::MCSubtargetInfo&, llvm::raw_ostream&)’:
/home/jtuyls/iree-ai/llvm-aie-port/amd/aie/llvm/lib/Target/AIE/InstPrinter/AIECommonInstPrinter.h:54:5: warning: invalid use of incomplete type ‘const class llvm::MCAsmInfo’
   54 |     MAI.printExpr(O, *MO.getExpr());
      |     ^~~
In file included from /home/jtuyls/iree-ai/llvm-aie-port/llvm/include/llvm/MC/MCSymbol.h:18,
                 from /home/jtuyls/iree-ai/llvm-aie-port/llvm/include/llvm/MC/MCObjectWriter.h:12,
                 from /home/jtuyls/iree-ai/llvm-aie-port/amd/aie/llvm/lib/Target/AIE/MCTargetDesc/AIEMCTargetDesc.h:19,
                 from /home/jtuyls/iree-ai/llvm-aie-port/amd/aie/llvm/lib/Target/AIE/InstPrinter/AIECommonInstPrinter.h:19:
/home/jtuyls/iree-ai/llvm-aie-port/llvm/include/llvm/MC/MCExpr.h:19:7: note: forward declaration of ‘class llvm::MCAsmInfo’
   19 | class MCAsmInfo;
      |       ^~~~~~~~~
[64/77] Linking CXX static library lib/libLLVMAIEAsmPrinter.a
[65/77] Building CXX object lib/Target/AIE/CMakeFiles/LLVMAIECodeGen.dir/aie2p/AIE2PInstrInfo.cpp.o
[66/77] Building CXX object lib/Target/AIE/CMakeFiles/LLVMAIECodeGen.dir/aie2p/AIE2PTargetMachine.cpp.o
In file included from /home/jtuyls/iree-ai/llvm-aie-port/amd/aie/llvm/lib/Target/AIE/aie2p/AIE2PFrameLowering.h:18,
                 from /home/jtuyls/iree-ai/llvm-aie-port/amd/aie/llvm/lib/Target/AIE/aie2p/AIE2PSubtarget.h:18,
                 from /home/jtuyls/iree-ai/llvm-aie-port/amd/aie/llvm/lib/Target/AIE/aie2p/AIE2PTargetMachine.h:18,
                 from /home/jtuyls/iree-ai/llvm-aie-port/amd/aie/llvm/lib/Target/AIE/aie2p/AIE2PTargetMachine.cpp:15:
/home/jtuyls/iree-ai/llvm-aie-port/amd/aie/llvm/lib/Target/AIE/AIEBaseFrameLowering.h:90:16: warning: ‘virtual void llvm::AIEBaseFrameLowering::adjustReg(llvm::MachineBasicBlock&, llvm::MachineBasicBlock::iterator, const llvm::DebugLoc&, unsigned int, int64_t, llvm::MachineInstr::MIFlag) const’ was hidden [-Woverloaded-virtual=]
   90 |   virtual void adjustReg(MachineBasicBlock &MBB,
      |                ^~~~~~~~~
In file included from /home/jtuyls/iree-ai/llvm-aie-port/amd/aie/llvm/lib/Target/AIE/aie1/AIE1Subtarget.h:19,
                 from /home/jtuyls/iree-ai/llvm-aie-port/amd/aie/llvm/lib/Target/AIE/AIEBaseTargetTransformInfo.h:21,
                 from /home/jtuyls/iree-ai/llvm-aie-port/amd/aie/llvm/lib/Target/AIE/aie2p/AIE2PTargetTransformInfo.h:21,
                 from /home/jtuyls/iree-ai/llvm-aie-port/amd/aie/llvm/lib/Target/AIE/aie2p/AIE2PTargetMachine.cpp:16:
/home/jtuyls/iree-ai/llvm-aie-port/amd/aie/llvm/lib/Target/AIE/aie1/AIE1FrameLowering.h:29:15: note:   by ‘static void llvm::AIEFrameLowering::adjustReg(const llvm::TargetInstrInfo*, llvm::MachineBasicBlock&, llvm::MachineBasicBlock::iterator, const llvm::DebugLoc&, unsigned int, int64_t, llvm::MachineInstr::MIFlag)’
   29 |   static void adjustReg(const TargetInstrInfo *TII, MachineBasicBlock &MBB,
      |               ^~~~~~~~~
/home/jtuyls/iree-ai/llvm-aie-port/amd/aie/llvm/lib/Target/AIE/AIEBaseTargetTransformInfo.h: In instantiation of ‘class llvm::AIEBaseTTIImpl<llvm::AIE2PTTIImpl>’:
/home/jtuyls/iree-ai/llvm-aie-port/amd/aie/llvm/lib/Target/AIE/aie2p/AIE2PTargetTransformInfo.h:34:29:   required from here
/home/jtuyls/iree-ai/llvm-aie-port/amd/aie/llvm/lib/Target/AIE/AIEBaseTargetTransformInfo.h:88:19: warning: ‘llvm::InstructionCost llvm::AIEBaseTTIImpl<T>::getIntImmCost(const llvm::APInt&, llvm::Type*, llvm::TargetTransformInfo::TargetCostKind) const [with T = llvm::AIE2PTTIImpl]’ can be marked override [-Wsuggest-override]
   88 |   InstructionCost getIntImmCost(const APInt &Imm, Type *Ty, TTI::TargetCostKind CostKind) const { // amd/aie/ port: 23 returns InstructionCost
      |                   ^~~~~~~~~~~~~
/home/jtuyls/iree-ai/llvm-aie-port/amd/aie/llvm/lib/Target/AIE/AIEBaseTargetTransformInfo.h:119:12: warning: ‘llvm::TypeSize llvm::AIEBaseTTIImpl<T>::getRegisterBitWidth(llvm::TargetTransformInfo::RegisterKind) const [with T = llvm::AIE2PTTIImpl]’ can be marked override [-Wsuggest-override]
  119 |   TypeSize getRegisterBitWidth(TargetTransformInfo::RegisterKind K) const {
      |            ^~~~~~~~~~~~~~~~~~~
/home/jtuyls/iree-ai/llvm-aie-port/amd/aie/llvm/lib/Target/AIE/AIEBaseTargetTransformInfo.h:134:12: warning: ‘unsigned int llvm::AIEBaseTTIImpl<T>::getMinVectorRegisterBitWidth() const [with T = llvm::AIE2PTTIImpl]’ can be marked override [-Wsuggest-override]
  134 |   unsigned getMinVectorRegisterBitWidth() const { return 512; }
      |            ^~~~~~~~~~~~~~~~~~~~~~~~~~~~
/home/jtuyls/iree-ai/llvm-aie-port/amd/aie/llvm/lib/Target/AIE/AIEBaseTargetTransformInfo.h:149:19: warning: ‘llvm::InstructionCost llvm::AIEBaseTTIImpl<T>::getArithmeticInstrCost(unsigned int, llvm::Type*, llvm::TargetTransformInfo::TargetCostKind, llvm::TargetTransformInfo::OperandValueInfo, llvm::TargetTransformInfo::OperandValueInfo, llvm::ArrayRef<const llvm::Value*>, const llvm::Instruction*) const [with T = llvm::AIE2PTTIImpl]’ can be marked override [-Wsuggest-override]
  149 |   InstructionCost getArithmeticInstrCost(
      |                   ^~~~~~~~~~~~~~~~~~~~~~
/home/jtuyls/iree-ai/llvm-aie-port/amd/aie/llvm/lib/Target/AIE/AIEBaseTargetTransformInfo.h:167:12: warning: ‘unsigned int llvm::AIEBaseTTIImpl<T>::getStoreVectorFactor(unsigned int, unsigned int, unsigned int, llvm::VectorType*) const [with T = llvm::AIE2PTTIImpl]’ can be marked override [-Wsuggest-override]
  167 |   unsigned getStoreVectorFactor(unsigned VF, unsigned StoreSizeInBits,
      |            ^~~~~~~~~~~~~~~~~~~~
/home/jtuyls/iree-ai/llvm-aie-port/amd/aie/llvm/lib/Target/AIE/AIEBaseTargetTransformInfo.h:179:12: warning: ‘unsigned int llvm::AIEBaseTTIImpl<T>::getLoadVectorFactor(unsigned int, unsigned int, unsigned int, llvm::VectorType*) const [with T = llvm::AIE2PTTIImpl]’ can be marked override [-Wsuggest-override]
  179 |   unsigned getLoadVectorFactor(unsigned VF, unsigned LoadSizeInBits,
      |            ^~~~~~~~~~~~~~~~~~~
/home/jtuyls/iree-ai/llvm-aie-port/amd/aie/llvm/lib/Target/AIE/AIEBaseTargetTransformInfo.h:186:8: warning: ‘bool llvm::AIEBaseTTIImpl<T>::isLegalToVectorizeStoreChain(unsigned int, llvm::Align, unsigned int) const [with T = llvm::AIE2PTTIImpl]’ can be marked override [-Wsuggest-override]
  186 |   bool isLegalToVectorizeStoreChain(unsigned ChainSizeInBytes, Align Alignment,
      |        ^~~~~~~~~~~~~~~~~~~~~~~~~~~~
/home/jtuyls/iree-ai/llvm-aie-port/amd/aie/llvm/lib/Target/AIE/aie2p/AIE2PTargetTransformInfo.h:52:19: warning: ‘virtual llvm::InstructionCost llvm::AIE2PTTIImpl::getMemoryOpCost(unsigned int, llvm::Type*, llvm::Align, unsigned int, llvm::TargetTransformInfo::TargetCostKind, llvm::TargetTransformInfo::OperandValueInfo, const llvm::Instruction*) const’ can be marked override [-Wsuggest-override]
   52 |   InstructionCost getMemoryOpCost(
      |                   ^~~~~~~~~~~~~~~
/home/jtuyls/iree-ai/llvm-aie-port/amd/aie/llvm/lib/Target/AIE/aie2p/AIE2PTargetTransformInfo.h:58:32: warning: ‘virtual std::optional<llvm::Instruction*> llvm::AIE2PTTIImpl::instCombineIntrinsic(llvm::InstCombiner&, llvm::IntrinsicInst&) const’ can be marked override [-Wsuggest-override]
   58 |   std::optional<Instruction *> instCombineIntrinsic(InstCombiner &IC,
      |                                ^~~~~~~~~~~~~~~~~~~~
[67/77] Building CXX object lib/Target/AIE/CMakeFiles/LLVMAIECodeGen.dir/aie2ps/AIE2PSTargetMachine.cpp.o
In file included from /home/jtuyls/iree-ai/llvm-aie-port/amd/aie/llvm/lib/Target/AIE/aie2ps/AIE2PSFrameLowering.h:18,
                 from /home/jtuyls/iree-ai/llvm-aie-port/amd/aie/llvm/lib/Target/AIE/aie2ps/AIE2PSSubtarget.h:18,
                 from /home/jtuyls/iree-ai/llvm-aie-port/amd/aie/llvm/lib/Target/AIE/aie2ps/AIE2PSTargetMachine.h:18,
                 from /home/jtuyls/iree-ai/llvm-aie-port/amd/aie/llvm/lib/Target/AIE/aie2ps/AIE2PSTargetMachine.cpp:15:
/home/jtuyls/iree-ai/llvm-aie-port/amd/aie/llvm/lib/Target/AIE/AIEBaseFrameLowering.h:90:16: warning: ‘virtual void llvm::AIEBaseFrameLowering::adjustReg(llvm::MachineBasicBlock&, llvm::MachineBasicBlock::iterator, const llvm::DebugLoc&, unsigned int, int64_t, llvm::MachineInstr::MIFlag) const’ was hidden [-Woverloaded-virtual=]
   90 |   virtual void adjustReg(MachineBasicBlock &MBB,
      |                ^~~~~~~~~
In file included from /home/jtuyls/iree-ai/llvm-aie-port/amd/aie/llvm/lib/Target/AIE/aie1/AIE1Subtarget.h:19,
                 from /home/jtuyls/iree-ai/llvm-aie-port/amd/aie/llvm/lib/Target/AIE/AIEBaseTargetTransformInfo.h:21,
                 from /home/jtuyls/iree-ai/llvm-aie-port/amd/aie/llvm/lib/Target/AIE/aie2ps/AIE2PSTargetTransformInfo.h:21,
                 from /home/jtuyls/iree-ai/llvm-aie-port/amd/aie/llvm/lib/Target/AIE/aie2ps/AIE2PSTargetMachine.cpp:16:
/home/jtuyls/iree-ai/llvm-aie-port/amd/aie/llvm/lib/Target/AIE/aie1/AIE1FrameLowering.h:29:15: note:   by ‘static void llvm::AIEFrameLowering::adjustReg(const llvm::TargetInstrInfo*, llvm::MachineBasicBlock&, llvm::MachineBasicBlock::iterator, const llvm::DebugLoc&, unsigned int, int64_t, llvm::MachineInstr::MIFlag)’
   29 |   static void adjustReg(const TargetInstrInfo *TII, MachineBasicBlock &MBB,
      |               ^~~~~~~~~
/home/jtuyls/iree-ai/llvm-aie-port/amd/aie/llvm/lib/Target/AIE/AIEBaseTargetTransformInfo.h: In instantiation of ‘class llvm::AIEBaseTTIImpl<llvm::AIE2PSTTIImpl>’:
/home/jtuyls/iree-ai/llvm-aie-port/amd/aie/llvm/lib/Target/AIE/aie2ps/AIE2PSTargetTransformInfo.h:34:30:   required from here
/home/jtuyls/iree-ai/llvm-aie-port/amd/aie/llvm/lib/Target/AIE/AIEBaseTargetTransformInfo.h:88:19: warning: ‘llvm::InstructionCost llvm::AIEBaseTTIImpl<T>::getIntImmCost(const llvm::APInt&, llvm::Type*, llvm::TargetTransformInfo::TargetCostKind) const [with T = llvm::AIE2PSTTIImpl]’ can be marked override [-Wsuggest-override]
   88 |   InstructionCost getIntImmCost(const APInt &Imm, Type *Ty, TTI::TargetCostKind CostKind) const { // amd/aie/ port: 23 returns InstructionCost
      |                   ^~~~~~~~~~~~~
/home/jtuyls/iree-ai/llvm-aie-port/amd/aie/llvm/lib/Target/AIE/AIEBaseTargetTransformInfo.h:119:12: warning: ‘llvm::TypeSize llvm::AIEBaseTTIImpl<T>::getRegisterBitWidth(llvm::TargetTransformInfo::RegisterKind) const [with T = llvm::AIE2PSTTIImpl]’ can be marked override [-Wsuggest-override]
  119 |   TypeSize getRegisterBitWidth(TargetTransformInfo::RegisterKind K) const {
      |            ^~~~~~~~~~~~~~~~~~~
/home/jtuyls/iree-ai/llvm-aie-port/amd/aie/llvm/lib/Target/AIE/AIEBaseTargetTransformInfo.h:134:12: warning: ‘unsigned int llvm::AIEBaseTTIImpl<T>::getMinVectorRegisterBitWidth() const [with T = llvm::AIE2PSTTIImpl]’ can be marked override [-Wsuggest-override]
  134 |   unsigned getMinVectorRegisterBitWidth() const { return 512; }
      |            ^~~~~~~~~~~~~~~~~~~~~~~~~~~~
/home/jtuyls/iree-ai/llvm-aie-port/amd/aie/llvm/lib/Target/AIE/AIEBaseTargetTransformInfo.h:149:19: warning: ‘llvm::InstructionCost llvm::AIEBaseTTIImpl<T>::getArithmeticInstrCost(unsigned int, llvm::Type*, llvm::TargetTransformInfo::TargetCostKind, llvm::TargetTransformInfo::OperandValueInfo, llvm::TargetTransformInfo::OperandValueInfo, llvm::ArrayRef<const llvm::Value*>, const llvm::Instruction*) const [with T = llvm::AIE2PSTTIImpl]’ can be marked override [-Wsuggest-override]
  149 |   InstructionCost getArithmeticInstrCost(
      |                   ^~~~~~~~~~~~~~~~~~~~~~
/home/jtuyls/iree-ai/llvm-aie-port/amd/aie/llvm/lib/Target/AIE/AIEBaseTargetTransformInfo.h:167:12: warning: ‘unsigned int llvm::AIEBaseTTIImpl<T>::getStoreVectorFactor(unsigned int, unsigned int, unsigned int, llvm::VectorType*) const [with T = llvm::AIE2PSTTIImpl]’ can be marked override [-Wsuggest-override]
  167 |   unsigned getStoreVectorFactor(unsigned VF, unsigned StoreSizeInBits,
      |            ^~~~~~~~~~~~~~~~~~~~
/home/jtuyls/iree-ai/llvm-aie-port/amd/aie/llvm/lib/Target/AIE/AIEBaseTargetTransformInfo.h:179:12: warning: ‘unsigned int llvm::AIEBaseTTIImpl<T>::getLoadVectorFactor(unsigned int, unsigned int, unsigned int, llvm::VectorType*) const [with T = llvm::AIE2PSTTIImpl]’ can be marked override [-Wsuggest-override]
  179 |   unsigned getLoadVectorFactor(unsigned VF, unsigned LoadSizeInBits,
      |            ^~~~~~~~~~~~~~~~~~~
/home/jtuyls/iree-ai/llvm-aie-port/amd/aie/llvm/lib/Target/AIE/AIEBaseTargetTransformInfo.h:186:8: warning: ‘bool llvm::AIEBaseTTIImpl<T>::isLegalToVectorizeStoreChain(unsigned int, llvm::Align, unsigned int) const [with T = llvm::AIE2PSTTIImpl]’ can be marked override [-Wsuggest-override]
  186 |   bool isLegalToVectorizeStoreChain(unsigned ChainSizeInBytes, Align Alignment,
      |        ^~~~~~~~~~~~~~~~~~~~~~~~~~~~
/home/jtuyls/iree-ai/llvm-aie-port/amd/aie/llvm/lib/Target/AIE/aie2ps/AIE2PSTargetTransformInfo.h:53:19: warning: ‘virtual llvm::InstructionCost llvm::AIE2PSTTIImpl::getMemoryOpCost(unsigned int, llvm::Type*, llvm::Align, unsigned int, llvm::TargetTransformInfo::TargetCostKind, llvm::TargetTransformInfo::OperandValueInfo, const llvm::Instruction*) const’ can be marked override [-Wsuggest-override]
   53 |   InstructionCost getMemoryOpCost(
      |                   ^~~~~~~~~~~~~~~
/home/jtuyls/iree-ai/llvm-aie-port/amd/aie/llvm/lib/Target/AIE/aie2ps/AIE2PSTargetTransformInfo.h:59:32: warning: ‘virtual std::optional<llvm::Instruction*> llvm::AIE2PSTTIImpl::instCombineIntrinsic(llvm::InstCombiner&, llvm::IntrinsicInst&) const’ can be marked override [-Wsuggest-override]
   59 |   std::optional<Instruction *> instCombineIntrinsic(InstCombiner &IC,
      |                                ^~~~~~~~~~~~~~~~~~~~
[68/77] Building CXX object lib/CodeGen/AsmPrinter/CMakeFiles/LLVMAsmPrinter.dir/AsmPrinter.cpp.o
[69/77] Linking CXX static library lib/libLLVMAsmPrinter.a
[70/77] Building CXX object lib/Target/AIE/CMakeFiles/LLVMAIECodeGen.dir/aie2p/AIE2PTargetTransformInfo.cpp.o
In file included from /home/jtuyls/iree-ai/llvm-aie-port/amd/aie/llvm/lib/Target/AIE/aie2p/AIE2PFrameLowering.h:18,
                 from /home/jtuyls/iree-ai/llvm-aie-port/amd/aie/llvm/lib/Target/AIE/aie2p/AIE2PSubtarget.h:18,
                 from /home/jtuyls/iree-ai/llvm-aie-port/amd/aie/llvm/lib/Target/AIE/aie2p/AIE2PTargetMachine.h:18,
                 from /home/jtuyls/iree-ai/llvm-aie-port/amd/aie/llvm/lib/Target/AIE/aie2p/AIE2PTargetTransformInfo.h:20,
                 from /home/jtuyls/iree-ai/llvm-aie-port/amd/aie/llvm/lib/Target/AIE/aie2p/AIE2PTargetTransformInfo.cpp:11:
/home/jtuyls/iree-ai/llvm-aie-port/amd/aie/llvm/lib/Target/AIE/AIEBaseFrameLowering.h:90:16: warning: ‘virtual void llvm::AIEBaseFrameLowering::adjustReg(llvm::MachineBasicBlock&, llvm::MachineBasicBlock::iterator, const llvm::DebugLoc&, unsigned int, int64_t, llvm::MachineInstr::MIFlag) const’ was hidden [-Woverloaded-virtual=]
   90 |   virtual void adjustReg(MachineBasicBlock &MBB,
      |                ^~~~~~~~~
In file included from /home/jtuyls/iree-ai/llvm-aie-port/amd/aie/llvm/lib/Target/AIE/aie1/AIE1Subtarget.h:19,
                 from /home/jtuyls/iree-ai/llvm-aie-port/amd/aie/llvm/lib/Target/AIE/AIEBaseTargetTransformInfo.h:21,
                 from /home/jtuyls/iree-ai/llvm-aie-port/amd/aie/llvm/lib/Target/AIE/aie2p/AIE2PTargetTransformInfo.h:21:
/home/jtuyls/iree-ai/llvm-aie-port/amd/aie/llvm/lib/Target/AIE/aie1/AIE1FrameLowering.h:29:15: note:   by ‘static void llvm::AIEFrameLowering::adjustReg(const llvm::TargetInstrInfo*, llvm::MachineBasicBlock&, llvm::MachineBasicBlock::iterator, const llvm::DebugLoc&, unsigned int, int64_t, llvm::MachineInstr::MIFlag)’
   29 |   static void adjustReg(const TargetInstrInfo *TII, MachineBasicBlock &MBB,
      |               ^~~~~~~~~
/home/jtuyls/iree-ai/llvm-aie-port/amd/aie/llvm/lib/Target/AIE/AIEBaseTargetTransformInfo.h: In instantiation of ‘class llvm::AIEBaseTTIImpl<llvm::AIE2PTTIImpl>’:
/home/jtuyls/iree-ai/llvm-aie-port/amd/aie/llvm/lib/Target/AIE/aie2p/AIE2PTargetTransformInfo.h:34:29:   required from here
/home/jtuyls/iree-ai/llvm-aie-port/amd/aie/llvm/lib/Target/AIE/AIEBaseTargetTransformInfo.h:88:19: warning: ‘llvm::InstructionCost llvm::AIEBaseTTIImpl<T>::getIntImmCost(const llvm::APInt&, llvm::Type*, llvm::TargetTransformInfo::TargetCostKind) const [with T = llvm::AIE2PTTIImpl]’ can be marked override [-Wsuggest-override]
   88 |   InstructionCost getIntImmCost(const APInt &Imm, Type *Ty, TTI::TargetCostKind CostKind) const { // amd/aie/ port: 23 returns InstructionCost
      |                   ^~~~~~~~~~~~~
/home/jtuyls/iree-ai/llvm-aie-port/amd/aie/llvm/lib/Target/AIE/AIEBaseTargetTransformInfo.h:119:12: warning: ‘llvm::TypeSize llvm::AIEBaseTTIImpl<T>::getRegisterBitWidth(llvm::TargetTransformInfo::RegisterKind) const [with T = llvm::AIE2PTTIImpl]’ can be marked override [-Wsuggest-override]
  119 |   TypeSize getRegisterBitWidth(TargetTransformInfo::RegisterKind K) const {
      |            ^~~~~~~~~~~~~~~~~~~
/home/jtuyls/iree-ai/llvm-aie-port/amd/aie/llvm/lib/Target/AIE/AIEBaseTargetTransformInfo.h:134:12: warning: ‘unsigned int llvm::AIEBaseTTIImpl<T>::getMinVectorRegisterBitWidth() const [with T = llvm::AIE2PTTIImpl]’ can be marked override [-Wsuggest-override]
  134 |   unsigned getMinVectorRegisterBitWidth() const { return 512; }
      |            ^~~~~~~~~~~~~~~~~~~~~~~~~~~~
/home/jtuyls/iree-ai/llvm-aie-port/amd/aie/llvm/lib/Target/AIE/AIEBaseTargetTransformInfo.h:149:19: warning: ‘llvm::InstructionCost llvm::AIEBaseTTIImpl<T>::getArithmeticInstrCost(unsigned int, llvm::Type*, llvm::TargetTransformInfo::TargetCostKind, llvm::TargetTransformInfo::OperandValueInfo, llvm::TargetTransformInfo::OperandValueInfo, llvm::ArrayRef<const llvm::Value*>, const llvm::Instruction*) const [with T = llvm::AIE2PTTIImpl]’ can be marked override [-Wsuggest-override]
  149 |   InstructionCost getArithmeticInstrCost(
      |                   ^~~~~~~~~~~~~~~~~~~~~~
/home/jtuyls/iree-ai/llvm-aie-port/amd/aie/llvm/lib/Target/AIE/AIEBaseTargetTransformInfo.h:167:12: warning: ‘unsigned int llvm::AIEBaseTTIImpl<T>::getStoreVectorFactor(unsigned int, unsigned int, unsigned int, llvm::VectorType*) const [with T = llvm::AIE2PTTIImpl]’ can be marked override [-Wsuggest-override]
  167 |   unsigned getStoreVectorFactor(unsigned VF, unsigned StoreSizeInBits,
      |            ^~~~~~~~~~~~~~~~~~~~
/home/jtuyls/iree-ai/llvm-aie-port/amd/aie/llvm/lib/Target/AIE/AIEBaseTargetTransformInfo.h:179:12: warning: ‘unsigned int llvm::AIEBaseTTIImpl<T>::getLoadVectorFactor(unsigned int, unsigned int, unsigned int, llvm::VectorType*) const [with T = llvm::AIE2PTTIImpl]’ can be marked override [-Wsuggest-override]
  179 |   unsigned getLoadVectorFactor(unsigned VF, unsigned LoadSizeInBits,
      |            ^~~~~~~~~~~~~~~~~~~
/home/jtuyls/iree-ai/llvm-aie-port/amd/aie/llvm/lib/Target/AIE/AIEBaseTargetTransformInfo.h:186:8: warning: ‘bool llvm::AIEBaseTTIImpl<T>::isLegalToVectorizeStoreChain(unsigned int, llvm::Align, unsigned int) const [with T = llvm::AIE2PTTIImpl]’ can be marked override [-Wsuggest-override]
  186 |   bool isLegalToVectorizeStoreChain(unsigned ChainSizeInBytes, Align Alignment,
      |        ^~~~~~~~~~~~~~~~~~~~~~~~~~~~
/home/jtuyls/iree-ai/llvm-aie-port/amd/aie/llvm/lib/Target/AIE/aie2p/AIE2PTargetTransformInfo.h:52:19: warning: ‘virtual llvm::InstructionCost llvm::AIE2PTTIImpl::getMemoryOpCost(unsigned int, llvm::Type*, llvm::Align, unsigned int, llvm::TargetTransformInfo::TargetCostKind, llvm::TargetTransformInfo::OperandValueInfo, const llvm::Instruction*) const’ can be marked override [-Wsuggest-override]
   52 |   InstructionCost getMemoryOpCost(
      |                   ^~~~~~~~~~~~~~~
/home/jtuyls/iree-ai/llvm-aie-port/amd/aie/llvm/lib/Target/AIE/aie2p/AIE2PTargetTransformInfo.h:58:32: warning: ‘virtual std::optional<llvm::Instruction*> llvm::AIE2PTTIImpl::instCombineIntrinsic(llvm::InstCombiner&, llvm::IntrinsicInst&) const’ can be marked override [-Wsuggest-override]
   58 |   std::optional<Instruction *> instCombineIntrinsic(InstCombiner &IC,
      |                                ^~~~~~~~~~~~~~~~~~~~
[71/77] Building CXX object lib/Target/AIE/CMakeFiles/LLVMAIECodeGen.dir/aie2p/AIE2PInstructionSelector.cpp.o
/home/jtuyls/iree-ai/llvm-aie-port/amd/aie/llvm/lib/Target/AIE/aie2p/AIE2PInstructionSelector.cpp:760:10: warning: ‘llvm::Register {anonymous}::AIE2PInstructionSelector::createPLFRRegSequence(llvm::Register, llvm::Register, llvm::Register, llvm::MachineRegisterInfo&)’ defined but not used [-Wunused-function]
  760 | Register AIE2PInstructionSelector::createPLFRRegSequence(
      |          ^~~~~~~~~~~~~~~~~~~~~~~~
[72/77] Building CXX object lib/Target/AIE/CMakeFiles/LLVMAIECodeGen.dir/aie2ps/AIE2PSTargetTransformInfo.cpp.o
In file included from /home/jtuyls/iree-ai/llvm-aie-port/amd/aie/llvm/lib/Target/AIE/aie2ps/AIE2PSFrameLowering.h:18,
                 from /home/jtuyls/iree-ai/llvm-aie-port/amd/aie/llvm/lib/Target/AIE/aie2ps/AIE2PSSubtarget.h:18,
                 from /home/jtuyls/iree-ai/llvm-aie-port/amd/aie/llvm/lib/Target/AIE/aie2ps/AIE2PSTargetMachine.h:18,
                 from /home/jtuyls/iree-ai/llvm-aie-port/amd/aie/llvm/lib/Target/AIE/aie2ps/AIE2PSTargetTransformInfo.h:20,
                 from /home/jtuyls/iree-ai/llvm-aie-port/amd/aie/llvm/lib/Target/AIE/aie2ps/AIE2PSTargetTransformInfo.cpp:11:
/home/jtuyls/iree-ai/llvm-aie-port/amd/aie/llvm/lib/Target/AIE/AIEBaseFrameLowering.h:90:16: warning: ‘virtual void llvm::AIEBaseFrameLowering::adjustReg(llvm::MachineBasicBlock&, llvm::MachineBasicBlock::iterator, const llvm::DebugLoc&, unsigned int, int64_t, llvm::MachineInstr::MIFlag) const’ was hidden [-Woverloaded-virtual=]
   90 |   virtual void adjustReg(MachineBasicBlock &MBB,
      |                ^~~~~~~~~
In file included from /home/jtuyls/iree-ai/llvm-aie-port/amd/aie/llvm/lib/Target/AIE/aie1/AIE1Subtarget.h:19,
                 from /home/jtuyls/iree-ai/llvm-aie-port/amd/aie/llvm/lib/Target/AIE/AIEBaseTargetTransformInfo.h:21,
                 from /home/jtuyls/iree-ai/llvm-aie-port/amd/aie/llvm/lib/Target/AIE/aie2ps/AIE2PSTargetTransformInfo.h:21:
/home/jtuyls/iree-ai/llvm-aie-port/amd/aie/llvm/lib/Target/AIE/aie1/AIE1FrameLowering.h:29:15: note:   by ‘static void llvm::AIEFrameLowering::adjustReg(const llvm::TargetInstrInfo*, llvm::MachineBasicBlock&, llvm::MachineBasicBlock::iterator, const llvm::DebugLoc&, unsigned int, int64_t, llvm::MachineInstr::MIFlag)’
   29 |   static void adjustReg(const TargetInstrInfo *TII, MachineBasicBlock &MBB,
      |               ^~~~~~~~~
/home/jtuyls/iree-ai/llvm-aie-port/amd/aie/llvm/lib/Target/AIE/AIEBaseTargetTransformInfo.h: In instantiation of ‘class llvm::AIEBaseTTIImpl<llvm::AIE2PSTTIImpl>’:
/home/jtuyls/iree-ai/llvm-aie-port/amd/aie/llvm/lib/Target/AIE/aie2ps/AIE2PSTargetTransformInfo.h:34:30:   required from here
/home/jtuyls/iree-ai/llvm-aie-port/amd/aie/llvm/lib/Target/AIE/AIEBaseTargetTransformInfo.h:88:19: warning: ‘llvm::InstructionCost llvm::AIEBaseTTIImpl<T>::getIntImmCost(const llvm::APInt&, llvm::Type*, llvm::TargetTransformInfo::TargetCostKind) const [with T = llvm::AIE2PSTTIImpl]’ can be marked override [-Wsuggest-override]
   88 |   InstructionCost getIntImmCost(const APInt &Imm, Type *Ty, TTI::TargetCostKind CostKind) const { // amd/aie/ port: 23 returns InstructionCost
      |                   ^~~~~~~~~~~~~
/home/jtuyls/iree-ai/llvm-aie-port/amd/aie/llvm/lib/Target/AIE/AIEBaseTargetTransformInfo.h:119:12: warning: ‘llvm::TypeSize llvm::AIEBaseTTIImpl<T>::getRegisterBitWidth(llvm::TargetTransformInfo::RegisterKind) const [with T = llvm::AIE2PSTTIImpl]’ can be marked override [-Wsuggest-override]
  119 |   TypeSize getRegisterBitWidth(TargetTransformInfo::RegisterKind K) const {
      |            ^~~~~~~~~~~~~~~~~~~
/home/jtuyls/iree-ai/llvm-aie-port/amd/aie/llvm/lib/Target/AIE/AIEBaseTargetTransformInfo.h:134:12: warning: ‘unsigned int llvm::AIEBaseTTIImpl<T>::getMinVectorRegisterBitWidth() const [with T = llvm::AIE2PSTTIImpl]’ can be marked override [-Wsuggest-override]
  134 |   unsigned getMinVectorRegisterBitWidth() const { return 512; }
      |            ^~~~~~~~~~~~~~~~~~~~~~~~~~~~
/home/jtuyls/iree-ai/llvm-aie-port/amd/aie/llvm/lib/Target/AIE/AIEBaseTargetTransformInfo.h:149:19: warning: ‘llvm::InstructionCost llvm::AIEBaseTTIImpl<T>::getArithmeticInstrCost(unsigned int, llvm::Type*, llvm::TargetTransformInfo::TargetCostKind, llvm::TargetTransformInfo::OperandValueInfo, llvm::TargetTransformInfo::OperandValueInfo, llvm::ArrayRef<const llvm::Value*>, const llvm::Instruction*) const [with T = llvm::AIE2PSTTIImpl]’ can be marked override [-Wsuggest-override]
  149 |   InstructionCost getArithmeticInstrCost(
      |                   ^~~~~~~~~~~~~~~~~~~~~~
/home/jtuyls/iree-ai/llvm-aie-port/amd/aie/llvm/lib/Target/AIE/AIEBaseTargetTransformInfo.h:167:12: warning: ‘unsigned int llvm::AIEBaseTTIImpl<T>::getStoreVectorFactor(unsigned int, unsigned int, unsigned int, llvm::VectorType*) const [with T = llvm::AIE2PSTTIImpl]’ can be marked override [-Wsuggest-override]
  167 |   unsigned getStoreVectorFactor(unsigned VF, unsigned StoreSizeInBits,
      |            ^~~~~~~~~~~~~~~~~~~~
/home/jtuyls/iree-ai/llvm-aie-port/amd/aie/llvm/lib/Target/AIE/AIEBaseTargetTransformInfo.h:179:12: warning: ‘unsigned int llvm::AIEBaseTTIImpl<T>::getLoadVectorFactor(unsigned int, unsigned int, unsigned int, llvm::VectorType*) const [with T = llvm::AIE2PSTTIImpl]’ can be marked override [-Wsuggest-override]
  179 |   unsigned getLoadVectorFactor(unsigned VF, unsigned LoadSizeInBits,
      |            ^~~~~~~~~~~~~~~~~~~
/home/jtuyls/iree-ai/llvm-aie-port/amd/aie/llvm/lib/Target/AIE/AIEBaseTargetTransformInfo.h:186:8: warning: ‘bool llvm::AIEBaseTTIImpl<T>::isLegalToVectorizeStoreChain(unsigned int, llvm::Align, unsigned int) const [with T = llvm::AIE2PSTTIImpl]’ can be marked override [-Wsuggest-override]
  186 |   bool isLegalToVectorizeStoreChain(unsigned ChainSizeInBytes, Align Alignment,
      |        ^~~~~~~~~~~~~~~~~~~~~~~~~~~~
/home/jtuyls/iree-ai/llvm-aie-port/amd/aie/llvm/lib/Target/AIE/aie2ps/AIE2PSTargetTransformInfo.h:53:19: warning: ‘virtual llvm::InstructionCost llvm::AIE2PSTTIImpl::getMemoryOpCost(unsigned int, llvm::Type*, llvm::Align, unsigned int, llvm::TargetTransformInfo::TargetCostKind, llvm::TargetTransformInfo::OperandValueInfo, const llvm::Instruction*) const’ can be marked override [-Wsuggest-override]
   53 |   InstructionCost getMemoryOpCost(
      |                   ^~~~~~~~~~~~~~~
/home/jtuyls/iree-ai/llvm-aie-port/amd/aie/llvm/lib/Target/AIE/aie2ps/AIE2PSTargetTransformInfo.h:59:32: warning: ‘virtual std::optional<llvm::Instruction*> llvm::AIE2PSTTIImpl::instCombineIntrinsic(llvm::InstCombiner&, llvm::IntrinsicInst&) const’ can be marked override [-Wsuggest-override]
   59 |   std::optional<Instruction *> instCombineIntrinsic(InstCombiner &IC,
      |                                ^~~~~~~~~~~~~~~~~~~~
[73/77] Building CXX object lib/Target/AIE/MCTargetDesc/CMakeFiles/LLVMAIEDesc.dir/AIEMCCodeEmitter.cpp.o
In file included from /home/jtuyls/iree-ai/llvm-aie-port/amd/aie/llvm/lib/Target/AIE/MCTargetDesc/AIEMCCodeEmitter.cpp:15:
/home/jtuyls/iree-ai/llvm-aie-port/amd/aie/llvm/lib/Target/AIE/MCTargetDesc/AIEBaseMCCodeEmitter.h: In instantiation of ‘void llvm::{anonymous}::getSImmOpValueXStep(const llvm::MCInst&, unsigned int, llvm::APInt&, llvm::SmallVectorImpl<llvm::MCFixup>&, const llvm::MCSubtargetInfo&) [with int N = 14; unsigned int step = 4; int offset = 0; bool isNegative = true; bool isUnsigned = false]’:
/home/jtuyls/iree-ai/llvm-aie-port/build/lib/Target/AIE/AIEGenMCCodeEmitter.inc:1249:53:   required from here
/home/jtuyls/iree-ai/llvm-aie-port/amd/aie/llvm/lib/Target/AIE/MCTargetDesc/AIEBaseMCCodeEmitter.h:124:46: warning: ‘constexpr size_t llvm::CTLog2() [with long unsigned int kValue = 4; size_t = long unsigned int]’ is deprecated: Use ConstantLog2 instead [-Wdeprecated-declarations]
  124 |   const unsigned FixedZeroBits = CTLog2<step>();
      |                                  ~~~~~~~~~~~~^~
In file included from /home/jtuyls/iree-ai/llvm-aie-port/llvm/include/llvm/ADT/DenseMap.h:24,
                 from /home/jtuyls/iree-ai/llvm-aie-port/llvm/include/llvm/MC/MCExpr.h:12,
                 from /home/jtuyls/iree-ai/llvm-aie-port/llvm/include/llvm/MC/MCSymbol.h:18,
                 from /home/jtuyls/iree-ai/llvm-aie-port/llvm/include/llvm/MC/MCObjectWriter.h:12,
                 from /home/jtuyls/iree-ai/llvm-aie-port/amd/aie/llvm/lib/Target/AIE/MCTargetDesc/AIEMCTargetDesc.h:19,
                 from /home/jtuyls/iree-ai/llvm-aie-port/amd/aie/llvm/lib/Target/AIE/Utils/AIEBaseInfo.h:18,
                 from /home/jtuyls/iree-ai/llvm-aie-port/amd/aie/llvm/lib/Target/AIE/AIE.h:19,
                 from /home/jtuyls/iree-ai/llvm-aie-port/amd/aie/llvm/lib/Target/AIE/MCTargetDesc/AIEFormat.h:16,
                 from /home/jtuyls/iree-ai/llvm-aie-port/amd/aie/llvm/lib/Target/AIE/MCTargetDesc/AIEMCFormats.h:17,
                 from /home/jtuyls/iree-ai/llvm-aie-port/amd/aie/llvm/lib/Target/AIE/MCTargetDesc/AIEMCFixupKinds.h:14,
                 from /home/jtuyls/iree-ai/llvm-aie-port/amd/aie/llvm/lib/Target/AIE/MCTargetDesc/AIEBaseMCCodeEmitter.h:15:
/home/jtuyls/iree-ai/llvm-aie-port/llvm/include/llvm/Support/MathExtras.h:324:18: note: declared here
  324 | constexpr size_t CTLog2() {
      |                  ^~~~~~
/home/jtuyls/iree-ai/llvm-aie-port/amd/aie/llvm/lib/Target/AIE/MCTargetDesc/AIEBaseMCCodeEmitter.h: In instantiation of ‘void llvm::{anonymous}::getSImmOpValueXStep(const llvm::MCInst&, unsigned int, llvm::APInt&, llvm::SmallVectorImpl<llvm::MCFixup>&, const llvm::MCSubtargetInfo&) [with int N = 4; unsigned int step = 4; int offset = 0; bool isNegative = false; bool isUnsigned = false]’:
/home/jtuyls/iree-ai/llvm-aie-port/build/lib/Target/AIE/AIEGenMCCodeEmitter.inc:1349:52:   required from here
/home/jtuyls/iree-ai/llvm-aie-port/amd/aie/llvm/lib/Target/AIE/MCTargetDesc/AIEBaseMCCodeEmitter.h:124:46: warning: ‘constexpr size_t llvm::CTLog2() [with long unsigned int kValue = 4; size_t = long unsigned int]’ is deprecated: Use ConstantLog2 instead [-Wdeprecated-declarations]
  124 |   const unsigned FixedZeroBits = CTLog2<step>();
      |                                  ~~~~~~~~~~~~^~
/home/jtuyls/iree-ai/llvm-aie-port/llvm/include/llvm/Support/MathExtras.h:324:18: note: declared here
  324 | constexpr size_t CTLog2() {
      |                  ^~~~~~
/home/jtuyls/iree-ai/llvm-aie-port/amd/aie/llvm/lib/Target/AIE/MCTargetDesc/AIEBaseMCCodeEmitter.h: In instantiation of ‘void llvm::{anonymous}::getSImmOpValueXStep(const llvm::MCInst&, unsigned int, llvm::APInt&, llvm::SmallVectorImpl<llvm::MCFixup>&, const llvm::MCSubtargetInfo&) [with int N = 5; unsigned int step = 32; int offset = 0; bool isNegative = false; bool isUnsigned = false]’:
/home/jtuyls/iree-ai/llvm-aie-port/build/lib/Target/AIE/AIEGenMCCodeEmitter.inc:1371:53:   required from here
/home/jtuyls/iree-ai/llvm-aie-port/amd/aie/llvm/lib/Target/AIE/MCTargetDesc/AIEBaseMCCodeEmitter.h:124:46: warning: ‘constexpr size_t llvm::CTLog2() [with long unsigned int kValue = 32; size_t = long unsigned int]’ is deprecated: Use ConstantLog2 instead [-Wdeprecated-declarations]
  124 |   const unsigned FixedZeroBits = CTLog2<step>();
      |                                  ~~~~~~~~~~~~^~
/home/jtuyls/iree-ai/llvm-aie-port/llvm/include/llvm/Support/MathExtras.h:324:18: note: declared here
  324 | constexpr size_t CTLog2() {
      |                  ^~~~~~
/home/jtuyls/iree-ai/llvm-aie-port/amd/aie/llvm/lib/Target/AIE/MCTargetDesc/AIEBaseMCCodeEmitter.h: In instantiation of ‘void llvm::{anonymous}::getSImmOpValueXStep(const llvm::MCInst&, unsigned int, llvm::APInt&, llvm::SmallVectorImpl<llvm::MCFixup>&, const llvm::MCSubtargetInfo&) [with int N = 7; unsigned int step = 32; int offset = 0; bool isNegative = true; bool isUnsigned = false]’:
/home/jtuyls/iree-ai/llvm-aie-port/build/lib/Target/AIE/AIEGenMCCodeEmitter.inc:3650:53:   required from here
/home/jtuyls/iree-ai/llvm-aie-port/amd/aie/llvm/lib/Target/AIE/MCTargetDesc/AIEBaseMCCodeEmitter.h:124:46: warning: ‘constexpr size_t llvm::CTLog2() [with long unsigned int kValue = 32; size_t = long unsigned int]’ is deprecated: Use ConstantLog2 instead [-Wdeprecated-declarations]
  124 |   const unsigned FixedZeroBits = CTLog2<step>();
      |                                  ~~~~~~~~~~~~^~
/home/jtuyls/iree-ai/llvm-aie-port/llvm/include/llvm/Support/MathExtras.h:324:18: note: declared here
  324 | constexpr size_t CTLog2() {
      |                  ^~~~~~
/home/jtuyls/iree-ai/llvm-aie-port/amd/aie/llvm/lib/Target/AIE/MCTargetDesc/AIEBaseMCCodeEmitter.h: In instantiation of ‘void llvm::{anonymous}::getSImmOpValueXStep(const llvm::MCInst&, unsigned int, llvm::APInt&, llvm::SmallVectorImpl<llvm::MCFixup>&, const llvm::MCSubtargetInfo&) [with int N = 7; unsigned int step = 4; int offset = 0; bool isNegative = true; bool isUnsigned = false]’:
/home/jtuyls/iree-ai/llvm-aie-port/build/lib/Target/AIE/AIEGenMCCodeEmitter.inc:4082:52:   required from here
/home/jtuyls/iree-ai/llvm-aie-port/amd/aie/llvm/lib/Target/AIE/MCTargetDesc/AIEBaseMCCodeEmitter.h:124:46: warning: ‘constexpr size_t llvm::CTLog2() [with long unsigned int kValue = 4; size_t = long unsigned int]’ is deprecated: Use ConstantLog2 instead [-Wdeprecated-declarations]
  124 |   const unsigned FixedZeroBits = CTLog2<step>();
      |                                  ~~~~~~~~~~~~^~
/home/jtuyls/iree-ai/llvm-aie-port/llvm/include/llvm/Support/MathExtras.h:324:18: note: declared here
  324 | constexpr size_t CTLog2() {
      |                  ^~~~~~
/home/jtuyls/iree-ai/llvm-aie-port/amd/aie/llvm/lib/Target/AIE/MCTargetDesc/AIEBaseMCCodeEmitter.h: In instantiation of ‘void llvm::{anonymous}::getSImmOpValueXStep(const llvm::MCInst&, unsigned int, llvm::APInt&, llvm::SmallVectorImpl<llvm::MCFixup>&, const llvm::MCSubtargetInfo&) [with int N = 7; unsigned int step = 16; int offset = 0; bool isNegative = true; bool isUnsigned = false]’:
/home/jtuyls/iree-ai/llvm-aie-port/build/lib/Target/AIE/AIEGenMCCodeEmitter.inc:4252:53:   required from here
/home/jtuyls/iree-ai/llvm-aie-port/amd/aie/llvm/lib/Target/AIE/MCTargetDesc/AIEBaseMCCodeEmitter.h:124:46: warning: ‘constexpr size_t llvm::CTLog2() [with long unsigned int kValue = 16; size_t = long unsigned int]’ is deprecated: Use ConstantLog2 instead [-Wdeprecated-declarations]
  124 |   const unsigned FixedZeroBits = CTLog2<step>();
      |                                  ~~~~~~~~~~~~^~
/home/jtuyls/iree-ai/llvm-aie-port/llvm/include/llvm/Support/MathExtras.h:324:18: note: declared here
  324 | constexpr size_t CTLog2() {
      |                  ^~~~~~
[74/77] Building CXX object lib/Target/AIE/CMakeFiles/LLVMAIECodeGen.dir/aie1/AIE1TargetMachine.cpp.o
In file included from /home/jtuyls/iree-ai/llvm-aie-port/amd/aie/llvm/lib/Target/AIE/aie1/AIE1FrameLowering.h:18,
                 from /home/jtuyls/iree-ai/llvm-aie-port/amd/aie/llvm/lib/Target/AIE/aie1/AIE1Subtarget.h:19,
                 from /home/jtuyls/iree-ai/llvm-aie-port/amd/aie/llvm/lib/Target/AIE/aie1/AIE1TargetMachine.h:20,
                 from /home/jtuyls/iree-ai/llvm-aie-port/amd/aie/llvm/lib/Target/AIE/aie1/AIE1TargetMachine.cpp:15:
/home/jtuyls/iree-ai/llvm-aie-port/amd/aie/llvm/lib/Target/AIE/AIEBaseFrameLowering.h:90:16: warning: ‘virtual void llvm::AIEBaseFrameLowering::adjustReg(llvm::MachineBasicBlock&, llvm::MachineBasicBlock::iterator, const llvm::DebugLoc&, unsigned int, int64_t, llvm::MachineInstr::MIFlag) const’ was hidden [-Woverloaded-virtual=]
   90 |   virtual void adjustReg(MachineBasicBlock &MBB,
      |                ^~~~~~~~~
/home/jtuyls/iree-ai/llvm-aie-port/amd/aie/llvm/lib/Target/AIE/aie1/AIE1FrameLowering.h:29:15: note:   by ‘static void llvm::AIEFrameLowering::adjustReg(const llvm::TargetInstrInfo*, llvm::MachineBasicBlock&, llvm::MachineBasicBlock::iterator, const llvm::DebugLoc&, unsigned int, int64_t, llvm::MachineInstr::MIFlag)’
   29 |   static void adjustReg(const TargetInstrInfo *TII, MachineBasicBlock &MBB,
      |               ^~~~~~~~~
In file included from /home/jtuyls/iree-ai/llvm-aie-port/llvm/include/llvm/CodeGen/BasicTTIImpl.h:28,
                 from /home/jtuyls/iree-ai/llvm-aie-port/amd/aie/llvm/lib/Target/AIE/AIETargetTransformInfo.h:22,
                 from /home/jtuyls/iree-ai/llvm-aie-port/amd/aie/llvm/lib/Target/AIE/aie1/AIE1TargetMachine.cpp:20:
/home/jtuyls/iree-ai/llvm-aie-port/llvm/include/llvm/Analysis/TargetTransformInfoImpl.h:587:27: warning: ‘virtual llvm::InstructionCost llvm::TargetTransformInfoImplBase::getIntImmCost(const llvm::APInt&, llvm::Type*, llvm::TargetTransformInfo::TargetCostKind) const’ was hidden [-Woverloaded-virtual=]
  587 |   virtual InstructionCost getIntImmCost(const APInt &Imm, Type *Ty,
      |                           ^~~~~~~~~~~~~
/home/jtuyls/iree-ai/llvm-aie-port/amd/aie/llvm/lib/Target/AIE/AIETargetTransformInfo.h:42:7: note:   by ‘int llvm::AIETTIImpl::getIntImmCost(const llvm::APInt&, llvm::Type*, llvm::TargetTransformInfo::TargetCostKind)’
   42 |   int getIntImmCost(const APInt &Imm, Type *Ty, TTI::TargetCostKind CostKind) {
      |       ^~~~~~~~~~~~~
/home/jtuyls/iree-ai/llvm-aie-port/llvm/include/llvm/CodeGen/BasicTTIImpl.h:714:8: warning: ‘void llvm::BasicTTIImplBase<T>::getUnrollingPreferences(llvm::Loop*, llvm::ScalarEvolution&, llvm::TargetTransformInfo::UnrollingPreferences&, llvm::OptimizationRemarkEmitter*) const [with T = llvm::AIETTIImpl]’ was hidden [-Woverloaded-virtual=]
  714 |   void getUnrollingPreferences(Loop *L, ScalarEvolution &SE,
      |        ^~~~~~~~~~~~~~~~~~~~~~~
/home/jtuyls/iree-ai/llvm-aie-port/amd/aie/llvm/lib/Target/AIE/AIETargetTransformInfo.h:57:8: note:   by ‘void llvm::AIETTIImpl::getUnrollingPreferences(llvm::Loop*, llvm::ScalarEvolution&, llvm::TargetTransformInfo::UnrollingPreferences&, llvm::OptimizationRemarkEmitter*)’
   57 |   void getUnrollingPreferences(Loop *L, ScalarEvolution &SE,
      |        ^~~~~~~~~~~~~~~~~~~~~~~
[75/77] Building CXX object lib/Target/AIE/CMakeFiles/LLVMAIECodeGen.dir/aie2ps/AIE2PSInstructionSelector.cpp.o
ninja: build stopped: cannot make progress due to previous errors.
DONE_RC=1
