ninja: Entering directory `build'
[1/552] Generating VCSRevision.h
[2/552] Building CXX object lib/CodeGen/CMakeFiles/LLVMCodeGen.dir/CodeGen.cpp.o
[3/552] Building CXX object lib/IR/CMakeFiles/LLVMCore.dir/IRPrintingPasses.cpp.o
[4/552] Building CXX object lib/CodeGen/CMakeFiles/LLVMCodeGen.dir/EdgeBundles.cpp.o
[5/552] Building CXX object lib/CodeGen/CMakeFiles/LLVMCodeGen.dir/AllocationOrder.cpp.o
[6/552] Building CXX object lib/CodeGen/CMakeFiles/LLVMCodeGen.dir/CFGuardLongjmp.cpp.o
[7/552] Building CXX object lib/CodeGen/CMakeFiles/LLVMCodeGen.dir/DeadMachineInstructionElim.cpp.o
[8/552] Building CXX object lib/CodeGen/CMakeFiles/LLVMCodeGen.dir/DetectDeadLanes.cpp.o
[9/552] Building CXX object lib/CodeGen/CMakeFiles/LLVMCodeGen.dir/CalcSpillWeights.cpp.o
[10/552] Building CXX object lib/CodeGen/CMakeFiles/LLVMCodeGen.dir/EHContGuardTargets.cpp.o
[11/552] Building CXX object lib/CodeGen/CMakeFiles/LLVMCodeGen.dir/BreakFalseDeps.cpp.o
[12/552] Building CXX object lib/CodeGen/CMakeFiles/LLVMCodeGen.dir/BasicBlockSectionsProfileReader.cpp.o
[13/552] Building CXX object lib/CodeGen/CMakeFiles/LLVMCodeGen.dir/CodeGenCommonISel.cpp.o
[14/552] Building CXX object lib/CodeGen/CMakeFiles/LLVMCodeGen.dir/BasicBlockSections.cpp.o
[15/552] Building CXX object lib/CodeGen/CMakeFiles/LLVMCodeGen.dir/BasicBlockPathCloning.cpp.o
[16/552] Building CXX object lib/CodeGen/CMakeFiles/LLVMCodeGen.dir/CFIFixup.cpp.o
[17/552] Building CXX object lib/CodeGen/CMakeFiles/LLVMCodeGen.dir/CFIInstrInserter.cpp.o
[18/552] Building CXX object lib/CodeGen/CMakeFiles/LLVMCodeGen.dir/CallingConvLower.cpp.o
[19/552] Building CXX object lib/CodeGen/CMakeFiles/LLVMCodeGen.dir/BranchRelaxation.cpp.o
[20/552] Building CXX object lib/IR/CMakeFiles/LLVMCore.dir/SafepointIRVerifier.cpp.o
[21/552] Building CXX object lib/CodeGen/CMakeFiles/LLVMCodeGen.dir/CriticalAntiDepBreaker.cpp.o
[22/552] Building CXX object lib/CodeGen/CMakeFiles/LLVMCodeGen.dir/BasicBlockMatchingAndInference.cpp.o
[23/552] Building CXX object lib/CodeGen/CMakeFiles/LLVMCodeGen.dir/ExecutionDomainFix.cpp.o
[24/552] Building CXX object lib/CodeGen/CMakeFiles/LLVMCodeGen.dir/EarlyIfConversion.cpp.o
[25/552] Building CXX object lib/CodeGen/CMakeFiles/LLVMCodeGen.dir/DFAPacketizer.cpp.o
[26/552] Building CXX object lib/CodeGen/CMakeFiles/LLVMCodeGen.dir/Analysis.cpp.o
[27/552] Building CXX object lib/CodeGen/CMakeFiles/LLVMCodeGen.dir/ExpandPostRAPseudos.cpp.o
[28/552] Building CXX object lib/CodeGen/CMakeFiles/LLVMCodeGen.dir/GCMetadata.cpp.o
[29/552] Building CXX object lib/CodeGen/CMakeFiles/LLVMCodeGen.dir/DwarfEHPrepare.cpp.o
[30/552] Building CXX object lib/IR/CMakeFiles/LLVMCore.dir/Dominators.cpp.o
[31/552] Building CXX object lib/CodeGen/CMakeFiles/LLVMCodeGen.dir/ExpandReductions.cpp.o
[32/552] Building CXX object lib/CodeGen/CMakeFiles/LLVMCodeGen.dir/FEntryInserter.cpp.o
[33/552] Building CXX object lib/IR/CMakeFiles/LLVMCore.dir/Core.cpp.o
[34/552] Building CXX object lib/CodeGen/CMakeFiles/LLVMCodeGen.dir/AggressiveAntiDepBreaker.cpp.o
[35/552] Building CXX object lib/CodeGen/CMakeFiles/LLVMCodeGen.dir/BranchFolding.cpp.o
[36/552] Building CXX object lib/CodeGen/CMakeFiles/LLVMCodeGen.dir/AtomicExpandPass.cpp.o
[37/552] Building CXX object lib/CodeGen/CMakeFiles/LLVMCodeGen.dir/IndirectBrExpandPass.cpp.o
[38/552] Building CXX object lib/CodeGen/CMakeFiles/LLVMCodeGen.dir/FuncletLayout.cpp.o
[39/552] Building CXX object lib/CodeGen/CMakeFiles/LLVMCodeGen.dir/ExpandVectorPredication.cpp.o
[40/552] Building CXX object lib/CodeGen/CMakeFiles/LLVMCodeGen.dir/FinalizeISel.cpp.o
[41/552] Building CXX object lib/CodeGen/CMakeFiles/LLVMCodeGen.dir/InlineAsmPrepare.cpp.o
[42/552] Building CXX object lib/CodeGen/CMakeFiles/LLVMCodeGen.dir/ComplexDeinterleavingPass.cpp.o
[43/552] Building CXX object lib/CodeGen/CMakeFiles/LLVMCodeGen.dir/InitUndef.cpp.o
[44/552] Building CXX object lib/CodeGen/CMakeFiles/LLVMCodeGen.dir/LibcallLoweringInfo.cpp.o
[45/552] Building CXX object lib/CodeGen/CMakeFiles/LLVMCodeGen.dir/ImplicitNullChecks.cpp.o
[46/552] Building CXX object lib/CodeGen/CMakeFiles/LLVMCodeGen.dir/LazyMachineBlockFrequencyInfo.cpp.o
[47/552] Building CXX object lib/CodeGen/CMakeFiles/LLVMCodeGen.dir/ExpandIRInsts.cpp.o
[48/552] Building CXX object lib/CodeGen/CMakeFiles/LLVMCodeGen.dir/GlobalMerge.cpp.o
[49/552] Building CXX object lib/CodeGen/CMakeFiles/LLVMCodeGen.dir/JMCInstrumenter.cpp.o
[50/552] Building CXX object lib/CodeGen/CMakeFiles/LLVMCodeGen.dir/GCRootLowering.cpp.o
[51/552] Building CXX object lib/CodeGen/CMakeFiles/LLVMCodeGen.dir/GlobalMergeFunctions.cpp.o
[52/552] Building CXX object lib/CodeGen/CMakeFiles/LLVMCodeGen.dir/LiveIntervalCalc.cpp.o
[53/552] Building CXX object lib/CodeGen/CMakeFiles/LLVMCodeGen.dir/InsertCodePrefetch.cpp.o
[54/552] Building CXX object lib/CodeGen/CMakeFiles/LLVMCodeGen.dir/LatencyPriorityQueue.cpp.o
[55/552] Building CXX object lib/CodeGen/CMakeFiles/LLVMCodeGen.dir/LivePhysRegs.cpp.o
[56/552] Building CXX object lib/CodeGen/CMakeFiles/LLVMCodeGen.dir/HardwareLoops.cpp.o
[57/552] Building CXX object lib/CodeGen/CMakeFiles/LLVMCodeGen.dir/BasicTargetTransformInfo.cpp.o
[58/552] Building CXX object lib/CodeGen/CMakeFiles/LLVMCodeGen.dir/LiveRangeCalc.cpp.o
[59/552] Building CXX object lib/CodeGen/CMakeFiles/LLVMCodeGen.dir/IfConversion.cpp.o
[60/552] Building CXX object lib/CodeGen/CMakeFiles/LLVMCodeGen.dir/LiveRangeShrink.cpp.o
[61/552] Building CXX object lib/CodeGen/CMakeFiles/LLVMCodeGen.dir/LiveRegMatrix.cpp.o
[62/552] Building CXX object lib/CodeGen/CMakeFiles/LLVMCodeGen.dir/FixupStatepointCallerSaved.cpp.o
[63/552] Building CXX object lib/CodeGen/CMakeFiles/LLVMCodeGen.dir/LiveInterval.cpp.o
[64/552] Building CXX object lib/CodeGen/CMakeFiles/LLVMCodeGen.dir/LiveStacks.cpp.o
[65/552] Building CXX object lib/CodeGen/CMakeFiles/LLVMCodeGen.dir/LiveRegUnits.cpp.o
[66/552] Building CXX object lib/CodeGen/CMakeFiles/LLVMCodeGen.dir/InlineSpiller.cpp.o
[67/552] Building CXX object lib/CodeGen/CMakeFiles/LLVMCodeGen.dir/KCFI.cpp.o
[68/552] Building CXX object lib/CodeGen/CMakeFiles/LLVMCodeGen.dir/LowerEmuTLS.cpp.o
[69/552] Building CXX object lib/CodeGen/CMakeFiles/LLVMCodeGen.dir/LocalStackSlotAllocation.cpp.o
[70/552] Building CXX object lib/CodeGen/CMakeFiles/LLVMCodeGen.dir/MachineBranchProbabilityInfo.cpp.o
[71/552] Building CXX object lib/CodeGen/CMakeFiles/LLVMCodeGen.dir/LiveRangeEdit.cpp.o
[72/552] Building CXX object lib/CodeGen/CMakeFiles/LLVMCodeGen.dir/MachineBlockHashInfo.cpp.o
[73/552] Building CXX object lib/CodeGen/CMakeFiles/LLVMCodeGen.dir/AssignmentTrackingAnalysis.cpp.o
[74/552] Building CXX object lib/IR/CMakeFiles/LLVMCore.dir/Verifier.cpp.o
[75/552] Building CXX object lib/CodeGen/CMakeFiles/LLVMCodeGen.dir/InterleavedAccessPass.cpp.o
[76/552] Linking CXX static library lib/libLLVMCore.a
[77/552] Building CXX object lib/CodeGen/CMakeFiles/LLVMCodeGen.dir/InterleavedLoadCombinePass.cpp.o
[78/552] Building CXX object lib/CodeGen/CMakeFiles/LLVMCodeGen.dir/MachineFunctionPrinterPass.cpp.o
[79/552] Building CXX object lib/CodeGen/CMakeFiles/LLVMCodeGen.dir/MachineCFGPrinter.cpp.o
[80/552] Building CXX object lib/CodeGen/CMakeFiles/LLVMCodeGen.dir/MachineDominanceFrontier.cpp.o
[81/552] Building CXX object lib/CodeGen/CMakeFiles/LLVMCodeGen.dir/LiveVariables.cpp.o
[82/552] Building CXX object lib/CodeGen/CMakeFiles/LLVMCodeGen.dir/LiveIntervals.cpp.o
[83/552] Building CXX object lib/CodeGen/CMakeFiles/LLVMCodeGen.dir/MachineCombiner.cpp.o
[84/552] Building CXX object lib/CodeGen/CMakeFiles/LLVMCodeGen.dir/MachineBlockFrequencyInfo.cpp.o
[85/552] Building CXX object lib/CodeGen/CMakeFiles/LLVMCodeGen.dir/MachineFrameInfo.cpp.o
[86/552] Building CXX object lib/CodeGen/CMakeFiles/LLVMCodeGen.dir/MachineCheckDebugify.cpp.o
[87/552] Building CXX object lib/CodeGen/CMakeFiles/LLVMCodeGen.dir/MachineConvergenceVerifier.cpp.o
[88/552] Building CXX object lib/CodeGen/CMakeFiles/LLVMCodeGen.dir/MachineCSE.cpp.o
[89/552] Building CXX object lib/CodeGen/CMakeFiles/LLVMCodeGen.dir/MachineInstrBundle.cpp.o
[90/552] Building CXX object lib/CodeGen/CMakeFiles/LLVMCodeGen.dir/MachineLateInstrsCleanup.cpp.o
[91/552] Building CXX object lib/CodeGen/CMakeFiles/LLVMCodeGen.dir/MachineCycleAnalysis.cpp.o
[92/552] Building CXX object lib/CodeGen/CMakeFiles/LLVMCodeGen.dir/MachineOptimizationRemarkEmitter.cpp.o
[93/552] Building CXX object lib/CodeGen/CMakeFiles/LLVMCodeGen.dir/MachineIDFSSAUpdater.cpp.o
[94/552] Building CXX object lib/CodeGen/CMakeFiles/LLVMCodeGen.dir/MachineDominators.cpp.o
[95/552] Building CXX object lib/CodeGen/CMakeFiles/LLVMCodeGen.dir/MachineLoopUtils.cpp.o
[96/552] Building CXX object lib/CodeGen/CMakeFiles/LLVMCodeGen.dir/MachineCopyPropagation.cpp.o
[97/552] Building CXX object lib/CodeGen/CMakeFiles/LLVMCodeGen.dir/MachineFunctionPass.cpp.o
[98/552] Building CXX object lib/CodeGen/CMakeFiles/LLVMCodeGen.dir/LiveDebugVariables.cpp.o
[99/552] Building CXX object lib/CodeGen/CMakeFiles/LLVMCodeGen.dir/MachineModuleInfo.cpp.o
[100/552] Building CXX object lib/CodeGen/CMakeFiles/LLVMCodeGen.dir/MachineBasicBlock.cpp.o
[101/552] Building CXX object lib/CodeGen/CMakeFiles/LLVMCodeGen.dir/MachineDebugify.cpp.o
[102/552] Building CXX object lib/CodeGen/CMakeFiles/LLVMCodeGen.dir/MachineLoopInfo.cpp.o
[103/552] Building CXX object lib/CodeGen/CMakeFiles/LLVMCodeGen.dir/MachineFunctionSplitter.cpp.o
[104/552] Building CXX object lib/CodeGen/CMakeFiles/LLVMCodeGen.dir/MachineRegisterInfo.cpp.o
[105/552] Building CXX object lib/CodeGen/CMakeFiles/LLVMCodeGen.dir/MachineSSAContext.cpp.o
[106/552] Building CXX object lib/CodeGen/CMakeFiles/LLVMCodeGen.dir/CodeGenTargetMachineImpl.cpp.o
[107/552] Building CXX object lib/CodeGen/CMakeFiles/LLVMCodeGen.dir/MachineStripDebug.cpp.o
[108/552] Building CXX object lib/CodeGen/CMakeFiles/LLVMCodeGen.dir/MachinePostDominators.cpp.o
[109/552] Building CXX object lib/CodeGen/CMakeFiles/LLVMCodeGen.dir/MachineOperand.cpp.o
[110/552] Building CXX object lib/CodeGen/CMakeFiles/LLVMCodeGen.dir/MachineSSAUpdater.cpp.o
[111/552] Building CXX object lib/CodeGen/CMakeFiles/LLVMCodeGen.dir/CodeGenPrepare.cpp.o
[112/552] Building CXX object lib/CodeGen/CMakeFiles/LLVMCodeGen.dir/PatchableFunction.cpp.o
[113/552] Building CXX object lib/CodeGen/CMakeFiles/LLVMCodeGen.dir/MachineRegionInfo.cpp.o
[114/552] Building CXX object lib/CodeGen/CMakeFiles/LLVMCodeGen.dir/MIRPrintingPass.cpp.o
[115/552] Building CXX object lib/CodeGen/CMakeFiles/LLVMCodeGen.dir/MachineLICM.cpp.o
[116/552] Building CXX object lib/CodeGen/CMakeFiles/LLVMCodeGen.dir/PHIEliminationUtils.cpp.o
[117/552] Building CXX object lib/CodeGen/CMakeFiles/LLVMCodeGen.dir/MachineBlockPlacement.cpp.o
[118/552] Building CXX object lib/CodeGen/CMakeFiles/LLVMCodeGen.dir/OptimizePHIs.cpp.o
[119/552] Building CXX object lib/CodeGen/CMakeFiles/LLVMCodeGen.dir/MachineTraceMetrics.cpp.o
[120/552] Building CXX object lib/CodeGen/CMakeFiles/LLVMCodeGen.dir/MachineInstr.cpp.o
[121/552] Building CXX object lib/CodeGen/CMakeFiles/LLVMCodeGen.dir/MLRegAllocPriorityAdvisor.cpp.o
[122/552] Building CXX object lib/CodeGen/CMakeFiles/LLVMCodeGen.dir/PostRAHazardRecognizer.cpp.o
[123/552] Building CXX object lib/CodeGen/CMakeFiles/LLVMCodeGen.dir/MIRFSDiscriminator.cpp.o
[124/552] Building CXX object lib/CodeGen/CMakeFiles/LLVMCodeGen.dir/MachineFunction.cpp.o
[125/552] Building CXX object lib/CodeGen/CMakeFiles/LLVMCodeGen.dir/MLRegAllocEvictAdvisor.cpp.o
[126/552] Building CXX object lib/CodeGen/CMakeFiles/LLVMCodeGen.dir/MacroFusion.cpp.o
[127/552] Building CXX object lib/CodeGen/CMakeFiles/LLVMCodeGen.dir/PeepholeOptimizer.cpp.o
[128/552] Building CXX object lib/CodeGen/CMakeFiles/LLVMCodeGen.dir/ProcessImplicitDefs.cpp.o
[129/552] Building CXX object lib/CodeGen/CMakeFiles/LLVMCodeGen.dir/MachineUniformityAnalysis.cpp.o
[130/552] Building CXX object lib/CodeGen/CMakeFiles/LLVMCodeGen.dir/RegAllocScore.cpp.o
[131/552] Building CXX object lib/CodeGen/CMakeFiles/LLVMCodeGen.dir/RegisterClassInfo.cpp.o
[132/552] Building CXX object lib/CodeGen/CMakeFiles/LLVMCodeGen.dir/PHIElimination.cpp.o
[133/552] Building CXX object lib/CodeGen/CMakeFiles/LLVMCodeGen.dir/MIR2Vec.cpp.o
[134/552] Building CXX object lib/CodeGen/CMakeFiles/LLVMCodeGen.dir/PostRASchedulerList.cpp.o
[135/552] Building CXX object lib/CodeGen/CMakeFiles/LLVMCodeGen.dir/RegAllocPriorityAdvisor.cpp.o
[136/552] Building CXX object lib/CodeGen/CMakeFiles/LLVMCodeGen.dir/RegAllocBase.cpp.o
[137/552] Building CXX object lib/CodeGen/CMakeFiles/LLVMCodeGen.dir/MachineOutliner.cpp.o
[138/552] Building CXX object lib/CodeGen/CMakeFiles/LLVMCodeGen.dir/GCEmptyBasicBlocks.cpp.o
[139/552] Building CXX object lib/CodeGen/CMakeFiles/LLVMCodeGen.dir/PseudoProbeInserter.cpp.o
[140/552] Building CXX object lib/CodeGen/CMakeFiles/LLVMCodeGen.dir/RegAllocEvictionAdvisor.cpp.o
[141/552] Building CXX object lib/CodeGen/CMakeFiles/LLVMCodeGen.dir/RegAllocBasic.cpp.o
[142/552] Building CXX object lib/CodeGen/CMakeFiles/LLVMCodeGen.dir/MachineSink.cpp.o
[143/552] Building CXX object lib/CodeGen/CMakeFiles/LLVMCodeGen.dir/ModuloSchedule.cpp.o
[144/552] Building CXX object lib/CodeGen/CMakeFiles/LLVMCodeGen.dir/ReachingDefAnalysis.cpp.o
[145/552] Building CXX object lib/CodeGen/CMakeFiles/LLVMCodeGen.dir/PreISelIntrinsicLowering.cpp.o
[146/552] Building CXX object lib/CodeGen/CMakeFiles/LLVMCodeGen.dir/MIRNamerPass.cpp.o
[147/552] Building CXX object lib/CodeGen/CMakeFiles/LLVMCodeGen.dir/RegisterPressure.cpp.o
[148/552] Building CXX object lib/CodeGen/CMakeFiles/LLVMCodeGen.dir/RegisterScavenging.cpp.o
[149/552] Building CXX object lib/CodeGen/CMakeFiles/LLVMCodeGen.dir/RegAllocFast.cpp.o
[150/552] Building CXX object lib/CodeGen/CMakeFiles/LLVMCodeGen.dir/MIRSampleProfile.cpp.o
[151/552] Building CXX object lib/CodeGen/CMakeFiles/LLVMCodeGen.dir/MIRVRegNamerUtils.cpp.o
[152/552] Building CXX object lib/CodeGen/CMakeFiles/LLVMCodeGen.dir/MachineStableHash.cpp.o
[153/552] Building CXX object lib/CodeGen/CMakeFiles/LLVMCodeGen.dir/RDFGraph.cpp.o
[154/552] Building CXX object lib/CodeGen/CMakeFiles/LLVMCodeGen.dir/RenameIndependentSubregs.cpp.o
[155/552] Building CXX object lib/CodeGen/CMakeFiles/LLVMCodeGen.dir/MachineVerifier.cpp.o
[156/552] Building CXX object lib/CodeGen/CMakeFiles/LLVMCodeGen.dir/PrologEpilogInserter.cpp.o
[157/552] Building CXX object lib/CodeGen/CMakeFiles/LLVMCodeGen.dir/MachineScheduler.cpp.o
[158/552] Building CXX object lib/CodeGen/CMakeFiles/LLVMCodeGen.dir/RegisterUsageInfo.cpp.o
[159/552] Building CXX object lib/CodeGen/CMakeFiles/LLVMCodeGen.dir/RegUsageInfoPropagate.cpp.o
[160/552] Building CXX object lib/CodeGen/CMakeFiles/LLVMCodeGen.dir/RegUsageInfoCollector.cpp.o
[161/552] Building CXX object lib/CodeGen/CMakeFiles/LLVMCodeGen.dir/MIRCanonicalizerPass.cpp.o
[162/552] Building CXX object lib/CodeGen/CMakeFiles/LLVMCodeGen.dir/RemoveRedundantDebugValues.cpp.o
[163/552] Building CXX object lib/CodeGen/CMakeFiles/LLVMCodeGen.dir/RemoveLoadsIntoFakeUses.cpp.o
[164/552] Building CXX object lib/CodeGen/CMakeFiles/LLVMCodeGen.dir/ResetMachineFunctionPass.cpp.o
[165/552] Building CXX object lib/CodeGen/CMakeFiles/LLVMCodeGen.dir/MIRPrinter.cpp.o
[166/552] Building CXX object lib/CodeGen/CMakeFiles/LLVMCodeGen.dir/RegAllocPBQP.cpp.o
[167/552] Building CXX object lib/CodeGen/CMakeFiles/LLVMCodeGen.dir/RegisterBankInfo.cpp.o
[168/552] Building CXX object lib/CodeGen/CMakeFiles/LLVMCodeGen.dir/Rematerializer.cpp.o
[169/552] Building CXX object lib/CodeGen/CMakeFiles/LLVMCodeGen.dir/SpillPlacement.cpp.o
[170/552] Building CXX object lib/CodeGen/CMakeFiles/LLVMCodeGen.dir/SanitizerBinaryMetadata.cpp.o
[171/552] Building CXX object lib/CodeGen/CMakeFiles/LLVMCodeGen.dir/ScheduleDAGPrinter.cpp.o
[172/552] Building CXX object lib/CodeGen/CMakeFiles/LLVMCodeGen.dir/StaticDataAnnotator.cpp.o
[173/552] Building CXX object lib/CodeGen/CMakeFiles/LLVMCodeGen.dir/RegisterCoalescer.cpp.o
[174/552] Building CXX object lib/CodeGen/CMakeFiles/LLVMCodeGen.dir/SlotIndexes.cpp.o
[175/552] Building CXX object lib/CodeGen/CMakeFiles/LLVMCodeGen.dir/ScoreboardHazardRecognizer.cpp.o
[176/552] Building CXX object lib/CodeGen/CMakeFiles/LLVMCodeGen.dir/StackMapLivenessAnalysis.cpp.o
[177/552] Building CXX object lib/CodeGen/CMakeFiles/LLVMCodeGen.dir/SjLjEHPrepare.cpp.o
[178/552] Building CXX object lib/CodeGen/CMakeFiles/LLVMCodeGen.dir/ReplaceWithVeclib.cpp.o
[179/552] Building CXX object lib/CodeGen/CMakeFiles/LLVMCodeGen.dir/ShadowStackGCLowering.cpp.o
[180/552] Building CXX object lib/CodeGen/CMakeFiles/LLVMCodeGen.dir/ScheduleDAG.cpp.o
[181/552] Building CXX object lib/CodeGen/CMakeFiles/LLVMCodeGen.dir/StaticDataSplitter.cpp.o
[182/552] Building CXX object lib/CodeGen/CMakeFiles/LLVMCodeGen.dir/RegAllocGreedy.cpp.o
[183/552] Building CXX object lib/CodeGen/CMakeFiles/LLVMCodeGen.dir/TargetSubtargetInfo.cpp.o
[184/552] Building CXX object lib/CodeGen/CMakeFiles/LLVMCodeGen.dir/MachinePipeliner.cpp.o
[185/552] Building CXX object lib/CodeGen/CMakeFiles/LLVMCodeGen.dir/TailDuplication.cpp.o
[186/552] Building CXX object lib/CodeGen/CMakeFiles/LLVMCodeGen.dir/TargetOptionsImpl.cpp.o
[187/552] Building CXX object lib/CodeGen/CMakeFiles/LLVMCodeGen.dir/StackMaps.cpp.o
[188/552] Building CXX object lib/CodeGen/CMakeFiles/LLVMCodeGen.dir/ScheduleDAGInstrs.cpp.o
[189/552] Building CXX object lib/CodeGen/CMakeFiles/LLVMCodeGen.dir/StackFrameLayoutAnalysisPass.cpp.o
[190/552] Building CXX object lib/CodeGen/CMakeFiles/LLVMCodeGen.dir/SwiftErrorValueTracking.cpp.o
[191/552] Building CXX object lib/CodeGen/CMakeFiles/LLVMCodeGen.dir/TargetSchedule.cpp.o
[192/552] Building CXX object lib/CodeGen/CMakeFiles/LLVMCodeGen.dir/ShrinkWrap.cpp.o
[193/552] Building CXX object lib/CodeGen/CMakeFiles/LLVMCodeGen.dir/SafeStack.cpp.o
[194/552] Building CXX object lib/CodeGen/CMakeFiles/LLVMCodeGen.dir/StackSlotColoring.cpp.o
[195/552] Building CXX object lib/CodeGen/CMakeFiles/LLVMCodeGen.dir/SplitKit.cpp.o
[196/552] Building CXX object lib/CodeGen/CMakeFiles/LLVMCodeGen.dir/TailDuplicator.cpp.o
[197/552] Building CXX object lib/CodeGen/CMakeFiles/LLVMCodeGen.dir/SwitchLoweringUtils.cpp.o
[198/552] Building CXX object lib/CodeGen/CMakeFiles/LLVMCodeGen.dir/UnreachableBlockElim.cpp.o
[199/552] Building CXX object lib/CodeGen/CMakeFiles/LLVMCodeGen.dir/StackColoring.cpp.o
[200/552] Building CXX object lib/CodeGen/CMakeFiles/LLVMCodeGen.dir/TargetFrameLoweringImpl.cpp.o
[201/552] Building CXX object lib/CodeGen/CMakeFiles/LLVMCodeGen.dir/XRayInstrumentation.cpp.o
[202/552] Building CXX object lib/CodeGen/CMakeFiles/LLVMCodeGen.dir/WasmEHPrepare.cpp.o
[203/552] Building CXX object lib/CodeGen/CMakeFiles/LLVMCodeGen.dir/SelectOptimize.cpp.o
[204/552] Building CXX object lib/CodeGen/CMakeFiles/LLVMCodeGen.dir/VirtRegMap.cpp.o
[205/552] Building CXX object lib/CodeGen/CMakeFiles/LLVMCodeGen.dir/TargetRegisterInfo.cpp.o
[206/552] Building CXX object lib/CodeGen/CMakeFiles/LLVMCodeGen.dir/WindowsSecureHotPatching.cpp.o
[207/552] Building CXX object lib/CodeGen/CMakeFiles/LLVMCodeGen.dir/StackProtector.cpp.o
[208/552] Building CXX object lib/CodeGen/CMakeFiles/LLVMCodeGen.dir/TargetPassConfig.cpp.o
[209/552] Building CXX object lib/CodeGen/CMakeFiles/LLVMCodeGen.dir/LiveDebugValues/LiveDebugValues.cpp.o
[210/552] Building CXX object lib/CodeGen/CMakeFiles/LLVMCodeGen.dir/TargetInstrInfo.cpp.o
[211/552] Building CXX object lib/CodeGen/CMakeFiles/LLVMCodeGen.dir/TargetLoweringBase.cpp.o
[212/552] Building CXX object lib/CodeGen/CMakeFiles/LLVMCodeGen.dir/VLIWMachineScheduler.cpp.o
[213/552] Building CXX object lib/CodeGen/CMakeFiles/LLVMCodeGen.dir/WinEHPrepare.cpp.o
[214/552] Building CXX object lib/CodeGen/CMakeFiles/LLVMCodeGen.dir/TwoAddressInstructionPass.cpp.o
[215/552] Building CXX object lib/CodeGen/CMakeFiles/LLVMCodeGen.dir/TypePromotion.cpp.o
[216/552] Building CXX object lib/CodeGen/SelectionDAG/CMakeFiles/LLVMSelectionDAG.dir/SDNodeInfo.cpp.o
[217/552] Building CXX object lib/CodeGen/SelectionDAG/CMakeFiles/LLVMSelectionDAG.dir/LegalizeTypesGeneric.cpp.o
[218/552] Building CXX object lib/CodeGen/SelectionDAG/CMakeFiles/LLVMSelectionDAG.dir/LegalizeTypes.cpp.o
[219/552] Building CXX object lib/CodeGen/SelectionDAG/CMakeFiles/LLVMSelectionDAG.dir/ScheduleDAGVLIW.cpp.o
[220/552] Building CXX object lib/CodeGen/CMakeFiles/LLVMCodeGen.dir/WindowScheduler.cpp.o
[221/552] Building CXX object lib/CodeGen/SelectionDAG/CMakeFiles/LLVMSelectionDAG.dir/SelectionDAGAddressAnalysis.cpp.o
[222/552] Building CXX object lib/CodeGen/SelectionDAG/CMakeFiles/LLVMSelectionDAG.dir/InstrEmitter.cpp.o
[223/552] Building CXX object lib/CodeGen/SelectionDAG/CMakeFiles/LLVMSelectionDAG.dir/ResourcePriorityQueue.cpp.o
[224/552] Building CXX object lib/CodeGen/GlobalISel/CMakeFiles/LLVMGlobalISel.dir/GlobalISel.cpp.o
[225/552] Building CXX object lib/CodeGen/SelectionDAG/CMakeFiles/LLVMSelectionDAG.dir/FunctionLoweringInfo.cpp.o
[226/552] Building CXX object lib/CodeGen/SelectionDAG/CMakeFiles/LLVMSelectionDAG.dir/ScheduleDAGFast.cpp.o
[227/552] Building CXX object lib/CodeGen/SelectionDAG/CMakeFiles/LLVMSelectionDAG.dir/LegalizeFloatTypes.cpp.o
[228/552] Building CXX object lib/CodeGen/SelectionDAG/CMakeFiles/LLVMSelectionDAG.dir/SelectionDAGPrinter.cpp.o
[229/552] Building CXX object lib/CodeGen/SelectionDAG/CMakeFiles/LLVMSelectionDAG.dir/ScheduleDAGSDNodes.cpp.o
[230/552] Building CXX object lib/CodeGen/CMakeFiles/LLVMCodeGen.dir/LiveDebugValues/VarLocBasedImpl.cpp.o
[231/552] Building CXX object lib/CodeGen/SelectionDAG/CMakeFiles/LLVMSelectionDAG.dir/LegalizeVectorOps.cpp.o
[232/552] Building CXX object lib/CodeGen/SelectionDAG/CMakeFiles/LLVMSelectionDAG.dir/FastISel.cpp.o
[233/552] Building CXX object lib/CodeGen/SelectionDAG/CMakeFiles/LLVMSelectionDAG.dir/SelectionDAGDumper.cpp.o
[234/552] Building CXX object lib/CodeGen/AsmPrinter/CMakeFiles/LLVMAsmPrinter.dir/AsmPrinterInlineAsm.cpp.o
[235/552] Building CXX object lib/CodeGen/GlobalISel/CMakeFiles/LLVMGlobalISel.dir/CSEInfo.cpp.o
[236/552] Building CXX object lib/CodeGen/SelectionDAG/CMakeFiles/LLVMSelectionDAG.dir/ScheduleDAGRRList.cpp.o
[237/552] Building CXX object lib/CodeGen/GlobalISel/CMakeFiles/LLVMGlobalISel.dir/CSEMIRBuilder.cpp.o
[238/552] Building CXX object lib/CodeGen/AsmPrinter/CMakeFiles/LLVMAsmPrinter.dir/DebugHandlerBase.cpp.o
[239/552] Building CXX object lib/CodeGen/SelectionDAG/CMakeFiles/LLVMSelectionDAG.dir/StatepointLowering.cpp.o
[240/552] Building CXX object lib/CodeGen/GlobalISel/CMakeFiles/LLVMGlobalISel.dir/GISelChangeObserver.cpp.o
[241/552] Building CXX object lib/CodeGen/SelectionDAG/CMakeFiles/LLVMSelectionDAG.dir/LegalizeDAG.cpp.o
[242/552] Building CXX object lib/CodeGen/SelectionDAG/CMakeFiles/LLVMSelectionDAG.dir/LegalizeIntegerTypes.cpp.o
[243/552] Building CXX object lib/CodeGen/AsmPrinter/CMakeFiles/LLVMAsmPrinter.dir/DbgEntityHistoryCalculator.cpp.o
[244/552] Building CXX object lib/CodeGen/AsmPrinter/CMakeFiles/LLVMAsmPrinter.dir/WinException.cpp.o
[245/552] Building CXX object lib/CodeGen/GlobalISel/CMakeFiles/LLVMGlobalISel.dir/GIMatchTableExecutor.cpp.o
[246/552] Building CXX object lib/CodeGen/GlobalISel/CMakeFiles/LLVMGlobalISel.dir/CombinerHelperArtifacts.cpp.o
[247/552] Building CXX object lib/CodeGen/GlobalISel/CMakeFiles/LLVMGlobalISel.dir/CombinerHelperCasts.cpp.o
[248/552] Building CXX object lib/CodeGen/GlobalISel/CMakeFiles/LLVMGlobalISel.dir/CombinerHelperVectorOps.cpp.o
[249/552] Building CXX object lib/CodeGen/GlobalISel/CMakeFiles/LLVMGlobalISel.dir/CombinerHelperCompares.cpp.o
[250/552] Building CXX object lib/CodeGen/GlobalISel/CMakeFiles/LLVMGlobalISel.dir/CallLowering.cpp.o
[251/552] Building CXX object lib/CodeGen/GlobalISel/CMakeFiles/LLVMGlobalISel.dir/LegalizerInfo.cpp.o
[252/552] Building CXX object lib/CodeGen/AsmPrinter/CMakeFiles/LLVMAsmPrinter.dir/DwarfCompileUnit.cpp.o
[253/552] Building CXX object lib/CodeGen/GlobalISel/CMakeFiles/LLVMGlobalISel.dir/MachineFloatingPointPredicateUtils.cpp.o
[254/552] Building CXX object lib/CodeGen/SelectionDAG/CMakeFiles/LLVMSelectionDAG.dir/LegalizeVectorTypes.cpp.o
[255/552] Building CXX object lib/CodeGen/GlobalISel/CMakeFiles/LLVMGlobalISel.dir/InlineAsmLowering.cpp.o
[256/552] Building CXX object lib/Bitcode/Writer/CMakeFiles/LLVMBitWriter.dir/BitcodeWriterPass.cpp.o
[257/552] Building CXX object lib/CodeGen/GlobalISel/CMakeFiles/LLVMGlobalISel.dir/GISelValueTracking.cpp.o
[258/552] Building CXX object lib/CodeGen/GlobalISel/CMakeFiles/LLVMGlobalISel.dir/Combiner.cpp.o
[259/552] Building CXX object lib/Transforms/Utils/CMakeFiles/LLVMTransformUtils.dir/FixIrreducible.cpp.o
[260/552] Building CXX object lib/Transforms/Utils/CMakeFiles/LLVMTransformUtils.dir/CanonicalizeFreezeInLoops.cpp.o
[261/552] Building CXX object lib/Transforms/Utils/CMakeFiles/LLVMTransformUtils.dir/EntryExitInstrumenter.cpp.o
[262/552] Building CXX object lib/Transforms/Utils/CMakeFiles/LLVMTransformUtils.dir/BreakCriticalEdges.cpp.o
[263/552] Building CXX object lib/CodeGen/GlobalISel/CMakeFiles/LLVMGlobalISel.dir/InstructionSelect.cpp.o
[264/552] Building CXX object lib/Transforms/Utils/CMakeFiles/LLVMTransformUtils.dir/LowerGlobalDtors.cpp.o
[265/552] Building CXX object lib/Transforms/Utils/CMakeFiles/LLVMTransformUtils.dir/LowerInvoke.cpp.o
[266/552] Building CXX object lib/CodeGen/GlobalISel/CMakeFiles/LLVMGlobalISel.dir/LoadStoreOpt.cpp.o
[267/552] Building CXX object lib/CodeGen/GlobalISel/CMakeFiles/LLVMGlobalISel.dir/Localizer.cpp.o
[268/552] Building CXX object lib/CodeGen/CMakeFiles/LLVMCodeGen.dir/LiveDebugValues/InstrRefBasedImpl.cpp.o
[269/552] Building CXX object lib/Transforms/Utils/CMakeFiles/LLVMTransformUtils.dir/Mem2Reg.cpp.o
[270/552] Building CXX object lib/CodeGen/GlobalISel/CMakeFiles/LLVMGlobalISel.dir/Legalizer.cpp.o
[271/552] Building CXX object lib/CodeGen/GlobalISel/CMakeFiles/LLVMGlobalISel.dir/MachineIRBuilder.cpp.o
[272/552] Building CXX object lib/Transforms/Utils/CMakeFiles/LLVMTransformUtils.dir/LCSSA.cpp.o
[273/552] Building CXX object lib/CodeGen/SelectionDAG/CMakeFiles/LLVMSelectionDAG.dir/SelectionDAGISel.cpp.o
[274/552] Building CXX object lib/Transforms/Utils/CMakeFiles/LLVMTransformUtils.dir/Utils.cpp.o
[275/552] Building CXX object lib/Transforms/Utils/CMakeFiles/LLVMTransformUtils.dir/LoopConstrainer.cpp.o
[276/552] Building CXX object lib/CodeGen/GlobalISel/CMakeFiles/LLVMGlobalISel.dir/RegBankSelect.cpp.o
[277/552] Building CXX object lib/Transforms/Utils/CMakeFiles/LLVMTransformUtils.dir/LowerSwitch.cpp.o
[278/552] Building CXX object lib/Transforms/Utils/CMakeFiles/LLVMTransformUtils.dir/LoopSimplify.cpp.o
[279/552] Building CXX object lib/CodeGen/GlobalISel/CMakeFiles/LLVMGlobalISel.dir/Utils.cpp.o
[280/552] Building CXX object lib/Transforms/Scalar/CMakeFiles/LLVMScalarOpts.dir/FlattenCFGPass.cpp.o
[281/552] Building CXX object lib/Transforms/Utils/CMakeFiles/LLVMTransformUtils.dir/LoopUnrollRuntime.cpp.o
[282/552] Building CXX object lib/CodeGen/AsmPrinter/CMakeFiles/LLVMAsmPrinter.dir/CodeViewDebug.cpp.o
[283/552] Building CXX object lib/Transforms/Utils/CMakeFiles/LLVMTransformUtils.dir/StripConvergenceIntrinsics.cpp.o
[284/552] Building CXX object lib/Transforms/Utils/CMakeFiles/LLVMTransformUtils.dir/MoveAutoInit.cpp.o
[285/552] Building CXX object lib/Transforms/Utils/CMakeFiles/LLVMTransformUtils.dir/UnifyLoopExits.cpp.o
[286/552] Building CXX object lib/Transforms/Utils/CMakeFiles/LLVMTransformUtils.dir/LoopUnrollAndJam.cpp.o
[287/552] Building CXX object lib/Transforms/Utils/CMakeFiles/LLVMTransformUtils.dir/LowerMemIntrinsics.cpp.o
[288/552] Building CXX object lib/Transforms/Utils/CMakeFiles/LLVMTransformUtils.dir/LoopPeel.cpp.o
[289/552] Building CXX object lib/CodeGen/AsmPrinter/CMakeFiles/LLVMAsmPrinter.dir/AsmPrinter.cpp.o
[290/552] Building CXX object lib/Transforms/Utils/CMakeFiles/LLVMTransformUtils.dir/LoopUnroll.cpp.o
[291/552] Building CXX object lib/Transforms/Scalar/CMakeFiles/LLVMScalarOpts.dir/DCE.cpp.o
[292/552] Building CXX object lib/Transforms/Scalar/CMakeFiles/LLVMScalarOpts.dir/InstSimplifyPass.cpp.o
[293/552] Building CXX object lib/Transforms/Utils/CMakeFiles/LLVMTransformUtils.dir/LoopVersioning.cpp.o
[294/552] Building CXX object lib/Transforms/Scalar/CMakeFiles/LLVMScalarOpts.dir/GuardWidening.cpp.o
[295/552] Building CXX object lib/Transforms/Scalar/CMakeFiles/LLVMScalarOpts.dir/ConstantHoisting.cpp.o
[296/552] Building CXX object lib/CodeGen/SelectionDAG/CMakeFiles/LLVMSelectionDAG.dir/TargetLowering.cpp.o
[297/552] Building CXX object lib/Transforms/Scalar/CMakeFiles/LLVMScalarOpts.dir/InductiveRangeCheckElimination.cpp.o
[298/552] Building CXX object lib/Transforms/Scalar/CMakeFiles/LLVMScalarOpts.dir/LoopAccessAnalysisPrinter.cpp.o
[299/552] Building CXX object lib/CodeGen/GlobalISel/CMakeFiles/LLVMGlobalISel.dir/IRTranslator.cpp.o
[300/552] Building CXX object lib/CodeGen/GlobalISel/CMakeFiles/LLVMGlobalISel.dir/LegalizerHelper.cpp.o
[301/552] Building CXX object lib/CodeGen/SelectionDAG/CMakeFiles/LLVMSelectionDAG.dir/SelectionDAG.cpp.o
[302/552] Building CXX object lib/Transforms/Utils/CMakeFiles/LLVMTransformUtils.dir/LoopUtils.cpp.o
[303/552] Building CXX object lib/CodeGen/AsmPrinter/CMakeFiles/LLVMAsmPrinter.dir/DwarfDebug.cpp.o
[304/552] Building CXX object lib/Transforms/Utils/CMakeFiles/LLVMTransformUtils.dir/SimplifyIndVar.cpp.o
[305/552] Building CXX object lib/Transforms/Scalar/CMakeFiles/LLVMScalarOpts.dir/InferAddressSpaces.cpp.o
[306/552] Building CXX object lib/Transforms/Scalar/CMakeFiles/LLVMScalarOpts.dir/LoopSink.cpp.o
[307/552] Building CXX object lib/Transforms/Scalar/CMakeFiles/LLVMScalarOpts.dir/EarlyCSE.cpp.o
[308/552] Building CXX object lib/Transforms/Scalar/CMakeFiles/LLVMScalarOpts.dir/LoopDataPrefetch.cpp.o
[309/552] Building CXX object lib/Transforms/Scalar/CMakeFiles/LLVMScalarOpts.dir/LoopInstSimplify.cpp.o
[310/552] Building CXX object lib/Transforms/Scalar/CMakeFiles/LLVMScalarOpts.dir/LoopBoundSplit.cpp.o
[311/552] Building CXX object lib/Transforms/Scalar/CMakeFiles/LLVMScalarOpts.dir/Scalar.cpp.o
[312/552] Building CXX object lib/Transforms/Utils/CMakeFiles/LLVMTransformUtils.dir/ScalarEvolutionExpander.cpp.o
[313/552] Building CXX object lib/Transforms/Scalar/CMakeFiles/LLVMScalarOpts.dir/LowerAtomicPass.cpp.o
[314/552] Building CXX object lib/CodeGen/GlobalISel/CMakeFiles/LLVMGlobalISel.dir/CombinerHelper.cpp.o
[315/552] Building CXX object lib/CodeGen/SelectionDAG/CMakeFiles/LLVMSelectionDAG.dir/SelectionDAGBuilder.cpp.o
[316/552] Building CXX object lib/Transforms/Scalar/CMakeFiles/LLVMScalarOpts.dir/LoopPassManager.cpp.o
[317/552] Building CXX object lib/Transforms/Scalar/CMakeFiles/LLVMScalarOpts.dir/LoopDeletion.cpp.o
[318/552] Building CXX object lib/Transforms/Scalar/CMakeFiles/LLVMScalarOpts.dir/IndVarSimplify.cpp.o
[319/552] Building CXX object lib/Transforms/Scalar/CMakeFiles/LLVMScalarOpts.dir/LoopRotation.cpp.o
[320/552] Building CXX object lib/Transforms/Scalar/CMakeFiles/LLVMScalarOpts.dir/DeadStoreElimination.cpp.o
[321/552] Building CXX object lib/Transforms/Scalar/CMakeFiles/LLVMScalarOpts.dir/Reg2Mem.cpp.o
[322/552] Building CXX object lib/Transforms/Scalar/CMakeFiles/LLVMScalarOpts.dir/LoopDistribute.cpp.o
[323/552] Building CXX object lib/Transforms/Scalar/CMakeFiles/LLVMScalarOpts.dir/LoopUnrollAndJamPass.cpp.o
[324/552] Building CXX object lib/Transforms/Scalar/CMakeFiles/LLVMScalarOpts.dir/PartiallyInlineLibCalls.cpp.o
[325/552] Building CXX object lib/Transforms/Scalar/CMakeFiles/LLVMScalarOpts.dir/LoopLoadElimination.cpp.o
[326/552] Building CXX object lib/Transforms/Scalar/CMakeFiles/LLVMScalarOpts.dir/GVN.cpp.o
[327/552] Building CXX object lib/Transforms/IPO/CMakeFiles/LLVMipo.dir/IPO.cpp.o
[328/552] Building CXX object lib/Transforms/Scalar/CMakeFiles/LLVMScalarOpts.dir/Sink.cpp.o
[329/552] Building CXX object lib/Transforms/IPO/CMakeFiles/LLVMipo.dir/BarrierNoopPass.cpp.o
[330/552] Building CXX object lib/Transforms/Scalar/CMakeFiles/LLVMScalarOpts.dir/LoopPredication.cpp.o
[331/552] Building CXX object lib/Transforms/Scalar/CMakeFiles/LLVMScalarOpts.dir/LoopFlatten.cpp.o
[332/552] Building CXX object lib/Transforms/Scalar/CMakeFiles/LLVMScalarOpts.dir/PlaceSafepoints.cpp.o
[333/552] Building CXX object lib/Transforms/Scalar/CMakeFiles/LLVMScalarOpts.dir/LoopSimplifyCFG.cpp.o
[334/552] Building CXX object lib/Transforms/Scalar/CMakeFiles/LLVMScalarOpts.dir/LoopVersioningLICM.cpp.o
[335/552] Building CXX object lib/Transforms/Scalar/CMakeFiles/LLVMScalarOpts.dir/LoopInterchange.cpp.o
[336/552] Building CXX object lib/Transforms/Scalar/CMakeFiles/LLVMScalarOpts.dir/NaryReassociate.cpp.o
[337/552] Building CXX object lib/Transforms/Scalar/CMakeFiles/LLVMScalarOpts.dir/LoopIdiomRecognize.cpp.o
[338/552] Building CXX object lib/Transforms/Scalar/CMakeFiles/LLVMScalarOpts.dir/LICM.cpp.o
[339/552] Building CXX object lib/Transforms/Scalar/CMakeFiles/LLVMScalarOpts.dir/SpeculativeExecution.cpp.o
[340/552] Building CXX object lib/Transforms/Scalar/CMakeFiles/LLVMScalarOpts.dir/LoopTermFold.cpp.o
[341/552] Building CXX object lib/Transforms/Vectorize/CMakeFiles/LLVMVectorize.dir/Vectorize.cpp.o
[342/552] Building CXX object lib/Transforms/Scalar/CMakeFiles/LLVMScalarOpts.dir/WarnMissedTransforms.cpp.o
[343/552] Building CXX object lib/Transforms/Scalar/CMakeFiles/LLVMScalarOpts.dir/SimplifyCFGPass.cpp.o
[344/552] Building CXX object lib/Transforms/Scalar/CMakeFiles/LLVMScalarOpts.dir/SeparateConstOffsetFromGEP.cpp.o
[345/552] Building CXX object lib/Transforms/IPO/CMakeFiles/LLVMipo.dir/LoopExtractor.cpp.o
[346/552] Building CXX object lib/Transforms/Scalar/CMakeFiles/LLVMScalarOpts.dir/LoopUnrollPass.cpp.o
[347/552] Building CXX object lib/Transforms/Scalar/CMakeFiles/LLVMScalarOpts.dir/ScalarizeMaskedMemIntrin.cpp.o
[348/552] Building CXX object lib/Transforms/InstCombine/CMakeFiles/LLVMInstCombine.dir/InstructionCombining.cpp.o
[349/552] Building CXX object lib/Transforms/Scalar/CMakeFiles/LLVMScalarOpts.dir/Scalarizer.cpp.o
[350/552] Building CXX object lib/Transforms/IPO/CMakeFiles/LLVMipo.dir/AlwaysInliner.cpp.o
[351/552] Building CXX object lib/Analysis/CMakeFiles/LLVMAnalysis.dir/Analysis.cpp.o
[352/552] Building CXX object lib/Transforms/IPO/CMakeFiles/LLVMipo.dir/ExpandVariadics.cpp.o
[353/552] Building CXX object lib/Transforms/Scalar/CMakeFiles/LLVMScalarOpts.dir/TailRecursionElimination.cpp.o
[354/552] Building CXX object lib/Transforms/IPO/CMakeFiles/LLVMipo.dir/DeadArgumentElimination.cpp.o
[355/552] Building CXX object lib/Transforms/IPO/CMakeFiles/LLVMipo.dir/GlobalDCE.cpp.o
[356/552] Building CXX object lib/Transforms/Scalar/CMakeFiles/LLVMScalarOpts.dir/Reassociate.cpp.o
[357/552] Building CXX object lib/Transforms/Scalar/CMakeFiles/LLVMScalarOpts.dir/StraightLineStrengthReduce.cpp.o
[358/552] Building CXX object lib/Transforms/ObjCARC/CMakeFiles/LLVMObjCARCOpts.dir/ObjCARCContract.cpp.o
[359/552] Building CXX object lib/Analysis/CMakeFiles/LLVMAnalysis.dir/CycleAnalysis.cpp.o
[360/552] Building CXX object lib/Analysis/CMakeFiles/LLVMAnalysis.dir/AliasAnalysis.cpp.o
[361/552] Building CXX object lib/Analysis/CMakeFiles/LLVMAnalysis.dir/CallGraph.cpp.o
[362/552] Building CXX object lib/Transforms/Scalar/CMakeFiles/LLVMScalarOpts.dir/LowerMatrixIntrinsics.cpp.o
[363/552] Building CXX object lib/Transforms/Scalar/CMakeFiles/LLVMScalarOpts.dir/StructurizeCFG.cpp.o
[364/552] Building CXX object lib/Transforms/Vectorize/CMakeFiles/LLVMVectorize.dir/LoopVectorizationPlanner.cpp.o
[365/552] Building CXX object lib/Analysis/CMakeFiles/LLVMAnalysis.dir/AssumptionCache.cpp.o
[366/552] Building CXX object lib/Transforms/Vectorize/CMakeFiles/LLVMVectorize.dir/LoopIdiomVectorize.cpp.o
[367/552] Building CXX object lib/Analysis/CMakeFiles/LLVMAnalysis.dir/CallPrinter.cpp.o
[368/552] Building CXX object lib/Analysis/CMakeFiles/LLVMAnalysis.dir/DXILMetadataAnalysis.cpp.o
[369/552] Building CXX object lib/Analysis/CMakeFiles/LLVMAnalysis.dir/CallGraphSCCPass.cpp.o
[370/552] Building CXX object lib/Analysis/CMakeFiles/LLVMAnalysis.dir/DominanceFrontier.cpp.o
[371/552] Building CXX object lib/Analysis/CMakeFiles/LLVMAnalysis.dir/LazyBlockFrequencyInfo.cpp.o
[372/552] Building CXX object lib/Analysis/CMakeFiles/LLVMAnalysis.dir/DomPrinter.cpp.o
[373/552] Building CXX object lib/Analysis/CMakeFiles/LLVMAnalysis.dir/LazyBranchProbabilityInfo.cpp.o
[374/552] Building CXX object lib/Analysis/CMakeFiles/LLVMAnalysis.dir/BlockFrequencyInfo.cpp.o
[375/552] Building CXX object lib/Analysis/CMakeFiles/LLVMAnalysis.dir/BranchProbabilityInfo.cpp.o
/home/jtuyls/iree-ai/llvm-aie-port/llvm/lib/Analysis/BranchProbabilityInfo.cpp:530:6: warning: ‘bool {anonymous}::BPIConstruction::isLoopBackEdge(const LoopEdge&) const’ defined but not used [-Wunused-function]
  530 | bool BPIConstruction::isLoopBackEdge(const LoopEdge &Edge) const {
      |      ^~~~~~~~~~~~~~~
[376/552] Building CXX object lib/Transforms/Vectorize/CMakeFiles/LLVMVectorize.dir/LoopVectorizationLegality.cpp.o
[377/552] Building CXX object lib/Analysis/CMakeFiles/LLVMAnalysis.dir/IVUsers.cpp.o
[378/552] Building CXX object lib/Analysis/CMakeFiles/LLVMAnalysis.dir/OptimizationRemarkEmitter.cpp.o
[379/552] Building CXX object lib/Analysis/CMakeFiles/LLVMAnalysis.dir/PostDominators.cpp.o
[380/552] Building CXX object lib/CodeGen/SelectionDAG/CMakeFiles/LLVMSelectionDAG.dir/DAGCombiner.cpp.o
[381/552] Building CXX object lib/Analysis/CMakeFiles/LLVMAnalysis.dir/LoopPass.cpp.o
[382/552] Building CXX object lib/Analysis/CMakeFiles/LLVMAnalysis.dir/RuntimeLibcallInfo.cpp.o
[383/552] Building CXX object lib/Transforms/Vectorize/CMakeFiles/LLVMVectorize.dir/LoadStoreVectorizer.cpp.o
[384/552] Building CXX object lib/Analysis/CMakeFiles/LLVMAnalysis.dir/BasicAliasAnalysis.cpp.o
[385/552] Building CXX object lib/Transforms/Scalar/CMakeFiles/LLVMScalarOpts.dir/SROA.cpp.o
[386/552] Building CXX object lib/Analysis/CMakeFiles/LLVMAnalysis.dir/PhiValues.cpp.o
[387/552] Building CXX object lib/Transforms/Scalar/CMakeFiles/LLVMScalarOpts.dir/SimpleLoopUnswitch.cpp.o
[388/552] Building CXX object lib/Analysis/CMakeFiles/LLVMAnalysis.dir/DXILResource.cpp.o
[389/552] Building CXX object lib/Analysis/CMakeFiles/LLVMAnalysis.dir/DependenceAnalysis.cpp.o
[390/552] Building CXX object lib/Transforms/Scalar/CMakeFiles/LLVMScalarOpts.dir/LoopStrengthReduce.cpp.o
[391/552] Building CXX object lib/Analysis/CMakeFiles/LLVMAnalysis.dir/GlobalsModRef.cpp.o
[392/552] Building CXX object lib/Analysis/CMakeFiles/LLVMAnalysis.dir/ProfileSummaryInfo.cpp.o
[393/552] Building CXX object lib/Analysis/CMakeFiles/LLVMAnalysis.dir/ScalarEvolutionAliasAnalysis.cpp.o
[394/552] Building CXX object lib/Analysis/CMakeFiles/LLVMAnalysis.dir/RegionPrinter.cpp.o
[395/552] Building CXX object lib/Analysis/CMakeFiles/LLVMAnalysis.dir/StaticDataProfileInfo.cpp.o
[396/552] Building CXX object lib/Object/CMakeFiles/LLVMObject.dir/IRSymtab.cpp.o
[397/552] Building CXX object lib/Target/CMakeFiles/LLVMTarget.dir/Target.cpp.o
[398/552] Building CXX object lib/Analysis/CMakeFiles/LLVMAnalysis.dir/ScopedNoAliasAA.cpp.o
[399/552] Linking CXX static library lib/libLLVMObject.a
[400/552] Building CXX object lib/Analysis/CMakeFiles/LLVMAnalysis.dir/TypeBasedAliasAnalysis.cpp.o
[401/552] Building CXX object lib/Analysis/CMakeFiles/LLVMAnalysis.dir/RegionInfo.cpp.o
[402/552] Building CXX object lib/Analysis/CMakeFiles/LLVMAnalysis.dir/LazyValueInfo.cpp.o
[403/552] Building CXX object lib/Analysis/CMakeFiles/LLVMAnalysis.dir/MemoryDependenceAnalysis.cpp.o
[404/552] Building CXX object lib/Analysis/CMakeFiles/LLVMAnalysis.dir/IRSimilarityIdentifier.cpp.o
[405/552] Building CXX object lib/Transforms/Vectorize/CMakeFiles/LLVMVectorize.dir/VPlanConstruction.cpp.o
In file included from /home/jtuyls/iree-ai/llvm-aie-port/llvm/lib/Transforms/Vectorize/VPlanUtils.h:13,
                 from /home/jtuyls/iree-ai/llvm-aie-port/llvm/lib/Transforms/Vectorize/VPlanCFG.h:16,
                 from /home/jtuyls/iree-ai/llvm-aie-port/llvm/lib/Transforms/Vectorize/VPlanConstruction.cpp:17:
/home/jtuyls/iree-ai/llvm-aie-port/llvm/lib/Transforms/Vectorize/VPlanPatternMatch.h: In instantiation of ‘bool llvm::VPlanPatternMatch::Recipe_match<Ops_t, Opcode, Commutative, RecipeTys>::all_of_tuple_elements(std::index_sequence<Idx ...>, Fn) const [with Fn = llvm::VPlanPatternMatch::Recipe_match<std::tuple<>, 78, false, llvm::VPInstruction>::match(const llvm::VPRecipeBase*) const::<lambda(auto:38, unsigned int)>; long unsigned int ...Is = {}; Ops_t = std::tuple<>; unsigned int Opcode = 78; bool Commutative = false; RecipeTys = {llvm::VPInstruction}; std::index_sequence<Idx ...> = std::integer_sequence<long unsigned int>]’:
/home/jtuyls/iree-ai/llvm-aie-port/llvm/lib/Transforms/Vectorize/VPlanPatternMatch.h:271:30:   required from ‘bool llvm::VPlanPatternMatch::Recipe_match<Ops_t, Opcode, Commutative, RecipeTys>::match(const llvm::VPRecipeBase*) const [with Ops_t = std::tuple<>; unsigned int Opcode = 78; bool Commutative = false; RecipeTys = {llvm::VPInstruction}]’
/home/jtuyls/iree-ai/llvm-aie-port/llvm/lib/Transforms/Vectorize/VPlanPatternMatch.h:26:17:   required from ‘bool llvm::VPlanPatternMatch::match(Val*, const Pattern&) [with Val = llvm::VPRecipeBase; Pattern = Recipe_match<std::tuple<>, 78, false, llvm::VPInstruction>]’
/home/jtuyls/iree-ai/llvm-aie-port/llvm/lib/Transforms/Vectorize/VPlanConstruction.cpp:492:35:   required from here
/home/jtuyls/iree-ai/llvm-aie-port/llvm/lib/Transforms/Vectorize/VPlanPatternMatch.h:298:61: warning: parameter ‘P’ set but not used [-Wunused-but-set-parameter]
  298 |   bool all_of_tuple_elements(std::index_sequence<Is...>, Fn P) const {
      |                                                          ~~~^
/home/jtuyls/iree-ai/llvm-aie-port/llvm/lib/Transforms/Vectorize/VPlanPatternMatch.h: In instantiation of ‘bool llvm::VPlanPatternMatch::Recipe_match<Ops_t, Opcode, Commutative, RecipeTys>::all_of_tuple_elements(std::index_sequence<Idx ...>, Fn) const [with Fn = llvm::VPlanPatternMatch::Recipe_match<std::tuple<>, 78, false, llvm::VPInstruction>::match(const llvm::VPRecipeBase*) const::<lambda(auto:39, unsigned int)>; long unsigned int ...Is = {}; Ops_t = std::tuple<>; unsigned int Opcode = 78; bool Commutative = false; RecipeTys = {llvm::VPInstruction}; std::index_sequence<Idx ...> = std::integer_sequence<long unsigned int>]’:
/home/jtuyls/iree-ai/llvm-aie-port/llvm/lib/Transforms/Vectorize/VPlanPatternMatch.h:277:33:   required from ‘bool llvm::VPlanPatternMatch::Recipe_match<Ops_t, Opcode, Commutative, RecipeTys>::match(const llvm::VPRecipeBase*) const [with Ops_t = std::tuple<>; unsigned int Opcode = 78; bool Commutative = false; RecipeTys = {llvm::VPInstruction}]’
/home/jtuyls/iree-ai/llvm-aie-port/llvm/lib/Transforms/Vectorize/VPlanPatternMatch.h:26:17:   required from ‘bool llvm::VPlanPatternMatch::match(Val*, const Pattern&) [with Val = llvm::VPRecipeBase; Pattern = Recipe_match<std::tuple<>, 78, false, llvm::VPInstruction>]’
/home/jtuyls/iree-ai/llvm-aie-port/llvm/lib/Transforms/Vectorize/VPlanConstruction.cpp:492:35:   required from here
/home/jtuyls/iree-ai/llvm-aie-port/llvm/lib/Transforms/Vectorize/VPlanPatternMatch.h:298:61: warning: parameter ‘P’ set but not used [-Wunused-but-set-parameter]
/home/jtuyls/iree-ai/llvm-aie-port/llvm/lib/Transforms/Vectorize/VPlanPatternMatch.h: In instantiation of ‘bool llvm::VPlanPatternMatch::Recipe_match<Ops_t, Opcode, Commutative, RecipeTys>::all_of_tuple_elements(std::index_sequence<Idx ...>, Fn) const [with Fn = llvm::VPlanPatternMatch::Recipe_match<std::tuple<>, 34, false, llvm::VPInstruction>::match(const llvm::VPRecipeBase*) const::<lambda(auto:38, unsigned int)>; long unsigned int ...Is = {}; Ops_t = std::tuple<>; unsigned int Opcode = 34; bool Commutative = false; RecipeTys = {llvm::VPInstruction}; std::index_sequence<Idx ...> = std::integer_sequence<long unsigned int>]’:
/home/jtuyls/iree-ai/llvm-aie-port/llvm/lib/Transforms/Vectorize/VPlanPatternMatch.h:271:30:   required from ‘bool llvm::VPlanPatternMatch::Recipe_match<Ops_t, Opcode, Commutative, RecipeTys>::match(const llvm::VPRecipeBase*) const [with Ops_t = std::tuple<>; unsigned int Opcode = 34; bool Commutative = false; RecipeTys = {llvm::VPInstruction}]’
/home/jtuyls/iree-ai/llvm-aie-port/llvm/lib/Transforms/Vectorize/VPlanPatternMatch.h:46:17:   required from ‘bool llvm::VPlanPatternMatch::match(llvm::VPSingleDefRecipe*, const Pattern&) [with Pattern = Recipe_match<std::tuple<>, 34, false, llvm::VPInstruction>]’
/home/jtuyls/iree-ai/llvm-aie-port/llvm/lib/Transforms/Vectorize/VPlanConstruction.cpp:1034:18:   required from here
/home/jtuyls/iree-ai/llvm-aie-port/llvm/lib/Transforms/Vectorize/VPlanPatternMatch.h:298:61: warning: parameter ‘P’ set but not used [-Wunused-but-set-parameter]
/home/jtuyls/iree-ai/llvm-aie-port/llvm/lib/Transforms/Vectorize/VPlanPatternMatch.h: In instantiation of ‘bool llvm::VPlanPatternMatch::Recipe_match<Ops_t, Opcode, Commutative, RecipeTys>::all_of_tuple_elements(std::index_sequence<Idx ...>, Fn) const [with Fn = llvm::VPlanPatternMatch::Recipe_match<std::tuple<>, 34, false, llvm::VPInstruction>::match(const llvm::VPRecipeBase*) const::<lambda(auto:39, unsigned int)>; long unsigned int ...Is = {}; Ops_t = std::tuple<>; unsigned int Opcode = 34; bool Commutative = false; RecipeTys = {llvm::VPInstruction}; std::index_sequence<Idx ...> = std::integer_sequence<long unsigned int>]’:
/home/jtuyls/iree-ai/llvm-aie-port/llvm/lib/Transforms/Vectorize/VPlanPatternMatch.h:277:33:   required from ‘bool llvm::VPlanPatternMatch::Recipe_match<Ops_t, Opcode, Commutative, RecipeTys>::match(const llvm::VPRecipeBase*) const [with Ops_t = std::tuple<>; unsigned int Opcode = 34; bool Commutative = false; RecipeTys = {llvm::VPInstruction}]’
/home/jtuyls/iree-ai/llvm-aie-port/llvm/lib/Transforms/Vectorize/VPlanPatternMatch.h:46:17:   required from ‘bool llvm::VPlanPatternMatch::match(llvm::VPSingleDefRecipe*, const Pattern&) [with Pattern = Recipe_match<std::tuple<>, 34, false, llvm::VPInstruction>]’
/home/jtuyls/iree-ai/llvm-aie-port/llvm/lib/Transforms/Vectorize/VPlanConstruction.cpp:1034:18:   required from here
/home/jtuyls/iree-ai/llvm-aie-port/llvm/lib/Transforms/Vectorize/VPlanPatternMatch.h:298:61: warning: parameter ‘P’ set but not used [-Wunused-but-set-parameter]
/home/jtuyls/iree-ai/llvm-aie-port/llvm/lib/Transforms/Vectorize/VPlanPatternMatch.h: In instantiation of ‘bool llvm::VPlanPatternMatch::Recipe_match<Ops_t, Opcode, Commutative, RecipeTys>::all_of_tuple_elements(std::index_sequence<Idx ...>, Fn) const [with Fn = llvm::VPlanPatternMatch::Recipe_match<std::tuple<>, 77, false, llvm::VPInstruction>::match(const llvm::VPRecipeBase*) const::<lambda(auto:38, unsigned int)>; long unsigned int ...Is = {}; Ops_t = std::tuple<>; unsigned int Opcode = 77; bool Commutative = false; RecipeTys = {llvm::VPInstruction}; std::index_sequence<Idx ...> = std::integer_sequence<long unsigned int>]’:
/home/jtuyls/iree-ai/llvm-aie-port/llvm/lib/Transforms/Vectorize/VPlanPatternMatch.h:271:30:   required from ‘bool llvm::VPlanPatternMatch::Recipe_match<Ops_t, Opcode, Commutative, RecipeTys>::match(const llvm::VPRecipeBase*) const [with Ops_t = std::tuple<>; unsigned int Opcode = 77; bool Commutative = false; RecipeTys = {llvm::VPInstruction}]’
/home/jtuyls/iree-ai/llvm-aie-port/llvm/lib/Transforms/Vectorize/VPlanPatternMatch.h:26:17:   required from ‘bool llvm::VPlanPatternMatch::match(Val*, const Pattern&) [with Val = llvm::VPRecipeBase; Pattern = Recipe_match<std::tuple<>, 77, false, llvm::VPInstruction>]’
/home/jtuyls/iree-ai/llvm-aie-port/llvm/lib/Transforms/Vectorize/VPlanConstruction.cpp:1650:41:   required from here
/home/jtuyls/iree-ai/llvm-aie-port/llvm/lib/Transforms/Vectorize/VPlanPatternMatch.h:298:61: warning: parameter ‘P’ set but not used [-Wunused-but-set-parameter]
/home/jtuyls/iree-ai/llvm-aie-port/llvm/lib/Transforms/Vectorize/VPlanPatternMatch.h: In instantiation of ‘bool llvm::VPlanPatternMatch::Recipe_match<Ops_t, Opcode, Commutative, RecipeTys>::all_of_tuple_elements(std::index_sequence<Idx ...>, Fn) const [with Fn = llvm::VPlanPatternMatch::Recipe_match<std::tuple<>, 77, false, llvm::VPInstruction>::match(const llvm::VPRecipeBase*) const::<lambda(auto:39, unsigned int)>; long unsigned int ...Is = {}; Ops_t = std::tuple<>; unsigned int Opcode = 77; bool Commutative = false; RecipeTys = {llvm::VPInstruction}; std::index_sequence<Idx ...> = std::integer_sequence<long unsigned int>]’:
/home/jtuyls/iree-ai/llvm-aie-port/llvm/lib/Transforms/Vectorize/VPlanPatternMatch.h:277:33:   required from ‘bool llvm::VPlanPatternMatch::Recipe_match<Ops_t, Opcode, Commutative, RecipeTys>::match(const llvm::VPRecipeBase*) const [with Ops_t = std::tuple<>; unsigned int Opcode = 77; bool Commutative = false; RecipeTys = {llvm::VPInstruction}]’
/home/jtuyls/iree-ai/llvm-aie-port/llvm/lib/Transforms/Vectorize/VPlanPatternMatch.h:26:17:   required from ‘bool llvm::VPlanPatternMatch::match(Val*, const Pattern&) [with Val = llvm::VPRecipeBase; Pattern = Recipe_match<std::tuple<>, 77, false, llvm::VPInstruction>]’
/home/jtuyls/iree-ai/llvm-aie-port/llvm/lib/Transforms/Vectorize/VPlanConstruction.cpp:1650:41:   required from here
/home/jtuyls/iree-ai/llvm-aie-port/llvm/lib/Transforms/Vectorize/VPlanPatternMatch.h:298:61: warning: parameter ‘P’ set but not used [-Wunused-but-set-parameter]
/home/jtuyls/iree-ai/llvm-aie-port/llvm/lib/Transforms/Vectorize/VPlanPatternMatch.h: In instantiation of ‘bool llvm::VPlanPatternMatch::Recipe_match<Ops_t, Opcode, Commutative, RecipeTys>::all_of_tuple_elements(std::index_sequence<Idx ...>, Fn) const [with Fn = llvm::VPlanPatternMatch::Recipe_match<std::tuple<>, 84, false, llvm::VPInstruction>::match(const llvm::VPRecipeBase*) const::<lambda(auto:38, unsigned int)>; long unsigned int ...Is = {}; Ops_t = std::tuple<>; unsigned int Opcode = 84; bool Commutative = false; RecipeTys = {llvm::VPInstruction}; std::index_sequence<Idx ...> = std::integer_sequence<long unsigned int>]’:
/home/jtuyls/iree-ai/llvm-aie-port/llvm/lib/Transforms/Vectorize/VPlanPatternMatch.h:271:30:   required from ‘bool llvm::VPlanPatternMatch::Recipe_match<Ops_t, Opcode, Commutative, RecipeTys>::match(const llvm::VPRecipeBase*) const [with Ops_t = std::tuple<>; unsigned int Opcode = 84; bool Commutative = false; RecipeTys = {llvm::VPInstruction}]’
/home/jtuyls/iree-ai/llvm-aie-port/llvm/lib/Transforms/Vectorize/VPlanPatternMatch.h:26:17:   required from ‘bool llvm::VPlanPatternMatch::match(Val*, const Pattern&) [with Val = llvm::VPRecipeBase; Pattern = Recipe_match<std::tuple<>, 84, false, llvm::VPInstruction>]’
/home/jtuyls/iree-ai/llvm-aie-port/llvm/lib/Transforms/Vectorize/VPlanPatternMatch.h:37:20:   required from ‘bool llvm::VPlanPatternMatch::match(llvm::VPUser*, const Pattern&) [with Pattern = Recipe_match<std::tuple<>, 84, false, llvm::VPInstruction>]’
/home/jtuyls/iree-ai/llvm-aie-port/llvm/lib/Transforms/Vectorize/VPlanPatternMatch.h:42:35:   required from ‘auto llvm::VPlanPatternMatch::match_fn(const Pattern&) [with Pattern = Recipe_match<std::tuple<>, 84, false, llvm::VPInstruction>]’
/home/jtuyls/iree-ai/llvm-aie-port/llvm/lib/Transforms/Vectorize/VPlanUtils.h:138:41:   required from ‘llvm::VPRecipeBase* llvm::vputils::findUserOf(llvm::VPValue*, const MatchT&) [with MatchT = llvm::VPlanPatternMatch::Recipe_match<std::tuple<>, 84, false, llvm::VPInstruction>]’
/home/jtuyls/iree-ai/llvm-aie-port/llvm/lib/Transforms/Vectorize/VPlanUtils.h:146:48:   required from ‘llvm::VPInstruction* llvm::vputils::findUserOf(llvm::VPValue*) [with unsigned int Opcode = 84]’
/home/jtuyls/iree-ai/llvm-aie-port/llvm/lib/Transforms/Vectorize/VPlanConstruction.cpp:1824:67:   required from here
/home/jtuyls/iree-ai/llvm-aie-port/llvm/lib/Transforms/Vectorize/VPlanPatternMatch.h:298:61: warning: parameter ‘P’ set but not used [-Wunused-but-set-parameter]
/home/jtuyls/iree-ai/llvm-aie-port/llvm/lib/Transforms/Vectorize/VPlanPatternMatch.h: In instantiation of ‘bool llvm::VPlanPatternMatch::Recipe_match<Ops_t, Opcode, Commutative, RecipeTys>::all_of_tuple_elements(std::index_sequence<Idx ...>, Fn) const [with Fn = llvm::VPlanPatternMatch::Recipe_match<std::tuple<>, 84, false, llvm::VPInstruction>::match(const llvm::VPRecipeBase*) const::<lambda(auto:39, unsigned int)>; long unsigned int ...Is = {}; Ops_t = std::tuple<>; unsigned int Opcode = 84; bool Commutative = false; RecipeTys = {llvm::VPInstruction}; std::index_sequence<Idx ...> = std::integer_sequence<long unsigned int>]’:
/home/jtuyls/iree-ai/llvm-aie-port/llvm/lib/Transforms/Vectorize/VPlanPatternMatch.h:277:33:   required from ‘bool llvm::VPlanPatternMatch::Recipe_match<Ops_t, Opcode, Commutative, RecipeTys>::match(const llvm::VPRecipeBase*) const [with Ops_t = std::tuple<>; unsigned int Opcode = 84; bool Commutative = false; RecipeTys = {llvm::VPInstruction}]’
/home/jtuyls/iree-ai/llvm-aie-port/llvm/lib/Transforms/Vectorize/VPlanPatternMatch.h:26:17:   required from ‘bool llvm::VPlanPatternMatch::match(Val*, const Pattern&) [with Val = llvm::VPRecipeBase; Pattern = Recipe_match<std::tuple<>, 84, false, llvm::VPInstruction>]’
/home/jtuyls/iree-ai/llvm-aie-port/llvm/lib/Transforms/Vectorize/VPlanPatternMatch.h:37:20:   required from ‘bool llvm::VPlanPatternMatch::match(llvm::VPUser*, const Pattern&) [with Pattern = Recipe_match<std::tuple<>, 84, false, llvm::VPInstruction>]’
/home/jtuyls/iree-ai/llvm-aie-port/llvm/lib/Transforms/Vectorize/VPlanPatternMatch.h:42:35:   required from ‘auto llvm::VPlanPatternMatch::match_fn(const Pattern&) [with Pattern = Recipe_match<std::tuple<>, 84, false, llvm::VPInstruction>]’
/home/jtuyls/iree-ai/llvm-aie-port/llvm/lib/Transforms/Vectorize/VPlanUtils.h:138:41:   required from ‘llvm::VPRecipeBase* llvm::vputils::findUserOf(llvm::VPValue*, const MatchT&) [with MatchT = llvm::VPlanPatternMatch::Recipe_match<std::tuple<>, 84, false, llvm::VPInstruction>]’
/home/jtuyls/iree-ai/llvm-aie-port/llvm/lib/Transforms/Vectorize/VPlanUtils.h:146:48:   required from ‘llvm::VPInstruction* llvm::vputils::findUserOf(llvm::VPValue*) [with unsigned int Opcode = 84]’
/home/jtuyls/iree-ai/llvm-aie-port/llvm/lib/Transforms/Vectorize/VPlanConstruction.cpp:1824:67:   required from here
/home/jtuyls/iree-ai/llvm-aie-port/llvm/lib/Transforms/Vectorize/VPlanPatternMatch.h:298:61: warning: parameter ‘P’ set but not used [-Wunused-but-set-parameter]
[406/552] Building CXX object lib/Transforms/Vectorize/CMakeFiles/LLVMVectorize.dir/VPlan.cpp.o
In file included from /home/jtuyls/iree-ai/llvm-aie-port/llvm/lib/Transforms/Vectorize/VPlanUtils.h:13,
                 from /home/jtuyls/iree-ai/llvm-aie-port/llvm/lib/Transforms/Vectorize/VPlanCFG.h:16,
                 from /home/jtuyls/iree-ai/llvm-aie-port/llvm/lib/Transforms/Vectorize/VPlan.cpp:21:
/home/jtuyls/iree-ai/llvm-aie-port/llvm/lib/Transforms/Vectorize/VPlanPatternMatch.h: In instantiation of ‘bool llvm::VPlanPatternMatch::Recipe_match<Ops_t, Opcode, Commutative, RecipeTys>::all_of_tuple_elements(std::index_sequence<Idx ...>, Fn) const [with Fn = llvm::VPlanPatternMatch::Recipe_match<std::tuple<>, 79, false, llvm::VPInstruction>::match(const llvm::VPRecipeBase*) const::<lambda(auto:38, unsigned int)>; long unsigned int ...Is = {}; Ops_t = std::tuple<>; unsigned int Opcode = 79; bool Commutative = false; RecipeTys = {llvm::VPInstruction}; std::index_sequence<Idx ...> = std::integer_sequence<long unsigned int>]’:
/home/jtuyls/iree-ai/llvm-aie-port/llvm/lib/Transforms/Vectorize/VPlanPatternMatch.h:271:30:   required from ‘bool llvm::VPlanPatternMatch::Recipe_match<Ops_t, Opcode, Commutative, RecipeTys>::match(const llvm::VPRecipeBase*) const [with Ops_t = std::tuple<>; unsigned int Opcode = 79; bool Commutative = false; RecipeTys = {llvm::VPInstruction}]’
/home/jtuyls/iree-ai/llvm-aie-port/llvm/lib/Transforms/Vectorize/VPlanPatternMatch.h:26:17:   required from ‘bool llvm::VPlanPatternMatch::match(Val*, const Pattern&) [with Val = const llvm::VPRecipeBase; Pattern = Recipe_match<std::tuple<>, 79, false, llvm::VPInstruction>]’
/home/jtuyls/iree-ai/llvm-aie-port/llvm/lib/Transforms/Vectorize/VPlan.cpp:604:51:   required from here
/home/jtuyls/iree-ai/llvm-aie-port/llvm/lib/Transforms/Vectorize/VPlanPatternMatch.h:298:61: warning: parameter ‘P’ set but not used [-Wunused-but-set-parameter]
  298 |   bool all_of_tuple_elements(std::index_sequence<Is...>, Fn P) const {
      |                                                          ~~~^
/home/jtuyls/iree-ai/llvm-aie-port/llvm/lib/Transforms/Vectorize/VPlanPatternMatch.h: In instantiation of ‘bool llvm::VPlanPatternMatch::Recipe_match<Ops_t, Opcode, Commutative, RecipeTys>::all_of_tuple_elements(std::index_sequence<Idx ...>, Fn) const [with Fn = llvm::VPlanPatternMatch::Recipe_match<std::tuple<>, 79, false, llvm::VPInstruction>::match(const llvm::VPRecipeBase*) const::<lambda(auto:39, unsigned int)>; long unsigned int ...Is = {}; Ops_t = std::tuple<>; unsigned int Opcode = 79; bool Commutative = false; RecipeTys = {llvm::VPInstruction}; std::index_sequence<Idx ...> = std::integer_sequence<long unsigned int>]’:
/home/jtuyls/iree-ai/llvm-aie-port/llvm/lib/Transforms/Vectorize/VPlanPatternMatch.h:277:33:   required from ‘bool llvm::VPlanPatternMatch::Recipe_match<Ops_t, Opcode, Commutative, RecipeTys>::match(const llvm::VPRecipeBase*) const [with Ops_t = std::tuple<>; unsigned int Opcode = 79; bool Commutative = false; RecipeTys = {llvm::VPInstruction}]’
/home/jtuyls/iree-ai/llvm-aie-port/llvm/lib/Transforms/Vectorize/VPlanPatternMatch.h:26:17:   required from ‘bool llvm::VPlanPatternMatch::match(Val*, const Pattern&) [with Val = const llvm::VPRecipeBase; Pattern = Recipe_match<std::tuple<>, 79, false, llvm::VPInstruction>]’
/home/jtuyls/iree-ai/llvm-aie-port/llvm/lib/Transforms/Vectorize/VPlan.cpp:604:51:   required from here
/home/jtuyls/iree-ai/llvm-aie-port/llvm/lib/Transforms/Vectorize/VPlanPatternMatch.h:298:61: warning: parameter ‘P’ set but not used [-Wunused-but-set-parameter]
/home/jtuyls/iree-ai/llvm-aie-port/llvm/lib/Transforms/Vectorize/VPlanPatternMatch.h: In instantiation of ‘bool llvm::VPlanPatternMatch::Recipe_match<Ops_t, Opcode, Commutative, RecipeTys>::all_of_tuple_elements(std::index_sequence<Idx ...>, Fn) const [with Fn = llvm::VPlanPatternMatch::Recipe_match<std::tuple<>, 82, false, llvm::VPInstruction>::match(const llvm::VPRecipeBase*) const::<lambda(auto:38, unsigned int)>; long unsigned int ...Is = {}; Ops_t = std::tuple<>; unsigned int Opcode = 82; bool Commutative = false; RecipeTys = {llvm::VPInstruction}; std::index_sequence<Idx ...> = std::integer_sequence<long unsigned int>]’:
/home/jtuyls/iree-ai/llvm-aie-port/llvm/lib/Transforms/Vectorize/VPlanPatternMatch.h:271:30:   required from ‘bool llvm::VPlanPatternMatch::Recipe_match<Ops_t, Opcode, Commutative, RecipeTys>::match(const llvm::VPRecipeBase*) const [with Ops_t = std::tuple<>; unsigned int Opcode = 82; bool Commutative = false; RecipeTys = {llvm::VPInstruction}]’
/home/jtuyls/iree-ai/llvm-aie-port/llvm/lib/Transforms/Vectorize/VPlanPatternMatch.h:233:25:   required from ‘bool llvm::VPlanPatternMatch::Recipe_match<Ops_t, Opcode, Commutative, RecipeTys>::match(const llvm::VPValue*) const [with Ops_t = std::tuple<>; unsigned int Opcode = 82; bool Commutative = false; RecipeTys = {llvm::VPInstruction}]’
/home/jtuyls/iree-ai/llvm-aie-port/llvm/lib/Transforms/Vectorize/VPlanPatternMatch.h:26:17:   required from ‘bool llvm::VPlanPatternMatch::match(Val*, const Pattern&) [with Val = const llvm::VPValue; Pattern = Recipe_match<std::tuple<>, 82, false, llvm::VPInstruction>]’
/home/jtuyls/iree-ai/llvm-aie-port/llvm/lib/Transforms/Vectorize/VPlan.cpp:262:53:   required from here
/home/jtuyls/iree-ai/llvm-aie-port/llvm/lib/Transforms/Vectorize/VPlanPatternMatch.h:298:61: warning: parameter ‘P’ set but not used [-Wunused-but-set-parameter]
/home/jtuyls/iree-ai/llvm-aie-port/llvm/lib/Transforms/Vectorize/VPlanPatternMatch.h: In instantiation of ‘bool llvm::VPlanPatternMatch::Recipe_match<Ops_t, Opcode, Commutative, RecipeTys>::all_of_tuple_elements(std::index_sequence<Idx ...>, Fn) const [with Fn = llvm::VPlanPatternMatch::Recipe_match<std::tuple<>, 82, false, llvm::VPInstruction>::match(const llvm::VPRecipeBase*) const::<lambda(auto:39, unsigned int)>; long unsigned int ...Is = {}; Ops_t = std::tuple<>; unsigned int Opcode = 82; bool Commutative = false; RecipeTys = {llvm::VPInstruction}; std::index_sequence<Idx ...> = std::integer_sequence<long unsigned int>]’:
/home/jtuyls/iree-ai/llvm-aie-port/llvm/lib/Transforms/Vectorize/VPlanPatternMatch.h:277:33:   required from ‘bool llvm::VPlanPatternMatch::Recipe_match<Ops_t, Opcode, Commutative, RecipeTys>::match(const llvm::VPRecipeBase*) const [with Ops_t = std::tuple<>; unsigned int Opcode = 82; bool Commutative = false; RecipeTys = {llvm::VPInstruction}]’
/home/jtuyls/iree-ai/llvm-aie-port/llvm/lib/Transforms/Vectorize/VPlanPatternMatch.h:233:25:   required from ‘bool llvm::VPlanPatternMatch::Recipe_match<Ops_t, Opcode, Commutative, RecipeTys>::match(const llvm::VPValue*) const [with Ops_t = std::tuple<>; unsigned int Opcode = 82; bool Commutative = false; RecipeTys = {llvm::VPInstruction}]’
/home/jtuyls/iree-ai/llvm-aie-port/llvm/lib/Transforms/Vectorize/VPlanPatternMatch.h:26:17:   required from ‘bool llvm::VPlanPatternMatch::match(Val*, const Pattern&) [with Val = const llvm::VPValue; Pattern = Recipe_match<std::tuple<>, 82, false, llvm::VPInstruction>]’
/home/jtuyls/iree-ai/llvm-aie-port/llvm/lib/Transforms/Vectorize/VPlan.cpp:262:53:   required from here
/home/jtuyls/iree-ai/llvm-aie-port/llvm/lib/Transforms/Vectorize/VPlanPatternMatch.h:298:61: warning: parameter ‘P’ set but not used [-Wunused-but-set-parameter]
/home/jtuyls/iree-ai/llvm-aie-port/llvm/lib/Transforms/Vectorize/VPlanPatternMatch.h: In instantiation of ‘bool llvm::VPlanPatternMatch::Recipe_match<Ops_t, Opcode, Commutative, RecipeTys>::all_of_tuple_elements(std::index_sequence<Idx ...>, Fn) const [with Fn = llvm::VPlanPatternMatch::Recipe_match<std::tuple<>, 78, false, llvm::VPInstruction>::match(const llvm::VPRecipeBase*) const::<lambda(auto:38, unsigned int)>; long unsigned int ...Is = {}; Ops_t = std::tuple<>; unsigned int Opcode = 78; bool Commutative = false; RecipeTys = {llvm::VPInstruction}; std::index_sequence<Idx ...> = std::integer_sequence<long unsigned int>]’:
/home/jtuyls/iree-ai/llvm-aie-port/llvm/lib/Transforms/Vectorize/VPlanPatternMatch.h:271:30:   required from ‘bool llvm::VPlanPatternMatch::Recipe_match<Ops_t, Opcode, Commutative, RecipeTys>::match(const llvm::VPRecipeBase*) const [with Ops_t = std::tuple<>; unsigned int Opcode = 78; bool Commutative = false; RecipeTys = {llvm::VPInstruction}]’
/home/jtuyls/iree-ai/llvm-aie-port/llvm/include/llvm/Support/PatternMatchHelpers.h:33:19:   required from ‘bool llvm::PatternMatchHelpers::match_combine_or<Ty, Tys ...>::match(ITy*) const [with ITy = const llvm::VPRecipeBase; Ty = llvm::VPlanPatternMatch::Recipe_match<std::tuple<>, 78, false, llvm::VPInstruction>; Tys = {llvm::VPlanPatternMatch::Recipe_match<std::tuple<>, 77, false, llvm::VPInstruction>}]’
/home/jtuyls/iree-ai/llvm-aie-port/llvm/lib/Transforms/Vectorize/VPlanPatternMatch.h:26:17:   required from ‘bool llvm::VPlanPatternMatch::match(Val*, const Pattern&) [with Val = const llvm::VPRecipeBase; Pattern = llvm::PatternMatchHelpers::match_combine_or<Recipe_match<std::tuple<>, 78, false, llvm::VPInstruction>, Recipe_match<std::tuple<>, 77, false, llvm::VPInstruction> >]’
/home/jtuyls/iree-ai/llvm-aie-port/llvm/lib/Transforms/Vectorize/VPlan.cpp:607:12:   required from here
/home/jtuyls/iree-ai/llvm-aie-port/llvm/lib/Transforms/Vectorize/VPlanPatternMatch.h:298:61: warning: parameter ‘P’ set but not used [-Wunused-but-set-parameter]
/home/jtuyls/iree-ai/llvm-aie-port/llvm/lib/Transforms/Vectorize/VPlanPatternMatch.h: In instantiation of ‘bool llvm::VPlanPatternMatch::Recipe_match<Ops_t, Opcode, Commutative, RecipeTys>::all_of_tuple_elements(std::index_sequence<Idx ...>, Fn) const [with Fn = llvm::VPlanPatternMatch::Recipe_match<std::tuple<>, 78, false, llvm::VPInstruction>::match(const llvm::VPRecipeBase*) const::<lambda(auto:39, unsigned int)>; long unsigned int ...Is = {}; Ops_t = std::tuple<>; unsigned int Opcode = 78; bool Commutative = false; RecipeTys = {llvm::VPInstruction}; std::index_sequence<Idx ...> = std::integer_sequence<long unsigned int>]’:
/home/jtuyls/iree-ai/llvm-aie-port/llvm/lib/Transforms/Vectorize/VPlanPatternMatch.h:277:33:   required from ‘bool llvm::VPlanPatternMatch::Recipe_match<Ops_t, Opcode, Commutative, RecipeTys>::match(const llvm::VPRecipeBase*) const [with Ops_t = std::tuple<>; unsigned int Opcode = 78; bool Commutative = false; RecipeTys = {llvm::VPInstruction}]’
/home/jtuyls/iree-ai/llvm-aie-port/llvm/include/llvm/Support/PatternMatchHelpers.h:33:19:   required from ‘bool llvm::PatternMatchHelpers::match_combine_or<Ty, Tys ...>::match(ITy*) const [with ITy = const llvm::VPRecipeBase; Ty = llvm::VPlanPatternMatch::Recipe_match<std::tuple<>, 78, false, llvm::VPInstruction>; Tys = {llvm::VPlanPatternMatch::Recipe_match<std::tuple<>, 77, false, llvm::VPInstruction>}]’
/home/jtuyls/iree-ai/llvm-aie-port/llvm/lib/Transforms/Vectorize/VPlanPatternMatch.h:26:17:   required from ‘bool llvm::VPlanPatternMatch::match(Val*, const Pattern&) [with Val = const llvm::VPRecipeBase; Pattern = llvm::PatternMatchHelpers::match_combine_or<Recipe_match<std::tuple<>, 78, false, llvm::VPInstruction>, Recipe_match<std::tuple<>, 77, false, llvm::VPInstruction> >]’
/home/jtuyls/iree-ai/llvm-aie-port/llvm/lib/Transforms/Vectorize/VPlan.cpp:607:12:   required from here
/home/jtuyls/iree-ai/llvm-aie-port/llvm/lib/Transforms/Vectorize/VPlanPatternMatch.h:298:61: warning: parameter ‘P’ set but not used [-Wunused-but-set-parameter]
/home/jtuyls/iree-ai/llvm-aie-port/llvm/lib/Transforms/Vectorize/VPlanPatternMatch.h: In instantiation of ‘bool llvm::VPlanPatternMatch::Recipe_match<Ops_t, Opcode, Commutative, RecipeTys>::all_of_tuple_elements(std::index_sequence<Idx ...>, Fn) const [with Fn = llvm::VPlanPatternMatch::Recipe_match<std::tuple<>, 77, false, llvm::VPInstruction>::match(const llvm::VPRecipeBase*) const::<lambda(auto:38, unsigned int)>; long unsigned int ...Is = {}; Ops_t = std::tuple<>; unsigned int Opcode = 77; bool Commutative = false; RecipeTys = {llvm::VPInstruction}; std::index_sequence<Idx ...> = std::integer_sequence<long unsigned int>]’:
/home/jtuyls/iree-ai/llvm-aie-port/llvm/lib/Transforms/Vectorize/VPlanPatternMatch.h:271:30:   required from ‘bool llvm::VPlanPatternMatch::Recipe_match<Ops_t, Opcode, Commutative, RecipeTys>::match(const llvm::VPRecipeBase*) const [with Ops_t = std::tuple<>; unsigned int Opcode = 77; bool Commutative = false; RecipeTys = {llvm::VPInstruction}]’
/home/jtuyls/iree-ai/llvm-aie-port/llvm/include/llvm/Support/PatternMatchHelpers.h:33:19:   required from ‘bool llvm::PatternMatchHelpers::match_combine_or<Ty, Tys ...>::match(ITy*) const [with ITy = const llvm::VPRecipeBase; Ty = llvm::VPlanPatternMatch::Recipe_match<std::tuple<>, 77, false, llvm::VPInstruction>; Tys = {}]’
/home/jtuyls/iree-ai/llvm-aie-port/llvm/include/llvm/Support/PatternMatchHelpers.h:33:57:   required from ‘bool llvm::PatternMatchHelpers::match_combine_or<Ty, Tys ...>::match(ITy*) const [with ITy = const llvm::VPRecipeBase; Ty = llvm::VPlanPatternMatch::Recipe_match<std::tuple<>, 78, false, llvm::VPInstruction>; Tys = {llvm::VPlanPatternMatch::Recipe_match<std::tuple<>, 77, false, llvm::VPInstruction>}]’
/home/jtuyls/iree-ai/llvm-aie-port/llvm/lib/Transforms/Vectorize/VPlanPatternMatch.h:26:17:   required from ‘bool llvm::VPlanPatternMatch::match(Val*, const Pattern&) [with Val = const llvm::VPRecipeBase; Pattern = llvm::PatternMatchHelpers::match_combine_or<Recipe_match<std::tuple<>, 78, false, llvm::VPInstruction>, Recipe_match<std::tuple<>, 77, false, llvm::VPInstruction> >]’
/home/jtuyls/iree-ai/llvm-aie-port/llvm/lib/Transforms/Vectorize/VPlan.cpp:607:12:   required from here
/home/jtuyls/iree-ai/llvm-aie-port/llvm/lib/Transforms/Vectorize/VPlanPatternMatch.h:298:61: warning: parameter ‘P’ set but not used [-Wunused-but-set-parameter]
/home/jtuyls/iree-ai/llvm-aie-port/llvm/lib/Transforms/Vectorize/VPlanPatternMatch.h: In instantiation of ‘bool llvm::VPlanPatternMatch::Recipe_match<Ops_t, Opcode, Commutative, RecipeTys>::all_of_tuple_elements(std::index_sequence<Idx ...>, Fn) const [with Fn = llvm::VPlanPatternMatch::Recipe_match<std::tuple<>, 77, false, llvm::VPInstruction>::match(const llvm::VPRecipeBase*) const::<lambda(auto:39, unsigned int)>; long unsigned int ...Is = {}; Ops_t = std::tuple<>; unsigned int Opcode = 77; bool Commutative = false; RecipeTys = {llvm::VPInstruction}; std::index_sequence<Idx ...> = std::integer_sequence<long unsigned int>]’:
/home/jtuyls/iree-ai/llvm-aie-port/llvm/lib/Transforms/Vectorize/VPlanPatternMatch.h:277:33:   required from ‘bool llvm::VPlanPatternMatch::Recipe_match<Ops_t, Opcode, Commutative, RecipeTys>::match(const llvm::VPRecipeBase*) const [with Ops_t = std::tuple<>; unsigned int Opcode = 77; bool Commutative = false; RecipeTys = {llvm::VPInstruction}]’
/home/jtuyls/iree-ai/llvm-aie-port/llvm/include/llvm/Support/PatternMatchHelpers.h:33:19:   required from ‘bool llvm::PatternMatchHelpers::match_combine_or<Ty, Tys ...>::match(ITy*) const [with ITy = const llvm::VPRecipeBase; Ty = llvm::VPlanPatternMatch::Recipe_match<std::tuple<>, 77, false, llvm::VPInstruction>; Tys = {}]’
/home/jtuyls/iree-ai/llvm-aie-port/llvm/include/llvm/Support/PatternMatchHelpers.h:33:57:   required from ‘bool llvm::PatternMatchHelpers::match_combine_or<Ty, Tys ...>::match(ITy*) const [with ITy = const llvm::VPRecipeBase; Ty = llvm::VPlanPatternMatch::Recipe_match<std::tuple<>, 78, false, llvm::VPInstruction>; Tys = {llvm::VPlanPatternMatch::Recipe_match<std::tuple<>, 77, false, llvm::VPInstruction>}]’
/home/jtuyls/iree-ai/llvm-aie-port/llvm/lib/Transforms/Vectorize/VPlanPatternMatch.h:26:17:   required from ‘bool llvm::VPlanPatternMatch::match(Val*, const Pattern&) [with Val = const llvm::VPRecipeBase; Pattern = llvm::PatternMatchHelpers::match_combine_or<Recipe_match<std::tuple<>, 78, false, llvm::VPInstruction>, Recipe_match<std::tuple<>, 77, false, llvm::VPInstruction> >]’
/home/jtuyls/iree-ai/llvm-aie-port/llvm/lib/Transforms/Vectorize/VPlan.cpp:607:12:   required from here
/home/jtuyls/iree-ai/llvm-aie-port/llvm/lib/Transforms/Vectorize/VPlanPatternMatch.h:298:61: warning: parameter ‘P’ set but not used [-Wunused-but-set-parameter]
[407/552] Building CXX object lib/Transforms/Vectorize/CMakeFiles/LLVMVectorize.dir/VPlanRecipes.cpp.o
[408/552] Building CXX object lib/Transforms/Vectorize/CMakeFiles/LLVMVectorize.dir/VectorCombine.cpp.o
[409/552] Building CXX object lib/Analysis/CMakeFiles/LLVMAnalysis.dir/LoopInfo.cpp.o
[410/552] Building CXX object lib/Analysis/CMakeFiles/LLVMAnalysis.dir/MemorySSA.cpp.o
[411/552] Building CXX object lib/Analysis/CMakeFiles/LLVMAnalysis.dir/UniformityAnalysis.cpp.o
[412/552] Building CXX object lib/Analysis/CMakeFiles/LLVMAnalysis.dir/ModuleSummaryAnalysis.cpp.o
[413/552] Building CXX object lib/Target/AIE/CMakeFiles/LLVMAIECodeGen.dir/AIEDumpArtifacts.cpp.o
[414/552] Building CXX object lib/Target/AIE/CMakeFiles/LLVMAIECodeGen.dir/AIEAddressSpaceFlattening.cpp.o
[415/552] Building CXX object lib/Target/AIE/CMakeFiles/LLVMAIECodeGen.dir/AIEBaseFrameLowering.cpp.o
[416/552] Building CXX object lib/Target/AIE/CMakeFiles/LLVMAIECodeGen.dir/AIEBaseRegisterInfo.cpp.o
[417/552] Building CXX object lib/Analysis/CMakeFiles/LLVMAnalysis.dir/TargetTransformInfo.cpp.o
[418/552] Building CXX object lib/Target/AIE/CMakeFiles/LLVMAIECodeGen.dir/AIEBaseHardwareLoops.cpp.o
[419/552] Building CXX object lib/Target/AIE/CMakeFiles/LLVMAIECodeGen.dir/AIEBaseAsmPrinter.cpp.o
[420/552] Building CXX object lib/Target/AIE/CMakeFiles/LLVMAIECodeGen.dir/AIEBaseRegisterBankInfo.cpp.o
[421/552] Building CXX object lib/Analysis/CMakeFiles/LLVMAnalysis.dir/StackSafetyAnalysis.cpp.o
[422/552] Building CXX object lib/Target/AIE/CMakeFiles/LLVMAIECodeGen.dir/AIEBasePipelinerLoopInfo.cpp.o
[423/552] Building CXX object lib/Target/AIE/CMakeFiles/LLVMAIECodeGen.dir/AIELiveRegs.cpp.o
[424/552] Building CXX object lib/Target/AIE/CMakeFiles/LLVMAIECodeGen.dir/AIEFinalizeBundle.cpp.o
[425/552] Building CXX object lib/Target/AIE/CMakeFiles/LLVMAIECodeGen.dir/AIEDataDependenceHelper.cpp.o
[426/552] Building CXX object lib/Target/AIE/CMakeFiles/LLVMAIECodeGen.dir/AIEClusterBaseAddress.cpp.o
[427/552] Building CXX object lib/Target/AIE/CMakeFiles/LLVMAIECodeGen.dir/AIEBaseISelLowering.cpp.o
[428/552] Building CXX object lib/Target/AIE/CMakeFiles/LLVMAIECodeGen.dir/AIEBaseInstrInfo.cpp.o
/home/jtuyls/iree-ai/llvm-aie-port/amd/aie/llvm/lib/Target/AIE/AIEBaseInstrInfo.cpp: In member function ‘virtual bool llvm::AIEBaseInstrInfo::foldImmediate(llvm::MachineInstr&, llvm::MachineInstr&, llvm::Register, llvm::MachineRegisterInfo*) const’:
/home/jtuyls/iree-ai/llvm-aie-port/amd/aie/llvm/lib/Target/AIE/AIEBaseInstrInfo.cpp:614:29: warning: unused variable ‘TRI’ [-Wunused-variable]
  614 |   const TargetRegisterInfo *TRI = MRI->getTargetRegisterInfo();
      |                             ^~~
/home/jtuyls/iree-ai/llvm-aie-port/amd/aie/llvm/lib/Target/AIE/AIEBaseInstrInfo.cpp:615:26: warning: unused variable ‘MF’ [-Wunused-variable]
  615 |   const MachineFunction &MF = *UseMI.getParent()->getParent();
      |                          ^~
[429/552] Building CXX object lib/Target/AIE/CMakeFiles/LLVMAIECodeGen.dir/AIEEliminateDuplicatePHI.cpp.o
[430/552] Building CXX object lib/Target/AIE/CMakeFiles/LLVMAIECodeGen.dir/AIEBaseSubtarget.cpp.o
[431/552] Building CXX object lib/Target/AIE/CMakeFiles/LLVMAIECodeGen.dir/AIECallLowering.cpp.o
[432/552] Building CXX object lib/Target/AIE/CMakeFiles/LLVMAIECodeGen.dir/AIEGlobalCombinerPtrMods.cpp.o
[433/552] Building CXX object lib/Target/AIE/CMakeFiles/LLVMAIECodeGen.dir/AIEHazardRecognizer.cpp.o
[434/552] Building CXX object lib/Target/AIE/CMakeFiles/LLVMAIECodeGen.dir/AIEGlobalCombiner.cpp.o
[435/552] Building CXX object lib/Target/AIE/CMakeFiles/LLVMAIECodeGen.dir/AIEBaseInstructionSelector.cpp.o
[436/552] Building CXX object lib/Target/AIE/CMakeFiles/LLVMAIECodeGen.dir/AIERegClassConstrainer.cpp.o
[437/552] Building CXX object lib/Target/AIE/CMakeFiles/LLVMAIECodeGen.dir/AIELoopClass.cpp.o
[438/552] Building CXX object lib/Target/AIE/CMakeFiles/LLVMAIECodeGen.dir/AIEISelDAGToDAG.cpp.o
In file included from /home/jtuyls/iree-ai/llvm-aie-port/amd/aie/llvm/lib/Target/AIE/aie1/AIE1FrameLowering.h:18,
                 from /home/jtuyls/iree-ai/llvm-aie-port/amd/aie/llvm/lib/Target/AIE/aie1/AIE1Subtarget.h:19,
                 from /home/jtuyls/iree-ai/llvm-aie-port/amd/aie/llvm/lib/Target/AIE/aie1/AIE1TargetMachine.h:20,
                 from /home/jtuyls/iree-ai/llvm-aie-port/amd/aie/llvm/lib/Target/AIE/AIEISelDAGToDAG.h:18,
                 from /home/jtuyls/iree-ai/llvm-aie-port/amd/aie/llvm/lib/Target/AIE/AIEISelDAGToDAG.cpp:15:
/home/jtuyls/iree-ai/llvm-aie-port/amd/aie/llvm/lib/Target/AIE/AIEBaseFrameLowering.h:90:16: warning: ‘virtual void llvm::AIEBaseFrameLowering::adjustReg(llvm::MachineBasicBlock&, llvm::MachineBasicBlock::iterator, const llvm::DebugLoc&, unsigned int, int64_t, llvm::MachineInstr::MIFlag) const’ was hidden [-Woverloaded-virtual=]
   90 |   virtual void adjustReg(MachineBasicBlock &MBB,
      |                ^~~~~~~~~
/home/jtuyls/iree-ai/llvm-aie-port/amd/aie/llvm/lib/Target/AIE/aie1/AIE1FrameLowering.h:29:15: note:   by ‘static void llvm::AIEFrameLowering::adjustReg(const llvm::TargetInstrInfo*, llvm::MachineBasicBlock&, llvm::MachineBasicBlock::iterator, const llvm::DebugLoc&, unsigned int, int64_t, llvm::MachineInstr::MIFlag)’
   29 |   static void adjustReg(const TargetInstrInfo *TII, MachineBasicBlock &MBB,
      |               ^~~~~~~~~
[439/552] Building CXX object lib/Target/AIE/CMakeFiles/LLVMAIECodeGen.dir/AIEBaseTargetTransformInfo.cpp.o
In file included from /home/jtuyls/iree-ai/llvm-aie-port/amd/aie/llvm/lib/Target/AIE/aie1/AIE1FrameLowering.h:18,
                 from /home/jtuyls/iree-ai/llvm-aie-port/amd/aie/llvm/lib/Target/AIE/aie1/AIE1Subtarget.h:19,
                 from /home/jtuyls/iree-ai/llvm-aie-port/amd/aie/llvm/lib/Target/AIE/AIEBaseTargetTransformInfo.h:21,
                 from /home/jtuyls/iree-ai/llvm-aie-port/amd/aie/llvm/lib/Target/AIE/AIEBaseTargetTransformInfo.cpp:11:
/home/jtuyls/iree-ai/llvm-aie-port/amd/aie/llvm/lib/Target/AIE/AIEBaseFrameLowering.h:90:16: warning: ‘virtual void llvm::AIEBaseFrameLowering::adjustReg(llvm::MachineBasicBlock&, llvm::MachineBasicBlock::iterator, const llvm::DebugLoc&, unsigned int, int64_t, llvm::MachineInstr::MIFlag) const’ was hidden [-Woverloaded-virtual=]
   90 |   virtual void adjustReg(MachineBasicBlock &MBB,
      |                ^~~~~~~~~
/home/jtuyls/iree-ai/llvm-aie-port/amd/aie/llvm/lib/Target/AIE/aie1/AIE1FrameLowering.h:29:15: note:   by ‘static void llvm::AIEFrameLowering::adjustReg(const llvm::TargetInstrInfo*, llvm::MachineBasicBlock&, llvm::MachineBasicBlock::iterator, const llvm::DebugLoc&, unsigned int, int64_t, llvm::MachineInstr::MIFlag)’
   29 |   static void adjustReg(const TargetInstrInfo *TII, MachineBasicBlock &MBB,
      |               ^~~~~~~~~
[440/552] Building CXX object lib/Target/AIE/CMakeFiles/LLVMAIECodeGen.dir/AIEMaxLatencyFinder.cpp.o
[441/552] Building CXX object lib/Target/AIE/CMakeFiles/LLVMAIECodeGen.dir/AIEPseudoBranchExpansion.cpp.o
[442/552] Building CXX object lib/Target/AIE/CMakeFiles/LLVMAIECodeGen.dir/AIEMachineAlignment.cpp.o
[443/552] Building CXX object lib/Target/AIE/CMakeFiles/LLVMAIECodeGen.dir/AIEInterBlockScheduling.cpp.o
[444/552] Building CXX object lib/Target/AIE/CMakeFiles/LLVMAIECodeGen.dir/AIEMultiSlotInstrMaterializer.cpp.o
[445/552] Building CXX object lib/Target/AIE/CMakeFiles/LLVMAIECodeGen.dir/AIESlotUtils.cpp.o
[446/552] Building CXX object lib/Target/AIE/CMakeFiles/LLVMAIECodeGen.dir/AIESlotStatistics.cpp.o
[447/552] Building CXX object lib/Target/AIE/CMakeFiles/LLVMAIECodeGen.dir/AIERegMemEventTracker.cpp.o
[448/552] Building CXX object lib/Target/AIE/CMakeFiles/LLVMAIECodeGen.dir/AIELegalizerHelper.cpp.o
[449/552] Building CXX object lib/Target/AIE/CMakeFiles/LLVMAIECodeGen.dir/AIEMachineScheduler.cpp.o
[450/552] Building CXX object lib/Target/AIE/CMakeFiles/LLVMAIECodeGen.dir/AIEBaseTargetMachine.cpp.o
In file included from /home/jtuyls/iree-ai/llvm-aie-port/amd/aie/llvm/lib/Target/AIE/AIE2FrameLowering.h:18,
                 from /home/jtuyls/iree-ai/llvm-aie-port/amd/aie/llvm/lib/Target/AIE/AIE2Subtarget.h:19,
                 from /home/jtuyls/iree-ai/llvm-aie-port/amd/aie/llvm/lib/Target/AIE/AIE2TargetMachine.h:18,
                 from /home/jtuyls/iree-ai/llvm-aie-port/amd/aie/llvm/lib/Target/AIE/AIEBaseTargetMachine.cpp:18:
/home/jtuyls/iree-ai/llvm-aie-port/amd/aie/llvm/lib/Target/AIE/AIEBaseFrameLowering.h:90:16: warning: ‘virtual void llvm::AIEBaseFrameLowering::adjustReg(llvm::MachineBasicBlock&, llvm::MachineBasicBlock::iterator, const llvm::DebugLoc&, unsigned int, int64_t, llvm::MachineInstr::MIFlag) const’ was hidden [-Woverloaded-virtual=]
   90 |   virtual void adjustReg(MachineBasicBlock &MBB,
      |                ^~~~~~~~~
In file included from /home/jtuyls/iree-ai/llvm-aie-port/amd/aie/llvm/lib/Target/AIE/aie1/AIE1Subtarget.h:19,
                 from /home/jtuyls/iree-ai/llvm-aie-port/amd/aie/llvm/lib/Target/AIE/aie1/AIE1TargetMachine.h:20,
                 from /home/jtuyls/iree-ai/llvm-aie-port/amd/aie/llvm/lib/Target/AIE/AIEBaseTargetMachine.cpp:25:
/home/jtuyls/iree-ai/llvm-aie-port/amd/aie/llvm/lib/Target/AIE/aie1/AIE1FrameLowering.h:29:15: note:   by ‘static void llvm::AIEFrameLowering::adjustReg(const llvm::TargetInstrInfo*, llvm::MachineBasicBlock&, llvm::MachineBasicBlock::iterator, const llvm::DebugLoc&, unsigned int, int64_t, llvm::MachineInstr::MIFlag)’
   29 |   static void adjustReg(const TargetInstrInfo *TII, MachineBasicBlock &MBB,
      |               ^~~~~~~~~
[451/552] Building CXX object lib/Transforms/Vectorize/CMakeFiles/LLVMVectorize.dir/LoopVectorize.cpp.o
In file included from /home/jtuyls/iree-ai/llvm-aie-port/llvm/lib/Transforms/Vectorize/VPlanUtils.h:13,
                 from /home/jtuyls/iree-ai/llvm-aie-port/llvm/lib/Transforms/Vectorize/VPlanCFG.h:16,
                 from /home/jtuyls/iree-ai/llvm-aie-port/llvm/lib/Transforms/Vectorize/LoopVectorize.cpp:61:
/home/jtuyls/iree-ai/llvm-aie-port/llvm/lib/Transforms/Vectorize/VPlanPatternMatch.h: In instantiation of ‘bool llvm::VPlanPatternMatch::Recipe_match<Ops_t, Opcode, Commutative, RecipeTys>::all_of_tuple_elements(std::index_sequence<Idx ...>, Fn) const [with Fn = llvm::VPlanPatternMatch::Recipe_match<std::tuple<>, 84, false, llvm::VPInstruction>::match(const llvm::VPRecipeBase*) const::<lambda(auto:40, unsigned int)>; long unsigned int ...Is = {}; Ops_t = std::tuple<>; unsigned int Opcode = 84; bool Commutative = false; RecipeTys = {llvm::VPInstruction}; std::index_sequence<Idx ...> = std::integer_sequence<long unsigned int>]’:
/home/jtuyls/iree-ai/llvm-aie-port/llvm/lib/Transforms/Vectorize/VPlanPatternMatch.h:271:30:   required from ‘bool llvm::VPlanPatternMatch::Recipe_match<Ops_t, Opcode, Commutative, RecipeTys>::match(const llvm::VPRecipeBase*) const [with Ops_t = std::tuple<>; unsigned int Opcode = 84; bool Commutative = false; RecipeTys = {llvm::VPInstruction}]’
/home/jtuyls/iree-ai/llvm-aie-port/llvm/lib/Transforms/Vectorize/VPlanPatternMatch.h:26:17:   required from ‘bool llvm::VPlanPatternMatch::match(Val*, const Pattern&) [with Val = llvm::VPRecipeBase; Pattern = Recipe_match<std::tuple<>, 84, false, llvm::VPInstruction>]’
/home/jtuyls/iree-ai/llvm-aie-port/llvm/lib/Transforms/Vectorize/VPlanPatternMatch.h:37:20:   required from ‘bool llvm::VPlanPatternMatch::match(llvm::VPUser*, const Pattern&) [with Pattern = Recipe_match<std::tuple<>, 84, false, llvm::VPInstruction>]’
/home/jtuyls/iree-ai/llvm-aie-port/llvm/lib/Transforms/Vectorize/LoopVectorize.cpp:7194:21:   required from here
/home/jtuyls/iree-ai/llvm-aie-port/llvm/lib/Transforms/Vectorize/VPlanPatternMatch.h:298:61: warning: parameter ‘P’ set but not used [-Wunused-but-set-parameter]
  298 |   bool all_of_tuple_elements(std::index_sequence<Is...>, Fn P) const {
      |                                                          ~~~^
/home/jtuyls/iree-ai/llvm-aie-port/llvm/lib/Transforms/Vectorize/VPlanPatternMatch.h: In instantiation of ‘bool llvm::VPlanPatternMatch::Recipe_match<Ops_t, Opcode, Commutative, RecipeTys>::all_of_tuple_elements(std::index_sequence<Idx ...>, Fn) const [with Fn = llvm::VPlanPatternMatch::Recipe_match<std::tuple<>, 84, false, llvm::VPInstruction>::match(const llvm::VPRecipeBase*) const::<lambda(auto:41, unsigned int)>; long unsigned int ...Is = {}; Ops_t = std::tuple<>; unsigned int Opcode = 84; bool Commutative = false; RecipeTys = {llvm::VPInstruction}; std::index_sequence<Idx ...> = std::integer_sequence<long unsigned int>]’:
/home/jtuyls/iree-ai/llvm-aie-port/llvm/lib/Transforms/Vectorize/VPlanPatternMatch.h:277:33:   required from ‘bool llvm::VPlanPatternMatch::Recipe_match<Ops_t, Opcode, Commutative, RecipeTys>::match(const llvm::VPRecipeBase*) const [with Ops_t = std::tuple<>; unsigned int Opcode = 84; bool Commutative = false; RecipeTys = {llvm::VPInstruction}]’
/home/jtuyls/iree-ai/llvm-aie-port/llvm/lib/Transforms/Vectorize/VPlanPatternMatch.h:26:17:   required from ‘bool llvm::VPlanPatternMatch::match(Val*, const Pattern&) [with Val = llvm::VPRecipeBase; Pattern = Recipe_match<std::tuple<>, 84, false, llvm::VPInstruction>]’
/home/jtuyls/iree-ai/llvm-aie-port/llvm/lib/Transforms/Vectorize/VPlanPatternMatch.h:37:20:   required from ‘bool llvm::VPlanPatternMatch::match(llvm::VPUser*, const Pattern&) [with Pattern = Recipe_match<std::tuple<>, 84, false, llvm::VPInstruction>]’
/home/jtuyls/iree-ai/llvm-aie-port/llvm/lib/Transforms/Vectorize/LoopVectorize.cpp:7194:21:   required from here
/home/jtuyls/iree-ai/llvm-aie-port/llvm/lib/Transforms/Vectorize/VPlanPatternMatch.h:298:61: warning: parameter ‘P’ set but not used [-Wunused-but-set-parameter]
/home/jtuyls/iree-ai/llvm-aie-port/llvm/lib/Transforms/Vectorize/VPlanPatternMatch.h: In instantiation of ‘bool llvm::VPlanPatternMatch::Recipe_match<Ops_t, Opcode, Commutative, RecipeTys>::all_of_tuple_elements(std::index_sequence<Idx ...>, Fn) const [with Fn = llvm::VPlanPatternMatch::Recipe_match<std::tuple<>, 55, false, llvm::VPInstruction>::match(const llvm::VPRecipeBase*) const::<lambda(auto:40, unsigned int)>; long unsigned int ...Is = {}; Ops_t = std::tuple<>; unsigned int Opcode = 55; bool Commutative = false; RecipeTys = {llvm::VPInstruction}; std::index_sequence<Idx ...> = std::integer_sequence<long unsigned int>]’:
/home/jtuyls/iree-ai/llvm-aie-port/llvm/lib/Transforms/Vectorize/VPlanPatternMatch.h:271:30:   required from ‘bool llvm::VPlanPatternMatch::Recipe_match<Ops_t, Opcode, Commutative, RecipeTys>::match(const llvm::VPRecipeBase*) const [with Ops_t = std::tuple<>; unsigned int Opcode = 55; bool Commutative = false; RecipeTys = {llvm::VPInstruction}]’
/home/jtuyls/iree-ai/llvm-aie-port/llvm/lib/Transforms/Vectorize/VPlanPatternMatch.h:26:17:   required from ‘bool llvm::VPlanPatternMatch::match(Val*, const Pattern&) [with Val = llvm::VPRecipeBase; Pattern = Recipe_match<std::tuple<>, 55, false, llvm::VPInstruction>]’
/home/jtuyls/iree-ai/llvm-aie-port/llvm/lib/Transforms/Vectorize/VPlanPatternMatch.h:37:20:   required from ‘bool llvm::VPlanPatternMatch::match(llvm::VPUser*, const Pattern&) [with Pattern = Recipe_match<std::tuple<>, 55, false, llvm::VPInstruction>]’
/home/jtuyls/iree-ai/llvm-aie-port/llvm/lib/Transforms/Vectorize/LoopVectorize.cpp:7316:17:   required from here
/home/jtuyls/iree-ai/llvm-aie-port/llvm/lib/Transforms/Vectorize/VPlanPatternMatch.h:298:61: warning: parameter ‘P’ set but not used [-Wunused-but-set-parameter]
/home/jtuyls/iree-ai/llvm-aie-port/llvm/lib/Transforms/Vectorize/VPlanPatternMatch.h: In instantiation of ‘bool llvm::VPlanPatternMatch::Recipe_match<Ops_t, Opcode, Commutative, RecipeTys>::all_of_tuple_elements(std::index_sequence<Idx ...>, Fn) const [with Fn = llvm::VPlanPatternMatch::Recipe_match<std::tuple<>, 55, false, llvm::VPInstruction>::match(const llvm::VPRecipeBase*) const::<lambda(auto:41, unsigned int)>; long unsigned int ...Is = {}; Ops_t = std::tuple<>; unsigned int Opcode = 55; bool Commutative = false; RecipeTys = {llvm::VPInstruction}; std::index_sequence<Idx ...> = std::integer_sequence<long unsigned int>]’:
/home/jtuyls/iree-ai/llvm-aie-port/llvm/lib/Transforms/Vectorize/VPlanPatternMatch.h:277:33:   required from ‘bool llvm::VPlanPatternMatch::Recipe_match<Ops_t, Opcode, Commutative, RecipeTys>::match(const llvm::VPRecipeBase*) const [with Ops_t = std::tuple<>; unsigned int Opcode = 55; bool Commutative = false; RecipeTys = {llvm::VPInstruction}]’
/home/jtuyls/iree-ai/llvm-aie-port/llvm/lib/Transforms/Vectorize/VPlanPatternMatch.h:26:17:   required from ‘bool llvm::VPlanPatternMatch::match(Val*, const Pattern&) [with Val = llvm::VPRecipeBase; Pattern = Recipe_match<std::tuple<>, 55, false, llvm::VPInstruction>]’
/home/jtuyls/iree-ai/llvm-aie-port/llvm/lib/Transforms/Vectorize/VPlanPatternMatch.h:37:20:   required from ‘bool llvm::VPlanPatternMatch::match(llvm::VPUser*, const Pattern&) [with Pattern = Recipe_match<std::tuple<>, 55, false, llvm::VPInstruction>]’
/home/jtuyls/iree-ai/llvm-aie-port/llvm/lib/Transforms/Vectorize/LoopVectorize.cpp:7316:17:   required from here
/home/jtuyls/iree-ai/llvm-aie-port/llvm/lib/Transforms/Vectorize/VPlanPatternMatch.h:298:61: warning: parameter ‘P’ set but not used [-Wunused-but-set-parameter]
[452/552] Building CXX object lib/Target/AIE/CMakeFiles/LLVMAIECodeGen.dir/AIEPtrModOptimizer.cpp.o
[453/552] Building CXX object lib/Target/AIE/CMakeFiles/LLVMAIECodeGen.dir/AIEPostSelectOptimize.cpp.o
[454/552] Building CXX object lib/Target/AIE/CMakeFiles/LLVMAIECodeGen.dir/AIEPreISelCombiner.cpp.o
[455/552] Building CXX object lib/Target/AIE/CMakeFiles/LLVMAIECodeGen.dir/AIECombinerHelper.cpp.o
/home/jtuyls/iree-ai/llvm-aie-port/amd/aie/llvm/lib/Target/AIE/AIECombinerHelper.cpp: In function ‘bool {anonymous}::mayMIShiftElements(const llvm::MachineInstr*)’:
/home/jtuyls/iree-ai/llvm-aie-port/amd/aie/llvm/lib/Target/AIE/AIECombinerHelper.cpp:114:5: warning: this statement may fall through [-Wimplicit-fallthrough=]
  114 |     switch (cast<GIntrinsic>(MI)->getIntrinsicID()) {
      |     ^~~~~~
/home/jtuyls/iree-ai/llvm-aie-port/amd/aie/llvm/lib/Target/AIE/AIECombinerHelper.cpp:122:3: note: here
  122 |   default:
      |   ^~~~~~~
[456/552] Building CXX object lib/Target/AIE/CMakeFiles/LLVMAIECodeGen.dir/AIESplitInstructionRewriter.cpp.o
[457/552] Building CXX object lib/Target/AIE/CMakeFiles/LLVMAIECodeGen.dir/AIESubRegConstrainer.cpp.o
[458/552] Building CXX object lib/Target/AIE/CMakeFiles/LLVMAIECodeGen.dir/AIESuperRegRewriter.cpp.o
[459/552] Building CXX object lib/Target/AIE/CMakeFiles/LLVMAIECodeGen.dir/AIESpillSlotOptimization.cpp.o
[460/552] Building CXX object lib/Target/AIE/CMakeFiles/LLVMAIECodeGen.dir/AIEPostPipeliner.cpp.o
[461/552] Building CXX object lib/Target/AIE/CMakeFiles/LLVMAIECodeGen.dir/AIE2AsmPrinter.cpp.o
In file included from /home/jtuyls/iree-ai/llvm-aie-port/amd/aie/llvm/lib/Target/AIE/InstPrinter/AIE2InstPrinter.h:18,
                 from /home/jtuyls/iree-ai/llvm-aie-port/amd/aie/llvm/lib/Target/AIE/AIE2AsmPrinter.cpp:18:
/home/jtuyls/iree-ai/llvm-aie-port/amd/aie/llvm/lib/Target/AIE/InstPrinter/AIECommonInstPrinter.h: In member function ‘void llvm::AIECommonInstPrinter::printImmOffset(const llvm::MCOperand&, const llvm::MCSubtargetInfo&, llvm::raw_ostream&)’:
/home/jtuyls/iree-ai/llvm-aie-port/amd/aie/llvm/lib/Target/AIE/InstPrinter/AIECommonInstPrinter.h:54:5: warning: invalid use of incomplete type ‘const class llvm::MCAsmInfo’
   54 |     MAI.printExpr(O, *MO.getExpr());
      |     ^~~
In file included from /home/jtuyls/iree-ai/llvm-aie-port/llvm/include/llvm/MC/MCSymbol.h:18,
                 from /home/jtuyls/iree-ai/llvm-aie-port/llvm/include/llvm/CodeGen/MachineInstr.h:32,
                 from /home/jtuyls/iree-ai/llvm-aie-port/llvm/include/llvm/CodeGen/MachineBasicBlock.h:22,
                 from /home/jtuyls/iree-ai/llvm-aie-port/llvm/include/llvm/CodeGen/MachineFunction.h:26,
                 from /home/jtuyls/iree-ai/llvm-aie-port/llvm/include/llvm/CodeGen/MachineFunctionPass.h:21,
                 from /home/jtuyls/iree-ai/llvm-aie-port/llvm/include/llvm/CodeGen/AsmPrinter.h:26,
                 from /home/jtuyls/iree-ai/llvm-aie-port/amd/aie/llvm/lib/Target/AIE/AIEBaseAsmPrinter.h:19,
                 from /home/jtuyls/iree-ai/llvm-aie-port/amd/aie/llvm/lib/Target/AIE/AIE2AsmPrinter.h:19,
                 from /home/jtuyls/iree-ai/llvm-aie-port/amd/aie/llvm/lib/Target/AIE/AIE2AsmPrinter.cpp:16:
/home/jtuyls/iree-ai/llvm-aie-port/llvm/include/llvm/MC/MCExpr.h:19:7: note: forward declaration of ‘class llvm::MCAsmInfo’
   19 | class MCAsmInfo;
      |       ^~~~~~~~~
[462/552] Building CXX object lib/Target/AIE/CMakeFiles/LLVMAIECodeGen.dir/AIETargetObjectFile.cpp.o
In file included from /home/jtuyls/iree-ai/llvm-aie-port/amd/aie/llvm/lib/Target/AIE/aie1/AIE1FrameLowering.h:18,
                 from /home/jtuyls/iree-ai/llvm-aie-port/amd/aie/llvm/lib/Target/AIE/aie1/AIE1Subtarget.h:19,
                 from /home/jtuyls/iree-ai/llvm-aie-port/amd/aie/llvm/lib/Target/AIE/aie1/AIE1TargetMachine.h:20,
                 from /home/jtuyls/iree-ai/llvm-aie-port/amd/aie/llvm/lib/Target/AIE/AIETargetObjectFile.cpp:13:
/home/jtuyls/iree-ai/llvm-aie-port/amd/aie/llvm/lib/Target/AIE/AIEBaseFrameLowering.h:90:16: warning: ‘virtual void llvm::AIEBaseFrameLowering::adjustReg(llvm::MachineBasicBlock&, llvm::MachineBasicBlock::iterator, const llvm::DebugLoc&, unsigned int, int64_t, llvm::MachineInstr::MIFlag) const’ was hidden [-Woverloaded-virtual=]
   90 |   virtual void adjustReg(MachineBasicBlock &MBB,
      |                ^~~~~~~~~
/home/jtuyls/iree-ai/llvm-aie-port/amd/aie/llvm/lib/Target/AIE/aie1/AIE1FrameLowering.h:29:15: note:   by ‘static void llvm::AIEFrameLowering::adjustReg(const llvm::TargetInstrInfo*, llvm::MachineBasicBlock&, llvm::MachineBasicBlock::iterator, const llvm::DebugLoc&, unsigned int, int64_t, llvm::MachineInstr::MIFlag)’
   29 |   static void adjustReg(const TargetInstrInfo *TII, MachineBasicBlock &MBB,
      |               ^~~~~~~~~
[463/552] Building CXX object lib/Target/AIE/CMakeFiles/LLVMAIECodeGen.dir/AIE2ISelLowering.cpp.o
[464/552] Building CXX object lib/Target/AIE/CMakeFiles/LLVMAIECodeGen.dir/AIESuperRegUtils.cpp.o
[465/552] Building CXX object lib/Target/AIE/CMakeFiles/LLVMAIECodeGen.dir/AIE2FrameLowering.cpp.o
[466/552] Building CXX object lib/Target/AIE/CMakeFiles/LLVMAIECodeGen.dir/ReservedRegsLICM.cpp.o
[467/552] Building CXX object lib/Target/AIE/CMakeFiles/LLVMAIECodeGen.dir/AIE2LegalizerInfo.cpp.o
[468/552] Building CXX object lib/Target/AIE/CMakeFiles/LLVMAIECodeGen.dir/AIEPostLegalizerGenericCombiner.cpp.o
[469/552] Building CXX object lib/Target/AIE/CMakeFiles/LLVMAIECodeGen.dir/AIEPostLegalizerCustomCombiner.cpp.o
[470/552] Building CXX object lib/Analysis/CMakeFiles/LLVMAnalysis.dir/TargetLibraryInfo.cpp.o
[471/552] Building CXX object lib/Target/AIE/CMakeFiles/LLVMAIECodeGen.dir/AIE2RegisterBankInfo.cpp.o
[472/552] Building CXX object lib/Transforms/Vectorize/CMakeFiles/LLVMVectorize.dir/VPlanTransforms.cpp.o
In file included from /home/jtuyls/iree-ai/llvm-aie-port/llvm/lib/Transforms/Vectorize/VPlanUtils.h:13,
                 from /home/jtuyls/iree-ai/llvm-aie-port/llvm/lib/Transforms/Vectorize/VPlanCFG.h:16,
                 from /home/jtuyls/iree-ai/llvm-aie-port/llvm/lib/Transforms/Vectorize/VPlanTransforms.cpp:18:
/home/jtuyls/iree-ai/llvm-aie-port/llvm/lib/Transforms/Vectorize/VPlanPatternMatch.h: In instantiation of ‘bool llvm::VPlanPatternMatch::Recipe_match<Ops_t, Opcode, Commutative, RecipeTys>::all_of_tuple_elements(std::index_sequence<Idx ...>, Fn) const [with Fn = llvm::VPlanPatternMatch::Recipe_match<std::tuple<>, 92, false, llvm::VPInstruction>::match(const llvm::VPRecipeBase*) const::<lambda(auto:38, unsigned int)>; long unsigned int ...Is = {}; Ops_t = std::tuple<>; unsigned int Opcode = 92; bool Commutative = false; RecipeTys = {llvm::VPInstruction}; std::index_sequence<Idx ...> = std::integer_sequence<long unsigned int>]’:
/home/jtuyls/iree-ai/llvm-aie-port/llvm/lib/Transforms/Vectorize/VPlanPatternMatch.h:271:30:   required from ‘bool llvm::VPlanPatternMatch::Recipe_match<Ops_t, Opcode, Commutative, RecipeTys>::match(const llvm::VPRecipeBase*) const [with Ops_t = std::tuple<>; unsigned int Opcode = 92; bool Commutative = false; RecipeTys = {llvm::VPInstruction}]’
/home/jtuyls/iree-ai/llvm-aie-port/llvm/lib/Transforms/Vectorize/VPlanPatternMatch.h:46:17:   required from ‘bool llvm::VPlanPatternMatch::match(llvm::VPSingleDefRecipe*, const Pattern&) [with Pattern = Recipe_match<std::tuple<>, 92, false, llvm::VPInstruction>]’
/home/jtuyls/iree-ai/llvm-aie-port/llvm/lib/Transforms/Vectorize/VPlanTransforms.cpp:1593:12:   required from here
/home/jtuyls/iree-ai/llvm-aie-port/llvm/lib/Transforms/Vectorize/VPlanPatternMatch.h:298:61: warning: parameter ‘P’ set but not used [-Wunused-but-set-parameter]
  298 |   bool all_of_tuple_elements(std::index_sequence<Is...>, Fn P) const {
      |                                                          ~~~^
/home/jtuyls/iree-ai/llvm-aie-port/llvm/lib/Transforms/Vectorize/VPlanPatternMatch.h: In instantiation of ‘bool llvm::VPlanPatternMatch::Recipe_match<Ops_t, Opcode, Commutative, RecipeTys>::all_of_tuple_elements(std::index_sequence<Idx ...>, Fn) const [with Fn = llvm::VPlanPatternMatch::Recipe_match<std::tuple<>, 92, false, llvm::VPInstruction>::match(const llvm::VPRecipeBase*) const::<lambda(auto:39, unsigned int)>; long unsigned int ...Is = {}; Ops_t = std::tuple<>; unsigned int Opcode = 92; bool Commutative = false; RecipeTys = {llvm::VPInstruction}; std::index_sequence<Idx ...> = std::integer_sequence<long unsigned int>]’:
/home/jtuyls/iree-ai/llvm-aie-port/llvm/lib/Transforms/Vectorize/VPlanPatternMatch.h:277:33:   required from ‘bool llvm::VPlanPatternMatch::Recipe_match<Ops_t, Opcode, Commutative, RecipeTys>::match(const llvm::VPRecipeBase*) const [with Ops_t = std::tuple<>; unsigned int Opcode = 92; bool Commutative = false; RecipeTys = {llvm::VPInstruction}]’
/home/jtuyls/iree-ai/llvm-aie-port/llvm/lib/Transforms/Vectorize/VPlanPatternMatch.h:46:17:   required from ‘bool llvm::VPlanPatternMatch::match(llvm::VPSingleDefRecipe*, const Pattern&) [with Pattern = Recipe_match<std::tuple<>, 92, false, llvm::VPInstruction>]’
/home/jtuyls/iree-ai/llvm-aie-port/llvm/lib/Transforms/Vectorize/VPlanTransforms.cpp:1593:12:   required from here
/home/jtuyls/iree-ai/llvm-aie-port/llvm/lib/Transforms/Vectorize/VPlanPatternMatch.h:298:61: warning: parameter ‘P’ set but not used [-Wunused-but-set-parameter]
/home/jtuyls/iree-ai/llvm-aie-port/llvm/lib/Transforms/Vectorize/VPlanPatternMatch.h: In instantiation of ‘bool llvm::VPlanPatternMatch::Recipe_match<Ops_t, Opcode, Commutative, RecipeTys>::all_of_tuple_elements(std::index_sequence<Idx ...>, Fn) const [with Fn = llvm::VPlanPatternMatch::Recipe_match<std::tuple<>, 104, false, llvm::VPInstruction>::match(const llvm::VPRecipeBase*) const::<lambda(auto:38, unsigned int)>; long unsigned int ...Is = {}; Ops_t = std::tuple<>; unsigned int Opcode = 104; bool Commutative = false; RecipeTys = {llvm::VPInstruction}; std::index_sequence<Idx ...> = std::integer_sequence<long unsigned int>]’:
/home/jtuyls/iree-ai/llvm-aie-port/llvm/lib/Transforms/Vectorize/VPlanPatternMatch.h:271:30:   required from ‘bool llvm::VPlanPatternMatch::Recipe_match<Ops_t, Opcode, Commutative, RecipeTys>::match(const llvm::VPRecipeBase*) const [with Ops_t = std::tuple<>; unsigned int Opcode = 104; bool Commutative = false; RecipeTys = {llvm::VPInstruction}]’
/home/jtuyls/iree-ai/llvm-aie-port/llvm/lib/Transforms/Vectorize/VPlanPatternMatch.h:46:17:   required from ‘bool llvm::VPlanPatternMatch::match(llvm::VPSingleDefRecipe*, const Pattern&) [with Pattern = Recipe_match<std::tuple<>, 104, false, llvm::VPInstruction>]’
/home/jtuyls/iree-ai/llvm-aie-port/llvm/lib/Transforms/Vectorize/VPlanTransforms.cpp:1660:12:   required from here
/home/jtuyls/iree-ai/llvm-aie-port/llvm/lib/Transforms/Vectorize/VPlanPatternMatch.h:298:61: warning: parameter ‘P’ set but not used [-Wunused-but-set-parameter]
/home/jtuyls/iree-ai/llvm-aie-port/llvm/lib/Transforms/Vectorize/VPlanPatternMatch.h: In instantiation of ‘bool llvm::VPlanPatternMatch::Recipe_match<Ops_t, Opcode, Commutative, RecipeTys>::all_of_tuple_elements(std::index_sequence<Idx ...>, Fn) const [with Fn = llvm::VPlanPatternMatch::Recipe_match<std::tuple<>, 104, false, llvm::VPInstruction>::match(const llvm::VPRecipeBase*) const::<lambda(auto:39, unsigned int)>; long unsigned int ...Is = {}; Ops_t = std::tuple<>; unsigned int Opcode = 104; bool Commutative = false; RecipeTys = {llvm::VPInstruction}; std::index_sequence<Idx ...> = std::integer_sequence<long unsigned int>]’:
/home/jtuyls/iree-ai/llvm-aie-port/llvm/lib/Transforms/Vectorize/VPlanPatternMatch.h:277:33:   required from ‘bool llvm::VPlanPatternMatch::Recipe_match<Ops_t, Opcode, Commutative, RecipeTys>::match(const llvm::VPRecipeBase*) const [with Ops_t = std::tuple<>; unsigned int Opcode = 104; bool Commutative = false; RecipeTys = {llvm::VPInstruction}]’
/home/jtuyls/iree-ai/llvm-aie-port/llvm/lib/Transforms/Vectorize/VPlanPatternMatch.h:46:17:   required from ‘bool llvm::VPlanPatternMatch::match(llvm::VPSingleDefRecipe*, const Pattern&) [with Pattern = Recipe_match<std::tuple<>, 104, false, llvm::VPInstruction>]’
/home/jtuyls/iree-ai/llvm-aie-port/llvm/lib/Transforms/Vectorize/VPlanTransforms.cpp:1660:12:   required from here
/home/jtuyls/iree-ai/llvm-aie-port/llvm/lib/Transforms/Vectorize/VPlanPatternMatch.h:298:61: warning: parameter ‘P’ set but not used [-Wunused-but-set-parameter]
/home/jtuyls/iree-ai/llvm-aie-port/llvm/lib/Transforms/Vectorize/VPlanPatternMatch.h: In instantiation of ‘bool llvm::VPlanPatternMatch::Recipe_match<Ops_t, Opcode, Commutative, RecipeTys>::all_of_tuple_elements(std::index_sequence<Idx ...>, Fn) const [with Fn = llvm::VPlanPatternMatch::Recipe_match<std::tuple<>, 82, false, llvm::VPInstruction>::match(const llvm::VPRecipeBase*) const::<lambda(auto:38, unsigned int)>; long unsigned int ...Is = {}; Ops_t = std::tuple<>; unsigned int Opcode = 82; bool Commutative = false; RecipeTys = {llvm::VPInstruction}; std::index_sequence<Idx ...> = std::integer_sequence<long unsigned int>]’:
/home/jtuyls/iree-ai/llvm-aie-port/llvm/lib/Transforms/Vectorize/VPlanPatternMatch.h:271:30:   required from ‘bool llvm::VPlanPatternMatch::Recipe_match<Ops_t, Opcode, Commutative, RecipeTys>::match(const llvm::VPRecipeBase*) const [with Ops_t = std::tuple<>; unsigned int Opcode = 82; bool Commutative = false; RecipeTys = {llvm::VPInstruction}]’
/home/jtuyls/iree-ai/llvm-aie-port/llvm/lib/Transforms/Vectorize/VPlanPatternMatch.h:46:17:   required from ‘bool llvm::VPlanPatternMatch::match(llvm::VPSingleDefRecipe*, const Pattern&) [with Pattern = Recipe_match<std::tuple<>, 82, false, llvm::VPInstruction>]’
/home/jtuyls/iree-ai/llvm-aie-port/llvm/lib/Transforms/Vectorize/VPlanTransforms.cpp:1691:12:   required from here
/home/jtuyls/iree-ai/llvm-aie-port/llvm/lib/Transforms/Vectorize/VPlanPatternMatch.h:298:61: warning: parameter ‘P’ set but not used [-Wunused-but-set-parameter]
/home/jtuyls/iree-ai/llvm-aie-port/llvm/lib/Transforms/Vectorize/VPlanPatternMatch.h: In instantiation of ‘bool llvm::VPlanPatternMatch::Recipe_match<Ops_t, Opcode, Commutative, RecipeTys>::all_of_tuple_elements(std::index_sequence<Idx ...>, Fn) const [with Fn = llvm::VPlanPatternMatch::Recipe_match<std::tuple<>, 82, false, llvm::VPInstruction>::match(const llvm::VPRecipeBase*) const::<lambda(auto:39, unsigned int)>; long unsigned int ...Is = {}; Ops_t = std::tuple<>; unsigned int Opcode = 82; bool Commutative = false; RecipeTys = {llvm::VPInstruction}; std::index_sequence<Idx ...> = std::integer_sequence<long unsigned int>]’:
/home/jtuyls/iree-ai/llvm-aie-port/llvm/lib/Transforms/Vectorize/VPlanPatternMatch.h:277:33:   required from ‘bool llvm::VPlanPatternMatch::Recipe_match<Ops_t, Opcode, Commutative, RecipeTys>::match(const llvm::VPRecipeBase*) const [with Ops_t = std::tuple<>; unsigned int Opcode = 82; bool Commutative = false; RecipeTys = {llvm::VPInstruction}]’
/home/jtuyls/iree-ai/llvm-aie-port/llvm/lib/Transforms/Vectorize/VPlanPatternMatch.h:46:17:   required from ‘bool llvm::VPlanPatternMatch::match(llvm::VPSingleDefRecipe*, const Pattern&) [with Pattern = Recipe_match<std::tuple<>, 82, false, llvm::VPInstruction>]’
/home/jtuyls/iree-ai/llvm-aie-port/llvm/lib/Transforms/Vectorize/VPlanTransforms.cpp:1691:12:   required from here
/home/jtuyls/iree-ai/llvm-aie-port/llvm/lib/Transforms/Vectorize/VPlanPatternMatch.h:298:61: warning: parameter ‘P’ set but not used [-Wunused-but-set-parameter]
/home/jtuyls/iree-ai/llvm-aie-port/llvm/lib/Transforms/Vectorize/VPlanPatternMatch.h: In instantiation of ‘bool llvm::VPlanPatternMatch::Recipe_match<Ops_t, Opcode, Commutative, RecipeTys>::all_of_tuple_elements(std::index_sequence<Idx ...>, Fn) const [with Fn = llvm::VPlanPatternMatch::Recipe_match<std::tuple<>, 79, false, llvm::VPInstruction>::match(const llvm::VPRecipeBase*) const::<lambda(auto:38, unsigned int)>; long unsigned int ...Is = {}; Ops_t = std::tuple<>; unsigned int Opcode = 79; bool Commutative = false; RecipeTys = {llvm::VPInstruction}; std::index_sequence<Idx ...> = std::integer_sequence<long unsigned int>]’:
/home/jtuyls/iree-ai/llvm-aie-port/llvm/lib/Transforms/Vectorize/VPlanPatternMatch.h:271:30:   required from ‘bool llvm::VPlanPatternMatch::Recipe_match<Ops_t, Opcode, Commutative, RecipeTys>::match(const llvm::VPRecipeBase*) const [with Ops_t = std::tuple<>; unsigned int Opcode = 79; bool Commutative = false; RecipeTys = {llvm::VPInstruction}]’
/home/jtuyls/iree-ai/llvm-aie-port/llvm/lib/Transforms/Vectorize/VPlanPatternMatch.h:26:17:   required from ‘bool llvm::VPlanPatternMatch::match(Val*, const Pattern&) [with Val = llvm::VPRecipeBase; Pattern = Recipe_match<std::tuple<>, 79, false, llvm::VPInstruction>]’
/home/jtuyls/iree-ai/llvm-aie-port/llvm/lib/Transforms/Vectorize/VPlanTransforms.cpp:2269:12:   required from here
/home/jtuyls/iree-ai/llvm-aie-port/llvm/lib/Transforms/Vectorize/VPlanPatternMatch.h:298:61: warning: parameter ‘P’ set but not used [-Wunused-but-set-parameter]
/home/jtuyls/iree-ai/llvm-aie-port/llvm/lib/Transforms/Vectorize/VPlanPatternMatch.h: In instantiation of ‘bool llvm::VPlanPatternMatch::Recipe_match<Ops_t, Opcode, Commutative, RecipeTys>::all_of_tuple_elements(std::index_sequence<Idx ...>, Fn) const [with Fn = llvm::VPlanPatternMatch::Recipe_match<std::tuple<>, 79, false, llvm::VPInstruction>::match(const llvm::VPRecipeBase*) const::<lambda(auto:39, unsigned int)>; long unsigned int ...Is = {}; Ops_t = std::tuple<>; unsigned int Opcode = 79; bool Commutative = false; RecipeTys = {llvm::VPInstruction}; std::index_sequence<Idx ...> = std::integer_sequence<long unsigned int>]’:
/home/jtuyls/iree-ai/llvm-aie-port/llvm/lib/Transforms/Vectorize/VPlanPatternMatch.h:277:33:   required from ‘bool llvm::VPlanPatternMatch::Recipe_match<Ops_t, Opcode, Commutative, RecipeTys>::match(const llvm::VPRecipeBase*) const [with Ops_t = std::tuple<>; unsigned int Opcode = 79; bool Commutative = false; RecipeTys = {llvm::VPInstruction}]’
/home/jtuyls/iree-ai/llvm-aie-port/llvm/lib/Transforms/Vectorize/VPlanPatternMatch.h:26:17:   required from ‘bool llvm::VPlanPatternMatch::match(Val*, const Pattern&) [with Val = llvm::VPRecipeBase; Pattern = Recipe_match<std::tuple<>, 79, false, llvm::VPInstruction>]’
/home/jtuyls/iree-ai/llvm-aie-port/llvm/lib/Transforms/Vectorize/VPlanTransforms.cpp:2269:12:   required from here
/home/jtuyls/iree-ai/llvm-aie-port/llvm/lib/Transforms/Vectorize/VPlanPatternMatch.h:298:61: warning: parameter ‘P’ set but not used [-Wunused-but-set-parameter]
/home/jtuyls/iree-ai/llvm-aie-port/llvm/lib/Transforms/Vectorize/VPlanPatternMatch.h: In instantiation of ‘bool llvm::VPlanPatternMatch::Recipe_match<Ops_t, Opcode, Commutative, RecipeTys>::all_of_tuple_elements(std::index_sequence<Idx ...>, Fn) const [with Fn = llvm::VPlanPatternMatch::Recipe_match<std::tuple<>, 76, false, llvm::VPInstruction>::match(const llvm::VPRecipeBase*) const::<lambda(auto:38, unsigned int)>; long unsigned int ...Is = {}; Ops_t = std::tuple<>; unsigned int Opcode = 76; bool Commutative = false; RecipeTys = {llvm::VPInstruction}; std::index_sequence<Idx ...> = std::integer_sequence<long unsigned int>]’:
/home/jtuyls/iree-ai/llvm-aie-port/llvm/lib/Transforms/Vectorize/VPlanPatternMatch.h:271:30:   required from ‘bool llvm::VPlanPatternMatch::Recipe_match<Ops_t, Opcode, Commutative, RecipeTys>::match(const llvm::VPRecipeBase*) const [with Ops_t = std::tuple<>; unsigned int Opcode = 76; bool Commutative = false; RecipeTys = {llvm::VPInstruction}]’
/home/jtuyls/iree-ai/llvm-aie-port/llvm/lib/Transforms/Vectorize/VPlanPatternMatch.h:26:17:   required from ‘bool llvm::VPlanPatternMatch::match(Val*, const Pattern&) [with Val = llvm::VPRecipeBase; Pattern = Recipe_match<std::tuple<>, 76, false, llvm::VPInstruction>]’
/home/jtuyls/iree-ai/llvm-aie-port/llvm/lib/Transforms/Vectorize/VPlanTransforms.cpp:3993:16:   required from here
/home/jtuyls/iree-ai/llvm-aie-port/llvm/lib/Transforms/Vectorize/VPlanPatternMatch.h:298:61: warning: parameter ‘P’ set but not used [-Wunused-but-set-parameter]
/home/jtuyls/iree-ai/llvm-aie-port/llvm/lib/Transforms/Vectorize/VPlanPatternMatch.h: In instantiation of ‘bool llvm::VPlanPatternMatch::Recipe_match<Ops_t, Opcode, Commutative, RecipeTys>::all_of_tuple_elements(std::index_sequence<Idx ...>, Fn) const [with Fn = llvm::VPlanPatternMatch::Recipe_match<std::tuple<>, 76, false, llvm::VPInstruction>::match(const llvm::VPRecipeBase*) const::<lambda(auto:39, unsigned int)>; long unsigned int ...Is = {}; Ops_t = std::tuple<>; unsigned int Opcode = 76; bool Commutative = false; RecipeTys = {llvm::VPInstruction}; std::index_sequence<Idx ...> = std::integer_sequence<long unsigned int>]’:
/home/jtuyls/iree-ai/llvm-aie-port/llvm/lib/Transforms/Vectorize/VPlanPatternMatch.h:277:33:   required from ‘bool llvm::VPlanPatternMatch::Recipe_match<Ops_t, Opcode, Commutative, RecipeTys>::match(const llvm::VPRecipeBase*) const [with Ops_t = std::tuple<>; unsigned int Opcode = 76; bool Commutative = false; RecipeTys = {llvm::VPInstruction}]’
/home/jtuyls/iree-ai/llvm-aie-port/llvm/lib/Transforms/Vectorize/VPlanPatternMatch.h:26:17:   required from ‘bool llvm::VPlanPatternMatch::match(Val*, const Pattern&) [with Val = llvm::VPRecipeBase; Pattern = Recipe_match<std::tuple<>, 76, false, llvm::VPInstruction>]’
/home/jtuyls/iree-ai/llvm-aie-port/llvm/lib/Transforms/Vectorize/VPlanTransforms.cpp:3993:16:   required from here
/home/jtuyls/iree-ai/llvm-aie-port/llvm/lib/Transforms/Vectorize/VPlanPatternMatch.h:298:61: warning: parameter ‘P’ set but not used [-Wunused-but-set-parameter]
/home/jtuyls/iree-ai/llvm-aie-port/llvm/lib/Transforms/Vectorize/VPlanPatternMatch.h: In instantiation of ‘bool llvm::VPlanPatternMatch::Recipe_match<Ops_t, Opcode, Commutative, RecipeTys>::all_of_tuple_elements(std::index_sequence<Idx ...>, Fn) const [with Fn = llvm::VPlanPatternMatch::Recipe_match<std::tuple<>, 77, false, llvm::VPInstruction>::match(const llvm::VPRecipeBase*) const::<lambda(auto:38, unsigned int)>; long unsigned int ...Is = {}; Ops_t = std::tuple<>; unsigned int Opcode = 77; bool Commutative = false; RecipeTys = {llvm::VPInstruction}; std::index_sequence<Idx ...> = std::integer_sequence<long unsigned int>]’:
/home/jtuyls/iree-ai/llvm-aie-port/llvm/lib/Transforms/Vectorize/VPlanPatternMatch.h:271:30:   required from ‘bool llvm::VPlanPatternMatch::Recipe_match<Ops_t, Opcode, Commutative, RecipeTys>::match(const llvm::VPRecipeBase*) const [with Ops_t = std::tuple<>; unsigned int Opcode = 77; bool Commutative = false; RecipeTys = {llvm::VPInstruction}]’
/home/jtuyls/iree-ai/llvm-aie-port/llvm/lib/Transforms/Vectorize/VPlanPatternMatch.h:26:17:   required from ‘bool llvm::VPlanPatternMatch::match(Val*, const Pattern&) [with Val = llvm::VPRecipeBase; Pattern = Recipe_match<std::tuple<>, 77, false, llvm::VPInstruction>]’
/home/jtuyls/iree-ai/llvm-aie-port/llvm/lib/Transforms/Vectorize/VPlanTransforms.cpp:5305:13:   required from here
/home/jtuyls/iree-ai/llvm-aie-port/llvm/lib/Transforms/Vectorize/VPlanPatternMatch.h:298:61: warning: parameter ‘P’ set but not used [-Wunused-but-set-parameter]
/home/jtuyls/iree-ai/llvm-aie-port/llvm/lib/Transforms/Vectorize/VPlanPatternMatch.h: In instantiation of ‘bool llvm::VPlanPatternMatch::Recipe_match<Ops_t, Opcode, Commutative, RecipeTys>::all_of_tuple_elements(std::index_sequence<Idx ...>, Fn) const [with Fn = llvm::VPlanPatternMatch::Recipe_match<std::tuple<>, 77, false, llvm::VPInstruction>::match(const llvm::VPRecipeBase*) const::<lambda(auto:39, unsigned int)>; long unsigned int ...Is = {}; Ops_t = std::tuple<>; unsigned int Opcode = 77; bool Commutative = false; RecipeTys = {llvm::VPInstruction}; std::index_sequence<Idx ...> = std::integer_sequence<long unsigned int>]’:
/home/jtuyls/iree-ai/llvm-aie-port/llvm/lib/Transforms/Vectorize/VPlanPatternMatch.h:277:33:   required from ‘bool llvm::VPlanPatternMatch::Recipe_match<Ops_t, Opcode, Commutative, RecipeTys>::match(const llvm::VPRecipeBase*) const [with Ops_t = std::tuple<>; unsigned int Opcode = 77; bool Commutative = false; RecipeTys = {llvm::VPInstruction}]’
/home/jtuyls/iree-ai/llvm-aie-port/llvm/lib/Transforms/Vectorize/VPlanPatternMatch.h:26:17:   required from ‘bool llvm::VPlanPatternMatch::match(Val*, const Pattern&) [with Val = llvm::VPRecipeBase; Pattern = Recipe_match<std::tuple<>, 77, false, llvm::VPInstruction>]’
/home/jtuyls/iree-ai/llvm-aie-port/llvm/lib/Transforms/Vectorize/VPlanTransforms.cpp:5305:13:   required from here
/home/jtuyls/iree-ai/llvm-aie-port/llvm/lib/Transforms/Vectorize/VPlanPatternMatch.h:298:61: warning: parameter ‘P’ set but not used [-Wunused-but-set-parameter]
/home/jtuyls/iree-ai/llvm-aie-port/llvm/lib/Transforms/Vectorize/VPlanPatternMatch.h: In instantiation of ‘bool llvm::VPlanPatternMatch::Recipe_match<Ops_t, Opcode, Commutative, RecipeTys>::all_of_tuple_elements(std::index_sequence<Idx ...>, Fn) const [with Fn = llvm::VPlanPatternMatch::Recipe_match<std::tuple<>, 84, false, llvm::VPInstruction>::match(const llvm::VPRecipeBase*) const::<lambda(auto:38, unsigned int)>; long unsigned int ...Is = {}; Ops_t = std::tuple<>; unsigned int Opcode = 84; bool Commutative = false; RecipeTys = {llvm::VPInstruction}; std::index_sequence<Idx ...> = std::integer_sequence<long unsigned int>]’:
/home/jtuyls/iree-ai/llvm-aie-port/llvm/lib/Transforms/Vectorize/VPlanPatternMatch.h:271:30:   required from ‘bool llvm::VPlanPatternMatch::Recipe_match<Ops_t, Opcode, Commutative, RecipeTys>::match(const llvm::VPRecipeBase*) const [with Ops_t = std::tuple<>; unsigned int Opcode = 84; bool Commutative = false; RecipeTys = {llvm::VPInstruction}]’
/home/jtuyls/iree-ai/llvm-aie-port/llvm/lib/Transforms/Vectorize/VPlanPatternMatch.h:26:17:   required from ‘bool llvm::VPlanPatternMatch::match(Val*, const Pattern&) [with Val = llvm::VPRecipeBase; Pattern = Recipe_match<std::tuple<>, 84, false, llvm::VPInstruction>]’
/home/jtuyls/iree-ai/llvm-aie-port/llvm/lib/Transforms/Vectorize/VPlanPatternMatch.h:37:20:   required from ‘bool llvm::VPlanPatternMatch::match(llvm::VPUser*, const Pattern&) [with Pattern = Recipe_match<std::tuple<>, 84, false, llvm::VPInstruction>]’
/home/jtuyls/iree-ai/llvm-aie-port/llvm/lib/Transforms/Vectorize/VPlanPatternMatch.h:42:35:   required from ‘auto llvm::VPlanPatternMatch::match_fn(const Pattern&) [with Pattern = Recipe_match<std::tuple<>, 84, false, llvm::VPInstruction>]’
/home/jtuyls/iree-ai/llvm-aie-port/llvm/lib/Transforms/Vectorize/VPlanTransforms.cpp:5768:17:   required from here
/home/jtuyls/iree-ai/llvm-aie-port/llvm/lib/Transforms/Vectorize/VPlanPatternMatch.h:298:61: warning: parameter ‘P’ set but not used [-Wunused-but-set-parameter]
/home/jtuyls/iree-ai/llvm-aie-port/llvm/lib/Transforms/Vectorize/VPlanPatternMatch.h: In instantiation of ‘bool llvm::VPlanPatternMatch::Recipe_match<Ops_t, Opcode, Commutative, RecipeTys>::all_of_tuple_elements(std::index_sequence<Idx ...>, Fn) const [with Fn = llvm::VPlanPatternMatch::Recipe_match<std::tuple<>, 84, false, llvm::VPInstruction>::match(const llvm::VPRecipeBase*) const::<lambda(auto:39, unsigned int)>; long unsigned int ...Is = {}; Ops_t = std::tuple<>; unsigned int Opcode = 84; bool Commutative = false; RecipeTys = {llvm::VPInstruction}; std::index_sequence<Idx ...> = std::integer_sequence<long unsigned int>]’:
/home/jtuyls/iree-ai/llvm-aie-port/llvm/lib/Transforms/Vectorize/VPlanPatternMatch.h:277:33:   required from ‘bool llvm::VPlanPatternMatch::Recipe_match<Ops_t, Opcode, Commutative, RecipeTys>::match(const llvm::VPRecipeBase*) const [with Ops_t = std::tuple<>; unsigned int Opcode = 84; bool Commutative = false; RecipeTys = {llvm::VPInstruction}]’
/home/jtuyls/iree-ai/llvm-aie-port/llvm/lib/Transforms/Vectorize/VPlanPatternMatch.h:26:17:   required from ‘bool llvm::VPlanPatternMatch::match(Val*, const Pattern&) [with Val = llvm::VPRecipeBase; Pattern = Recipe_match<std::tuple<>, 84, false, llvm::VPInstruction>]’
/home/jtuyls/iree-ai/llvm-aie-port/llvm/lib/Transforms/Vectorize/VPlanPatternMatch.h:37:20:   required from ‘bool llvm::VPlanPatternMatch::match(llvm::VPUser*, const Pattern&) [with Pattern = Recipe_match<std::tuple<>, 84, false, llvm::VPInstruction>]’
/home/jtuyls/iree-ai/llvm-aie-port/llvm/lib/Transforms/Vectorize/VPlanPatternMatch.h:42:35:   required from ‘auto llvm::VPlanPatternMatch::match_fn(const Pattern&) [with Pattern = Recipe_match<std::tuple<>, 84, false, llvm::VPInstruction>]’
/home/jtuyls/iree-ai/llvm-aie-port/llvm/lib/Transforms/Vectorize/VPlanTransforms.cpp:5768:17:   required from here
/home/jtuyls/iree-ai/llvm-aie-port/llvm/lib/Transforms/Vectorize/VPlanPatternMatch.h:298:61: warning: parameter ‘P’ set but not used [-Wunused-but-set-parameter]
/home/jtuyls/iree-ai/llvm-aie-port/llvm/lib/Transforms/Vectorize/VPlanPatternMatch.h: In instantiation of ‘bool llvm::VPlanPatternMatch::Recipe_match<Ops_t, Opcode, Commutative, RecipeTys>::all_of_tuple_elements(std::index_sequence<Idx ...>, Fn) const [with Fn = llvm::VPlanPatternMatch::Recipe_match<std::tuple<>, 71, false, llvm::VPInstruction>::match(const llvm::VPRecipeBase*) const::<lambda(auto:38, unsigned int)>; long unsigned int ...Is = {}; Ops_t = std::tuple<>; unsigned int Opcode = 71; bool Commutative = false; RecipeTys = {llvm::VPInstruction}; std::index_sequence<Idx ...> = std::integer_sequence<long unsigned int>]’:
/home/jtuyls/iree-ai/llvm-aie-port/llvm/lib/Transforms/Vectorize/VPlanPatternMatch.h:271:30:   required from ‘bool llvm::VPlanPatternMatch::Recipe_match<Ops_t, Opcode, Commutative, RecipeTys>::match(const llvm::VPRecipeBase*) const [with Ops_t = std::tuple<>; unsigned int Opcode = 71; bool Commutative = false; RecipeTys = {llvm::VPInstruction}]’
/home/jtuyls/iree-ai/llvm-aie-port/llvm/lib/Transforms/Vectorize/VPlanPatternMatch.h:26:17:   required from ‘bool llvm::VPlanPatternMatch::match(Val*, const Pattern&) [with Val = llvm::VPRecipeBase; Pattern = Recipe_match<std::tuple<>, 71, false, llvm::VPInstruction>]’
/home/jtuyls/iree-ai/llvm-aie-port/llvm/lib/Transforms/Vectorize/VPlanPatternMatch.h:37:20:   required from ‘bool llvm::VPlanPatternMatch::match(llvm::VPUser*, const Pattern&) [with Pattern = Recipe_match<std::tuple<>, 71, false, llvm::VPInstruction>]’
/home/jtuyls/iree-ai/llvm-aie-port/llvm/lib/Transforms/Vectorize/VPlanPatternMatch.h:42:35:   required from ‘auto llvm::VPlanPatternMatch::match_fn(const Pattern&) [with Pattern = Recipe_match<std::tuple<>, 71, false, llvm::VPInstruction>]’
/home/jtuyls/iree-ai/llvm-aie-port/llvm/lib/Transforms/Vectorize/VPlanUtils.h:138:41:   required from ‘llvm::VPRecipeBase* llvm::vputils::findUserOf(llvm::VPValue*, const MatchT&) [with MatchT = llvm::VPlanPatternMatch::Recipe_match<std::tuple<>, 71, false, llvm::VPInstruction>]’
/home/jtuyls/iree-ai/llvm-aie-port/llvm/lib/Transforms/Vectorize/VPlanUtils.h:146:48:   required from ‘llvm::VPInstruction* llvm::vputils::findUserOf(llvm::VPValue*) [with unsigned int Opcode = 71]’
/home/jtuyls/iree-ai/llvm-aie-port/llvm/lib/Transforms/Vectorize/VPlanTransforms.cpp:5512:71:   required from here
/home/jtuyls/iree-ai/llvm-aie-port/llvm/lib/Transforms/Vectorize/VPlanPatternMatch.h:298:61: warning: parameter ‘P’ set but not used [-Wunused-but-set-parameter]
/home/jtuyls/iree-ai/llvm-aie-port/llvm/lib/Transforms/Vectorize/VPlanPatternMatch.h: In instantiation of ‘bool llvm::VPlanPatternMatch::Recipe_match<Ops_t, Opcode, Commutative, RecipeTys>::all_of_tuple_elements(std::index_sequence<Idx ...>, Fn) const [with Fn = llvm::VPlanPatternMatch::Recipe_match<std::tuple<>, 71, false, llvm::VPInstruction>::match(const llvm::VPRecipeBase*) const::<lambda(auto:39, unsigned int)>; long unsigned int ...Is = {}; Ops_t = std::tuple<>; unsigned int Opcode = 71; bool Commutative = false; RecipeTys = {llvm::VPInstruction}; std::index_sequence<Idx ...> = std::integer_sequence<long unsigned int>]’:
/home/jtuyls/iree-ai/llvm-aie-port/llvm/lib/Transforms/Vectorize/VPlanPatternMatch.h:277:33:   required from ‘bool llvm::VPlanPatternMatch::Recipe_match<Ops_t, Opcode, Commutative, RecipeTys>::match(const llvm::VPRecipeBase*) const [with Ops_t = std::tuple<>; unsigned int Opcode = 71; bool Commutative = false; RecipeTys = {llvm::VPInstruction}]’
/home/jtuyls/iree-ai/llvm-aie-port/llvm/lib/Transforms/Vectorize/VPlanPatternMatch.h:26:17:   required from ‘bool llvm::VPlanPatternMatch::match(Val*, const Pattern&) [with Val = llvm::VPRecipeBase; Pattern = Recipe_match<std::tuple<>, 71, false, llvm::VPInstruction>]’
/home/jtuyls/iree-ai/llvm-aie-port/llvm/lib/Transforms/Vectorize/VPlanPatternMatch.h:37:20:   required from ‘bool llvm::VPlanPatternMatch::match(llvm::VPUser*, const Pattern&) [with Pattern = Recipe_match<std::tuple<>, 71, false, llvm::VPInstruction>]’
/home/jtuyls/iree-ai/llvm-aie-port/llvm/lib/Transforms/Vectorize/VPlanPatternMatch.h:42:35:   required from ‘auto llvm::VPlanPatternMatch::match_fn(const Pattern&) [with Pattern = Recipe_match<std::tuple<>, 71, false, llvm::VPInstruction>]’
/home/jtuyls/iree-ai/llvm-aie-port/llvm/lib/Transforms/Vectorize/VPlanUtils.h:138:41:   required from ‘llvm::VPRecipeBase* llvm::vputils::findUserOf(llvm::VPValue*, const MatchT&) [with MatchT = llvm::VPlanPatternMatch::Recipe_match<std::tuple<>, 71, false, llvm::VPInstruction>]’
/home/jtuyls/iree-ai/llvm-aie-port/llvm/lib/Transforms/Vectorize/VPlanUtils.h:146:48:   required from ‘llvm::VPInstruction* llvm::vputils::findUserOf(llvm::VPValue*) [with unsigned int Opcode = 71]’
/home/jtuyls/iree-ai/llvm-aie-port/llvm/lib/Transforms/Vectorize/VPlanTransforms.cpp:5512:71:   required from here
/home/jtuyls/iree-ai/llvm-aie-port/llvm/lib/Transforms/Vectorize/VPlanPatternMatch.h:298:61: warning: parameter ‘P’ set but not used [-Wunused-but-set-parameter]
/home/jtuyls/iree-ai/llvm-aie-port/llvm/lib/Transforms/Vectorize/VPlanPatternMatch.h: In instantiation of ‘bool llvm::VPlanPatternMatch::Recipe_match<Ops_t, Opcode, Commutative, RecipeTys>::all_of_tuple_elements(std::index_sequence<Idx ...>, Fn) const [with Fn = llvm::VPlanPatternMatch::Recipe_match<std::tuple<>, 98, false, llvm::VPInstruction>::match(const llvm::VPRecipeBase*) const::<lambda(auto:38, unsigned int)>; long unsigned int ...Is = {}; Ops_t = std::tuple<>; unsigned int Opcode = 98; bool Commutative = false; RecipeTys = {llvm::VPInstruction}; std::index_sequence<Idx ...> = std::integer_sequence<long unsigned int>]’:
/home/jtuyls/iree-ai/llvm-aie-port/llvm/lib/Transforms/Vectorize/VPlanPatternMatch.h:271:30:   required from ‘bool llvm::VPlanPatternMatch::Recipe_match<Ops_t, Opcode, Commutative, RecipeTys>::match(const llvm::VPRecipeBase*) const [with Ops_t = std::tuple<>; unsigned int Opcode = 98; bool Commutative = false; RecipeTys = {llvm::VPInstruction}]’
/home/jtuyls/iree-ai/llvm-aie-port/llvm/lib/Transforms/Vectorize/VPlanPatternMatch.h:233:25:   required from ‘bool llvm::VPlanPatternMatch::Recipe_match<Ops_t, Opcode, Commutative, RecipeTys>::match(const llvm::VPValue*) const [with Ops_t = std::tuple<>; unsigned int Opcode = 98; bool Commutative = false; RecipeTys = {llvm::VPInstruction}]’
/home/jtuyls/iree-ai/llvm-aie-port/llvm/lib/Transforms/Vectorize/VPlanPatternMatch.h:272:45:   required from ‘llvm::VPlanPatternMatch::Recipe_match<std::tuple<llvm::VPlanPatternMatch::Recipe_match<std::tuple<>, 98, false, llvm::VPInstruction>, llvm::PatternMatchHelpers::match_bind<llvm::VPValue> >, 55, false, llvm::VPWidenRecipe, llvm::VPReplicateRecipe, llvm::VPWidenCastRecipe, llvm::VPInstruction>::match(const llvm::VPRecipeBase*) const::<lambda(auto:38, unsigned int)> [with auto:38 = llvm::VPlanPatternMatch::Recipe_match<std::tuple<>, 98, false, llvm::VPInstruction>]’
/home/jtuyls/iree-ai/llvm-aie-port/llvm/lib/Transforms/Vectorize/VPlanPatternMatch.h:299:14:   required from ‘bool llvm::VPlanPatternMatch::Recipe_match<Ops_t, Opcode, Commutative, RecipeTys>::all_of_tuple_elements(std::index_sequence<Idx ...>, Fn) const [with Fn = llvm::VPlanPatternMatch::Recipe_match<std::tuple<llvm::VPlanPatternMatch::Recipe_match<std::tuple<>, 98, false, llvm::VPInstruction>, llvm::PatternMatchHelpers::match_bind<llvm::VPValue> >, 55, false, llvm::VPWidenRecipe, llvm::VPReplicateRecipe, llvm::VPWidenCastRecipe, llvm::VPInstruction>::match(const llvm::VPRecipeBase*) const::<lambda(auto:38, unsigned int)>; long unsigned int ...Is = {0, 1}; Ops_t = std::tuple<llvm::VPlanPatternMatch::Recipe_match<std::tuple<>, 98, false, llvm::VPInstruction>, llvm::PatternMatchHelpers::match_bind<llvm::VPValue> >; unsigned int Opcode = 55; bool Commutative = false; RecipeTys = {llvm::VPWidenRecipe, llvm::VPReplicateRecipe, llvm::VPWidenCastRecipe, llvm::VPInstruction}; std::index_sequence<Idx ...> = std::integer_sequence<long unsigned int, 0, 1>]’
/home/jtuyls/iree-ai/llvm-aie-port/llvm/lib/Transforms/Vectorize/VPlanPatternMatch.h:271:30:   required from ‘bool llvm::VPlanPatternMatch::Recipe_match<Ops_t, Opcode, Commutative, RecipeTys>::match(const llvm::VPRecipeBase*) const [with Ops_t = std::tuple<llvm::VPlanPatternMatch::Recipe_match<std::tuple<>, 98, false, llvm::VPInstruction>, llvm::PatternMatchHelpers::match_bind<llvm::VPValue> >; unsigned int Opcode = 55; bool Commutative = false; RecipeTys = {llvm::VPWidenRecipe, llvm::VPReplicateRecipe, llvm::VPWidenCastRecipe, llvm::VPInstruction}]’
/home/jtuyls/iree-ai/llvm-aie-port/llvm/lib/Transforms/Vectorize/VPlanPatternMatch.h:675:43:   required from ‘bool llvm::VPlanPatternMatch::Cmp_match<Op0_t, Op1_t, Opcodes>::match(const llvm::VPRecipeBase*) const [with Op0_t = llvm::VPlanPatternMatch::Recipe_match<std::tuple<>, 98, false, llvm::VPInstruction>; Op1_t = llvm::PatternMatchHelpers::match_bind<llvm::VPValue>; unsigned int ...Opcodes = {55}]’
/home/jtuyls/iree-ai/llvm-aie-port/llvm/lib/Transforms/Vectorize/VPlanPatternMatch.h:703:22:   required from ‘bool llvm::VPlanPatternMatch::SpecificCmp_match<Op0_t, Op1_t, Opcodes>::match(const llvm::VPRecipeBase*) const [with Op0_t = llvm::VPlanPatternMatch::Recipe_match<std::tuple<>, 98, false, llvm::VPInstruction>; Op1_t = llvm::PatternMatchHelpers::match_bind<llvm::VPValue>; unsigned int ...Opcodes = {55}]’
/home/jtuyls/iree-ai/llvm-aie-port/llvm/lib/Transforms/Vectorize/VPlanPatternMatch.h:26:17:   required from ‘bool llvm::VPlanPatternMatch::match(Val*, const Pattern&) [with Val = llvm::VPRecipeBase; Pattern = SpecificCmp_match<Recipe_match<std::tuple<>, 98, false, llvm::VPInstruction>, llvm::PatternMatchHelpers::match_bind<llvm::VPValue>, 55>]’
/home/jtuyls/iree-ai/llvm-aie-port/llvm/lib/Transforms/Vectorize/VPlanTransforms.cpp:3001:14:   required from here
/home/jtuyls/iree-ai/llvm-aie-port/llvm/lib/Transforms/Vectorize/VPlanPatternMatch.h:298:61: warning: parameter ‘P’ set but not used [-Wunused-but-set-parameter]
/home/jtuyls/iree-ai/llvm-aie-port/llvm/lib/Transforms/Vectorize/VPlanPatternMatch.h: In instantiation of ‘bool llvm::VPlanPatternMatch::Recipe_match<Ops_t, Opcode, Commutative, RecipeTys>::all_of_tuple_elements(std::index_sequence<Idx ...>, Fn) const [with Fn = llvm::VPlanPatternMatch::Recipe_match<std::tuple<>, 98, false, llvm::VPInstruction>::match(const llvm::VPRecipeBase*) const::<lambda(auto:39, unsigned int)>; long unsigned int ...Is = {}; Ops_t = std::tuple<>; unsigned int Opcode = 98; bool Commutative = false; RecipeTys = {llvm::VPInstruction}; std::index_sequence<Idx ...> = std::integer_sequence<long unsigned int>]’:
/home/jtuyls/iree-ai/llvm-aie-port/llvm/lib/Transforms/Vectorize/VPlanPatternMatch.h:277:33:   required from ‘bool llvm::VPlanPatternMatch::Recipe_match<Ops_t, Opcode, Commutative, RecipeTys>::match(const llvm::VPRecipeBase*) const [with Ops_t = std::tuple<>; unsigned int Opcode = 98; bool Commutative = false; RecipeTys = {llvm::VPInstruction}]’
/home/jtuyls/iree-ai/llvm-aie-port/llvm/lib/Transforms/Vectorize/VPlanPatternMatch.h:233:25:   required from ‘bool llvm::VPlanPatternMatch::Recipe_match<Ops_t, Opcode, Commutative, RecipeTys>::match(const llvm::VPValue*) const [with Ops_t = std::tuple<>; unsigned int Opcode = 98; bool Commutative = false; RecipeTys = {llvm::VPInstruction}]’
/home/jtuyls/iree-ai/llvm-aie-port/llvm/lib/Transforms/Vectorize/VPlanPatternMatch.h:272:45:   required from ‘llvm::VPlanPatternMatch::Recipe_match<std::tuple<llvm::VPlanPatternMatch::Recipe_match<std::tuple<>, 98, false, llvm::VPInstruction>, llvm::PatternMatchHelpers::match_bind<llvm::VPValue> >, 55, false, llvm::VPWidenRecipe, llvm::VPReplicateRecipe, llvm::VPWidenCastRecipe, llvm::VPInstruction>::match(const llvm::VPRecipeBase*) const::<lambda(auto:38, unsigned int)> [with auto:38 = llvm::VPlanPatternMatch::Recipe_match<std::tuple<>, 98, false, llvm::VPInstruction>]’
/home/jtuyls/iree-ai/llvm-aie-port/llvm/lib/Transforms/Vectorize/VPlanPatternMatch.h:299:14:   required from ‘bool llvm::VPlanPatternMatch::Recipe_match<Ops_t, Opcode, Commutative, RecipeTys>::all_of_tuple_elements(std::index_sequence<Idx ...>, Fn) const [with Fn = llvm::VPlanPatternMatch::Recipe_match<std::tuple<llvm::VPlanPatternMatch::Recipe_match<std::tuple<>, 98, false, llvm::VPInstruction>, llvm::PatternMatchHelpers::match_bind<llvm::VPValue> >, 55, false, llvm::VPWidenRecipe, llvm::VPReplicateRecipe, llvm::VPWidenCastRecipe, llvm::VPInstruction>::match(const llvm::VPRecipeBase*) const::<lambda(auto:38, unsigned int)>; long unsigned int ...Is = {0, 1}; Ops_t = std::tuple<llvm::VPlanPatternMatch::Recipe_match<std::tuple<>, 98, false, llvm::VPInstruction>, llvm::PatternMatchHelpers::match_bind<llvm::VPValue> >; unsigned int Opcode = 55; bool Commutative = false; RecipeTys = {llvm::VPWidenRecipe, llvm::VPReplicateRecipe, llvm::VPWidenCastRecipe, llvm::VPInstruction}; std::index_sequence<Idx ...> = std::integer_sequence<long unsigned int, 0, 1>]’
/home/jtuyls/iree-ai/llvm-aie-port/llvm/lib/Transforms/Vectorize/VPlanPatternMatch.h:271:30:   required from ‘bool llvm::VPlanPatternMatch::Recipe_match<Ops_t, Opcode, Commutative, RecipeTys>::match(const llvm::VPRecipeBase*) const [with Ops_t = std::tuple<llvm::VPlanPatternMatch::Recipe_match<std::tuple<>, 98, false, llvm::VPInstruction>, llvm::PatternMatchHelpers::match_bind<llvm::VPValue> >; unsigned int Opcode = 55; bool Commutative = false; RecipeTys = {llvm::VPWidenRecipe, llvm::VPReplicateRecipe, llvm::VPWidenCastRecipe, llvm::VPInstruction}]’
/home/jtuyls/iree-ai/llvm-aie-port/llvm/lib/Transforms/Vectorize/VPlanPatternMatch.h:675:43:   required from ‘bool llvm::VPlanPatternMatch::Cmp_match<Op0_t, Op1_t, Opcodes>::match(const llvm::VPRecipeBase*) const [with Op0_t = llvm::VPlanPatternMatch::Recipe_match<std::tuple<>, 98, false, llvm::VPInstruction>; Op1_t = llvm::PatternMatchHelpers::match_bind<llvm::VPValue>; unsigned int ...Opcodes = {55}]’
/home/jtuyls/iree-ai/llvm-aie-port/llvm/lib/Transforms/Vectorize/VPlanPatternMatch.h:703:22:   required from ‘bool llvm::VPlanPatternMatch::SpecificCmp_match<Op0_t, Op1_t, Opcodes>::match(const llvm::VPRecipeBase*) const [with Op0_t = llvm::VPlanPatternMatch::Recipe_match<std::tuple<>, 98, false, llvm::VPInstruction>; Op1_t = llvm::PatternMatchHelpers::match_bind<llvm::VPValue>; unsigned int ...Opcodes = {55}]’
/home/jtuyls/iree-ai/llvm-aie-port/llvm/lib/Transforms/Vectorize/VPlanPatternMatch.h:26:17:   required from ‘bool llvm::VPlanPatternMatch::match(Val*, const Pattern&) [with Val = llvm::VPRecipeBase; Pattern = SpecificCmp_match<Recipe_match<std::tuple<>, 98, false, llvm::VPInstruction>, llvm::PatternMatchHelpers::match_bind<llvm::VPValue>, 55>]’
/home/jtuyls/iree-ai/llvm-aie-port/llvm/lib/Transforms/Vectorize/VPlanTransforms.cpp:3001:14:   required from here
/home/jtuyls/iree-ai/llvm-aie-port/llvm/lib/Transforms/Vectorize/VPlanPatternMatch.h:298:61: warning: parameter ‘P’ set but not used [-Wunused-but-set-parameter]
[473/552] Building CXX object lib/Target/AIE/CMakeFiles/LLVMAIECodeGen.dir/AIEPreLegalizerCombiner.cpp.o
[474/552] Building CXX object lib/Target/AIE/CMakeFiles/LLVMAIECodeGen.dir/AIEOutlineMemoryGEP.cpp.o
[475/552] Building CXX object lib/Target/AIE/CMakeFiles/LLVMAIECodeGen.dir/AIEPostLegalizerFinalCombiner.cpp.o
[476/552] Building CXX object lib/Target/AIE/CMakeFiles/LLVMAIECodeGen.dir/AIE2Subtarget.cpp.o
[477/552] Building CXX object lib/Target/AIE/CMakeFiles/LLVMAIECodeGen.dir/AIE2InstrInfo.cpp.o
[478/552] Building CXX object lib/Target/AIE/CMakeFiles/LLVMAIECodeGen.dir/AIE2RegisterInfo.cpp.o
[479/552] Building CXX object lib/Analysis/CMakeFiles/LLVMAnalysis.dir/ScalarEvolution.cpp.o
[480/552] Building CXX object lib/Target/AIE/CMakeFiles/LLVMAIECodeGen.dir/aie1/AIE1DelaySlotFiller.cpp.o
In file included from /home/jtuyls/iree-ai/llvm-aie-port/amd/aie/llvm/lib/Target/AIE/aie1/AIE1FrameLowering.h:18,
                 from /home/jtuyls/iree-ai/llvm-aie-port/amd/aie/llvm/lib/Target/AIE/aie1/AIE1Subtarget.h:19,
                 from /home/jtuyls/iree-ai/llvm-aie-port/amd/aie/llvm/lib/Target/AIE/aie1/AIE1TargetMachine.h:20,
                 from /home/jtuyls/iree-ai/llvm-aie-port/amd/aie/llvm/lib/Target/AIE/aie1/AIE1DelaySlotFiller.cpp:16:
/home/jtuyls/iree-ai/llvm-aie-port/amd/aie/llvm/lib/Target/AIE/AIEBaseFrameLowering.h:90:16: warning: ‘virtual void llvm::AIEBaseFrameLowering::adjustReg(llvm::MachineBasicBlock&, llvm::MachineBasicBlock::iterator, const llvm::DebugLoc&, unsigned int, int64_t, llvm::MachineInstr::MIFlag) const’ was hidden [-Woverloaded-virtual=]
   90 |   virtual void adjustReg(MachineBasicBlock &MBB,
      |                ^~~~~~~~~
/home/jtuyls/iree-ai/llvm-aie-port/amd/aie/llvm/lib/Target/AIE/aie1/AIE1FrameLowering.h:29:15: note:   by ‘static void llvm::AIEFrameLowering::adjustReg(const llvm::TargetInstrInfo*, llvm::MachineBasicBlock&, llvm::MachineBasicBlock::iterator, const llvm::DebugLoc&, unsigned int, int64_t, llvm::MachineInstr::MIFlag)’
   29 |   static void adjustReg(const TargetInstrInfo *TII, MachineBasicBlock &MBB,
      |               ^~~~~~~~~
[481/552] Building CXX object lib/Target/AIE/CMakeFiles/LLVMAIECodeGen.dir/AIEUnallocatedSuperRegRewriter.cpp.o
[482/552] Linking CXX static library lib/libLLVMAnalysis.a
[483/552] Linking CXX static library lib/libLLVMBitWriter.a
[484/552] Building CXX object lib/Target/AIE/CMakeFiles/LLVMAIECodeGen.dir/aie1/AIE1FrameLowering.cpp.o
In file included from /home/jtuyls/iree-ai/llvm-aie-port/amd/aie/llvm/lib/Target/AIE/aie1/AIE1FrameLowering.h:18,
                 from /home/jtuyls/iree-ai/llvm-aie-port/amd/aie/llvm/lib/Target/AIE/aie1/AIE1FrameLowering.cpp:15:
/home/jtuyls/iree-ai/llvm-aie-port/amd/aie/llvm/lib/Target/AIE/AIEBaseFrameLowering.h:90:16: warning: ‘virtual void llvm::AIEBaseFrameLowering::adjustReg(llvm::MachineBasicBlock&, llvm::MachineBasicBlock::iterator, const llvm::DebugLoc&, unsigned int, int64_t, llvm::MachineInstr::MIFlag) const’ was hidden [-Woverloaded-virtual=]
   90 |   virtual void adjustReg(MachineBasicBlock &MBB,
      |                ^~~~~~~~~
/home/jtuyls/iree-ai/llvm-aie-port/amd/aie/llvm/lib/Target/AIE/aie1/AIE1FrameLowering.h:29:15: note:   by ‘static void llvm::AIEFrameLowering::adjustReg(const llvm::TargetInstrInfo*, llvm::MachineBasicBlock&, llvm::MachineBasicBlock::iterator, const llvm::DebugLoc&, unsigned int, int64_t, llvm::MachineInstr::MIFlag)’
   29 |   static void adjustReg(const TargetInstrInfo *TII, MachineBasicBlock &MBB,
      |               ^~~~~~~~~
[485/552] Building CXX object lib/Target/AIE/CMakeFiles/LLVMAIECodeGen.dir/aie1/AIEHazardRecognizerPRAS.cpp.o
[486/552] Linking CXX static library lib/libLLVMTransformUtils.a
[487/552] Linking CXX static library lib/libLLVMTarget.a
[488/552] Linking CXX static library lib/libLLVMInstCombine.a
[489/552] Linking CXX static library lib/libLLVMObjCARCOpts.a
[490/552] Building CXX object lib/Target/AIE/CMakeFiles/LLVMAIECodeGen.dir/AIE2PostLegalizerCustomCombiner.cpp.o
[491/552] Building CXX object lib/Target/AIE/CMakeFiles/LLVMAIECodeGen.dir/aie1/AIE1InstrInfo.cpp.o
[492/552] Building CXX object lib/Target/AIE/CMakeFiles/LLVMAIECodeGen.dir/AIEWawRegRewriter.cpp.o
[493/552] Linking CXX static library lib/libLLVMScalarOpts.a
[494/552] Building CXX object lib/Target/AIE/CMakeFiles/LLVMAIECodeGen.dir/AIEOuterLoopPipeliner.cpp.o
/home/jtuyls/iree-ai/llvm-aie-port/amd/aie/llvm/lib/Target/AIE/AIEOuterLoopPipeliner.cpp:211:32: warning: ‘BranchInst’ is deprecated: Use UncondBrInst/CondBrInst/Instruction instead [-Wdeprecated-declarations]
  211 |   BranchInst *getLatchBranch() const {
      |                                ^~~~~
In file included from /home/jtuyls/iree-ai/llvm-aie-port/llvm/include/llvm/Analysis/LoopInfo.h:17,
                 from /home/jtuyls/iree-ai/llvm-aie-port/amd/aie/llvm/lib/Target/AIE/Utils/AIELoopUtils.h:17,
                 from /home/jtuyls/iree-ai/llvm-aie-port/amd/aie/llvm/lib/Target/AIE/AIEOuterLoopPipeliner.cpp:39:
/home/jtuyls/iree-ai/llvm-aie-port/llvm/include/llvm/IR/Instructions.h:3084:5: note: declared here
 3084 |     BranchInst : public Instruction {
      |     ^~~~~~~~~~
/home/jtuyls/iree-ai/llvm-aie-port/amd/aie/llvm/lib/Target/AIE/AIEOuterLoopPipeliner.cpp: In member function ‘llvm::BranchInst* {anonymous}::LoopStructure::getLatchBranch() const’:
/home/jtuyls/iree-ai/llvm-aie-port/amd/aie/llvm/lib/Target/AIE/AIEOuterLoopPipeliner.cpp:212:17: warning: ‘BranchInst’ is deprecated: Use UncondBrInst/CondBrInst/Instruction instead [-Wdeprecated-declarations]
  212 |     return cast<BranchInst>(OuterLatch->getTerminator());
      |                 ^~~~~~~~~~
/home/jtuyls/iree-ai/llvm-aie-port/llvm/include/llvm/IR/Instructions.h:3084:5: note: declared here
 3084 |     BranchInst : public Instruction {
      |     ^~~~~~~~~~
/home/jtuyls/iree-ai/llvm-aie-port/amd/aie/llvm/lib/Target/AIE/AIEOuterLoopPipeliner.cpp: In member function ‘bool {anonymous}::AIEOuterLoopPipeliner::isInnerLoopHardwareLoop(const {anonymous}::LoopStructure&) const’:
/home/jtuyls/iree-ai/llvm-aie-port/amd/aie/llvm/lib/Target/AIE/AIEOuterLoopPipeliner.cpp:499:23: warning: ‘BranchInst’ is deprecated: Use UncondBrInst/CondBrInst/Instruction instead [-Wdeprecated-declarations]
  499 |   auto *BI = dyn_cast<BranchInst>(LS.InnerLatch->getTerminator());
      |                       ^~~~~~~~~~
/home/jtuyls/iree-ai/llvm-aie-port/llvm/include/llvm/IR/Instructions.h:3084:5: note: declared here
 3084 |     BranchInst : public Instruction {
      |     ^~~~~~~~~~
/home/jtuyls/iree-ai/llvm-aie-port/amd/aie/llvm/lib/Target/AIE/AIEOuterLoopPipeliner.cpp:500:32: warning: ‘bool llvm::BranchInst::isConditional() const’ is deprecated: Use isa<CondBrInst> instead [-Wdeprecated-declarations]
  500 |   if (!BI || !BI->isConditional())
      |               ~~~~~~~~~~~~~~~~~^~
/home/jtuyls/iree-ai/llvm-aie-port/llvm/include/llvm/IR/Instructions.h:3313:13: note: declared here
 3313 | inline bool BranchInst::isConditional() const { return isa<CondBrInst>(this); }
      |             ^~~~~~~~~~
/home/jtuyls/iree-ai/llvm-aie-port/amd/aie/llvm/lib/Target/AIE/AIEOuterLoopPipeliner.cpp:502:51: warning: ‘llvm::Value* llvm::BranchInst::getCondition() const’ is deprecated: Cast to CondBrInst [-Wdeprecated-declarations]
  502 |   auto *Call = dyn_cast<CallInst>(BI->getCondition());
      |                                   ~~~~~~~~~~~~~~~~^~
/home/jtuyls/iree-ai/llvm-aie-port/llvm/include/llvm/IR/Instructions.h:3318:15: note: declared here
 3318 | inline Value *BranchInst::getCondition() const {
      |               ^~~~~~~~~~
/home/jtuyls/iree-ai/llvm-aie-port/amd/aie/llvm/lib/Target/AIE/AIEOuterLoopPipeliner.cpp: In member function ‘llvm::BasicBlock* {anonymous}::AIEOuterLoopPipeliner::clonePrologueAsWarmUp(const {anonymous}::LoopStructure&, const llvm::SmallVectorImpl<llvm::Instruction*>&, llvm::ValueToValueMapTy&)’:
/home/jtuyls/iree-ai/llvm-aie-port/amd/aie/llvm/lib/Target/AIE/AIEOuterLoopPipeliner.cpp:664:15: warning: ‘BranchInst’ is deprecated: Use UncondBrInst/CondBrInst/Instruction instead [-Wdeprecated-declarations]
  664 |   BranchInst::Create(LS.OuterHeader, WarmUp);
      |               ^~~~~~
/home/jtuyls/iree-ai/llvm-aie-port/llvm/include/llvm/IR/Instructions.h:3084:5: note: declared here
 3084 |     BranchInst : public Instruction {
      |     ^~~~~~~~~~
/home/jtuyls/iree-ai/llvm-aie-port/amd/aie/llvm/lib/Target/AIE/AIEOuterLoopPipeliner.cpp:664:21: warning: ‘static llvm::BranchInst* llvm::BranchInst::Create(llvm::BasicBlock*, llvm::InsertPosition)’ is deprecated: Use UncondBrInst::Create instead [-Wdeprecated-declarations]
  664 |   BranchInst::Create(LS.OuterHeader, WarmUp);
      |   ~~~~~~~~~~~~~~~~~~^~~~~~~~~~~~~~~~~~~~~~~~
/home/jtuyls/iree-ai/llvm-aie-port/llvm/include/llvm/IR/Instructions.h:3302:20: note: declared here
 3302 | inline BranchInst *BranchInst::Create(BasicBlock *IfTrue,
      |                    ^~~~~~~~~~
/home/jtuyls/iree-ai/llvm-aie-port/amd/aie/llvm/lib/Target/AIE/AIEOuterLoopPipeliner.cpp: In member function ‘void {anonymous}::AIEOuterLoopPipeliner::peelLastIterationEpilogue(const {anonymous}::LoopStructure&, const llvm::SmallPtrSetImpl<llvm::Instruction*>&, const llvm::SmallVectorImpl<llvm::Instruction*>&)’:
/home/jtuyls/iree-ai/llvm-aie-port/amd/aie/llvm/lib/Target/AIE/AIEOuterLoopPipeliner.cpp:782:15: warning: ‘BranchInst’ is deprecated: Use UncondBrInst/CondBrInst/Instruction instead [-Wdeprecated-declarations]
  782 |   BranchInst *LatchBr = LS.getLatchBranch();
      |               ^~~~~~~
/home/jtuyls/iree-ai/llvm-aie-port/llvm/include/llvm/IR/Instructions.h:3084:5: note: declared here
 3084 |     BranchInst : public Instruction {
      |     ^~~~~~~~~~
In file included from /usr/include/c++/13/cassert:44,
                 from /home/jtuyls/iree-ai/llvm-aie-port/llvm/include/llvm/Analysis/InlineCost.h:21,
                 from /home/jtuyls/iree-ai/llvm-aie-port/llvm/include/llvm/Transforms/Utils/Cloning.h:25,
                 from /home/jtuyls/iree-ai/llvm-aie-port/amd/aie/llvm/lib/Target/AIE/AIEOuterLoopPipeliner.cpp:58:
/home/jtuyls/iree-ai/llvm-aie-port/amd/aie/llvm/lib/Target/AIE/AIEOuterLoopPipeliner.cpp:783:32: warning: ‘bool llvm::BranchInst::isConditional() const’ is deprecated: Use isa<CondBrInst> instead [-Wdeprecated-declarations]
  783 |   assert(LatchBr->isConditional() && "Outer latch must be conditional");
      |          ~~~~~~~~~~~~~~~~~~~~~~^~
/home/jtuyls/iree-ai/llvm-aie-port/llvm/include/llvm/IR/Instructions.h:3313:13: note: declared here
 3313 | inline bool BranchInst::isConditional() const { return isa<CondBrInst>(this); }
      |             ^~~~~~~~~~
/home/jtuyls/iree-ai/llvm-aie-port/amd/aie/llvm/lib/Target/AIE/AIEOuterLoopPipeliner.cpp:899:15: warning: ‘BranchInst’ is deprecated: Use UncondBrInst/CondBrInst/Instruction instead [-Wdeprecated-declarations]
  899 |   BranchInst::Create(ClonedInnerHeader, CoolEntry);
      |               ^~~~~~
/home/jtuyls/iree-ai/llvm-aie-port/llvm/include/llvm/IR/Instructions.h:3084:5: note: declared here
 3084 |     BranchInst : public Instruction {
      |     ^~~~~~~~~~
/home/jtuyls/iree-ai/llvm-aie-port/amd/aie/llvm/lib/Target/AIE/AIEOuterLoopPipeliner.cpp:899:21: warning: ‘static llvm::BranchInst* llvm::BranchInst::Create(llvm::BasicBlock*, llvm::InsertPosition)’ is deprecated: Use UncondBrInst::Create instead [-Wdeprecated-declarations]
  899 |   BranchInst::Create(ClonedInnerHeader, CoolEntry);
      |   ~~~~~~~~~~~~~~~~~~^~~~~~~~~~~~~~~~~~~~~~~~~~~~~~
/home/jtuyls/iree-ai/llvm-aie-port/llvm/include/llvm/IR/Instructions.h:3302:20: note: declared here
 3302 | inline BranchInst *BranchInst::Create(BasicBlock *IfTrue,
      |                    ^~~~~~~~~~
/home/jtuyls/iree-ai/llvm-aie-port/amd/aie/llvm/lib/Target/AIE/AIEOuterLoopPipeliner.cpp:925:15: warning: ‘BranchInst’ is deprecated: Use UncondBrInst/CondBrInst/Instruction instead [-Wdeprecated-declarations]
  925 |   BranchInst::Create(OrigExit, CoolExit);
      |               ^~~~~~
/home/jtuyls/iree-ai/llvm-aie-port/llvm/include/llvm/IR/Instructions.h:3084:5: note: declared here
 3084 |     BranchInst : public Instruction {
      |     ^~~~~~~~~~
/home/jtuyls/iree-ai/llvm-aie-port/amd/aie/llvm/lib/Target/AIE/AIEOuterLoopPipeliner.cpp:925:21: warning: ‘static llvm::BranchInst* llvm::BranchInst::Create(llvm::BasicBlock*, llvm::InsertPosition)’ is deprecated: Use UncondBrInst::Create instead [-Wdeprecated-declarations]
  925 |   BranchInst::Create(OrigExit, CoolExit);
      |   ~~~~~~~~~~~~~~~~~~^~~~~~~~~~~~~~~~~~~~
/home/jtuyls/iree-ai/llvm-aie-port/llvm/include/llvm/IR/Instructions.h:3302:20: note: declared here
 3302 | inline BranchInst *BranchInst::Create(BasicBlock *IfTrue,
      |                    ^~~~~~~~~~
/home/jtuyls/iree-ai/llvm-aie-port/amd/aie/llvm/lib/Target/AIE/AIEOuterLoopPipeliner.cpp: In member function ‘std::optional<{anonymous}::LatchBoundInfo> {anonymous}::AIEOuterLoopPipeliner::canAdjustLoopBound(const {anonymous}::LoopStructure&) const’:
/home/jtuyls/iree-ai/llvm-aie-port/amd/aie/llvm/lib/Target/AIE/AIEOuterLoopPipeliner.cpp:953:23: warning: ‘BranchInst’ is deprecated: Use UncondBrInst/CondBrInst/Instruction instead [-Wdeprecated-declarations]
  953 |   auto *BI = dyn_cast<BranchInst>(LS.OuterLatch->getTerminator());
      |                       ^~~~~~~~~~
/home/jtuyls/iree-ai/llvm-aie-port/llvm/include/llvm/IR/Instructions.h:3084:5: note: declared here
 3084 |     BranchInst : public Instruction {
      |     ^~~~~~~~~~
/home/jtuyls/iree-ai/llvm-aie-port/amd/aie/llvm/lib/Target/AIE/AIEOuterLoopPipeliner.cpp:954:32: warning: ‘bool llvm::BranchInst::isConditional() const’ is deprecated: Use isa<CondBrInst> instead [-Wdeprecated-declarations]
  954 |   if (!BI || !BI->isConditional())
      |               ~~~~~~~~~~~~~~~~~^~
/home/jtuyls/iree-ai/llvm-aie-port/llvm/include/llvm/IR/Instructions.h:3313:13: note: declared here
 3313 | inline bool BranchInst::isConditional() const { return isa<CondBrInst>(this); }
      |             ^~~~~~~~~~
/home/jtuyls/iree-ai/llvm-aie-port/amd/aie/llvm/lib/Target/AIE/AIEOuterLoopPipeliner.cpp:956:50: warning: ‘llvm::Value* llvm::BranchInst::getCondition() const’ is deprecated: Cast to CondBrInst [-Wdeprecated-declarations]
  956 |   auto *Cmp = dyn_cast<ICmpInst>(BI->getCondition());
      |                                  ~~~~~~~~~~~~~~~~^~
/home/jtuyls/iree-ai/llvm-aie-port/llvm/include/llvm/IR/Instructions.h:3318:15: note: declared here
 3318 | inline Value *BranchInst::getCondition() const {
      |               ^~~~~~~~~~
/home/jtuyls/iree-ai/llvm-aie-port/amd/aie/llvm/lib/Target/AIE/AIEOuterLoopPipeliner.cpp: In member function ‘void {anonymous}::AIEOuterLoopPipeliner::convertOuterLoopToHardwareLoop(const {anonymous}::LoopStructure&, llvm::BasicBlock*, llvm::Value*, const {anonymous}::DowncountingInfo&)’:
/home/jtuyls/iree-ai/llvm-aie-port/amd/aie/llvm/lib/Target/AIE/AIEOuterLoopPipeliner.cpp:1535:15: warning: ‘BranchInst’ is deprecated: Use UncondBrInst/CondBrInst/Instruction instead [-Wdeprecated-declarations]
 1535 |   BranchInst *LatchBr = LS.getLatchBranch();
      |               ^~~~~~~
/home/jtuyls/iree-ai/llvm-aie-port/llvm/include/llvm/IR/Instructions.h:3084:5: note: declared here
 3084 |     BranchInst : public Instruction {
      |     ^~~~~~~~~~
/home/jtuyls/iree-ai/llvm-aie-port/amd/aie/llvm/lib/Target/AIE/AIEOuterLoopPipeliner.cpp:1549:41: warning: ‘llvm::Value* llvm::BranchInst::getCondition() const’ is deprecated: Cast to CondBrInst [-Wdeprecated-declarations]
 1549 |   Value *OldCond = LatchBr->getCondition();
      |                    ~~~~~~~~~~~~~~~~~~~~~^~
/home/jtuyls/iree-ai/llvm-aie-port/llvm/include/llvm/IR/Instructions.h:3318:15: note: declared here
 3318 | inline Value *BranchInst::getCondition() const {
      |               ^~~~~~~~~~
/home/jtuyls/iree-ai/llvm-aie-port/amd/aie/llvm/lib/Target/AIE/AIEOuterLoopPipeliner.cpp:1550:24: warning: ‘void llvm::BranchInst::setCondition(llvm::Value*)’ is deprecated: Cast to CondBrInst [-Wdeprecated-declarations]
 1550 |   LatchBr->setCondition(NewCond);
      |   ~~~~~~~~~~~~~~~~~~~~~^~~~~~~~~
/home/jtuyls/iree-ai/llvm-aie-port/llvm/include/llvm/IR/Instructions.h:3321:13: note: declared here
 3321 | inline void BranchInst::setCondition(Value *V) {
      |             ^~~~~~~~~~
/home/jtuyls/iree-ai/llvm-aie-port/amd/aie/llvm/lib/Target/AIE/AIEOuterLoopPipeliner.cpp:1554:28: warning: ‘void llvm::BranchInst::swapSuccessors()’ is deprecated: Cast to CondBrInst [-Wdeprecated-declarations]
 1554 |     LatchBr->swapSuccessors();
      |     ~~~~~~~~~~~~~~~~~~~~~~~^~
/home/jtuyls/iree-ai/llvm-aie-port/llvm/include/llvm/IR/Instructions.h:3325:13: note: declared here
 3325 | inline void BranchInst::swapSuccessors() {
      |             ^~~~~~~~~~
[495/552] Building CXX object lib/Target/AIE/CMakeFiles/LLVMAIECodeGen.dir/aie1/AIE1RegisterBankInfo.cpp.o
[496/552] Building CXX object lib/Target/AIE/CMakeFiles/LLVMAIECodeGen.dir/aie1/AIE1AsmPrinter.cpp.o
In file included from /home/jtuyls/iree-ai/llvm-aie-port/amd/aie/llvm/lib/Target/AIE/aie1/AIE1FrameLowering.h:18,
                 from /home/jtuyls/iree-ai/llvm-aie-port/amd/aie/llvm/lib/Target/AIE/aie1/AIE1Subtarget.h:19,
                 from /home/jtuyls/iree-ai/llvm-aie-port/amd/aie/llvm/lib/Target/AIE/aie1/AIE1TargetMachine.h:20,
                 from /home/jtuyls/iree-ai/llvm-aie-port/amd/aie/llvm/lib/Target/AIE/aie1/AIE1AsmPrinter.cpp:17:
/home/jtuyls/iree-ai/llvm-aie-port/amd/aie/llvm/lib/Target/AIE/AIEBaseFrameLowering.h:90:16: warning: ‘virtual void llvm::AIEBaseFrameLowering::adjustReg(llvm::MachineBasicBlock&, llvm::MachineBasicBlock::iterator, const llvm::DebugLoc&, unsigned int, int64_t, llvm::MachineInstr::MIFlag) const’ was hidden [-Woverloaded-virtual=]
   90 |   virtual void adjustReg(MachineBasicBlock &MBB,
      |                ^~~~~~~~~
/home/jtuyls/iree-ai/llvm-aie-port/amd/aie/llvm/lib/Target/AIE/aie1/AIE1FrameLowering.h:29:15: note:   by ‘static void llvm::AIEFrameLowering::adjustReg(const llvm::TargetInstrInfo*, llvm::MachineBasicBlock&, llvm::MachineBasicBlock::iterator, const llvm::DebugLoc&, unsigned int, int64_t, llvm::MachineInstr::MIFlag)’
   29 |   static void adjustReg(const TargetInstrInfo *TII, MachineBasicBlock &MBB,
      |               ^~~~~~~~~
[497/552] Linking CXX static library lib/libLLVMCodeGen.a
[498/552] Linking CXX static library lib/libLLVMSelectionDAG.a
[499/552] Building CXX object lib/Target/AIE/CMakeFiles/LLVMAIECodeGen.dir/AIE2PostLegalizerGenericCombiner.cpp.o
[500/552] Linking CXX static library lib/libLLVMAsmPrinter.a
[501/552] Linking CXX static library lib/libLLVMGlobalISel.a
[502/552] Building CXX object lib/Target/AIE/CMakeFiles/LLVMAIECodeGen.dir/AIE2InstructionSelector.cpp.o
In file included from /home/jtuyls/iree-ai/llvm-aie-port/amd/aie/llvm/lib/Target/AIE/InstPrinter/AIE2InstPrinter.h:18,
                 from /home/jtuyls/iree-ai/llvm-aie-port/amd/aie/llvm/lib/Target/AIE/AIE2InstructionSelector.cpp:21:
/home/jtuyls/iree-ai/llvm-aie-port/amd/aie/llvm/lib/Target/AIE/InstPrinter/AIECommonInstPrinter.h: In member function ‘void llvm::AIECommonInstPrinter::printImmOffset(const llvm::MCOperand&, const llvm::MCSubtargetInfo&, llvm::raw_ostream&)’:
/home/jtuyls/iree-ai/llvm-aie-port/amd/aie/llvm/lib/Target/AIE/InstPrinter/AIECommonInstPrinter.h:54:5: warning: invalid use of incomplete type ‘const class llvm::MCAsmInfo’
   54 |     MAI.printExpr(O, *MO.getExpr());
      |     ^~~
In file included from /home/jtuyls/iree-ai/llvm-aie-port/llvm/include/llvm/MC/MCSymbol.h:18,
                 from /home/jtuyls/iree-ai/llvm-aie-port/llvm/include/llvm/CodeGen/MachineInstr.h:32,
                 from /home/jtuyls/iree-ai/llvm-aie-port/llvm/include/llvm/CodeGen/MachineBasicBlock.h:22,
                 from /home/jtuyls/iree-ai/llvm-aie-port/llvm/include/llvm/CodeGen/MachineFunction.h:26,
                 from /home/jtuyls/iree-ai/llvm-aie-port/llvm/include/llvm/CodeGen/GlobalISel/GISelChangeObserver.h:18,
                 from /home/jtuyls/iree-ai/llvm-aie-port/llvm/include/llvm/CodeGen/GlobalISel/GISelValueTracking.h:19,
                 from /home/jtuyls/iree-ai/llvm-aie-port/llvm/include/llvm/CodeGen/GlobalISel/GISelKnownBits.h:18,
                 from /home/jtuyls/iree-ai/llvm-aie-port/amd/aie/llvm/lib/Target/AIE/AIE2InstructionSelector.cpp:17:
/home/jtuyls/iree-ai/llvm-aie-port/llvm/include/llvm/MC/MCExpr.h:19:7: note: forward declaration of ‘class llvm::MCAsmInfo’
   19 | class MCAsmInfo;
      |       ^~~~~~~~~
[503/552] Building CXX object lib/Target/AIE/CMakeFiles/LLVMAIECodeGen.dir/aie1/AIE1RegisterInfo.cpp.o
In file included from /home/jtuyls/iree-ai/llvm-aie-port/amd/aie/llvm/lib/Target/AIE/aie1/AIE1FrameLowering.h:18,
                 from /home/jtuyls/iree-ai/llvm-aie-port/amd/aie/llvm/lib/Target/AIE/aie1/AIE1Subtarget.h:19,
                 from /home/jtuyls/iree-ai/llvm-aie-port/amd/aie/llvm/lib/Target/AIE/aie1/AIE1RegisterInfo.cpp:17:
/home/jtuyls/iree-ai/llvm-aie-port/amd/aie/llvm/lib/Target/AIE/AIEBaseFrameLowering.h:90:16: warning: ‘virtual void llvm::AIEBaseFrameLowering::adjustReg(llvm::MachineBasicBlock&, llvm::MachineBasicBlock::iterator, const llvm::DebugLoc&, unsigned int, int64_t, llvm::MachineInstr::MIFlag) const’ was hidden [-Woverloaded-virtual=]
   90 |   virtual void adjustReg(MachineBasicBlock &MBB,
      |                ^~~~~~~~~
/home/jtuyls/iree-ai/llvm-aie-port/amd/aie/llvm/lib/Target/AIE/aie1/AIE1FrameLowering.h:29:15: note:   by ‘static void llvm::AIEFrameLowering::adjustReg(const llvm::TargetInstrInfo*, llvm::MachineBasicBlock&, llvm::MachineBasicBlock::iterator, const llvm::DebugLoc&, unsigned int, int64_t, llvm::MachineInstr::MIFlag)’
   29 |   static void adjustReg(const TargetInstrInfo *TII, MachineBasicBlock &MBB,
      |               ^~~~~~~~~
[504/552] Building CXX object lib/Target/AIE/CMakeFiles/LLVMAIECodeGen.dir/aie1/AIE1LegalizerInfo.cpp.o
[505/552] Building CXX object lib/Target/AIE/CMakeFiles/LLVMAIECodeGen.dir/aie1/AIE1ISelLowering.cpp.o
In file included from /home/jtuyls/iree-ai/llvm-aie-port/amd/aie/llvm/lib/Target/AIE/aie1/AIE1FrameLowering.h:18,
                 from /home/jtuyls/iree-ai/llvm-aie-port/amd/aie/llvm/lib/Target/AIE/aie1/AIE1Subtarget.h:19,
                 from /home/jtuyls/iree-ai/llvm-aie-port/amd/aie/llvm/lib/Target/AIE/aie1/AIE1ISelLowering.cpp:21:
/home/jtuyls/iree-ai/llvm-aie-port/amd/aie/llvm/lib/Target/AIE/AIEBaseFrameLowering.h:90:16: warning: ‘virtual void llvm::AIEBaseFrameLowering::adjustReg(llvm::MachineBasicBlock&, llvm::MachineBasicBlock::iterator, const llvm::DebugLoc&, unsigned int, int64_t, llvm::MachineInstr::MIFlag) const’ was hidden [-Woverloaded-virtual=]
   90 |   virtual void adjustReg(MachineBasicBlock &MBB,
      |                ^~~~~~~~~
/home/jtuyls/iree-ai/llvm-aie-port/amd/aie/llvm/lib/Target/AIE/aie1/AIE1FrameLowering.h:29:15: note:   by ‘static void llvm::AIEFrameLowering::adjustReg(const llvm::TargetInstrInfo*, llvm::MachineBasicBlock&, llvm::MachineBasicBlock::iterator, const llvm::DebugLoc&, unsigned int, int64_t, llvm::MachineInstr::MIFlag)’
   29 |   static void adjustReg(const TargetInstrInfo *TII, MachineBasicBlock &MBB,
      |               ^~~~~~~~~
[506/552] Building CXX object lib/Target/AIE/CMakeFiles/LLVMAIECodeGen.dir/AIE2PreLegalizerCombiner.cpp.o
[507/552] Building CXX object lib/Target/AIE/CMakeFiles/LLVMAIECodeGen.dir/aie2p/AIE2PSubtarget.cpp.o
[508/552] Building CXX object lib/Target/AIE/CMakeFiles/LLVMAIECodeGen.dir/aie1/AIE1Subtarget.cpp.o
In file included from /home/jtuyls/iree-ai/llvm-aie-port/amd/aie/llvm/lib/Target/AIE/aie1/AIE1FrameLowering.h:18,
                 from /home/jtuyls/iree-ai/llvm-aie-port/amd/aie/llvm/lib/Target/AIE/aie1/AIE1Subtarget.h:19,
                 from /home/jtuyls/iree-ai/llvm-aie-port/amd/aie/llvm/lib/Target/AIE/aie1/AIE1Subtarget.cpp:15:
/home/jtuyls/iree-ai/llvm-aie-port/amd/aie/llvm/lib/Target/AIE/AIEBaseFrameLowering.h:90:16: warning: ‘virtual void llvm::AIEBaseFrameLowering::adjustReg(llvm::MachineBasicBlock&, llvm::MachineBasicBlock::iterator, const llvm::DebugLoc&, unsigned int, int64_t, llvm::MachineInstr::MIFlag) const’ was hidden [-Woverloaded-virtual=]
   90 |   virtual void adjustReg(MachineBasicBlock &MBB,
      |                ^~~~~~~~~
/home/jtuyls/iree-ai/llvm-aie-port/amd/aie/llvm/lib/Target/AIE/aie1/AIE1FrameLowering.h:29:15: note:   by ‘static void llvm::AIEFrameLowering::adjustReg(const llvm::TargetInstrInfo*, llvm::MachineBasicBlock&, llvm::MachineBasicBlock::iterator, const llvm::DebugLoc&, unsigned int, int64_t, llvm::MachineInstr::MIFlag)’
   29 |   static void adjustReg(const TargetInstrInfo *TII, MachineBasicBlock &MBB,
      |               ^~~~~~~~~
[509/552] Building CXX object lib/Target/AIE/CMakeFiles/LLVMAIECodeGen.dir/AIE2TargetMachine.cpp.o
In file included from /home/jtuyls/iree-ai/llvm-aie-port/amd/aie/llvm/lib/Target/AIE/AIE2FrameLowering.h:18,
                 from /home/jtuyls/iree-ai/llvm-aie-port/amd/aie/llvm/lib/Target/AIE/AIE2Subtarget.h:19,
                 from /home/jtuyls/iree-ai/llvm-aie-port/amd/aie/llvm/lib/Target/AIE/AIE2TargetMachine.h:18,
                 from /home/jtuyls/iree-ai/llvm-aie-port/amd/aie/llvm/lib/Target/AIE/AIE2TargetMachine.cpp:15:
/home/jtuyls/iree-ai/llvm-aie-port/amd/aie/llvm/lib/Target/AIE/AIEBaseFrameLowering.h:90:16: warning: ‘virtual void llvm::AIEBaseFrameLowering::adjustReg(llvm::MachineBasicBlock&, llvm::MachineBasicBlock::iterator, const llvm::DebugLoc&, unsigned int, int64_t, llvm::MachineInstr::MIFlag) const’ was hidden [-Woverloaded-virtual=]
   90 |   virtual void adjustReg(MachineBasicBlock &MBB,
      |                ^~~~~~~~~
In file included from /home/jtuyls/iree-ai/llvm-aie-port/amd/aie/llvm/lib/Target/AIE/aie1/AIE1Subtarget.h:19,
                 from /home/jtuyls/iree-ai/llvm-aie-port/amd/aie/llvm/lib/Target/AIE/AIEBaseTargetTransformInfo.h:21,
                 from /home/jtuyls/iree-ai/llvm-aie-port/amd/aie/llvm/lib/Target/AIE/AIE2TargetTransformInfo.h:21,
                 from /home/jtuyls/iree-ai/llvm-aie-port/amd/aie/llvm/lib/Target/AIE/AIE2TargetMachine.cpp:16:
/home/jtuyls/iree-ai/llvm-aie-port/amd/aie/llvm/lib/Target/AIE/aie1/AIE1FrameLowering.h:29:15: note:   by ‘static void llvm::AIEFrameLowering::adjustReg(const llvm::TargetInstrInfo*, llvm::MachineBasicBlock&, llvm::MachineBasicBlock::iterator, const llvm::DebugLoc&, unsigned int, int64_t, llvm::MachineInstr::MIFlag)’
   29 |   static void adjustReg(const TargetInstrInfo *TII, MachineBasicBlock &MBB,
      |               ^~~~~~~~~
/home/jtuyls/iree-ai/llvm-aie-port/amd/aie/llvm/lib/Target/AIE/AIEBaseTargetTransformInfo.h: In instantiation of ‘class llvm::AIEBaseTTIImpl<llvm::AIE2TTIImpl>’:
/home/jtuyls/iree-ai/llvm-aie-port/amd/aie/llvm/lib/Target/AIE/AIE2TargetTransformInfo.h:33:28:   required from here
/home/jtuyls/iree-ai/llvm-aie-port/amd/aie/llvm/lib/Target/AIE/AIEBaseTargetTransformInfo.h:88:19: warning: ‘llvm::InstructionCost llvm::AIEBaseTTIImpl<T>::getIntImmCost(const llvm::APInt&, llvm::Type*, llvm::TargetTransformInfo::TargetCostKind) const [with T = llvm::AIE2TTIImpl]’ can be marked override [-Wsuggest-override]
   88 |   InstructionCost getIntImmCost(const APInt &Imm, Type *Ty, TTI::TargetCostKind CostKind) const { // amd/aie/ port: 23 returns InstructionCost
      |                   ^~~~~~~~~~~~~
/home/jtuyls/iree-ai/llvm-aie-port/amd/aie/llvm/lib/Target/AIE/AIEBaseTargetTransformInfo.h:119:12: warning: ‘llvm::TypeSize llvm::AIEBaseTTIImpl<T>::getRegisterBitWidth(llvm::TargetTransformInfo::RegisterKind) const [with T = llvm::AIE2TTIImpl]’ can be marked override [-Wsuggest-override]
  119 |   TypeSize getRegisterBitWidth(TargetTransformInfo::RegisterKind K) const {
      |            ^~~~~~~~~~~~~~~~~~~
/home/jtuyls/iree-ai/llvm-aie-port/amd/aie/llvm/lib/Target/AIE/AIEBaseTargetTransformInfo.h:134:12: warning: ‘unsigned int llvm::AIEBaseTTIImpl<T>::getMinVectorRegisterBitWidth() const [with T = llvm::AIE2TTIImpl]’ can be marked override [-Wsuggest-override]
  134 |   unsigned getMinVectorRegisterBitWidth() const { return 512; }
      |            ^~~~~~~~~~~~~~~~~~~~~~~~~~~~
/home/jtuyls/iree-ai/llvm-aie-port/amd/aie/llvm/lib/Target/AIE/AIEBaseTargetTransformInfo.h:149:19: warning: ‘llvm::InstructionCost llvm::AIEBaseTTIImpl<T>::getArithmeticInstrCost(unsigned int, llvm::Type*, llvm::TargetTransformInfo::TargetCostKind, llvm::TargetTransformInfo::OperandValueInfo, llvm::TargetTransformInfo::OperandValueInfo, llvm::ArrayRef<const llvm::Value*>, const llvm::Instruction*) const [with T = llvm::AIE2TTIImpl]’ can be marked override [-Wsuggest-override]
  149 |   InstructionCost getArithmeticInstrCost(
      |                   ^~~~~~~~~~~~~~~~~~~~~~
/home/jtuyls/iree-ai/llvm-aie-port/amd/aie/llvm/lib/Target/AIE/AIEBaseTargetTransformInfo.h:167:12: warning: ‘unsigned int llvm::AIEBaseTTIImpl<T>::getStoreVectorFactor(unsigned int, unsigned int, unsigned int, llvm::VectorType*) const [with T = llvm::AIE2TTIImpl]’ can be marked override [-Wsuggest-override]
  167 |   unsigned getStoreVectorFactor(unsigned VF, unsigned StoreSizeInBits,
      |            ^~~~~~~~~~~~~~~~~~~~
/home/jtuyls/iree-ai/llvm-aie-port/amd/aie/llvm/lib/Target/AIE/AIEBaseTargetTransformInfo.h:179:12: warning: ‘unsigned int llvm::AIEBaseTTIImpl<T>::getLoadVectorFactor(unsigned int, unsigned int, unsigned int, llvm::VectorType*) const [with T = llvm::AIE2TTIImpl]’ can be marked override [-Wsuggest-override]
  179 |   unsigned getLoadVectorFactor(unsigned VF, unsigned LoadSizeInBits,
      |            ^~~~~~~~~~~~~~~~~~~
/home/jtuyls/iree-ai/llvm-aie-port/amd/aie/llvm/lib/Target/AIE/AIEBaseTargetTransformInfo.h:186:8: warning: ‘bool llvm::AIEBaseTTIImpl<T>::isLegalToVectorizeStoreChain(unsigned int, llvm::Align, unsigned int) const [with T = llvm::AIE2TTIImpl]’ can be marked override [-Wsuggest-override]
  186 |   bool isLegalToVectorizeStoreChain(unsigned ChainSizeInBytes, Align Alignment,
      |        ^~~~~~~~~~~~~~~~~~~~~~~~~~~~
/home/jtuyls/iree-ai/llvm-aie-port/amd/aie/llvm/lib/Target/AIE/AIE2TargetTransformInfo.h:44:32: warning: ‘virtual std::optional<llvm::Instruction*> llvm::AIE2TTIImpl::instCombineIntrinsic(llvm::InstCombiner&, llvm::IntrinsicInst&) const’ can be marked override [-Wsuggest-override]
   44 |   std::optional<Instruction *> instCombineIntrinsic(InstCombiner &IC,
      |                                ^~~~~~~~~~~~~~~~~~~~
/home/jtuyls/iree-ai/llvm-aie-port/amd/aie/llvm/lib/Target/AIE/AIE2TargetTransformInfo.h:63:19: warning: ‘virtual llvm::InstructionCost llvm::AIE2TTIImpl::getMemoryOpCost(unsigned int, llvm::Type*, llvm::Align, unsigned int, llvm::TargetTransformInfo::TargetCostKind, llvm::TargetTransformInfo::OperandValueInfo, const llvm::Instruction*) const’ can be marked override [-Wsuggest-override]
   63 |   InstructionCost getMemoryOpCost(
      |                   ^~~~~~~~~~~~~~~
[510/552] Building CXX object lib/Target/AIE/CMakeFiles/LLVMAIECodeGen.dir/aie2p/AIE2PRegisterBankInfo.cpp.o
[511/552] Building CXX object lib/Target/AIE/CMakeFiles/LLVMAIECodeGen.dir/aie2p/AIE2PFrameLowering.cpp.o
[512/552] Building CXX object lib/Target/AIE/CMakeFiles/LLVMAIECodeGen.dir/aie1/AIE1InstructionSelector.cpp.o
In file included from /home/jtuyls/iree-ai/llvm-aie-port/amd/aie/llvm/lib/Target/AIE/aie1/AIE1FrameLowering.h:18,
                 from /home/jtuyls/iree-ai/llvm-aie-port/amd/aie/llvm/lib/Target/AIE/aie1/AIE1Subtarget.h:19,
                 from /home/jtuyls/iree-ai/llvm-aie-port/amd/aie/llvm/lib/Target/AIE/aie1/AIE1TargetMachine.h:20,
                 from /home/jtuyls/iree-ai/llvm-aie-port/amd/aie/llvm/lib/Target/AIE/aie1/AIE1InstructionSelector.cpp:21:
/home/jtuyls/iree-ai/llvm-aie-port/amd/aie/llvm/lib/Target/AIE/AIEBaseFrameLowering.h:90:16: warning: ‘virtual void llvm::AIEBaseFrameLowering::adjustReg(llvm::MachineBasicBlock&, llvm::MachineBasicBlock::iterator, const llvm::DebugLoc&, unsigned int, int64_t, llvm::MachineInstr::MIFlag) const’ was hidden [-Woverloaded-virtual=]
   90 |   virtual void adjustReg(MachineBasicBlock &MBB,
      |                ^~~~~~~~~
/home/jtuyls/iree-ai/llvm-aie-port/amd/aie/llvm/lib/Target/AIE/aie1/AIE1FrameLowering.h:29:15: note:   by ‘static void llvm::AIEFrameLowering::adjustReg(const llvm::TargetInstrInfo*, llvm::MachineBasicBlock&, llvm::MachineBasicBlock::iterator, const llvm::DebugLoc&, unsigned int, int64_t, llvm::MachineInstr::MIFlag)’
   29 |   static void adjustReg(const TargetInstrInfo *TII, MachineBasicBlock &MBB,
      |               ^~~~~~~~~
[513/552] Building CXX object lib/Target/AIE/CMakeFiles/LLVMAIECodeGen.dir/aie2p/AIE2PISelLowering.cpp.o
[514/552] Building CXX object lib/Target/AIE/CMakeFiles/LLVMAIECodeGen.dir/aie2p/AIE2PRegisterInfo.cpp.o
In file included from /home/jtuyls/iree-ai/llvm-aie-port/amd/aie/llvm/lib/Target/AIE/aie2p/AIE2PRegisterInfo.h:19,
                 from /home/jtuyls/iree-ai/llvm-aie-port/amd/aie/llvm/lib/Target/AIE/aie2p/AIE2PRegisterInfo.cpp:16:
/home/jtuyls/iree-ai/llvm-aie-port/amd/aie/llvm/lib/Target/AIE/AIEBaseRegisterInfo.h: In instantiation of ‘bool llvm::isEncodableAsNegativeInt(int) [with int N = 9; unsigned int step = 4]’:
/home/jtuyls/iree-ai/llvm-aie-port/amd/aie/llvm/lib/Target/AIE/aie2p/AIE2PRegisterInfo.cpp:210:39:   required from here
/home/jtuyls/iree-ai/llvm-aie-port/amd/aie/llvm/lib/Target/AIE/AIEBaseRegisterInfo.h:156:32: warning: ‘constexpr size_t llvm::CTLog2() [with long unsigned int kValue = 4; size_t = long unsigned int]’ is deprecated: Use ConstantLog2 instead [-Wdeprecated-declarations]
  156 |   return isInt<N + CTLog2<step>() + 1>(Value);
      |                    ~~~~~~~~~~~~^~
In file included from /home/jtuyls/iree-ai/llvm-aie-port/llvm/include/llvm/ADT/SmallPtrSet.h:23,
                 from /home/jtuyls/iree-ai/llvm-aie-port/llvm/include/llvm/ADT/SmallSet.h:19,
                 from /home/jtuyls/iree-ai/llvm-aie-port/amd/aie/llvm/lib/Target/AIE/AIEBaseRegisterInfo.h:18:
/home/jtuyls/iree-ai/llvm-aie-port/llvm/include/llvm/Support/MathExtras.h:324:18: note: declared here
  324 | constexpr size_t CTLog2() {
      |                  ^~~~~~
[515/552] Building CXX object lib/Target/AIE/CMakeFiles/LLVMAIECodeGen.dir/aie2p/AIE2PLegalizerInfo.cpp.o
[516/552] Building CXX object lib/Target/AIE/CMakeFiles/LLVMAIECodeGen.dir/AIE2TargetTransformInfo.cpp.o
In file included from /home/jtuyls/iree-ai/llvm-aie-port/amd/aie/llvm/lib/Target/AIE/AIE2FrameLowering.h:18,
                 from /home/jtuyls/iree-ai/llvm-aie-port/amd/aie/llvm/lib/Target/AIE/AIE2Subtarget.h:19,
                 from /home/jtuyls/iree-ai/llvm-aie-port/amd/aie/llvm/lib/Target/AIE/AIE2TargetMachine.h:18,
                 from /home/jtuyls/iree-ai/llvm-aie-port/amd/aie/llvm/lib/Target/AIE/AIE2TargetTransformInfo.h:20,
                 from /home/jtuyls/iree-ai/llvm-aie-port/amd/aie/llvm/lib/Target/AIE/AIE2TargetTransformInfo.cpp:11:
/home/jtuyls/iree-ai/llvm-aie-port/amd/aie/llvm/lib/Target/AIE/AIEBaseFrameLowering.h:90:16: warning: ‘virtual void llvm::AIEBaseFrameLowering::adjustReg(llvm::MachineBasicBlock&, llvm::MachineBasicBlock::iterator, const llvm::DebugLoc&, unsigned int, int64_t, llvm::MachineInstr::MIFlag) const’ was hidden [-Woverloaded-virtual=]
   90 |   virtual void adjustReg(MachineBasicBlock &MBB,
      |                ^~~~~~~~~
In file included from /home/jtuyls/iree-ai/llvm-aie-port/amd/aie/llvm/lib/Target/AIE/aie1/AIE1Subtarget.h:19,
                 from /home/jtuyls/iree-ai/llvm-aie-port/amd/aie/llvm/lib/Target/AIE/AIEBaseTargetTransformInfo.h:21,
                 from /home/jtuyls/iree-ai/llvm-aie-port/amd/aie/llvm/lib/Target/AIE/AIE2TargetTransformInfo.h:21:
/home/jtuyls/iree-ai/llvm-aie-port/amd/aie/llvm/lib/Target/AIE/aie1/AIE1FrameLowering.h:29:15: note:   by ‘static void llvm::AIEFrameLowering::adjustReg(const llvm::TargetInstrInfo*, llvm::MachineBasicBlock&, llvm::MachineBasicBlock::iterator, const llvm::DebugLoc&, unsigned int, int64_t, llvm::MachineInstr::MIFlag)’
   29 |   static void adjustReg(const TargetInstrInfo *TII, MachineBasicBlock &MBB,
      |               ^~~~~~~~~
/home/jtuyls/iree-ai/llvm-aie-port/amd/aie/llvm/lib/Target/AIE/AIEBaseTargetTransformInfo.h: In instantiation of ‘class llvm::AIEBaseTTIImpl<llvm::AIE2TTIImpl>’:
/home/jtuyls/iree-ai/llvm-aie-port/amd/aie/llvm/lib/Target/AIE/AIE2TargetTransformInfo.h:33:28:   required from here
/home/jtuyls/iree-ai/llvm-aie-port/amd/aie/llvm/lib/Target/AIE/AIEBaseTargetTransformInfo.h:88:19: warning: ‘llvm::InstructionCost llvm::AIEBaseTTIImpl<T>::getIntImmCost(const llvm::APInt&, llvm::Type*, llvm::TargetTransformInfo::TargetCostKind) const [with T = llvm::AIE2TTIImpl]’ can be marked override [-Wsuggest-override]
   88 |   InstructionCost getIntImmCost(const APInt &Imm, Type *Ty, TTI::TargetCostKind CostKind) const { // amd/aie/ port: 23 returns InstructionCost
      |                   ^~~~~~~~~~~~~
/home/jtuyls/iree-ai/llvm-aie-port/amd/aie/llvm/lib/Target/AIE/AIEBaseTargetTransformInfo.h:119:12: warning: ‘llvm::TypeSize llvm::AIEBaseTTIImpl<T>::getRegisterBitWidth(llvm::TargetTransformInfo::RegisterKind) const [with T = llvm::AIE2TTIImpl]’ can be marked override [-Wsuggest-override]
  119 |   TypeSize getRegisterBitWidth(TargetTransformInfo::RegisterKind K) const {
      |            ^~~~~~~~~~~~~~~~~~~
/home/jtuyls/iree-ai/llvm-aie-port/amd/aie/llvm/lib/Target/AIE/AIEBaseTargetTransformInfo.h:134:12: warning: ‘unsigned int llvm::AIEBaseTTIImpl<T>::getMinVectorRegisterBitWidth() const [with T = llvm::AIE2TTIImpl]’ can be marked override [-Wsuggest-override]
  134 |   unsigned getMinVectorRegisterBitWidth() const { return 512; }
      |            ^~~~~~~~~~~~~~~~~~~~~~~~~~~~
/home/jtuyls/iree-ai/llvm-aie-port/amd/aie/llvm/lib/Target/AIE/AIEBaseTargetTransformInfo.h:149:19: warning: ‘llvm::InstructionCost llvm::AIEBaseTTIImpl<T>::getArithmeticInstrCost(unsigned int, llvm::Type*, llvm::TargetTransformInfo::TargetCostKind, llvm::TargetTransformInfo::OperandValueInfo, llvm::TargetTransformInfo::OperandValueInfo, llvm::ArrayRef<const llvm::Value*>, const llvm::Instruction*) const [with T = llvm::AIE2TTIImpl]’ can be marked override [-Wsuggest-override]
  149 |   InstructionCost getArithmeticInstrCost(
      |                   ^~~~~~~~~~~~~~~~~~~~~~
/home/jtuyls/iree-ai/llvm-aie-port/amd/aie/llvm/lib/Target/AIE/AIEBaseTargetTransformInfo.h:167:12: warning: ‘unsigned int llvm::AIEBaseTTIImpl<T>::getStoreVectorFactor(unsigned int, unsigned int, unsigned int, llvm::VectorType*) const [with T = llvm::AIE2TTIImpl]’ can be marked override [-Wsuggest-override]
  167 |   unsigned getStoreVectorFactor(unsigned VF, unsigned StoreSizeInBits,
      |            ^~~~~~~~~~~~~~~~~~~~
/home/jtuyls/iree-ai/llvm-aie-port/amd/aie/llvm/lib/Target/AIE/AIEBaseTargetTransformInfo.h:179:12: warning: ‘unsigned int llvm::AIEBaseTTIImpl<T>::getLoadVectorFactor(unsigned int, unsigned int, unsigned int, llvm::VectorType*) const [with T = llvm::AIE2TTIImpl]’ can be marked override [-Wsuggest-override]
  179 |   unsigned getLoadVectorFactor(unsigned VF, unsigned LoadSizeInBits,
      |            ^~~~~~~~~~~~~~~~~~~
/home/jtuyls/iree-ai/llvm-aie-port/amd/aie/llvm/lib/Target/AIE/AIEBaseTargetTransformInfo.h:186:8: warning: ‘bool llvm::AIEBaseTTIImpl<T>::isLegalToVectorizeStoreChain(unsigned int, llvm::Align, unsigned int) const [with T = llvm::AIE2TTIImpl]’ can be marked override [-Wsuggest-override]
  186 |   bool isLegalToVectorizeStoreChain(unsigned ChainSizeInBytes, Align Alignment,
      |        ^~~~~~~~~~~~~~~~~~~~~~~~~~~~
/home/jtuyls/iree-ai/llvm-aie-port/amd/aie/llvm/lib/Target/AIE/AIE2TargetTransformInfo.h:44:32: warning: ‘virtual std::optional<llvm::Instruction*> llvm::AIE2TTIImpl::instCombineIntrinsic(llvm::InstCombiner&, llvm::IntrinsicInst&) const’ can be marked override [-Wsuggest-override]
   44 |   std::optional<Instruction *> instCombineIntrinsic(InstCombiner &IC,
      |                                ^~~~~~~~~~~~~~~~~~~~
/home/jtuyls/iree-ai/llvm-aie-port/amd/aie/llvm/lib/Target/AIE/AIE2TargetTransformInfo.h:63:19: warning: ‘virtual llvm::InstructionCost llvm::AIE2TTIImpl::getMemoryOpCost(unsigned int, llvm::Type*, llvm::Align, unsigned int, llvm::TargetTransformInfo::TargetCostKind, llvm::TargetTransformInfo::OperandValueInfo, const llvm::Instruction*) const’ can be marked override [-Wsuggest-override]
   63 |   InstructionCost getMemoryOpCost(
      |                   ^~~~~~~~~~~~~~~
[517/552] Building CXX object lib/Target/AIE/CMakeFiles/LLVMAIECodeGen.dir/aie2ps/AIE2PSFrameLowering.cpp.o
[518/552] Building CXX object lib/Target/AIE/CMakeFiles/LLVMAIECodeGen.dir/aie2ps/AIE2PSSubtarget.cpp.o
[519/552] Building CXX object lib/Target/AIE/CMakeFiles/LLVMAIECodeGen.dir/aie2ps/AIE2PSConvertFP16Operation.cpp.o
[520/552] Building CXX object lib/Target/AIE/CMakeFiles/LLVMAIECodeGen.dir/aie2ps/AIE2PSRegisterBankInfo.cpp.o
[521/552] Building CXX object lib/Target/AIE/CMakeFiles/LLVMAIECodeGen.dir/aie2p/AIE2PTargetMachine.cpp.o
In file included from /home/jtuyls/iree-ai/llvm-aie-port/amd/aie/llvm/lib/Target/AIE/aie2p/AIE2PFrameLowering.h:18,
                 from /home/jtuyls/iree-ai/llvm-aie-port/amd/aie/llvm/lib/Target/AIE/aie2p/AIE2PSubtarget.h:18,
                 from /home/jtuyls/iree-ai/llvm-aie-port/amd/aie/llvm/lib/Target/AIE/aie2p/AIE2PTargetMachine.h:18,
                 from /home/jtuyls/iree-ai/llvm-aie-port/amd/aie/llvm/lib/Target/AIE/aie2p/AIE2PTargetMachine.cpp:15:
/home/jtuyls/iree-ai/llvm-aie-port/amd/aie/llvm/lib/Target/AIE/AIEBaseFrameLowering.h:90:16: warning: ‘virtual void llvm::AIEBaseFrameLowering::adjustReg(llvm::MachineBasicBlock&, llvm::MachineBasicBlock::iterator, const llvm::DebugLoc&, unsigned int, int64_t, llvm::MachineInstr::MIFlag) const’ was hidden [-Woverloaded-virtual=]
   90 |   virtual void adjustReg(MachineBasicBlock &MBB,
      |                ^~~~~~~~~
In file included from /home/jtuyls/iree-ai/llvm-aie-port/amd/aie/llvm/lib/Target/AIE/aie1/AIE1Subtarget.h:19,
                 from /home/jtuyls/iree-ai/llvm-aie-port/amd/aie/llvm/lib/Target/AIE/AIEBaseTargetTransformInfo.h:21,
                 from /home/jtuyls/iree-ai/llvm-aie-port/amd/aie/llvm/lib/Target/AIE/aie2p/AIE2PTargetTransformInfo.h:21,
                 from /home/jtuyls/iree-ai/llvm-aie-port/amd/aie/llvm/lib/Target/AIE/aie2p/AIE2PTargetMachine.cpp:16:
/home/jtuyls/iree-ai/llvm-aie-port/amd/aie/llvm/lib/Target/AIE/aie1/AIE1FrameLowering.h:29:15: note:   by ‘static void llvm::AIEFrameLowering::adjustReg(const llvm::TargetInstrInfo*, llvm::MachineBasicBlock&, llvm::MachineBasicBlock::iterator, const llvm::DebugLoc&, unsigned int, int64_t, llvm::MachineInstr::MIFlag)’
   29 |   static void adjustReg(const TargetInstrInfo *TII, MachineBasicBlock &MBB,
      |               ^~~~~~~~~
/home/jtuyls/iree-ai/llvm-aie-port/amd/aie/llvm/lib/Target/AIE/AIEBaseTargetTransformInfo.h: In instantiation of ‘class llvm::AIEBaseTTIImpl<llvm::AIE2PTTIImpl>’:
/home/jtuyls/iree-ai/llvm-aie-port/amd/aie/llvm/lib/Target/AIE/aie2p/AIE2PTargetTransformInfo.h:34:29:   required from here
/home/jtuyls/iree-ai/llvm-aie-port/amd/aie/llvm/lib/Target/AIE/AIEBaseTargetTransformInfo.h:88:19: warning: ‘llvm::InstructionCost llvm::AIEBaseTTIImpl<T>::getIntImmCost(const llvm::APInt&, llvm::Type*, llvm::TargetTransformInfo::TargetCostKind) const [with T = llvm::AIE2PTTIImpl]’ can be marked override [-Wsuggest-override]
   88 |   InstructionCost getIntImmCost(const APInt &Imm, Type *Ty, TTI::TargetCostKind CostKind) const { // amd/aie/ port: 23 returns InstructionCost
      |                   ^~~~~~~~~~~~~
/home/jtuyls/iree-ai/llvm-aie-port/amd/aie/llvm/lib/Target/AIE/AIEBaseTargetTransformInfo.h:119:12: warning: ‘llvm::TypeSize llvm::AIEBaseTTIImpl<T>::getRegisterBitWidth(llvm::TargetTransformInfo::RegisterKind) const [with T = llvm::AIE2PTTIImpl]’ can be marked override [-Wsuggest-override]
  119 |   TypeSize getRegisterBitWidth(TargetTransformInfo::RegisterKind K) const {
      |            ^~~~~~~~~~~~~~~~~~~
/home/jtuyls/iree-ai/llvm-aie-port/amd/aie/llvm/lib/Target/AIE/AIEBaseTargetTransformInfo.h:134:12: warning: ‘unsigned int llvm::AIEBaseTTIImpl<T>::getMinVectorRegisterBitWidth() const [with T = llvm::AIE2PTTIImpl]’ can be marked override [-Wsuggest-override]
  134 |   unsigned getMinVectorRegisterBitWidth() const { return 512; }
      |            ^~~~~~~~~~~~~~~~~~~~~~~~~~~~
/home/jtuyls/iree-ai/llvm-aie-port/amd/aie/llvm/lib/Target/AIE/AIEBaseTargetTransformInfo.h:149:19: warning: ‘llvm::InstructionCost llvm::AIEBaseTTIImpl<T>::getArithmeticInstrCost(unsigned int, llvm::Type*, llvm::TargetTransformInfo::TargetCostKind, llvm::TargetTransformInfo::OperandValueInfo, llvm::TargetTransformInfo::OperandValueInfo, llvm::ArrayRef<const llvm::Value*>, const llvm::Instruction*) const [with T = llvm::AIE2PTTIImpl]’ can be marked override [-Wsuggest-override]
  149 |   InstructionCost getArithmeticInstrCost(
      |                   ^~~~~~~~~~~~~~~~~~~~~~
/home/jtuyls/iree-ai/llvm-aie-port/amd/aie/llvm/lib/Target/AIE/AIEBaseTargetTransformInfo.h:167:12: warning: ‘unsigned int llvm::AIEBaseTTIImpl<T>::getStoreVectorFactor(unsigned int, unsigned int, unsigned int, llvm::VectorType*) const [with T = llvm::AIE2PTTIImpl]’ can be marked override [-Wsuggest-override]
  167 |   unsigned getStoreVectorFactor(unsigned VF, unsigned StoreSizeInBits,
      |            ^~~~~~~~~~~~~~~~~~~~
/home/jtuyls/iree-ai/llvm-aie-port/amd/aie/llvm/lib/Target/AIE/AIEBaseTargetTransformInfo.h:179:12: warning: ‘unsigned int llvm::AIEBaseTTIImpl<T>::getLoadVectorFactor(unsigned int, unsigned int, unsigned int, llvm::VectorType*) const [with T = llvm::AIE2PTTIImpl]’ can be marked override [-Wsuggest-override]
  179 |   unsigned getLoadVectorFactor(unsigned VF, unsigned LoadSizeInBits,
      |            ^~~~~~~~~~~~~~~~~~~
/home/jtuyls/iree-ai/llvm-aie-port/amd/aie/llvm/lib/Target/AIE/AIEBaseTargetTransformInfo.h:186:8: warning: ‘bool llvm::AIEBaseTTIImpl<T>::isLegalToVectorizeStoreChain(unsigned int, llvm::Align, unsigned int) const [with T = llvm::AIE2PTTIImpl]’ can be marked override [-Wsuggest-override]
  186 |   bool isLegalToVectorizeStoreChain(unsigned ChainSizeInBytes, Align Alignment,
      |        ^~~~~~~~~~~~~~~~~~~~~~~~~~~~
/home/jtuyls/iree-ai/llvm-aie-port/amd/aie/llvm/lib/Target/AIE/aie2p/AIE2PTargetTransformInfo.h:52:19: warning: ‘virtual llvm::InstructionCost llvm::AIE2PTTIImpl::getMemoryOpCost(unsigned int, llvm::Type*, llvm::Align, unsigned int, llvm::TargetTransformInfo::TargetCostKind, llvm::TargetTransformInfo::OperandValueInfo, const llvm::Instruction*) const’ can be marked override [-Wsuggest-override]
   52 |   InstructionCost getMemoryOpCost(
      |                   ^~~~~~~~~~~~~~~
/home/jtuyls/iree-ai/llvm-aie-port/amd/aie/llvm/lib/Target/AIE/aie2p/AIE2PTargetTransformInfo.h:58:32: warning: ‘virtual std::optional<llvm::Instruction*> llvm::AIE2PTTIImpl::instCombineIntrinsic(llvm::InstCombiner&, llvm::IntrinsicInst&) const’ can be marked override [-Wsuggest-override]
   58 |   std::optional<Instruction *> instCombineIntrinsic(InstCombiner &IC,
      |                                ^~~~~~~~~~~~~~~~~~~~
[522/552] Building CXX object lib/Target/AIE/CMakeFiles/LLVMAIECodeGen.dir/aie2ps/AIE2PSISelLowering.cpp.o
[523/552] Building CXX object lib/Target/AIE/CMakeFiles/LLVMAIECodeGen.dir/aie2p/AIE2PInstrInfo.cpp.o
[524/552] Building CXX object lib/Target/AIE/CMakeFiles/LLVMAIECodeGen.dir/aie2ps/AIE2PSRegisterInfo.cpp.o
In file included from /home/jtuyls/iree-ai/llvm-aie-port/amd/aie/llvm/lib/Target/AIE/aie2ps/AIE2PSRegisterInfo.h:19,
                 from /home/jtuyls/iree-ai/llvm-aie-port/amd/aie/llvm/lib/Target/AIE/aie2ps/AIE2PSRegisterInfo.cpp:16:
/home/jtuyls/iree-ai/llvm-aie-port/amd/aie/llvm/lib/Target/AIE/AIEBaseRegisterInfo.h: In instantiation of ‘bool llvm::isEncodableAsNegativeInt(int) [with int N = 9; unsigned int step = 4]’:
/home/jtuyls/iree-ai/llvm-aie-port/amd/aie/llvm/lib/Target/AIE/aie2ps/AIE2PSRegisterInfo.cpp:214:39:   required from here
/home/jtuyls/iree-ai/llvm-aie-port/amd/aie/llvm/lib/Target/AIE/AIEBaseRegisterInfo.h:156:32: warning: ‘constexpr size_t llvm::CTLog2() [with long unsigned int kValue = 4; size_t = long unsigned int]’ is deprecated: Use ConstantLog2 instead [-Wdeprecated-declarations]
  156 |   return isInt<N + CTLog2<step>() + 1>(Value);
      |                    ~~~~~~~~~~~~^~
In file included from /home/jtuyls/iree-ai/llvm-aie-port/llvm/include/llvm/ADT/SmallPtrSet.h:23,
                 from /home/jtuyls/iree-ai/llvm-aie-port/llvm/include/llvm/ADT/SmallSet.h:19,
                 from /home/jtuyls/iree-ai/llvm-aie-port/amd/aie/llvm/lib/Target/AIE/AIEBaseRegisterInfo.h:18:
/home/jtuyls/iree-ai/llvm-aie-port/llvm/include/llvm/Support/MathExtras.h:324:18: note: declared here
  324 | constexpr size_t CTLog2() {
      |                  ^~~~~~
/home/jtuyls/iree-ai/llvm-aie-port/amd/aie/llvm/lib/Target/AIE/AIEBaseRegisterInfo.h: In instantiation of ‘bool llvm::isEncodableAsNegativeInt(int) [with int N = 9; unsigned int step = 8]’:
/home/jtuyls/iree-ai/llvm-aie-port/amd/aie/llvm/lib/Target/AIE/aie2ps/AIE2PSRegisterInfo.cpp:243:39:   required from here
/home/jtuyls/iree-ai/llvm-aie-port/amd/aie/llvm/lib/Target/AIE/AIEBaseRegisterInfo.h:156:32: warning: ‘constexpr size_t llvm::CTLog2() [with long unsigned int kValue = 8; size_t = long unsigned int]’ is deprecated: Use ConstantLog2 instead [-Wdeprecated-declarations]
  156 |   return isInt<N + CTLog2<step>() + 1>(Value);
      |                    ~~~~~~~~~~~~^~
/home/jtuyls/iree-ai/llvm-aie-port/llvm/include/llvm/Support/MathExtras.h:324:18: note: declared here
  324 | constexpr size_t CTLog2() {
      |                  ^~~~~~
/home/jtuyls/iree-ai/llvm-aie-port/amd/aie/llvm/lib/Target/AIE/AIEBaseRegisterInfo.h: In instantiation of ‘bool llvm::isEncodableAsNegativeInt(int) [with int N = 9; unsigned int step = 16]’:
/home/jtuyls/iree-ai/llvm-aie-port/amd/aie/llvm/lib/Target/AIE/aie2ps/AIE2PSRegisterInfo.cpp:264:40:   required from here
/home/jtuyls/iree-ai/llvm-aie-port/amd/aie/llvm/lib/Target/AIE/AIEBaseRegisterInfo.h:156:32: warning: ‘constexpr size_t llvm::CTLog2() [with long unsigned int kValue = 16; size_t = long unsigned int]’ is deprecated: Use ConstantLog2 instead [-Wdeprecated-declarations]
  156 |   return isInt<N + CTLog2<step>() + 1>(Value);
      |                    ~~~~~~~~~~~~^~
/home/jtuyls/iree-ai/llvm-aie-port/llvm/include/llvm/Support/MathExtras.h:324:18: note: declared here
  324 | constexpr size_t CTLog2() {
      |                  ^~~~~~
/home/jtuyls/iree-ai/llvm-aie-port/amd/aie/llvm/lib/Target/AIE/AIEBaseRegisterInfo.h: In instantiation of ‘bool llvm::isEncodableAsNegativeInt(int) [with int N = 9; unsigned int step = 32]’:
/home/jtuyls/iree-ai/llvm-aie-port/amd/aie/llvm/lib/Target/AIE/aie2ps/AIE2PSRegisterInfo.cpp:281:40:   required from here
/home/jtuyls/iree-ai/llvm-aie-port/amd/aie/llvm/lib/Target/AIE/AIEBaseRegisterInfo.h:156:32: warning: ‘constexpr size_t llvm::CTLog2() [with long unsigned int kValue = 32; size_t = long unsigned int]’ is deprecated: Use ConstantLog2 instead [-Wdeprecated-declarations]
  156 |   return isInt<N + CTLog2<step>() + 1>(Value);
      |                    ~~~~~~~~~~~~^~
/home/jtuyls/iree-ai/llvm-aie-port/llvm/include/llvm/Support/MathExtras.h:324:18: note: declared here
  324 | constexpr size_t CTLog2() {
      |                  ^~~~~~
/home/jtuyls/iree-ai/llvm-aie-port/amd/aie/llvm/lib/Target/AIE/AIEBaseRegisterInfo.h: In instantiation of ‘bool llvm::isEncodableAsNegativeInt(int) [with int N = 9; unsigned int step = 64]’:
/home/jtuyls/iree-ai/llvm-aie-port/amd/aie/llvm/lib/Target/AIE/aie2ps/AIE2PSRegisterInfo.cpp:298:40:   required from here
/home/jtuyls/iree-ai/llvm-aie-port/amd/aie/llvm/lib/Target/AIE/AIEBaseRegisterInfo.h:156:32: warning: ‘constexpr size_t llvm::CTLog2() [with long unsigned int kValue = 64; size_t = long unsigned int]’ is deprecated: Use ConstantLog2 instead [-Wdeprecated-declarations]
  156 |   return isInt<N + CTLog2<step>() + 1>(Value);
      |                    ~~~~~~~~~~~~^~
/home/jtuyls/iree-ai/llvm-aie-port/llvm/include/llvm/Support/MathExtras.h:324:18: note: declared here
  324 | constexpr size_t CTLog2() {
      |                  ^~~~~~
/home/jtuyls/iree-ai/llvm-aie-port/amd/aie/llvm/lib/Target/AIE/AIEBaseRegisterInfo.h: In instantiation of ‘bool llvm::isEncodableAsNegativeInt(int) [with int N = 9; unsigned int step = 128]’:
/home/jtuyls/iree-ai/llvm-aie-port/amd/aie/llvm/lib/Target/AIE/aie2ps/AIE2PSRegisterInfo.cpp:317:41:   required from here
/home/jtuyls/iree-ai/llvm-aie-port/amd/aie/llvm/lib/Target/AIE/AIEBaseRegisterInfo.h:156:32: warning: ‘constexpr size_t llvm::CTLog2() [with long unsigned int kValue = 128; size_t = long unsigned int]’ is deprecated: Use ConstantLog2 instead [-Wdeprecated-declarations]
  156 |   return isInt<N + CTLog2<step>() + 1>(Value);
      |                    ~~~~~~~~~~~~^~
/home/jtuyls/iree-ai/llvm-aie-port/llvm/include/llvm/Support/MathExtras.h:324:18: note: declared here
  324 | constexpr size_t CTLog2() {
      |                  ^~~~~~
[525/552] Building CXX object lib/Target/AIE/CMakeFiles/LLVMAIECodeGen.dir/aie2ps/AIE2PSLegalizerInfo.cpp.o
[526/552] Building CXX object lib/Target/AIE/InstPrinter/CMakeFiles/LLVMAIEAsmPrinter.dir/AIEInstPrinter.cpp.o
[527/552] Building CXX object lib/Target/AIE/CMakeFiles/LLVMAIECodeGen.dir/aie2ps/AIE2PSInstrInfo.cpp.o
FAILED: lib/Target/AIE/CMakeFiles/LLVMAIECodeGen.dir/aie2ps/AIE2PSInstrInfo.cpp.o 
CCACHE_CPP2=yes CCACHE_HASHDIR=yes CCACHE_SLOPPINESS=pch_defines,time_macros /usr/bin/ccache /usr/bin/g++ -D_DEBUG -D_GLIBCXX_ASSERTIONS -D_GLIBCXX_USE_CXX11_ABI=1 -D_GNU_SOURCE -D_LIBCPP_HARDENING_MODE=_LIBCPP_HARDENING_MODE_EXTENSIVE -D__STDC_CONSTANT_MACROS -D__STDC_FORMAT_MACROS -D__STDC_LIMIT_MACROS -I/home/jtuyls/iree-ai/llvm-aie-port/build/lib/Target/AIE -I/home/jtuyls/iree-ai/llvm-aie-port/amd/aie/llvm/lib/Target/AIE -I/home/jtuyls/iree-ai/llvm-aie-port/build/include -I/home/jtuyls/iree-ai/llvm-aie-port/llvm/include -I/home/jtuyls/iree-ai/llvm-aie-port/amd/aie/llvm/include -fPIC -fno-semantic-interposition -fvisibility-inlines-hidden -Werror=date-time -Wall -Wextra -Wno-unused-parameter -Wwrite-strings -Wcast-qual -Wno-missing-field-initializers -pedantic -Wno-long-long -Wimplicit-fallthrough -Wno-uninitialized -Wno-nonnull -Wno-class-memaccess -Wno-dangling-reference -Wno-redundant-move -Wno-pessimizing-move -Wno-array-bounds -Wno-stringop-overread -Wno-dangling-pointer -Wno-noexcept-type -Wdelete-non-virtual-dtor -Wsuggest-override -Wno-comment -Wno-misleading-indentation -Wctad-maybe-unsupported -fdiagnostics-color -ffunction-sections -fdata-sections -O3 -DNDEBUG -std=c++17 -fvisibility=hidden -UNDEBUG -fno-exceptions -funwind-tables -fno-rtti -MD -MT lib/Target/AIE/CMakeFiles/LLVMAIECodeGen.dir/aie2ps/AIE2PSInstrInfo.cpp.o -MF lib/Target/AIE/CMakeFiles/LLVMAIECodeGen.dir/aie2ps/AIE2PSInstrInfo.cpp.o.d -o lib/Target/AIE/CMakeFiles/LLVMAIECodeGen.dir/aie2ps/AIE2PSInstrInfo.cpp.o -c /home/jtuyls/iree-ai/llvm-aie-port/amd/aie/llvm/lib/Target/AIE/aie2ps/AIE2PSInstrInfo.cpp
/home/jtuyls/iree-ai/llvm-aie-port/amd/aie/llvm/lib/Target/AIE/aie2ps/AIE2PSInstrInfo.cpp: In lambda function:
/home/jtuyls/iree-ai/llvm-aie-port/amd/aie/llvm/lib/Target/AIE/aie2ps/AIE2PSInstrInfo.cpp:1026:25: error: no matching function for call to ‘llvm::AIE2PSInstrInfo::loadRegFromStackSlot(llvm::MachineBasicBlock&, llvm::MachineBasicBlock::iterator&, llvm::Register&, int&, const llvm::TargetRegisterClass*&, llvm::Register&, llvm::MachineInstr::MIFlag&) const’
 1026 |     loadRegFromStackSlot(MBB, I, TmpReg, FI, BounceRC, VReg, Flags);
      |     ~~~~~~~~~~~~~~~~~~~~^~~~~~~~~~~~~~~~~~~~~~~~~~~~~~~~~~~~~~~~~~~
/home/jtuyls/iree-ai/llvm-aie-port/amd/aie/llvm/lib/Target/AIE/aie2ps/AIE2PSInstrInfo.cpp:999:6: note: candidate: ‘virtual void llvm::AIE2PSInstrInfo::loadRegFromStackSlot(llvm::MachineBasicBlock&, llvm::MachineBasicBlock::iterator, llvm::Register, int, const llvm::TargetRegisterClass*, llvm::Register, unsigned int, llvm::MachineInstr::MIFlag) const’
  999 | void AIE2PSInstrInfo::loadRegFromStackSlot(
      |      ^~~~~~~~~~~~~~~
/home/jtuyls/iree-ai/llvm-aie-port/amd/aie/llvm/lib/Target/AIE/aie2ps/AIE2PSInstrInfo.cpp:999:6: note:   candidate expects 8 arguments, 7 provided
[528/552] Building CXX object lib/Target/AIE/InstPrinter/CMakeFiles/LLVMAIEAsmPrinter.dir/AIE2PInstPrinter.cpp.o
In file included from /home/jtuyls/iree-ai/llvm-aie-port/amd/aie/llvm/lib/Target/AIE/InstPrinter/AIE2PInstPrinter.h:18,
                 from /home/jtuyls/iree-ai/llvm-aie-port/amd/aie/llvm/lib/Target/AIE/InstPrinter/AIE2PInstPrinter.cpp:15:
/home/jtuyls/iree-ai/llvm-aie-port/amd/aie/llvm/lib/Target/AIE/InstPrinter/AIECommonInstPrinter.h: In member function ‘void llvm::AIECommonInstPrinter::printImmOffset(const llvm::MCOperand&, const llvm::MCSubtargetInfo&, llvm::raw_ostream&)’:
/home/jtuyls/iree-ai/llvm-aie-port/amd/aie/llvm/lib/Target/AIE/InstPrinter/AIECommonInstPrinter.h:54:5: warning: invalid use of incomplete type ‘const class llvm::MCAsmInfo’
   54 |     MAI.printExpr(O, *MO.getExpr());
      |     ^~~
In file included from /home/jtuyls/iree-ai/llvm-aie-port/llvm/include/llvm/MC/MCSymbol.h:18,
                 from /home/jtuyls/iree-ai/llvm-aie-port/llvm/include/llvm/MC/MCObjectWriter.h:12,
                 from /home/jtuyls/iree-ai/llvm-aie-port/amd/aie/llvm/lib/Target/AIE/MCTargetDesc/AIEMCTargetDesc.h:19,
                 from /home/jtuyls/iree-ai/llvm-aie-port/amd/aie/llvm/lib/Target/AIE/InstPrinter/AIECommonInstPrinter.h:19:
/home/jtuyls/iree-ai/llvm-aie-port/llvm/include/llvm/MC/MCExpr.h:19:7: note: forward declaration of ‘class llvm::MCAsmInfo’
   19 | class MCAsmInfo;
      |       ^~~~~~~~~
[529/552] Building CXX object lib/Target/AIE/InstPrinter/CMakeFiles/LLVMAIEAsmPrinter.dir/AIE2InstPrinter.cpp.o
In file included from /home/jtuyls/iree-ai/llvm-aie-port/amd/aie/llvm/lib/Target/AIE/InstPrinter/AIE2InstPrinter.h:18,
                 from /home/jtuyls/iree-ai/llvm-aie-port/amd/aie/llvm/lib/Target/AIE/InstPrinter/AIE2InstPrinter.cpp:15:
/home/jtuyls/iree-ai/llvm-aie-port/amd/aie/llvm/lib/Target/AIE/InstPrinter/AIECommonInstPrinter.h: In member function ‘void llvm::AIECommonInstPrinter::printImmOffset(const llvm::MCOperand&, const llvm::MCSubtargetInfo&, llvm::raw_ostream&)’:
/home/jtuyls/iree-ai/llvm-aie-port/amd/aie/llvm/lib/Target/AIE/InstPrinter/AIECommonInstPrinter.h:54:5: warning: invalid use of incomplete type ‘const class llvm::MCAsmInfo’
   54 |     MAI.printExpr(O, *MO.getExpr());
      |     ^~~
In file included from /home/jtuyls/iree-ai/llvm-aie-port/llvm/include/llvm/MC/MCSymbol.h:18,
                 from /home/jtuyls/iree-ai/llvm-aie-port/llvm/include/llvm/MC/MCObjectWriter.h:12,
                 from /home/jtuyls/iree-ai/llvm-aie-port/amd/aie/llvm/lib/Target/AIE/MCTargetDesc/AIEMCTargetDesc.h:19,
                 from /home/jtuyls/iree-ai/llvm-aie-port/amd/aie/llvm/lib/Target/AIE/InstPrinter/AIECommonInstPrinter.h:19:
/home/jtuyls/iree-ai/llvm-aie-port/llvm/include/llvm/MC/MCExpr.h:19:7: note: forward declaration of ‘class llvm::MCAsmInfo’
   19 | class MCAsmInfo;
      |       ^~~~~~~~~
[530/552] Building CXX object lib/Target/AIE/CMakeFiles/LLVMAIECodeGen.dir/aie2p/AIE2PPostLegalizerCustomCombiner.cpp.o
[531/552] Building CXX object lib/Target/AIE/InstPrinter/CMakeFiles/LLVMAIEAsmPrinter.dir/AIE2PSInstPrinter.cpp.o
In file included from /home/jtuyls/iree-ai/llvm-aie-port/amd/aie/llvm/lib/Target/AIE/InstPrinter/AIE2PSInstPrinter.h:18,
                 from /home/jtuyls/iree-ai/llvm-aie-port/amd/aie/llvm/lib/Target/AIE/InstPrinter/AIE2PSInstPrinter.cpp:15:
/home/jtuyls/iree-ai/llvm-aie-port/amd/aie/llvm/lib/Target/AIE/InstPrinter/AIECommonInstPrinter.h: In member function ‘void llvm::AIECommonInstPrinter::printImmOffset(const llvm::MCOperand&, const llvm::MCSubtargetInfo&, llvm::raw_ostream&)’:
/home/jtuyls/iree-ai/llvm-aie-port/amd/aie/llvm/lib/Target/AIE/InstPrinter/AIECommonInstPrinter.h:54:5: warning: invalid use of incomplete type ‘const class llvm::MCAsmInfo’
   54 |     MAI.printExpr(O, *MO.getExpr());
      |     ^~~
In file included from /home/jtuyls/iree-ai/llvm-aie-port/llvm/include/llvm/MC/MCSymbol.h:18,
                 from /home/jtuyls/iree-ai/llvm-aie-port/llvm/include/llvm/MC/MCObjectWriter.h:12,
                 from /home/jtuyls/iree-ai/llvm-aie-port/amd/aie/llvm/lib/Target/AIE/MCTargetDesc/AIEMCTargetDesc.h:19,
                 from /home/jtuyls/iree-ai/llvm-aie-port/amd/aie/llvm/lib/Target/AIE/InstPrinter/AIECommonInstPrinter.h:19:
/home/jtuyls/iree-ai/llvm-aie-port/llvm/include/llvm/MC/MCExpr.h:19:7: note: forward declaration of ‘class llvm::MCAsmInfo’
   19 | class MCAsmInfo;
      |       ^~~~~~~~~
[532/552] Building CXX object lib/Target/AIE/CMakeFiles/LLVMAIECodeGen.dir/aie2p/AIE2PTargetTransformInfo.cpp.o
In file included from /home/jtuyls/iree-ai/llvm-aie-port/amd/aie/llvm/lib/Target/AIE/aie2p/AIE2PFrameLowering.h:18,
                 from /home/jtuyls/iree-ai/llvm-aie-port/amd/aie/llvm/lib/Target/AIE/aie2p/AIE2PSubtarget.h:18,
                 from /home/jtuyls/iree-ai/llvm-aie-port/amd/aie/llvm/lib/Target/AIE/aie2p/AIE2PTargetMachine.h:18,
                 from /home/jtuyls/iree-ai/llvm-aie-port/amd/aie/llvm/lib/Target/AIE/aie2p/AIE2PTargetTransformInfo.h:20,
                 from /home/jtuyls/iree-ai/llvm-aie-port/amd/aie/llvm/lib/Target/AIE/aie2p/AIE2PTargetTransformInfo.cpp:11:
/home/jtuyls/iree-ai/llvm-aie-port/amd/aie/llvm/lib/Target/AIE/AIEBaseFrameLowering.h:90:16: warning: ‘virtual void llvm::AIEBaseFrameLowering::adjustReg(llvm::MachineBasicBlock&, llvm::MachineBasicBlock::iterator, const llvm::DebugLoc&, unsigned int, int64_t, llvm::MachineInstr::MIFlag) const’ was hidden [-Woverloaded-virtual=]
   90 |   virtual void adjustReg(MachineBasicBlock &MBB,
      |                ^~~~~~~~~
In file included from /home/jtuyls/iree-ai/llvm-aie-port/amd/aie/llvm/lib/Target/AIE/aie1/AIE1Subtarget.h:19,
                 from /home/jtuyls/iree-ai/llvm-aie-port/amd/aie/llvm/lib/Target/AIE/AIEBaseTargetTransformInfo.h:21,
                 from /home/jtuyls/iree-ai/llvm-aie-port/amd/aie/llvm/lib/Target/AIE/aie2p/AIE2PTargetTransformInfo.h:21:
/home/jtuyls/iree-ai/llvm-aie-port/amd/aie/llvm/lib/Target/AIE/aie1/AIE1FrameLowering.h:29:15: note:   by ‘static void llvm::AIEFrameLowering::adjustReg(const llvm::TargetInstrInfo*, llvm::MachineBasicBlock&, llvm::MachineBasicBlock::iterator, const llvm::DebugLoc&, unsigned int, int64_t, llvm::MachineInstr::MIFlag)’
   29 |   static void adjustReg(const TargetInstrInfo *TII, MachineBasicBlock &MBB,
      |               ^~~~~~~~~
/home/jtuyls/iree-ai/llvm-aie-port/amd/aie/llvm/lib/Target/AIE/AIEBaseTargetTransformInfo.h: In instantiation of ‘class llvm::AIEBaseTTIImpl<llvm::AIE2PTTIImpl>’:
/home/jtuyls/iree-ai/llvm-aie-port/amd/aie/llvm/lib/Target/AIE/aie2p/AIE2PTargetTransformInfo.h:34:29:   required from here
/home/jtuyls/iree-ai/llvm-aie-port/amd/aie/llvm/lib/Target/AIE/AIEBaseTargetTransformInfo.h:88:19: warning: ‘llvm::InstructionCost llvm::AIEBaseTTIImpl<T>::getIntImmCost(const llvm::APInt&, llvm::Type*, llvm::TargetTransformInfo::TargetCostKind) const [with T = llvm::AIE2PTTIImpl]’ can be marked override [-Wsuggest-override]
   88 |   InstructionCost getIntImmCost(const APInt &Imm, Type *Ty, TTI::TargetCostKind CostKind) const { // amd/aie/ port: 23 returns InstructionCost
      |                   ^~~~~~~~~~~~~
/home/jtuyls/iree-ai/llvm-aie-port/amd/aie/llvm/lib/Target/AIE/AIEBaseTargetTransformInfo.h:119:12: warning: ‘llvm::TypeSize llvm::AIEBaseTTIImpl<T>::getRegisterBitWidth(llvm::TargetTransformInfo::RegisterKind) const [with T = llvm::AIE2PTTIImpl]’ can be marked override [-Wsuggest-override]
  119 |   TypeSize getRegisterBitWidth(TargetTransformInfo::RegisterKind K) const {
      |            ^~~~~~~~~~~~~~~~~~~
/home/jtuyls/iree-ai/llvm-aie-port/amd/aie/llvm/lib/Target/AIE/AIEBaseTargetTransformInfo.h:134:12: warning: ‘unsigned int llvm::AIEBaseTTIImpl<T>::getMinVectorRegisterBitWidth() const [with T = llvm::AIE2PTTIImpl]’ can be marked override [-Wsuggest-override]
  134 |   unsigned getMinVectorRegisterBitWidth() const { return 512; }
      |            ^~~~~~~~~~~~~~~~~~~~~~~~~~~~
/home/jtuyls/iree-ai/llvm-aie-port/amd/aie/llvm/lib/Target/AIE/AIEBaseTargetTransformInfo.h:149:19: warning: ‘llvm::InstructionCost llvm::AIEBaseTTIImpl<T>::getArithmeticInstrCost(unsigned int, llvm::Type*, llvm::TargetTransformInfo::TargetCostKind, llvm::TargetTransformInfo::OperandValueInfo, llvm::TargetTransformInfo::OperandValueInfo, llvm::ArrayRef<const llvm::Value*>, const llvm::Instruction*) const [with T = llvm::AIE2PTTIImpl]’ can be marked override [-Wsuggest-override]
  149 |   InstructionCost getArithmeticInstrCost(
      |                   ^~~~~~~~~~~~~~~~~~~~~~
/home/jtuyls/iree-ai/llvm-aie-port/amd/aie/llvm/lib/Target/AIE/AIEBaseTargetTransformInfo.h:167:12: warning: ‘unsigned int llvm::AIEBaseTTIImpl<T>::getStoreVectorFactor(unsigned int, unsigned int, unsigned int, llvm::VectorType*) const [with T = llvm::AIE2PTTIImpl]’ can be marked override [-Wsuggest-override]
  167 |   unsigned getStoreVectorFactor(unsigned VF, unsigned StoreSizeInBits,
      |            ^~~~~~~~~~~~~~~~~~~~
/home/jtuyls/iree-ai/llvm-aie-port/amd/aie/llvm/lib/Target/AIE/AIEBaseTargetTransformInfo.h:179:12: warning: ‘unsigned int llvm::AIEBaseTTIImpl<T>::getLoadVectorFactor(unsigned int, unsigned int, unsigned int, llvm::VectorType*) const [with T = llvm::AIE2PTTIImpl]’ can be marked override [-Wsuggest-override]
  179 |   unsigned getLoadVectorFactor(unsigned VF, unsigned LoadSizeInBits,
      |            ^~~~~~~~~~~~~~~~~~~
/home/jtuyls/iree-ai/llvm-aie-port/amd/aie/llvm/lib/Target/AIE/AIEBaseTargetTransformInfo.h:186:8: warning: ‘bool llvm::AIEBaseTTIImpl<T>::isLegalToVectorizeStoreChain(unsigned int, llvm::Align, unsigned int) const [with T = llvm::AIE2PTTIImpl]’ can be marked override [-Wsuggest-override]
  186 |   bool isLegalToVectorizeStoreChain(unsigned ChainSizeInBytes, Align Alignment,
      |        ^~~~~~~~~~~~~~~~~~~~~~~~~~~~
/home/jtuyls/iree-ai/llvm-aie-port/amd/aie/llvm/lib/Target/AIE/aie2p/AIE2PTargetTransformInfo.h:52:19: warning: ‘virtual llvm::InstructionCost llvm::AIE2PTTIImpl::getMemoryOpCost(unsigned int, llvm::Type*, llvm::Align, unsigned int, llvm::TargetTransformInfo::TargetCostKind, llvm::TargetTransformInfo::OperandValueInfo, const llvm::Instruction*) const’ can be marked override [-Wsuggest-override]
   52 |   InstructionCost getMemoryOpCost(
      |                   ^~~~~~~~~~~~~~~
/home/jtuyls/iree-ai/llvm-aie-port/amd/aie/llvm/lib/Target/AIE/aie2p/AIE2PTargetTransformInfo.h:58:32: warning: ‘virtual std::optional<llvm::Instruction*> llvm::AIE2PTTIImpl::instCombineIntrinsic(llvm::InstCombiner&, llvm::IntrinsicInst&) const’ can be marked override [-Wsuggest-override]
   58 |   std::optional<Instruction *> instCombineIntrinsic(InstCombiner &IC,
      |                                ^~~~~~~~~~~~~~~~~~~~
[533/552] Building CXX object lib/Target/AIE/CMakeFiles/LLVMAIECodeGen.dir/aie1/AIE1TargetMachine.cpp.o
In file included from /home/jtuyls/iree-ai/llvm-aie-port/amd/aie/llvm/lib/Target/AIE/aie1/AIE1FrameLowering.h:18,
                 from /home/jtuyls/iree-ai/llvm-aie-port/amd/aie/llvm/lib/Target/AIE/aie1/AIE1Subtarget.h:19,
                 from /home/jtuyls/iree-ai/llvm-aie-port/amd/aie/llvm/lib/Target/AIE/aie1/AIE1TargetMachine.h:20,
                 from /home/jtuyls/iree-ai/llvm-aie-port/amd/aie/llvm/lib/Target/AIE/aie1/AIE1TargetMachine.cpp:15:
/home/jtuyls/iree-ai/llvm-aie-port/amd/aie/llvm/lib/Target/AIE/AIEBaseFrameLowering.h:90:16: warning: ‘virtual void llvm::AIEBaseFrameLowering::adjustReg(llvm::MachineBasicBlock&, llvm::MachineBasicBlock::iterator, const llvm::DebugLoc&, unsigned int, int64_t, llvm::MachineInstr::MIFlag) const’ was hidden [-Woverloaded-virtual=]
   90 |   virtual void adjustReg(MachineBasicBlock &MBB,
      |                ^~~~~~~~~
/home/jtuyls/iree-ai/llvm-aie-port/amd/aie/llvm/lib/Target/AIE/aie1/AIE1FrameLowering.h:29:15: note:   by ‘static void llvm::AIEFrameLowering::adjustReg(const llvm::TargetInstrInfo*, llvm::MachineBasicBlock&, llvm::MachineBasicBlock::iterator, const llvm::DebugLoc&, unsigned int, int64_t, llvm::MachineInstr::MIFlag)’
   29 |   static void adjustReg(const TargetInstrInfo *TII, MachineBasicBlock &MBB,
      |               ^~~~~~~~~
In file included from /home/jtuyls/iree-ai/llvm-aie-port/llvm/include/llvm/CodeGen/BasicTTIImpl.h:28,
                 from /home/jtuyls/iree-ai/llvm-aie-port/amd/aie/llvm/lib/Target/AIE/AIETargetTransformInfo.h:22,
                 from /home/jtuyls/iree-ai/llvm-aie-port/amd/aie/llvm/lib/Target/AIE/aie1/AIE1TargetMachine.cpp:20:
/home/jtuyls/iree-ai/llvm-aie-port/llvm/include/llvm/Analysis/TargetTransformInfoImpl.h:587:27: warning: ‘virtual llvm::InstructionCost llvm::TargetTransformInfoImplBase::getIntImmCost(const llvm::APInt&, llvm::Type*, llvm::TargetTransformInfo::TargetCostKind) const’ was hidden [-Woverloaded-virtual=]
  587 |   virtual InstructionCost getIntImmCost(const APInt &Imm, Type *Ty,
      |                           ^~~~~~~~~~~~~
/home/jtuyls/iree-ai/llvm-aie-port/amd/aie/llvm/lib/Target/AIE/AIETargetTransformInfo.h:42:7: note:   by ‘int llvm::AIETTIImpl::getIntImmCost(const llvm::APInt&, llvm::Type*, llvm::TargetTransformInfo::TargetCostKind)’
   42 |   int getIntImmCost(const APInt &Imm, Type *Ty, TTI::TargetCostKind CostKind) {
      |       ^~~~~~~~~~~~~
/home/jtuyls/iree-ai/llvm-aie-port/llvm/include/llvm/CodeGen/BasicTTIImpl.h:714:8: warning: ‘void llvm::BasicTTIImplBase<T>::getUnrollingPreferences(llvm::Loop*, llvm::ScalarEvolution&, llvm::TargetTransformInfo::UnrollingPreferences&, llvm::OptimizationRemarkEmitter*) const [with T = llvm::AIETTIImpl]’ was hidden [-Woverloaded-virtual=]
  714 |   void getUnrollingPreferences(Loop *L, ScalarEvolution &SE,
      |        ^~~~~~~~~~~~~~~~~~~~~~~
/home/jtuyls/iree-ai/llvm-aie-port/amd/aie/llvm/lib/Target/AIE/AIETargetTransformInfo.h:57:8: note:   by ‘void llvm::AIETTIImpl::getUnrollingPreferences(llvm::Loop*, llvm::ScalarEvolution&, llvm::TargetTransformInfo::UnrollingPreferences&, llvm::OptimizationRemarkEmitter*)’
   57 |   void getUnrollingPreferences(Loop *L, ScalarEvolution &SE,
      |        ^~~~~~~~~~~~~~~~~~~~~~~
[534/552] Building CXX object lib/Target/AIE/CMakeFiles/LLVMAIECodeGen.dir/aie2ps/AIE2PSPostLegalizerCustomCombiner.cpp.o
[535/552] Building CXX object lib/Target/AIE/CMakeFiles/LLVMAIECodeGen.dir/aie2p/AIE2PPostLegalizerGenericCombiner.cpp.o
[536/552] Building CXX object lib/Target/AIE/Utils/CMakeFiles/LLVMAIEUtils.dir/AIELoopUtils.cpp.o
[537/552] Linking CXX static library lib/libLLVMAIEUtils.a
[538/552] Linking CXX static library lib/libLLVMAIEAsmPrinter.a
[539/552] Building CXX object lib/Target/AIE/CMakeFiles/LLVMAIECodeGen.dir/aie2ps/AIE2PSTargetMachine.cpp.o
In file included from /home/jtuyls/iree-ai/llvm-aie-port/amd/aie/llvm/lib/Target/AIE/aie2ps/AIE2PSFrameLowering.h:18,
                 from /home/jtuyls/iree-ai/llvm-aie-port/amd/aie/llvm/lib/Target/AIE/aie2ps/AIE2PSSubtarget.h:18,
                 from /home/jtuyls/iree-ai/llvm-aie-port/amd/aie/llvm/lib/Target/AIE/aie2ps/AIE2PSTargetMachine.h:18,
                 from /home/jtuyls/iree-ai/llvm-aie-port/amd/aie/llvm/lib/Target/AIE/aie2ps/AIE2PSTargetMachine.cpp:15:
/home/jtuyls/iree-ai/llvm-aie-port/amd/aie/llvm/lib/Target/AIE/AIEBaseFrameLowering.h:90:16: warning: ‘virtual void llvm::AIEBaseFrameLowering::adjustReg(llvm::MachineBasicBlock&, llvm::MachineBasicBlock::iterator, const llvm::DebugLoc&, unsigned int, int64_t, llvm::MachineInstr::MIFlag) const’ was hidden [-Woverloaded-virtual=]
   90 |   virtual void adjustReg(MachineBasicBlock &MBB,
      |                ^~~~~~~~~
In file included from /home/jtuyls/iree-ai/llvm-aie-port/amd/aie/llvm/lib/Target/AIE/aie1/AIE1Subtarget.h:19,
                 from /home/jtuyls/iree-ai/llvm-aie-port/amd/aie/llvm/lib/Target/AIE/AIEBaseTargetTransformInfo.h:21,
                 from /home/jtuyls/iree-ai/llvm-aie-port/amd/aie/llvm/lib/Target/AIE/aie2ps/AIE2PSTargetTransformInfo.h:21,
                 from /home/jtuyls/iree-ai/llvm-aie-port/amd/aie/llvm/lib/Target/AIE/aie2ps/AIE2PSTargetMachine.cpp:16:
/home/jtuyls/iree-ai/llvm-aie-port/amd/aie/llvm/lib/Target/AIE/aie1/AIE1FrameLowering.h:29:15: note:   by ‘static void llvm::AIEFrameLowering::adjustReg(const llvm::TargetInstrInfo*, llvm::MachineBasicBlock&, llvm::MachineBasicBlock::iterator, const llvm::DebugLoc&, unsigned int, int64_t, llvm::MachineInstr::MIFlag)’
   29 |   static void adjustReg(const TargetInstrInfo *TII, MachineBasicBlock &MBB,
      |               ^~~~~~~~~
/home/jtuyls/iree-ai/llvm-aie-port/amd/aie/llvm/lib/Target/AIE/AIEBaseTargetTransformInfo.h: In instantiation of ‘class llvm::AIEBaseTTIImpl<llvm::AIE2PSTTIImpl>’:
/home/jtuyls/iree-ai/llvm-aie-port/amd/aie/llvm/lib/Target/AIE/aie2ps/AIE2PSTargetTransformInfo.h:34:30:   required from here
/home/jtuyls/iree-ai/llvm-aie-port/amd/aie/llvm/lib/Target/AIE/AIEBaseTargetTransformInfo.h:88:19: warning: ‘llvm::InstructionCost llvm::AIEBaseTTIImpl<T>::getIntImmCost(const llvm::APInt&, llvm::Type*, llvm::TargetTransformInfo::TargetCostKind) const [with T = llvm::AIE2PSTTIImpl]’ can be marked override [-Wsuggest-override]
   88 |   InstructionCost getIntImmCost(const APInt &Imm, Type *Ty, TTI::TargetCostKind CostKind) const { // amd/aie/ port: 23 returns InstructionCost
      |                   ^~~~~~~~~~~~~
/home/jtuyls/iree-ai/llvm-aie-port/amd/aie/llvm/lib/Target/AIE/AIEBaseTargetTransformInfo.h:119:12: warning: ‘llvm::TypeSize llvm::AIEBaseTTIImpl<T>::getRegisterBitWidth(llvm::TargetTransformInfo::RegisterKind) const [with T = llvm::AIE2PSTTIImpl]’ can be marked override [-Wsuggest-override]
  119 |   TypeSize getRegisterBitWidth(TargetTransformInfo::RegisterKind K) const {
      |            ^~~~~~~~~~~~~~~~~~~
/home/jtuyls/iree-ai/llvm-aie-port/amd/aie/llvm/lib/Target/AIE/AIEBaseTargetTransformInfo.h:134:12: warning: ‘unsigned int llvm::AIEBaseTTIImpl<T>::getMinVectorRegisterBitWidth() const [with T = llvm::AIE2PSTTIImpl]’ can be marked override [-Wsuggest-override]
  134 |   unsigned getMinVectorRegisterBitWidth() const { return 512; }
      |            ^~~~~~~~~~~~~~~~~~~~~~~~~~~~
/home/jtuyls/iree-ai/llvm-aie-port/amd/aie/llvm/lib/Target/AIE/AIEBaseTargetTransformInfo.h:149:19: warning: ‘llvm::InstructionCost llvm::AIEBaseTTIImpl<T>::getArithmeticInstrCost(unsigned int, llvm::Type*, llvm::TargetTransformInfo::TargetCostKind, llvm::TargetTransformInfo::OperandValueInfo, llvm::TargetTransformInfo::OperandValueInfo, llvm::ArrayRef<const llvm::Value*>, const llvm::Instruction*) const [with T = llvm::AIE2PSTTIImpl]’ can be marked override [-Wsuggest-override]
  149 |   InstructionCost getArithmeticInstrCost(
      |                   ^~~~~~~~~~~~~~~~~~~~~~
/home/jtuyls/iree-ai/llvm-aie-port/amd/aie/llvm/lib/Target/AIE/AIEBaseTargetTransformInfo.h:167:12: warning: ‘unsigned int llvm::AIEBaseTTIImpl<T>::getStoreVectorFactor(unsigned int, unsigned int, unsigned int, llvm::VectorType*) const [with T = llvm::AIE2PSTTIImpl]’ can be marked override [-Wsuggest-override]
  167 |   unsigned getStoreVectorFactor(unsigned VF, unsigned StoreSizeInBits,
      |            ^~~~~~~~~~~~~~~~~~~~
/home/jtuyls/iree-ai/llvm-aie-port/amd/aie/llvm/lib/Target/AIE/AIEBaseTargetTransformInfo.h:179:12: warning: ‘unsigned int llvm::AIEBaseTTIImpl<T>::getLoadVectorFactor(unsigned int, unsigned int, unsigned int, llvm::VectorType*) const [with T = llvm::AIE2PSTTIImpl]’ can be marked override [-Wsuggest-override]
  179 |   unsigned getLoadVectorFactor(unsigned VF, unsigned LoadSizeInBits,
      |            ^~~~~~~~~~~~~~~~~~~
/home/jtuyls/iree-ai/llvm-aie-port/amd/aie/llvm/lib/Target/AIE/AIEBaseTargetTransformInfo.h:186:8: warning: ‘bool llvm::AIEBaseTTIImpl<T>::isLegalToVectorizeStoreChain(unsigned int, llvm::Align, unsigned int) const [with T = llvm::AIE2PSTTIImpl]’ can be marked override [-Wsuggest-override]
  186 |   bool isLegalToVectorizeStoreChain(unsigned ChainSizeInBytes, Align Alignment,
      |        ^~~~~~~~~~~~~~~~~~~~~~~~~~~~
/home/jtuyls/iree-ai/llvm-aie-port/amd/aie/llvm/lib/Target/AIE/aie2ps/AIE2PSTargetTransformInfo.h:53:19: warning: ‘virtual llvm::InstructionCost llvm::AIE2PSTTIImpl::getMemoryOpCost(unsigned int, llvm::Type*, llvm::Align, unsigned int, llvm::TargetTransformInfo::TargetCostKind, llvm::TargetTransformInfo::OperandValueInfo, const llvm::Instruction*) const’ can be marked override [-Wsuggest-override]
   53 |   InstructionCost getMemoryOpCost(
      |                   ^~~~~~~~~~~~~~~
/home/jtuyls/iree-ai/llvm-aie-port/amd/aie/llvm/lib/Target/AIE/aie2ps/AIE2PSTargetTransformInfo.h:59:32: warning: ‘virtual std::optional<llvm::Instruction*> llvm::AIE2PSTTIImpl::instCombineIntrinsic(llvm::InstCombiner&, llvm::IntrinsicInst&) const’ can be marked override [-Wsuggest-override]
   59 |   std::optional<Instruction *> instCombineIntrinsic(InstCombiner &IC,
      |                                ^~~~~~~~~~~~~~~~~~~~
[540/552] Building CXX object lib/Target/AIE/CMakeFiles/LLVMAIECodeGen.dir/aie2ps/AIE2PSPostLegalizerFinalCombiner.cpp.o
[541/552] Building CXX object lib/Target/AIE/CMakeFiles/LLVMAIECodeGen.dir/aie2p/AIE2PInstructionSelector.cpp.o
/home/jtuyls/iree-ai/llvm-aie-port/amd/aie/llvm/lib/Target/AIE/aie2p/AIE2PInstructionSelector.cpp:760:10: warning: ‘llvm::Register {anonymous}::AIE2PInstructionSelector::createPLFRRegSequence(llvm::Register, llvm::Register, llvm::Register, llvm::MachineRegisterInfo&)’ defined but not used [-Wunused-function]
  760 | Register AIE2PInstructionSelector::createPLFRRegSequence(
      |          ^~~~~~~~~~~~~~~~~~~~~~~~
[542/552] Building CXX object lib/Target/AIE/CMakeFiles/LLVMAIECodeGen.dir/aie2p/AIE2PPreLegalizerCombiner.cpp.o
[543/552] Building CXX object lib/Target/AIE/MCTargetDesc/CMakeFiles/LLVMAIEDesc.dir/AIEMCCodeEmitter.cpp.o
In file included from /home/jtuyls/iree-ai/llvm-aie-port/amd/aie/llvm/lib/Target/AIE/MCTargetDesc/AIEMCCodeEmitter.cpp:15:
/home/jtuyls/iree-ai/llvm-aie-port/amd/aie/llvm/lib/Target/AIE/MCTargetDesc/AIEBaseMCCodeEmitter.h: In instantiation of ‘void llvm::{anonymous}::getSImmOpValueXStep(const llvm::MCInst&, unsigned int, llvm::APInt&, llvm::SmallVectorImpl<llvm::MCFixup>&, const llvm::MCSubtargetInfo&) [with int N = 14; unsigned int step = 4; int offset = 0; bool isNegative = true; bool isUnsigned = false]’:
/home/jtuyls/iree-ai/llvm-aie-port/build/lib/Target/AIE/AIEGenMCCodeEmitter.inc:1249:53:   required from here
/home/jtuyls/iree-ai/llvm-aie-port/amd/aie/llvm/lib/Target/AIE/MCTargetDesc/AIEBaseMCCodeEmitter.h:124:46: warning: ‘constexpr size_t llvm::CTLog2() [with long unsigned int kValue = 4; size_t = long unsigned int]’ is deprecated: Use ConstantLog2 instead [-Wdeprecated-declarations]
  124 |   const unsigned FixedZeroBits = CTLog2<step>();
      |                                  ~~~~~~~~~~~~^~
In file included from /home/jtuyls/iree-ai/llvm-aie-port/llvm/include/llvm/ADT/DenseMap.h:24,
                 from /home/jtuyls/iree-ai/llvm-aie-port/llvm/include/llvm/MC/MCExpr.h:12,
                 from /home/jtuyls/iree-ai/llvm-aie-port/llvm/include/llvm/MC/MCSymbol.h:18,
                 from /home/jtuyls/iree-ai/llvm-aie-port/llvm/include/llvm/MC/MCObjectWriter.h:12,
                 from /home/jtuyls/iree-ai/llvm-aie-port/amd/aie/llvm/lib/Target/AIE/MCTargetDesc/AIEMCTargetDesc.h:19,
                 from /home/jtuyls/iree-ai/llvm-aie-port/amd/aie/llvm/lib/Target/AIE/Utils/AIEBaseInfo.h:18,
                 from /home/jtuyls/iree-ai/llvm-aie-port/amd/aie/llvm/lib/Target/AIE/AIE.h:19,
                 from /home/jtuyls/iree-ai/llvm-aie-port/amd/aie/llvm/lib/Target/AIE/MCTargetDesc/AIEFormat.h:16,
                 from /home/jtuyls/iree-ai/llvm-aie-port/amd/aie/llvm/lib/Target/AIE/MCTargetDesc/AIEMCFormats.h:17,
                 from /home/jtuyls/iree-ai/llvm-aie-port/amd/aie/llvm/lib/Target/AIE/MCTargetDesc/AIEMCFixupKinds.h:14,
                 from /home/jtuyls/iree-ai/llvm-aie-port/amd/aie/llvm/lib/Target/AIE/MCTargetDesc/AIEBaseMCCodeEmitter.h:15:
/home/jtuyls/iree-ai/llvm-aie-port/llvm/include/llvm/Support/MathExtras.h:324:18: note: declared here
  324 | constexpr size_t CTLog2() {
      |                  ^~~~~~
/home/jtuyls/iree-ai/llvm-aie-port/amd/aie/llvm/lib/Target/AIE/MCTargetDesc/AIEBaseMCCodeEmitter.h: In instantiation of ‘void llvm::{anonymous}::getSImmOpValueXStep(const llvm::MCInst&, unsigned int, llvm::APInt&, llvm::SmallVectorImpl<llvm::MCFixup>&, const llvm::MCSubtargetInfo&) [with int N = 4; unsigned int step = 4; int offset = 0; bool isNegative = false; bool isUnsigned = false]’:
/home/jtuyls/iree-ai/llvm-aie-port/build/lib/Target/AIE/AIEGenMCCodeEmitter.inc:1349:52:   required from here
/home/jtuyls/iree-ai/llvm-aie-port/amd/aie/llvm/lib/Target/AIE/MCTargetDesc/AIEBaseMCCodeEmitter.h:124:46: warning: ‘constexpr size_t llvm::CTLog2() [with long unsigned int kValue = 4; size_t = long unsigned int]’ is deprecated: Use ConstantLog2 instead [-Wdeprecated-declarations]
  124 |   const unsigned FixedZeroBits = CTLog2<step>();
      |                                  ~~~~~~~~~~~~^~
/home/jtuyls/iree-ai/llvm-aie-port/llvm/include/llvm/Support/MathExtras.h:324:18: note: declared here
  324 | constexpr size_t CTLog2() {
      |                  ^~~~~~
/home/jtuyls/iree-ai/llvm-aie-port/amd/aie/llvm/lib/Target/AIE/MCTargetDesc/AIEBaseMCCodeEmitter.h: In instantiation of ‘void llvm::{anonymous}::getSImmOpValueXStep(const llvm::MCInst&, unsigned int, llvm::APInt&, llvm::SmallVectorImpl<llvm::MCFixup>&, const llvm::MCSubtargetInfo&) [with int N = 5; unsigned int step = 32; int offset = 0; bool isNegative = false; bool isUnsigned = false]’:
/home/jtuyls/iree-ai/llvm-aie-port/build/lib/Target/AIE/AIEGenMCCodeEmitter.inc:1371:53:   required from here
/home/jtuyls/iree-ai/llvm-aie-port/amd/aie/llvm/lib/Target/AIE/MCTargetDesc/AIEBaseMCCodeEmitter.h:124:46: warning: ‘constexpr size_t llvm::CTLog2() [with long unsigned int kValue = 32; size_t = long unsigned int]’ is deprecated: Use ConstantLog2 instead [-Wdeprecated-declarations]
  124 |   const unsigned FixedZeroBits = CTLog2<step>();
      |                                  ~~~~~~~~~~~~^~
/home/jtuyls/iree-ai/llvm-aie-port/llvm/include/llvm/Support/MathExtras.h:324:18: note: declared here
  324 | constexpr size_t CTLog2() {
      |                  ^~~~~~
/home/jtuyls/iree-ai/llvm-aie-port/amd/aie/llvm/lib/Target/AIE/MCTargetDesc/AIEBaseMCCodeEmitter.h: In instantiation of ‘void llvm::{anonymous}::getSImmOpValueXStep(const llvm::MCInst&, unsigned int, llvm::APInt&, llvm::SmallVectorImpl<llvm::MCFixup>&, const llvm::MCSubtargetInfo&) [with int N = 7; unsigned int step = 32; int offset = 0; bool isNegative = true; bool isUnsigned = false]’:
/home/jtuyls/iree-ai/llvm-aie-port/build/lib/Target/AIE/AIEGenMCCodeEmitter.inc:3650:53:   required from here
/home/jtuyls/iree-ai/llvm-aie-port/amd/aie/llvm/lib/Target/AIE/MCTargetDesc/AIEBaseMCCodeEmitter.h:124:46: warning: ‘constexpr size_t llvm::CTLog2() [with long unsigned int kValue = 32; size_t = long unsigned int]’ is deprecated: Use ConstantLog2 instead [-Wdeprecated-declarations]
  124 |   const unsigned FixedZeroBits = CTLog2<step>();
      |                                  ~~~~~~~~~~~~^~
/home/jtuyls/iree-ai/llvm-aie-port/llvm/include/llvm/Support/MathExtras.h:324:18: note: declared here
  324 | constexpr size_t CTLog2() {
      |                  ^~~~~~
/home/jtuyls/iree-ai/llvm-aie-port/amd/aie/llvm/lib/Target/AIE/MCTargetDesc/AIEBaseMCCodeEmitter.h: In instantiation of ‘void llvm::{anonymous}::getSImmOpValueXStep(const llvm::MCInst&, unsigned int, llvm::APInt&, llvm::SmallVectorImpl<llvm::MCFixup>&, const llvm::MCSubtargetInfo&) [with int N = 7; unsigned int step = 4; int offset = 0; bool isNegative = true; bool isUnsigned = false]’:
/home/jtuyls/iree-ai/llvm-aie-port/build/lib/Target/AIE/AIEGenMCCodeEmitter.inc:4082:52:   required from here
/home/jtuyls/iree-ai/llvm-aie-port/amd/aie/llvm/lib/Target/AIE/MCTargetDesc/AIEBaseMCCodeEmitter.h:124:46: warning: ‘constexpr size_t llvm::CTLog2() [with long unsigned int kValue = 4; size_t = long unsigned int]’ is deprecated: Use ConstantLog2 instead [-Wdeprecated-declarations]
  124 |   const unsigned FixedZeroBits = CTLog2<step>();
      |                                  ~~~~~~~~~~~~^~
/home/jtuyls/iree-ai/llvm-aie-port/llvm/include/llvm/Support/MathExtras.h:324:18: note: declared here
  324 | constexpr size_t CTLog2() {
      |                  ^~~~~~
/home/jtuyls/iree-ai/llvm-aie-port/amd/aie/llvm/lib/Target/AIE/MCTargetDesc/AIEBaseMCCodeEmitter.h: In instantiation of ‘void llvm::{anonymous}::getSImmOpValueXStep(const llvm::MCInst&, unsigned int, llvm::APInt&, llvm::SmallVectorImpl<llvm::MCFixup>&, const llvm::MCSubtargetInfo&) [with int N = 7; unsigned int step = 16; int offset = 0; bool isNegative = true; bool isUnsigned = false]’:
/home/jtuyls/iree-ai/llvm-aie-port/build/lib/Target/AIE/AIEGenMCCodeEmitter.inc:4252:53:   required from here
/home/jtuyls/iree-ai/llvm-aie-port/amd/aie/llvm/lib/Target/AIE/MCTargetDesc/AIEBaseMCCodeEmitter.h:124:46: warning: ‘constexpr size_t llvm::CTLog2() [with long unsigned int kValue = 16; size_t = long unsigned int]’ is deprecated: Use ConstantLog2 instead [-Wdeprecated-declarations]
  124 |   const unsigned FixedZeroBits = CTLog2<step>();
      |                                  ~~~~~~~~~~~~^~
/home/jtuyls/iree-ai/llvm-aie-port/llvm/include/llvm/Support/MathExtras.h:324:18: note: declared here
  324 | constexpr size_t CTLog2() {
      |                  ^~~~~~
[544/552] Linking CXX static library lib/libLLVMAIEDesc.a
[545/552] Building CXX object lib/Target/AIE/CMakeFiles/LLVMAIECodeGen.dir/aie2ps/AIE2PSPostLegalizerGenericCombiner.cpp.o
[546/552] Building CXX object lib/Target/AIE/CMakeFiles/LLVMAIECodeGen.dir/aie2ps/AIE2PSTargetTransformInfo.cpp.o
In file included from /home/jtuyls/iree-ai/llvm-aie-port/amd/aie/llvm/lib/Target/AIE/aie2ps/AIE2PSFrameLowering.h:18,
                 from /home/jtuyls/iree-ai/llvm-aie-port/amd/aie/llvm/lib/Target/AIE/aie2ps/AIE2PSSubtarget.h:18,
                 from /home/jtuyls/iree-ai/llvm-aie-port/amd/aie/llvm/lib/Target/AIE/aie2ps/AIE2PSTargetMachine.h:18,
                 from /home/jtuyls/iree-ai/llvm-aie-port/amd/aie/llvm/lib/Target/AIE/aie2ps/AIE2PSTargetTransformInfo.h:20,
                 from /home/jtuyls/iree-ai/llvm-aie-port/amd/aie/llvm/lib/Target/AIE/aie2ps/AIE2PSTargetTransformInfo.cpp:11:
/home/jtuyls/iree-ai/llvm-aie-port/amd/aie/llvm/lib/Target/AIE/AIEBaseFrameLowering.h:90:16: warning: ‘virtual void llvm::AIEBaseFrameLowering::adjustReg(llvm::MachineBasicBlock&, llvm::MachineBasicBlock::iterator, const llvm::DebugLoc&, unsigned int, int64_t, llvm::MachineInstr::MIFlag) const’ was hidden [-Woverloaded-virtual=]
   90 |   virtual void adjustReg(MachineBasicBlock &MBB,
      |                ^~~~~~~~~
In file included from /home/jtuyls/iree-ai/llvm-aie-port/amd/aie/llvm/lib/Target/AIE/aie1/AIE1Subtarget.h:19,
                 from /home/jtuyls/iree-ai/llvm-aie-port/amd/aie/llvm/lib/Target/AIE/AIEBaseTargetTransformInfo.h:21,
                 from /home/jtuyls/iree-ai/llvm-aie-port/amd/aie/llvm/lib/Target/AIE/aie2ps/AIE2PSTargetTransformInfo.h:21:
/home/jtuyls/iree-ai/llvm-aie-port/amd/aie/llvm/lib/Target/AIE/aie1/AIE1FrameLowering.h:29:15: note:   by ‘static void llvm::AIEFrameLowering::adjustReg(const llvm::TargetInstrInfo*, llvm::MachineBasicBlock&, llvm::MachineBasicBlock::iterator, const llvm::DebugLoc&, unsigned int, int64_t, llvm::MachineInstr::MIFlag)’
   29 |   static void adjustReg(const TargetInstrInfo *TII, MachineBasicBlock &MBB,
      |               ^~~~~~~~~
/home/jtuyls/iree-ai/llvm-aie-port/amd/aie/llvm/lib/Target/AIE/AIEBaseTargetTransformInfo.h: In instantiation of ‘class llvm::AIEBaseTTIImpl<llvm::AIE2PSTTIImpl>’:
/home/jtuyls/iree-ai/llvm-aie-port/amd/aie/llvm/lib/Target/AIE/aie2ps/AIE2PSTargetTransformInfo.h:34:30:   required from here
/home/jtuyls/iree-ai/llvm-aie-port/amd/aie/llvm/lib/Target/AIE/AIEBaseTargetTransformInfo.h:88:19: warning: ‘llvm::InstructionCost llvm::AIEBaseTTIImpl<T>::getIntImmCost(const llvm::APInt&, llvm::Type*, llvm::TargetTransformInfo::TargetCostKind) const [with T = llvm::AIE2PSTTIImpl]’ can be marked override [-Wsuggest-override]
   88 |   InstructionCost getIntImmCost(const APInt &Imm, Type *Ty, TTI::TargetCostKind CostKind) const { // amd/aie/ port: 23 returns InstructionCost
      |                   ^~~~~~~~~~~~~
/home/jtuyls/iree-ai/llvm-aie-port/amd/aie/llvm/lib/Target/AIE/AIEBaseTargetTransformInfo.h:119:12: warning: ‘llvm::TypeSize llvm::AIEBaseTTIImpl<T>::getRegisterBitWidth(llvm::TargetTransformInfo::RegisterKind) const [with T = llvm::AIE2PSTTIImpl]’ can be marked override [-Wsuggest-override]
  119 |   TypeSize getRegisterBitWidth(TargetTransformInfo::RegisterKind K) const {
      |            ^~~~~~~~~~~~~~~~~~~
/home/jtuyls/iree-ai/llvm-aie-port/amd/aie/llvm/lib/Target/AIE/AIEBaseTargetTransformInfo.h:134:12: warning: ‘unsigned int llvm::AIEBaseTTIImpl<T>::getMinVectorRegisterBitWidth() const [with T = llvm::AIE2PSTTIImpl]’ can be marked override [-Wsuggest-override]
  134 |   unsigned getMinVectorRegisterBitWidth() const { return 512; }
      |            ^~~~~~~~~~~~~~~~~~~~~~~~~~~~
/home/jtuyls/iree-ai/llvm-aie-port/amd/aie/llvm/lib/Target/AIE/AIEBaseTargetTransformInfo.h:149:19: warning: ‘llvm::InstructionCost llvm::AIEBaseTTIImpl<T>::getArithmeticInstrCost(unsigned int, llvm::Type*, llvm::TargetTransformInfo::TargetCostKind, llvm::TargetTransformInfo::OperandValueInfo, llvm::TargetTransformInfo::OperandValueInfo, llvm::ArrayRef<const llvm::Value*>, const llvm::Instruction*) const [with T = llvm::AIE2PSTTIImpl]’ can be marked override [-Wsuggest-override]
  149 |   InstructionCost getArithmeticInstrCost(
      |                   ^~~~~~~~~~~~~~~~~~~~~~
/home/jtuyls/iree-ai/llvm-aie-port/amd/aie/llvm/lib/Target/AIE/AIEBaseTargetTransformInfo.h:167:12: warning: ‘unsigned int llvm::AIEBaseTTIImpl<T>::getStoreVectorFactor(unsigned int, unsigned int, unsigned int, llvm::VectorType*) const [with T = llvm::AIE2PSTTIImpl]’ can be marked override [-Wsuggest-override]
  167 |   unsigned getStoreVectorFactor(unsigned VF, unsigned StoreSizeInBits,
      |            ^~~~~~~~~~~~~~~~~~~~
/home/jtuyls/iree-ai/llvm-aie-port/amd/aie/llvm/lib/Target/AIE/AIEBaseTargetTransformInfo.h:179:12: warning: ‘unsigned int llvm::AIEBaseTTIImpl<T>::getLoadVectorFactor(unsigned int, unsigned int, unsigned int, llvm::VectorType*) const [with T = llvm::AIE2PSTTIImpl]’ can be marked override [-Wsuggest-override]
  179 |   unsigned getLoadVectorFactor(unsigned VF, unsigned LoadSizeInBits,
      |            ^~~~~~~~~~~~~~~~~~~
/home/jtuyls/iree-ai/llvm-aie-port/amd/aie/llvm/lib/Target/AIE/AIEBaseTargetTransformInfo.h:186:8: warning: ‘bool llvm::AIEBaseTTIImpl<T>::isLegalToVectorizeStoreChain(unsigned int, llvm::Align, unsigned int) const [with T = llvm::AIE2PSTTIImpl]’ can be marked override [-Wsuggest-override]
  186 |   bool isLegalToVectorizeStoreChain(unsigned ChainSizeInBytes, Align Alignment,
      |        ^~~~~~~~~~~~~~~~~~~~~~~~~~~~
/home/jtuyls/iree-ai/llvm-aie-port/amd/aie/llvm/lib/Target/AIE/aie2ps/AIE2PSTargetTransformInfo.h:53:19: warning: ‘virtual llvm::InstructionCost llvm::AIE2PSTTIImpl::getMemoryOpCost(unsigned int, llvm::Type*, llvm::Align, unsigned int, llvm::TargetTransformInfo::TargetCostKind, llvm::TargetTransformInfo::OperandValueInfo, const llvm::Instruction*) const’ can be marked override [-Wsuggest-override]
   53 |   InstructionCost getMemoryOpCost(
      |                   ^~~~~~~~~~~~~~~
/home/jtuyls/iree-ai/llvm-aie-port/amd/aie/llvm/lib/Target/AIE/aie2ps/AIE2PSTargetTransformInfo.h:59:32: warning: ‘virtual std::optional<llvm::Instruction*> llvm::AIE2PSTTIImpl::instCombineIntrinsic(llvm::InstCombiner&, llvm::IntrinsicInst&) const’ can be marked override [-Wsuggest-override]
   59 |   std::optional<Instruction *> instCombineIntrinsic(InstCombiner &IC,
      |                                ^~~~~~~~~~~~~~~~~~~~
[547/552] Building CXX object lib/Target/AIE/CMakeFiles/LLVMAIECodeGen.dir/aie2ps/AIE2PSInstructionSelector.cpp.o
[548/552] Building CXX object lib/Target/AIE/CMakeFiles/LLVMAIECodeGen.dir/aie2ps/AIE2PSPreLegalizerCombiner.cpp.o
[549/552] Building CXX object lib/Transforms/Vectorize/CMakeFiles/LLVMVectorize.dir/SLPVectorizer.cpp.o
[550/552] Linking CXX static library lib/libLLVMVectorize.a
[551/552] Linking CXX static library lib/libLLVMipo.a
ninja: build stopped: cannot make progress due to previous errors.
DONE_RC=1
