ninja: Entering directory `build'
[1/269] Building AIE2GenFormats.inc...
FAILED: lib/Target/AIE/AIE2GenFormats.inc /home/jtuyls/iree-ai/llvm-aie-port/build/lib/Target/AIE/AIE2GenFormats.inc 
cd /home/jtuyls/iree-ai/llvm-aie-port/build/lib/Target/AIE && /home/jtuyls/iree-ai/llvm-aie-port/build/bin/llvm-tblgen -gen-instr-format -I/home/jtuyls/iree-ai/llvm-aie-port/amd/aie/llvm/lib/Target/AIE -I/home/jtuyls/iree-ai/llvm-aie-port/build/include -I/home/jtuyls/iree-ai/llvm-aie-port/llvm/include -I/home/jtuyls/iree-ai/llvm-aie-port/amd/aie/llvm/include -I /home/jtuyls/iree-ai/llvm-aie-port/llvm/lib/Target /home/jtuyls/iree-ai/llvm-aie-port/amd/aie/llvm/lib/Target/AIE/AIE2.td --write-if-changed -o AIE2GenFormats.inc -d AIE2GenFormats.inc.d && /usr/bin/cmake -E cmake_transform_depfile Ninja gccdepfile /home/jtuyls/iree-ai/llvm-aie-port/llvm /home/jtuyls/iree-ai/llvm-aie-port/amd/aie/llvm/lib/Target/AIE /home/jtuyls/iree-ai/llvm-aie-port/build /home/jtuyls/iree-ai/llvm-aie-port/build/lib/Target/AIE /home/jtuyls/iree-ai/llvm-aie-port/build/lib/Target/AIE/AIE2GenFormats.inc.d /home/jtuyls/iree-ai/llvm-aie-port/build/CMakeFiles/d/a674a627000b4bd000967d95a148ba404c2acb99bd2031fb1a1b3f0d6849f007.d
llvm-tblgen: Unknown command line argument '-gen-instr-format'.  Try: '/home/jtuyls/iree-ai/llvm-aie-port/build/bin/llvm-tblgen --help'
llvm-tblgen: Did you mean '--gen-instr-docs'?
[2/269] Building AIE2GenGlobalISel.inc...
FAILED: lib/Target/AIE/AIE2GenGlobalISel.inc /home/jtuyls/iree-ai/llvm-aie-port/build/lib/Target/AIE/AIE2GenGlobalISel.inc 
cd /home/jtuyls/iree-ai/llvm-aie-port/build/lib/Target/AIE && /home/jtuyls/iree-ai/llvm-aie-port/build/bin/llvm-tblgen -gen-global-isel -gisel-subtarget-class AIEBaseSubtarget --warn-on-skipped-patterns -I/home/jtuyls/iree-ai/llvm-aie-port/amd/aie/llvm/lib/Target/AIE -I/home/jtuyls/iree-ai/llvm-aie-port/build/include -I/home/jtuyls/iree-ai/llvm-aie-port/llvm/include -I/home/jtuyls/iree-ai/llvm-aie-port/amd/aie/llvm/include -I /home/jtuyls/iree-ai/llvm-aie-port/llvm/lib/Target /home/jtuyls/iree-ai/llvm-aie-port/amd/aie/llvm/lib/Target/AIE/AIE2.td --write-if-changed -o AIE2GenGlobalISel.inc -d AIE2GenGlobalISel.inc.d && /usr/bin/cmake -E cmake_transform_depfile Ninja gccdepfile /home/jtuyls/iree-ai/llvm-aie-port/llvm /home/jtuyls/iree-ai/llvm-aie-port/amd/aie/llvm/lib/Target/AIE /home/jtuyls/iree-ai/llvm-aie-port/build /home/jtuyls/iree-ai/llvm-aie-port/build/lib/Target/AIE /home/jtuyls/iree-ai/llvm-aie-port/build/lib/Target/AIE/AIE2GenGlobalISel.inc.d /home/jtuyls/iree-ai/llvm-aie-port/build/CMakeFiles/d/fd099a882150d7f5c0ca7b51617fe9b25b590b5ce9c750df8843da1c58e7c1cc.d
llvm-tblgen: Unknown command line argument '-gisel-subtarget-class'.  Try: '/home/jtuyls/iree-ai/llvm-aie-port/build/bin/llvm-tblgen --help'
llvm-tblgen: Did you mean '--base-subtargetinfo-class'?
llvm-tblgen: Too many positional arguments specified!
Can specify at most 1 positional arguments: See: /home/jtuyls/iree-ai/llvm-aie-port/build/bin/llvm-tblgen --help
[3/269] Building AIE2GenMemoryCycles.inc...
FAILED: lib/Target/AIE/AIE2GenMemoryCycles.inc /home/jtuyls/iree-ai/llvm-aie-port/build/lib/Target/AIE/AIE2GenMemoryCycles.inc 
cd /home/jtuyls/iree-ai/llvm-aie-port/build/lib/Target/AIE && /home/jtuyls/iree-ai/llvm-aie-port/build/bin/llvm-tblgen -gen-aie-memory-cycles -I/home/jtuyls/iree-ai/llvm-aie-port/amd/aie/llvm/lib/Target/AIE -I/home/jtuyls/iree-ai/llvm-aie-port/build/include -I/home/jtuyls/iree-ai/llvm-aie-port/llvm/include -I/home/jtuyls/iree-ai/llvm-aie-port/amd/aie/llvm/include -I /home/jtuyls/iree-ai/llvm-aie-port/llvm/lib/Target /home/jtuyls/iree-ai/llvm-aie-port/amd/aie/llvm/lib/Target/AIE/AIE2.td --write-if-changed -o AIE2GenMemoryCycles.inc -d AIE2GenMemoryCycles.inc.d && /usr/bin/cmake -E cmake_transform_depfile Ninja gccdepfile /home/jtuyls/iree-ai/llvm-aie-port/llvm /home/jtuyls/iree-ai/llvm-aie-port/amd/aie/llvm/lib/Target/AIE /home/jtuyls/iree-ai/llvm-aie-port/build /home/jtuyls/iree-ai/llvm-aie-port/build/lib/Target/AIE /home/jtuyls/iree-ai/llvm-aie-port/build/lib/Target/AIE/AIE2GenMemoryCycles.inc.d /home/jtuyls/iree-ai/llvm-aie-port/build/CMakeFiles/d/349b028f8418b0230959cc30d6f7cff9b9fad7c8e738e216a94f9bf36120a85a.d
llvm-tblgen: Unknown command line argument '-gen-aie-memory-cycles'.  Try: '/home/jtuyls/iree-ai/llvm-aie-port/build/bin/llvm-tblgen --help'
llvm-tblgen: Did you mean '--gen-x86-mnemonic-tables'?
[4/269] Building AIE2GenPostLegalizerGICustomCombiner.inc...
FAILED: lib/Target/AIE/AIE2GenPostLegalizerGICustomCombiner.inc /home/jtuyls/iree-ai/llvm-aie-port/build/lib/Target/AIE/AIE2GenPostLegalizerGICustomCombiner.inc 
cd /home/jtuyls/iree-ai/llvm-aie-port/build/lib/Target/AIE && /home/jtuyls/iree-ai/llvm-aie-port/build/bin/llvm-tblgen -gen-global-isel-combiner -gisel-subtarget-class AIEBaseSubtarget -combiners="AIE2PostLegalizerCustomCombiner" -I/home/jtuyls/iree-ai/llvm-aie-port/amd/aie/llvm/lib/Target/AIE -I/home/jtuyls/iree-ai/llvm-aie-port/build/include -I/home/jtuyls/iree-ai/llvm-aie-port/llvm/include -I/home/jtuyls/iree-ai/llvm-aie-port/amd/aie/llvm/include -I /home/jtuyls/iree-ai/llvm-aie-port/llvm/lib/Target /home/jtuyls/iree-ai/llvm-aie-port/amd/aie/llvm/lib/Target/AIE/AIE2.td --write-if-changed -o AIE2GenPostLegalizerGICustomCombiner.inc -d AIE2GenPostLegalizerGICustomCombiner.inc.d && /usr/bin/cmake -E cmake_transform_depfile Ninja gccdepfile /home/jtuyls/iree-ai/llvm-aie-port/llvm /home/jtuyls/iree-ai/llvm-aie-port/amd/aie/llvm/lib/Target/AIE /home/jtuyls/iree-ai/llvm-aie-port/build /home/jtuyls/iree-ai/llvm-aie-port/build/lib/Target/AIE /home/jtuyls/iree-ai/llvm-aie-port/build/lib/Target/AIE/AIE2GenPostLegalizerGICustomCombiner.inc.d /home/jtuyls/iree-ai/llvm-aie-port/build/CMakeFiles/d/9ee881d3287a5c902e96b6b9fa94722d96c82f35c9972095476df9ddc2713b4b.d
llvm-tblgen: Unknown command line argument '-gisel-subtarget-class'.  Try: '/home/jtuyls/iree-ai/llvm-aie-port/build/bin/llvm-tblgen --help'
llvm-tblgen: Did you mean '--base-subtargetinfo-class'?
llvm-tblgen: Too many positional arguments specified!
Can specify at most 1 positional arguments: See: /home/jtuyls/iree-ai/llvm-aie-port/build/bin/llvm-tblgen --help
[5/269] Building AIE2GenPostLegalizerGIGenericCombiner.inc...
FAILED: lib/Target/AIE/AIE2GenPostLegalizerGIGenericCombiner.inc /home/jtuyls/iree-ai/llvm-aie-port/build/lib/Target/AIE/AIE2GenPostLegalizerGIGenericCombiner.inc 
cd /home/jtuyls/iree-ai/llvm-aie-port/build/lib/Target/AIE && /home/jtuyls/iree-ai/llvm-aie-port/build/bin/llvm-tblgen -gen-global-isel-combiner -gisel-subtarget-class AIEBaseSubtarget -combiners="AIE2PostLegalizerGenericCombiner" -I/home/jtuyls/iree-ai/llvm-aie-port/amd/aie/llvm/lib/Target/AIE -I/home/jtuyls/iree-ai/llvm-aie-port/build/include -I/home/jtuyls/iree-ai/llvm-aie-port/llvm/include -I/home/jtuyls/iree-ai/llvm-aie-port/amd/aie/llvm/include -I /home/jtuyls/iree-ai/llvm-aie-port/llvm/lib/Target /home/jtuyls/iree-ai/llvm-aie-port/amd/aie/llvm/lib/Target/AIE/AIE2.td --write-if-changed -o AIE2GenPostLegalizerGIGenericCombiner.inc -d AIE2GenPostLegalizerGIGenericCombiner.inc.d && /usr/bin/cmake -E cmake_transform_depfile Ninja gccdepfile /home/jtuyls/iree-ai/llvm-aie-port/llvm /home/jtuyls/iree-ai/llvm-aie-port/amd/aie/llvm/lib/Target/AIE /home/jtuyls/iree-ai/llvm-aie-port/build /home/jtuyls/iree-ai/llvm-aie-port/build/lib/Target/AIE /home/jtuyls/iree-ai/llvm-aie-port/build/lib/Target/AIE/AIE2GenPostLegalizerGIGenericCombiner.inc.d /home/jtuyls/iree-ai/llvm-aie-port/build/CMakeFiles/d/15d9e6bfa6ba13eb137263d5391fbf99e30b0012d64ae9e61e7e5512c040dd46.d
llvm-tblgen: Unknown command line argument '-gisel-subtarget-class'.  Try: '/home/jtuyls/iree-ai/llvm-aie-port/build/bin/llvm-tblgen --help'
llvm-tblgen: Did you mean '--base-subtargetinfo-class'?
llvm-tblgen: Too many positional arguments specified!
Can specify at most 1 positional arguments: See: /home/jtuyls/iree-ai/llvm-aie-port/build/bin/llvm-tblgen --help
[6/269] Building AIE2GenPreLegalizerGICombiner.inc...
FAILED: lib/Target/AIE/AIE2GenPreLegalizerGICombiner.inc /home/jtuyls/iree-ai/llvm-aie-port/build/lib/Target/AIE/AIE2GenPreLegalizerGICombiner.inc 
cd /home/jtuyls/iree-ai/llvm-aie-port/build/lib/Target/AIE && /home/jtuyls/iree-ai/llvm-aie-port/build/bin/llvm-tblgen -gen-global-isel-combiner -gisel-subtarget-class AIEBaseSubtarget -combiners="AIE2PreLegalizerCombiner" -I/home/jtuyls/iree-ai/llvm-aie-port/amd/aie/llvm/lib/Target/AIE -I/home/jtuyls/iree-ai/llvm-aie-port/build/include -I/home/jtuyls/iree-ai/llvm-aie-port/llvm/include -I/home/jtuyls/iree-ai/llvm-aie-port/amd/aie/llvm/include -I /home/jtuyls/iree-ai/llvm-aie-port/llvm/lib/Target /home/jtuyls/iree-ai/llvm-aie-port/amd/aie/llvm/lib/Target/AIE/AIE2.td --write-if-changed -o AIE2GenPreLegalizerGICombiner.inc -d AIE2GenPreLegalizerGICombiner.inc.d && /usr/bin/cmake -E cmake_transform_depfile Ninja gccdepfile /home/jtuyls/iree-ai/llvm-aie-port/llvm /home/jtuyls/iree-ai/llvm-aie-port/amd/aie/llvm/lib/Target/AIE /home/jtuyls/iree-ai/llvm-aie-port/build /home/jtuyls/iree-ai/llvm-aie-port/build/lib/Target/AIE /home/jtuyls/iree-ai/llvm-aie-port/build/lib/Target/AIE/AIE2GenPreLegalizerGICombiner.inc.d /home/jtuyls/iree-ai/llvm-aie-port/build/CMakeFiles/d/135cf447daae5b92b96e73eda4816235c054e8ebc7774b497b264a0ae885e1c3.d
llvm-tblgen: Unknown command line argument '-gisel-subtarget-class'.  Try: '/home/jtuyls/iree-ai/llvm-aie-port/build/bin/llvm-tblgen --help'
llvm-tblgen: Did you mean '--base-subtargetinfo-class'?
llvm-tblgen: Too many positional arguments specified!
Can specify at most 1 positional arguments: See: /home/jtuyls/iree-ai/llvm-aie-port/build/bin/llvm-tblgen --help
[7/269] Building AIE2GenPreSchedLowering.inc...
FAILED: lib/Target/AIE/AIE2GenPreSchedLowering.inc /home/jtuyls/iree-ai/llvm-aie-port/build/lib/Target/AIE/AIE2GenPreSchedLowering.inc 
cd /home/jtuyls/iree-ai/llvm-aie-port/build/lib/Target/AIE && /home/jtuyls/iree-ai/llvm-aie-port/build/bin/llvm-tblgen -gen-aie-presched-lowering -I/home/jtuyls/iree-ai/llvm-aie-port/amd/aie/llvm/lib/Target/AIE -I/home/jtuyls/iree-ai/llvm-aie-port/build/include -I/home/jtuyls/iree-ai/llvm-aie-port/llvm/include -I/home/jtuyls/iree-ai/llvm-aie-port/amd/aie/llvm/include -I /home/jtuyls/iree-ai/llvm-aie-port/llvm/lib/Target /home/jtuyls/iree-ai/llvm-aie-port/amd/aie/llvm/lib/Target/AIE/AIE2.td --write-if-changed -o AIE2GenPreSchedLowering.inc -d AIE2GenPreSchedLowering.inc.d && /usr/bin/cmake -E cmake_transform_depfile Ninja gccdepfile /home/jtuyls/iree-ai/llvm-aie-port/llvm /home/jtuyls/iree-ai/llvm-aie-port/amd/aie/llvm/lib/Target/AIE /home/jtuyls/iree-ai/llvm-aie-port/build /home/jtuyls/iree-ai/llvm-aie-port/build/lib/Target/AIE /home/jtuyls/iree-ai/llvm-aie-port/build/lib/Target/AIE/AIE2GenPreSchedLowering.inc.d /home/jtuyls/iree-ai/llvm-aie-port/build/CMakeFiles/d/19b4dbeefb7c862fd8bc78ed6cbba9799aa6f4d8f5a5b740a7d75d60b439b580.d
llvm-tblgen: Unknown command line argument '-gen-aie-presched-lowering'.  Try: '/home/jtuyls/iree-ai/llvm-aie-port/build/bin/llvm-tblgen --help'
llvm-tblgen: Did you mean '--gen-pseudo-lowering'?
[8/269] Building AIE2GenSplitInstrTables.inc...
FAILED: lib/Target/AIE/AIE2GenSplitInstrTables.inc /home/jtuyls/iree-ai/llvm-aie-port/build/lib/Target/AIE/AIE2GenSplitInstrTables.inc 
cd /home/jtuyls/iree-ai/llvm-aie-port/build/lib/Target/AIE && /home/jtuyls/iree-ai/llvm-aie-port/build/bin/llvm-tblgen -gen-aie-split-instr-tables -I/home/jtuyls/iree-ai/llvm-aie-port/amd/aie/llvm/lib/Target/AIE -I/home/jtuyls/iree-ai/llvm-aie-port/build/include -I/home/jtuyls/iree-ai/llvm-aie-port/llvm/include -I/home/jtuyls/iree-ai/llvm-aie-port/amd/aie/llvm/include -I /home/jtuyls/iree-ai/llvm-aie-port/llvm/lib/Target /home/jtuyls/iree-ai/llvm-aie-port/amd/aie/llvm/lib/Target/AIE/AIE2.td --write-if-changed -o AIE2GenSplitInstrTables.inc -d AIE2GenSplitInstrTables.inc.d && /usr/bin/cmake -E cmake_transform_depfile Ninja gccdepfile /home/jtuyls/iree-ai/llvm-aie-port/llvm /home/jtuyls/iree-ai/llvm-aie-port/amd/aie/llvm/lib/Target/AIE /home/jtuyls/iree-ai/llvm-aie-port/build /home/jtuyls/iree-ai/llvm-aie-port/build/lib/Target/AIE /home/jtuyls/iree-ai/llvm-aie-port/build/lib/Target/AIE/AIE2GenSplitInstrTables.inc.d /home/jtuyls/iree-ai/llvm-aie-port/build/CMakeFiles/d/777e1039cb0f3b747ee27909e9eaf5f63a3870686903b7b5ee96c1b804a55789.d
llvm-tblgen: Unknown command line argument '-gen-aie-split-instr-tables'.  Try: '/home/jtuyls/iree-ai/llvm-aie-port/build/bin/llvm-tblgen --help'
llvm-tblgen: Did you mean '--gen-x86-fold-tables'?
[9/269] Building AIE2GenVarInstructionItin.inc...
FAILED: lib/Target/AIE/AIE2GenVarInstructionItin.inc /home/jtuyls/iree-ai/llvm-aie-port/build/lib/Target/AIE/AIE2GenVarInstructionItin.inc 
cd /home/jtuyls/iree-ai/llvm-aie-port/build/lib/Target/AIE && /home/jtuyls/iree-ai/llvm-aie-port/build/bin/llvm-tblgen -gen-aie-alternate-itinerary-emitter -I/home/jtuyls/iree-ai/llvm-aie-port/amd/aie/llvm/lib/Target/AIE -I/home/jtuyls/iree-ai/llvm-aie-port/build/include -I/home/jtuyls/iree-ai/llvm-aie-port/llvm/include -I/home/jtuyls/iree-ai/llvm-aie-port/amd/aie/llvm/include -I /home/jtuyls/iree-ai/llvm-aie-port/llvm/lib/Target /home/jtuyls/iree-ai/llvm-aie-port/amd/aie/llvm/lib/Target/AIE/AIE2.td --write-if-changed -o AIE2GenVarInstructionItin.inc -d AIE2GenVarInstructionItin.inc.d && /usr/bin/cmake -E cmake_transform_depfile Ninja gccdepfile /home/jtuyls/iree-ai/llvm-aie-port/llvm /home/jtuyls/iree-ai/llvm-aie-port/amd/aie/llvm/lib/Target/AIE /home/jtuyls/iree-ai/llvm-aie-port/build /home/jtuyls/iree-ai/llvm-aie-port/build/lib/Target/AIE /home/jtuyls/iree-ai/llvm-aie-port/build/lib/Target/AIE/AIE2GenVarInstructionItin.inc.d /home/jtuyls/iree-ai/llvm-aie-port/build/CMakeFiles/d/cc4d283e3419bcb82784b1a68dda961c6a7b1f4c9329528e9c6750390d487bca.d
llvm-tblgen: Unknown command line argument '-gen-aie-alternate-itinerary-emitter'.  Try: '/home/jtuyls/iree-ai/llvm-aie-port/build/bin/llvm-tblgen --help'
llvm-tblgen: Did you mean '--gen-compress-inst-emitter'?
[10/269] Building AIE2PGenFormats.inc...
FAILED: lib/Target/AIE/AIE2PGenFormats.inc /home/jtuyls/iree-ai/llvm-aie-port/build/lib/Target/AIE/AIE2PGenFormats.inc 
cd /home/jtuyls/iree-ai/llvm-aie-port/build/lib/Target/AIE && /home/jtuyls/iree-ai/llvm-aie-port/build/bin/llvm-tblgen -gen-instr-format -I/home/jtuyls/iree-ai/llvm-aie-port/amd/aie/llvm/lib/Target/AIE -I/home/jtuyls/iree-ai/llvm-aie-port/build/include -I/home/jtuyls/iree-ai/llvm-aie-port/llvm/include -I/home/jtuyls/iree-ai/llvm-aie-port/amd/aie/llvm/include -I /home/jtuyls/iree-ai/llvm-aie-port/llvm/lib/Target -I/home/jtuyls/iree-ai/llvm-aie-port/amd/aie/llvm/lib/Target/AIE/aie2p /home/jtuyls/iree-ai/llvm-aie-port/amd/aie/llvm/lib/Target/AIE/AIE2P.td --write-if-changed -o AIE2PGenFormats.inc -d AIE2PGenFormats.inc.d && /usr/bin/cmake -E cmake_transform_depfile Ninja gccdepfile /home/jtuyls/iree-ai/llvm-aie-port/llvm /home/jtuyls/iree-ai/llvm-aie-port/amd/aie/llvm/lib/Target/AIE /home/jtuyls/iree-ai/llvm-aie-port/build /home/jtuyls/iree-ai/llvm-aie-port/build/lib/Target/AIE /home/jtuyls/iree-ai/llvm-aie-port/build/lib/Target/AIE/AIE2PGenFormats.inc.d /home/jtuyls/iree-ai/llvm-aie-port/build/CMakeFiles/d/65004f39661ce4daefe24d842fd33e4c0c6c548811555924b08bab1e954896cd.d
llvm-tblgen: Unknown command line argument '-gen-instr-format'.  Try: '/home/jtuyls/iree-ai/llvm-aie-port/build/bin/llvm-tblgen --help'
llvm-tblgen: Did you mean '--gen-instr-docs'?
[11/269] Building AIE2PGenGlobalISel.inc...
FAILED: lib/Target/AIE/AIE2PGenGlobalISel.inc /home/jtuyls/iree-ai/llvm-aie-port/build/lib/Target/AIE/AIE2PGenGlobalISel.inc 
cd /home/jtuyls/iree-ai/llvm-aie-port/build/lib/Target/AIE && /home/jtuyls/iree-ai/llvm-aie-port/build/bin/llvm-tblgen -gen-global-isel -gisel-subtarget-class AIEBaseSubtarget --warn-on-skipped-patterns -I/home/jtuyls/iree-ai/llvm-aie-port/amd/aie/llvm/lib/Target/AIE -I/home/jtuyls/iree-ai/llvm-aie-port/build/include -I/home/jtuyls/iree-ai/llvm-aie-port/llvm/include -I/home/jtuyls/iree-ai/llvm-aie-port/amd/aie/llvm/include -I /home/jtuyls/iree-ai/llvm-aie-port/llvm/lib/Target -I/home/jtuyls/iree-ai/llvm-aie-port/amd/aie/llvm/lib/Target/AIE/aie2p /home/jtuyls/iree-ai/llvm-aie-port/amd/aie/llvm/lib/Target/AIE/AIE2P.td --write-if-changed -o AIE2PGenGlobalISel.inc -d AIE2PGenGlobalISel.inc.d && /usr/bin/cmake -E cmake_transform_depfile Ninja gccdepfile /home/jtuyls/iree-ai/llvm-aie-port/llvm /home/jtuyls/iree-ai/llvm-aie-port/amd/aie/llvm/lib/Target/AIE /home/jtuyls/iree-ai/llvm-aie-port/build /home/jtuyls/iree-ai/llvm-aie-port/build/lib/Target/AIE /home/jtuyls/iree-ai/llvm-aie-port/build/lib/Target/AIE/AIE2PGenGlobalISel.inc.d /home/jtuyls/iree-ai/llvm-aie-port/build/CMakeFiles/d/39b9cc73f037bc39ac50a89582ecf3f0b2212161bb4b17cf6950470d90c651bd.d
llvm-tblgen: Unknown command line argument '-gisel-subtarget-class'.  Try: '/home/jtuyls/iree-ai/llvm-aie-port/build/bin/llvm-tblgen --help'
llvm-tblgen: Did you mean '--base-subtargetinfo-class'?
llvm-tblgen: Too many positional arguments specified!
Can specify at most 1 positional arguments: See: /home/jtuyls/iree-ai/llvm-aie-port/build/bin/llvm-tblgen --help
[12/269] Building AIE2PGenMemoryCycles.inc...
FAILED: lib/Target/AIE/AIE2PGenMemoryCycles.inc /home/jtuyls/iree-ai/llvm-aie-port/build/lib/Target/AIE/AIE2PGenMemoryCycles.inc 
cd /home/jtuyls/iree-ai/llvm-aie-port/build/lib/Target/AIE && /home/jtuyls/iree-ai/llvm-aie-port/build/bin/llvm-tblgen -gen-aie-memory-cycles -I/home/jtuyls/iree-ai/llvm-aie-port/amd/aie/llvm/lib/Target/AIE -I/home/jtuyls/iree-ai/llvm-aie-port/build/include -I/home/jtuyls/iree-ai/llvm-aie-port/llvm/include -I/home/jtuyls/iree-ai/llvm-aie-port/amd/aie/llvm/include -I /home/jtuyls/iree-ai/llvm-aie-port/llvm/lib/Target -I/home/jtuyls/iree-ai/llvm-aie-port/amd/aie/llvm/lib/Target/AIE/aie2p /home/jtuyls/iree-ai/llvm-aie-port/amd/aie/llvm/lib/Target/AIE/AIE2P.td --write-if-changed -o AIE2PGenMemoryCycles.inc -d AIE2PGenMemoryCycles.inc.d && /usr/bin/cmake -E cmake_transform_depfile Ninja gccdepfile /home/jtuyls/iree-ai/llvm-aie-port/llvm /home/jtuyls/iree-ai/llvm-aie-port/amd/aie/llvm/lib/Target/AIE /home/jtuyls/iree-ai/llvm-aie-port/build /home/jtuyls/iree-ai/llvm-aie-port/build/lib/Target/AIE /home/jtuyls/iree-ai/llvm-aie-port/build/lib/Target/AIE/AIE2PGenMemoryCycles.inc.d /home/jtuyls/iree-ai/llvm-aie-port/build/CMakeFiles/d/1f4c34aad87231bd7cf0212a0e77a4c214b5e3d87d8735636a93954c248a2a9d.d
llvm-tblgen: Unknown command line argument '-gen-aie-memory-cycles'.  Try: '/home/jtuyls/iree-ai/llvm-aie-port/build/bin/llvm-tblgen --help'
llvm-tblgen: Did you mean '--gen-x86-mnemonic-tables'?
[13/269] Building AIE2PGenPostLegalizerGICustomCombiner.inc...
FAILED: lib/Target/AIE/AIE2PGenPostLegalizerGICustomCombiner.inc /home/jtuyls/iree-ai/llvm-aie-port/build/lib/Target/AIE/AIE2PGenPostLegalizerGICustomCombiner.inc 
cd /home/jtuyls/iree-ai/llvm-aie-port/build/lib/Target/AIE && /home/jtuyls/iree-ai/llvm-aie-port/build/bin/llvm-tblgen -gen-global-isel-combiner -gisel-subtarget-class AIEBaseSubtarget -combiners="AIE2PPostLegalizerCustomCombiner" -I/home/jtuyls/iree-ai/llvm-aie-port/amd/aie/llvm/lib/Target/AIE -I/home/jtuyls/iree-ai/llvm-aie-port/build/include -I/home/jtuyls/iree-ai/llvm-aie-port/llvm/include -I/home/jtuyls/iree-ai/llvm-aie-port/amd/aie/llvm/include -I /home/jtuyls/iree-ai/llvm-aie-port/llvm/lib/Target -I/home/jtuyls/iree-ai/llvm-aie-port/amd/aie/llvm/lib/Target/AIE/aie2p /home/jtuyls/iree-ai/llvm-aie-port/amd/aie/llvm/lib/Target/AIE/AIE2P.td --write-if-changed -o AIE2PGenPostLegalizerGICustomCombiner.inc -d AIE2PGenPostLegalizerGICustomCombiner.inc.d && /usr/bin/cmake -E cmake_transform_depfile Ninja gccdepfile /home/jtuyls/iree-ai/llvm-aie-port/llvm /home/jtuyls/iree-ai/llvm-aie-port/amd/aie/llvm/lib/Target/AIE /home/jtuyls/iree-ai/llvm-aie-port/build /home/jtuyls/iree-ai/llvm-aie-port/build/lib/Target/AIE /home/jtuyls/iree-ai/llvm-aie-port/build/lib/Target/AIE/AIE2PGenPostLegalizerGICustomCombiner.inc.d /home/jtuyls/iree-ai/llvm-aie-port/build/CMakeFiles/d/9d5a4c8cec047012fb3e2701be366014b124ada5d13b9c43d5bfde5c92f71a99.d
llvm-tblgen: Unknown command line argument '-gisel-subtarget-class'.  Try: '/home/jtuyls/iree-ai/llvm-aie-port/build/bin/llvm-tblgen --help'
llvm-tblgen: Did you mean '--base-subtargetinfo-class'?
llvm-tblgen: Too many positional arguments specified!
Can specify at most 1 positional arguments: See: /home/jtuyls/iree-ai/llvm-aie-port/build/bin/llvm-tblgen --help
[14/269] Building AIE2PGenPostLegalizerGIGenericCombiner.inc...
FAILED: lib/Target/AIE/AIE2PGenPostLegalizerGIGenericCombiner.inc /home/jtuyls/iree-ai/llvm-aie-port/build/lib/Target/AIE/AIE2PGenPostLegalizerGIGenericCombiner.inc 
cd /home/jtuyls/iree-ai/llvm-aie-port/build/lib/Target/AIE && /home/jtuyls/iree-ai/llvm-aie-port/build/bin/llvm-tblgen -gen-global-isel-combiner -gisel-subtarget-class AIEBaseSubtarget -combiners="AIE2PPostLegalizerGenericCombiner" -I/home/jtuyls/iree-ai/llvm-aie-port/amd/aie/llvm/lib/Target/AIE -I/home/jtuyls/iree-ai/llvm-aie-port/build/include -I/home/jtuyls/iree-ai/llvm-aie-port/llvm/include -I/home/jtuyls/iree-ai/llvm-aie-port/amd/aie/llvm/include -I /home/jtuyls/iree-ai/llvm-aie-port/llvm/lib/Target -I/home/jtuyls/iree-ai/llvm-aie-port/amd/aie/llvm/lib/Target/AIE/aie2p /home/jtuyls/iree-ai/llvm-aie-port/amd/aie/llvm/lib/Target/AIE/AIE2P.td --write-if-changed -o AIE2PGenPostLegalizerGIGenericCombiner.inc -d AIE2PGenPostLegalizerGIGenericCombiner.inc.d && /usr/bin/cmake -E cmake_transform_depfile Ninja gccdepfile /home/jtuyls/iree-ai/llvm-aie-port/llvm /home/jtuyls/iree-ai/llvm-aie-port/amd/aie/llvm/lib/Target/AIE /home/jtuyls/iree-ai/llvm-aie-port/build /home/jtuyls/iree-ai/llvm-aie-port/build/lib/Target/AIE /home/jtuyls/iree-ai/llvm-aie-port/build/lib/Target/AIE/AIE2PGenPostLegalizerGIGenericCombiner.inc.d /home/jtuyls/iree-ai/llvm-aie-port/build/CMakeFiles/d/9017f5d6ecd21d6736c072d0feec7b120a0f1cf3207c90c97928eadf1f710658.d
llvm-tblgen: Unknown command line argument '-gisel-subtarget-class'.  Try: '/home/jtuyls/iree-ai/llvm-aie-port/build/bin/llvm-tblgen --help'
llvm-tblgen: Did you mean '--base-subtargetinfo-class'?
llvm-tblgen: Too many positional arguments specified!
Can specify at most 1 positional arguments: See: /home/jtuyls/iree-ai/llvm-aie-port/build/bin/llvm-tblgen --help
[15/269] Building AIE2PGenPreLegalizerGICombiner.inc...
FAILED: lib/Target/AIE/AIE2PGenPreLegalizerGICombiner.inc /home/jtuyls/iree-ai/llvm-aie-port/build/lib/Target/AIE/AIE2PGenPreLegalizerGICombiner.inc 
cd /home/jtuyls/iree-ai/llvm-aie-port/build/lib/Target/AIE && /home/jtuyls/iree-ai/llvm-aie-port/build/bin/llvm-tblgen -gen-global-isel-combiner -gisel-subtarget-class AIEBaseSubtarget -combiners="AIE2PPreLegalizerCombiner" -I/home/jtuyls/iree-ai/llvm-aie-port/amd/aie/llvm/lib/Target/AIE -I/home/jtuyls/iree-ai/llvm-aie-port/build/include -I/home/jtuyls/iree-ai/llvm-aie-port/llvm/include -I/home/jtuyls/iree-ai/llvm-aie-port/amd/aie/llvm/include -I /home/jtuyls/iree-ai/llvm-aie-port/llvm/lib/Target -I/home/jtuyls/iree-ai/llvm-aie-port/amd/aie/llvm/lib/Target/AIE/aie2p /home/jtuyls/iree-ai/llvm-aie-port/amd/aie/llvm/lib/Target/AIE/AIE2P.td --write-if-changed -o AIE2PGenPreLegalizerGICombiner.inc -d AIE2PGenPreLegalizerGICombiner.inc.d && /usr/bin/cmake -E cmake_transform_depfile Ninja gccdepfile /home/jtuyls/iree-ai/llvm-aie-port/llvm /home/jtuyls/iree-ai/llvm-aie-port/amd/aie/llvm/lib/Target/AIE /home/jtuyls/iree-ai/llvm-aie-port/build /home/jtuyls/iree-ai/llvm-aie-port/build/lib/Target/AIE /home/jtuyls/iree-ai/llvm-aie-port/build/lib/Target/AIE/AIE2PGenPreLegalizerGICombiner.inc.d /home/jtuyls/iree-ai/llvm-aie-port/build/CMakeFiles/d/cf7ef5f90a369086cd659b7ca8f322fd806292f1f3d5b08612e859d70a76edb3.d
llvm-tblgen: Unknown command line argument '-gisel-subtarget-class'.  Try: '/home/jtuyls/iree-ai/llvm-aie-port/build/bin/llvm-tblgen --help'
llvm-tblgen: Did you mean '--base-subtargetinfo-class'?
llvm-tblgen: Too many positional arguments specified!
Can specify at most 1 positional arguments: See: /home/jtuyls/iree-ai/llvm-aie-port/build/bin/llvm-tblgen --help
[16/269] Building AIE2PGenPreSchedLowering.inc...
FAILED: lib/Target/AIE/AIE2PGenPreSchedLowering.inc /home/jtuyls/iree-ai/llvm-aie-port/build/lib/Target/AIE/AIE2PGenPreSchedLowering.inc 
cd /home/jtuyls/iree-ai/llvm-aie-port/build/lib/Target/AIE && /home/jtuyls/iree-ai/llvm-aie-port/build/bin/llvm-tblgen -gen-aie-presched-lowering -I/home/jtuyls/iree-ai/llvm-aie-port/amd/aie/llvm/lib/Target/AIE -I/home/jtuyls/iree-ai/llvm-aie-port/build/include -I/home/jtuyls/iree-ai/llvm-aie-port/llvm/include -I/home/jtuyls/iree-ai/llvm-aie-port/amd/aie/llvm/include -I /home/jtuyls/iree-ai/llvm-aie-port/llvm/lib/Target -I/home/jtuyls/iree-ai/llvm-aie-port/amd/aie/llvm/lib/Target/AIE/aie2p /home/jtuyls/iree-ai/llvm-aie-port/amd/aie/llvm/lib/Target/AIE/AIE2P.td --write-if-changed -o AIE2PGenPreSchedLowering.inc -d AIE2PGenPreSchedLowering.inc.d && /usr/bin/cmake -E cmake_transform_depfile Ninja gccdepfile /home/jtuyls/iree-ai/llvm-aie-port/llvm /home/jtuyls/iree-ai/llvm-aie-port/amd/aie/llvm/lib/Target/AIE /home/jtuyls/iree-ai/llvm-aie-port/build /home/jtuyls/iree-ai/llvm-aie-port/build/lib/Target/AIE /home/jtuyls/iree-ai/llvm-aie-port/build/lib/Target/AIE/AIE2PGenPreSchedLowering.inc.d /home/jtuyls/iree-ai/llvm-aie-port/build/CMakeFiles/d/71f130c948e45b086da4a3e8312112a61106bdbc6e2bac43dad5167ea4dc58b0.d
llvm-tblgen: Unknown command line argument '-gen-aie-presched-lowering'.  Try: '/home/jtuyls/iree-ai/llvm-aie-port/build/bin/llvm-tblgen --help'
llvm-tblgen: Did you mean '--gen-pseudo-lowering'?
[17/269] Building AIE2PGenSplitInstrTables.inc...
FAILED: lib/Target/AIE/AIE2PGenSplitInstrTables.inc /home/jtuyls/iree-ai/llvm-aie-port/build/lib/Target/AIE/AIE2PGenSplitInstrTables.inc 
cd /home/jtuyls/iree-ai/llvm-aie-port/build/lib/Target/AIE && /home/jtuyls/iree-ai/llvm-aie-port/build/bin/llvm-tblgen -gen-aie-split-instr-tables -I/home/jtuyls/iree-ai/llvm-aie-port/amd/aie/llvm/lib/Target/AIE -I/home/jtuyls/iree-ai/llvm-aie-port/build/include -I/home/jtuyls/iree-ai/llvm-aie-port/llvm/include -I/home/jtuyls/iree-ai/llvm-aie-port/amd/aie/llvm/include -I /home/jtuyls/iree-ai/llvm-aie-port/llvm/lib/Target -I/home/jtuyls/iree-ai/llvm-aie-port/amd/aie/llvm/lib/Target/AIE/aie2p /home/jtuyls/iree-ai/llvm-aie-port/amd/aie/llvm/lib/Target/AIE/AIE2P.td --write-if-changed -o AIE2PGenSplitInstrTables.inc -d AIE2PGenSplitInstrTables.inc.d && /usr/bin/cmake -E cmake_transform_depfile Ninja gccdepfile /home/jtuyls/iree-ai/llvm-aie-port/llvm /home/jtuyls/iree-ai/llvm-aie-port/amd/aie/llvm/lib/Target/AIE /home/jtuyls/iree-ai/llvm-aie-port/build /home/jtuyls/iree-ai/llvm-aie-port/build/lib/Target/AIE /home/jtuyls/iree-ai/llvm-aie-port/build/lib/Target/AIE/AIE2PGenSplitInstrTables.inc.d /home/jtuyls/iree-ai/llvm-aie-port/build/CMakeFiles/d/0fa397b3cbceb663355a3e5804c57b665d242b46ed122e1f2ed3f356e315b8f9.d
llvm-tblgen: Unknown command line argument '-gen-aie-split-instr-tables'.  Try: '/home/jtuyls/iree-ai/llvm-aie-port/build/bin/llvm-tblgen --help'
llvm-tblgen: Did you mean '--gen-x86-fold-tables'?
[18/269] Building AIE2PGenVarInstructionItin.inc...
FAILED: lib/Target/AIE/AIE2PGenVarInstructionItin.inc /home/jtuyls/iree-ai/llvm-aie-port/build/lib/Target/AIE/AIE2PGenVarInstructionItin.inc 
cd /home/jtuyls/iree-ai/llvm-aie-port/build/lib/Target/AIE && /home/jtuyls/iree-ai/llvm-aie-port/build/bin/llvm-tblgen -gen-aie-alternate-itinerary-emitter -I/home/jtuyls/iree-ai/llvm-aie-port/amd/aie/llvm/lib/Target/AIE -I/home/jtuyls/iree-ai/llvm-aie-port/build/include -I/home/jtuyls/iree-ai/llvm-aie-port/llvm/include -I/home/jtuyls/iree-ai/llvm-aie-port/amd/aie/llvm/include -I /home/jtuyls/iree-ai/llvm-aie-port/llvm/lib/Target -I/home/jtuyls/iree-ai/llvm-aie-port/amd/aie/llvm/lib/Target/AIE/aie2p /home/jtuyls/iree-ai/llvm-aie-port/amd/aie/llvm/lib/Target/AIE/AIE2P.td --write-if-changed -o AIE2PGenVarInstructionItin.inc -d AIE2PGenVarInstructionItin.inc.d && /usr/bin/cmake -E cmake_transform_depfile Ninja gccdepfile /home/jtuyls/iree-ai/llvm-aie-port/llvm /home/jtuyls/iree-ai/llvm-aie-port/amd/aie/llvm/lib/Target/AIE /home/jtuyls/iree-ai/llvm-aie-port/build /home/jtuyls/iree-ai/llvm-aie-port/build/lib/Target/AIE /home/jtuyls/iree-ai/llvm-aie-port/build/lib/Target/AIE/AIE2PGenVarInstructionItin.inc.d /home/jtuyls/iree-ai/llvm-aie-port/build/CMakeFiles/d/2e2355b59201b99a815b7948ee98469941cccf15bec4f16adba628296f406ec6.d
llvm-tblgen: Unknown command line argument '-gen-aie-alternate-itinerary-emitter'.  Try: '/home/jtuyls/iree-ai/llvm-aie-port/build/bin/llvm-tblgen --help'
llvm-tblgen: Did you mean '--gen-compress-inst-emitter'?
[19/269] Building AIE2PSGenFormats.inc...
FAILED: lib/Target/AIE/AIE2PSGenFormats.inc /home/jtuyls/iree-ai/llvm-aie-port/build/lib/Target/AIE/AIE2PSGenFormats.inc 
cd /home/jtuyls/iree-ai/llvm-aie-port/build/lib/Target/AIE && /home/jtuyls/iree-ai/llvm-aie-port/build/bin/llvm-tblgen -gen-instr-format -I/home/jtuyls/iree-ai/llvm-aie-port/amd/aie/llvm/lib/Target/AIE -I/home/jtuyls/iree-ai/llvm-aie-port/build/include -I/home/jtuyls/iree-ai/llvm-aie-port/llvm/include -I/home/jtuyls/iree-ai/llvm-aie-port/amd/aie/llvm/include -I /home/jtuyls/iree-ai/llvm-aie-port/llvm/lib/Target -I/home/jtuyls/iree-ai/llvm-aie-port/amd/aie/llvm/lib/Target/AIE/aie2ps /home/jtuyls/iree-ai/llvm-aie-port/amd/aie/llvm/lib/Target/AIE/AIE2PS.td --write-if-changed -o AIE2PSGenFormats.inc -d AIE2PSGenFormats.inc.d && /usr/bin/cmake -E cmake_transform_depfile Ninja gccdepfile /home/jtuyls/iree-ai/llvm-aie-port/llvm /home/jtuyls/iree-ai/llvm-aie-port/amd/aie/llvm/lib/Target/AIE /home/jtuyls/iree-ai/llvm-aie-port/build /home/jtuyls/iree-ai/llvm-aie-port/build/lib/Target/AIE /home/jtuyls/iree-ai/llvm-aie-port/build/lib/Target/AIE/AIE2PSGenFormats.inc.d /home/jtuyls/iree-ai/llvm-aie-port/build/CMakeFiles/d/baa4092e67bb05ffc2e53c71045c5546c91dba1bd4f14ffbbe22a45f366b97d6.d
llvm-tblgen: Unknown command line argument '-gen-instr-format'.  Try: '/home/jtuyls/iree-ai/llvm-aie-port/build/bin/llvm-tblgen --help'
llvm-tblgen: Did you mean '--gen-instr-docs'?
[20/269] Building AIE2PSGenGlobalISel.inc...
FAILED: lib/Target/AIE/AIE2PSGenGlobalISel.inc /home/jtuyls/iree-ai/llvm-aie-port/build/lib/Target/AIE/AIE2PSGenGlobalISel.inc 
cd /home/jtuyls/iree-ai/llvm-aie-port/build/lib/Target/AIE && /home/jtuyls/iree-ai/llvm-aie-port/build/bin/llvm-tblgen -gen-global-isel -gisel-subtarget-class AIEBaseSubtarget --warn-on-skipped-patterns -I/home/jtuyls/iree-ai/llvm-aie-port/amd/aie/llvm/lib/Target/AIE -I/home/jtuyls/iree-ai/llvm-aie-port/build/include -I/home/jtuyls/iree-ai/llvm-aie-port/llvm/include -I/home/jtuyls/iree-ai/llvm-aie-port/amd/aie/llvm/include -I /home/jtuyls/iree-ai/llvm-aie-port/llvm/lib/Target -I/home/jtuyls/iree-ai/llvm-aie-port/amd/aie/llvm/lib/Target/AIE/aie2ps /home/jtuyls/iree-ai/llvm-aie-port/amd/aie/llvm/lib/Target/AIE/AIE2PS.td --write-if-changed -o AIE2PSGenGlobalISel.inc -d AIE2PSGenGlobalISel.inc.d && /usr/bin/cmake -E cmake_transform_depfile Ninja gccdepfile /home/jtuyls/iree-ai/llvm-aie-port/llvm /home/jtuyls/iree-ai/llvm-aie-port/amd/aie/llvm/lib/Target/AIE /home/jtuyls/iree-ai/llvm-aie-port/build /home/jtuyls/iree-ai/llvm-aie-port/build/lib/Target/AIE /home/jtuyls/iree-ai/llvm-aie-port/build/lib/Target/AIE/AIE2PSGenGlobalISel.inc.d /home/jtuyls/iree-ai/llvm-aie-port/build/CMakeFiles/d/e052986a5da75b82aca875cf697c3ba626755d0049ed0633bcbfb9a0f4fe0392.d
llvm-tblgen: Unknown command line argument '-gisel-subtarget-class'.  Try: '/home/jtuyls/iree-ai/llvm-aie-port/build/bin/llvm-tblgen --help'
llvm-tblgen: Did you mean '--base-subtargetinfo-class'?
llvm-tblgen: Too many positional arguments specified!
Can specify at most 1 positional arguments: See: /home/jtuyls/iree-ai/llvm-aie-port/build/bin/llvm-tblgen --help
[21/269] Building AIE2PSGenPostLegalizerGICustomCombiner.inc...
FAILED: lib/Target/AIE/AIE2PSGenPostLegalizerGICustomCombiner.inc /home/jtuyls/iree-ai/llvm-aie-port/build/lib/Target/AIE/AIE2PSGenPostLegalizerGICustomCombiner.inc 
cd /home/jtuyls/iree-ai/llvm-aie-port/build/lib/Target/AIE && /home/jtuyls/iree-ai/llvm-aie-port/build/bin/llvm-tblgen -gen-global-isel-combiner -gisel-subtarget-class AIEBaseSubtarget -combiners="AIE2PSPostLegalizerCustomCombiner" -I/home/jtuyls/iree-ai/llvm-aie-port/amd/aie/llvm/lib/Target/AIE -I/home/jtuyls/iree-ai/llvm-aie-port/build/include -I/home/jtuyls/iree-ai/llvm-aie-port/llvm/include -I/home/jtuyls/iree-ai/llvm-aie-port/amd/aie/llvm/include -I /home/jtuyls/iree-ai/llvm-aie-port/llvm/lib/Target -I/home/jtuyls/iree-ai/llvm-aie-port/amd/aie/llvm/lib/Target/AIE/aie2ps /home/jtuyls/iree-ai/llvm-aie-port/amd/aie/llvm/lib/Target/AIE/AIE2PS.td --write-if-changed -o AIE2PSGenPostLegalizerGICustomCombiner.inc -d AIE2PSGenPostLegalizerGICustomCombiner.inc.d && /usr/bin/cmake -E cmake_transform_depfile Ninja gccdepfile /home/jtuyls/iree-ai/llvm-aie-port/llvm /home/jtuyls/iree-ai/llvm-aie-port/amd/aie/llvm/lib/Target/AIE /home/jtuyls/iree-ai/llvm-aie-port/build /home/jtuyls/iree-ai/llvm-aie-port/build/lib/Target/AIE /home/jtuyls/iree-ai/llvm-aie-port/build/lib/Target/AIE/AIE2PSGenPostLegalizerGICustomCombiner.inc.d /home/jtuyls/iree-ai/llvm-aie-port/build/CMakeFiles/d/7efaf9c95a2f15d3184d3bc3f27b2e8f46cdd98b7b7942e555076b00a904434f.d
llvm-tblgen: Unknown command line argument '-gisel-subtarget-class'.  Try: '/home/jtuyls/iree-ai/llvm-aie-port/build/bin/llvm-tblgen --help'
llvm-tblgen: Did you mean '--base-subtargetinfo-class'?
llvm-tblgen: Too many positional arguments specified!
Can specify at most 1 positional arguments: See: /home/jtuyls/iree-ai/llvm-aie-port/build/bin/llvm-tblgen --help
[22/269] Building AIE2PSGenPostLegalizerGIFinalCombiner.inc...
FAILED: lib/Target/AIE/AIE2PSGenPostLegalizerGIFinalCombiner.inc /home/jtuyls/iree-ai/llvm-aie-port/build/lib/Target/AIE/AIE2PSGenPostLegalizerGIFinalCombiner.inc 
cd /home/jtuyls/iree-ai/llvm-aie-port/build/lib/Target/AIE && /home/jtuyls/iree-ai/llvm-aie-port/build/bin/llvm-tblgen -gen-global-isel-combiner -gisel-subtarget-class AIEBaseSubtarget -combiners="AIE2PSPostLegalizerFinalCombiner" -I/home/jtuyls/iree-ai/llvm-aie-port/amd/aie/llvm/lib/Target/AIE -I/home/jtuyls/iree-ai/llvm-aie-port/build/include -I/home/jtuyls/iree-ai/llvm-aie-port/llvm/include -I/home/jtuyls/iree-ai/llvm-aie-port/amd/aie/llvm/include -I /home/jtuyls/iree-ai/llvm-aie-port/llvm/lib/Target -I/home/jtuyls/iree-ai/llvm-aie-port/amd/aie/llvm/lib/Target/AIE/aie2ps /home/jtuyls/iree-ai/llvm-aie-port/amd/aie/llvm/lib/Target/AIE/AIE2PS.td --write-if-changed -o AIE2PSGenPostLegalizerGIFinalCombiner.inc -d AIE2PSGenPostLegalizerGIFinalCombiner.inc.d && /usr/bin/cmake -E cmake_transform_depfile Ninja gccdepfile /home/jtuyls/iree-ai/llvm-aie-port/llvm /home/jtuyls/iree-ai/llvm-aie-port/amd/aie/llvm/lib/Target/AIE /home/jtuyls/iree-ai/llvm-aie-port/build /home/jtuyls/iree-ai/llvm-aie-port/build/lib/Target/AIE /home/jtuyls/iree-ai/llvm-aie-port/build/lib/Target/AIE/AIE2PSGenPostLegalizerGIFinalCombiner.inc.d /home/jtuyls/iree-ai/llvm-aie-port/build/CMakeFiles/d/a77f651f3743f4339ed486107e6590f4eb97c0df7daeac64f9b18e7b90b33a38.d
llvm-tblgen: Unknown command line argument '-gisel-subtarget-class'.  Try: '/home/jtuyls/iree-ai/llvm-aie-port/build/bin/llvm-tblgen --help'
llvm-tblgen: Did you mean '--base-subtargetinfo-class'?
llvm-tblgen: Too many positional arguments specified!
Can specify at most 1 positional arguments: See: /home/jtuyls/iree-ai/llvm-aie-port/build/bin/llvm-tblgen --help
[23/269] Building AIE2PSGenMemoryCycles.inc...
FAILED: lib/Target/AIE/AIE2PSGenMemoryCycles.inc /home/jtuyls/iree-ai/llvm-aie-port/build/lib/Target/AIE/AIE2PSGenMemoryCycles.inc 
cd /home/jtuyls/iree-ai/llvm-aie-port/build/lib/Target/AIE && /home/jtuyls/iree-ai/llvm-aie-port/build/bin/llvm-tblgen -gen-aie-memory-cycles -I/home/jtuyls/iree-ai/llvm-aie-port/amd/aie/llvm/lib/Target/AIE -I/home/jtuyls/iree-ai/llvm-aie-port/build/include -I/home/jtuyls/iree-ai/llvm-aie-port/llvm/include -I/home/jtuyls/iree-ai/llvm-aie-port/amd/aie/llvm/include -I /home/jtuyls/iree-ai/llvm-aie-port/llvm/lib/Target -I/home/jtuyls/iree-ai/llvm-aie-port/amd/aie/llvm/lib/Target/AIE/aie2ps /home/jtuyls/iree-ai/llvm-aie-port/amd/aie/llvm/lib/Target/AIE/AIE2PS.td --write-if-changed -o AIE2PSGenMemoryCycles.inc -d AIE2PSGenMemoryCycles.inc.d && /usr/bin/cmake -E cmake_transform_depfile Ninja gccdepfile /home/jtuyls/iree-ai/llvm-aie-port/llvm /home/jtuyls/iree-ai/llvm-aie-port/amd/aie/llvm/lib/Target/AIE /home/jtuyls/iree-ai/llvm-aie-port/build /home/jtuyls/iree-ai/llvm-aie-port/build/lib/Target/AIE /home/jtuyls/iree-ai/llvm-aie-port/build/lib/Target/AIE/AIE2PSGenMemoryCycles.inc.d /home/jtuyls/iree-ai/llvm-aie-port/build/CMakeFiles/d/4cd35a1866850a367b2e2cc5e63d56fa6a903fe6cd26b816bc0e9799e72058de.d
llvm-tblgen: Unknown command line argument '-gen-aie-memory-cycles'.  Try: '/home/jtuyls/iree-ai/llvm-aie-port/build/bin/llvm-tblgen --help'
llvm-tblgen: Did you mean '--gen-x86-mnemonic-tables'?
[24/269] Building AIE2PSGenPostLegalizerGIGenericCombiner.inc...
FAILED: lib/Target/AIE/AIE2PSGenPostLegalizerGIGenericCombiner.inc /home/jtuyls/iree-ai/llvm-aie-port/build/lib/Target/AIE/AIE2PSGenPostLegalizerGIGenericCombiner.inc 
cd /home/jtuyls/iree-ai/llvm-aie-port/build/lib/Target/AIE && /home/jtuyls/iree-ai/llvm-aie-port/build/bin/llvm-tblgen -gen-global-isel-combiner -gisel-subtarget-class AIEBaseSubtarget -combiners="AIE2PSPostLegalizerGenericCombiner" -I/home/jtuyls/iree-ai/llvm-aie-port/amd/aie/llvm/lib/Target/AIE -I/home/jtuyls/iree-ai/llvm-aie-port/build/include -I/home/jtuyls/iree-ai/llvm-aie-port/llvm/include -I/home/jtuyls/iree-ai/llvm-aie-port/amd/aie/llvm/include -I /home/jtuyls/iree-ai/llvm-aie-port/llvm/lib/Target -I/home/jtuyls/iree-ai/llvm-aie-port/amd/aie/llvm/lib/Target/AIE/aie2ps /home/jtuyls/iree-ai/llvm-aie-port/amd/aie/llvm/lib/Target/AIE/AIE2PS.td --write-if-changed -o AIE2PSGenPostLegalizerGIGenericCombiner.inc -d AIE2PSGenPostLegalizerGIGenericCombiner.inc.d && /usr/bin/cmake -E cmake_transform_depfile Ninja gccdepfile /home/jtuyls/iree-ai/llvm-aie-port/llvm /home/jtuyls/iree-ai/llvm-aie-port/amd/aie/llvm/lib/Target/AIE /home/jtuyls/iree-ai/llvm-aie-port/build /home/jtuyls/iree-ai/llvm-aie-port/build/lib/Target/AIE /home/jtuyls/iree-ai/llvm-aie-port/build/lib/Target/AIE/AIE2PSGenPostLegalizerGIGenericCombiner.inc.d /home/jtuyls/iree-ai/llvm-aie-port/build/CMakeFiles/d/35bbfb59a5ce982319964c03247a82ea3b4eb9433a99d79a9363ce1ac3107676.d
llvm-tblgen: Unknown command line argument '-gisel-subtarget-class'.  Try: '/home/jtuyls/iree-ai/llvm-aie-port/build/bin/llvm-tblgen --help'
llvm-tblgen: Did you mean '--base-subtargetinfo-class'?
llvm-tblgen: Too many positional arguments specified!
Can specify at most 1 positional arguments: See: /home/jtuyls/iree-ai/llvm-aie-port/build/bin/llvm-tblgen --help
[25/269] Building AIE2PSGenPreLegalizerGICombiner.inc...
FAILED: lib/Target/AIE/AIE2PSGenPreLegalizerGICombiner.inc /home/jtuyls/iree-ai/llvm-aie-port/build/lib/Target/AIE/AIE2PSGenPreLegalizerGICombiner.inc 
cd /home/jtuyls/iree-ai/llvm-aie-port/build/lib/Target/AIE && /home/jtuyls/iree-ai/llvm-aie-port/build/bin/llvm-tblgen -gen-global-isel-combiner -gisel-subtarget-class AIEBaseSubtarget -combiners="AIE2PSPreLegalizerCombiner" -I/home/jtuyls/iree-ai/llvm-aie-port/amd/aie/llvm/lib/Target/AIE -I/home/jtuyls/iree-ai/llvm-aie-port/build/include -I/home/jtuyls/iree-ai/llvm-aie-port/llvm/include -I/home/jtuyls/iree-ai/llvm-aie-port/amd/aie/llvm/include -I /home/jtuyls/iree-ai/llvm-aie-port/llvm/lib/Target -I/home/jtuyls/iree-ai/llvm-aie-port/amd/aie/llvm/lib/Target/AIE/aie2ps /home/jtuyls/iree-ai/llvm-aie-port/amd/aie/llvm/lib/Target/AIE/AIE2PS.td --write-if-changed -o AIE2PSGenPreLegalizerGICombiner.inc -d AIE2PSGenPreLegalizerGICombiner.inc.d && /usr/bin/cmake -E cmake_transform_depfile Ninja gccdepfile /home/jtuyls/iree-ai/llvm-aie-port/llvm /home/jtuyls/iree-ai/llvm-aie-port/amd/aie/llvm/lib/Target/AIE /home/jtuyls/iree-ai/llvm-aie-port/build /home/jtuyls/iree-ai/llvm-aie-port/build/lib/Target/AIE /home/jtuyls/iree-ai/llvm-aie-port/build/lib/Target/AIE/AIE2PSGenPreLegalizerGICombiner.inc.d /home/jtuyls/iree-ai/llvm-aie-port/build/CMakeFiles/d/659a2e971e7749adea3f327578e9541b44e680c9faed1a14b946eebb6db89929.d
llvm-tblgen: Unknown command line argument '-gisel-subtarget-class'.  Try: '/home/jtuyls/iree-ai/llvm-aie-port/build/bin/llvm-tblgen --help'
llvm-tblgen: Did you mean '--base-subtargetinfo-class'?
llvm-tblgen: Too many positional arguments specified!
Can specify at most 1 positional arguments: See: /home/jtuyls/iree-ai/llvm-aie-port/build/bin/llvm-tblgen --help
[26/269] Building AIE2PSGenPreSchedLowering.inc...
FAILED: lib/Target/AIE/AIE2PSGenPreSchedLowering.inc /home/jtuyls/iree-ai/llvm-aie-port/build/lib/Target/AIE/AIE2PSGenPreSchedLowering.inc 
cd /home/jtuyls/iree-ai/llvm-aie-port/build/lib/Target/AIE && /home/jtuyls/iree-ai/llvm-aie-port/build/bin/llvm-tblgen -gen-aie-presched-lowering -I/home/jtuyls/iree-ai/llvm-aie-port/amd/aie/llvm/lib/Target/AIE -I/home/jtuyls/iree-ai/llvm-aie-port/build/include -I/home/jtuyls/iree-ai/llvm-aie-port/llvm/include -I/home/jtuyls/iree-ai/llvm-aie-port/amd/aie/llvm/include -I /home/jtuyls/iree-ai/llvm-aie-port/llvm/lib/Target -I/home/jtuyls/iree-ai/llvm-aie-port/amd/aie/llvm/lib/Target/AIE/aie2ps /home/jtuyls/iree-ai/llvm-aie-port/amd/aie/llvm/lib/Target/AIE/AIE2PS.td --write-if-changed -o AIE2PSGenPreSchedLowering.inc -d AIE2PSGenPreSchedLowering.inc.d && /usr/bin/cmake -E cmake_transform_depfile Ninja gccdepfile /home/jtuyls/iree-ai/llvm-aie-port/llvm /home/jtuyls/iree-ai/llvm-aie-port/amd/aie/llvm/lib/Target/AIE /home/jtuyls/iree-ai/llvm-aie-port/build /home/jtuyls/iree-ai/llvm-aie-port/build/lib/Target/AIE /home/jtuyls/iree-ai/llvm-aie-port/build/lib/Target/AIE/AIE2PSGenPreSchedLowering.inc.d /home/jtuyls/iree-ai/llvm-aie-port/build/CMakeFiles/d/d100fbccedc7660e2635fddc3525c994939f192ae4bd7f3703d95dc669a60c1c.d
llvm-tblgen: Unknown command line argument '-gen-aie-presched-lowering'.  Try: '/home/jtuyls/iree-ai/llvm-aie-port/build/bin/llvm-tblgen --help'
llvm-tblgen: Did you mean '--gen-pseudo-lowering'?
[27/269] Building AIE2PSGenVarInstructionItin.inc...
FAILED: lib/Target/AIE/AIE2PSGenVarInstructionItin.inc /home/jtuyls/iree-ai/llvm-aie-port/build/lib/Target/AIE/AIE2PSGenVarInstructionItin.inc 
cd /home/jtuyls/iree-ai/llvm-aie-port/build/lib/Target/AIE && /home/jtuyls/iree-ai/llvm-aie-port/build/bin/llvm-tblgen -gen-aie-alternate-itinerary-emitter -I/home/jtuyls/iree-ai/llvm-aie-port/amd/aie/llvm/lib/Target/AIE -I/home/jtuyls/iree-ai/llvm-aie-port/build/include -I/home/jtuyls/iree-ai/llvm-aie-port/llvm/include -I/home/jtuyls/iree-ai/llvm-aie-port/amd/aie/llvm/include -I /home/jtuyls/iree-ai/llvm-aie-port/llvm/lib/Target -I/home/jtuyls/iree-ai/llvm-aie-port/amd/aie/llvm/lib/Target/AIE/aie2ps /home/jtuyls/iree-ai/llvm-aie-port/amd/aie/llvm/lib/Target/AIE/AIE2PS.td --write-if-changed -o AIE2PSGenVarInstructionItin.inc -d AIE2PSGenVarInstructionItin.inc.d && /usr/bin/cmake -E cmake_transform_depfile Ninja gccdepfile /home/jtuyls/iree-ai/llvm-aie-port/llvm /home/jtuyls/iree-ai/llvm-aie-port/amd/aie/llvm/lib/Target/AIE /home/jtuyls/iree-ai/llvm-aie-port/build /home/jtuyls/iree-ai/llvm-aie-port/build/lib/Target/AIE /home/jtuyls/iree-ai/llvm-aie-port/build/lib/Target/AIE/AIE2PSGenVarInstructionItin.inc.d /home/jtuyls/iree-ai/llvm-aie-port/build/CMakeFiles/d/985c96dd12b9ba00d84fb7ae8d5cb5b4db1ef781eeb2166e3e9b9e638f204f98.d
llvm-tblgen: Unknown command line argument '-gen-aie-alternate-itinerary-emitter'.  Try: '/home/jtuyls/iree-ai/llvm-aie-port/build/bin/llvm-tblgen --help'
llvm-tblgen: Did you mean '--gen-compress-inst-emitter'?
[28/269] Building AIE2PSGenSplitInstrTables.inc...
FAILED: lib/Target/AIE/AIE2PSGenSplitInstrTables.inc /home/jtuyls/iree-ai/llvm-aie-port/build/lib/Target/AIE/AIE2PSGenSplitInstrTables.inc 
cd /home/jtuyls/iree-ai/llvm-aie-port/build/lib/Target/AIE && /home/jtuyls/iree-ai/llvm-aie-port/build/bin/llvm-tblgen -gen-aie-split-instr-tables -I/home/jtuyls/iree-ai/llvm-aie-port/amd/aie/llvm/lib/Target/AIE -I/home/jtuyls/iree-ai/llvm-aie-port/build/include -I/home/jtuyls/iree-ai/llvm-aie-port/llvm/include -I/home/jtuyls/iree-ai/llvm-aie-port/amd/aie/llvm/include -I /home/jtuyls/iree-ai/llvm-aie-port/llvm/lib/Target -I/home/jtuyls/iree-ai/llvm-aie-port/amd/aie/llvm/lib/Target/AIE/aie2ps /home/jtuyls/iree-ai/llvm-aie-port/amd/aie/llvm/lib/Target/AIE/AIE2PS.td --write-if-changed -o AIE2PSGenSplitInstrTables.inc -d AIE2PSGenSplitInstrTables.inc.d && /usr/bin/cmake -E cmake_transform_depfile Ninja gccdepfile /home/jtuyls/iree-ai/llvm-aie-port/llvm /home/jtuyls/iree-ai/llvm-aie-port/amd/aie/llvm/lib/Target/AIE /home/jtuyls/iree-ai/llvm-aie-port/build /home/jtuyls/iree-ai/llvm-aie-port/build/lib/Target/AIE /home/jtuyls/iree-ai/llvm-aie-port/build/lib/Target/AIE/AIE2PSGenSplitInstrTables.inc.d /home/jtuyls/iree-ai/llvm-aie-port/build/CMakeFiles/d/ce125ab7e4810430a8b5107f3dfe9395b7ff3faf6b2715cc7eb081f41679b48e.d
llvm-tblgen: Unknown command line argument '-gen-aie-split-instr-tables'.  Try: '/home/jtuyls/iree-ai/llvm-aie-port/build/bin/llvm-tblgen --help'
llvm-tblgen: Did you mean '--gen-x86-fold-tables'?
[29/269] Building AIE2GenDisassemblerTables.inc...
FAILED: lib/Target/AIE/AIE2GenDisassemblerTables.inc /home/jtuyls/iree-ai/llvm-aie-port/build/lib/Target/AIE/AIE2GenDisassemblerTables.inc 
cd /home/jtuyls/iree-ai/llvm-aie-port/build/lib/Target/AIE && /home/jtuyls/iree-ai/llvm-aie-port/build/bin/llvm-tblgen -gen-disassembler -ignore-non-decodable-operands -I/home/jtuyls/iree-ai/llvm-aie-port/amd/aie/llvm/lib/Target/AIE -I/home/jtuyls/iree-ai/llvm-aie-port/build/include -I/home/jtuyls/iree-ai/llvm-aie-port/llvm/include -I/home/jtuyls/iree-ai/llvm-aie-port/amd/aie/llvm/include -I /home/jtuyls/iree-ai/llvm-aie-port/llvm/lib/Target /home/jtuyls/iree-ai/llvm-aie-port/amd/aie/llvm/lib/Target/AIE/AIE2.td --write-if-changed -o AIE2GenDisassemblerTables.inc -d AIE2GenDisassemblerTables.inc.d && /usr/bin/cmake -E cmake_transform_depfile Ninja gccdepfile /home/jtuyls/iree-ai/llvm-aie-port/llvm /home/jtuyls/iree-ai/llvm-aie-port/amd/aie/llvm/lib/Target/AIE /home/jtuyls/iree-ai/llvm-aie-port/build /home/jtuyls/iree-ai/llvm-aie-port/build/lib/Target/AIE /home/jtuyls/iree-ai/llvm-aie-port/build/lib/Target/AIE/AIE2GenDisassemblerTables.inc.d /home/jtuyls/iree-ai/llvm-aie-port/build/CMakeFiles/d/13f411218bce22d5166ca4ea64862c49235832488cfe6e0b63abfbc26900d834.d
Included from /home/jtuyls/iree-ai/llvm-aie-port/amd/aie/llvm/lib/Target/AIE/AIE2.td:34:
Included from /home/jtuyls/iree-ai/llvm-aie-port/amd/aie/llvm/lib/Target/AIE/AIE2InstrInfo.td:366:
/home/jtuyls/iree-ai/llvm-aie-port/amd/aie/llvm/lib/Target/AIE/AIE2GenInstrInfo.td:29:7: error: ABS: Size is 32 bits, but Inst specifies only 20 bits
  def ABS : AIE2_alu_r_r_inst_alu<0b1000, (outs eR:$mRx), (ins eR:$mRx0), "abs", "$mRx, $mRx0">;
      ^
[30/269] Building AIEGenFormats.inc...
FAILED: lib/Target/AIE/AIEGenFormats.inc /home/jtuyls/iree-ai/llvm-aie-port/build/lib/Target/AIE/AIEGenFormats.inc 
cd /home/jtuyls/iree-ai/llvm-aie-port/build/lib/Target/AIE && /home/jtuyls/iree-ai/llvm-aie-port/build/bin/llvm-tblgen -gen-instr-format -I/home/jtuyls/iree-ai/llvm-aie-port/amd/aie/llvm/lib/Target/AIE -I/home/jtuyls/iree-ai/llvm-aie-port/build/include -I/home/jtuyls/iree-ai/llvm-aie-port/llvm/include -I/home/jtuyls/iree-ai/llvm-aie-port/amd/aie/llvm/include -I /home/jtuyls/iree-ai/llvm-aie-port/llvm/lib/Target /home/jtuyls/iree-ai/llvm-aie-port/amd/aie/llvm/lib/Target/AIE/aie1/AIE1.td --write-if-changed -o AIEGenFormats.inc -d AIEGenFormats.inc.d && /usr/bin/cmake -E cmake_transform_depfile Ninja gccdepfile /home/jtuyls/iree-ai/llvm-aie-port/llvm /home/jtuyls/iree-ai/llvm-aie-port/amd/aie/llvm/lib/Target/AIE /home/jtuyls/iree-ai/llvm-aie-port/build /home/jtuyls/iree-ai/llvm-aie-port/build/lib/Target/AIE /home/jtuyls/iree-ai/llvm-aie-port/build/lib/Target/AIE/AIEGenFormats.inc.d /home/jtuyls/iree-ai/llvm-aie-port/build/CMakeFiles/d/444377e42fb93c50be6f0eb7da7417d9fc33a17cef63b701ccf6982fb2be24eb.d
llvm-tblgen: Unknown command line argument '-gen-instr-format'.  Try: '/home/jtuyls/iree-ai/llvm-aie-port/build/bin/llvm-tblgen --help'
llvm-tblgen: Did you mean '--gen-instr-docs'?
[31/269] Building AIEGenGlobalISel.inc...
FAILED: lib/Target/AIE/AIEGenGlobalISel.inc /home/jtuyls/iree-ai/llvm-aie-port/build/lib/Target/AIE/AIEGenGlobalISel.inc 
cd /home/jtuyls/iree-ai/llvm-aie-port/build/lib/Target/AIE && /home/jtuyls/iree-ai/llvm-aie-port/build/bin/llvm-tblgen -gen-global-isel -gisel-subtarget-class AIEBaseSubtarget -I/home/jtuyls/iree-ai/llvm-aie-port/amd/aie/llvm/lib/Target/AIE -I/home/jtuyls/iree-ai/llvm-aie-port/build/include -I/home/jtuyls/iree-ai/llvm-aie-port/llvm/include -I/home/jtuyls/iree-ai/llvm-aie-port/amd/aie/llvm/include -I /home/jtuyls/iree-ai/llvm-aie-port/llvm/lib/Target /home/jtuyls/iree-ai/llvm-aie-port/amd/aie/llvm/lib/Target/AIE/aie1/AIE1.td --write-if-changed -o AIEGenGlobalISel.inc -d AIEGenGlobalISel.inc.d && /usr/bin/cmake -E cmake_transform_depfile Ninja gccdepfile /home/jtuyls/iree-ai/llvm-aie-port/llvm /home/jtuyls/iree-ai/llvm-aie-port/amd/aie/llvm/lib/Target/AIE /home/jtuyls/iree-ai/llvm-aie-port/build /home/jtuyls/iree-ai/llvm-aie-port/build/lib/Target/AIE /home/jtuyls/iree-ai/llvm-aie-port/build/lib/Target/AIE/AIEGenGlobalISel.inc.d /home/jtuyls/iree-ai/llvm-aie-port/build/CMakeFiles/d/17137ce2a547c4e7fdf2fb334a4593c5a59f29f1b6c0d6d68a77f37dad952009.d
llvm-tblgen: Unknown command line argument '-gisel-subtarget-class'.  Try: '/home/jtuyls/iree-ai/llvm-aie-port/build/bin/llvm-tblgen --help'
llvm-tblgen: Did you mean '--base-subtargetinfo-class'?
llvm-tblgen: Too many positional arguments specified!
Can specify at most 1 positional arguments: See: /home/jtuyls/iree-ai/llvm-aie-port/build/bin/llvm-tblgen --help
[32/269] Building AIE2GenMCPseudoLowering.inc...
[33/269] Building AIE2GenMCCodeEmitter.inc...
[34/269] Building AIEGenDisassemblerTables.inc...
[35/269] Building AIE2PGenDisassemblerTables.inc...
FAILED: lib/Target/AIE/AIE2PGenDisassemblerTables.inc /home/jtuyls/iree-ai/llvm-aie-port/build/lib/Target/AIE/AIE2PGenDisassemblerTables.inc 
cd /home/jtuyls/iree-ai/llvm-aie-port/build/lib/Target/AIE && /home/jtuyls/iree-ai/llvm-aie-port/build/bin/llvm-tblgen -gen-disassembler -ignore-non-decodable-operands -I/home/jtuyls/iree-ai/llvm-aie-port/amd/aie/llvm/lib/Target/AIE -I/home/jtuyls/iree-ai/llvm-aie-port/build/include -I/home/jtuyls/iree-ai/llvm-aie-port/llvm/include -I/home/jtuyls/iree-ai/llvm-aie-port/amd/aie/llvm/include -I /home/jtuyls/iree-ai/llvm-aie-port/llvm/lib/Target -I/home/jtuyls/iree-ai/llvm-aie-port/amd/aie/llvm/lib/Target/AIE/aie2p /home/jtuyls/iree-ai/llvm-aie-port/amd/aie/llvm/lib/Target/AIE/AIE2P.td --write-if-changed -o AIE2PGenDisassemblerTables.inc -d AIE2PGenDisassemblerTables.inc.d && /usr/bin/cmake -E cmake_transform_depfile Ninja gccdepfile /home/jtuyls/iree-ai/llvm-aie-port/llvm /home/jtuyls/iree-ai/llvm-aie-port/amd/aie/llvm/lib/Target/AIE /home/jtuyls/iree-ai/llvm-aie-port/build /home/jtuyls/iree-ai/llvm-aie-port/build/lib/Target/AIE /home/jtuyls/iree-ai/llvm-aie-port/build/lib/Target/AIE/AIE2PGenDisassemblerTables.inc.d /home/jtuyls/iree-ai/llvm-aie-port/build/CMakeFiles/d/62132d02e74aa98c588d38dea7690ff990fb3df313491303cc74b31081da7f77.d
Included from /home/jtuyls/iree-ai/llvm-aie-port/amd/aie/llvm/lib/Target/AIE/AIE2P.td:34:
Included from /home/jtuyls/iree-ai/llvm-aie-port/amd/aie/llvm/lib/Target/AIE/aie2p/AIE2PInstrInfo.td:24:
/home/jtuyls/iree-ai/llvm-aie-port/amd/aie/llvm/lib/Target/AIE/aie2p/AIE2PGenInstrInfo.td:14:5: error: ABS: Size is 32 bits, but Inst specifies only 20 bits
def ABS : AIE2P_inst_alu_instr32 <(outs eR:$d0), (ins eR:$s0), "abs", " $d0, $s0">{
    ^
[36/269] Building AIE2GenRegisterBank.inc...
[37/269] Building AIEGenPreISelGICombiner.inc...
FAILED: lib/Target/AIE/AIEGenPreISelGICombiner.inc /home/jtuyls/iree-ai/llvm-aie-port/build/lib/Target/AIE/AIEGenPreISelGICombiner.inc 
cd /home/jtuyls/iree-ai/llvm-aie-port/build/lib/Target/AIE && /home/jtuyls/iree-ai/llvm-aie-port/build/bin/llvm-tblgen -gen-global-isel-combiner -gisel-subtarget-class AIEBaseSubtarget -combiners="AIEPreISelCombiner" -I/home/jtuyls/iree-ai/llvm-aie-port/amd/aie/llvm/lib/Target/AIE -I/home/jtuyls/iree-ai/llvm-aie-port/build/include -I/home/jtuyls/iree-ai/llvm-aie-port/llvm/include -I/home/jtuyls/iree-ai/llvm-aie-port/amd/aie/llvm/include -I /home/jtuyls/iree-ai/llvm-aie-port/llvm/lib/Target /home/jtuyls/iree-ai/llvm-aie-port/amd/aie/llvm/lib/Target/AIE/AIE2.td --write-if-changed -o AIEGenPreISelGICombiner.inc -d AIEGenPreISelGICombiner.inc.d && /usr/bin/cmake -E cmake_transform_depfile Ninja gccdepfile /home/jtuyls/iree-ai/llvm-aie-port/llvm /home/jtuyls/iree-ai/llvm-aie-port/amd/aie/llvm/lib/Target/AIE /home/jtuyls/iree-ai/llvm-aie-port/build /home/jtuyls/iree-ai/llvm-aie-port/build/lib/Target/AIE /home/jtuyls/iree-ai/llvm-aie-port/build/lib/Target/AIE/AIEGenPreISelGICombiner.inc.d /home/jtuyls/iree-ai/llvm-aie-port/build/CMakeFiles/d/b87d2cdc27d989faac0a293ca9467feab272e5d8f34c42555831abb4e6cd9dfb.d
llvm-tblgen: Unknown command line argument '-gisel-subtarget-class'.  Try: '/home/jtuyls/iree-ai/llvm-aie-port/build/bin/llvm-tblgen --help'
llvm-tblgen: Did you mean '--base-subtargetinfo-class'?
llvm-tblgen: Too many positional arguments specified!
Can specify at most 1 positional arguments: See: /home/jtuyls/iree-ai/llvm-aie-port/build/bin/llvm-tblgen --help
[38/269] Building AIE2GenCallingConv.inc...
[39/269] Building AIEGenAsmWriter.inc...
[40/269] Building AIE2GenRegisterInfo.inc...
[41/269] Building AIE2GenAsmWriter.inc...
[42/269] Building AIE2PSGenDisassemblerTables.inc...
FAILED: lib/Target/AIE/AIE2PSGenDisassemblerTables.inc /home/jtuyls/iree-ai/llvm-aie-port/build/lib/Target/AIE/AIE2PSGenDisassemblerTables.inc 
cd /home/jtuyls/iree-ai/llvm-aie-port/build/lib/Target/AIE && /home/jtuyls/iree-ai/llvm-aie-port/build/bin/llvm-tblgen -gen-disassembler -ignore-non-decodable-operands -I/home/jtuyls/iree-ai/llvm-aie-port/amd/aie/llvm/lib/Target/AIE -I/home/jtuyls/iree-ai/llvm-aie-port/build/include -I/home/jtuyls/iree-ai/llvm-aie-port/llvm/include -I/home/jtuyls/iree-ai/llvm-aie-port/amd/aie/llvm/include -I /home/jtuyls/iree-ai/llvm-aie-port/llvm/lib/Target -I/home/jtuyls/iree-ai/llvm-aie-port/amd/aie/llvm/lib/Target/AIE/aie2ps /home/jtuyls/iree-ai/llvm-aie-port/amd/aie/llvm/lib/Target/AIE/AIE2PS.td --write-if-changed -o AIE2PSGenDisassemblerTables.inc -d AIE2PSGenDisassemblerTables.inc.d && /usr/bin/cmake -E cmake_transform_depfile Ninja gccdepfile /home/jtuyls/iree-ai/llvm-aie-port/llvm /home/jtuyls/iree-ai/llvm-aie-port/amd/aie/llvm/lib/Target/AIE /home/jtuyls/iree-ai/llvm-aie-port/build /home/jtuyls/iree-ai/llvm-aie-port/build/lib/Target/AIE /home/jtuyls/iree-ai/llvm-aie-port/build/lib/Target/AIE/AIE2PSGenDisassemblerTables.inc.d /home/jtuyls/iree-ai/llvm-aie-port/build/CMakeFiles/d/274e458efd25ca266df321cc677de5fb067a43c440278b1074938f696a4c8e36.d
Included from /home/jtuyls/iree-ai/llvm-aie-port/amd/aie/llvm/lib/Target/AIE/AIE2PS.td:35:
Included from /home/jtuyls/iree-ai/llvm-aie-port/amd/aie/llvm/lib/Target/AIE/aie2ps/AIE2PSInstrInfo.td:24:
/home/jtuyls/iree-ai/llvm-aie-port/amd/aie/llvm/lib/Target/AIE/aie2ps/AIE2PSGenInstrInfo.td:14:5: error: ABS: Size is 32 bits, but Inst specifies only 20 bits
def ABS : AIE2PS_inst_alu_instr32 <(outs OP_mRx:$d0), (ins OP_mRx:$s0), "abs", " $d0, $s0">{
    ^
[43/269] Building AIE2PSGenMCCodeEmitter.inc...
[44/269] Building AIE2GenAsmMatcher.inc...
[45/269] Building AIEGenAsmMatcher.inc...
[46/269] Building AIE2PGenMCCodeEmitter.inc...
[47/269] Building AIEGenDAGISel.inc...
FAILED: lib/Target/AIE/AIEGenDAGISel.inc /home/jtuyls/iree-ai/llvm-aie-port/build/lib/Target/AIE/AIEGenDAGISel.inc 
cd /home/jtuyls/iree-ai/llvm-aie-port/build/lib/Target/AIE && /home/jtuyls/iree-ai/llvm-aie-port/build/bin/llvm-tblgen -gen-dag-isel -I/home/jtuyls/iree-ai/llvm-aie-port/amd/aie/llvm/lib/Target/AIE -I/home/jtuyls/iree-ai/llvm-aie-port/build/include -I/home/jtuyls/iree-ai/llvm-aie-port/llvm/include -I/home/jtuyls/iree-ai/llvm-aie-port/amd/aie/llvm/include -I /home/jtuyls/iree-ai/llvm-aie-port/llvm/lib/Target -omit-comments /home/jtuyls/iree-ai/llvm-aie-port/amd/aie/llvm/lib/Target/AIE/aie1/AIE1.td --write-if-changed -o AIEGenDAGISel.inc -d AIEGenDAGISel.inc.d && /usr/bin/cmake -E cmake_transform_depfile Ninja gccdepfile /home/jtuyls/iree-ai/llvm-aie-port/llvm /home/jtuyls/iree-ai/llvm-aie-port/amd/aie/llvm/lib/Target/AIE /home/jtuyls/iree-ai/llvm-aie-port/build /home/jtuyls/iree-ai/llvm-aie-port/build/lib/Target/AIE /home/jtuyls/iree-ai/llvm-aie-port/build/lib/Target/AIE/AIEGenDAGISel.inc.d /home/jtuyls/iree-ai/llvm-aie-port/build/CMakeFiles/d/2e4c0e17cc8758b3e83cacda29e5870085405fb7ec29ba14fe70af5a8e1f58c1.d
Type set is empty for each HW mode:
possible type contradiction in the pattern below (use -print-records with llvm-tblgen to see all expanded records).
anonymous_14392: 	(add:{ *:[] } GPR:{ *:[i20] }:$s0, (imm:{ *:[i32 v8i1 v16i1 v16i8 v32i8 v64i8 v128i8 v8i16 v16i16 v32i16 v64i16 v2i32 v4i32 v8i32 v16i32 v32i32 v4i64 v8i64] })<<P:Predicate_simm7>>:$imm)
Generated from record:
anonymous_14392 {	// Pattern Pat
  dag PatternToMatch = (i20 (add (i20 GPR:$s0), simm7:$imm));
  list<dag> ResultInstrs = [(ADDI GPR:$s0, simm7:$imm)];
  bit ModelsInaccessibleMemThroughRegs = 0;
  list<Predicate> Predicates = [];
  int AddedComplexity = 0;
  bit GISelShouldIgnore = 0;
}
Included from /home/jtuyls/iree-ai/llvm-aie-port/amd/aie/llvm/lib/Target/AIE/aie1/AIE1.td:28:
/home/jtuyls/iree-ai/llvm-aie-port/amd/aie/llvm/lib/Target/AIE/aie1/AIE1InstrInfo.td:577:1: error: Type set is empty for each HW mode in 'anonymous_14392'
def : Pat<(type (add (type GPR:$s0), simm7:$imm)), (ADDI GPR:$s0, simm7:$imm)>;
^
Included from /home/jtuyls/iree-ai/llvm-aie-port/amd/aie/llvm/lib/Target/AIE/aie1/AIE1.td:28:
/home/jtuyls/iree-ai/llvm-aie-port/amd/aie/llvm/lib/Target/AIE/aie1/AIE1InstrInfo.td:581:8: note: instantiated from multiclass
defm : ALUPatterns<i20>;
       ^
[48/269] Building AIEGenCallingConv.inc...
[49/269] Building AIE2GenSubtargetInfo.inc...
[50/269] Building AIE2GenInstrInfo.inc...
FAILED: lib/Target/AIE/AIE2GenInstrInfo.inc /home/jtuyls/iree-ai/llvm-aie-port/build/lib/Target/AIE/AIE2GenInstrInfo.inc 
cd /home/jtuyls/iree-ai/llvm-aie-port/build/lib/Target/AIE && /home/jtuyls/iree-ai/llvm-aie-port/build/bin/llvm-tblgen -gen-instr-info -base-instrinfo-class AIEBaseInstrInfo -I/home/jtuyls/iree-ai/llvm-aie-port/amd/aie/llvm/lib/Target/AIE -I/home/jtuyls/iree-ai/llvm-aie-port/build/include -I/home/jtuyls/iree-ai/llvm-aie-port/llvm/include -I/home/jtuyls/iree-ai/llvm-aie-port/amd/aie/llvm/include -I /home/jtuyls/iree-ai/llvm-aie-port/llvm/lib/Target /home/jtuyls/iree-ai/llvm-aie-port/amd/aie/llvm/lib/Target/AIE/AIE2.td --write-if-changed -o AIE2GenInstrInfo.inc -d AIE2GenInstrInfo.inc.d && /usr/bin/cmake -E cmake_transform_depfile Ninja gccdepfile /home/jtuyls/iree-ai/llvm-aie-port/llvm /home/jtuyls/iree-ai/llvm-aie-port/amd/aie/llvm/lib/Target/AIE /home/jtuyls/iree-ai/llvm-aie-port/build /home/jtuyls/iree-ai/llvm-aie-port/build/lib/Target/AIE /home/jtuyls/iree-ai/llvm-aie-port/build/lib/Target/AIE/AIE2GenInstrInfo.inc.d /home/jtuyls/iree-ai/llvm-aie-port/build/CMakeFiles/d/a96b3f7622908b43b423ddc7cb99b8f62c3a705213048714e55cf49a2edb37a6.d
Included from /home/jtuyls/iree-ai/llvm-aie-port/amd/aie/llvm/lib/Target/AIE/AIE2.td:34:
Included from /home/jtuyls/iree-ai/llvm-aie-port/amd/aie/llvm/lib/Target/AIE/AIE2InstrInfo.td:629:
/home/jtuyls/iree-ai/llvm-aie-port/amd/aie/llvm/lib/Target/AIE/AIE2InstrPatterns.td:323:1: error: pattern may load, but mayLoad isn't set on the output instructions
def : PatInaccessibleMem<(int_aie2_I1024_I1024_ACC1024_accfloat_bf_mul_conf VEC1024:$s1, VEC512:$s2, VEC128:$q, eR:$c),
^
Included from /home/jtuyls/iree-ai/llvm-aie-port/amd/aie/llvm/lib/Target/AIE/AIE2.td:34:
Included from /home/jtuyls/iree-ai/llvm-aie-port/amd/aie/llvm/lib/Target/AIE/AIE2InstrInfo.td:369:
/home/jtuyls/iree-ai/llvm-aie-port/amd/aie/llvm/lib/Target/AIE/AIE2GenFixupInstrInfo.td:1596:9: error: defined here
    def VMUL_F_vmac_bm_core_sparse_wide :
        ^
Included from /home/jtuyls/iree-ai/llvm-aie-port/amd/aie/llvm/lib/Target/AIE/AIE2.td:11:
/home/jtuyls/iree-ai/llvm-aie-port/llvm/include/llvm/Target/Target.td:1464:5: error: defined here
def REG_SEQUENCE : StandardPseudoInstruction {
    ^
Included from /home/jtuyls/iree-ai/llvm-aie-port/amd/aie/llvm/lib/Target/AIE/AIE2.td:34:
Included from /home/jtuyls/iree-ai/llvm-aie-port/amd/aie/llvm/lib/Target/AIE/AIE2InstrInfo.td:629:
/home/jtuyls/iree-ai/llvm-aie-port/amd/aie/llvm/lib/Target/AIE/AIE2InstrPatterns.td:327:1: error: pattern may load, but mayLoad isn't set on the output instructions
def : PatInaccessibleMem<(int_aie2_I512_I1024_ACC1024_accfloat_bf_mul_conf VEC512:$s1, VEC512:$s2, VEC128:$q, eR:$c),
^
Included from /home/jtuyls/iree-ai/llvm-aie-port/amd/aie/llvm/lib/Target/AIE/AIE2.td:34:
Included from /home/jtuyls/iree-ai/llvm-aie-port/amd/aie/llvm/lib/Target/AIE/AIE2InstrInfo.td:369:
/home/jtuyls/iree-ai/llvm-aie-port/amd/aie/llvm/lib/Target/AIE/AIE2GenFixupInstrInfo.td:1600:9: error: defined here
    def VMUL_F_vmac_bm_core_sparse_narrow :
        ^
Included from /home/jtuyls/iree-ai/llvm-aie-port/amd/aie/llvm/lib/Target/AIE/AIE2.td:11:
/home/jtuyls/iree-ai/llvm-aie-port/llvm/include/llvm/Target/Target.td:1464:5: error: defined here
def REG_SEQUENCE : StandardPseudoInstruction {
    ^
Included from /home/jtuyls/iree-ai/llvm-aie-port/amd/aie/llvm/lib/Target/AIE/AIE2.td:34:
Included from /home/jtuyls/iree-ai/llvm-aie-port/amd/aie/llvm/lib/Target/AIE/AIE2InstrInfo.td:629:
/home/jtuyls/iree-ai/llvm-aie-port/amd/aie/llvm/lib/Target/AIE/AIE2InstrPatterns.td:349:1: error: pattern may load, but mayLoad isn't set on the output instructions
def : PatInaccessibleMem<(int_aie2_I1024_I1024_ACC1024_accfloat_bf_negmul_conf VEC1024:$s1, VEC512:$s2, VEC128:$q, eR:$c),
^
Included from /home/jtuyls/iree-ai/llvm-aie-port/amd/aie/llvm/lib/Target/AIE/AIE2.td:34:
Included from /home/jtuyls/iree-ai/llvm-aie-port/amd/aie/llvm/lib/Target/AIE/AIE2InstrInfo.td:369:
/home/jtuyls/iree-ai/llvm-aie-port/amd/aie/llvm/lib/Target/AIE/AIE2GenFixupInstrInfo.td:1614:9: error: defined here
    def VNEGMUL_F_vmac_bm_core_sparse_wide :
        ^
Included from /home/jtuyls/iree-ai/llvm-aie-port/amd/aie/llvm/lib/Target/AIE/AIE2.td:11:
/home/jtuyls/iree-ai/llvm-aie-port/llvm/include/llvm/Target/Target.td:1464:5: error: defined here
def REG_SEQUENCE : StandardPseudoInstruction {
    ^
Included from /home/jtuyls/iree-ai/llvm-aie-port/amd/aie/llvm/lib/Target/AIE/AIE2.td:34:
Included from /home/jtuyls/iree-ai/llvm-aie-port/amd/aie/llvm/lib/Target/AIE/AIE2InstrInfo.td:629:
/home/jtuyls/iree-ai/llvm-aie-port/amd/aie/llvm/lib/Target/AIE/AIE2InstrPatterns.td:353:1: error: pattern may load, but mayLoad isn't set on the output instructions
def : PatInaccessibleMem<(int_aie2_I512_I1024_ACC1024_accfloat_bf_negmul_conf VEC512:$s1, VEC512:$s2, VEC128:$q, eR:$c),
^
Included from /home/jtuyls/iree-ai/llvm-aie-port/amd/aie/llvm/lib/Target/AIE/AIE2.td:34:
Included from /home/jtuyls/iree-ai/llvm-aie-port/amd/aie/llvm/lib/Target/AIE/AIE2InstrInfo.td:369:
/home/jtuyls/iree-ai/llvm-aie-port/amd/aie/llvm/lib/Target/AIE/AIE2GenFixupInstrInfo.td:1619:9: error: defined here
    def VNEGMUL_F_vmac_bm_core_sparse_narrow :
        ^
Included from /home/jtuyls/iree-ai/llvm-aie-port/amd/aie/llvm/lib/Target/AIE/AIE2.td:11:
/home/jtuyls/iree-ai/llvm-aie-port/llvm/include/llvm/Target/Target.td:1464:5: error: defined here
def REG_SEQUENCE : StandardPseudoInstruction {
    ^
Included from /home/jtuyls/iree-ai/llvm-aie-port/amd/aie/llvm/lib/Target/AIE/AIE2.td:34:
Included from /home/jtuyls/iree-ai/llvm-aie-port/amd/aie/llvm/lib/Target/AIE/AIE2InstrInfo.td:629:
/home/jtuyls/iree-ai/llvm-aie-port/amd/aie/llvm/lib/Target/AIE/AIE2InstrPatterns.td:375:1: error: pattern may load, but mayLoad isn't set on the output instructions
def : PatInaccessibleMem<(int_aie2_I1024_I1024_ACC1024_accfloat_bf_mac_conf VEC1024:$s1, VEC512:$s2, VEC128:$q, ACC512:$acc1, eR:$c),
^
Included from /home/jtuyls/iree-ai/llvm-aie-port/amd/aie/llvm/lib/Target/AIE/AIE2.td:34:
Included from /home/jtuyls/iree-ai/llvm-aie-port/amd/aie/llvm/lib/Target/AIE/AIE2InstrInfo.td:369:
/home/jtuyls/iree-ai/llvm-aie-port/amd/aie/llvm/lib/Target/AIE/AIE2GenFixupInstrInfo.td:1708:7: error: defined here
  def VMAC_F_vmac_bm_core_sparse_wide :
      ^
Included from /home/jtuyls/iree-ai/llvm-aie-port/amd/aie/llvm/lib/Target/AIE/AIE2.td:11:
/home/jtuyls/iree-ai/llvm-aie-port/llvm/include/llvm/Target/Target.td:1464:5: error: defined here
def REG_SEQUENCE : StandardPseudoInstruction {
    ^
Included from /home/jtuyls/iree-ai/llvm-aie-port/amd/aie/llvm/lib/Target/AIE/AIE2.td:34:
Included from /home/jtuyls/iree-ai/llvm-aie-port/amd/aie/llvm/lib/Target/AIE/AIE2InstrInfo.td:629:
/home/jtuyls/iree-ai/llvm-aie-port/amd/aie/llvm/lib/Target/AIE/AIE2InstrPatterns.td:379:1: error: pattern may load, but mayLoad isn't set on the output instructions
def : PatInaccessibleMem<(int_aie2_I512_I1024_ACC1024_accfloat_bf_mac_conf VEC512:$s1, VEC512:$s2, VEC128:$q, ACC512:$acc1, eR:$c),
^
Included from /home/jtuyls/iree-ai/llvm-aie-port/amd/aie/llvm/lib/Target/AIE/AIE2.td:34:
Included from /home/jtuyls/iree-ai/llvm-aie-port/amd/aie/llvm/lib/Target/AIE/AIE2InstrInfo.td:369:
/home/jtuyls/iree-ai/llvm-aie-port/amd/aie/llvm/lib/Target/AIE/AIE2GenFixupInstrInfo.td:1713:7: error: defined here
  def VMAC_F_vmac_bm_core_sparse_narrow :
      ^
Included from /home/jtuyls/iree-ai/llvm-aie-port/amd/aie/llvm/lib/Target/AIE/AIE2.td:11:
/home/jtuyls/iree-ai/llvm-aie-port/llvm/include/llvm/Target/Target.td:1464:5: error: defined here
def REG_SEQUENCE : StandardPseudoInstruction {
    ^
Included from /home/jtuyls/iree-ai/llvm-aie-port/amd/aie/llvm/lib/Target/AIE/AIE2.td:34:
Included from /home/jtuyls/iree-ai/llvm-aie-port/amd/aie/llvm/lib/Target/AIE/AIE2InstrInfo.td:629:
/home/jtuyls/iree-ai/llvm-aie-port/amd/aie/llvm/lib/Target/AIE/AIE2InstrPatterns.td:401:1: error: pattern may load, but mayLoad isn't set on the output instructions
def : PatInaccessibleMem<(int_aie2_I1024_I1024_ACC1024_accfloat_bf_msc_conf VEC1024:$s1, VEC512:$s2, VEC128:$q, ACC512:$acc1, eR:$c),
^
Included from /home/jtuyls/iree-ai/llvm-aie-port/amd/aie/llvm/lib/Target/AIE/AIE2.td:34:
Included from /home/jtuyls/iree-ai/llvm-aie-port/amd/aie/llvm/lib/Target/AIE/AIE2InstrInfo.td:369:
/home/jtuyls/iree-ai/llvm-aie-port/amd/aie/llvm/lib/Target/AIE/AIE2GenFixupInstrInfo.td:1730:7: error: defined here
  def VMSC_F_vmac_bm_core_sparse_wide :
      ^
Included from /home/jtuyls/iree-ai/llvm-aie-port/amd/aie/llvm/lib/Target/AIE/AIE2.td:11:
/home/jtuyls/iree-ai/llvm-aie-port/llvm/include/llvm/Target/Target.td:1464:5: error: defined here
def REG_SEQUENCE : StandardPseudoInstruction {
    ^
Included from /home/jtuyls/iree-ai/llvm-aie-port/amd/aie/llvm/lib/Target/AIE/AIE2.td:34:
Included from /home/jtuyls/iree-ai/llvm-aie-port/amd/aie/llvm/lib/Target/AIE/AIE2InstrInfo.td:629:
/home/jtuyls/iree-ai/llvm-aie-port/amd/aie/llvm/lib/Target/AIE/AIE2InstrPatterns.td:405:1: error: pattern may load, but mayLoad isn't set on the output instructions
def : PatInaccessibleMem<(int_aie2_I512_I1024_ACC1024_accfloat_bf_msc_conf VEC512:$s1, VEC512:$s2, VEC128:$q, ACC512:$acc1, eR:$c),
^
Included from /home/jtuyls/iree-ai/llvm-aie-port/amd/aie/llvm/lib/Target/AIE/AIE2.td:34:
Included from /home/jtuyls/iree-ai/llvm-aie-port/amd/aie/llvm/lib/Target/AIE/AIE2InstrInfo.td:369:
/home/jtuyls/iree-ai/llvm-aie-port/amd/aie/llvm/lib/Target/AIE/AIE2GenFixupInstrInfo.td:1735:7: error: defined here
  def VMSC_F_vmac_bm_core_sparse_narrow :
      ^
Included from /home/jtuyls/iree-ai/llvm-aie-port/amd/aie/llvm/lib/Target/AIE/AIE2.td:11:
/home/jtuyls/iree-ai/llvm-aie-port/llvm/include/llvm/Target/Target.td:1464:5: error: defined here
def REG_SEQUENCE : StandardPseudoInstruction {
    ^
Included from /home/jtuyls/iree-ai/llvm-aie-port/amd/aie/llvm/lib/Target/AIE/AIE2.td:34:
Included from /home/jtuyls/iree-ai/llvm-aie-port/amd/aie/llvm/lib/Target/AIE/AIE2InstrInfo.td:629:
/home/jtuyls/iree-ai/llvm-aie-port/amd/aie/llvm/lib/Target/AIE/AIE2InstrPatterns.td:487:1: error: pattern may load, but mayLoad isn't set on the output instructions
def : PatInaccessibleMem<(int_aie2_I1024_I1024_ACC1024_ACC1024_accfloat_bf_addmac_conf VEC1024:$s1, VEC512:$s2, VEC128:$q, ACC512:$acc1, ACC512:$acc2, eR:$c),
^
Included from /home/jtuyls/iree-ai/llvm-aie-port/amd/aie/llvm/lib/Target/AIE/AIE2.td:34:
Included from /home/jtuyls/iree-ai/llvm-aie-port/amd/aie/llvm/lib/Target/AIE/AIE2InstrInfo.td:369:
/home/jtuyls/iree-ai/llvm-aie-port/amd/aie/llvm/lib/Target/AIE/AIE2GenFixupInstrInfo.td:1798:9: error: defined here
    def VADDMAC_F_vmac_bm_core_sparse_wide : AIE2_vaddmac_bf_inst_vec < /*mdm*/0b0,
        ^
Included from /home/jtuyls/iree-ai/llvm-aie-port/amd/aie/llvm/lib/Target/AIE/AIE2.td:11:
/home/jtuyls/iree-ai/llvm-aie-port/llvm/include/llvm/Target/Target.td:1464:5: error: defined here
def REG_SEQUENCE : StandardPseudoInstruction {
    ^
Included from /home/jtuyls/iree-ai/llvm-aie-port/amd/aie/llvm/lib/Target/AIE/AIE2.td:34:
Included from /home/jtuyls/iree-ai/llvm-aie-port/amd/aie/llvm/lib/Target/AIE/AIE2InstrInfo.td:629:
/home/jtuyls/iree-ai/llvm-aie-port/amd/aie/llvm/lib/Target/AIE/AIE2InstrPatterns.td:491:1: error: pattern may load, but mayLoad isn't set on the output instructions
def : PatInaccessibleMem<(int_aie2_I512_I1024_ACC1024_ACC1024_accfloat_bf_addmac_conf VEC512:$s1, VEC512:$s2, VEC128:$q, ACC512:$acc1, ACC512:$acc2, eR:$c),
^
Included from /home/jtuyls/iree-ai/llvm-aie-port/amd/aie/llvm/lib/Target/AIE/AIE2.td:34:
Included from /home/jtuyls/iree-ai/llvm-aie-port/amd/aie/llvm/lib/Target/AIE/AIE2InstrInfo.td:369:
/home/jtuyls/iree-ai/llvm-aie-port/amd/aie/llvm/lib/Target/AIE/AIE2GenFixupInstrInfo.td:1795:9: error: defined here
    def VADDMAC_F_vmac_bm_core_sparse_narrow : AIE2_vaddmac_bf_inst_vec < /*mdm*/0b0,
        ^
Included from /home/jtuyls/iree-ai/llvm-aie-port/amd/aie/llvm/lib/Target/AIE/AIE2.td:11:
/home/jtuyls/iree-ai/llvm-aie-port/llvm/include/llvm/Target/Target.td:1464:5: error: defined here
def REG_SEQUENCE : StandardPseudoInstruction {
    ^
Included from /home/jtuyls/iree-ai/llvm-aie-port/amd/aie/llvm/lib/Target/AIE/AIE2.td:34:
Included from /home/jtuyls/iree-ai/llvm-aie-port/amd/aie/llvm/lib/Target/AIE/AIE2InstrInfo.td:629:
/home/jtuyls/iree-ai/llvm-aie-port/amd/aie/llvm/lib/Target/AIE/AIE2InstrPatterns.td:500:1: error: pattern may load, but mayLoad isn't set on the output instructions
def : PatInaccessibleMem<(int_aie2_I1024_I1024_ACC1024_ACC1024_accfloat_bf_addmsc_conf VEC1024:$s1, VEC512:$s2, VEC128:$q, ACC512:$acc1, ACC512:$acc2, eR:$c),
^
Included from /home/jtuyls/iree-ai/llvm-aie-port/amd/aie/llvm/lib/Target/AIE/AIE2.td:34:
Included from /home/jtuyls/iree-ai/llvm-aie-port/amd/aie/llvm/lib/Target/AIE/AIE2InstrInfo.td:369:
/home/jtuyls/iree-ai/llvm-aie-port/amd/aie/llvm/lib/Target/AIE/AIE2GenFixupInstrInfo.td:1807:9: error: defined here
    def VADDMSC_F_vmac_bm_core_sparse_wide : AIE2_vaddmac_bf_inst_vec < /*mdm*/0b1,
        ^
Included from /home/jtuyls/iree-ai/llvm-aie-port/amd/aie/llvm/lib/Target/AIE/AIE2.td:11:
/home/jtuyls/iree-ai/llvm-aie-port/llvm/include/llvm/Target/Target.td:1464:5: error: defined here
def REG_SEQUENCE : StandardPseudoInstruction {
    ^
Included from /home/jtuyls/iree-ai/llvm-aie-port/amd/aie/llvm/lib/Target/AIE/AIE2.td:34:
Included from /home/jtuyls/iree-ai/llvm-aie-port/amd/aie/llvm/lib/Target/AIE/AIE2InstrInfo.td:629:
/home/jtuyls/iree-ai/llvm-aie-port/amd/aie/llvm/lib/Target/AIE/AIE2InstrPatterns.td:504:1: error: pattern may load, but mayLoad isn't set on the output instructions
def : PatInaccessibleMem<(int_aie2_I512_I1024_ACC1024_ACC1024_accfloat_bf_addmsc_conf VEC512:$s1, VEC512:$s2, VEC128:$q, ACC512:$acc1, ACC512:$acc2, eR:$c),
^
Included from /home/jtuyls/iree-ai/llvm-aie-port/amd/aie/llvm/lib/Target/AIE/AIE2.td:34:
Included from /home/jtuyls/iree-ai/llvm-aie-port/amd/aie/llvm/lib/Target/AIE/AIE2InstrInfo.td:369:
/home/jtuyls/iree-ai/llvm-aie-port/amd/aie/llvm/lib/Target/AIE/AIE2GenFixupInstrInfo.td:1804:9: error: defined here
    def VADDMSC_F_vmac_bm_core_sparse_narrow : AIE2_vaddmac_bf_inst_vec < /*mdm*/0b1,
        ^
Included from /home/jtuyls/iree-ai/llvm-aie-port/amd/aie/llvm/lib/Target/AIE/AIE2.td:11:
/home/jtuyls/iree-ai/llvm-aie-port/llvm/include/llvm/Target/Target.td:1464:5: error: defined here
def REG_SEQUENCE : StandardPseudoInstruction {
    ^
error: Errors in DAG patterns
[51/269] Building AIE2PSGenAsmWriter.inc...
[52/269] Building AIE2PSGenSubtargetInfo.inc...
[53/269] Building AIE2PGenRegisterInfo.inc...
[54/269] Building AIE2PGenSubtargetInfo.inc...
[55/269] Building AIE2PGenAsmWriter.inc...
[56/269] Building AIE2PGenRegisterBank.inc...
[57/269] Building AIE2PSGenCallingConv.inc...
[58/269] Building AIE2PGenCallingConv.inc...
[59/269] Building AIE2PGenAsmMatcher.inc...
[60/269] Building AIE2PGenInstrInfo.inc...
FAILED: lib/Target/AIE/AIE2PGenInstrInfo.inc /home/jtuyls/iree-ai/llvm-aie-port/build/lib/Target/AIE/AIE2PGenInstrInfo.inc 
cd /home/jtuyls/iree-ai/llvm-aie-port/build/lib/Target/AIE && /home/jtuyls/iree-ai/llvm-aie-port/build/bin/llvm-tblgen -gen-instr-info -base-instrinfo-class AIEBaseInstrInfo -I/home/jtuyls/iree-ai/llvm-aie-port/amd/aie/llvm/lib/Target/AIE -I/home/jtuyls/iree-ai/llvm-aie-port/build/include -I/home/jtuyls/iree-ai/llvm-aie-port/llvm/include -I/home/jtuyls/iree-ai/llvm-aie-port/amd/aie/llvm/include -I /home/jtuyls/iree-ai/llvm-aie-port/llvm/lib/Target -I/home/jtuyls/iree-ai/llvm-aie-port/amd/aie/llvm/lib/Target/AIE/aie2p /home/jtuyls/iree-ai/llvm-aie-port/amd/aie/llvm/lib/Target/AIE/AIE2P.td --write-if-changed -o AIE2PGenInstrInfo.inc -d AIE2PGenInstrInfo.inc.d && /usr/bin/cmake -E cmake_transform_depfile Ninja gccdepfile /home/jtuyls/iree-ai/llvm-aie-port/llvm /home/jtuyls/iree-ai/llvm-aie-port/amd/aie/llvm/lib/Target/AIE /home/jtuyls/iree-ai/llvm-aie-port/build /home/jtuyls/iree-ai/llvm-aie-port/build/lib/Target/AIE /home/jtuyls/iree-ai/llvm-aie-port/build/lib/Target/AIE/AIE2PGenInstrInfo.inc.d /home/jtuyls/iree-ai/llvm-aie-port/build/CMakeFiles/d/37a15665f71fe34e67da2f56acafd8811391f0860b212ba4fb300833bfd39a2a.d
Included from /home/jtuyls/iree-ai/llvm-aie-port/amd/aie/llvm/lib/Target/AIE/AIE2P.td:34:
Included from /home/jtuyls/iree-ai/llvm-aie-port/amd/aie/llvm/lib/Target/AIE/aie2p/AIE2PInstrInfo.td:332:
/home/jtuyls/iree-ai/llvm-aie-port/amd/aie/llvm/lib/Target/AIE/aie2p/AIE2PInstrPatterns.td:445:1: error: pattern may load, but mayLoad isn't set on the output instructions
def : PatInaccessibleMem<(int_aie2p_BFP576_BFP576_ACC2048_mul_conf VEC512:$s1, EXPVEC64:$s2, VEC512:$s3, EXPVEC64:$s4, eR:$acc),
^
Included from /home/jtuyls/iree-ai/llvm-aie-port/amd/aie/llvm/lib/Target/AIE/AIE2P.td:34:
Included from /home/jtuyls/iree-ai/llvm-aie-port/amd/aie/llvm/lib/Target/AIE/aie2p/AIE2PInstrInfo.td:24:
/home/jtuyls/iree-ai/llvm-aie-port/amd/aie/llvm/lib/Target/AIE/aie2p/AIE2PGenInstrInfo.td:9717:5: error: defined here
def VMUL_f_vmul_bfp_vmul_bfp_core_EX_EX : AIE2P_inst_vec_instr32 <(outs eDM:$dst), (ins OP_mEXv:$s1, OP_mEXw:$s2, eR:$acc), "vmul.f", "$dst, $s1, $s2, $acc">{
    ^
Included from /home/jtuyls/iree-ai/llvm-aie-port/amd/aie/llvm/lib/Target/AIE/AIE2P.td:11:
/home/jtuyls/iree-ai/llvm-aie-port/llvm/include/llvm/Target/Target.td:1464:5: error: defined here
def REG_SEQUENCE : StandardPseudoInstruction {
    ^
Included from /home/jtuyls/iree-ai/llvm-aie-port/amd/aie/llvm/lib/Target/AIE/AIE2P.td:11:
/home/jtuyls/iree-ai/llvm-aie-port/llvm/include/llvm/Target/Target.td:1464:5: error: defined here
def REG_SEQUENCE : StandardPseudoInstruction {
    ^
Included from /home/jtuyls/iree-ai/llvm-aie-port/amd/aie/llvm/lib/Target/AIE/AIE2P.td:34:
Included from /home/jtuyls/iree-ai/llvm-aie-port/amd/aie/llvm/lib/Target/AIE/aie2p/AIE2PInstrInfo.td:332:
/home/jtuyls/iree-ai/llvm-aie-port/amd/aie/llvm/lib/Target/AIE/aie2p/AIE2PInstrPatterns.td:450:1: error: pattern may load, but mayLoad isn't set on the output instructions
def : PatInaccessibleMem<(int_aie2p_BFP576_BFP576_ACC2048_negmul_conf VEC512:$s1, EXPVEC64:$s2, VEC512:$s3, EXPVEC64:$s4, eR:$acc),
^
Included from /home/jtuyls/iree-ai/llvm-aie-port/amd/aie/llvm/lib/Target/AIE/AIE2P.td:34:
Included from /home/jtuyls/iree-ai/llvm-aie-port/amd/aie/llvm/lib/Target/AIE/aie2p/AIE2PInstrInfo.td:24:
/home/jtuyls/iree-ai/llvm-aie-port/amd/aie/llvm/lib/Target/AIE/aie2p/AIE2PGenInstrInfo.td:9871:5: error: defined here
def VNEGMUL_f_vmul_bfp_vmul_bfp_core_EX_EX : AIE2P_inst_vec_instr32 <(outs eDM:$dst), (ins OP_mEXv:$s1, OP_mEXw:$s2, eR:$acc), "vnegmul.f", "$dst, $s1, $s2, $acc">{
    ^
Included from /home/jtuyls/iree-ai/llvm-aie-port/amd/aie/llvm/lib/Target/AIE/AIE2P.td:11:
/home/jtuyls/iree-ai/llvm-aie-port/llvm/include/llvm/Target/Target.td:1464:5: error: defined here
def REG_SEQUENCE : StandardPseudoInstruction {
    ^
Included from /home/jtuyls/iree-ai/llvm-aie-port/amd/aie/llvm/lib/Target/AIE/AIE2P.td:11:
/home/jtuyls/iree-ai/llvm-aie-port/llvm/include/llvm/Target/Target.td:1464:5: error: defined here
def REG_SEQUENCE : StandardPseudoInstruction {
    ^
Included from /home/jtuyls/iree-ai/llvm-aie-port/amd/aie/llvm/lib/Target/AIE/AIE2P.td:34:
Included from /home/jtuyls/iree-ai/llvm-aie-port/amd/aie/llvm/lib/Target/AIE/aie2p/AIE2PInstrInfo.td:332:
/home/jtuyls/iree-ai/llvm-aie-port/amd/aie/llvm/lib/Target/AIE/aie2p/AIE2PInstrPatterns.td:455:1: error: pattern may load, but mayLoad isn't set on the output instructions
def : PatInaccessibleMem<(int_aie2p_BFP576_BFP576_ACC2048_mac_conf VEC512:$s1, EXPVEC64:$s2, VEC512:$s3, EXPVEC64:$s4, ACC2048:$acc1, eR:$acc),
^
Included from /home/jtuyls/iree-ai/llvm-aie-port/amd/aie/llvm/lib/Target/AIE/AIE2P.td:34:
Included from /home/jtuyls/iree-ai/llvm-aie-port/amd/aie/llvm/lib/Target/AIE/aie2p/AIE2PInstrInfo.td:24:
/home/jtuyls/iree-ai/llvm-aie-port/amd/aie/llvm/lib/Target/AIE/aie2p/AIE2PGenInstrInfo.td:8884:5: error: defined here
def VMAC_f_vmac_bfp_vmul_bfp_core_EX_EX : AIE2P_inst_vec_instr32 <(outs eDM:$dst), (ins eDM:$acc1, OP_mEXv:$s1, OP_mEXw:$s2, eR:$acc), "vmac.f", "$dst, $acc1, $s1, $s2, $acc">{
    ^
Included from /home/jtuyls/iree-ai/llvm-aie-port/amd/aie/llvm/lib/Target/AIE/AIE2P.td:11:
/home/jtuyls/iree-ai/llvm-aie-port/llvm/include/llvm/Target/Target.td:1464:5: error: defined here
def REG_SEQUENCE : StandardPseudoInstruction {
    ^
Included from /home/jtuyls/iree-ai/llvm-aie-port/amd/aie/llvm/lib/Target/AIE/AIE2P.td:11:
/home/jtuyls/iree-ai/llvm-aie-port/llvm/include/llvm/Target/Target.td:1464:5: error: defined here
def REG_SEQUENCE : StandardPseudoInstruction {
    ^
Included from /home/jtuyls/iree-ai/llvm-aie-port/amd/aie/llvm/lib/Target/AIE/AIE2P.td:34:
Included from /home/jtuyls/iree-ai/llvm-aie-port/amd/aie/llvm/lib/Target/AIE/aie2p/AIE2PInstrInfo.td:332:
/home/jtuyls/iree-ai/llvm-aie-port/amd/aie/llvm/lib/Target/AIE/aie2p/AIE2PInstrPatterns.td:461:1: error: pattern may load, but mayLoad isn't set on the output instructions
def : PatInaccessibleMem<(int_aie2p_BFP576_BFP576_ACC2048_msc_conf VEC512:$s1, EXPVEC64:$s2, VEC512:$s3, EXPVEC64:$s4, ACC2048:$acc1, eR:$acc),
^
Included from /home/jtuyls/iree-ai/llvm-aie-port/amd/aie/llvm/lib/Target/AIE/AIE2P.td:34:
Included from /home/jtuyls/iree-ai/llvm-aie-port/amd/aie/llvm/lib/Target/AIE/aie2p/AIE2PInstrInfo.td:24:
/home/jtuyls/iree-ai/llvm-aie-port/amd/aie/llvm/lib/Target/AIE/aie2p/AIE2PGenInstrInfo.td:9559:5: error: defined here
def VMSC_f_vmac_bfp_vmul_bfp_core_EX_EX : AIE2P_inst_vec_instr32 <(outs eDM:$dst), (ins eDM:$acc1, OP_mEXv:$s1, OP_mEXw:$s2, eR:$acc), "vmsc.f", "$dst, $acc1, $s1, $s2, $acc">{
    ^
Included from /home/jtuyls/iree-ai/llvm-aie-port/amd/aie/llvm/lib/Target/AIE/AIE2P.td:11:
/home/jtuyls/iree-ai/llvm-aie-port/llvm/include/llvm/Target/Target.td:1464:5: error: defined here
def REG_SEQUENCE : StandardPseudoInstruction {
    ^
Included from /home/jtuyls/iree-ai/llvm-aie-port/amd/aie/llvm/lib/Target/AIE/AIE2P.td:11:
/home/jtuyls/iree-ai/llvm-aie-port/llvm/include/llvm/Target/Target.td:1464:5: error: defined here
def REG_SEQUENCE : StandardPseudoInstruction {
    ^
Included from /home/jtuyls/iree-ai/llvm-aie-port/amd/aie/llvm/lib/Target/AIE/AIE2P.td:34:
Included from /home/jtuyls/iree-ai/llvm-aie-port/amd/aie/llvm/lib/Target/AIE/aie2p/AIE2PInstrInfo.td:332:
/home/jtuyls/iree-ai/llvm-aie-port/amd/aie/llvm/lib/Target/AIE/aie2p/AIE2PInstrPatterns.td:467:1: error: pattern may load, but mayLoad isn't set on the output instructions
def : PatInaccessibleMem<(int_aie2p_BFP576_BFP576_ACC2048_addmac_conf VEC512:$s1, EXPVEC64:$s2, VEC512:$s3, EXPVEC64:$s4, ACC2048:$acc1, ACC2048:$acc2, eR:$acc),
^
Included from /home/jtuyls/iree-ai/llvm-aie-port/amd/aie/llvm/lib/Target/AIE/AIE2P.td:34:
Included from /home/jtuyls/iree-ai/llvm-aie-port/amd/aie/llvm/lib/Target/AIE/aie2p/AIE2PInstrInfo.td:24:
/home/jtuyls/iree-ai/llvm-aie-port/amd/aie/llvm/lib/Target/AIE/aie2p/AIE2PGenInstrInfo.td:5287:5: error: defined here
def VADDMAC_f_vaddmac_bfp_vmac_cm2_add_reg_vmul_bfp_core_EX_EX : AIE2P_inst_vec_instr32 <(outs eDM:$dst), (ins eDM:$acc1, eDM:$acc2, OP_mEXv:$s1, OP_mEXw:$s2, eR:$acc), "vaddmac.f", "$dst, $acc1, $acc2, $s1, $s2, $acc">{
    ^
Included from /home/jtuyls/iree-ai/llvm-aie-port/amd/aie/llvm/lib/Target/AIE/AIE2P.td:11:
/home/jtuyls/iree-ai/llvm-aie-port/llvm/include/llvm/Target/Target.td:1464:5: error: defined here
def REG_SEQUENCE : StandardPseudoInstruction {
    ^
Included from /home/jtuyls/iree-ai/llvm-aie-port/amd/aie/llvm/lib/Target/AIE/AIE2P.td:11:
/home/jtuyls/iree-ai/llvm-aie-port/llvm/include/llvm/Target/Target.td:1464:5: error: defined here
def REG_SEQUENCE : StandardPseudoInstruction {
    ^
Included from /home/jtuyls/iree-ai/llvm-aie-port/amd/aie/llvm/lib/Target/AIE/AIE2P.td:34:
Included from /home/jtuyls/iree-ai/llvm-aie-port/amd/aie/llvm/lib/Target/AIE/aie2p/AIE2PInstrInfo.td:332:
/home/jtuyls/iree-ai/llvm-aie-port/amd/aie/llvm/lib/Target/AIE/aie2p/AIE2PInstrPatterns.td:474:1: error: pattern may load, but mayLoad isn't set on the output instructions
def : PatInaccessibleMem<(int_aie2p_BFP576_BFP576_ACC2048_addmsc_conf VEC512:$s1, EXPVEC64:$s2, VEC512:$s3, EXPVEC64:$s4, ACC2048:$acc1, ACC2048:$acc2, eR:$acc),
^
Included from /home/jtuyls/iree-ai/llvm-aie-port/amd/aie/llvm/lib/Target/AIE/AIE2P.td:34:
Included from /home/jtuyls/iree-ai/llvm-aie-port/amd/aie/llvm/lib/Target/AIE/aie2p/AIE2PInstrInfo.td:24:
/home/jtuyls/iree-ai/llvm-aie-port/amd/aie/llvm/lib/Target/AIE/aie2p/AIE2PGenInstrInfo.td:5763:5: error: defined here
def VADDMSC_f_vaddmac_bfp_vmac_cm2_add_reg_vmul_bfp_core_EX_EX : AIE2P_inst_vec_instr32 <(outs eDM:$dst), (ins eDM:$acc1, eDM:$acc2, OP_mEXv:$s1, OP_mEXw:$s2, eR:$acc), "vaddmsc.f", "$dst, $acc1, $acc2, $s1, $s2, $acc">{
    ^
Included from /home/jtuyls/iree-ai/llvm-aie-port/amd/aie/llvm/lib/Target/AIE/AIE2P.td:11:
/home/jtuyls/iree-ai/llvm-aie-port/llvm/include/llvm/Target/Target.td:1464:5: error: defined here
def REG_SEQUENCE : StandardPseudoInstruction {
    ^
Included from /home/jtuyls/iree-ai/llvm-aie-port/amd/aie/llvm/lib/Target/AIE/AIE2P.td:11:
/home/jtuyls/iree-ai/llvm-aie-port/llvm/include/llvm/Target/Target.td:1464:5: error: defined here
def REG_SEQUENCE : StandardPseudoInstruction {
    ^
Included from /home/jtuyls/iree-ai/llvm-aie-port/amd/aie/llvm/lib/Target/AIE/AIE2P.td:34:
Included from /home/jtuyls/iree-ai/llvm-aie-port/amd/aie/llvm/lib/Target/AIE/aie2p/AIE2PInstrInfo.td:332:
/home/jtuyls/iree-ai/llvm-aie-port/amd/aie/llvm/lib/Target/AIE/aie2p/AIE2PInstrPatterns.td:482:1: error: pattern may load, but mayLoad isn't set on the output instructions
def : PatInaccessibleMem<(int_aie2p_BFP576_BFP1152_ACC2048_mul_conf VEC512:$s1, EXPVEC64:$s2, VEC512:$s3, VEC512:$s4, EXPVEC64:$s5, EXPVEC64:$s6, eR:$acc),
^
Included from /home/jtuyls/iree-ai/llvm-aie-port/amd/aie/llvm/lib/Target/AIE/AIE2P.td:34:
Included from /home/jtuyls/iree-ai/llvm-aie-port/amd/aie/llvm/lib/Target/AIE/aie2p/AIE2PInstrInfo.td:24:
/home/jtuyls/iree-ai/llvm-aie-port/amd/aie/llvm/lib/Target/AIE/aie2p/AIE2PGenInstrInfo.td:9728:5: error: defined here
def VMUL_f_vmul_bfp_vmul_bfp_core_EX_EY : AIE2P_inst_vec_instr32 <(outs eDM:$dst), (ins OP_mEXv:$s1, eEY:$s2, eR:$acc), "vmul.f", "$dst, $s1, $s2, $acc">{
    ^
Included from /home/jtuyls/iree-ai/llvm-aie-port/amd/aie/llvm/lib/Target/AIE/AIE2P.td:11:
/home/jtuyls/iree-ai/llvm-aie-port/llvm/include/llvm/Target/Target.td:1464:5: error: defined here
def REG_SEQUENCE : StandardPseudoInstruction {
    ^
Included from /home/jtuyls/iree-ai/llvm-aie-port/amd/aie/llvm/lib/Target/AIE/AIE2P.td:11:
/home/jtuyls/iree-ai/llvm-aie-port/llvm/include/llvm/Target/Target.td:1464:5: error: defined here
def REG_SEQUENCE : StandardPseudoInstruction {
    ^
Included from /home/jtuyls/iree-ai/llvm-aie-port/amd/aie/llvm/lib/Target/AIE/AIE2P.td:34:
Included from /home/jtuyls/iree-ai/llvm-aie-port/amd/aie/llvm/lib/Target/AIE/aie2p/AIE2PInstrInfo.td:332:
/home/jtuyls/iree-ai/llvm-aie-port/amd/aie/llvm/lib/Target/AIE/aie2p/AIE2PInstrPatterns.td:489:1: error: pattern may load, but mayLoad isn't set on the output instructions
def : PatInaccessibleMem<(int_aie2p_BFP576_BFP1152_ACC2048_negmul_conf VEC512:$s1, EXPVEC64:$s2, VEC512:$s3, VEC512:$s4, EXPVEC64:$s5, EXPVEC64:$s6, eR:$acc),
^
Included from /home/jtuyls/iree-ai/llvm-aie-port/amd/aie/llvm/lib/Target/AIE/AIE2P.td:34:
Included from /home/jtuyls/iree-ai/llvm-aie-port/amd/aie/llvm/lib/Target/AIE/aie2p/AIE2PInstrInfo.td:24:
/home/jtuyls/iree-ai/llvm-aie-port/amd/aie/llvm/lib/Target/AIE/aie2p/AIE2PGenInstrInfo.td:9882:5: error: defined here
def VNEGMUL_f_vmul_bfp_vmul_bfp_core_EX_EY : AIE2P_inst_vec_instr32 <(outs eDM:$dst), (ins OP_mEXv:$s1, eEY:$s2, eR:$acc), "vnegmul.f", "$dst, $s1, $s2, $acc">{
    ^
Included from /home/jtuyls/iree-ai/llvm-aie-port/amd/aie/llvm/lib/Target/AIE/AIE2P.td:11:
/home/jtuyls/iree-ai/llvm-aie-port/llvm/include/llvm/Target/Target.td:1464:5: error: defined here
def REG_SEQUENCE : StandardPseudoInstruction {
    ^
Included from /home/jtuyls/iree-ai/llvm-aie-port/amd/aie/llvm/lib/Target/AIE/AIE2P.td:11:
/home/jtuyls/iree-ai/llvm-aie-port/llvm/include/llvm/Target/Target.td:1464:5: error: defined here
def REG_SEQUENCE : StandardPseudoInstruction {
    ^
Included from /home/jtuyls/iree-ai/llvm-aie-port/amd/aie/llvm/lib/Target/AIE/AIE2P.td:34:
Included from /home/jtuyls/iree-ai/llvm-aie-port/amd/aie/llvm/lib/Target/AIE/aie2p/AIE2PInstrInfo.td:332:
/home/jtuyls/iree-ai/llvm-aie-port/amd/aie/llvm/lib/Target/AIE/aie2p/AIE2PInstrPatterns.td:495:1: error: pattern may load, but mayLoad isn't set on the output instructions
def : PatInaccessibleMem<(int_aie2p_BFP576_BFP1152_ACC2048_mac_conf VEC512:$s1, EXPVEC64:$s2, VEC512:$s3, VEC512:$s4, EXPVEC64:$s5, EXPVEC64:$s6, ACC2048:$acc1, eR:$acc),
^
Included from /home/jtuyls/iree-ai/llvm-aie-port/amd/aie/llvm/lib/Target/AIE/AIE2P.td:34:
Included from /home/jtuyls/iree-ai/llvm-aie-port/amd/aie/llvm/lib/Target/AIE/aie2p/AIE2PInstrInfo.td:24:
/home/jtuyls/iree-ai/llvm-aie-port/amd/aie/llvm/lib/Target/AIE/aie2p/AIE2PGenInstrInfo.td:8896:5: error: defined here
def VMAC_f_vmac_bfp_vmul_bfp_core_EX_EY : AIE2P_inst_vec_instr32 <(outs eDM:$dst), (ins eDM:$acc1, OP_mEXv:$s1, eEY:$s2, eR:$acc), "vmac.f", "$dst, $acc1, $s1, $s2, $acc">{
    ^
Included from /home/jtuyls/iree-ai/llvm-aie-port/amd/aie/llvm/lib/Target/AIE/AIE2P.td:11:
/home/jtuyls/iree-ai/llvm-aie-port/llvm/include/llvm/Target/Target.td:1464:5: error: defined here
def REG_SEQUENCE : StandardPseudoInstruction {
    ^
Included from /home/jtuyls/iree-ai/llvm-aie-port/amd/aie/llvm/lib/Target/AIE/AIE2P.td:11:
/home/jtuyls/iree-ai/llvm-aie-port/llvm/include/llvm/Target/Target.td:1464:5: error: defined here
def REG_SEQUENCE : StandardPseudoInstruction {
    ^
Included from /home/jtuyls/iree-ai/llvm-aie-port/amd/aie/llvm/lib/Target/AIE/AIE2P.td:34:
Included from /home/jtuyls/iree-ai/llvm-aie-port/amd/aie/llvm/lib/Target/AIE/aie2p/AIE2PInstrInfo.td:332:
/home/jtuyls/iree-ai/llvm-aie-port/amd/aie/llvm/lib/Target/AIE/aie2p/AIE2PInstrPatterns.td:502:1: error: pattern may load, but mayLoad isn't set on the output instructions
def : PatInaccessibleMem<(int_aie2p_BFP576_BFP1152_ACC2048_msc_conf VEC512:$s1, EXPVEC64:$s2, VEC512:$s3, VEC512:$s4, EXPVEC64:$s5, EXPVEC64:$s6, ACC2048:$acc1, eR:$acc),
^
Included from /home/jtuyls/iree-ai/llvm-aie-port/amd/aie/llvm/lib/Target/AIE/AIE2P.td:34:
Included from /home/jtuyls/iree-ai/llvm-aie-port/amd/aie/llvm/lib/Target/AIE/aie2p/AIE2PInstrInfo.td:24:
/home/jtuyls/iree-ai/llvm-aie-port/amd/aie/llvm/lib/Target/AIE/aie2p/AIE2PGenInstrInfo.td:9571:5: error: defined here
def VMSC_f_vmac_bfp_vmul_bfp_core_EX_EY : AIE2P_inst_vec_instr32 <(outs eDM:$dst), (ins eDM:$acc1, OP_mEXv:$s1, eEY:$s2, eR:$acc), "vmsc.f", "$dst, $acc1, $s1, $s2, $acc">{
    ^
Included from /home/jtuyls/iree-ai/llvm-aie-port/amd/aie/llvm/lib/Target/AIE/AIE2P.td:11:
/home/jtuyls/iree-ai/llvm-aie-port/llvm/include/llvm/Target/Target.td:1464:5: error: defined here
def REG_SEQUENCE : StandardPseudoInstruction {
    ^
Included from /home/jtuyls/iree-ai/llvm-aie-port/amd/aie/llvm/lib/Target/AIE/AIE2P.td:11:
/home/jtuyls/iree-ai/llvm-aie-port/llvm/include/llvm/Target/Target.td:1464:5: error: defined here
def REG_SEQUENCE : StandardPseudoInstruction {
    ^
Included from /home/jtuyls/iree-ai/llvm-aie-port/amd/aie/llvm/lib/Target/AIE/AIE2P.td:34:
Included from /home/jtuyls/iree-ai/llvm-aie-port/amd/aie/llvm/lib/Target/AIE/aie2p/AIE2PInstrInfo.td:332:
/home/jtuyls/iree-ai/llvm-aie-port/amd/aie/llvm/lib/Target/AIE/aie2p/AIE2PInstrPatterns.td:509:1: error: pattern may load, but mayLoad isn't set on the output instructions
def : PatInaccessibleMem<(int_aie2p_BFP576_BFP1152_ACC2048_addmac_conf VEC512:$s1, EXPVEC64:$s2, VEC512:$s3, VEC512:$s4, EXPVEC64:$s5, EXPVEC64:$s6, ACC2048:$acc1, ACC2048:$acc2, eR:$acc),
^
Included from /home/jtuyls/iree-ai/llvm-aie-port/amd/aie/llvm/lib/Target/AIE/AIE2P.td:34:
Included from /home/jtuyls/iree-ai/llvm-aie-port/amd/aie/llvm/lib/Target/AIE/aie2p/AIE2PInstrInfo.td:24:
/home/jtuyls/iree-ai/llvm-aie-port/amd/aie/llvm/lib/Target/AIE/aie2p/AIE2PGenInstrInfo.td:5299:5: error: defined here
def VADDMAC_f_vaddmac_bfp_vmac_cm2_add_reg_vmul_bfp_core_EX_EY : AIE2P_inst_vec_instr32 <(outs eDM:$dst), (ins eDM:$acc1, eDM:$acc2, OP_mEXv:$s1, eEY:$s2, eR:$acc), "vaddmac.f", "$dst, $acc1, $acc2, $s1, $s2, $acc">{
    ^
Included from /home/jtuyls/iree-ai/llvm-aie-port/amd/aie/llvm/lib/Target/AIE/AIE2P.td:11:
/home/jtuyls/iree-ai/llvm-aie-port/llvm/include/llvm/Target/Target.td:1464:5: error: defined here
def REG_SEQUENCE : StandardPseudoInstruction {
    ^
Included from /home/jtuyls/iree-ai/llvm-aie-port/amd/aie/llvm/lib/Target/AIE/AIE2P.td:11:
/home/jtuyls/iree-ai/llvm-aie-port/llvm/include/llvm/Target/Target.td:1464:5: error: defined here
def REG_SEQUENCE : StandardPseudoInstruction {
    ^
Included from /home/jtuyls/iree-ai/llvm-aie-port/amd/aie/llvm/lib/Target/AIE/AIE2P.td:34:
Included from /home/jtuyls/iree-ai/llvm-aie-port/amd/aie/llvm/lib/Target/AIE/aie2p/AIE2PInstrInfo.td:332:
/home/jtuyls/iree-ai/llvm-aie-port/amd/aie/llvm/lib/Target/AIE/aie2p/AIE2PInstrPatterns.td:517:1: error: pattern may load, but mayLoad isn't set on the output instructions
def : PatInaccessibleMem<(int_aie2p_BFP576_BFP1152_ACC2048_addmsc_conf VEC512:$s1, EXPVEC64:$s2, VEC512:$s3, VEC512:$s4, EXPVEC64:$s5, EXPVEC64:$s6, ACC2048:$acc1, ACC2048:$acc2, eR:$acc),
^
Included from /home/jtuyls/iree-ai/llvm-aie-port/amd/aie/llvm/lib/Target/AIE/AIE2P.td:34:
Included from /home/jtuyls/iree-ai/llvm-aie-port/amd/aie/llvm/lib/Target/AIE/aie2p/AIE2PInstrInfo.td:24:
/home/jtuyls/iree-ai/llvm-aie-port/amd/aie/llvm/lib/Target/AIE/aie2p/AIE2PGenInstrInfo.td:5775:5: error: defined here
def VADDMSC_f_vaddmac_bfp_vmac_cm2_add_reg_vmul_bfp_core_EX_EY : AIE2P_inst_vec_instr32 <(outs eDM:$dst), (ins eDM:$acc1, eDM:$acc2, OP_mEXv:$s1, eEY:$s2, eR:$acc), "vaddmsc.f", "$dst, $acc1, $acc2, $s1, $s2, $acc">{
    ^
Included from /home/jtuyls/iree-ai/llvm-aie-port/amd/aie/llvm/lib/Target/AIE/AIE2P.td:11:
/home/jtuyls/iree-ai/llvm-aie-port/llvm/include/llvm/Target/Target.td:1464:5: error: defined here
def REG_SEQUENCE : StandardPseudoInstruction {
    ^
Included from /home/jtuyls/iree-ai/llvm-aie-port/amd/aie/llvm/lib/Target/AIE/AIE2P.td:11:
/home/jtuyls/iree-ai/llvm-aie-port/llvm/include/llvm/Target/Target.td:1464:5: error: defined here
def REG_SEQUENCE : StandardPseudoInstruction {
    ^
error: Errors in DAG patterns
[61/269] Building AIE2PSGenAsmMatcher.inc...
[62/269] Building AIE2PSGenInstrInfo.inc...
FAILED: lib/Target/AIE/AIE2PSGenInstrInfo.inc /home/jtuyls/iree-ai/llvm-aie-port/build/lib/Target/AIE/AIE2PSGenInstrInfo.inc 
cd /home/jtuyls/iree-ai/llvm-aie-port/build/lib/Target/AIE && /home/jtuyls/iree-ai/llvm-aie-port/build/bin/llvm-tblgen -gen-instr-info -base-instrinfo-class AIEBaseInstrInfo -I/home/jtuyls/iree-ai/llvm-aie-port/amd/aie/llvm/lib/Target/AIE -I/home/jtuyls/iree-ai/llvm-aie-port/build/include -I/home/jtuyls/iree-ai/llvm-aie-port/llvm/include -I/home/jtuyls/iree-ai/llvm-aie-port/amd/aie/llvm/include -I /home/jtuyls/iree-ai/llvm-aie-port/llvm/lib/Target -I/home/jtuyls/iree-ai/llvm-aie-port/amd/aie/llvm/lib/Target/AIE/aie2ps /home/jtuyls/iree-ai/llvm-aie-port/amd/aie/llvm/lib/Target/AIE/AIE2PS.td --write-if-changed -o AIE2PSGenInstrInfo.inc -d AIE2PSGenInstrInfo.inc.d && /usr/bin/cmake -E cmake_transform_depfile Ninja gccdepfile /home/jtuyls/iree-ai/llvm-aie-port/llvm /home/jtuyls/iree-ai/llvm-aie-port/amd/aie/llvm/lib/Target/AIE /home/jtuyls/iree-ai/llvm-aie-port/build /home/jtuyls/iree-ai/llvm-aie-port/build/lib/Target/AIE /home/jtuyls/iree-ai/llvm-aie-port/build/lib/Target/AIE/AIE2PSGenInstrInfo.inc.d /home/jtuyls/iree-ai/llvm-aie-port/build/CMakeFiles/d/807e21730ed72cdb57fe52f0c7b0158f003822e8175dd70403c951943b45ada9.d
Included from /home/jtuyls/iree-ai/llvm-aie-port/amd/aie/llvm/lib/Target/AIE/AIE2PS.td:11:
/home/jtuyls/iree-ai/llvm-aie-port/llvm/include/llvm/Target/Target.td:1548:5: error: missing target override for pseudoinstruction using PointerLikeRegClass
def LOAD_STACK_GUARD : StandardPseudoInstruction {
    ^
Included from /home/jtuyls/iree-ai/llvm-aie-port/amd/aie/llvm/lib/Target/AIE/AIE2PS.td:11:
/home/jtuyls/iree-ai/llvm-aie-port/llvm/include/llvm/Target/Target.td:1021:5: note: target should define equivalent instruction with RegisterClassLike replacement; (use RemapAllTargetPseudoPointerOperands?)
def ptr_rc : PointerLikeRegClass<0>;
    ^
Included from /home/jtuyls/iree-ai/llvm-aie-port/amd/aie/llvm/lib/Target/AIE/AIE2PS.td:11:
/home/jtuyls/iree-ai/llvm-aie-port/llvm/include/llvm/Target/Target.td:1562:5: error: missing target override for pseudoinstruction using PointerLikeRegClass
def PREALLOCATED_ARG : StandardPseudoInstruction {
    ^
Included from /home/jtuyls/iree-ai/llvm-aie-port/amd/aie/llvm/lib/Target/AIE/AIE2PS.td:11:
/home/jtuyls/iree-ai/llvm-aie-port/llvm/include/llvm/Target/Target.td:1021:5: note: target should define equivalent instruction with RegisterClassLike replacement; (use RemapAllTargetPseudoPointerOperands?)
def ptr_rc : PointerLikeRegClass<0>;
    ^
Included from /home/jtuyls/iree-ai/llvm-aie-port/amd/aie/llvm/lib/Target/AIE/AIE2PS.td:11:
/home/jtuyls/iree-ai/llvm-aie-port/llvm/include/llvm/Target/Target.td:1637:5: error: missing target override for pseudoinstruction using PointerLikeRegClass
def PATCHABLE_EVENT_CALL : StandardPseudoInstruction {
    ^
Included from /home/jtuyls/iree-ai/llvm-aie-port/amd/aie/llvm/lib/Target/AIE/AIE2PS.td:11:
/home/jtuyls/iree-ai/llvm-aie-port/llvm/include/llvm/Target/Target.td:1021:5: note: target should define equivalent instruction with RegisterClassLike replacement; (use RemapAllTargetPseudoPointerOperands?)
def ptr_rc : PointerLikeRegClass<0>;
    ^
Included from /home/jtuyls/iree-ai/llvm-aie-port/amd/aie/llvm/lib/Target/AIE/AIE2PS.td:11:
/home/jtuyls/iree-ai/llvm-aie-port/llvm/include/llvm/Target/Target.td:1647:5: error: missing target override for pseudoinstruction using PointerLikeRegClass
def PATCHABLE_TYPED_EVENT_CALL : StandardPseudoInstruction {
    ^
Included from /home/jtuyls/iree-ai/llvm-aie-port/amd/aie/llvm/lib/Target/AIE/AIE2PS.td:11:
/home/jtuyls/iree-ai/llvm-aie-port/llvm/include/llvm/Target/Target.td:1021:5: note: target should define equivalent instruction with RegisterClassLike replacement; (use RemapAllTargetPseudoPointerOperands?)
def ptr_rc : PointerLikeRegClass<0>;
    ^
Included from /home/jtuyls/iree-ai/llvm-aie-port/amd/aie/llvm/lib/Target/AIE/AIE2PS.td:11:
/home/jtuyls/iree-ai/llvm-aie-port/llvm/include/llvm/Target/Target.td:1647:5: error: missing target override for pseudoinstruction using PointerLikeRegClass
def PATCHABLE_TYPED_EVENT_CALL : StandardPseudoInstruction {
    ^
Included from /home/jtuyls/iree-ai/llvm-aie-port/amd/aie/llvm/lib/Target/AIE/AIE2PS.td:11:
/home/jtuyls/iree-ai/llvm-aie-port/llvm/include/llvm/Target/Target.td:1021:5: note: target should define equivalent instruction with RegisterClassLike replacement; (use RemapAllTargetPseudoPointerOperands?)
def ptr_rc : PointerLikeRegClass<0>;
    ^
Included from /home/jtuyls/iree-ai/llvm-aie-port/amd/aie/llvm/lib/Target/AIE/AIE2PS.td:11:
/home/jtuyls/iree-ai/llvm-aie-port/llvm/include/llvm/Target/Target.td:1637:5: error: missing target override for pseudoinstruction using PointerLikeRegClass
def PATCHABLE_EVENT_CALL : StandardPseudoInstruction {
    ^
Included from /home/jtuyls/iree-ai/llvm-aie-port/amd/aie/llvm/lib/Target/AIE/AIE2PS.td:11:
/home/jtuyls/iree-ai/llvm-aie-port/llvm/include/llvm/Target/Target.td:1021:5: note: target should define equivalent instruction with RegisterClassLike replacement; (use RemapAllTargetPseudoPointerOperands?)
def ptr_rc : PointerLikeRegClass<0>;
    ^
Included from /home/jtuyls/iree-ai/llvm-aie-port/amd/aie/llvm/lib/Target/AIE/AIE2PS.td:11:
/home/jtuyls/iree-ai/llvm-aie-port/llvm/include/llvm/Target/Target.td:1562:5: error: missing target override for pseudoinstruction using PointerLikeRegClass
def PREALLOCATED_ARG : StandardPseudoInstruction {
    ^
Included from /home/jtuyls/iree-ai/llvm-aie-port/amd/aie/llvm/lib/Target/AIE/AIE2PS.td:11:
/home/jtuyls/iree-ai/llvm-aie-port/llvm/include/llvm/Target/Target.td:1021:5: note: target should define equivalent instruction with RegisterClassLike replacement; (use RemapAllTargetPseudoPointerOperands?)
def ptr_rc : PointerLikeRegClass<0>;
    ^
Included from /home/jtuyls/iree-ai/llvm-aie-port/amd/aie/llvm/lib/Target/AIE/AIE2PS.td:11:
/home/jtuyls/iree-ai/llvm-aie-port/llvm/include/llvm/Target/Target.td:1548:5: error: missing target override for pseudoinstruction using PointerLikeRegClass
def LOAD_STACK_GUARD : StandardPseudoInstruction {
    ^
Included from /home/jtuyls/iree-ai/llvm-aie-port/amd/aie/llvm/lib/Target/AIE/AIE2PS.td:11:
/home/jtuyls/iree-ai/llvm-aie-port/llvm/include/llvm/Target/Target.td:1021:5: note: target should define equivalent instruction with RegisterClassLike replacement; (use RemapAllTargetPseudoPointerOperands?)
def ptr_rc : PointerLikeRegClass<0>;
    ^
/home/jtuyls/iree-ai/llvm-aie-port/build/bin/llvm-tblgen: 8 errors.
[63/269] Building AIE2PSGenRegisterInfo.inc...
[64/269] Building AIEGenMCCodeEmitter.inc...
[65/269] Building AIEGenSubtargetInfo.inc...
[66/269] Building AIEGenRegisterBank.inc...
[67/269] Building AIEGenMCPseudoLowering.inc...
[68/269] Building AIEGenRegisterInfo.inc...
[69/269] Building AIEGenInstrInfo.inc...
FAILED: lib/Target/AIE/AIEGenInstrInfo.inc /home/jtuyls/iree-ai/llvm-aie-port/build/lib/Target/AIE/AIEGenInstrInfo.inc 
cd /home/jtuyls/iree-ai/llvm-aie-port/build/lib/Target/AIE && /home/jtuyls/iree-ai/llvm-aie-port/build/bin/llvm-tblgen -gen-instr-info -base-instrinfo-class AIEBaseInstrInfo -I/home/jtuyls/iree-ai/llvm-aie-port/amd/aie/llvm/lib/Target/AIE -I/home/jtuyls/iree-ai/llvm-aie-port/build/include -I/home/jtuyls/iree-ai/llvm-aie-port/llvm/include -I/home/jtuyls/iree-ai/llvm-aie-port/amd/aie/llvm/include -I /home/jtuyls/iree-ai/llvm-aie-port/llvm/lib/Target /home/jtuyls/iree-ai/llvm-aie-port/amd/aie/llvm/lib/Target/AIE/aie1/AIE1.td --write-if-changed -o AIEGenInstrInfo.inc -d AIEGenInstrInfo.inc.d && /usr/bin/cmake -E cmake_transform_depfile Ninja gccdepfile /home/jtuyls/iree-ai/llvm-aie-port/llvm /home/jtuyls/iree-ai/llvm-aie-port/amd/aie/llvm/lib/Target/AIE /home/jtuyls/iree-ai/llvm-aie-port/build /home/jtuyls/iree-ai/llvm-aie-port/build/lib/Target/AIE /home/jtuyls/iree-ai/llvm-aie-port/build/lib/Target/AIE/AIEGenInstrInfo.inc.d /home/jtuyls/iree-ai/llvm-aie-port/build/CMakeFiles/d/4f611a11a08f4f15dbbe26e4255496a76aaff110836f98c0ee4c6a1047066bdf.d
Type set is empty for each HW mode:
possible type contradiction in the pattern below (use -print-records with llvm-tblgen to see all expanded records).
anonymous_14392: 	(add:{ *:[] } GPR:{ *:[i20] }:$s0, (imm:{ *:[i32 v8i1 v16i1 v16i8 v32i8 v64i8 v128i8 v8i16 v16i16 v32i16 v64i16 v2i32 v4i32 v8i32 v16i32 v32i32 v4i64 v8i64] })<<P:Predicate_simm7>>:$imm)
Generated from record:
anonymous_14392 {	// Pattern Pat
  dag PatternToMatch = (i20 (add (i20 GPR:$s0), simm7:$imm));
  list<dag> ResultInstrs = [(ADDI GPR:$s0, simm7:$imm)];
  bit ModelsInaccessibleMemThroughRegs = 0;
  list<Predicate> Predicates = [];
  int AddedComplexity = 0;
  bit GISelShouldIgnore = 0;
}
Included from /home/jtuyls/iree-ai/llvm-aie-port/amd/aie/llvm/lib/Target/AIE/aie1/AIE1.td:28:
/home/jtuyls/iree-ai/llvm-aie-port/amd/aie/llvm/lib/Target/AIE/aie1/AIE1InstrInfo.td:577:1: error: Type set is empty for each HW mode in 'anonymous_14392'
def : Pat<(type (add (type GPR:$s0), simm7:$imm)), (ADDI GPR:$s0, simm7:$imm)>;
^
Included from /home/jtuyls/iree-ai/llvm-aie-port/amd/aie/llvm/lib/Target/AIE/aie1/AIE1.td:28:
/home/jtuyls/iree-ai/llvm-aie-port/amd/aie/llvm/lib/Target/AIE/aie1/AIE1InstrInfo.td:581:8: note: instantiated from multiclass
defm : ALUPatterns<i20>;
       ^
[70/269] Building AIE2PSGenRegisterBank.inc...
[71/269] Building CXX object lib/IR/CMakeFiles/LLVMCore.dir/Intrinsics.cpp.o
FAILED: lib/IR/CMakeFiles/LLVMCore.dir/Intrinsics.cpp.o 
CCACHE_CPP2=yes CCACHE_HASHDIR=yes CCACHE_SLOPPINESS=pch_defines,time_macros /usr/bin/ccache /usr/bin/g++ -D_DEBUG -D_GLIBCXX_ASSERTIONS -D_GLIBCXX_USE_CXX11_ABI=1 -D_GNU_SOURCE -D_LIBCPP_HARDENING_MODE=_LIBCPP_HARDENING_MODE_EXTENSIVE -D__STDC_CONSTANT_MACROS -D__STDC_FORMAT_MACROS -D__STDC_LIMIT_MACROS -I/home/jtuyls/iree-ai/llvm-aie-port/build/lib/IR -I/home/jtuyls/iree-ai/llvm-aie-port/llvm/lib/IR -I/home/jtuyls/iree-ai/llvm-aie-port/build/include -I/home/jtuyls/iree-ai/llvm-aie-port/llvm/include -I/home/jtuyls/iree-ai/llvm-aie-port/amd/aie/llvm/include -fPIC -fno-semantic-interposition -fvisibility-inlines-hidden -Werror=date-time -Wall -Wextra -Wno-unused-parameter -Wwrite-strings -Wcast-qual -Wno-missing-field-initializers -pedantic -Wno-long-long -Wimplicit-fallthrough -Wno-uninitialized -Wno-nonnull -Wno-class-memaccess -Wno-dangling-reference -Wno-redundant-move -Wno-pessimizing-move -Wno-array-bounds -Wno-stringop-overread -Wno-dangling-pointer -Wno-noexcept-type -Wdelete-non-virtual-dtor -Wsuggest-override -Wno-comment -Wno-misleading-indentation -Wctad-maybe-unsupported -fdiagnostics-color -ffunction-sections -fdata-sections -O3 -DNDEBUG -std=c++17 -UNDEBUG -fno-exceptions -funwind-tables -fno-rtti -MD -MT lib/IR/CMakeFiles/LLVMCore.dir/Intrinsics.cpp.o -MF lib/IR/CMakeFiles/LLVMCore.dir/Intrinsics.cpp.o.d -o lib/IR/CMakeFiles/LLVMCore.dir/Intrinsics.cpp.o -c /home/jtuyls/iree-ai/llvm-aie-port/llvm/lib/IR/Intrinsics.cpp
In file included from /home/jtuyls/iree-ai/llvm-aie-port/llvm/lib/IR/Intrinsics.cpp:818:
/home/jtuyls/iree-ai/llvm-aie-port/build/include/llvm/IR/IntrinsicImpl.inc: In function ‘llvm::Intrinsic::ID llvm::Intrinsic::getIntrinsicForClangBuiltin(llvm::StringRef, llvm::StringRef)’:
/home/jtuyls/iree-ai/llvm-aie-port/build/include/llvm/IR/IntrinsicImpl.inc:75003:6: error: ‘aie_lock_acquire_reg’ was not declared in this scope
75003 |     {aie_lock_acquire_reg, 420}, // __builtin_aie_acquire
      |      ^~~~~~~~~~~~~~~~~~~~
/home/jtuyls/iree-ai/llvm-aie-port/build/include/llvm/IR/IntrinsicImpl.inc:75004:6: error: ‘aie_bitget’ was not declared in this scope
75004 |     {aie_bitget, 428}, // __builtin_aie_bitget
      |      ^~~~~~~~~~
/home/jtuyls/iree-ai/llvm-aie-port/build/include/llvm/IR/IntrinsicImpl.inc:75005:6: error: ‘aie_bitget_mc0’ was not declared in this scope
75005 |     {aie_bitget_mc0, 435}, // __builtin_aie_bitget_mc0
      |      ^~~~~~~~~~~~~~
/home/jtuyls/iree-ai/llvm-aie-port/build/include/llvm/IR/IntrinsicImpl.inc:75006:6: error: ‘aie_bitget_mc1’ was not declared in this scope
75006 |     {aie_bitget_mc1, 446}, // __builtin_aie_bitget_mc1
      |      ^~~~~~~~~~~~~~
/home/jtuyls/iree-ai/llvm-aie-port/build/include/llvm/IR/IntrinsicImpl.inc:75007:6: error: ‘aie_bitset’ was not declared in this scope
75007 |     {aie_bitset, 457}, // __builtin_aie_bitset
      |      ^~~~~~~~~~
/home/jtuyls/iree-ai/llvm-aie-port/build/include/llvm/IR/IntrinsicImpl.inc:75008:6: error: ‘aie_bitset_md0’ was not declared in this scope
75008 |     {aie_bitset_md0, 464}, // __builtin_aie_bitset_md0
      |      ^~~~~~~~~~~~~~
/home/jtuyls/iree-ai/llvm-aie-port/build/include/llvm/IR/IntrinsicImpl.inc:75009:6: error: ‘aie_bitset_md1’ was not declared in this scope
75009 |     {aie_bitset_md1, 475}, // __builtin_aie_bitset_md1
      |      ^~~~~~~~~~~~~~
/home/jtuyls/iree-ai/llvm-aie-port/build/include/llvm/IR/IntrinsicImpl.inc:75010:6: error: ‘aie_bsrs_v16i8_v16acc48’ was not declared in this scope
75010 |     {aie_bsrs_v16i8_v16acc48, 486}, // __builtin_aie_bsrs_v16i8
      |      ^~~~~~~~~~~~~~~~~~~~~~~
/home/jtuyls/iree-ai/llvm-aie-port/build/include/llvm/IR/IntrinsicImpl.inc:75011:6: error: ‘aie_concat_v16i16’ was not declared in this scope
75011 |     {aie_concat_v16i16, 497}, // __builtin_aie_concat_v16i16
      |      ^~~~~~~~~~~~~~~~~
/home/jtuyls/iree-ai/llvm-aie-port/build/include/llvm/IR/IntrinsicImpl.inc:75012:6: error: ‘aie_concat_v64i16’ was not declared in this scope
75012 |     {aie_concat_v64i16, 511}, // __builtin_aie_concat_v64i16
      |      ^~~~~~~~~~~~~~~~~
/home/jtuyls/iree-ai/llvm-aie-port/build/include/llvm/IR/IntrinsicImpl.inc:75013:6: error: ‘aie_event’ was not declared in this scope; did you mean ‘sigevent’?
75013 |     {aie_event, 525}, // __builtin_aie_event
      |      ^~~~~~~~~
      |      sigevent
/home/jtuyls/iree-ai/llvm-aie-port/build/include/llvm/IR/IntrinsicImpl.inc:75014:6: error: ‘aie_ext_v_v8i32_hi’ was not declared in this scope
75014 |     {aie_ext_v_v8i32_hi, 531}, // __builtin_aie_ext_v_v8i32_hi
      |      ^~~~~~~~~~~~~~~~~~
/home/jtuyls/iree-ai/llvm-aie-port/build/include/llvm/IR/IntrinsicImpl.inc:75015:6: error: ‘aie_ext_v_v8i32_lo’ was not declared in this scope
75015 |     {aie_ext_v_v8i32_lo, 546}, // __builtin_aie_ext_v_v8i32_lo
      |      ^~~~~~~~~~~~~~~~~~
/home/jtuyls/iree-ai/llvm-aie-port/build/include/llvm/IR/IntrinsicImpl.inc:75016:6: error: ‘aie_ext_w_v16i32_hi’ was not declared in this scope
75016 |     {aie_ext_w_v16i32_hi, 561}, // __builtin_aie_ext_w_v16i32_hi
      |      ^~~~~~~~~~~~~~~~~~~
/home/jtuyls/iree-ai/llvm-aie-port/build/include/llvm/IR/IntrinsicImpl.inc:75017:6: error: ‘aie_ext_w_v16i32_lo’ was not declared in this scope
75017 |     {aie_ext_w_v16i32_lo, 577}, // __builtin_aie_ext_w_v16i32_lo
      |      ^~~~~~~~~~~~~~~~~~~
/home/jtuyls/iree-ai/llvm-aie-port/build/include/llvm/IR/IntrinsicImpl.inc:75018:6: error: ‘aie_ext_w_v32i16_hi’ was not declared in this scope
75018 |     {aie_ext_w_v32i16_hi, 593}, // __builtin_aie_ext_w_v32i16_hi
      |      ^~~~~~~~~~~~~~~~~~~
/home/jtuyls/iree-ai/llvm-aie-port/build/include/llvm/IR/IntrinsicImpl.inc:75019:6: error: ‘aie_ext_w_v32i16_lo’ was not declared in this scope
75019 |     {aie_ext_w_v32i16_lo, 609}, // __builtin_aie_ext_w_v32i16_lo
      |      ^~~~~~~~~~~~~~~~~~~
/home/jtuyls/iree-ai/llvm-aie-port/build/include/llvm/IR/IntrinsicImpl.inc:75020:6: error: ‘aie_get_ss’ was not declared in this scope
75020 |     {aie_get_ss, 625}, // __builtin_aie_get_ss
      |      ^~~~~~~~~~
/home/jtuyls/iree-ai/llvm-aie-port/build/include/llvm/IR/IntrinsicImpl.inc:75021:6: error: ‘aie_getf_ss’ was not declared in this scope
75021 |     {aie_getf_ss, 632}, // __builtin_aie_getf_ss
      |      ^~~~~~~~~~~
/home/jtuyls/iree-ai/llvm-aie-port/build/include/llvm/IR/IntrinsicImpl.inc:75022:6: error: ‘aie_inv_fix_fix’ was not declared in this scope
75022 |     {aie_inv_fix_fix, 640}, // __builtin_aie_inv_fix_fix
      |      ^~~~~~~~~~~~~~~
/home/jtuyls/iree-ai/llvm-aie-port/build/include/llvm/IR/IntrinsicImpl.inc:75023:6: error: ‘aie_inv_fix_flt’ was not declared in this scope
75023 |     {aie_inv_fix_flt, 652}, // __builtin_aie_inv_fix_flt
      |      ^~~~~~~~~~~~~~~
/home/jtuyls/iree-ai/llvm-aie-port/build/include/llvm/IR/IntrinsicImpl.inc:75024:6: error: ‘aie_inv_flt_fix’ was not declared in this scope
75024 |     {aie_inv_flt_fix, 664}, // __builtin_aie_inv_flt_fix
      |      ^~~~~~~~~~~~~~~
/home/jtuyls/iree-ai/llvm-aie-port/build/include/llvm/IR/IntrinsicImpl.inc:75025:6: error: ‘aie_inv_flt_flt’ was not declared in this scope
75025 |     {aie_inv_flt_flt, 676}, // __builtin_aie_inv_flt_flt
      |      ^~~~~~~~~~~~~~~
/home/jtuyls/iree-ai/llvm-aie-port/build/include/llvm/IR/IntrinsicImpl.inc:75026:6: error: ‘aie_invsqrt_fix_fix’ was not declared in this scope
75026 |     {aie_invsqrt_fix_fix, 688}, // __builtin_aie_invsqrt_fix_fix
      |      ^~~~~~~~~~~~~~~~~~~
/home/jtuyls/iree-ai/llvm-aie-port/build/include/llvm/IR/IntrinsicImpl.inc:75027:6: error: ‘aie_invsqrt_fix_flt’ was not declared in this scope
75027 |     {aie_invsqrt_fix_flt, 704}, // __builtin_aie_invsqrt_fix_flt
      |      ^~~~~~~~~~~~~~~~~~~
/home/jtuyls/iree-ai/llvm-aie-port/build/include/llvm/IR/IntrinsicImpl.inc:75028:6: error: ‘aie_invsqrt_flt_fix’ was not declared in this scope
75028 |     {aie_invsqrt_flt_fix, 720}, // __builtin_aie_invsqrt_flt_fix
      |      ^~~~~~~~~~~~~~~~~~~
/home/jtuyls/iree-ai/llvm-aie-port/build/include/llvm/IR/IntrinsicImpl.inc:75029:6: error: ‘aie_invsqrt_flt_flt’ was not declared in this scope
75029 |     {aie_invsqrt_flt_flt, 736}, // __builtin_aie_invsqrt_flt_flt
      |      ^~~~~~~~~~~~~~~~~~~
/home/jtuyls/iree-ai/llvm-aie-port/build/include/llvm/IR/IntrinsicImpl.inc:75030:6: error: ‘aie_mac16_v128int8’ was not declared in this scope
75030 |     {aie_mac16_v128int8, 752}, // __builtin_aie_mac16_v128int8_v32int8_bm_sw48
      |      ^~~~~~~~~~~~~~~~~~
/home/jtuyls/iree-ai/llvm-aie-port/build/include/llvm/IR/IntrinsicImpl.inc:75031:6: error: ‘aie_mac16_v32int32’ was not declared in this scope
75031 |     {aie_mac16_v32int32, 783}, // __builtin_aie_mac16_v32int32_v16int16_bm_sw48
      |      ^~~~~~~~~~~~~~~~~~
/home/jtuyls/iree-ai/llvm-aie-port/build/include/llvm/IR/IntrinsicImpl.inc:75032:6: error: ‘aie_mac16_v64int16’ was not declared in this scope
75032 |     {aie_mac16_v64int16, 815}, // __builtin_aie_mac16_v64int16_v8int32_bm_sw48
      |      ^~~~~~~~~~~~~~~~~~
/home/jtuyls/iree-ai/llvm-aie-port/build/include/llvm/IR/IntrinsicImpl.inc:75033:6: error: ‘aie_mul16_v128int8’ was not declared in this scope
75033 |     {aie_mul16_v128int8, 846}, // __builtin_aie_mul16_v128int8_v32int8_bm_sw48
      |      ^~~~~~~~~~~~~~~~~~
/home/jtuyls/iree-ai/llvm-aie-port/build/include/llvm/IR/IntrinsicImpl.inc:75034:6: error: ‘aie_mul16_v32int32’ was not declared in this scope
75034 |     {aie_mul16_v32int32, 877}, // __builtin_aie_mul16_v32int32_v16int16_bm_sw48
      |      ^~~~~~~~~~~~~~~~~~
/home/jtuyls/iree-ai/llvm-aie-port/build/include/llvm/IR/IntrinsicImpl.inc:75035:6: error: ‘aie_lmul4_v16int32’ was not declared in this scope
75035 |     {aie_lmul4_v16int32, 909}, // __builtin_aie_mul4_v16int32_v8int32_am_sw80
      |      ^~~~~~~~~~~~~~~~~~
/home/jtuyls/iree-ai/llvm-aie-port/build/include/llvm/IR/IntrinsicImpl.inc:75036:6: error: ‘aie_lmul4_v32int32’ was not declared in this scope
75036 |     {aie_lmul4_v32int32, 939}, // __builtin_aie_mul4_v32int32_v8int32_am_sw80
      |      ^~~~~~~~~~~~~~~~~~
/home/jtuyls/iree-ai/llvm-aie-port/build/include/llvm/IR/IntrinsicImpl.inc:75037:6: error: ‘aie_lmul8_v32int32’ was not declared in this scope
75037 |     {aie_lmul8_v32int32, 969}, // __builtin_aie_mul8_v32int32_v8int32_bm_sw80
      |      ^~~~~~~~~~~~~~~~~~
/home/jtuyls/iree-ai/llvm-aie-port/build/include/llvm/IR/IntrinsicImpl.inc:75038:6: error: ‘aie_pack_v16int16’ was not declared in this scope
75038 |     {aie_pack_v16int16, 999}, // __builtin_aie_pack_v16int16
      |      ^~~~~~~~~~~~~~~~~
/home/jtuyls/iree-ai/llvm-aie-port/build/include/llvm/IR/IntrinsicImpl.inc:75039:6: error: ‘aie_packet_header’ was not declared in this scope
75039 |     {aie_packet_header, 1013}, // __builtin_aie_packet_header
      |      ^~~~~~~~~~~~~~~~~
/home/jtuyls/iree-ai/llvm-aie-port/build/include/llvm/IR/IntrinsicImpl.inc:75040:6: error: ‘aie_prim_v32int16’ was not declared in this scope
75040 |     {aie_prim_v32int16, 1027}, // __builtin_aie_prim_v32int16
      |      ^~~~~~~~~~~~~~~~~
/home/jtuyls/iree-ai/llvm-aie-port/build/include/llvm/IR/IntrinsicImpl.inc:75041:6: error: ‘aie_prim_v32int16_cmp’ was not declared in this scope
75041 |     {aie_prim_v32int16_cmp, 1041}, // __builtin_aie_prim_v32int16_cmp
      |      ^~~~~~~~~~~~~~~~~~~~~
/home/jtuyls/iree-ai/llvm-aie-port/build/include/llvm/IR/IntrinsicImpl.inc:75042:6: error: ‘aie_prim_v32int16_select’ was not declared in this scope
75042 |     {aie_prim_v32int16_select, 1059}, // __builtin_aie_prim_v32int16_select
      |      ^~~~~~~~~~~~~~~~~~~~~~~~
/home/jtuyls/iree-ai/llvm-aie-port/build/include/llvm/IR/IntrinsicImpl.inc:75043:6: error: ‘aie_put_ms’ was not declared in this scope
75043 |     {aie_put_ms, 1080}, // __builtin_aie_put_ms
      |      ^~~~~~~~~~
/home/jtuyls/iree-ai/llvm-aie-port/build/include/llvm/IR/IntrinsicImpl.inc:75044:6: error: ‘aie_putf_ms’ was not declared in this scope
75044 |     {aie_putf_ms, 1087}, // __builtin_aie_putf_ms
      |      ^~~~~~~~~~~
/home/jtuyls/iree-ai/llvm-aie-port/build/include/llvm/IR/IntrinsicImpl.inc:75045:6: error: ‘aie_lock_release_reg’ was not declared in this scope
75045 |     {aie_lock_release_reg, 1095}, // __builtin_aie_release
      |      ^~~~~~~~~~~~~~~~~~~~
/home/jtuyls/iree-ai/llvm-aie-port/build/include/llvm/IR/IntrinsicImpl.inc:75046:6: error: ‘aie_sqrt_fix_fix’ was not declared in this scope
75046 |     {aie_sqrt_fix_fix, 1103}, // __builtin_aie_sqrt_fix_fix
      |      ^~~~~~~~~~~~~~~~
/home/jtuyls/iree-ai/llvm-aie-port/build/include/llvm/IR/IntrinsicImpl.inc:75047:6: error: ‘aie_sqrt_fix_flt’ was not declared in this scope
75047 |     {aie_sqrt_fix_flt, 1116}, // __builtin_aie_sqrt_fix_flt
      |      ^~~~~~~~~~~~~~~~
/home/jtuyls/iree-ai/llvm-aie-port/build/include/llvm/IR/IntrinsicImpl.inc:75048:6: error: ‘aie_sqrt_flt_fix’ was not declared in this scope
75048 |     {aie_sqrt_flt_fix, 1129}, // __builtin_aie_sqrt_flt_fix
      |      ^~~~~~~~~~~~~~~~
/home/jtuyls/iree-ai/llvm-aie-port/build/include/llvm/IR/IntrinsicImpl.inc:75049:6: error: ‘aie_sqrt_flt_flt’ was not declared in this scope
75049 |     {aie_sqrt_flt_flt, 1142}, // __builtin_aie_sqrt_flt_flt
      |      ^~~~~~~~~~~~~~~~
/home/jtuyls/iree-ai/llvm-aie-port/build/include/llvm/IR/IntrinsicImpl.inc:75050:6: error: ‘aie_ubsrs_v16i8_v16acc48’ was not declared in this scope
75050 |     {aie_ubsrs_v16i8_v16acc48, 1155}, // __builtin_aie_ubsrs_v16i8
      |      ^~~~~~~~~~~~~~~~~~~~~~~~
/home/jtuyls/iree-ai/llvm-aie-port/build/include/llvm/IR/IntrinsicImpl.inc:75051:6: error: ‘aie_upd_v_v8i32_hi’ was not declared in this scope
75051 |     {aie_upd_v_v8i32_hi, 1167}, // __builtin_aie_upd_v_v8i32_hi
      |      ^~~~~~~~~~~~~~~~~~
/home/jtuyls/iree-ai/llvm-aie-port/build/include/llvm/IR/IntrinsicImpl.inc:75052:6: error: ‘aie_upd_v_v8i32_lo’ was not declared in this scope
75052 |     {aie_upd_v_v8i32_lo, 1182}, // __builtin_aie_upd_v_v8i32_lo
      |      ^~~~~~~~~~~~~~~~~~
/home/jtuyls/iree-ai/llvm-aie-port/build/include/llvm/IR/IntrinsicImpl.inc:75053:6: error: ‘aie_upd_w_v16i32_hi’ was not declared in this scope
75053 |     {aie_upd_w_v16i32_hi, 1197}, // __builtin_aie_upd_w_v16i32_hi
      |      ^~~~~~~~~~~~~~~~~~~
/home/jtuyls/iree-ai/llvm-aie-port/build/include/llvm/IR/IntrinsicImpl.inc:75054:6: error: ‘aie_upd_w_v16i32_lo’ was not declared in this scope
75054 |     {aie_upd_w_v16i32_lo, 1213}, // __builtin_aie_upd_w_v16i32_lo
      |      ^~~~~~~~~~~~~~~~~~~
/home/jtuyls/iree-ai/llvm-aie-port/build/include/llvm/IR/IntrinsicImpl.inc:75055:6: error: ‘aie_v128i8undef’ was not declared in this scope
75055 |     {aie_v128i8undef, 1229}, // __builtin_aie_v128i8undef
      |      ^~~~~~~~~~~~~~~
/home/jtuyls/iree-ai/llvm-aie-port/build/include/llvm/IR/IntrinsicImpl.inc:75056:6: error: ‘aie_v16f32undef’ was not declared in this scope
75056 |     {aie_v16f32undef, 1241}, // __builtin_aie_v16f32undef
      |      ^~~~~~~~~~~~~~~
/home/jtuyls/iree-ai/llvm-aie-port/build/include/llvm/IR/IntrinsicImpl.inc:75057:6: error: ‘aie_v16i16undef’ was not declared in this scope
75057 |     {aie_v16i16undef, 1253}, // __builtin_aie_v16i16undef
      |      ^~~~~~~~~~~~~~~
/home/jtuyls/iree-ai/llvm-aie-port/build/include/llvm/IR/IntrinsicImpl.inc:75058:6: error: ‘aie_v16i32undef’ was not declared in this scope
75058 |     {aie_v16i32undef, 1265}, // __builtin_aie_v16i32undef
      |      ^~~~~~~~~~~~~~~
/home/jtuyls/iree-ai/llvm-aie-port/build/include/llvm/IR/IntrinsicImpl.inc:75059:6: error: ‘aie_v16i48undef’ was not declared in this scope
75059 |     {aie_v16i48undef, 1277}, // __builtin_aie_v16i48undef
      |      ^~~~~~~~~~~~~~~
/home/jtuyls/iree-ai/llvm-aie-port/build/include/llvm/IR/IntrinsicImpl.inc:75060:6: error: ‘aie_v2i32undef’ was not declared in this scope
75060 |     {aie_v2i32undef, 1289}, // __builtin_aie_v2i32undef
      |      ^~~~~~~~~~~~~~
/home/jtuyls/iree-ai/llvm-aie-port/build/include/llvm/IR/IntrinsicImpl.inc:75061:6: error: ‘aie_v32f32undef’ was not declared in this scope
75061 |     {aie_v32f32undef, 1300}, // __builtin_aie_v32f32undef
      |      ^~~~~~~~~~~~~~~
/home/jtuyls/iree-ai/llvm-aie-port/build/include/llvm/IR/IntrinsicImpl.inc:75062:6: error: ‘aie_v32i16undef’ was not declared in this scope
75062 |     {aie_v32i16undef, 1312}, // __builtin_aie_v32i16undef
      |      ^~~~~~~~~~~~~~~
/home/jtuyls/iree-ai/llvm-aie-port/build/include/llvm/IR/IntrinsicImpl.inc:75063:6: error: ‘aie_v32i32undef’ was not declared in this scope
75063 |     {aie_v32i32undef, 1324}, // __builtin_aie_v32i32undef
      |      ^~~~~~~~~~~~~~~
/home/jtuyls/iree-ai/llvm-aie-port/build/include/llvm/IR/IntrinsicImpl.inc:75064:6: error: ‘aie_v4f32undef’ was not declared in this scope
75064 |     {aie_v4f32undef, 1336}, // __builtin_aie_v4f32undef
      |      ^~~~~~~~~~~~~~
/home/jtuyls/iree-ai/llvm-aie-port/build/include/llvm/IR/IntrinsicImpl.inc:75065:6: error: ‘aie_v8f32undef’ was not declared in this scope
75065 |     {aie_v8f32undef, 1347}, // __builtin_aie_v8f32undef
      |      ^~~~~~~~~~~~~~
/home/jtuyls/iree-ai/llvm-aie-port/build/include/llvm/IR/IntrinsicImpl.inc:75066:6: error: ‘aie_v8i48undef’ was not declared in this scope
75066 |     {aie_v8i48undef, 1358}, // __builtin_aie_v8i48undef
      |      ^~~~~~~~~~~~~~
/home/jtuyls/iree-ai/llvm-aie-port/build/include/llvm/IR/IntrinsicImpl.inc:75067:6: error: ‘aie_vfpmac’ was not declared in this scope
75067 |     {aie_vfpmac, 1369}, // __builtin_aie_vfpmac
      |      ^~~~~~~~~~
/home/jtuyls/iree-ai/llvm-aie-port/build/include/llvm/IR/IntrinsicImpl.inc:75068:6: error: ‘aie_vfpmul’ was not declared in this scope
75068 |     {aie_vfpmul, 1376}, // __builtin_aie_vfpmul
      |      ^~~~~~~~~~
/home/jtuyls/iree-ai/llvm-aie-port/build/include/llvm/IR/IntrinsicImpl.inc:75069:6: error: ‘aie_vfpsimplemac’ was not declared in this scope
75069 |     {aie_vfpsimplemac, 1383}, // __builtin_aie_vfpsimplemac
      |      ^~~~~~~~~~~~~~~~
/home/jtuyls/iree-ai/llvm-aie-port/build/include/llvm/IR/IntrinsicImpl.inc:75070:6: error: ‘aie_vfpsimplemul’ was not declared in this scope
75070 |     {aie_vfpsimplemul, 1396}, // __builtin_aie_vfpsimplemul
      |      ^~~~~~~~~~~~~~~~
/home/jtuyls/iree-ai/llvm-aie-port/build/include/llvm/IR/IntrinsicImpl.inc:75071:6: error: ‘aie_vmac80’ was not declared in this scope
75071 |     {aie_vmac80, 1409}, // __builtin_aie_vmac80
      |      ^~~~~~~~~~
/home/jtuyls/iree-ai/llvm-aie-port/build/include/llvm/IR/IntrinsicImpl.inc:75076:6: error: ‘aie2_ACC1024_acc32_neg_conf’ was not declared in this scope
75076 |     {aie2_ACC1024_acc32_neg_conf, 1416}, // __builtin_aiev2_ACC1024_acc32_neg_conf
      |      ^~~~~~~~~~~~~~~~~~~~~~~~~~~
/home/jtuyls/iree-ai/llvm-aie-port/build/include/llvm/IR/IntrinsicImpl.inc:75077:6: error: ‘aie2_ACC1024_acc64_neg_conf’ was not declared in this scope
75077 |     {aie2_ACC1024_acc64_neg_conf, 1439}, // __builtin_aiev2_ACC1024_acc64_neg_conf
      |      ^~~~~~~~~~~~~~~~~~~~~~~~~~~
/home/jtuyls/iree-ai/llvm-aie-port/build/include/llvm/IR/IntrinsicImpl.inc:75078:6: error: ‘aie2_ACC512_accfloat_neg_conf’ was not declared in this scope
75078 |     {aie2_ACC512_accfloat_neg_conf, 1462}, // __builtin_aiev2_ACC512_accfloat_neg_conf
      |      ^~~~~~~~~~~~~~~~~~~~~~~~~~~~~
/home/jtuyls/iree-ai/llvm-aie-port/build/include/llvm/IR/IntrinsicImpl.inc:75079:6: error: ‘aie2_I1024_I1024_ACC1024_ACC1024_acc32_addmac_conf’ was not declared in this scope
75079 |     {aie2_I1024_I1024_ACC1024_ACC1024_acc32_addmac_conf, 1487}, // __builtin_aiev2_I1024_I1024_ACC1024_ACC1024_acc32_addmac_conf
      |      ^~~~~~~~~~~~~~~~~~~~~~~~~~~~~~~~~~~~~~~~~~~~~~~~~~
/home/jtuyls/iree-ai/llvm-aie-port/build/include/llvm/IR/IntrinsicImpl.inc:75080:6: error: ‘aie2_I1024_I1024_ACC1024_ACC1024_acc32_addmsc_conf’ was not declared in this scope
75080 |     {aie2_I1024_I1024_ACC1024_ACC1024_acc32_addmsc_conf, 1533}, // __builtin_aiev2_I1024_I1024_ACC1024_ACC1024_acc32_addmsc_conf
      |      ^~~~~~~~~~~~~~~~~~~~~~~~~~~~~~~~~~~~~~~~~~~~~~~~~~
/home/jtuyls/iree-ai/llvm-aie-port/build/include/llvm/IR/IntrinsicImpl.inc:75081:6: error: ‘aie2_I1024_I1024_ACC1024_ACC1024_acc32_submac_conf’ was not declared in this scope
75081 |     {aie2_I1024_I1024_ACC1024_ACC1024_acc32_submac_conf, 1579}, // __builtin_aiev2_I1024_I1024_ACC1024_ACC1024_acc32_submac_conf
      |      ^~~~~~~~~~~~~~~~~~~~~~~~~~~~~~~~~~~~~~~~~~~~~~~~~~
/home/jtuyls/iree-ai/llvm-aie-port/build/include/llvm/IR/IntrinsicImpl.inc:75082:6: error: ‘aie2_I1024_I1024_ACC1024_ACC1024_acc32_submsc_conf’ was not declared in this scope
75082 |     {aie2_I1024_I1024_ACC1024_ACC1024_acc32_submsc_conf, 1625}, // __builtin_aiev2_I1024_I1024_ACC1024_ACC1024_acc32_submsc_conf
      |      ^~~~~~~~~~~~~~~~~~~~~~~~~~~~~~~~~~~~~~~~~~~~~~~~~~
/home/jtuyls/iree-ai/llvm-aie-port/build/include/llvm/IR/IntrinsicImpl.inc:75083:6: error: ‘aie2_I1024_I1024_ACC1024_ACC1024_accfloat_bf_addmac_conf’ was not declared in this scope
75083 |     {aie2_I1024_I1024_ACC1024_ACC1024_accfloat_bf_addmac_conf, 1671}, // __builtin_aiev2_I1024_I1024_ACC1024_ACC1024_accfloat_bf_addmac_conf
      |      ^~~~~~~~~~~~~~~~~~~~~~~~~~~~~~~~~~~~~~~~~~~~~~~~~~~~~~~~
/home/jtuyls/iree-ai/llvm-aie-port/build/include/llvm/IR/IntrinsicImpl.inc:75084:6: error: ‘aie2_I1024_I1024_ACC1024_ACC1024_accfloat_bf_addmsc_conf’ was not declared in this scope
75084 |     {aie2_I1024_I1024_ACC1024_ACC1024_accfloat_bf_addmsc_conf, 1723}, // __builtin_aiev2_I1024_I1024_ACC1024_ACC1024_accfloat_bf_addmsc_conf
      |      ^~~~~~~~~~~~~~~~~~~~~~~~~~~~~~~~~~~~~~~~~~~~~~~~~~~~~~~~
/home/jtuyls/iree-ai/llvm-aie-port/build/include/llvm/IR/IntrinsicImpl.inc:75085:6: error: ‘aie2_I1024_I1024_ACC1024_acc32_mac_conf’ was not declared in this scope
75085 |     {aie2_I1024_I1024_ACC1024_acc32_mac_conf, 1775}, // __builtin_aiev2_I1024_I1024_ACC1024_acc32_mac_conf
      |      ^~~~~~~~~~~~~~~~~~~~~~~~~~~~~~~~~~~~~~~
/home/jtuyls/iree-ai/llvm-aie-port/build/include/llvm/IR/IntrinsicImpl.inc:75086:6: error: ‘aie2_I1024_I1024_ACC1024_acc32_msc_conf’ was not declared in this scope
75086 |     {aie2_I1024_I1024_ACC1024_acc32_msc_conf, 1810}, // __builtin_aiev2_I1024_I1024_ACC1024_acc32_msc_conf
      |      ^~~~~~~~~~~~~~~~~~~~~~~~~~~~~~~~~~~~~~~
/home/jtuyls/iree-ai/llvm-aie-port/build/include/llvm/IR/IntrinsicImpl.inc:75087:6: error: ‘aie2_I1024_I1024_ACC1024_acc32_mul_conf’ was not declared in this scope
75087 |     {aie2_I1024_I1024_ACC1024_acc32_mul_conf, 1845}, // __builtin_aiev2_I1024_I1024_ACC1024_acc32_mul_conf
      |      ^~~~~~~~~~~~~~~~~~~~~~~~~~~~~~~~~~~~~~~
/home/jtuyls/iree-ai/llvm-aie-port/build/include/llvm/IR/IntrinsicImpl.inc:75088:6: error: ‘aie2_I1024_I1024_ACC1024_acc32_negmac_conf’ was not declared in this scope
75088 |     {aie2_I1024_I1024_ACC1024_acc32_negmac_conf, 1880}, // __builtin_aiev2_I1024_I1024_ACC1024_acc32_negmac_conf
      |      ^~~~~~~~~~~~~~~~~~~~~~~~~~~~~~~~~~~~~~~~~~
/home/jtuyls/iree-ai/llvm-aie-port/build/include/llvm/IR/IntrinsicImpl.inc:75089:6: error: ‘aie2_I1024_I1024_ACC1024_acc32_negmsc_conf’ was not declared in this scope
75089 |     {aie2_I1024_I1024_ACC1024_acc32_negmsc_conf, 1918}, // __builtin_aiev2_I1024_I1024_ACC1024_acc32_negmsc_conf
      |      ^~~~~~~~~~~~~~~~~~~~~~~~~~~~~~~~~~~~~~~~~~
/home/jtuyls/iree-ai/llvm-aie-port/build/include/llvm/IR/IntrinsicImpl.inc:75090:6: error: ‘aie2_I1024_I1024_ACC1024_acc32_negmul_conf’ was not declared in this scope
75090 |     {aie2_I1024_I1024_ACC1024_acc32_negmul_conf, 1956}, // __builtin_aiev2_I1024_I1024_ACC1024_acc32_negmul_conf
      |      ^~~~~~~~~~~~~~~~~~~~~~~~~~~~~~~~~~~~~~~~~~
/home/jtuyls/iree-ai/llvm-aie-port/build/include/llvm/IR/IntrinsicImpl.inc:75091:6: error: ‘aie2_I1024_I1024_ACC1024_accfloat_bf_mac_conf’ was not declared in this scope
75091 |     {aie2_I1024_I1024_ACC1024_accfloat_bf_mac_conf, 1994}, // __builtin_aiev2_I1024_I1024_ACC1024_accfloat_bf_mac_conf
      |      ^~~~~~~~~~~~~~~~~~~~~~~~~~~~~~~~~~~~~~~~~~~~~
/home/jtuyls/iree-ai/llvm-aie-port/build/include/llvm/IR/IntrinsicImpl.inc:75092:6: error: ‘aie2_I1024_I1024_ACC1024_accfloat_bf_msc_conf’ was not declared in this scope
75092 |     {aie2_I1024_I1024_ACC1024_accfloat_bf_msc_conf, 2035}, // __builtin_aiev2_I1024_I1024_ACC1024_accfloat_bf_msc_conf
      |      ^~~~~~~~~~~~~~~~~~~~~~~~~~~~~~~~~~~~~~~~~~~~~
/home/jtuyls/iree-ai/llvm-aie-port/build/include/llvm/IR/IntrinsicImpl.inc:75093:6: error: ‘aie2_I1024_I1024_ACC1024_accfloat_bf_mul_conf’ was not declared in this scope
75093 |     {aie2_I1024_I1024_ACC1024_accfloat_bf_mul_conf, 2076}, // __builtin_aiev2_I1024_I1024_ACC1024_accfloat_bf_mul_conf
      |      ^~~~~~~~~~~~~~~~~~~~~~~~~~~~~~~~~~~~~~~~~~~~~
/home/jtuyls/iree-ai/llvm-aie-port/build/include/llvm/IR/IntrinsicImpl.inc:75094:6: error: ‘aie2_I1024_I1024_ACC1024_accfloat_bf_negmul_conf’ was not declared in this scope
75094 |     {aie2_I1024_I1024_ACC1024_accfloat_bf_negmul_conf, 2117}, // __builtin_aiev2_I1024_I1024_ACC1024_accfloat_bf_negmul_conf
      |      ^~~~~~~~~~~~~~~~~~~~~~~~~~~~~~~~~~~~~~~~~~~~~~~~
/home/jtuyls/iree-ai/llvm-aie-port/build/include/llvm/IR/IntrinsicImpl.inc:75095:6: error: ‘aie2_I256_v16_acc32_srs’ was not declared in this scope
75095 |     {aie2_I256_v16_acc32_srs, 2161}, // __builtin_aiev2_I256_v16_acc32_srs
      |      ^~~~~~~~~~~~~~~~~~~~~~~
/home/jtuyls/iree-ai/llvm-aie-port/build/include/llvm/IR/IntrinsicImpl.inc:75096:6: error: ‘aie2_I256_v16_acc64_srs’ was not declared in this scope
75096 |     {aie2_I256_v16_acc64_srs, 2180}, // __builtin_aiev2_I256_v16_acc64_srs
      |      ^~~~~~~~~~~~~~~~~~~~~~~
/home/jtuyls/iree-ai/llvm-aie-port/build/include/llvm/IR/IntrinsicImpl.inc:75097:6: error: ‘aie2_I256_v32_acc32_srs’ was not declared in this scope
75097 |     {aie2_I256_v32_acc32_srs, 2199}, // __builtin_aiev2_I256_v32_acc32_srs
      |      ^~~~~~~~~~~~~~~~~~~~~~~
/home/jtuyls/iree-ai/llvm-aie-port/build/include/llvm/IR/IntrinsicImpl.inc:75098:6: error: ‘aie2_I256_v8_acc64_srs’ was not declared in this scope
75098 |     {aie2_I256_v8_acc64_srs, 2218}, // __builtin_aiev2_I256_v8_acc64_srs
      |      ^~~~~~~~~~~~~~~~~~~~~~
/home/jtuyls/iree-ai/llvm-aie-port/build/include/llvm/IR/IntrinsicImpl.inc:75099:6: error: ‘aie2_I512_I1024_ACC1024_ACC1024_acc32_addmac_conf’ was not declared in this scope
75099 |     {aie2_I512_I1024_ACC1024_ACC1024_acc32_addmac_conf, 2236}, // __builtin_aiev2_I512_I1024_ACC1024_ACC1024_acc32_addmac_conf
      |      ^~~~~~~~~~~~~~~~~~~~~~~~~~~~~~~~~~~~~~~~~~~~~~~~~
/home/jtuyls/iree-ai/llvm-aie-port/build/include/llvm/IR/IntrinsicImpl.inc:75100:6: error: ‘aie2_I512_I1024_ACC1024_ACC1024_acc32_addmsc_conf’ was not declared in this scope
75100 |     {aie2_I512_I1024_ACC1024_ACC1024_acc32_addmsc_conf, 2281}, // __builtin_aiev2_I512_I1024_ACC1024_ACC1024_acc32_addmsc_conf
      |      ^~~~~~~~~~~~~~~~~~~~~~~~~~~~~~~~~~~~~~~~~~~~~~~~~
/home/jtuyls/iree-ai/llvm-aie-port/build/include/llvm/IR/IntrinsicImpl.inc:75101:6: error: ‘aie2_I512_I1024_ACC1024_ACC1024_acc32_submac_conf’ was not declared in this scope
75101 |     {aie2_I512_I1024_ACC1024_ACC1024_acc32_submac_conf, 2326}, // __builtin_aiev2_I512_I1024_ACC1024_ACC1024_acc32_submac_conf
      |      ^~~~~~~~~~~~~~~~~~~~~~~~~~~~~~~~~~~~~~~~~~~~~~~~~
/home/jtuyls/iree-ai/llvm-aie-port/build/include/llvm/IR/IntrinsicImpl.inc:75102:6: error: ‘aie2_I512_I1024_ACC1024_ACC1024_acc32_submsc_conf’ was not declared in this scope
75102 |     {aie2_I512_I1024_ACC1024_ACC1024_acc32_submsc_conf, 2371}, // __builtin_aiev2_I512_I1024_ACC1024_ACC1024_acc32_submsc_conf
      |      ^~~~~~~~~~~~~~~~~~~~~~~~~~~~~~~~~~~~~~~~~~~~~~~~~
/home/jtuyls/iree-ai/llvm-aie-port/build/include/llvm/IR/IntrinsicImpl.inc:75103:6: error: ‘aie2_I512_I1024_ACC1024_ACC1024_acc64_addmac_conf’ was not declared in this scope
75103 |     {aie2_I512_I1024_ACC1024_ACC1024_acc64_addmac_conf, 2416}, // __builtin_aiev2_I512_I1024_ACC1024_ACC1024_acc64_addmac_conf
      |      ^~~~~~~~~~~~~~~~~~~~~~~~~~~~~~~~~~~~~~~~~~~~~~~~~
/home/jtuyls/iree-ai/llvm-aie-port/build/include/llvm/IR/IntrinsicImpl.inc:75104:6: error: ‘aie2_I512_I1024_ACC1024_ACC1024_acc64_addmsc_conf’ was not declared in this scope
75104 |     {aie2_I512_I1024_ACC1024_ACC1024_acc64_addmsc_conf, 2461}, // __builtin_aiev2_I512_I1024_ACC1024_ACC1024_acc64_addmsc_conf
      |      ^~~~~~~~~~~~~~~~~~~~~~~~~~~~~~~~~~~~~~~~~~~~~~~~~
/home/jtuyls/iree-ai/llvm-aie-port/build/include/llvm/IR/IntrinsicImpl.inc:75105:6: error: ‘aie2_I512_I1024_ACC1024_ACC1024_acc64_submac_conf’ was not declared in this scope
75105 |     {aie2_I512_I1024_ACC1024_ACC1024_acc64_submac_conf, 2506}, // __builtin_aiev2_I512_I1024_ACC1024_ACC1024_acc64_submac_conf
      |      ^~~~~~~~~~~~~~~~~~~~~~~~~~~~~~~~~~~~~~~~~~~~~~~~~
/home/jtuyls/iree-ai/llvm-aie-port/build/include/llvm/IR/IntrinsicImpl.inc:75106:6: error: ‘aie2_I512_I1024_ACC1024_ACC1024_acc64_submsc_conf’ was not declared in this scope
75106 |     {aie2_I512_I1024_ACC1024_ACC1024_acc64_submsc_conf, 2551}, // __builtin_aiev2_I512_I1024_ACC1024_ACC1024_acc64_submsc_conf
      |      ^~~~~~~~~~~~~~~~~~~~~~~~~~~~~~~~~~~~~~~~~~~~~~~~~
/home/jtuyls/iree-ai/llvm-aie-port/build/include/llvm/IR/IntrinsicImpl.inc:75107:6: error: ‘aie2_I512_I1024_ACC1024_ACC1024_accfloat_bf_addmac_conf’ was not declared in this scope
75107 |     {aie2_I512_I1024_ACC1024_ACC1024_accfloat_bf_addmac_conf, 2596}, // __builtin_aiev2_I512_I1024_ACC1024_ACC1024_accfloat_bf_addmac_conf
      |      ^~~~~~~~~~~~~~~~~~~~~~~~~~~~~~~~~~~~~~~~~~~~~~~~~~~~~~~
/home/jtuyls/iree-ai/llvm-aie-port/build/include/llvm/IR/IntrinsicImpl.inc:75108:6: error: ‘aie2_I512_I1024_ACC1024_ACC1024_accfloat_bf_addmsc_conf’ was not declared in this scope
75108 |     {aie2_I512_I1024_ACC1024_ACC1024_accfloat_bf_addmsc_conf, 2647}, // __builtin_aiev2_I512_I1024_ACC1024_ACC1024_accfloat_bf_addmsc_conf
      |      ^~~~~~~~~~~~~~~~~~~~~~~~~~~~~~~~~~~~~~~~~~~~~~~~~~~~~~~
/home/jtuyls/iree-ai/llvm-aie-port/build/include/llvm/IR/IntrinsicImpl.inc:75109:6: error: ‘aie2_I512_I1024_ACC1024_acc32_mac_conf’ was not declared in this scope
75109 |     {aie2_I512_I1024_ACC1024_acc32_mac_conf, 2698}, // __builtin_aiev2_I512_I1024_ACC1024_acc32_mac_conf
      |      ^~~~~~~~~~~~~~~~~~~~~~~~~~~~~~~~~~~~~~
/home/jtuyls/iree-ai/llvm-aie-port/build/include/llvm/IR/IntrinsicImpl.inc:75110:6: error: ‘aie2_I512_I1024_ACC1024_acc32_msc_conf’ was not declared in this scope
75110 |     {aie2_I512_I1024_ACC1024_acc32_msc_conf, 2732}, // __builtin_aiev2_I512_I1024_ACC1024_acc32_msc_conf
      |      ^~~~~~~~~~~~~~~~~~~~~~~~~~~~~~~~~~~~~~
/home/jtuyls/iree-ai/llvm-aie-port/build/include/llvm/IR/IntrinsicImpl.inc:75111:6: error: ‘aie2_I512_I1024_ACC1024_acc32_mul_conf’ was not declared in this scope
75111 |     {aie2_I512_I1024_ACC1024_acc32_mul_conf, 2766}, // __builtin_aiev2_I512_I1024_ACC1024_acc32_mul_conf
      |      ^~~~~~~~~~~~~~~~~~~~~~~~~~~~~~~~~~~~~~
/home/jtuyls/iree-ai/llvm-aie-port/build/include/llvm/IR/IntrinsicImpl.inc:75112:6: error: ‘aie2_I512_I1024_ACC1024_acc32_negmac_conf’ was not declared in this scope
75112 |     {aie2_I512_I1024_ACC1024_acc32_negmac_conf, 2800}, // __builtin_aiev2_I512_I1024_ACC1024_acc32_negmac_conf
      |      ^~~~~~~~~~~~~~~~~~~~~~~~~~~~~~~~~~~~~~~~~
/home/jtuyls/iree-ai/llvm-aie-port/build/include/llvm/IR/IntrinsicImpl.inc:75113:6: error: ‘aie2_I512_I1024_ACC1024_acc32_negmsc_conf’ was not declared in this scope
75113 |     {aie2_I512_I1024_ACC1024_acc32_negmsc_conf, 2837}, // __builtin_aiev2_I512_I1024_ACC1024_acc32_negmsc_conf
      |      ^~~~~~~~~~~~~~~~~~~~~~~~~~~~~~~~~~~~~~~~~
/home/jtuyls/iree-ai/llvm-aie-port/build/include/llvm/IR/IntrinsicImpl.inc:75114:6: error: ‘aie2_I512_I1024_ACC1024_acc32_negmul_conf’ was not declared in this scope
75114 |     {aie2_I512_I1024_ACC1024_acc32_negmul_conf, 2874}, // __builtin_aiev2_I512_I1024_ACC1024_acc32_negmul_conf
      |      ^~~~~~~~~~~~~~~~~~~~~~~~~~~~~~~~~~~~~~~~~
/home/jtuyls/iree-ai/llvm-aie-port/build/include/llvm/IR/IntrinsicImpl.inc:75115:6: error: ‘aie2_I512_I1024_ACC1024_acc64_mac_conf’ was not declared in this scope
75115 |     {aie2_I512_I1024_ACC1024_acc64_mac_conf, 2911}, // __builtin_aiev2_I512_I1024_ACC1024_acc64_mac_conf
      |      ^~~~~~~~~~~~~~~~~~~~~~~~~~~~~~~~~~~~~~
/home/jtuyls/iree-ai/llvm-aie-port/build/include/llvm/IR/IntrinsicImpl.inc:75116:6: error: ‘aie2_I512_I1024_ACC1024_acc64_msc_conf’ was not declared in this scope
75116 |     {aie2_I512_I1024_ACC1024_acc64_msc_conf, 2945}, // __builtin_aiev2_I512_I1024_ACC1024_acc64_msc_conf
      |      ^~~~~~~~~~~~~~~~~~~~~~~~~~~~~~~~~~~~~~
/home/jtuyls/iree-ai/llvm-aie-port/build/include/llvm/IR/IntrinsicImpl.inc:75117:6: error: ‘aie2_I512_I1024_ACC1024_acc64_mul_conf’ was not declared in this scope
75117 |     {aie2_I512_I1024_ACC1024_acc64_mul_conf, 2979}, // __builtin_aiev2_I512_I1024_ACC1024_acc64_mul_conf
      |      ^~~~~~~~~~~~~~~~~~~~~~~~~~~~~~~~~~~~~~
/home/jtuyls/iree-ai/llvm-aie-port/build/include/llvm/IR/IntrinsicImpl.inc:75118:6: error: ‘aie2_I512_I1024_ACC1024_acc64_negmac_conf’ was not declared in this scope
75118 |     {aie2_I512_I1024_ACC1024_acc64_negmac_conf, 3013}, // __builtin_aiev2_I512_I1024_ACC1024_acc64_negmac_conf
      |      ^~~~~~~~~~~~~~~~~~~~~~~~~~~~~~~~~~~~~~~~~
/home/jtuyls/iree-ai/llvm-aie-port/build/include/llvm/IR/IntrinsicImpl.inc:75119:6: error: ‘aie2_I512_I1024_ACC1024_acc64_negmsc_conf’ was not declared in this scope
75119 |     {aie2_I512_I1024_ACC1024_acc64_negmsc_conf, 3050}, // __builtin_aiev2_I512_I1024_ACC1024_acc64_negmsc_conf
      |      ^~~~~~~~~~~~~~~~~~~~~~~~~~~~~~~~~~~~~~~~~
/home/jtuyls/iree-ai/llvm-aie-port/build/include/llvm/IR/IntrinsicImpl.inc:75120:6: error: ‘aie2_I512_I1024_ACC1024_acc64_negmul_conf’ was not declared in this scope
75120 |     {aie2_I512_I1024_ACC1024_acc64_negmul_conf, 3087}, // __builtin_aiev2_I512_I1024_ACC1024_acc64_negmul_conf
      |      ^~~~~~~~~~~~~~~~~~~~~~~~~~~~~~~~~~~~~~~~~
/home/jtuyls/iree-ai/llvm-aie-port/build/include/llvm/IR/IntrinsicImpl.inc:75121:6: error: ‘aie2_I512_I1024_ACC1024_accfloat_bf_mac_conf’ was not declared in this scope
75121 |     {aie2_I512_I1024_ACC1024_accfloat_bf_mac_conf, 3124}, // __builtin_aiev2_I512_I1024_ACC1024_accfloat_bf_mac_conf
      |      ^~~~~~~~~~~~~~~~~~~~~~~~~~~~~~~~~~~~~~~~~~~~
/home/jtuyls/iree-ai/llvm-aie-port/build/include/llvm/IR/IntrinsicImpl.inc:75122:6: error: ‘aie2_I512_I1024_ACC1024_accfloat_bf_msc_conf’ was not declared in this scope
75122 |     {aie2_I512_I1024_ACC1024_accfloat_bf_msc_conf, 3164}, // __builtin_aiev2_I512_I1024_ACC1024_accfloat_bf_msc_conf
      |      ^~~~~~~~~~~~~~~~~~~~~~~~~~~~~~~~~~~~~~~~~~~~
/home/jtuyls/iree-ai/llvm-aie-port/build/include/llvm/IR/IntrinsicImpl.inc:75123:6: error: ‘aie2_I512_I1024_ACC1024_accfloat_bf_mul_conf’ was not declared in this scope
75123 |     {aie2_I512_I1024_ACC1024_accfloat_bf_mul_conf, 3204}, // __builtin_aiev2_I512_I1024_ACC1024_accfloat_bf_mul_conf
      |      ^~~~~~~~~~~~~~~~~~~~~~~~~~~~~~~~~~~~~~~~~~~~
/home/jtuyls/iree-ai/llvm-aie-port/build/include/llvm/IR/IntrinsicImpl.inc:75124:6: error: ‘aie2_I512_I1024_ACC1024_accfloat_bf_negmul_conf’ was not declared in this scope
75124 |     {aie2_I512_I1024_ACC1024_accfloat_bf_negmul_conf, 3244}, // __builtin_aiev2_I512_I1024_ACC1024_accfloat_bf_negmul_conf
      |      ^~~~~~~~~~~~~~~~~~~~~~~~~~~~~~~~~~~~~~~~~~~~~~~
/home/jtuyls/iree-ai/llvm-aie-port/build/include/llvm/IR/IntrinsicImpl.inc:75125:6: error: ‘aie2_I512_I512_ACC1024_ACC1024_acc32_addmac_conf’ was not declared in this scope
75125 |     {aie2_I512_I512_ACC1024_ACC1024_acc32_addmac_conf, 3287}, // __builtin_aiev2_I512_I512_ACC1024_ACC1024_acc32_addmac_conf
      |      ^~~~~~~~~~~~~~~~~~~~~~~~~~~~~~~~~~~~~~~~~~~~~~~~
/home/jtuyls/iree-ai/llvm-aie-port/build/include/llvm/IR/IntrinsicImpl.inc:75126:6: error: ‘aie2_I512_I512_ACC1024_ACC1024_acc32_addmsc_conf’ was not declared in this scope
75126 |     {aie2_I512_I512_ACC1024_ACC1024_acc32_addmsc_conf, 3331}, // __builtin_aiev2_I512_I512_ACC1024_ACC1024_acc32_addmsc_conf
      |      ^~~~~~~~~~~~~~~~~~~~~~~~~~~~~~~~~~~~~~~~~~~~~~~~
/home/jtuyls/iree-ai/llvm-aie-port/build/include/llvm/IR/IntrinsicImpl.inc:75127:6: error: ‘aie2_I512_I512_ACC1024_ACC1024_acc32_submac_conf’ was not declared in this scope
75127 |     {aie2_I512_I512_ACC1024_ACC1024_acc32_submac_conf, 3375}, // __builtin_aiev2_I512_I512_ACC1024_ACC1024_acc32_submac_conf
      |      ^~~~~~~~~~~~~~~~~~~~~~~~~~~~~~~~~~~~~~~~~~~~~~~~
/home/jtuyls/iree-ai/llvm-aie-port/build/include/llvm/IR/IntrinsicImpl.inc:75128:6: error: ‘aie2_I512_I512_ACC1024_ACC1024_acc32_submsc_conf’ was not declared in this scope
75128 |     {aie2_I512_I512_ACC1024_ACC1024_acc32_submsc_conf, 3419}, // __builtin_aiev2_I512_I512_ACC1024_ACC1024_acc32_submsc_conf
      |      ^~~~~~~~~~~~~~~~~~~~~~~~~~~~~~~~~~~~~~~~~~~~~~~~
/home/jtuyls/iree-ai/llvm-aie-port/build/include/llvm/IR/IntrinsicImpl.inc:75129:6: error: ‘aie2_I512_I512_ACC1024_ACC1024_acc64_addmac_conf’ was not declared in this scope
75129 |     {aie2_I512_I512_ACC1024_ACC1024_acc64_addmac_conf, 3463}, // __builtin_aiev2_I512_I512_ACC1024_ACC1024_acc64_addmac_conf
      |      ^~~~~~~~~~~~~~~~~~~~~~~~~~~~~~~~~~~~~~~~~~~~~~~~
/home/jtuyls/iree-ai/llvm-aie-port/build/include/llvm/IR/IntrinsicImpl.inc:75130:6: error: ‘aie2_I512_I512_ACC1024_ACC1024_acc64_addmsc_conf’ was not declared in this scope
75130 |     {aie2_I512_I512_ACC1024_ACC1024_acc64_addmsc_conf, 3507}, // __builtin_aiev2_I512_I512_ACC1024_ACC1024_acc64_addmsc_conf
      |      ^~~~~~~~~~~~~~~~~~~~~~~~~~~~~~~~~~~~~~~~~~~~~~~~
/home/jtuyls/iree-ai/llvm-aie-port/build/include/llvm/IR/IntrinsicImpl.inc:75131:6: error: ‘aie2_I512_I512_ACC1024_ACC1024_acc64_submac_conf’ was not declared in this scope
75131 |     {aie2_I512_I512_ACC1024_ACC1024_acc64_submac_conf, 3551}, // __builtin_aiev2_I512_I512_ACC1024_ACC1024_acc64_submac_conf
      |      ^~~~~~~~~~~~~~~~~~~~~~~~~~~~~~~~~~~~~~~~~~~~~~~~
/home/jtuyls/iree-ai/llvm-aie-port/build/include/llvm/IR/IntrinsicImpl.inc:75132:6: error: ‘aie2_I512_I512_ACC1024_ACC1024_acc64_submsc_conf’ was not declared in this scope
75132 |     {aie2_I512_I512_ACC1024_ACC1024_acc64_submsc_conf, 3595}, // __builtin_aiev2_I512_I512_ACC1024_ACC1024_acc64_submsc_conf
      |      ^~~~~~~~~~~~~~~~~~~~~~~~~~~~~~~~~~~~~~~~~~~~~~~~
/home/jtuyls/iree-ai/llvm-aie-port/build/include/llvm/IR/IntrinsicImpl.inc:75133:6: error: ‘aie2_I512_I512_ACC1024_acc32_mac_conf’ was not declared in this scope
75133 |     {aie2_I512_I512_ACC1024_acc32_mac_conf, 3639}, // __builtin_aiev2_I512_I512_ACC1024_acc32_mac_conf
      |      ^~~~~~~~~~~~~~~~~~~~~~~~~~~~~~~~~~~~~
/home/jtuyls/iree-ai/llvm-aie-port/build/include/llvm/IR/IntrinsicImpl.inc:75134:6: error: ‘aie2_I512_I512_ACC1024_acc32_msc_conf’ was not declared in this scope
75134 |     {aie2_I512_I512_ACC1024_acc32_msc_conf, 3672}, // __builtin_aiev2_I512_I512_ACC1024_acc32_msc_conf
      |      ^~~~~~~~~~~~~~~~~~~~~~~~~~~~~~~~~~~~~
/home/jtuyls/iree-ai/llvm-aie-port/build/include/llvm/IR/IntrinsicImpl.inc:75135:6: error: ‘aie2_I512_I512_acc32_mul_conf’ was not declared in this scope
75135 |     {aie2_I512_I512_acc32_mul_conf, 3705}, // __builtin_aiev2_I512_I512_ACC1024_acc32_mul_conf
      |      ^~~~~~~~~~~~~~~~~~~~~~~~~~~~~
/home/jtuyls/iree-ai/llvm-aie-port/build/include/llvm/IR/IntrinsicImpl.inc:75136:6: error: ‘aie2_I512_I512_ACC1024_acc32_negmac_conf’ was not declared in this scope
75136 |     {aie2_I512_I512_ACC1024_acc32_negmac_conf, 3738}, // __builtin_aiev2_I512_I512_ACC1024_acc32_negmac_conf
      |      ^~~~~~~~~~~~~~~~~~~~~~~~~~~~~~~~~~~~~~~~
/home/jtuyls/iree-ai/llvm-aie-port/build/include/llvm/IR/IntrinsicImpl.inc:75137:6: error: ‘aie2_I512_I512_ACC1024_acc32_negmsc_conf’ was not declared in this scope
75137 |     {aie2_I512_I512_ACC1024_acc32_negmsc_conf, 3774}, // __builtin_aiev2_I512_I512_ACC1024_acc32_negmsc_conf
      |      ^~~~~~~~~~~~~~~~~~~~~~~~~~~~~~~~~~~~~~~~
/home/jtuyls/iree-ai/llvm-aie-port/build/include/llvm/IR/IntrinsicImpl.inc:75138:6: error: ‘aie2_I512_I512_acc32_negmul_conf’ was not declared in this scope
75138 |     {aie2_I512_I512_acc32_negmul_conf, 3810}, // __builtin_aiev2_I512_I512_ACC1024_acc32_negmul_conf
      |      ^~~~~~~~~~~~~~~~~~~~~~~~~~~~~~~~
/home/jtuyls/iree-ai/llvm-aie-port/build/include/llvm/IR/IntrinsicImpl.inc:75139:6: error: ‘aie2_I512_I512_ACC1024_acc64_mac_conf’ was not declared in this scope
75139 |     {aie2_I512_I512_ACC1024_acc64_mac_conf, 3846}, // __builtin_aiev2_I512_I512_ACC1024_acc64_mac_conf
      |      ^~~~~~~~~~~~~~~~~~~~~~~~~~~~~~~~~~~~~
/home/jtuyls/iree-ai/llvm-aie-port/build/include/llvm/IR/IntrinsicImpl.inc:75140:6: error: ‘aie2_I512_I512_ACC1024_acc64_msc_conf’ was not declared in this scope
75140 |     {aie2_I512_I512_ACC1024_acc64_msc_conf, 3879}, // __builtin_aiev2_I512_I512_ACC1024_acc64_msc_conf
      |      ^~~~~~~~~~~~~~~~~~~~~~~~~~~~~~~~~~~~~
/home/jtuyls/iree-ai/llvm-aie-port/build/include/llvm/IR/IntrinsicImpl.inc:75141:6: error: ‘aie2_I512_I512_acc64_mul_conf’ was not declared in this scope
75141 |     {aie2_I512_I512_acc64_mul_conf, 3912}, // __builtin_aiev2_I512_I512_ACC1024_acc64_mul_conf
      |      ^~~~~~~~~~~~~~~~~~~~~~~~~~~~~
/home/jtuyls/iree-ai/llvm-aie-port/build/include/llvm/IR/IntrinsicImpl.inc:75142:6: error: ‘aie2_I512_I512_ACC1024_acc64_negmac_conf’ was not declared in this scope
75142 |     {aie2_I512_I512_ACC1024_acc64_negmac_conf, 3945}, // __builtin_aiev2_I512_I512_ACC1024_acc64_negmac_conf
      |      ^~~~~~~~~~~~~~~~~~~~~~~~~~~~~~~~~~~~~~~~
/home/jtuyls/iree-ai/llvm-aie-port/build/include/llvm/IR/IntrinsicImpl.inc:75143:6: error: ‘aie2_I512_I512_ACC1024_acc64_negmsc_conf’ was not declared in this scope
75143 |     {aie2_I512_I512_ACC1024_acc64_negmsc_conf, 3981}, // __builtin_aiev2_I512_I512_ACC1024_acc64_negmsc_conf
      |      ^~~~~~~~~~~~~~~~~~~~~~~~~~~~~~~~~~~~~~~~
/home/jtuyls/iree-ai/llvm-aie-port/build/include/llvm/IR/IntrinsicImpl.inc:75144:6: error: ‘aie2_I512_I512_acc64_negmul_conf’ was not declared in this scope
75144 |     {aie2_I512_I512_acc64_negmul_conf, 4017}, // __builtin_aiev2_I512_I512_ACC1024_acc64_negmul_conf
      |      ^~~~~~~~~~~~~~~~~~~~~~~~~~~~~~~~
/home/jtuyls/iree-ai/llvm-aie-port/build/include/llvm/IR/IntrinsicImpl.inc:75145:6: error: ‘aie2_I512_v16_acc64_srs’ was not declared in this scope
75145 |     {aie2_I512_v16_acc64_srs, 4053}, // __builtin_aiev2_I512_v16_acc64_srs
      |      ^~~~~~~~~~~~~~~~~~~~~~~
/home/jtuyls/iree-ai/llvm-aie-port/build/include/llvm/IR/IntrinsicImpl.inc:75146:6: error: ‘aie2_I512_v32_acc32_srs’ was not declared in this scope
75146 |     {aie2_I512_v32_acc32_srs, 4072}, // __builtin_aiev2_I512_v32_acc32_srs
      |      ^~~~~~~~~~~~~~~~~~~~~~~
/home/jtuyls/iree-ai/llvm-aie-port/build/include/llvm/IR/IntrinsicImpl.inc:75147:6: error: ‘aie2_acc32_v16_I256_ups’ was not declared in this scope
75147 |     {aie2_acc32_v16_I256_ups, 4091}, // __builtin_aiev2_acc32_v16_I256_ups
      |      ^~~~~~~~~~~~~~~~~~~~~~~
/home/jtuyls/iree-ai/llvm-aie-port/build/include/llvm/IR/IntrinsicImpl.inc:75148:6: error: ‘aie2_acc32_v32_I256_ups’ was not declared in this scope
75148 |     {aie2_acc32_v32_I256_ups, 4110}, // __builtin_aiev2_acc32_v32_I256_ups
      |      ^~~~~~~~~~~~~~~~~~~~~~~
/home/jtuyls/iree-ai/llvm-aie-port/build/include/llvm/IR/IntrinsicImpl.inc:75149:6: error: ‘aie2_acc32_v32_I512_ups’ was not declared in this scope
75149 |     {aie2_acc32_v32_I512_ups, 4129}, // __builtin_aiev2_acc32_v32_I512_ups
      |      ^~~~~~~~~~~~~~~~~~~~~~~
/home/jtuyls/iree-ai/llvm-aie-port/build/include/llvm/IR/IntrinsicImpl.inc:75150:6: error: ‘aie2_acc64_v16_I256_ups’ was not declared in this scope
75150 |     {aie2_acc64_v16_I256_ups, 4148}, // __builtin_aiev2_acc64_v16_I256_ups
      |      ^~~~~~~~~~~~~~~~~~~~~~~
/home/jtuyls/iree-ai/llvm-aie-port/build/include/llvm/IR/IntrinsicImpl.inc:75151:6: error: ‘aie2_acc64_v16_I512_ups’ was not declared in this scope
75151 |     {aie2_acc64_v16_I512_ups, 4167}, // __builtin_aiev2_acc64_v16_I512_ups
      |      ^~~~~~~~~~~~~~~~~~~~~~~
/home/jtuyls/iree-ai/llvm-aie-port/build/include/llvm/IR/IntrinsicImpl.inc:75152:6: error: ‘aie2_acc64_v8_I256_ups’ was not declared in this scope
75152 |     {aie2_acc64_v8_I256_ups, 4186}, // __builtin_aiev2_acc64_v8_I256_ups
      |      ^~~~~~~~~~~~~~~~~~~~~~
/home/jtuyls/iree-ai/llvm-aie-port/build/include/llvm/IR/IntrinsicImpl.inc:75153:6: error: ‘aie2_acquire’ was not declared in this scope
75153 |     {aie2_acquire, 420}, // __builtin_aiev2_acquire
      |      ^~~~~~~~~~~~
/home/jtuyls/iree-ai/llvm-aie-port/build/include/llvm/IR/IntrinsicImpl.inc:75154:6: error: ‘aie2_acquire_cond’ was not declared in this scope
75154 |     {aie2_acquire_cond, 4204}, // __builtin_aiev2_acquire_cond
      |      ^~~~~~~~~~~~~~~~~
/home/jtuyls/iree-ai/llvm-aie-port/build/include/llvm/IR/IntrinsicImpl.inc:75155:6: error: ‘aie2_add_acc’ was not declared in this scope
75155 |     {aie2_add_acc, 4217}, // __builtin_aiev2_add_acc
      |      ^~~~~~~~~~~~
/home/jtuyls/iree-ai/llvm-aie-port/build/include/llvm/IR/IntrinsicImpl.inc:75156:6: error: ‘aie2_add_accfloat’ was not declared in this scope
75156 |     {aie2_add_accfloat, 4225}, // __builtin_aiev2_add_accfloat
      |      ^~~~~~~~~~~~~~~~~
/home/jtuyls/iree-ai/llvm-aie-port/build/include/llvm/IR/IntrinsicImpl.inc:75157:6: error: ‘aie2_bf_addmac16_conf’ was not declared in this scope
75157 |     {aie2_bf_addmac16_conf, 4238}, // __builtin_aiev2_bf_addmac16_conf
      |      ^~~~~~~~~~~~~~~~~~~~~
/home/jtuyls/iree-ai/llvm-aie-port/build/include/llvm/IR/IntrinsicImpl.inc:75158:6: error: ‘aie2_bf_addmsc16_conf’ was not declared in this scope
75158 |     {aie2_bf_addmsc16_conf, 4255}, // __builtin_aiev2_bf_addmsc16_conf
      |      ^~~~~~~~~~~~~~~~~~~~~
/home/jtuyls/iree-ai/llvm-aie-port/build/include/llvm/IR/IntrinsicImpl.inc:75159:6: error: ‘aie2_bf_mac16_conf’ was not declared in this scope
75159 |     {aie2_bf_mac16_conf, 4272}, // __builtin_aiev2_bf_mac16_conf
      |      ^~~~~~~~~~~~~~~~~~
/home/jtuyls/iree-ai/llvm-aie-port/build/include/llvm/IR/IntrinsicImpl.inc:75160:6: error: ‘aie2_bf_msc16_conf’ was not declared in this scope
75160 |     {aie2_bf_msc16_conf, 4286}, // __builtin_aiev2_bf_msc16_conf
      |      ^~~~~~~~~~~~~~~~~~
/home/jtuyls/iree-ai/llvm-aie-port/build/include/llvm/IR/IntrinsicImpl.inc:75161:6: error: ‘aie2_bf_mul16_conf’ was not declared in this scope
75161 |     {aie2_bf_mul16_conf, 4300}, // __builtin_aiev2_bf_mul16_conf
      |      ^~~~~~~~~~~~~~~~~~
/home/jtuyls/iree-ai/llvm-aie-port/build/include/llvm/IR/IntrinsicImpl.inc:75162:6: error: ‘aie2_bf_negmul16_conf’ was not declared in this scope
75162 |     {aie2_bf_negmul16_conf, 4314}, // __builtin_aiev2_bf_negmul16_conf
      |      ^~~~~~~~~~~~~~~~~~~~~
/home/jtuyls/iree-ai/llvm-aie-port/build/include/llvm/IR/IntrinsicImpl.inc:75163:6: error: ‘aie2_clb’ was not declared in this scope
75163 |     {aie2_clb, 4331}, // __builtin_aiev2_clb
      |      ^~~~~~~~
/home/jtuyls/iree-ai/llvm-aie-port/build/include/llvm/IR/IntrinsicImpl.inc:75164:6: error: ‘aie2_clr16f_conf’ was not declared in this scope
75164 |     {aie2_clr16f_conf, 4335}, // __builtin_aiev2_clr16f_conf
      |      ^~~~~~~~~~~~~~~~
/home/jtuyls/iree-ai/llvm-aie-port/build/include/llvm/IR/IntrinsicImpl.inc:75165:6: error: ‘aie2_concat_1024_256_acc’ was not declared in this scope
75165 |     {aie2_concat_1024_256_acc, 4347}, // __builtin_aiev2_concat_ACC1024_ACC256
      |      ^~~~~~~~~~~~~~~~~~~~~~~~
/home/jtuyls/iree-ai/llvm-aie-port/build/include/llvm/IR/IntrinsicImpl.inc:75166:6: error: ‘aie2_concat_1024_512_acc’ was not declared in this scope
75166 |     {aie2_concat_1024_512_acc, 4369}, // __builtin_aiev2_concat_ACC1024_ACC512
      |      ^~~~~~~~~~~~~~~~~~~~~~~~
/home/jtuyls/iree-ai/llvm-aie-port/build/include/llvm/IR/IntrinsicImpl.inc:75167:6: error: ‘aie2_concat_512_256_acc’ was not declared in this scope
75167 |     {aie2_concat_512_256_acc, 4391}, // __builtin_aiev2_concat_ACC512_ACC256
      |      ^~~~~~~~~~~~~~~~~~~~~~~
/home/jtuyls/iree-ai/llvm-aie-port/build/include/llvm/IR/IntrinsicImpl.inc:75168:6: error: ‘aie2_concat_I1024_I256’ was not declared in this scope
75168 |     {aie2_concat_I1024_I256, 4412}, // __builtin_aiev2_concat_I1024_I256
      |      ^~~~~~~~~~~~~~~~~~~~~~
/home/jtuyls/iree-ai/llvm-aie-port/build/include/llvm/IR/IntrinsicImpl.inc:75169:6: error: ‘aie2_concat_I1024_I512’ was not declared in this scope
75169 |     {aie2_concat_I1024_I512, 4430}, // __builtin_aiev2_concat_I1024_I512
      |      ^~~~~~~~~~~~~~~~~~~~~~
/home/jtuyls/iree-ai/llvm-aie-port/build/include/llvm/IR/IntrinsicImpl.inc:75170:6: error: ‘aie2_concat_I512_I256’ was not declared in this scope
75170 |     {aie2_concat_I512_I256, 4448}, // __builtin_aiev2_concat_I512_I256
      |      ^~~~~~~~~~~~~~~~~~~~~
/home/jtuyls/iree-ai/llvm-aie-port/build/include/llvm/IR/IntrinsicImpl.inc:75171:6: error: ‘aie2_concat_bf1024_bf256’ was not declared in this scope
75171 |     {aie2_concat_bf1024_bf256, 4465}, // __builtin_aiev2_concat_bf1024_bf256
      |      ^~~~~~~~~~~~~~~~~~~~~~~~
/home/jtuyls/iree-ai/llvm-aie-port/build/include/llvm/IR/IntrinsicImpl.inc:75172:6: error: ‘aie2_concat_bf1024_bf512’ was not declared in this scope
75172 |     {aie2_concat_bf1024_bf512, 4485}, // __builtin_aiev2_concat_bf1024_bf512
      |      ^~~~~~~~~~~~~~~~~~~~~~~~
/home/jtuyls/iree-ai/llvm-aie-port/build/include/llvm/IR/IntrinsicImpl.inc:75173:6: error: ‘aie2_concat_bf512_bf256’ was not declared in this scope
75173 |     {aie2_concat_bf512_bf256, 4505}, // __builtin_aiev2_concat_bf512_bf256
      |      ^~~~~~~~~~~~~~~~~~~~~~~
/home/jtuyls/iree-ai/llvm-aie-port/build/include/llvm/IR/IntrinsicImpl.inc:75174:6: error: ‘aie2_done’ was not declared in this scope
75174 |     {aie2_done, 4524}, // __builtin_aiev2_done
      |      ^~~~~~~~~
/home/jtuyls/iree-ai/llvm-aie-port/build/include/llvm/IR/IntrinsicImpl.inc:75175:6: error: ‘aie2_event’ was not declared in this scope; did you mean ‘sigevent’?
75175 |     {aie2_event, 525}, // __builtin_aiev2_event
      |      ^~~~~~~~~~
      |      sigevent
/home/jtuyls/iree-ai/llvm-aie-port/build/include/llvm/IR/IntrinsicImpl.inc:75176:6: error: ‘aie2_ext_256_1024_acc’ was not declared in this scope
75176 |     {aie2_ext_256_1024_acc, 4529}, // __builtin_aiev2_ext_ACC256_ACC1024
      |      ^~~~~~~~~~~~~~~~~~~~~
/home/jtuyls/iree-ai/llvm-aie-port/build/include/llvm/IR/IntrinsicImpl.inc:75177:6: error: ‘aie2_ext_256_512_acc’ was not declared in this scope
75177 |     {aie2_ext_256_512_acc, 4548}, // __builtin_aiev2_ext_ACC256_ACC512
      |      ^~~~~~~~~~~~~~~~~~~~
/home/jtuyls/iree-ai/llvm-aie-port/build/include/llvm/IR/IntrinsicImpl.inc:75178:6: error: ‘aie2_ext_512_1024_acc’ was not declared in this scope
75178 |     {aie2_ext_512_1024_acc, 4566}, // __builtin_aiev2_ext_ACC512_ACC1024
      |      ^~~~~~~~~~~~~~~~~~~~~
/home/jtuyls/iree-ai/llvm-aie-port/build/include/llvm/IR/IntrinsicImpl.inc:75179:6: error: ‘aie2_ext_I256_I1024’ was not declared in this scope
75179 |     {aie2_ext_I256_I1024, 4585}, // __builtin_aiev2_ext_I256_I1024
      |      ^~~~~~~~~~~~~~~~~~~
/home/jtuyls/iree-ai/llvm-aie-port/build/include/llvm/IR/IntrinsicImpl.inc:75180:6: error: ‘aie2_ext_I256_I512’ was not declared in this scope
75180 |     {aie2_ext_I256_I512, 4600}, // __builtin_aiev2_ext_I256_I512
      |      ^~~~~~~~~~~~~~~~~~
/home/jtuyls/iree-ai/llvm-aie-port/build/include/llvm/IR/IntrinsicImpl.inc:75181:6: error: ‘aie2_ext_I32_I64’ was not declared in this scope
75181 |     {aie2_ext_I32_I64, 4614}, // __builtin_aiev2_ext_I32_I64
      |      ^~~~~~~~~~~~~~~~
/home/jtuyls/iree-ai/llvm-aie-port/build/include/llvm/IR/IntrinsicImpl.inc:75182:6: error: ‘aie2_ext_I512_I1024’ was not declared in this scope
75182 |     {aie2_ext_I512_I1024, 4626}, // __builtin_aiev2_ext_I512_I1024
      |      ^~~~~~~~~~~~~~~~~~~
/home/jtuyls/iree-ai/llvm-aie-port/build/include/llvm/IR/IntrinsicImpl.inc:75183:6: error: ‘aie2_ext_bf256_bf1024’ was not declared in this scope
75183 |     {aie2_ext_bf256_bf1024, 4641}, // __builtin_aiev2_ext_bf256_bf1024
      |      ^~~~~~~~~~~~~~~~~~~~~
/home/jtuyls/iree-ai/llvm-aie-port/build/include/llvm/IR/IntrinsicImpl.inc:75184:6: error: ‘aie2_ext_bf256_bf512’ was not declared in this scope
75184 |     {aie2_ext_bf256_bf512, 4658}, // __builtin_aiev2_ext_bf256_bf512
      |      ^~~~~~~~~~~~~~~~~~~~
/home/jtuyls/iree-ai/llvm-aie-port/build/include/llvm/IR/IntrinsicImpl.inc:75185:6: error: ‘aie2_ext_bf512_bf1024’ was not declared in this scope
75185 |     {aie2_ext_bf512_bf1024, 4674}, // __builtin_aiev2_ext_bf512_bf1024
      |      ^~~~~~~~~~~~~~~~~~~~~
/home/jtuyls/iree-ai/llvm-aie-port/build/include/llvm/IR/IntrinsicImpl.inc:75186:6: error: ‘aie2_extract_I128_I512’ was not declared in this scope
75186 |     {aie2_extract_I128_I512, 4691}, // __builtin_aiev2_extract_I128_I512
      |      ^~~~~~~~~~~~~~~~~~~~~~
/home/jtuyls/iree-ai/llvm-aie-port/build/include/llvm/IR/IntrinsicImpl.inc:75187:6: error: ‘aie2_get_I256_I128’ was not declared in this scope
75187 |     {aie2_get_I256_I128, 4709}, // __builtin_aiev2_get_I256_I128
      |      ^~~~~~~~~~~~~~~~~~
/home/jtuyls/iree-ai/llvm-aie-port/build/include/llvm/IR/IntrinsicImpl.inc:75188:6: error: ‘aie2_get_coreid’ was not declared in this scope
75188 |     {aie2_get_coreid, 4723}, // __builtin_aiev2_get_coreid
      |      ^~~~~~~~~~~~~~~
/home/jtuyls/iree-ai/llvm-aie-port/build/include/llvm/IR/IntrinsicImpl.inc:75189:6: error: ‘aie2_get_ctrl_reg’ was not declared in this scope
75189 |     {aie2_get_ctrl_reg, 4734}, // __builtin_aiev2_get_ctrl_reg
      |      ^~~~~~~~~~~~~~~~~
/home/jtuyls/iree-ai/llvm-aie-port/build/include/llvm/IR/IntrinsicImpl.inc:75190:6: error: ‘aie2_load_4x16_hi’ was not declared in this scope
75190 |     {aie2_load_4x16_hi, 4747}, // __builtin_aiev2_load_4x16_hi
      |      ^~~~~~~~~~~~~~~~~
/home/jtuyls/iree-ai/llvm-aie-port/build/include/llvm/IR/IntrinsicImpl.inc:75191:6: error: ‘aie2_load_4x16_lo’ was not declared in this scope
75191 |     {aie2_load_4x16_lo, 4760}, // __builtin_aiev2_load_4x16_lo
      |      ^~~~~~~~~~~~~~~~~
/home/jtuyls/iree-ai/llvm-aie-port/build/include/llvm/IR/IntrinsicImpl.inc:75192:6: error: ‘aie2_load_4x32_hi’ was not declared in this scope
75192 |     {aie2_load_4x32_hi, 4773}, // __builtin_aiev2_load_4x32_hi
      |      ^~~~~~~~~~~~~~~~~
/home/jtuyls/iree-ai/llvm-aie-port/build/include/llvm/IR/IntrinsicImpl.inc:75193:6: error: ‘aie2_load_4x32_lo’ was not declared in this scope
75193 |     {aie2_load_4x32_lo, 4786}, // __builtin_aiev2_load_4x32_lo
      |      ^~~~~~~~~~~~~~~~~
/home/jtuyls/iree-ai/llvm-aie-port/build/include/llvm/IR/IntrinsicImpl.inc:75194:6: error: ‘aie2_load_4x64_hi’ was not declared in this scope
75194 |     {aie2_load_4x64_hi, 4799}, // __builtin_aiev2_load_4x64_hi
      |      ^~~~~~~~~~~~~~~~~
/home/jtuyls/iree-ai/llvm-aie-port/build/include/llvm/IR/IntrinsicImpl.inc:75195:6: error: ‘aie2_load_4x64_lo’ was not declared in this scope
75195 |     {aie2_load_4x64_lo, 4812}, // __builtin_aiev2_load_4x64_lo
      |      ^~~~~~~~~~~~~~~~~
/home/jtuyls/iree-ai/llvm-aie-port/build/include/llvm/IR/IntrinsicImpl.inc:75196:6: error: ‘aie2_mcd_write_acc32’ was not declared in this scope
75196 |     {aie2_mcd_write_acc32, 4825}, // __builtin_aiev2_mcd_write_acc32
      |      ^~~~~~~~~~~~~~~~~~~~
/home/jtuyls/iree-ai/llvm-aie-port/build/include/llvm/IR/IntrinsicImpl.inc:75197:6: error: ‘aie2_mcd_write_vec’ was not declared in this scope
75197 |     {aie2_mcd_write_vec, 4841}, // __builtin_aiev2_mcd_write_vec
      |      ^~~~~~~~~~~~~~~~~~
/home/jtuyls/iree-ai/llvm-aie-port/build/include/llvm/IR/IntrinsicImpl.inc:75198:6: error: ‘aie2_negadd_acc’ was not declared in this scope
75198 |     {aie2_negadd_acc, 4855}, // __builtin_aiev2_negadd_acc
      |      ^~~~~~~~~~~~~~~
/home/jtuyls/iree-ai/llvm-aie-port/build/include/llvm/IR/IntrinsicImpl.inc:75199:6: error: ‘aie2_negadd_accfloat’ was not declared in this scope
75199 |     {aie2_negadd_accfloat, 4866}, // __builtin_aiev2_negadd_accfloat
      |      ^~~~~~~~~~~~~~~~~~~~
/home/jtuyls/iree-ai/llvm-aie-port/build/include/llvm/IR/IntrinsicImpl.inc:75200:6: error: ‘aie2_negsub_acc’ was not declared in this scope
75200 |     {aie2_negsub_acc, 4882}, // __builtin_aiev2_negsub_acc
      |      ^~~~~~~~~~~~~~~
/home/jtuyls/iree-ai/llvm-aie-port/build/include/llvm/IR/IntrinsicImpl.inc:75201:6: error: ‘aie2_negsub_accfloat’ was not declared in this scope
75201 |     {aie2_negsub_accfloat, 4893}, // __builtin_aiev2_negsub_accfloat
      |      ^~~~~~~~~~~~~~~~~~~~
/home/jtuyls/iree-ai/llvm-aie-port/build/include/llvm/IR/IntrinsicImpl.inc:75202:6: error: ‘aie2_pack_I4_I8’ was not declared in this scope
75202 |     {aie2_pack_I4_I8, 4909}, // __builtin_aiev2_pack_I4_I8
      |      ^~~~~~~~~~~~~~~
/home/jtuyls/iree-ai/llvm-aie-port/build/include/llvm/IR/IntrinsicImpl.inc:75203:6: error: ‘aie2_pack_I8_I16’ was not declared in this scope
75203 |     {aie2_pack_I8_I16, 4920}, // __builtin_aiev2_pack_I8_I16
      |      ^~~~~~~~~~~~~~~~
/home/jtuyls/iree-ai/llvm-aie-port/build/include/llvm/IR/IntrinsicImpl.inc:75204:6: error: ‘aie2_put_ms’ was not declared in this scope
75204 |     {aie2_put_ms, 1080}, // __builtin_aiev2_put_ms
      |      ^~~~~~~~~~~
/home/jtuyls/iree-ai/llvm-aie-port/build/include/llvm/IR/IntrinsicImpl.inc:75205:6: error: ‘aie2_put_ms_ctrl_packet_header’ was not declared in this scope
75205 |     {aie2_put_ms_ctrl_packet_header, 4932}, // __builtin_aiev2_put_ms_ctrl_packet_header
      |      ^~~~~~~~~~~~~~~~~~~~~~~~~~~~~~
/home/jtuyls/iree-ai/llvm-aie-port/build/include/llvm/IR/IntrinsicImpl.inc:75206:6: error: ‘aie2_put_ms_packet_header’ was not declared in this scope
75206 |     {aie2_put_ms_packet_header, 4958}, // __builtin_aiev2_put_ms_packet_header
      |      ^~~~~~~~~~~~~~~~~~~~~~~~~
/home/jtuyls/iree-ai/llvm-aie-port/build/include/llvm/IR/IntrinsicImpl.inc:75207:6: error: ‘aie2_read_tm’ was not declared in this scope
75207 |     {aie2_read_tm, 4979}, // __builtin_aiev2_read_tm
      |      ^~~~~~~~~~~~
/home/jtuyls/iree-ai/llvm-aie-port/build/include/llvm/IR/IntrinsicImpl.inc:75208:6: error: ‘aie2_release’ was not declared in this scope
75208 |     {aie2_release, 1095}, // __builtin_aiev2_release
      |      ^~~~~~~~~~~~
/home/jtuyls/iree-ai/llvm-aie-port/build/include/llvm/IR/IntrinsicImpl.inc:75209:6: error: ‘aie2_release_cond’ was not declared in this scope
75209 |     {aie2_release_cond, 4987}, // __builtin_aiev2_release_cond
      |      ^~~~~~~~~~~~~~~~~
/home/jtuyls/iree-ai/llvm-aie-port/build/include/llvm/IR/IntrinsicImpl.inc:75210:6: error: ‘aie2_scd_expand_hi’ was not declared in this scope
75210 |     {aie2_scd_expand_hi, 5000}, // __builtin_aiev2_scd_expand_hi
      |      ^~~~~~~~~~~~~~~~~~
/home/jtuyls/iree-ai/llvm-aie-port/build/include/llvm/IR/IntrinsicImpl.inc:75211:6: error: ‘aie2_scd_expand_lo’ was not declared in this scope
75211 |     {aie2_scd_expand_lo, 5014}, // __builtin_aiev2_scd_expand_lo
      |      ^~~~~~~~~~~~~~~~~~
/home/jtuyls/iree-ai/llvm-aie-port/build/include/llvm/IR/IntrinsicImpl.inc:75212:6: error: ‘aie2_scd_read_acc32’ was not declared in this scope
75212 |     {aie2_scd_read_acc32, 5028}, // __builtin_aiev2_scd_read_acc32
      |      ^~~~~~~~~~~~~~~~~~~
/home/jtuyls/iree-ai/llvm-aie-port/build/include/llvm/IR/IntrinsicImpl.inc:75213:6: error: ‘aie2_scd_read_vec’ was not declared in this scope
75213 |     {aie2_scd_read_vec, 5043}, // __builtin_aiev2_scd_read_vec
      |      ^~~~~~~~~~~~~~~~~
/home/jtuyls/iree-ai/llvm-aie-port/build/include/llvm/IR/IntrinsicImpl.inc:75214:6: error: ‘aie2_sched_barrier’ was not declared in this scope
75214 |     {aie2_sched_barrier, 5056}, // __builtin_aiev2_sched_barrier
      |      ^~~~~~~~~~~~~~~~~~
/home/jtuyls/iree-ai/llvm-aie-port/build/include/llvm/IR/IntrinsicImpl.inc:75215:6: error: ‘aie2_set_1024_256_acc’ was not declared in this scope
75215 |     {aie2_set_1024_256_acc, 5070}, // __builtin_aiev2_set_ACC1024_ACC256
      |      ^~~~~~~~~~~~~~~~~~~~~
/home/jtuyls/iree-ai/llvm-aie-port/build/include/llvm/IR/IntrinsicImpl.inc:75216:6: error: ‘aie2_set_1024_512_acc’ was not declared in this scope
75216 |     {aie2_set_1024_512_acc, 5089}, // __builtin_aiev2_set_ACC1024_ACC512
      |      ^~~~~~~~~~~~~~~~~~~~~
/home/jtuyls/iree-ai/llvm-aie-port/build/include/llvm/IR/IntrinsicImpl.inc:75217:6: error: ‘aie2_set_512_256_acc’ was not declared in this scope
75217 |     {aie2_set_512_256_acc, 5108}, // __builtin_aiev2_set_ACC512_ACC256
      |      ^~~~~~~~~~~~~~~~~~~~
/home/jtuyls/iree-ai/llvm-aie-port/build/include/llvm/IR/IntrinsicImpl.inc:75218:6: error: ‘aie2_set_I1024_I256’ was not declared in this scope
75218 |     {aie2_set_I1024_I256, 5126}, // __builtin_aiev2_set_I1024_I256
      |      ^~~~~~~~~~~~~~~~~~~
/home/jtuyls/iree-ai/llvm-aie-port/build/include/llvm/IR/IntrinsicImpl.inc:75219:6: error: ‘aie2_set_I1024_I512’ was not declared in this scope
75219 |     {aie2_set_I1024_I512, 5141}, // __builtin_aiev2_set_I1024_I512
      |      ^~~~~~~~~~~~~~~~~~~
/home/jtuyls/iree-ai/llvm-aie-port/build/include/llvm/IR/IntrinsicImpl.inc:75220:6: error: ‘aie2_set_I512_I128’ was not declared in this scope
75220 |     {aie2_set_I512_I128, 5156}, // __builtin_aiev2_set_I512_I128
      |      ^~~~~~~~~~~~~~~~~~
/home/jtuyls/iree-ai/llvm-aie-port/build/include/llvm/IR/IntrinsicImpl.inc:75221:6: error: ‘aie2_set_I512_I256’ was not declared in this scope
75221 |     {aie2_set_I512_I256, 5170}, // __builtin_aiev2_set_I512_I256
      |      ^~~~~~~~~~~~~~~~~~
/home/jtuyls/iree-ai/llvm-aie-port/build/include/llvm/IR/IntrinsicImpl.inc:75222:6: error: ‘aie2_set_I64_I32’ was not declared in this scope
75222 |     {aie2_set_I64_I32, 5184}, // __builtin_aiev2_set_I64_I32
      |      ^~~~~~~~~~~~~~~~
/home/jtuyls/iree-ai/llvm-aie-port/build/include/llvm/IR/IntrinsicImpl.inc:75223:6: error: ‘aie2_set_bf1024_bf256’ was not declared in this scope
75223 |     {aie2_set_bf1024_bf256, 5196}, // __builtin_aiev2_set_bf1024_bf256
      |      ^~~~~~~~~~~~~~~~~~~~~
/home/jtuyls/iree-ai/llvm-aie-port/build/include/llvm/IR/IntrinsicImpl.inc:75224:6: error: ‘aie2_set_bf1024_bf512’ was not declared in this scope
75224 |     {aie2_set_bf1024_bf512, 5213}, // __builtin_aiev2_set_bf1024_bf512
      |      ^~~~~~~~~~~~~~~~~~~~~
/home/jtuyls/iree-ai/llvm-aie-port/build/include/llvm/IR/IntrinsicImpl.inc:75225:6: error: ‘aie2_set_bf512_bf256’ was not declared in this scope
75225 |     {aie2_set_bf512_bf256, 5230}, // __builtin_aiev2_set_bf512_bf256
      |      ^~~~~~~~~~~~~~~~~~~~
/home/jtuyls/iree-ai/llvm-aie-port/build/include/llvm/IR/IntrinsicImpl.inc:75226:6: error: ‘aie2_set_ctrl_reg’ was not declared in this scope
75226 |     {aie2_set_ctrl_reg, 5246}, // __builtin_aiev2_set_ctrl_reg
      |      ^~~~~~~~~~~~~~~~~
/home/jtuyls/iree-ai/llvm-aie-port/build/include/llvm/IR/IntrinsicImpl.inc:75227:6: error: ‘aie2_sub_acc’ was not declared in this scope
75227 |     {aie2_sub_acc, 5259}, // __builtin_aiev2_sub_acc
      |      ^~~~~~~~~~~~
/home/jtuyls/iree-ai/llvm-aie-port/build/include/llvm/IR/IntrinsicImpl.inc:75228:6: error: ‘aie2_sub_accfloat’ was not declared in this scope
75228 |     {aie2_sub_accfloat, 5267}, // __builtin_aiev2_sub_accfloat
      |      ^~~~~~~~~~~~~~~~~
/home/jtuyls/iree-ai/llvm-aie-port/build/include/llvm/IR/IntrinsicImpl.inc:75229:6: error: ‘aie2_unpack_I16_I8’ was not declared in this scope
75229 |     {aie2_unpack_I16_I8, 5280}, // __builtin_aiev2_unpack_I16_I8
      |      ^~~~~~~~~~~~~~~~~~
/home/jtuyls/iree-ai/llvm-aie-port/build/include/llvm/IR/IntrinsicImpl.inc:75230:6: error: ‘aie2_unpack_I8_I4’ was not declared in this scope
75230 |     {aie2_unpack_I8_I4, 5294}, // __builtin_aiev2_unpack_I8_I4
      |      ^~~~~~~~~~~~~~~~~
/home/jtuyls/iree-ai/llvm-aie-port/build/include/llvm/IR/IntrinsicImpl.inc:75231:6: error: ‘aie2_upd_1024_256_acc’ was not declared in this scope
75231 |     {aie2_upd_1024_256_acc, 5307}, // __builtin_aiev2_upd_ACC1024_ACC256
      |      ^~~~~~~~~~~~~~~~~~~~~
/home/jtuyls/iree-ai/llvm-aie-port/build/include/llvm/IR/IntrinsicImpl.inc:75232:6: error: ‘aie2_upd_1024_512_acc’ was not declared in this scope
75232 |     {aie2_upd_1024_512_acc, 5326}, // __builtin_aiev2_upd_ACC1024_ACC512
      |      ^~~~~~~~~~~~~~~~~~~~~
/home/jtuyls/iree-ai/llvm-aie-port/build/include/llvm/IR/IntrinsicImpl.inc:75233:6: error: ‘aie2_upd_512_256_acc’ was not declared in this scope
75233 |     {aie2_upd_512_256_acc, 5345}, // __builtin_aiev2_upd_ACC512_ACC256
      |      ^~~~~~~~~~~~~~~~~~~~
/home/jtuyls/iree-ai/llvm-aie-port/build/include/llvm/IR/IntrinsicImpl.inc:75234:6: error: ‘aie2_upd_I1024_I256’ was not declared in this scope
75234 |     {aie2_upd_I1024_I256, 5363}, // __builtin_aiev2_upd_I1024_I256
      |      ^~~~~~~~~~~~~~~~~~~
/home/jtuyls/iree-ai/llvm-aie-port/build/include/llvm/IR/IntrinsicImpl.inc:75235:6: error: ‘aie2_upd_I1024_I512’ was not declared in this scope
75235 |     {aie2_upd_I1024_I512, 5378}, // __builtin_aiev2_upd_I1024_I512
      |      ^~~~~~~~~~~~~~~~~~~
/home/jtuyls/iree-ai/llvm-aie-port/build/include/llvm/IR/IntrinsicImpl.inc:75236:6: error: ‘aie2_upd_I512_I256’ was not declared in this scope
75236 |     {aie2_upd_I512_I256, 5393}, // __builtin_aiev2_upd_I512_I256
      |      ^~~~~~~~~~~~~~~~~~
/home/jtuyls/iree-ai/llvm-aie-port/build/include/llvm/IR/IntrinsicImpl.inc:75237:6: error: ‘aie2_upd_I64_I32’ was not declared in this scope
75237 |     {aie2_upd_I64_I32, 5407}, // __builtin_aiev2_upd_I64_I32
      |      ^~~~~~~~~~~~~~~~
/home/jtuyls/iree-ai/llvm-aie-port/build/include/llvm/IR/IntrinsicImpl.inc:75238:6: error: ‘aie2_upd_bf1024_bf256’ was not declared in this scope
75238 |     {aie2_upd_bf1024_bf256, 5419}, // __builtin_aiev2_upd_bf1024_bf256
      |      ^~~~~~~~~~~~~~~~~~~~~
/home/jtuyls/iree-ai/llvm-aie-port/build/include/llvm/IR/IntrinsicImpl.inc:75239:6: error: ‘aie2_upd_bf1024_bf512’ was not declared in this scope
75239 |     {aie2_upd_bf1024_bf512, 5436}, // __builtin_aiev2_upd_bf1024_bf512
      |      ^~~~~~~~~~~~~~~~~~~~~
/home/jtuyls/iree-ai/llvm-aie-port/build/include/llvm/IR/IntrinsicImpl.inc:75240:6: error: ‘aie2_upd_bf512_bf256’ was not declared in this scope
75240 |     {aie2_upd_bf512_bf256, 5453}, // __builtin_aiev2_upd_bf512_bf256
      |      ^~~~~~~~~~~~~~~~~~~~
/home/jtuyls/iree-ai/llvm-aie-port/build/include/llvm/IR/IntrinsicImpl.inc:75241:6: error: ‘aie2_v128int8’ was not declared in this scope
75241 |     {aie2_v128int8, 5469}, // __builtin_aiev2_v128int8
      |      ^~~~~~~~~~~~~
/home/jtuyls/iree-ai/llvm-aie-port/build/include/llvm/IR/IntrinsicImpl.inc:75242:6: error: ‘aie2_v16acc32’ was not declared in this scope
75242 |     {aie2_v16acc32, 5478}, // __builtin_aiev2_v16acc32
      |      ^~~~~~~~~~~~~
/home/jtuyls/iree-ai/llvm-aie-port/build/include/llvm/IR/IntrinsicImpl.inc:75243:6: error: ‘aie2_v16acc64’ was not declared in this scope
75243 |     {aie2_v16acc64, 5487}, // __builtin_aiev2_v16acc64
      |      ^~~~~~~~~~~~~
/home/jtuyls/iree-ai/llvm-aie-port/build/include/llvm/IR/IntrinsicImpl.inc:75244:6: error: ‘aie2_v16accfloat’ was not declared in this scope
75244 |     {aie2_v16accfloat, 5496}, // __builtin_aiev2_v16accfloat
      |      ^~~~~~~~~~~~~~~~
/home/jtuyls/iree-ai/llvm-aie-port/build/include/llvm/IR/IntrinsicImpl.inc:75245:6: error: ‘aie2_v16accfloat_to_v16bf16’ was not declared in this scope
75245 |     {aie2_v16accfloat_to_v16bf16, 5508}, // __builtin_aiev2_v16accfloat_to_v16bf16
      |      ^~~~~~~~~~~~~~~~~~~~~~~~~~~
/home/jtuyls/iree-ai/llvm-aie-port/build/include/llvm/IR/IntrinsicImpl.inc:75246:6: error: ‘aie2_v16bf16_to_v16accfloat’ was not declared in this scope
75246 |     {aie2_v16bf16_to_v16accfloat, 5531}, // __builtin_aiev2_v16bf16_to_v16accfloat
      |      ^~~~~~~~~~~~~~~~~~~~~~~~~~~
/home/jtuyls/iree-ai/llvm-aie-port/build/include/llvm/IR/IntrinsicImpl.inc:75247:6: error: ‘aie2_v16bf16_to_v16i32’ was not declared in this scope
75247 |     {aie2_v16bf16_to_v16i32, 5554}, // __builtin_aiev2_v16bf16_to_v16i32
      |      ^~~~~~~~~~~~~~~~~~~~~~
/home/jtuyls/iree-ai/llvm-aie-port/build/include/llvm/IR/IntrinsicImpl.inc:75248:6: error: ‘aie2_v16bfloat16’ was not declared in this scope
75248 |     {aie2_v16bfloat16, 5572}, // __builtin_aiev2_v16bfloat16
      |      ^~~~~~~~~~~~~~~~
/home/jtuyls/iree-ai/llvm-aie-port/build/include/llvm/IR/IntrinsicImpl.inc:75249:6: error: ‘aie2_v16float’ was not declared in this scope
75249 |     {aie2_v16float, 5584}, // __builtin_aiev2_v16float
      |      ^~~~~~~~~~~~~
/home/jtuyls/iree-ai/llvm-aie-port/build/include/llvm/IR/IntrinsicImpl.inc:75250:6: error: ‘aie2_v16int16’ was not declared in this scope
75250 |     {aie2_v16int16, 5593}, // __builtin_aiev2_v16int16
      |      ^~~~~~~~~~~~~
/home/jtuyls/iree-ai/llvm-aie-port/build/include/llvm/IR/IntrinsicImpl.inc:75251:6: error: ‘aie2_v16int32’ was not declared in this scope
75251 |     {aie2_v16int32, 5602}, // __builtin_aiev2_v16int32
      |      ^~~~~~~~~~~~~
/home/jtuyls/iree-ai/llvm-aie-port/build/include/llvm/IR/IntrinsicImpl.inc:75252:6: error: ‘aie2_v16int8’ was not declared in this scope
75252 |     {aie2_v16int8, 5611}, // __builtin_aiev2_v16int8
      |      ^~~~~~~~~~~~
/home/jtuyls/iree-ai/llvm-aie-port/build/include/llvm/IR/IntrinsicImpl.inc:75253:6: error: ‘aie2_v32acc32’ was not declared in this scope
75253 |     {aie2_v32acc32, 5619}, // __builtin_aiev2_v32acc32
      |      ^~~~~~~~~~~~~
/home/jtuyls/iree-ai/llvm-aie-port/build/include/llvm/IR/IntrinsicImpl.inc:75254:6: error: ‘aie2_v32accfloat’ was not declared in this scope
75254 |     {aie2_v32accfloat, 5628}, // __builtin_aiev2_v32accfloat
      |      ^~~~~~~~~~~~~~~~
/home/jtuyls/iree-ai/llvm-aie-port/build/include/llvm/IR/IntrinsicImpl.inc:75255:6: error: ‘aie2_v32bfloat16’ was not declared in this scope
75255 |     {aie2_v32bfloat16, 5640}, // __builtin_aiev2_v32bfloat16
      |      ^~~~~~~~~~~~~~~~
/home/jtuyls/iree-ai/llvm-aie-port/build/include/llvm/IR/IntrinsicImpl.inc:75256:6: error: ‘aie2_v32float’ was not declared in this scope
75256 |     {aie2_v32float, 5652}, // __builtin_aiev2_v32float
      |      ^~~~~~~~~~~~~
/home/jtuyls/iree-ai/llvm-aie-port/build/include/llvm/IR/IntrinsicImpl.inc:75257:6: error: ‘aie2_v32int16’ was not declared in this scope
75257 |     {aie2_v32int16, 5661}, // __builtin_aiev2_v32int16
      |      ^~~~~~~~~~~~~
/home/jtuyls/iree-ai/llvm-aie-port/build/include/llvm/IR/IntrinsicImpl.inc:75258:6: error: ‘aie2_v32int32’ was not declared in this scope
75258 |     {aie2_v32int32, 5670}, // __builtin_aiev2_v32int32
      |      ^~~~~~~~~~~~~
/home/jtuyls/iree-ai/llvm-aie-port/build/include/llvm/IR/IntrinsicImpl.inc:75259:6: error: ‘aie2_v32int8’ was not declared in this scope
75259 |     {aie2_v32int8, 5679}, // __builtin_aiev2_v32int8
      |      ^~~~~~~~~~~~
/home/jtuyls/iree-ai/llvm-aie-port/build/include/llvm/IR/IntrinsicImpl.inc:75260:6: error: ‘aie2_v4acc64’ was not declared in this scope
75260 |     {aie2_v4acc64, 5687}, // __builtin_aiev2_v4acc64
      |      ^~~~~~~~~~~~
/home/jtuyls/iree-ai/llvm-aie-port/build/include/llvm/IR/IntrinsicImpl.inc:75261:6: error: ‘aie2_v4int32’ was not declared in this scope
75261 |     {aie2_v4int32, 5695}, // __builtin_aiev2_v4int32
      |      ^~~~~~~~~~~~
/home/jtuyls/iree-ai/llvm-aie-port/build/include/llvm/IR/IntrinsicImpl.inc:75262:6: error: ‘aie2_v64bfloat16’ was not declared in this scope
75262 |     {aie2_v64bfloat16, 5703}, // __builtin_aiev2_v64bfloat16
      |      ^~~~~~~~~~~~~~~~
/home/jtuyls/iree-ai/llvm-aie-port/build/include/llvm/IR/IntrinsicImpl.inc:75263:6: error: ‘aie2_v64int16’ was not declared in this scope
75263 |     {aie2_v64int16, 5715}, // __builtin_aiev2_v64int16
      |      ^~~~~~~~~~~~~
/home/jtuyls/iree-ai/llvm-aie-port/build/include/llvm/IR/IntrinsicImpl.inc:75264:6: error: ‘aie2_v64int8’ was not declared in this scope
75264 |     {aie2_v64int8, 5724}, // __builtin_aiev2_v64int8
      |      ^~~~~~~~~~~~
/home/jtuyls/iree-ai/llvm-aie-port/build/include/llvm/IR/IntrinsicImpl.inc:75265:6: error: ‘aie2_v8acc32’ was not declared in this scope
75265 |     {aie2_v8acc32, 5732}, // __builtin_aiev2_v8acc32
      |      ^~~~~~~~~~~~
/home/jtuyls/iree-ai/llvm-aie-port/build/include/llvm/IR/IntrinsicImpl.inc:75266:6: error: ‘aie2_v8acc64’ was not declared in this scope
75266 |     {aie2_v8acc64, 5740}, // __builtin_aiev2_v8acc64
      |      ^~~~~~~~~~~~
/home/jtuyls/iree-ai/llvm-aie-port/build/include/llvm/IR/IntrinsicImpl.inc:75267:6: error: ‘aie2_v8accfloat’ was not declared in this scope
75267 |     {aie2_v8accfloat, 5748}, // __builtin_aiev2_v8accfloat
      |      ^~~~~~~~~~~~~~~
/home/jtuyls/iree-ai/llvm-aie-port/build/include/llvm/IR/IntrinsicImpl.inc:75268:6: error: ‘aie2_v8bfloat16’ was not declared in this scope
75268 |     {aie2_v8bfloat16, 5759}, // __builtin_aiev2_v8bfloat16
      |      ^~~~~~~~~~~~~~~
/home/jtuyls/iree-ai/llvm-aie-port/build/include/llvm/IR/IntrinsicImpl.inc:75269:6: error: ‘aie2_v8float’ was not declared in this scope
75269 |     {aie2_v8float, 5770}, // __builtin_aiev2_v8float
      |      ^~~~~~~~~~~~
/home/jtuyls/iree-ai/llvm-aie-port/build/include/llvm/IR/IntrinsicImpl.inc:75270:6: error: ‘aie2_v8int16’ was not declared in this scope
75270 |     {aie2_v8int16, 5778}, // __builtin_aiev2_v8int16
      |      ^~~~~~~~~~~~
/home/jtuyls/iree-ai/llvm-aie-port/build/include/llvm/IR/IntrinsicImpl.inc:75271:6: error: ‘aie2_v8int32’ was not declared in this scope
75271 |     {aie2_v8int32, 5786}, // __builtin_aiev2_v8int32
      |      ^~~~~~~~~~~~
/home/jtuyls/iree-ai/llvm-aie-port/build/include/llvm/IR/IntrinsicImpl.inc:75272:6: error: ‘aie2_vaddsub16’ was not declared in this scope
75272 |     {aie2_vaddsub16, 5794}, // __builtin_aiev2_vaddsub16
      |      ^~~~~~~~~~~~~~
/home/jtuyls/iree-ai/llvm-aie-port/build/include/llvm/IR/IntrinsicImpl.inc:75273:6: error: ‘aie2_vaddsub32’ was not declared in this scope
75273 |     {aie2_vaddsub32, 5804}, // __builtin_aiev2_vaddsub32
      |      ^~~~~~~~~~~~~~
/home/jtuyls/iree-ai/llvm-aie-port/build/include/llvm/IR/IntrinsicImpl.inc:75274:6: error: ‘aie2_vaddsub8’ was not declared in this scope
75274 |     {aie2_vaddsub8, 5814}, // __builtin_aiev2_vaddsub8
      |      ^~~~~~~~~~~~~
/home/jtuyls/iree-ai/llvm-aie-port/build/include/llvm/IR/IntrinsicImpl.inc:75275:6: error: ‘aie2_vbcst_shuffle16’ was not declared in this scope
75275 |     {aie2_vbcst_shuffle16, 5823}, // __builtin_aiev2_vbcst_shuffle16
      |      ^~~~~~~~~~~~~~~~~~~~
/home/jtuyls/iree-ai/llvm-aie-port/build/include/llvm/IR/IntrinsicImpl.inc:75276:6: error: ‘aie2_vbcst_shuffle32’ was not declared in this scope
75276 |     {aie2_vbcst_shuffle32, 5839}, // __builtin_aiev2_vbcst_shuffle32
      |      ^~~~~~~~~~~~~~~~~~~~
/home/jtuyls/iree-ai/llvm-aie-port/build/include/llvm/IR/IntrinsicImpl.inc:75277:6: error: ‘aie2_vbcst_shuffle64’ was not declared in this scope
75277 |     {aie2_vbcst_shuffle64, 5855}, // __builtin_aiev2_vbcst_shuffle64
      |      ^~~~~~~~~~~~~~~~~~~~
/home/jtuyls/iree-ai/llvm-aie-port/build/include/llvm/IR/IntrinsicImpl.inc:75278:6: error: ‘aie2_vbcst_shuffle8’ was not declared in this scope
75278 |     {aie2_vbcst_shuffle8, 5871}, // __builtin_aiev2_vbcst_shuffle8
      |      ^~~~~~~~~~~~~~~~~~~
/home/jtuyls/iree-ai/llvm-aie-port/build/include/llvm/IR/IntrinsicImpl.inc:75279:6: error: ‘aie2_vbcst_shuffle_bf16’ was not declared in this scope
75279 |     {aie2_vbcst_shuffle_bf16, 5886}, // __builtin_aiev2_vbcst_shuffle_bf16
      |      ^~~~~~~~~~~~~~~~~~~~~~~
/home/jtuyls/iree-ai/llvm-aie-port/build/include/llvm/IR/IntrinsicImpl.inc:75280:6: error: ‘aie2_vbroadcast16_I512’ was not declared in this scope
75280 |     {aie2_vbroadcast16_I512, 5905}, // __builtin_aiev2_vbroadcast16_I512
      |      ^~~~~~~~~~~~~~~~~~~~~~
/home/jtuyls/iree-ai/llvm-aie-port/build/include/llvm/IR/IntrinsicImpl.inc:75281:6: error: ‘aie2_vbroadcast32_I512’ was not declared in this scope
75281 |     {aie2_vbroadcast32_I512, 5923}, // __builtin_aiev2_vbroadcast32_I512
      |      ^~~~~~~~~~~~~~~~~~~~~~
/home/jtuyls/iree-ai/llvm-aie-port/build/include/llvm/IR/IntrinsicImpl.inc:75282:6: error: ‘aie2_vbroadcast64_I512’ was not declared in this scope
75282 |     {aie2_vbroadcast64_I512, 5941}, // __builtin_aiev2_vbroadcast64_I512
      |      ^~~~~~~~~~~~~~~~~~~~~~
/home/jtuyls/iree-ai/llvm-aie-port/build/include/llvm/IR/IntrinsicImpl.inc:75283:6: error: ‘aie2_vbroadcast8_I512’ was not declared in this scope
75283 |     {aie2_vbroadcast8_I512, 5959}, // __builtin_aiev2_vbroadcast8_I512
      |      ^~~~~~~~~~~~~~~~~~~~~
/home/jtuyls/iree-ai/llvm-aie-port/build/include/llvm/IR/IntrinsicImpl.inc:75284:6: error: ‘aie2_vbroadcast16_bf512’ was not declared in this scope
75284 |     {aie2_vbroadcast16_bf512, 5976}, // __builtin_aiev2_vbroadcast_bf16_bf512
      |      ^~~~~~~~~~~~~~~~~~~~~~~
/home/jtuyls/iree-ai/llvm-aie-port/build/include/llvm/IR/IntrinsicImpl.inc:75285:6: error: ‘aie2_vbroadcast32_bf512’ was not declared in this scope
75285 |     {aie2_vbroadcast32_bf512, 5998}, // __builtin_aiev2_vbroadcast_bf32_bf512
      |      ^~~~~~~~~~~~~~~~~~~~~~~
/home/jtuyls/iree-ai/llvm-aie-port/build/include/llvm/IR/IntrinsicImpl.inc:75286:6: error: ‘aie2_vbroadcast64_bf512’ was not declared in this scope
75286 |     {aie2_vbroadcast64_bf512, 6020}, // __builtin_aiev2_vbroadcast_bf64_bf512
      |      ^~~~~~~~~~~~~~~~~~~~~~~
/home/jtuyls/iree-ai/llvm-aie-port/build/include/llvm/IR/IntrinsicImpl.inc:75287:6: error: ‘aie2_vbroadcast_zero_acc1024’ was not declared in this scope
75287 |     {aie2_vbroadcast_zero_acc1024, 6042}, // __builtin_aiev2_vbroadcast_zero_acc1024
      |      ^~~~~~~~~~~~~~~~~~~~~~~~~~~~
/home/jtuyls/iree-ai/llvm-aie-port/build/include/llvm/IR/IntrinsicImpl.inc:75288:6: error: ‘aie2_veqz16’ was not declared in this scope
75288 |     {aie2_veqz16, 6066}, // __builtin_aiev2_veqz16
      |      ^~~~~~~~~~~
/home/jtuyls/iree-ai/llvm-aie-port/build/include/llvm/IR/IntrinsicImpl.inc:75289:6: error: ‘aie2_veqz32’ was not declared in this scope
75289 |     {aie2_veqz32, 6073}, // __builtin_aiev2_veqz32
      |      ^~~~~~~~~~~
/home/jtuyls/iree-ai/llvm-aie-port/build/include/llvm/IR/IntrinsicImpl.inc:75290:6: error: ‘aie2_veqz8’ was not declared in this scope
75290 |     {aie2_veqz8, 6080}, // __builtin_aiev2_veqz8
      |      ^~~~~~~~~~
/home/jtuyls/iree-ai/llvm-aie-port/build/include/llvm/IR/IntrinsicImpl.inc:75291:6: error: ‘aie2_vextract_broadcast16_I512’ was not declared in this scope
75291 |     {aie2_vextract_broadcast16_I512, 6086}, // __builtin_aiev2_vextract_broadcast16_I512
      |      ^~~~~~~~~~~~~~~~~~~~~~~~~~~~~~
/home/jtuyls/iree-ai/llvm-aie-port/build/include/llvm/IR/IntrinsicImpl.inc:75292:6: error: ‘aie2_vextract_broadcast32_I512’ was not declared in this scope
75292 |     {aie2_vextract_broadcast32_I512, 6112}, // __builtin_aiev2_vextract_broadcast32_I512
      |      ^~~~~~~~~~~~~~~~~~~~~~~~~~~~~~
/home/jtuyls/iree-ai/llvm-aie-port/build/include/llvm/IR/IntrinsicImpl.inc:75293:6: error: ‘aie2_vextract_broadcast8_I512’ was not declared in this scope
75293 |     {aie2_vextract_broadcast8_I512, 6138}, // __builtin_aiev2_vextract_broadcast8_I512
      |      ^~~~~~~~~~~~~~~~~~~~~~~~~~~~~
/home/jtuyls/iree-ai/llvm-aie-port/build/include/llvm/IR/IntrinsicImpl.inc:75294:6: error: ‘aie2_vextract_broadcast32_bf512’ was not declared in this scope
75294 |     {aie2_vextract_broadcast32_bf512, 6163}, // __builtin_aiev2_vextract_broadcast_bf32_bf512
      |      ^~~~~~~~~~~~~~~~~~~~~~~~~~~~~~~
/home/jtuyls/iree-ai/llvm-aie-port/build/include/llvm/IR/IntrinsicImpl.inc:75295:6: error: ‘aie2_vextract_elem16_I512’ was not declared in this scope
75295 |     {aie2_vextract_elem16_I512, 6193}, // __builtin_aiev2_vextract_elem16_I512
      |      ^~~~~~~~~~~~~~~~~~~~~~~~~
/home/jtuyls/iree-ai/llvm-aie-port/build/include/llvm/IR/IntrinsicImpl.inc:75296:6: error: ‘aie2_vextract_elem32_I512’ was not declared in this scope
75296 |     {aie2_vextract_elem32_I512, 6214}, // __builtin_aiev2_vextract_elem32_I512
      |      ^~~~~~~~~~~~~~~~~~~~~~~~~
/home/jtuyls/iree-ai/llvm-aie-port/build/include/llvm/IR/IntrinsicImpl.inc:75297:6: error: ‘aie2_vextract_elem64_I512’ was not declared in this scope
75297 |     {aie2_vextract_elem64_I512, 6235}, // __builtin_aiev2_vextract_elem64_I512
      |      ^~~~~~~~~~~~~~~~~~~~~~~~~
/home/jtuyls/iree-ai/llvm-aie-port/build/include/llvm/IR/IntrinsicImpl.inc:75298:6: error: ‘aie2_vextract_elem8_I512’ was not declared in this scope
75298 |     {aie2_vextract_elem8_I512, 6256}, // __builtin_aiev2_vextract_elem8_I512
      |      ^~~~~~~~~~~~~~~~~~~~~~~~
/home/jtuyls/iree-ai/llvm-aie-port/build/include/llvm/IR/IntrinsicImpl.inc:75299:6: error: ‘aie2_vge16’ was not declared in this scope
75299 |     {aie2_vge16, 6276}, // __builtin_aiev2_vge16
      |      ^~~~~~~~~~
/home/jtuyls/iree-ai/llvm-aie-port/build/include/llvm/IR/IntrinsicImpl.inc:75300:6: error: ‘aie2_vge32’ was not declared in this scope
75300 |     {aie2_vge32, 6282}, // __builtin_aiev2_vge32
      |      ^~~~~~~~~~
/home/jtuyls/iree-ai/llvm-aie-port/build/include/llvm/IR/IntrinsicImpl.inc:75301:6: error: ‘aie2_vge8’ was not declared in this scope
75301 |     {aie2_vge8, 6288}, // __builtin_aiev2_vge8
      |      ^~~~~~~~~
/home/jtuyls/iree-ai/llvm-aie-port/build/include/llvm/IR/IntrinsicImpl.inc:75302:6: error: ‘aie2_vgebf16’ was not declared in this scope
75302 |     {aie2_vgebf16, 6293}, // __builtin_aiev2_vgebf16
      |      ^~~~~~~~~~~~
/home/jtuyls/iree-ai/llvm-aie-port/build/include/llvm/IR/IntrinsicImpl.inc:75303:6: error: ‘aie2_vinsert16_I512’ was not declared in this scope
75303 |     {aie2_vinsert16_I512, 6301}, // __builtin_aiev2_vinsert16_I512
      |      ^~~~~~~~~~~~~~~~~~~
/home/jtuyls/iree-ai/llvm-aie-port/build/include/llvm/IR/IntrinsicImpl.inc:75304:6: error: ‘aie2_vinsert32_I512’ was not declared in this scope
75304 |     {aie2_vinsert32_I512, 6316}, // __builtin_aiev2_vinsert32_I512
      |      ^~~~~~~~~~~~~~~~~~~
/home/jtuyls/iree-ai/llvm-aie-port/build/include/llvm/IR/IntrinsicImpl.inc:75305:6: error: ‘aie2_vinsert32_accfloat’ was not declared in this scope
75305 |     {aie2_vinsert32_accfloat, 6331}, // __builtin_aiev2_vinsert32_accfloat
      |      ^~~~~~~~~~~~~~~~~~~~~~~
/home/jtuyls/iree-ai/llvm-aie-port/build/include/llvm/IR/IntrinsicImpl.inc:75306:6: error: ‘aie2_vinsert64_I512’ was not declared in this scope
75306 |     {aie2_vinsert64_I512, 6350}, // __builtin_aiev2_vinsert64_I512
      |      ^~~~~~~~~~~~~~~~~~~
/home/jtuyls/iree-ai/llvm-aie-port/build/include/llvm/IR/IntrinsicImpl.inc:75307:6: error: ‘aie2_vinsert8_I512’ was not declared in this scope
75307 |     {aie2_vinsert8_I512, 6365}, // __builtin_aiev2_vinsert8_I512
      |      ^~~~~~~~~~~~~~~~~~
/home/jtuyls/iree-ai/llvm-aie-port/build/include/llvm/IR/IntrinsicImpl.inc:75308:6: error: ‘aie2_vinsert16_bf512’ was not declared in this scope
75308 |     {aie2_vinsert16_bf512, 6379}, // __builtin_aiev2_vinsert_bf16_bf512
      |      ^~~~~~~~~~~~~~~~~~~~
/home/jtuyls/iree-ai/llvm-aie-port/build/include/llvm/IR/IntrinsicImpl.inc:75309:6: error: ‘aie2_vinsert32_bf512’ was not declared in this scope
75309 |     {aie2_vinsert32_bf512, 6398}, // __builtin_aiev2_vinsert_bf32_bf512
      |      ^~~~~~~~~~~~~~~~~~~~
/home/jtuyls/iree-ai/llvm-aie-port/build/include/llvm/IR/IntrinsicImpl.inc:75310:6: error: ‘aie2_vinsert64_bf512’ was not declared in this scope
75310 |     {aie2_vinsert64_bf512, 6417}, // __builtin_aiev2_vinsert_bf64_bf512
      |      ^~~~~~~~~~~~~~~~~~~~
/home/jtuyls/iree-ai/llvm-aie-port/build/include/llvm/IR/IntrinsicImpl.inc:75311:6: error: ‘aie2_vlt16’ was not declared in this scope
75311 |     {aie2_vlt16, 6436}, // __builtin_aiev2_vlt16
      |      ^~~~~~~~~~
/home/jtuyls/iree-ai/llvm-aie-port/build/include/llvm/IR/IntrinsicImpl.inc:75312:6: error: ‘aie2_vlt32’ was not declared in this scope
75312 |     {aie2_vlt32, 6442}, // __builtin_aiev2_vlt32
      |      ^~~~~~~~~~
/home/jtuyls/iree-ai/llvm-aie-port/build/include/llvm/IR/IntrinsicImpl.inc:75313:6: error: ‘aie2_vlt8’ was not declared in this scope
75313 |     {aie2_vlt8, 6448}, // __builtin_aiev2_vlt8
      |      ^~~~~~~~~
/home/jtuyls/iree-ai/llvm-aie-port/build/include/llvm/IR/IntrinsicImpl.inc:75314:6: error: ‘aie2_vltbf16’ was not declared in this scope
75314 |     {aie2_vltbf16, 6453}, // __builtin_aiev2_vltbf16
      |      ^~~~~~~~~~~~
/home/jtuyls/iree-ai/llvm-aie-port/build/include/llvm/IR/IntrinsicImpl.inc:75315:6: error: ‘aie2_vsel16’ was not declared in this scope
75315 |     {aie2_vsel16, 6461}, // __builtin_aiev2_vsel16
      |      ^~~~~~~~~~~
/home/jtuyls/iree-ai/llvm-aie-port/build/include/llvm/IR/IntrinsicImpl.inc:75316:6: error: ‘aie2_vsel32’ was not declared in this scope
75316 |     {aie2_vsel32, 6468}, // __builtin_aiev2_vsel32
      |      ^~~~~~~~~~~
/home/jtuyls/iree-ai/llvm-aie-port/build/include/llvm/IR/IntrinsicImpl.inc:75317:6: error: ‘aie2_vsel8’ was not declared in this scope
75317 |     {aie2_vsel8, 6475}, // __builtin_aiev2_vsel8
      |      ^~~~~~~~~~
/home/jtuyls/iree-ai/llvm-aie-port/build/include/llvm/IR/IntrinsicImpl.inc:75318:6: error: ‘aie2_vshift_I512_I512’ was not declared in this scope
75318 |     {aie2_vshift_I512_I512, 6481}, // __builtin_aiev2_vshift_I512_I512
      |      ^~~~~~~~~~~~~~~~~~~~~
/home/jtuyls/iree-ai/llvm-aie-port/build/include/llvm/IR/IntrinsicImpl.inc:75319:6: error: ‘aie2_vshift_bf512_bf512’ was not declared in this scope
75319 |     {aie2_vshift_bf512_bf512, 6498}, // __builtin_aiev2_vshift_bf512_bf512
      |      ^~~~~~~~~~~~~~~~~~~~~~~
/home/jtuyls/iree-ai/llvm-aie-port/build/include/llvm/IR/IntrinsicImpl.inc:75320:6: error: ‘aie2_vshuffle’ was not declared in this scope
75320 |     {aie2_vshuffle, 6517}, // __builtin_aiev2_vshuffle
      |      ^~~~~~~~~~~~~
/home/jtuyls/iree-ai/llvm-aie-port/build/include/llvm/IR/IntrinsicImpl.inc:75321:6: error: ‘aie2_vshuffle_bf16’ was not declared in this scope
75321 |     {aie2_vshuffle_bf16, 6526}, // __builtin_aiev2_vshuffle_bf16
      |      ^~~~~~~~~~~~~~~~~~
/home/jtuyls/iree-ai/llvm-aie-port/build/include/llvm/IR/IntrinsicImpl.inc:75322:6: error: ‘aie2_write_tm’ was not declared in this scope
75322 |     {aie2_write_tm, 6540}, // __builtin_aiev2_write_tm
      |      ^~~~~~~~~~~~~
/home/jtuyls/iree-ai/llvm-aie-port/build/include/llvm/IR/IntrinsicImpl.inc:75327:6: error: ‘aie2p_ACC2048_accfloat_add_conf’ was not declared in this scope
75327 |     {aie2p_ACC2048_accfloat_add_conf, 6549}, // __builtin_aie2p_ACC2048_accfloat_add_conf
      |      ^~~~~~~~~~~~~~~~~~~~~~~~~~~~~~~
/home/jtuyls/iree-ai/llvm-aie-port/build/include/llvm/IR/IntrinsicImpl.inc:75328:6: error: ‘aie2p_ACC2048_accfloat_neg_conf’ was not declared in this scope
75328 |     {aie2p_ACC2048_accfloat_neg_conf, 6578}, // __builtin_aie2p_ACC2048_accfloat_neg_conf
      |      ^~~~~~~~~~~~~~~~~~~~~~~~~~~~~~~
/home/jtuyls/iree-ai/llvm-aie-port/build/include/llvm/IR/IntrinsicImpl.inc:75329:6: error: ‘aie2p_ACC2048_accfloat_sub_conf’ was not declared in this scope
75329 |     {aie2p_ACC2048_accfloat_sub_conf, 6607}, // __builtin_aie2p_ACC2048_accfloat_sub_conf
      |      ^~~~~~~~~~~~~~~~~~~~~~~~~~~~~~~
/home/jtuyls/iree-ai/llvm-aie-port/build/include/llvm/IR/IntrinsicImpl.inc:75330:6: error: ‘aie2p_ACC2048_add_conf’ was not declared in this scope
75330 |     {aie2p_ACC2048_add_conf, 6636}, // __builtin_aie2p_ACC2048_add_conf
      |      ^~~~~~~~~~~~~~~~~~~~~~
/home/jtuyls/iree-ai/llvm-aie-port/build/include/llvm/IR/IntrinsicImpl.inc:75331:6: error: ‘aie2p_ACC2048_neg_conf’ was not declared in this scope
75331 |     {aie2p_ACC2048_neg_conf, 6656}, // __builtin_aie2p_ACC2048_neg_conf
      |      ^~~~~~~~~~~~~~~~~~~~~~
/home/jtuyls/iree-ai/llvm-aie-port/build/include/llvm/IR/IntrinsicImpl.inc:75332:6: error: ‘aie2p_ACC2048_sub_conf’ was not declared in this scope
75332 |     {aie2p_ACC2048_sub_conf, 6676}, // __builtin_aie2p_ACC2048_sub_conf
      |      ^~~~~~~~~~~~~~~~~~~~~~
/home/jtuyls/iree-ai/llvm-aie-port/build/include/llvm/IR/IntrinsicImpl.inc:75333:6: error: ‘aie2p_BFP576_BFP1152_ACC2048_addmac_conf’ was not declared in this scope
75333 |     {aie2p_BFP576_BFP1152_ACC2048_addmac_conf, 6696}, // __builtin_aie2p_BFP576_BFP1152_ACC2048_addmac_conf
      |      ^~~~~~~~~~~~~~~~~~~~~~~~~~~~~~~~~~~~~~~~
/home/jtuyls/iree-ai/llvm-aie-port/build/include/llvm/IR/IntrinsicImpl.inc:75334:6: error: ‘aie2p_BFP576_BFP1152_ACC2048_addmsc_conf’ was not declared in this scope
75334 |     {aie2p_BFP576_BFP1152_ACC2048_addmsc_conf, 6734}, // __builtin_aie2p_BFP576_BFP1152_ACC2048_addmsc_conf
      |      ^~~~~~~~~~~~~~~~~~~~~~~~~~~~~~~~~~~~~~~~
/home/jtuyls/iree-ai/llvm-aie-port/build/include/llvm/IR/IntrinsicImpl.inc:75335:6: error: ‘aie2p_BFP576_BFP1152_ACC2048_mac_conf’ was not declared in this scope
75335 |     {aie2p_BFP576_BFP1152_ACC2048_mac_conf, 6772}, // __builtin_aie2p_BFP576_BFP1152_ACC2048_mac_conf
      |      ^~~~~~~~~~~~~~~~~~~~~~~~~~~~~~~~~~~~~
/home/jtuyls/iree-ai/llvm-aie-port/build/include/llvm/IR/IntrinsicImpl.inc:75336:6: error: ‘aie2p_BFP576_BFP1152_ACC2048_msc_conf’ was not declared in this scope
75336 |     {aie2p_BFP576_BFP1152_ACC2048_msc_conf, 6807}, // __builtin_aie2p_BFP576_BFP1152_ACC2048_msc_conf
      |      ^~~~~~~~~~~~~~~~~~~~~~~~~~~~~~~~~~~~~
/home/jtuyls/iree-ai/llvm-aie-port/build/include/llvm/IR/IntrinsicImpl.inc:75337:6: error: ‘aie2p_BFP576_BFP1152_ACC2048_mul_conf’ was not declared in this scope
75337 |     {aie2p_BFP576_BFP1152_ACC2048_mul_conf, 6842}, // __builtin_aie2p_BFP576_BFP1152_ACC2048_mul_conf
      |      ^~~~~~~~~~~~~~~~~~~~~~~~~~~~~~~~~~~~~
/home/jtuyls/iree-ai/llvm-aie-port/build/include/llvm/IR/IntrinsicImpl.inc:75338:6: error: ‘aie2p_BFP576_BFP1152_ACC2048_negmul_conf’ was not declared in this scope
75338 |     {aie2p_BFP576_BFP1152_ACC2048_negmul_conf, 6877}, // __builtin_aie2p_BFP576_BFP1152_ACC2048_negmul_conf
      |      ^~~~~~~~~~~~~~~~~~~~~~~~~~~~~~~~~~~~~~~~
/home/jtuyls/iree-ai/llvm-aie-port/build/include/llvm/IR/IntrinsicImpl.inc:75339:6: error: ‘aie2p_BFP576_BFP576_ACC2048_addmac_conf’ was not declared in this scope
75339 |     {aie2p_BFP576_BFP576_ACC2048_addmac_conf, 6915}, // __builtin_aie2p_BFP576_BFP576_ACC2048_addmac_conf
      |      ^~~~~~~~~~~~~~~~~~~~~~~~~~~~~~~~~~~~~~~
/home/jtuyls/iree-ai/llvm-aie-port/build/include/llvm/IR/IntrinsicImpl.inc:75340:6: error: ‘aie2p_BFP576_BFP576_ACC2048_addmsc_conf’ was not declared in this scope
75340 |     {aie2p_BFP576_BFP576_ACC2048_addmsc_conf, 6952}, // __builtin_aie2p_BFP576_BFP576_ACC2048_addmsc_conf
      |      ^~~~~~~~~~~~~~~~~~~~~~~~~~~~~~~~~~~~~~~
/home/jtuyls/iree-ai/llvm-aie-port/build/include/llvm/IR/IntrinsicImpl.inc:75341:6: error: ‘aie2p_BFP576_BFP576_ACC2048_mac_conf’ was not declared in this scope
75341 |     {aie2p_BFP576_BFP576_ACC2048_mac_conf, 6989}, // __builtin_aie2p_BFP576_BFP576_ACC2048_mac_conf
      |      ^~~~~~~~~~~~~~~~~~~~~~~~~~~~~~~~~~~~
/home/jtuyls/iree-ai/llvm-aie-port/build/include/llvm/IR/IntrinsicImpl.inc:75342:6: error: ‘aie2p_BFP576_BFP576_ACC2048_msc_conf’ was not declared in this scope
75342 |     {aie2p_BFP576_BFP576_ACC2048_msc_conf, 7023}, // __builtin_aie2p_BFP576_BFP576_ACC2048_msc_conf
      |      ^~~~~~~~~~~~~~~~~~~~~~~~~~~~~~~~~~~~
/home/jtuyls/iree-ai/llvm-aie-port/build/include/llvm/IR/IntrinsicImpl.inc:75343:6: error: ‘aie2p_BFP576_BFP576_ACC2048_mul_conf’ was not declared in this scope
75343 |     {aie2p_BFP576_BFP576_ACC2048_mul_conf, 7057}, // __builtin_aie2p_BFP576_BFP576_ACC2048_mul_conf
      |      ^~~~~~~~~~~~~~~~~~~~~~~~~~~~~~~~~~~~
/home/jtuyls/iree-ai/llvm-aie-port/build/include/llvm/IR/IntrinsicImpl.inc:75344:6: error: ‘aie2p_BFP576_BFP576_ACC2048_negmul_conf’ was not declared in this scope
75344 |     {aie2p_BFP576_BFP576_ACC2048_negmul_conf, 7091}, // __builtin_aie2p_BFP576_BFP576_ACC2048_negmul_conf
      |      ^~~~~~~~~~~~~~~~~~~~~~~~~~~~~~~~~~~~~~~
/home/jtuyls/iree-ai/llvm-aie-port/build/include/llvm/IR/IntrinsicImpl.inc:75345:6: error: ‘aie2p_I1024_I1024_ACC2048_addmac_conf’ was not declared in this scope
75345 |     {aie2p_I1024_I1024_ACC2048_addmac_conf, 7128}, // __builtin_aie2p_I1024_I1024_ACC2048_addmac_conf
      |      ^~~~~~~~~~~~~~~~~~~~~~~~~~~~~~~~~~~~~
/home/jtuyls/iree-ai/llvm-aie-port/build/include/llvm/IR/IntrinsicImpl.inc:75346:6: error: ‘aie2p_I1024_I1024_ACC2048_addmsc_conf’ was not declared in this scope
75346 |     {aie2p_I1024_I1024_ACC2048_addmsc_conf, 7163}, // __builtin_aie2p_I1024_I1024_ACC2048_addmsc_conf
      |      ^~~~~~~~~~~~~~~~~~~~~~~~~~~~~~~~~~~~~
/home/jtuyls/iree-ai/llvm-aie-port/build/include/llvm/IR/IntrinsicImpl.inc:75347:6: error: ‘aie2p_I1024_I1024_ACC2048_bf_addmac_conf’ was not declared in this scope
75347 |     {aie2p_I1024_I1024_ACC2048_bf_addmac_conf, 7198}, // __builtin_aie2p_I1024_I1024_ACC2048_bf_addmac_conf
      |      ^~~~~~~~~~~~~~~~~~~~~~~~~~~~~~~~~~~~~~~~
/home/jtuyls/iree-ai/llvm-aie-port/build/include/llvm/IR/IntrinsicImpl.inc:75348:6: error: ‘aie2p_I1024_I1024_ACC2048_bf_addmsc_conf’ was not declared in this scope
75348 |     {aie2p_I1024_I1024_ACC2048_bf_addmsc_conf, 7236}, // __builtin_aie2p_I1024_I1024_ACC2048_bf_addmsc_conf
      |      ^~~~~~~~~~~~~~~~~~~~~~~~~~~~~~~~~~~~~~~~
/home/jtuyls/iree-ai/llvm-aie-port/build/include/llvm/IR/IntrinsicImpl.inc:75349:6: error: ‘aie2p_I1024_I1024_ACC2048_bf_mac_conf’ was not declared in this scope
75349 |     {aie2p_I1024_I1024_ACC2048_bf_mac_conf, 7274}, // __builtin_aie2p_I1024_I1024_ACC2048_bf_mac_conf
      |      ^~~~~~~~~~~~~~~~~~~~~~~~~~~~~~~~~~~~~
/home/jtuyls/iree-ai/llvm-aie-port/build/include/llvm/IR/IntrinsicImpl.inc:75350:6: error: ‘aie2p_I1024_I1024_ACC2048_bf_msc_conf’ was not declared in this scope
75350 |     {aie2p_I1024_I1024_ACC2048_bf_msc_conf, 7309}, // __builtin_aie2p_I1024_I1024_ACC2048_bf_msc_conf
      |      ^~~~~~~~~~~~~~~~~~~~~~~~~~~~~~~~~~~~~
/home/jtuyls/iree-ai/llvm-aie-port/build/include/llvm/IR/IntrinsicImpl.inc:75351:6: error: ‘aie2p_I1024_I1024_ACC2048_bf_mul_conf’ was not declared in this scope
75351 |     {aie2p_I1024_I1024_ACC2048_bf_mul_conf, 7344}, // __builtin_aie2p_I1024_I1024_ACC2048_bf_mul_conf
      |      ^~~~~~~~~~~~~~~~~~~~~~~~~~~~~~~~~~~~~
/home/jtuyls/iree-ai/llvm-aie-port/build/include/llvm/IR/IntrinsicImpl.inc:75352:6: error: ‘aie2p_I1024_I1024_ACC2048_bf_negmul_conf’ was not declared in this scope
75352 |     {aie2p_I1024_I1024_ACC2048_bf_negmul_conf, 7379}, // __builtin_aie2p_I1024_I1024_ACC2048_bf_negmul_conf
      |      ^~~~~~~~~~~~~~~~~~~~~~~~~~~~~~~~~~~~~~~~
/home/jtuyls/iree-ai/llvm-aie-port/build/include/llvm/IR/IntrinsicImpl.inc:75353:6: error: ‘aie2p_I1024_I1024_ACC2048_mac_conf’ was not declared in this scope
75353 |     {aie2p_I1024_I1024_ACC2048_mac_conf, 7417}, // __builtin_aie2p_I1024_I1024_ACC2048_mac_conf
      |      ^~~~~~~~~~~~~~~~~~~~~~~~~~~~~~~~~~
/home/jtuyls/iree-ai/llvm-aie-port/build/include/llvm/IR/IntrinsicImpl.inc:75354:6: error: ‘aie2p_I1024_I1024_ACC2048_msc_conf’ was not declared in this scope
75354 |     {aie2p_I1024_I1024_ACC2048_msc_conf, 7449}, // __builtin_aie2p_I1024_I1024_ACC2048_msc_conf
      |      ^~~~~~~~~~~~~~~~~~~~~~~~~~~~~~~~~~
/home/jtuyls/iree-ai/llvm-aie-port/build/include/llvm/IR/IntrinsicImpl.inc:75355:6: error: ‘aie2p_I1024_I1024_ACC2048_mul_conf’ was not declared in this scope
75355 |     {aie2p_I1024_I1024_ACC2048_mul_conf, 7481}, // __builtin_aie2p_I1024_I1024_ACC2048_mul_conf
      |      ^~~~~~~~~~~~~~~~~~~~~~~~~~~~~~~~~~
/home/jtuyls/iree-ai/llvm-aie-port/build/include/llvm/IR/IntrinsicImpl.inc:75356:6: error: ‘aie2p_I1024_I1024_ACC2048_negmul_conf’ was not declared in this scope
75356 |     {aie2p_I1024_I1024_ACC2048_negmul_conf, 7513}, // __builtin_aie2p_I1024_I1024_ACC2048_negmul_conf
      |      ^~~~~~~~~~~~~~~~~~~~~~~~~~~~~~~~~~~~~
/home/jtuyls/iree-ai/llvm-aie-port/build/include/llvm/IR/IntrinsicImpl.inc:75357:6: error: ‘aie2p_I1024_I512_ACC2048_addmac_conf’ was not declared in this scope
75357 |     {aie2p_I1024_I512_ACC2048_addmac_conf, 7548}, // __builtin_aie2p_I1024_I512_ACC2048_addmac_conf
      |      ^~~~~~~~~~~~~~~~~~~~~~~~~~~~~~~~~~~~
/home/jtuyls/iree-ai/llvm-aie-port/build/include/llvm/IR/IntrinsicImpl.inc:75358:6: error: ‘aie2p_I1024_I512_ACC2048_addmsc_conf’ was not declared in this scope
75358 |     {aie2p_I1024_I512_ACC2048_addmsc_conf, 7582}, // __builtin_aie2p_I1024_I512_ACC2048_addmsc_conf
      |      ^~~~~~~~~~~~~~~~~~~~~~~~~~~~~~~~~~~~
/home/jtuyls/iree-ai/llvm-aie-port/build/include/llvm/IR/IntrinsicImpl.inc:75359:6: error: ‘aie2p_I1024_I512_ACC2048_mac_conf’ was not declared in this scope
75359 |     {aie2p_I1024_I512_ACC2048_mac_conf, 7616}, // __builtin_aie2p_I1024_I512_ACC2048_mac_conf
      |      ^~~~~~~~~~~~~~~~~~~~~~~~~~~~~~~~~
/home/jtuyls/iree-ai/llvm-aie-port/build/include/llvm/IR/IntrinsicImpl.inc:75360:6: error: ‘aie2p_I1024_I512_ACC2048_msc_conf’ was not declared in this scope
75360 |     {aie2p_I1024_I512_ACC2048_msc_conf, 7647}, // __builtin_aie2p_I1024_I512_ACC2048_msc_conf
      |      ^~~~~~~~~~~~~~~~~~~~~~~~~~~~~~~~~
/home/jtuyls/iree-ai/llvm-aie-port/build/include/llvm/IR/IntrinsicImpl.inc:75361:6: error: ‘aie2p_I1024_I512_ACC2048_mul_conf’ was not declared in this scope
75361 |     {aie2p_I1024_I512_ACC2048_mul_conf, 7678}, // __builtin_aie2p_I1024_I512_ACC2048_mul_conf
      |      ^~~~~~~~~~~~~~~~~~~~~~~~~~~~~~~~~
/home/jtuyls/iree-ai/llvm-aie-port/build/include/llvm/IR/IntrinsicImpl.inc:75362:6: error: ‘aie2p_I1024_I512_ACC2048_negmul_conf’ was not declared in this scope
75362 |     {aie2p_I1024_I512_ACC2048_negmul_conf, 7709}, // __builtin_aie2p_I1024_I512_ACC2048_negmul_conf
      |      ^~~~~~~~~~~~~~~~~~~~~~~~~~~~~~~~~~~~
/home/jtuyls/iree-ai/llvm-aie-port/build/include/llvm/IR/IntrinsicImpl.inc:75363:6: error: ‘aie2p_I256_v16_acc32_srs’ was not declared in this scope
75363 |     {aie2p_I256_v16_acc32_srs, 7743}, // __builtin_aie2p_I256_v16_acc32_srs
      |      ^~~~~~~~~~~~~~~~~~~~~~~~
/home/jtuyls/iree-ai/llvm-aie-port/build/include/llvm/IR/IntrinsicImpl.inc:75364:6: error: ‘aie2p_I256_v16_acc64_srs’ was not declared in this scope
75364 |     {aie2p_I256_v16_acc64_srs, 7765}, // __builtin_aie2p_I256_v16_acc64_srs
      |      ^~~~~~~~~~~~~~~~~~~~~~~~
/home/jtuyls/iree-ai/llvm-aie-port/build/include/llvm/IR/IntrinsicImpl.inc:75365:6: error: ‘aie2p_I256_v32_acc32_srs’ was not declared in this scope
75365 |     {aie2p_I256_v32_acc32_srs, 7787}, // __builtin_aie2p_I256_v32_acc32_srs
      |      ^~~~~~~~~~~~~~~~~~~~~~~~
/home/jtuyls/iree-ai/llvm-aie-port/build/include/llvm/IR/IntrinsicImpl.inc:75366:6: error: ‘aie2p_I256_v8_acc64_srs’ was not declared in this scope
75366 |     {aie2p_I256_v8_acc64_srs, 7809}, // __builtin_aie2p_I256_v8_acc64_srs
      |      ^~~~~~~~~~~~~~~~~~~~~~~
/home/jtuyls/iree-ai/llvm-aie-port/build/include/llvm/IR/IntrinsicImpl.inc:75367:6: error: ‘aie2p_I512_I1024_ACC2048_addmac_conf’ was not declared in this scope
75367 |     {aie2p_I512_I1024_ACC2048_addmac_conf, 7830}, // __builtin_aie2p_I512_I1024_ACC2048_addmac_conf
      |      ^~~~~~~~~~~~~~~~~~~~~~~~~~~~~~~~~~~~
/home/jtuyls/iree-ai/llvm-aie-port/build/include/llvm/IR/IntrinsicImpl.inc:75368:6: error: ‘aie2p_I512_I1024_ACC2048_addmsc_conf’ was not declared in this scope
75368 |     {aie2p_I512_I1024_ACC2048_addmsc_conf, 7864}, // __builtin_aie2p_I512_I1024_ACC2048_addmsc_conf
      |      ^~~~~~~~~~~~~~~~~~~~~~~~~~~~~~~~~~~~
/home/jtuyls/iree-ai/llvm-aie-port/build/include/llvm/IR/IntrinsicImpl.inc:75369:6: error: ‘aie2p_I512_I1024_ACC2048_mac_conf’ was not declared in this scope
75369 |     {aie2p_I512_I1024_ACC2048_mac_conf, 7898}, // __builtin_aie2p_I512_I1024_ACC2048_mac_conf
      |      ^~~~~~~~~~~~~~~~~~~~~~~~~~~~~~~~~
/home/jtuyls/iree-ai/llvm-aie-port/build/include/llvm/IR/IntrinsicImpl.inc:75370:6: error: ‘aie2p_I512_I1024_ACC2048_msc_conf’ was not declared in this scope
75370 |     {aie2p_I512_I1024_ACC2048_msc_conf, 7929}, // __builtin_aie2p_I512_I1024_ACC2048_msc_conf
      |      ^~~~~~~~~~~~~~~~~~~~~~~~~~~~~~~~~
/home/jtuyls/iree-ai/llvm-aie-port/build/include/llvm/IR/IntrinsicImpl.inc:75371:6: error: ‘aie2p_I512_I1024_ACC2048_mul_conf’ was not declared in this scope
75371 |     {aie2p_I512_I1024_ACC2048_mul_conf, 7960}, // __builtin_aie2p_I512_I1024_ACC2048_mul_conf
      |      ^~~~~~~~~~~~~~~~~~~~~~~~~~~~~~~~~
/home/jtuyls/iree-ai/llvm-aie-port/build/include/llvm/IR/IntrinsicImpl.inc:75372:6: error: ‘aie2p_I512_I1024_ACC2048_negmul_conf’ was not declared in this scope
75372 |     {aie2p_I512_I1024_ACC2048_negmul_conf, 7991}, // __builtin_aie2p_I512_I1024_ACC2048_negmul_conf
      |      ^~~~~~~~~~~~~~~~~~~~~~~~~~~~~~~~~~~~
/home/jtuyls/iree-ai/llvm-aie-port/build/include/llvm/IR/IntrinsicImpl.inc:75373:6: error: ‘aie2p_I512_I512_ACC1024_addmac_conf’ was not declared in this scope
75373 |     {aie2p_I512_I512_ACC1024_addmac_conf, 8025}, // __builtin_aie2p_I512_I512_ACC1024_addmac_conf
      |      ^~~~~~~~~~~~~~~~~~~~~~~~~~~~~~~~~~~
/home/jtuyls/iree-ai/llvm-aie-port/build/include/llvm/IR/IntrinsicImpl.inc:75374:6: error: ‘aie2p_I512_I512_ACC1024_addmsc_conf’ was not declared in this scope
75374 |     {aie2p_I512_I512_ACC1024_addmsc_conf, 8058}, // __builtin_aie2p_I512_I512_ACC1024_addmsc_conf
      |      ^~~~~~~~~~~~~~~~~~~~~~~~~~~~~~~~~~~
/home/jtuyls/iree-ai/llvm-aie-port/build/include/llvm/IR/IntrinsicImpl.inc:75375:6: error: ‘aie2p_I512_I512_ACC1024_bf_addmac_conf’ was not declared in this scope
75375 |     {aie2p_I512_I512_ACC1024_bf_addmac_conf, 8091}, // __builtin_aie2p_I512_I512_ACC1024_bf_addmac_conf
      |      ^~~~~~~~~~~~~~~~~~~~~~~~~~~~~~~~~~~~~~
/home/jtuyls/iree-ai/llvm-aie-port/build/include/llvm/IR/IntrinsicImpl.inc:75376:6: error: ‘aie2p_I512_I512_ACC1024_bf_addmsc_conf’ was not declared in this scope
75376 |     {aie2p_I512_I512_ACC1024_bf_addmsc_conf, 8127}, // __builtin_aie2p_I512_I512_ACC1024_bf_addmsc_conf
      |      ^~~~~~~~~~~~~~~~~~~~~~~~~~~~~~~~~~~~~~
/home/jtuyls/iree-ai/llvm-aie-port/build/include/llvm/IR/IntrinsicImpl.inc:75377:6: error: ‘aie2p_I512_I512_ACC1024_bf_mac_conf’ was not declared in this scope
75377 |     {aie2p_I512_I512_ACC1024_bf_mac_conf, 8163}, // __builtin_aie2p_I512_I512_ACC1024_bf_mac_conf
      |      ^~~~~~~~~~~~~~~~~~~~~~~~~~~~~~~~~~~
/home/jtuyls/iree-ai/llvm-aie-port/build/include/llvm/IR/IntrinsicImpl.inc:75378:6: error: ‘aie2p_I512_I512_ACC1024_bf_msc_conf’ was not declared in this scope
75378 |     {aie2p_I512_I512_ACC1024_bf_msc_conf, 8196}, // __builtin_aie2p_I512_I512_ACC1024_bf_msc_conf
      |      ^~~~~~~~~~~~~~~~~~~~~~~~~~~~~~~~~~~
/home/jtuyls/iree-ai/llvm-aie-port/build/include/llvm/IR/IntrinsicImpl.inc:75379:6: error: ‘aie2p_I512_I512_ACC1024_bf_mul_conf’ was not declared in this scope
75379 |     {aie2p_I512_I512_ACC1024_bf_mul_conf, 8229}, // __builtin_aie2p_I512_I512_ACC1024_bf_mul_conf
      |      ^~~~~~~~~~~~~~~~~~~~~~~~~~~~~~~~~~~
/home/jtuyls/iree-ai/llvm-aie-port/build/include/llvm/IR/IntrinsicImpl.inc:75380:6: error: ‘aie2p_I512_I512_ACC1024_bf_negmul_conf’ was not declared in this scope
75380 |     {aie2p_I512_I512_ACC1024_bf_negmul_conf, 8262}, // __builtin_aie2p_I512_I512_ACC1024_bf_negmul_conf
      |      ^~~~~~~~~~~~~~~~~~~~~~~~~~~~~~~~~~~~~~
/home/jtuyls/iree-ai/llvm-aie-port/build/include/llvm/IR/IntrinsicImpl.inc:75381:6: error: ‘aie2p_I512_I512_ACC1024_mac_conf’ was not declared in this scope
75381 |     {aie2p_I512_I512_ACC1024_mac_conf, 8298}, // __builtin_aie2p_I512_I512_ACC1024_mac_conf
      |      ^~~~~~~~~~~~~~~~~~~~~~~~~~~~~~~~
/home/jtuyls/iree-ai/llvm-aie-port/build/include/llvm/IR/IntrinsicImpl.inc:75382:6: error: ‘aie2p_I512_I512_ACC1024_msc_conf’ was not declared in this scope
75382 |     {aie2p_I512_I512_ACC1024_msc_conf, 8328}, // __builtin_aie2p_I512_I512_ACC1024_msc_conf
      |      ^~~~~~~~~~~~~~~~~~~~~~~~~~~~~~~~
/home/jtuyls/iree-ai/llvm-aie-port/build/include/llvm/IR/IntrinsicImpl.inc:75383:6: error: ‘aie2p_I512_I512_ACC1024_mul_conf’ was not declared in this scope
75383 |     {aie2p_I512_I512_ACC1024_mul_conf, 8358}, // __builtin_aie2p_I512_I512_ACC1024_mul_conf
      |      ^~~~~~~~~~~~~~~~~~~~~~~~~~~~~~~~
/home/jtuyls/iree-ai/llvm-aie-port/build/include/llvm/IR/IntrinsicImpl.inc:75384:6: error: ‘aie2p_I512_I512_ACC1024_negmul_conf’ was not declared in this scope
75384 |     {aie2p_I512_I512_ACC1024_negmul_conf, 8388}, // __builtin_aie2p_I512_I512_ACC1024_negmul_conf
      |      ^~~~~~~~~~~~~~~~~~~~~~~~~~~~~~~~~~~
/home/jtuyls/iree-ai/llvm-aie-port/build/include/llvm/IR/IntrinsicImpl.inc:75385:6: error: ‘aie2p_I512_I512_ACC2048_addmac_conf’ was not declared in this scope
75385 |     {aie2p_I512_I512_ACC2048_addmac_conf, 8421}, // __builtin_aie2p_I512_I512_ACC2048_addmac_conf
      |      ^~~~~~~~~~~~~~~~~~~~~~~~~~~~~~~~~~~
/home/jtuyls/iree-ai/llvm-aie-port/build/include/llvm/IR/IntrinsicImpl.inc:75386:6: error: ‘aie2p_I512_I512_ACC2048_addmsc_conf’ was not declared in this scope
75386 |     {aie2p_I512_I512_ACC2048_addmsc_conf, 8454}, // __builtin_aie2p_I512_I512_ACC2048_addmsc_conf
      |      ^~~~~~~~~~~~~~~~~~~~~~~~~~~~~~~~~~~
/home/jtuyls/iree-ai/llvm-aie-port/build/include/llvm/IR/IntrinsicImpl.inc:75387:6: error: ‘aie2p_I512_I512_ACC2048_bf_addmac_conf’ was not declared in this scope
75387 |     {aie2p_I512_I512_ACC2048_bf_addmac_conf, 8487}, // __builtin_aie2p_I512_I512_ACC2048_bf_addmac_conf
      |      ^~~~~~~~~~~~~~~~~~~~~~~~~~~~~~~~~~~~~~
/home/jtuyls/iree-ai/llvm-aie-port/build/include/llvm/IR/IntrinsicImpl.inc:75388:6: error: ‘aie2p_I512_I512_ACC2048_bf_addmsc_conf’ was not declared in this scope
75388 |     {aie2p_I512_I512_ACC2048_bf_addmsc_conf, 8523}, // __builtin_aie2p_I512_I512_ACC2048_bf_addmsc_conf
      |      ^~~~~~~~~~~~~~~~~~~~~~~~~~~~~~~~~~~~~~
/home/jtuyls/iree-ai/llvm-aie-port/build/include/llvm/IR/IntrinsicImpl.inc:75389:6: error: ‘aie2p_I512_I512_ACC2048_bf_mac_conf’ was not declared in this scope
75389 |     {aie2p_I512_I512_ACC2048_bf_mac_conf, 8559}, // __builtin_aie2p_I512_I512_ACC2048_bf_mac_conf
      |      ^~~~~~~~~~~~~~~~~~~~~~~~~~~~~~~~~~~
/home/jtuyls/iree-ai/llvm-aie-port/build/include/llvm/IR/IntrinsicImpl.inc:75390:6: error: ‘aie2p_I512_I512_ACC2048_bf_msc_conf’ was not declared in this scope
75390 |     {aie2p_I512_I512_ACC2048_bf_msc_conf, 8592}, // __builtin_aie2p_I512_I512_ACC2048_bf_msc_conf
      |      ^~~~~~~~~~~~~~~~~~~~~~~~~~~~~~~~~~~
/home/jtuyls/iree-ai/llvm-aie-port/build/include/llvm/IR/IntrinsicImpl.inc:75391:6: error: ‘aie2p_I512_I512_ACC2048_bf_mul_conf’ was not declared in this scope
75391 |     {aie2p_I512_I512_ACC2048_bf_mul_conf, 8625}, // __builtin_aie2p_I512_I512_ACC2048_bf_mul_conf
      |      ^~~~~~~~~~~~~~~~~~~~~~~~~~~~~~~~~~~
/home/jtuyls/iree-ai/llvm-aie-port/build/include/llvm/IR/IntrinsicImpl.inc:75392:6: error: ‘aie2p_I512_I512_ACC2048_bf_negmul_conf’ was not declared in this scope
75392 |     {aie2p_I512_I512_ACC2048_bf_negmul_conf, 8658}, // __builtin_aie2p_I512_I512_ACC2048_bf_negmul_conf
      |      ^~~~~~~~~~~~~~~~~~~~~~~~~~~~~~~~~~~~~~
/home/jtuyls/iree-ai/llvm-aie-port/build/include/llvm/IR/IntrinsicImpl.inc:75393:6: error: ‘aie2p_I512_I512_ACC2048_mac_conf’ was not declared in this scope
75393 |     {aie2p_I512_I512_ACC2048_mac_conf, 8694}, // __builtin_aie2p_I512_I512_ACC2048_mac_conf
      |      ^~~~~~~~~~~~~~~~~~~~~~~~~~~~~~~~
/home/jtuyls/iree-ai/llvm-aie-port/build/include/llvm/IR/IntrinsicImpl.inc:75394:6: error: ‘aie2p_I512_I512_ACC2048_msc_conf’ was not declared in this scope
75394 |     {aie2p_I512_I512_ACC2048_msc_conf, 8724}, // __builtin_aie2p_I512_I512_ACC2048_msc_conf
      |      ^~~~~~~~~~~~~~~~~~~~~~~~~~~~~~~~
/home/jtuyls/iree-ai/llvm-aie-port/build/include/llvm/IR/IntrinsicImpl.inc:75395:6: error: ‘aie2p_I512_I512_ACC2048_mul_conf’ was not declared in this scope
75395 |     {aie2p_I512_I512_ACC2048_mul_conf, 8754}, // __builtin_aie2p_I512_I512_ACC2048_mul_conf
      |      ^~~~~~~~~~~~~~~~~~~~~~~~~~~~~~~~
/home/jtuyls/iree-ai/llvm-aie-port/build/include/llvm/IR/IntrinsicImpl.inc:75396:6: error: ‘aie2p_I512_I512_ACC2048_negmul_conf’ was not declared in this scope
75396 |     {aie2p_I512_I512_ACC2048_negmul_conf, 8784}, // __builtin_aie2p_I512_I512_ACC2048_negmul_conf
      |      ^~~~~~~~~~~~~~~~~~~~~~~~~~~~~~~~~~~
/home/jtuyls/iree-ai/llvm-aie-port/build/include/llvm/IR/IntrinsicImpl.inc:75397:6: error: ‘aie2p_I512_I512_ACC512_bf_addmac_conf’ was not declared in this scope
75397 |     {aie2p_I512_I512_ACC512_bf_addmac_conf, 8817}, // __builtin_aie2p_I512_I512_ACC512_bf_addmac_conf
      |      ^~~~~~~~~~~~~~~~~~~~~~~~~~~~~~~~~~~~~
/home/jtuyls/iree-ai/llvm-aie-port/build/include/llvm/IR/IntrinsicImpl.inc:75398:6: error: ‘aie2p_I512_I512_ACC512_bf_addmsc_conf’ was not declared in this scope
75398 |     {aie2p_I512_I512_ACC512_bf_addmsc_conf, 8852}, // __builtin_aie2p_I512_I512_ACC512_bf_addmsc_conf
      |      ^~~~~~~~~~~~~~~~~~~~~~~~~~~~~~~~~~~~~
/home/jtuyls/iree-ai/llvm-aie-port/build/include/llvm/IR/IntrinsicImpl.inc:75399:6: error: ‘aie2p_I512_I512_ACC512_bf_mac_conf’ was not declared in this scope
75399 |     {aie2p_I512_I512_ACC512_bf_mac_conf, 8887}, // __builtin_aie2p_I512_I512_ACC512_bf_mac_conf
      |      ^~~~~~~~~~~~~~~~~~~~~~~~~~~~~~~~~~
/home/jtuyls/iree-ai/llvm-aie-port/build/include/llvm/IR/IntrinsicImpl.inc:75400:6: error: ‘aie2p_I512_I512_ACC512_bf_msc_conf’ was not declared in this scope
75400 |     {aie2p_I512_I512_ACC512_bf_msc_conf, 8919}, // __builtin_aie2p_I512_I512_ACC512_bf_msc_conf
      |      ^~~~~~~~~~~~~~~~~~~~~~~~~~~~~~~~~~
/home/jtuyls/iree-ai/llvm-aie-port/build/include/llvm/IR/IntrinsicImpl.inc:75401:6: error: ‘aie2p_I512_I512_ACC512_bf_mul_conf’ was not declared in this scope
75401 |     {aie2p_I512_I512_ACC512_bf_mul_conf, 8951}, // __builtin_aie2p_I512_I512_ACC512_bf_mul_conf
      |      ^~~~~~~~~~~~~~~~~~~~~~~~~~~~~~~~~~
/home/jtuyls/iree-ai/llvm-aie-port/build/include/llvm/IR/IntrinsicImpl.inc:75402:6: error: ‘aie2p_I512_I512_ACC512_bf_negmul_conf’ was not declared in this scope
75402 |     {aie2p_I512_I512_ACC512_bf_negmul_conf, 8983}, // __builtin_aie2p_I512_I512_ACC512_bf_negmul_conf
      |      ^~~~~~~~~~~~~~~~~~~~~~~~~~~~~~~~~~~~~
/home/jtuyls/iree-ai/llvm-aie-port/build/include/llvm/IR/IntrinsicImpl.inc:75403:6: error: ‘aie2p_I512_v16_acc64_srs’ was not declared in this scope
75403 |     {aie2p_I512_v16_acc64_srs, 9018}, // __builtin_aie2p_I512_v16_acc64_srs
      |      ^~~~~~~~~~~~~~~~~~~~~~~~
/home/jtuyls/iree-ai/llvm-aie-port/build/include/llvm/IR/IntrinsicImpl.inc:75404:6: error: ‘aie2p_I512_v32_acc32_srs’ was not declared in this scope
75404 |     {aie2p_I512_v32_acc32_srs, 9040}, // __builtin_aie2p_I512_v32_acc32_srs
      |      ^~~~~~~~~~~~~~~~~~~~~~~~
/home/jtuyls/iree-ai/llvm-aie-port/build/include/llvm/IR/IntrinsicImpl.inc:75405:6: error: ‘aie2p_I512_v32_acc64_srs’ was not declared in this scope
75405 |     {aie2p_I512_v32_acc64_srs, 9062}, // __builtin_aie2p_I512_v32_acc64_srs
      |      ^~~~~~~~~~~~~~~~~~~~~~~~
/home/jtuyls/iree-ai/llvm-aie-port/build/include/llvm/IR/IntrinsicImpl.inc:75406:6: error: ‘aie2p_I512_v64_acc32_srs’ was not declared in this scope
75406 |     {aie2p_I512_v64_acc32_srs, 9084}, // __builtin_aie2p_I512_v64_acc32_srs
      |      ^~~~~~~~~~~~~~~~~~~~~~~~
/home/jtuyls/iree-ai/llvm-aie-port/build/include/llvm/IR/IntrinsicImpl.inc:75407:6: error: ‘aie2p_acc32_v16_I256_ups’ was not declared in this scope
75407 |     {aie2p_acc32_v16_I256_ups, 9106}, // __builtin_aie2p_acc32_v16_I256_ups
      |      ^~~~~~~~~~~~~~~~~~~~~~~~
/home/jtuyls/iree-ai/llvm-aie-port/build/include/llvm/IR/IntrinsicImpl.inc:75408:6: error: ‘aie2p_acc32_v32_I256_ups’ was not declared in this scope
75408 |     {aie2p_acc32_v32_I256_ups, 9128}, // __builtin_aie2p_acc32_v32_I256_ups
      |      ^~~~~~~~~~~~~~~~~~~~~~~~
/home/jtuyls/iree-ai/llvm-aie-port/build/include/llvm/IR/IntrinsicImpl.inc:75409:6: error: ‘aie2p_acc32_v32_I512_ups’ was not declared in this scope
75409 |     {aie2p_acc32_v32_I512_ups, 9150}, // __builtin_aie2p_acc32_v32_I512_ups
      |      ^~~~~~~~~~~~~~~~~~~~~~~~
/home/jtuyls/iree-ai/llvm-aie-port/build/include/llvm/IR/IntrinsicImpl.inc:75410:6: error: ‘aie2p_acc32_v64_I512_ups’ was not declared in this scope
75410 |     {aie2p_acc32_v64_I512_ups, 9172}, // __builtin_aie2p_acc32_v64_I512_ups
      |      ^~~~~~~~~~~~~~~~~~~~~~~~
/home/jtuyls/iree-ai/llvm-aie-port/build/include/llvm/IR/IntrinsicImpl.inc:75411:6: error: ‘aie2p_acc64_v16_I256_ups’ was not declared in this scope
75411 |     {aie2p_acc64_v16_I256_ups, 9194}, // __builtin_aie2p_acc64_v16_I256_ups
      |      ^~~~~~~~~~~~~~~~~~~~~~~~
/home/jtuyls/iree-ai/llvm-aie-port/build/include/llvm/IR/IntrinsicImpl.inc:75412:6: error: ‘aie2p_acc64_v16_I512_ups’ was not declared in this scope
75412 |     {aie2p_acc64_v16_I512_ups, 9216}, // __builtin_aie2p_acc64_v16_I512_ups
      |      ^~~~~~~~~~~~~~~~~~~~~~~~
/home/jtuyls/iree-ai/llvm-aie-port/build/include/llvm/IR/IntrinsicImpl.inc:75413:6: error: ‘aie2p_acc64_v32_I512_ups’ was not declared in this scope
75413 |     {aie2p_acc64_v32_I512_ups, 9238}, // __builtin_aie2p_acc64_v32_I512_ups
      |      ^~~~~~~~~~~~~~~~~~~~~~~~
/home/jtuyls/iree-ai/llvm-aie-port/build/include/llvm/IR/IntrinsicImpl.inc:75414:6: error: ‘aie2p_acc64_v8_I256_ups’ was not declared in this scope
75414 |     {aie2p_acc64_v8_I256_ups, 9260}, // __builtin_aie2p_acc64_v8_I256_ups
      |      ^~~~~~~~~~~~~~~~~~~~~~~
/home/jtuyls/iree-ai/llvm-aie-port/build/include/llvm/IR/IntrinsicImpl.inc:75415:6: error: ‘aie2p_acquire’ was not declared in this scope
75415 |     {aie2p_acquire, 9281}, // __builtin_aie2p_acquire
      |      ^~~~~~~~~~~~~
/home/jtuyls/iree-ai/llvm-aie-port/build/include/llvm/IR/IntrinsicImpl.inc:75416:6: error: ‘aie2p_acquire_cond’ was not declared in this scope
75416 |     {aie2p_acquire_cond, 9292}, // __builtin_aie2p_acquire_cond
      |      ^~~~~~~~~~~~~~~~~~
/home/jtuyls/iree-ai/llvm-aie-port/build/include/llvm/IR/IntrinsicImpl.inc:75417:6: error: ‘aie2p_clb’ was not declared in this scope
75417 |     {aie2p_clb, 9308}, // __builtin_aie2p_clb
      |      ^~~~~~~~~
/home/jtuyls/iree-ai/llvm-aie-port/build/include/llvm/IR/IntrinsicImpl.inc:75418:6: error: ‘aie2p_done’ was not declared in this scope
75418 |     {aie2p_done, 9315}, // __builtin_aie2p_done
      |      ^~~~~~~~~~
/home/jtuyls/iree-ai/llvm-aie-port/build/include/llvm/IR/IntrinsicImpl.inc:75419:6: error: ‘aie2p_event’ was not declared in this scope
75419 |     {aie2p_event, 9323}, // __builtin_aie2p_event
      |      ^~~~~~~~~~~
/home/jtuyls/iree-ai/llvm-aie-port/build/include/llvm/IR/IntrinsicImpl.inc:75420:6: error: ‘aie2p_exp2’ was not declared in this scope
75420 |     {aie2p_exp2, 9332}, // __builtin_aie2p_exp2
      |      ^~~~~~~~~~
/home/jtuyls/iree-ai/llvm-aie-port/build/include/llvm/IR/IntrinsicImpl.inc:75421:6: error: ‘aie2p_flt2fx’ was not declared in this scope
75421 |     {aie2p_flt2fx, 9340}, // __builtin_aie2p_flt2fx
      |      ^~~~~~~~~~~~
/home/jtuyls/iree-ai/llvm-aie-port/build/include/llvm/IR/IntrinsicImpl.inc:75422:6: error: ‘aie2p_fx2flt’ was not declared in this scope
75422 |     {aie2p_fx2flt, 9350}, // __builtin_aie2p_fx2flt
      |      ^~~~~~~~~~~~
/home/jtuyls/iree-ai/llvm-aie-port/build/include/llvm/IR/IntrinsicImpl.inc:75423:6: error: ‘aie2p_get_coreid’ was not declared in this scope
75423 |     {aie2p_get_coreid, 9360}, // __builtin_aie2p_get_coreid
      |      ^~~~~~~~~~~~~~~~
/home/jtuyls/iree-ai/llvm-aie-port/build/include/llvm/IR/IntrinsicImpl.inc:75424:6: error: ‘aie2p_get_ctrl_reg’ was not declared in this scope
75424 |     {aie2p_get_ctrl_reg, 9374}, // __builtin_aie2p_get_ctrl_reg
      |      ^~~~~~~~~~~~~~~~~~
/home/jtuyls/iree-ai/llvm-aie-port/build/include/llvm/IR/IntrinsicImpl.inc:75425:6: error: ‘aie2p_get_status_reg’ was not declared in this scope
75425 |     {aie2p_get_status_reg, 9390}, // __builtin_aie2p_get_status_reg
      |      ^~~~~~~~~~~~~~~~~~~~
/home/jtuyls/iree-ai/llvm-aie-port/build/include/llvm/IR/IntrinsicImpl.inc:75426:6: error: ‘aie2p_inv’ was not declared in this scope
75426 |     {aie2p_inv, 9408}, // __builtin_aie2p_inv
      |      ^~~~~~~~~
/home/jtuyls/iree-ai/llvm-aie-port/build/include/llvm/IR/IntrinsicImpl.inc:75427:6: error: ‘aie2p_invsqrt’ was not declared in this scope
75427 |     {aie2p_invsqrt, 9415}, // __builtin_aie2p_invsqrt
      |      ^~~~~~~~~~~~~
/home/jtuyls/iree-ai/llvm-aie-port/build/include/llvm/IR/IntrinsicImpl.inc:75428:6: error: ‘aie2p_load_4x16_hi’ was not declared in this scope
75428 |     {aie2p_load_4x16_hi, 9426}, // __builtin_aie2p_load_4x16_hi
      |      ^~~~~~~~~~~~~~~~~~
/home/jtuyls/iree-ai/llvm-aie-port/build/include/llvm/IR/IntrinsicImpl.inc:75429:6: error: ‘aie2p_load_4x16_lo’ was not declared in this scope
75429 |     {aie2p_load_4x16_lo, 9442}, // __builtin_aie2p_load_4x16_lo
      |      ^~~~~~~~~~~~~~~~~~
/home/jtuyls/iree-ai/llvm-aie-port/build/include/llvm/IR/IntrinsicImpl.inc:75430:6: error: ‘aie2p_load_4x32_hi’ was not declared in this scope
75430 |     {aie2p_load_4x32_hi, 9458}, // __builtin_aie2p_load_4x32_hi
      |      ^~~~~~~~~~~~~~~~~~
/home/jtuyls/iree-ai/llvm-aie-port/build/include/llvm/IR/IntrinsicImpl.inc:75431:6: error: ‘aie2p_load_4x32_lo’ was not declared in this scope
75431 |     {aie2p_load_4x32_lo, 9474}, // __builtin_aie2p_load_4x32_lo
      |      ^~~~~~~~~~~~~~~~~~
/home/jtuyls/iree-ai/llvm-aie-port/build/include/llvm/IR/IntrinsicImpl.inc:75432:6: error: ‘aie2p_load_4x64_hi’ was not declared in this scope
75432 |     {aie2p_load_4x64_hi, 9490}, // __builtin_aie2p_load_4x64_hi
      |      ^~~~~~~~~~~~~~~~~~
/home/jtuyls/iree-ai/llvm-aie-port/build/include/llvm/IR/IntrinsicImpl.inc:75433:6: error: ‘aie2p_load_4x64_lo’ was not declared in this scope
75433 |     {aie2p_load_4x64_lo, 9506}, // __builtin_aie2p_load_4x64_lo
      |      ^~~~~~~~~~~~~~~~~~
/home/jtuyls/iree-ai/llvm-aie-port/build/include/llvm/IR/IntrinsicImpl.inc:75434:6: error: ‘aie2p_mcd_write_acc32’ was not declared in this scope
75434 |     {aie2p_mcd_write_acc32, 9522}, // __builtin_aie2p_mcd_write_acc32
      |      ^~~~~~~~~~~~~~~~~~~~~
/home/jtuyls/iree-ai/llvm-aie-port/build/include/llvm/IR/IntrinsicImpl.inc:75435:6: error: ‘aie2p_mcd_write_vec’ was not declared in this scope
75435 |     {aie2p_mcd_write_vec, 9541}, // __builtin_aie2p_mcd_write_vec
      |      ^~~~~~~~~~~~~~~~~~~
/home/jtuyls/iree-ai/llvm-aie-port/build/include/llvm/IR/IntrinsicImpl.inc:75436:6: error: ‘aie2p_pack_I1024_I4_I8’ was not declared in this scope
75436 |     {aie2p_pack_I1024_I4_I8, 9558}, // __builtin_aie2p_pack_I1024_I4_I8
      |      ^~~~~~~~~~~~~~~~~~~~~~
/home/jtuyls/iree-ai/llvm-aie-port/build/include/llvm/IR/IntrinsicImpl.inc:75437:6: error: ‘aie2p_pack_I1024_I8_I16’ was not declared in this scope
75437 |     {aie2p_pack_I1024_I8_I16, 9578}, // __builtin_aie2p_pack_I1024_I8_I16
      |      ^~~~~~~~~~~~~~~~~~~~~~~
/home/jtuyls/iree-ai/llvm-aie-port/build/include/llvm/IR/IntrinsicImpl.inc:75438:6: error: ‘aie2p_pack_I512_I4_I8’ was not declared in this scope
75438 |     {aie2p_pack_I512_I4_I8, 9599}, // __builtin_aie2p_pack_I512_I4_I8
      |      ^~~~~~~~~~~~~~~~~~~~~
/home/jtuyls/iree-ai/llvm-aie-port/build/include/llvm/IR/IntrinsicImpl.inc:75439:6: error: ‘aie2p_pack_I512_I8_I16’ was not declared in this scope
75439 |     {aie2p_pack_I512_I8_I16, 9618}, // __builtin_aie2p_pack_I512_I8_I16
      |      ^~~~~~~~~~~~~~~~~~~~~~
/home/jtuyls/iree-ai/llvm-aie-port/build/include/llvm/IR/IntrinsicImpl.inc:75440:6: error: ‘aie2p_put_ms’ was not declared in this scope
75440 |     {aie2p_put_ms, 9638}, // __builtin_aie2p_put_ms
      |      ^~~~~~~~~~~~
/home/jtuyls/iree-ai/llvm-aie-port/build/include/llvm/IR/IntrinsicImpl.inc:75441:6: error: ‘aie2p_read_tm’ was not declared in this scope
75441 |     {aie2p_read_tm, 9648}, // __builtin_aie2p_read_tm
      |      ^~~~~~~~~~~~~
/home/jtuyls/iree-ai/llvm-aie-port/build/include/llvm/IR/IntrinsicImpl.inc:75442:6: error: ‘aie2p_release’ was not declared in this scope
75442 |     {aie2p_release, 9659}, // __builtin_aie2p_release
      |      ^~~~~~~~~~~~~
/home/jtuyls/iree-ai/llvm-aie-port/build/include/llvm/IR/IntrinsicImpl.inc:75443:6: error: ‘aie2p_release_cond’ was not declared in this scope
75443 |     {aie2p_release_cond, 9670}, // __builtin_aie2p_release_cond
      |      ^~~~~~~~~~~~~~~~~~
/home/jtuyls/iree-ai/llvm-aie-port/build/include/llvm/IR/IntrinsicImpl.inc:75444:6: error: ‘aie2p_scd_ACC2048’ was not declared in this scope
75444 |     {aie2p_scd_ACC2048, 9686}, // __builtin_aie2p_scd_ACC2048
      |      ^~~~~~~~~~~~~~~~~
/home/jtuyls/iree-ai/llvm-aie-port/build/include/llvm/IR/IntrinsicImpl.inc:75445:6: error: ‘aie2p_scd_expand_ACC1024’ was not declared in this scope
75445 |     {aie2p_scd_expand_ACC1024, 9701}, // __builtin_aie2p_scd_expand_ACC1024
      |      ^~~~~~~~~~~~~~~~~~~~~~~~
/home/jtuyls/iree-ai/llvm-aie-port/build/include/llvm/IR/IntrinsicImpl.inc:75446:6: error: ‘aie2p_scd_expand_ACC2048’ was not declared in this scope
75446 |     {aie2p_scd_expand_ACC2048, 9723}, // __builtin_aie2p_scd_expand_ACC2048
      |      ^~~~~~~~~~~~~~~~~~~~~~~~
/home/jtuyls/iree-ai/llvm-aie-port/build/include/llvm/IR/IntrinsicImpl.inc:75447:6: error: ‘aie2p_scd_expand_hi’ was not declared in this scope
75447 |     {aie2p_scd_expand_hi, 9745}, // __builtin_aie2p_scd_expand_hi
      |      ^~~~~~~~~~~~~~~~~~~
/home/jtuyls/iree-ai/llvm-aie-port/build/include/llvm/IR/IntrinsicImpl.inc:75448:6: error: ‘aie2p_scd_expand_lo’ was not declared in this scope
75448 |     {aie2p_scd_expand_lo, 9762}, // __builtin_aie2p_scd_expand_lo
      |      ^~~~~~~~~~~~~~~~~~~
/home/jtuyls/iree-ai/llvm-aie-port/build/include/llvm/IR/IntrinsicImpl.inc:75449:6: error: ‘aie2p_scd_read_acc32’ was not declared in this scope
75449 |     {aie2p_scd_read_acc32, 9779}, // __builtin_aie2p_scd_read_acc32
      |      ^~~~~~~~~~~~~~~~~~~~
/home/jtuyls/iree-ai/llvm-aie-port/build/include/llvm/IR/IntrinsicImpl.inc:75450:6: error: ‘aie2p_scd_read_vec’ was not declared in this scope
75450 |     {aie2p_scd_read_vec, 9797}, // __builtin_aie2p_scd_read_vec
      |      ^~~~~~~~~~~~~~~~~~
/home/jtuyls/iree-ai/llvm-aie-port/build/include/llvm/IR/IntrinsicImpl.inc:75451:6: error: ‘aie2p_sched_barrier’ was not declared in this scope
75451 |     {aie2p_sched_barrier, 9813}, // __builtin_aie2p_sched_barrier
      |      ^~~~~~~~~~~~~~~~~~~
/home/jtuyls/iree-ai/llvm-aie-port/build/include/llvm/IR/IntrinsicImpl.inc:75452:6: error: ‘aie2p_set_ctrl_reg’ was not declared in this scope
75452 |     {aie2p_set_ctrl_reg, 9830}, // __builtin_aie2p_set_ctrl_reg
      |      ^~~~~~~~~~~~~~~~~~
/home/jtuyls/iree-ai/llvm-aie-port/build/include/llvm/IR/IntrinsicImpl.inc:75453:6: error: ‘aie2p_set_status_reg’ was not declared in this scope
75453 |     {aie2p_set_status_reg, 9846}, // __builtin_aie2p_set_status_reg
      |      ^~~~~~~~~~~~~~~~~~~~
/home/jtuyls/iree-ai/llvm-aie-port/build/include/llvm/IR/IntrinsicImpl.inc:75454:6: error: ‘aie2p_sqrtf’ was not declared in this scope
75454 |     {aie2p_sqrtf, 9864}, // __builtin_aie2p_sqrtf
      |      ^~~~~~~~~~~
/home/jtuyls/iree-ai/llvm-aie-port/build/include/llvm/IR/IntrinsicImpl.inc:75455:6: error: ‘aie2p_tanh’ was not declared in this scope
75455 |     {aie2p_tanh, 9873}, // __builtin_aie2p_tanh
      |      ^~~~~~~~~~
/home/jtuyls/iree-ai/llvm-aie-port/build/include/llvm/IR/IntrinsicImpl.inc:75456:6: error: ‘aie2p_unpack_I1024_I16_I8’ was not declared in this scope
75456 |     {aie2p_unpack_I1024_I16_I8, 9881}, // __builtin_aie2p_unpack_I1024_I16_I8
      |      ^~~~~~~~~~~~~~~~~~~~~~~~~
/home/jtuyls/iree-ai/llvm-aie-port/build/include/llvm/IR/IntrinsicImpl.inc:75457:6: error: ‘aie2p_unpack_I1024_I8_I4’ was not declared in this scope
75457 |     {aie2p_unpack_I1024_I8_I4, 9904}, // __builtin_aie2p_unpack_I1024_I8_I4
      |      ^~~~~~~~~~~~~~~~~~~~~~~~
/home/jtuyls/iree-ai/llvm-aie-port/build/include/llvm/IR/IntrinsicImpl.inc:75458:6: error: ‘aie2p_unpack_I512_I16_I8’ was not declared in this scope
75458 |     {aie2p_unpack_I512_I16_I8, 9926}, // __builtin_aie2p_unpack_I512_I16_I8
      |      ^~~~~~~~~~~~~~~~~~~~~~~~
/home/jtuyls/iree-ai/llvm-aie-port/build/include/llvm/IR/IntrinsicImpl.inc:75459:6: error: ‘aie2p_unpack_I512_I8_I4’ was not declared in this scope
75459 |     {aie2p_unpack_I512_I8_I4, 9948}, // __builtin_aie2p_unpack_I512_I8_I4
      |      ^~~~~~~~~~~~~~~~~~~~~~~
/home/jtuyls/iree-ai/llvm-aie-port/build/include/llvm/IR/IntrinsicImpl.inc:75460:6: error: ‘aie2p_v16accfloat_to_v16bf16’ was not declared in this scope
75460 |     {aie2p_v16accfloat_to_v16bf16, 9969}, // __builtin_aie2p_v16accfloat_to_v16bf16
      |      ^~~~~~~~~~~~~~~~~~~~~~~~~~~~
/home/jtuyls/iree-ai/llvm-aie-port/build/include/llvm/IR/IntrinsicImpl.inc:75461:6: error: ‘aie2p_v16accfloat_to_v8float’ was not declared in this scope
75461 |     {aie2p_v16accfloat_to_v8float, 9995}, // __builtin_aie2p_v16accfloat_to_v8float
      |      ^~~~~~~~~~~~~~~~~~~~~~~~~~~~
/home/jtuyls/iree-ai/llvm-aie-port/build/include/llvm/IR/IntrinsicImpl.inc:75462:6: error: ‘aie2p_v16bf16_to_v16accfloat’ was not declared in this scope
75462 |     {aie2p_v16bf16_to_v16accfloat, 10021}, // __builtin_aie2p_v16bf16_to_v16accfloat
      |      ^~~~~~~~~~~~~~~~~~~~~~~~~~~~
/home/jtuyls/iree-ai/llvm-aie-port/build/include/llvm/IR/IntrinsicImpl.inc:75463:6: error: ‘aie2p_v16bf16_to_v16i32’ was not declared in this scope
75463 |     {aie2p_v16bf16_to_v16i32, 10047}, // __builtin_aie2p_v16bf16_to_v16i32
      |      ^~~~~~~~~~~~~~~~~~~~~~~
/home/jtuyls/iree-ai/llvm-aie-port/build/include/llvm/IR/IntrinsicImpl.inc:75464:6: error: ‘aie2p_v16float_to_v32accfloat’ was not declared in this scope
75464 |     {aie2p_v16float_to_v32accfloat, 10068}, // __builtin_aie2p_v16float_to_v32accfloat
      |      ^~~~~~~~~~~~~~~~~~~~~~~~~~~~~
/home/jtuyls/iree-ai/llvm-aie-port/build/include/llvm/IR/IntrinsicImpl.inc:75465:6: error: ‘aie2p_v32accfloat_to_v16float’ was not declared in this scope
75465 |     {aie2p_v32accfloat_to_v16float, 10095}, // __builtin_aie2p_v32accfloat_to_v16float
      |      ^~~~~~~~~~~~~~~~~~~~~~~~~~~~~
/home/jtuyls/iree-ai/llvm-aie-port/build/include/llvm/IR/IntrinsicImpl.inc:75466:6: error: ‘aie2p_v32accfloat_to_v32bf16’ was not declared in this scope
75466 |     {aie2p_v32accfloat_to_v32bf16, 10122}, // __builtin_aie2p_v32accfloat_to_v32bf16
      |      ^~~~~~~~~~~~~~~~~~~~~~~~~~~~
/home/jtuyls/iree-ai/llvm-aie-port/build/include/llvm/IR/IntrinsicImpl.inc:75467:6: error: ‘aie2p_v32bf16_to_v32accfloat’ was not declared in this scope
75467 |     {aie2p_v32bf16_to_v32accfloat, 10148}, // __builtin_aie2p_v32bf16_to_v32accfloat
      |      ^~~~~~~~~~~~~~~~~~~~~~~~~~~~
/home/jtuyls/iree-ai/llvm-aie-port/build/include/llvm/IR/IntrinsicImpl.inc:75468:6: error: ‘aie2p_v8float_to_v16accfloat’ was not declared in this scope
75468 |     {aie2p_v8float_to_v16accfloat, 10174}, // __builtin_aie2p_v8float_to_v16accfloat
      |      ^~~~~~~~~~~~~~~~~~~~~~~~~~~~
/home/jtuyls/iree-ai/llvm-aie-port/build/include/llvm/IR/IntrinsicImpl.inc:75469:6: error: ‘aie2p_vaddsub16’ was not declared in this scope
75469 |     {aie2p_vaddsub16, 10200}, // __builtin_aie2p_vaddsub16
      |      ^~~~~~~~~~~~~~~
/home/jtuyls/iree-ai/llvm-aie-port/build/include/llvm/IR/IntrinsicImpl.inc:75470:6: error: ‘aie2p_vaddsub32’ was not declared in this scope
75470 |     {aie2p_vaddsub32, 10213}, // __builtin_aie2p_vaddsub32
      |      ^~~~~~~~~~~~~~~
/home/jtuyls/iree-ai/llvm-aie-port/build/include/llvm/IR/IntrinsicImpl.inc:75471:6: error: ‘aie2p_vaddsub8’ was not declared in this scope
75471 |     {aie2p_vaddsub8, 10226}, // __builtin_aie2p_vaddsub8
      |      ^~~~~~~~~~~~~~
/home/jtuyls/iree-ai/llvm-aie-port/build/include/llvm/IR/IntrinsicImpl.inc:75472:6: error: ‘aie2p_vbcst_shuffle16’ was not declared in this scope
75472 |     {aie2p_vbcst_shuffle16, 10238}, // __builtin_aie2p_vbcst_shuffle16
      |      ^~~~~~~~~~~~~~~~~~~~~
/home/jtuyls/iree-ai/llvm-aie-port/build/include/llvm/IR/IntrinsicImpl.inc:75473:6: error: ‘aie2p_vbcst_shuffle32’ was not declared in this scope
75473 |     {aie2p_vbcst_shuffle32, 10257}, // __builtin_aie2p_vbcst_shuffle32
      |      ^~~~~~~~~~~~~~~~~~~~~
/home/jtuyls/iree-ai/llvm-aie-port/build/include/llvm/IR/IntrinsicImpl.inc:75474:6: error: ‘aie2p_vbcst_shuffle64’ was not declared in this scope
75474 |     {aie2p_vbcst_shuffle64, 10276}, // __builtin_aie2p_vbcst_shuffle64
      |      ^~~~~~~~~~~~~~~~~~~~~
/home/jtuyls/iree-ai/llvm-aie-port/build/include/llvm/IR/IntrinsicImpl.inc:75475:6: error: ‘aie2p_vbcst_shuffle8’ was not declared in this scope
75475 |     {aie2p_vbcst_shuffle8, 10295}, // __builtin_aie2p_vbcst_shuffle8
      |      ^~~~~~~~~~~~~~~~~~~~
/home/jtuyls/iree-ai/llvm-aie-port/build/include/llvm/IR/IntrinsicImpl.inc:75476:6: error: ‘aie2p_vbroadcast32_bf512’ was not declared in this scope
75476 |     {aie2p_vbroadcast32_bf512, 10313}, // __builtin_aie2p_vbroadcast_bf32_bf512
      |      ^~~~~~~~~~~~~~~~~~~~~~~~
/home/jtuyls/iree-ai/llvm-aie-port/build/include/llvm/IR/IntrinsicImpl.inc:75477:6: error: ‘aie2p_vbroadcast64_bf512’ was not declared in this scope
75477 |     {aie2p_vbroadcast64_bf512, 10338}, // __builtin_aie2p_vbroadcast_bf64_bf512
      |      ^~~~~~~~~~~~~~~~~~~~~~~~
/home/jtuyls/iree-ai/llvm-aie-port/build/include/llvm/IR/IntrinsicImpl.inc:75478:6: error: ‘aie2p_vbroadcast_zero_acc1024’ was not declared in this scope
75478 |     {aie2p_vbroadcast_zero_acc1024, 10363}, // __builtin_aie2p_vbroadcast_zero_acc1024
      |      ^~~~~~~~~~~~~~~~~~~~~~~~~~~~~
/home/jtuyls/iree-ai/llvm-aie-port/build/include/llvm/IR/IntrinsicImpl.inc:75479:6: error: ‘aie2p_veqz16’ was not declared in this scope
75479 |     {aie2p_veqz16, 10390}, // __builtin_aie2p_veqz16
      |      ^~~~~~~~~~~~
/home/jtuyls/iree-ai/llvm-aie-port/build/include/llvm/IR/IntrinsicImpl.inc:75480:6: error: ‘aie2p_veqz32’ was not declared in this scope
75480 |     {aie2p_veqz32, 10400}, // __builtin_aie2p_veqz32
      |      ^~~~~~~~~~~~
/home/jtuyls/iree-ai/llvm-aie-port/build/include/llvm/IR/IntrinsicImpl.inc:75481:6: error: ‘aie2p_veqz8’ was not declared in this scope
75481 |     {aie2p_veqz8, 10410}, // __builtin_aie2p_veqz8
      |      ^~~~~~~~~~~
/home/jtuyls/iree-ai/llvm-aie-port/build/include/llvm/IR/IntrinsicImpl.inc:75482:6: error: ‘aie2p_vextract_broadcast128_I512’ was not declared in this scope
75482 |     {aie2p_vextract_broadcast128_I512, 10419}, // __builtin_aie2p_vextract_broadcast128_I512
      |      ^~~~~~~~~~~~~~~~~~~~~~~~~~~~~~~~
/home/jtuyls/iree-ai/llvm-aie-port/build/include/llvm/IR/IntrinsicImpl.inc:75483:6: error: ‘aie2p_vextract_broadcast32_bf512’ was not declared in this scope
75483 |     {aie2p_vextract_broadcast32_bf512, 10449}, // __builtin_aie2p_vextract_broadcast_bf32_bf512
      |      ^~~~~~~~~~~~~~~~~~~~~~~~~~~~~~~~
/home/jtuyls/iree-ai/llvm-aie-port/build/include/llvm/IR/IntrinsicImpl.inc:75484:6: error: ‘aie2p_vge16’ was not declared in this scope
75484 |     {aie2p_vge16, 10482}, // __builtin_aie2p_vge16
      |      ^~~~~~~~~~~
/home/jtuyls/iree-ai/llvm-aie-port/build/include/llvm/IR/IntrinsicImpl.inc:75485:6: error: ‘aie2p_vge32’ was not declared in this scope
75485 |     {aie2p_vge32, 10491}, // __builtin_aie2p_vge32
      |      ^~~~~~~~~~~
/home/jtuyls/iree-ai/llvm-aie-port/build/include/llvm/IR/IntrinsicImpl.inc:75486:6: error: ‘aie2p_vge8’ was not declared in this scope
75486 |     {aie2p_vge8, 10500}, // __builtin_aie2p_vge8
      |      ^~~~~~~~~~
/home/jtuyls/iree-ai/llvm-aie-port/build/include/llvm/IR/IntrinsicImpl.inc:75487:6: error: ‘aie2p_vgebf16’ was not declared in this scope
75487 |     {aie2p_vgebf16, 10508}, // __builtin_aie2p_vgebf16
      |      ^~~~~~~~~~~~~
/home/jtuyls/iree-ai/llvm-aie-port/build/include/llvm/IR/IntrinsicImpl.inc:75488:6: error: ‘aie2p_vinsert32_accfloat’ was not declared in this scope
75488 |     {aie2p_vinsert32_accfloat, 10519}, // __builtin_aie2p_vinsert32_accfloat
      |      ^~~~~~~~~~~~~~~~~~~~~~~~
/home/jtuyls/iree-ai/llvm-aie-port/build/include/llvm/IR/IntrinsicImpl.inc:75489:6: error: ‘aie2p_vinsert32_bf512’ was not declared in this scope
75489 |     {aie2p_vinsert32_bf512, 10541}, // __builtin_aie2p_vinsert_bf32_bf512
      |      ^~~~~~~~~~~~~~~~~~~~~
/home/jtuyls/iree-ai/llvm-aie-port/build/include/llvm/IR/IntrinsicImpl.inc:75490:6: error: ‘aie2p_vinsert64_bf512’ was not declared in this scope
75490 |     {aie2p_vinsert64_bf512, 10563}, // __builtin_aie2p_vinsert_bf64_bf512
      |      ^~~~~~~~~~~~~~~~~~~~~
/home/jtuyls/iree-ai/llvm-aie-port/build/include/llvm/IR/IntrinsicImpl.inc:75491:6: error: ‘aie2p_vlt16’ was not declared in this scope
75491 |     {aie2p_vlt16, 10585}, // __builtin_aie2p_vlt16
      |      ^~~~~~~~~~~
/home/jtuyls/iree-ai/llvm-aie-port/build/include/llvm/IR/IntrinsicImpl.inc:75492:6: error: ‘aie2p_vlt32’ was not declared in this scope
75492 |     {aie2p_vlt32, 10594}, // __builtin_aie2p_vlt32
      |      ^~~~~~~~~~~
/home/jtuyls/iree-ai/llvm-aie-port/build/include/llvm/IR/IntrinsicImpl.inc:75493:6: error: ‘aie2p_vlt8’ was not declared in this scope
75493 |     {aie2p_vlt8, 10603}, // __builtin_aie2p_vlt8
      |      ^~~~~~~~~~
/home/jtuyls/iree-ai/llvm-aie-port/build/include/llvm/IR/IntrinsicImpl.inc:75494:6: error: ‘aie2p_vltbf16’ was not declared in this scope
75494 |     {aie2p_vltbf16, 10611}, // __builtin_aie2p_vltbf16
      |      ^~~~~~~~~~~~~
/home/jtuyls/iree-ai/llvm-aie-port/build/include/llvm/IR/IntrinsicImpl.inc:75495:6: error: ‘aie2p_vsel16’ was not declared in this scope
75495 |     {aie2p_vsel16, 10622}, // __builtin_aie2p_vsel16
      |      ^~~~~~~~~~~~
/home/jtuyls/iree-ai/llvm-aie-port/build/include/llvm/IR/IntrinsicImpl.inc:75496:6: error: ‘aie2p_vsel32’ was not declared in this scope
75496 |     {aie2p_vsel32, 10632}, // __builtin_aie2p_vsel32
      |      ^~~~~~~~~~~~
/home/jtuyls/iree-ai/llvm-aie-port/build/include/llvm/IR/IntrinsicImpl.inc:75497:6: error: ‘aie2p_vsel8’ was not declared in this scope
75497 |     {aie2p_vsel8, 10642}, // __builtin_aie2p_vsel8
      |      ^~~~~~~~~~~
/home/jtuyls/iree-ai/llvm-aie-port/build/include/llvm/IR/IntrinsicImpl.inc:75498:6: error: ‘aie2p_vshift_I512_I512’ was not declared in this scope
75498 |     {aie2p_vshift_I512_I512, 10651}, // __builtin_aie2p_vshift_I512_I512
      |      ^~~~~~~~~~~~~~~~~~~~~~
/home/jtuyls/iree-ai/llvm-aie-port/build/include/llvm/IR/IntrinsicImpl.inc:75499:6: error: ‘aie2p_vshift_bf512_bf512’ was not declared in this scope
75499 |     {aie2p_vshift_bf512_bf512, 10671}, // __builtin_aie2p_vshift_bf512_bf512
      |      ^~~~~~~~~~~~~~~~~~~~~~~~
/home/jtuyls/iree-ai/llvm-aie-port/build/include/llvm/IR/IntrinsicImpl.inc:75500:6: error: ‘aie2p_vshuffle’ was not declared in this scope
75500 |     {aie2p_vshuffle, 10693}, // __builtin_aie2p_vshuffle
      |      ^~~~~~~~~~~~~~
/home/jtuyls/iree-ai/llvm-aie-port/build/include/llvm/IR/IntrinsicImpl.inc:75501:6: error: ‘aie2p_write_tm’ was not declared in this scope
75501 |     {aie2p_write_tm, 10705}, // __builtin_aie2p_write_tm
      |      ^~~~~~~~~~~~~~
/home/jtuyls/iree-ai/llvm-aie-port/build/include/llvm/IR/IntrinsicImpl.inc:75502:6: error: ‘aie2p_ext_I32_I64’ was not declared in this scope
75502 |     {aie2p_ext_I32_I64, 10717}, // __builtin_aiev2p_ext_I32_I64
      |      ^~~~~~~~~~~~~~~~~
/home/jtuyls/iree-ai/llvm-aie-port/build/include/llvm/IR/IntrinsicImpl.inc:75503:6: error: ‘aie2p_set_I64_I32’ was not declared in this scope
75503 |     {aie2p_set_I64_I32, 10733}, // __builtin_aiev2p_set_I64_I32
      |      ^~~~~~~~~~~~~~~~~
/home/jtuyls/iree-ai/llvm-aie-port/build/include/llvm/IR/IntrinsicImpl.inc:75504:6: error: ‘aie2p_upd_I64_I32’ was not declared in this scope
75504 |     {aie2p_upd_I64_I32, 10749}, // __builtin_aiev2p_upd_I64_I32
      |      ^~~~~~~~~~~~~~~~~
/home/jtuyls/iree-ai/llvm-aie-port/build/include/llvm/IR/IntrinsicImpl.inc:75509:6: error: ‘aie2ps_ACC1024_accfloat_add_conf’ was not declared in this scope
75509 |     {aie2ps_ACC1024_accfloat_add_conf, 10765}, // __builtin_aie2ps_ACC1024_accfloat_add_conf
      |      ^~~~~~~~~~~~~~~~~~~~~~~~~~~~~~~~
/home/jtuyls/iree-ai/llvm-aie-port/build/include/llvm/IR/IntrinsicImpl.inc:75510:6: error: ‘aie2ps_ACC1024_accfloat_neg_conf’ was not declared in this scope
75510 |     {aie2ps_ACC1024_accfloat_neg_conf, 10791}, // __builtin_aie2ps_ACC1024_accfloat_neg_conf
      |      ^~~~~~~~~~~~~~~~~~~~~~~~~~~~~~~~
/home/jtuyls/iree-ai/llvm-aie-port/build/include/llvm/IR/IntrinsicImpl.inc:75511:6: error: ‘aie2ps_ACC1024_accfloat_sub_conf’ was not declared in this scope
75511 |     {aie2ps_ACC1024_accfloat_sub_conf, 10817}, // __builtin_aie2ps_ACC1024_accfloat_sub_conf
      |      ^~~~~~~~~~~~~~~~~~~~~~~~~~~~~~~~
/home/jtuyls/iree-ai/llvm-aie-port/build/include/llvm/IR/IntrinsicImpl.inc:75512:6: error: ‘aie2ps_ACC1024_add_conf’ was not declared in this scope
75512 |     {aie2ps_ACC1024_add_conf, 10843}, // __builtin_aie2ps_ACC1024_add_conf
      |      ^~~~~~~~~~~~~~~~~~~~~~~
/home/jtuyls/iree-ai/llvm-aie-port/build/include/llvm/IR/IntrinsicImpl.inc:75513:6: error: ‘aie2ps_ACC1024_neg_conf’ was not declared in this scope
75513 |     {aie2ps_ACC1024_neg_conf, 10860}, // __builtin_aie2ps_ACC1024_neg_conf
      |      ^~~~~~~~~~~~~~~~~~~~~~~
/home/jtuyls/iree-ai/llvm-aie-port/build/include/llvm/IR/IntrinsicImpl.inc:75514:6: error: ‘aie2ps_ACC1024_sub_conf’ was not declared in this scope
75514 |     {aie2ps_ACC1024_sub_conf, 10877}, // __builtin_aie2ps_ACC1024_sub_conf
      |      ^~~~~~~~~~~~~~~~~~~~~~~
/home/jtuyls/iree-ai/llvm-aie-port/build/include/llvm/IR/IntrinsicImpl.inc:75515:6: error: ‘aie2ps_ACC2048_accfloat_add_conf’ was not declared in this scope
75515 |     {aie2ps_ACC2048_accfloat_add_conf, 10894}, // __builtin_aie2ps_ACC2048_accfloat_add_conf
      |      ^~~~~~~~~~~~~~~~~~~~~~~~~~~~~~~~
/home/jtuyls/iree-ai/llvm-aie-port/build/include/llvm/IR/IntrinsicImpl.inc:75516:6: error: ‘aie2ps_ACC2048_accfloat_neg_conf’ was not declared in this scope
75516 |     {aie2ps_ACC2048_accfloat_neg_conf, 10920}, // __builtin_aie2ps_ACC2048_accfloat_neg_conf
      |      ^~~~~~~~~~~~~~~~~~~~~~~~~~~~~~~~
/home/jtuyls/iree-ai/llvm-aie-port/build/include/llvm/IR/IntrinsicImpl.inc:75517:6: error: ‘aie2ps_ACC2048_accfloat_sub_conf’ was not declared in this scope
75517 |     {aie2ps_ACC2048_accfloat_sub_conf, 10946}, // __builtin_aie2ps_ACC2048_accfloat_sub_conf
      |      ^~~~~~~~~~~~~~~~~~~~~~~~~~~~~~~~
/home/jtuyls/iree-ai/llvm-aie-port/build/include/llvm/IR/IntrinsicImpl.inc:75518:6: error: ‘aie2ps_ACC2048_add_conf’ was not declared in this scope
75518 |     {aie2ps_ACC2048_add_conf, 10972}, // __builtin_aie2ps_ACC2048_add_conf
      |      ^~~~~~~~~~~~~~~~~~~~~~~
/home/jtuyls/iree-ai/llvm-aie-port/build/include/llvm/IR/IntrinsicImpl.inc:75519:6: error: ‘aie2ps_ACC2048_neg_conf’ was not declared in this scope
75519 |     {aie2ps_ACC2048_neg_conf, 10989}, // __builtin_aie2ps_ACC2048_neg_conf
      |      ^~~~~~~~~~~~~~~~~~~~~~~
/home/jtuyls/iree-ai/llvm-aie-port/build/include/llvm/IR/IntrinsicImpl.inc:75520:6: error: ‘aie2ps_ACC2048_sub_conf’ was not declared in this scope
75520 |     {aie2ps_ACC2048_sub_conf, 11006}, // __builtin_aie2ps_ACC2048_sub_conf
      |      ^~~~~~~~~~~~~~~~~~~~~~~
/home/jtuyls/iree-ai/llvm-aie-port/build/include/llvm/IR/IntrinsicImpl.inc:75521:6: error: ‘aie2ps_BFP640_BFP2560_ACC2048_bf_addmac_conf’ was not declared in this scope
75521 |     {aie2ps_BFP640_BFP2560_ACC2048_bf_addmac_conf, 11023}, // __builtin_aie2ps_BFP640_BFP2560_ACC2048_bf_addmac_conf
      |      ^~~~~~~~~~~~~~~~~~~~~~~~~~~~~~~~~~~~~~~~~~~~
/home/jtuyls/iree-ai/llvm-aie-port/build/include/llvm/IR/IntrinsicImpl.inc:75522:6: error: ‘aie2ps_BFP640_BFP2560_ACC2048_bf_addmsc_conf’ was not declared in this scope
75522 |     {aie2ps_BFP640_BFP2560_ACC2048_bf_addmsc_conf, 11061}, // __builtin_aie2ps_BFP640_BFP2560_ACC2048_bf_addmsc_conf
      |      ^~~~~~~~~~~~~~~~~~~~~~~~~~~~~~~~~~~~~~~~~~~~
/home/jtuyls/iree-ai/llvm-aie-port/build/include/llvm/IR/IntrinsicImpl.inc:75523:6: error: ‘aie2ps_BFP640_BFP2560_ACC2048_bf_mac_conf’ was not declared in this scope
75523 |     {aie2ps_BFP640_BFP2560_ACC2048_bf_mac_conf, 11099}, // __builtin_aie2ps_BFP640_BFP2560_ACC2048_bf_mac_conf
      |      ^~~~~~~~~~~~~~~~~~~~~~~~~~~~~~~~~~~~~~~~~
/home/jtuyls/iree-ai/llvm-aie-port/build/include/llvm/IR/IntrinsicImpl.inc:75524:6: error: ‘aie2ps_BFP640_BFP2560_ACC2048_bf_msc_conf’ was not declared in this scope
75524 |     {aie2ps_BFP640_BFP2560_ACC2048_bf_msc_conf, 11134}, // __builtin_aie2ps_BFP640_BFP2560_ACC2048_bf_msc_conf
      |      ^~~~~~~~~~~~~~~~~~~~~~~~~~~~~~~~~~~~~~~~~
/home/jtuyls/iree-ai/llvm-aie-port/build/include/llvm/IR/IntrinsicImpl.inc:75525:6: error: ‘aie2ps_BFP640_BFP2560_ACC2048_bf_mul_conf’ was not declared in this scope
75525 |     {aie2ps_BFP640_BFP2560_ACC2048_bf_mul_conf, 11169}, // __builtin_aie2ps_BFP640_BFP2560_ACC2048_bf_mul_conf
      |      ^~~~~~~~~~~~~~~~~~~~~~~~~~~~~~~~~~~~~~~~~
/home/jtuyls/iree-ai/llvm-aie-port/build/include/llvm/IR/IntrinsicImpl.inc:75526:6: error: ‘aie2ps_BFP640_BFP2560_ACC2048_bf_negmul_conf’ was not declared in this scope
75526 |     {aie2ps_BFP640_BFP2560_ACC2048_bf_negmul_conf, 11204}, // __builtin_aie2ps_BFP640_BFP2560_ACC2048_bf_negmul_conf
      |      ^~~~~~~~~~~~~~~~~~~~~~~~~~~~~~~~~~~~~~~~~~~~
/home/jtuyls/iree-ai/llvm-aie-port/build/include/llvm/IR/IntrinsicImpl.inc:75527:6: error: ‘aie2ps_BFP768_BFP1536_ACC2048_bf_addmac_conf’ was not declared in this scope
75527 |     {aie2ps_BFP768_BFP1536_ACC2048_bf_addmac_conf, 11242}, // __builtin_aie2ps_BFP768_BFP1536_ACC2048_bf_addmac_conf
      |      ^~~~~~~~~~~~~~~~~~~~~~~~~~~~~~~~~~~~~~~~~~~~
/home/jtuyls/iree-ai/llvm-aie-port/build/include/llvm/IR/IntrinsicImpl.inc:75528:6: error: ‘aie2ps_BFP768_BFP1536_ACC2048_bf_addmsc_conf’ was not declared in this scope
75528 |     {aie2ps_BFP768_BFP1536_ACC2048_bf_addmsc_conf, 11280}, // __builtin_aie2ps_BFP768_BFP1536_ACC2048_bf_addmsc_conf
      |      ^~~~~~~~~~~~~~~~~~~~~~~~~~~~~~~~~~~~~~~~~~~~
/home/jtuyls/iree-ai/llvm-aie-port/build/include/llvm/IR/IntrinsicImpl.inc:75529:6: error: ‘aie2ps_BFP768_BFP1536_ACC2048_bf_mac_conf’ was not declared in this scope
75529 |     {aie2ps_BFP768_BFP1536_ACC2048_bf_mac_conf, 11318}, // __builtin_aie2ps_BFP768_BFP1536_ACC2048_bf_mac_conf
      |      ^~~~~~~~~~~~~~~~~~~~~~~~~~~~~~~~~~~~~~~~~
/home/jtuyls/iree-ai/llvm-aie-port/build/include/llvm/IR/IntrinsicImpl.inc:75530:6: error: ‘aie2ps_BFP768_BFP1536_ACC2048_bf_msc_conf’ was not declared in this scope
75530 |     {aie2ps_BFP768_BFP1536_ACC2048_bf_msc_conf, 11353}, // __builtin_aie2ps_BFP768_BFP1536_ACC2048_bf_msc_conf
      |      ^~~~~~~~~~~~~~~~~~~~~~~~~~~~~~~~~~~~~~~~~
/home/jtuyls/iree-ai/llvm-aie-port/build/include/llvm/IR/IntrinsicImpl.inc:75531:6: error: ‘aie2ps_BFP768_BFP1536_ACC2048_bf_mul_conf’ was not declared in this scope
75531 |     {aie2ps_BFP768_BFP1536_ACC2048_bf_mul_conf, 11388}, // __builtin_aie2ps_BFP768_BFP1536_ACC2048_bf_mul_conf
      |      ^~~~~~~~~~~~~~~~~~~~~~~~~~~~~~~~~~~~~~~~~
/home/jtuyls/iree-ai/llvm-aie-port/build/include/llvm/IR/IntrinsicImpl.inc:75532:6: error: ‘aie2ps_BFP768_BFP1536_ACC2048_bf_negmul_conf’ was not declared in this scope
75532 |     {aie2ps_BFP768_BFP1536_ACC2048_bf_negmul_conf, 11423}, // __builtin_aie2ps_BFP768_BFP1536_ACC2048_bf_negmul_conf
      |      ^~~~~~~~~~~~~~~~~~~~~~~~~~~~~~~~~~~~~~~~~~~~
/home/jtuyls/iree-ai/llvm-aie-port/build/include/llvm/IR/IntrinsicImpl.inc:75533:6: error: ‘aie2ps_I1024_I1024_ACC2048_addmac_conf’ was not declared in this scope
75533 |     {aie2ps_I1024_I1024_ACC2048_addmac_conf, 11461}, // __builtin_aie2ps_I1024_I1024_ACC2048_addmac_conf
      |      ^~~~~~~~~~~~~~~~~~~~~~~~~~~~~~~~~~~~~~
/home/jtuyls/iree-ai/llvm-aie-port/build/include/llvm/IR/IntrinsicImpl.inc:75534:6: error: ‘aie2ps_I1024_I1024_ACC2048_addmsc_conf’ was not declared in this scope
75534 |     {aie2ps_I1024_I1024_ACC2048_addmsc_conf, 11493}, // __builtin_aie2ps_I1024_I1024_ACC2048_addmsc_conf
      |      ^~~~~~~~~~~~~~~~~~~~~~~~~~~~~~~~~~~~~~
/home/jtuyls/iree-ai/llvm-aie-port/build/include/llvm/IR/IntrinsicImpl.inc:75535:6: error: ‘aie2ps_I1024_I1024_ACC2048_mac_conf’ was not declared in this scope
75535 |     {aie2ps_I1024_I1024_ACC2048_mac_conf, 11525}, // __builtin_aie2ps_I1024_I1024_ACC2048_mac_conf
      |      ^~~~~~~~~~~~~~~~~~~~~~~~~~~~~~~~~~~
/home/jtuyls/iree-ai/llvm-aie-port/build/include/llvm/IR/IntrinsicImpl.inc:75536:6: error: ‘aie2ps_I1024_I1024_ACC2048_msc_conf’ was not declared in this scope
75536 |     {aie2ps_I1024_I1024_ACC2048_msc_conf, 11554}, // __builtin_aie2ps_I1024_I1024_ACC2048_msc_conf
      |      ^~~~~~~~~~~~~~~~~~~~~~~~~~~~~~~~~~~
/home/jtuyls/iree-ai/llvm-aie-port/build/include/llvm/IR/IntrinsicImpl.inc:75537:6: error: ‘aie2ps_I1024_I1024_ACC2048_mul_conf’ was not declared in this scope
75537 |     {aie2ps_I1024_I1024_ACC2048_mul_conf, 11583}, // __builtin_aie2ps_I1024_I1024_ACC2048_mul_conf
      |      ^~~~~~~~~~~~~~~~~~~~~~~~~~~~~~~~~~~
/home/jtuyls/iree-ai/llvm-aie-port/build/include/llvm/IR/IntrinsicImpl.inc:75538:6: error: ‘aie2ps_I1024_I1024_ACC2048_negmul_conf’ was not declared in this scope
75538 |     {aie2ps_I1024_I1024_ACC2048_negmul_conf, 11612}, // __builtin_aie2ps_I1024_I1024_ACC2048_negmul_conf
      |      ^~~~~~~~~~~~~~~~~~~~~~~~~~~~~~~~~~~~~~
/home/jtuyls/iree-ai/llvm-aie-port/build/include/llvm/IR/IntrinsicImpl.inc:75539:6: error: ‘aie2ps_I1024_I512_ACC2048_addmac_conf’ was not declared in this scope
75539 |     {aie2ps_I1024_I512_ACC2048_addmac_conf, 11644}, // __builtin_aie2ps_I1024_I512_ACC2048_addmac_conf
      |      ^~~~~~~~~~~~~~~~~~~~~~~~~~~~~~~~~~~~~
/home/jtuyls/iree-ai/llvm-aie-port/build/include/llvm/IR/IntrinsicImpl.inc:75540:6: error: ‘aie2ps_I1024_I512_ACC2048_addmsc_conf’ was not declared in this scope
75540 |     {aie2ps_I1024_I512_ACC2048_addmsc_conf, 11675}, // __builtin_aie2ps_I1024_I512_ACC2048_addmsc_conf
      |      ^~~~~~~~~~~~~~~~~~~~~~~~~~~~~~~~~~~~~
/home/jtuyls/iree-ai/llvm-aie-port/build/include/llvm/IR/IntrinsicImpl.inc:75541:6: error: ‘aie2ps_I1024_I512_ACC2048_mac_conf’ was not declared in this scope
75541 |     {aie2ps_I1024_I512_ACC2048_mac_conf, 11706}, // __builtin_aie2ps_I1024_I512_ACC2048_mac_conf
      |      ^~~~~~~~~~~~~~~~~~~~~~~~~~~~~~~~~~
/home/jtuyls/iree-ai/llvm-aie-port/build/include/llvm/IR/IntrinsicImpl.inc:75542:6: error: ‘aie2ps_I1024_I512_ACC2048_msc_conf’ was not declared in this scope
75542 |     {aie2ps_I1024_I512_ACC2048_msc_conf, 11734}, // __builtin_aie2ps_I1024_I512_ACC2048_msc_conf
      |      ^~~~~~~~~~~~~~~~~~~~~~~~~~~~~~~~~~
/home/jtuyls/iree-ai/llvm-aie-port/build/include/llvm/IR/IntrinsicImpl.inc:75543:6: error: ‘aie2ps_I1024_I512_ACC2048_mul_conf’ was not declared in this scope
75543 |     {aie2ps_I1024_I512_ACC2048_mul_conf, 11762}, // __builtin_aie2ps_I1024_I512_ACC2048_mul_conf
      |      ^~~~~~~~~~~~~~~~~~~~~~~~~~~~~~~~~~
/home/jtuyls/iree-ai/llvm-aie-port/build/include/llvm/IR/IntrinsicImpl.inc:75544:6: error: ‘aie2ps_I1024_I512_ACC2048_negmul_conf’ was not declared in this scope
75544 |     {aie2ps_I1024_I512_ACC2048_negmul_conf, 11790}, // __builtin_aie2ps_I1024_I512_ACC2048_negmul_conf
      |      ^~~~~~~~~~~~~~~~~~~~~~~~~~~~~~~~~~~~~
/home/jtuyls/iree-ai/llvm-aie-port/build/include/llvm/IR/IntrinsicImpl.inc:75545:6: error: ‘aie2ps_I1024_short_ACC2048_addmac_conf’ was not declared in this scope
75545 |     {aie2ps_I1024_short_ACC2048_addmac_conf, 11821}, // __builtin_aie2ps_I1024_short_ACC2048_addmac_conf
      |      ^~~~~~~~~~~~~~~~~~~~~~~~~~~~~~~~~~~~~~
/home/jtuyls/iree-ai/llvm-aie-port/build/include/llvm/IR/IntrinsicImpl.inc:75546:6: error: ‘aie2ps_I1024_short_ACC2048_addmsc_conf’ was not declared in this scope
75546 |     {aie2ps_I1024_short_ACC2048_addmsc_conf, 11853}, // __builtin_aie2ps_I1024_short_ACC2048_addmsc_conf
      |      ^~~~~~~~~~~~~~~~~~~~~~~~~~~~~~~~~~~~~~
/home/jtuyls/iree-ai/llvm-aie-port/build/include/llvm/IR/IntrinsicImpl.inc:75547:6: error: ‘aie2ps_I1024_short_ACC2048_mac_conf’ was not declared in this scope
75547 |     {aie2ps_I1024_short_ACC2048_mac_conf, 11885}, // __builtin_aie2ps_I1024_short_ACC2048_mac_conf
      |      ^~~~~~~~~~~~~~~~~~~~~~~~~~~~~~~~~~~
/home/jtuyls/iree-ai/llvm-aie-port/build/include/llvm/IR/IntrinsicImpl.inc:75548:6: error: ‘aie2ps_I1024_short_ACC2048_msc_conf’ was not declared in this scope
75548 |     {aie2ps_I1024_short_ACC2048_msc_conf, 11914}, // __builtin_aie2ps_I1024_short_ACC2048_msc_conf
      |      ^~~~~~~~~~~~~~~~~~~~~~~~~~~~~~~~~~~
/home/jtuyls/iree-ai/llvm-aie-port/build/include/llvm/IR/IntrinsicImpl.inc:75549:6: error: ‘aie2ps_I1024_short_ACC2048_mul_conf’ was not declared in this scope
75549 |     {aie2ps_I1024_short_ACC2048_mul_conf, 11943}, // __builtin_aie2ps_I1024_short_ACC2048_mul_conf
      |      ^~~~~~~~~~~~~~~~~~~~~~~~~~~~~~~~~~~
/home/jtuyls/iree-ai/llvm-aie-port/build/include/llvm/IR/IntrinsicImpl.inc:75550:6: error: ‘aie2ps_I1024_short_ACC2048_negmul_conf’ was not declared in this scope
75550 |     {aie2ps_I1024_short_ACC2048_negmul_conf, 11972}, // __builtin_aie2ps_I1024_short_ACC2048_negmul_conf
      |      ^~~~~~~~~~~~~~~~~~~~~~~~~~~~~~~~~~~~~~
/home/jtuyls/iree-ai/llvm-aie-port/build/include/llvm/IR/IntrinsicImpl.inc:75551:6: error: ‘aie2ps_I256_v16_acc32_srs’ was not declared in this scope
75551 |     {aie2ps_I256_v16_acc32_srs, 2161}, // __builtin_aie2ps_I256_v16_acc32_srs
      |      ^~~~~~~~~~~~~~~~~~~~~~~~~
/home/jtuyls/iree-ai/llvm-aie-port/build/include/llvm/IR/IntrinsicImpl.inc:75552:6: error: ‘aie2ps_I256_v16_acc64_srs’ was not declared in this scope
75552 |     {aie2ps_I256_v16_acc64_srs, 2180}, // __builtin_aie2ps_I256_v16_acc64_srs
      |      ^~~~~~~~~~~~~~~~~~~~~~~~~
/home/jtuyls/iree-ai/llvm-aie-port/build/include/llvm/IR/IntrinsicImpl.inc:75553:6: error: ‘aie2ps_I256_v32_acc32_srs’ was not declared in this scope
75553 |     {aie2ps_I256_v32_acc32_srs, 2199}, // __builtin_aie2ps_I256_v32_acc32_srs
      |      ^~~~~~~~~~~~~~~~~~~~~~~~~
/home/jtuyls/iree-ai/llvm-aie-port/build/include/llvm/IR/IntrinsicImpl.inc:75554:6: error: ‘aie2ps_I256_v8_acc64_srs’ was not declared in this scope
75554 |     {aie2ps_I256_v8_acc64_srs, 2218}, // __builtin_aie2ps_I256_v8_acc64_srs
      |      ^~~~~~~~~~~~~~~~~~~~~~~~
/home/jtuyls/iree-ai/llvm-aie-port/build/include/llvm/IR/IntrinsicImpl.inc:75555:6: error: ‘aie2ps_I512_I1024_ACC2048_addmac_conf’ was not declared in this scope
75555 |     {aie2ps_I512_I1024_ACC2048_addmac_conf, 12004}, // __builtin_aie2ps_I512_I1024_ACC2048_addmac_conf
      |      ^~~~~~~~~~~~~~~~~~~~~~~~~~~~~~~~~~~~~
/home/jtuyls/iree-ai/llvm-aie-port/build/include/llvm/IR/IntrinsicImpl.inc:75556:6: error: ‘aie2ps_I512_I1024_ACC2048_addmsc_conf’ was not declared in this scope
75556 |     {aie2ps_I512_I1024_ACC2048_addmsc_conf, 12035}, // __builtin_aie2ps_I512_I1024_ACC2048_addmsc_conf
      |      ^~~~~~~~~~~~~~~~~~~~~~~~~~~~~~~~~~~~~
/home/jtuyls/iree-ai/llvm-aie-port/build/include/llvm/IR/IntrinsicImpl.inc:75557:6: error: ‘aie2ps_I512_I1024_ACC2048_mac_conf’ was not declared in this scope
75557 |     {aie2ps_I512_I1024_ACC2048_mac_conf, 12066}, // __builtin_aie2ps_I512_I1024_ACC2048_mac_conf
      |      ^~~~~~~~~~~~~~~~~~~~~~~~~~~~~~~~~~
/home/jtuyls/iree-ai/llvm-aie-port/build/include/llvm/IR/IntrinsicImpl.inc:75558:6: error: ‘aie2ps_I512_I1024_ACC2048_msc_conf’ was not declared in this scope
75558 |     {aie2ps_I512_I1024_ACC2048_msc_conf, 12094}, // __builtin_aie2ps_I512_I1024_ACC2048_msc_conf
      |      ^~~~~~~~~~~~~~~~~~~~~~~~~~~~~~~~~~
/home/jtuyls/iree-ai/llvm-aie-port/build/include/llvm/IR/IntrinsicImpl.inc:75559:6: error: ‘aie2ps_I512_I1024_ACC2048_mul_conf’ was not declared in this scope
75559 |     {aie2ps_I512_I1024_ACC2048_mul_conf, 12122}, // __builtin_aie2ps_I512_I1024_ACC2048_mul_conf
      |      ^~~~~~~~~~~~~~~~~~~~~~~~~~~~~~~~~~
/home/jtuyls/iree-ai/llvm-aie-port/build/include/llvm/IR/IntrinsicImpl.inc:75560:6: error: ‘aie2ps_I512_I1024_ACC2048_negmul_conf’ was not declared in this scope
75560 |     {aie2ps_I512_I1024_ACC2048_negmul_conf, 12150}, // __builtin_aie2ps_I512_I1024_ACC2048_negmul_conf
      |      ^~~~~~~~~~~~~~~~~~~~~~~~~~~~~~~~~~~~~
/home/jtuyls/iree-ai/llvm-aie-port/build/include/llvm/IR/IntrinsicImpl.inc:75561:6: error: ‘aie2ps_I512_I512_ACC1024_addmac_conf’ was not declared in this scope
75561 |     {aie2ps_I512_I512_ACC1024_addmac_conf, 12181}, // __builtin_aie2ps_I512_I512_ACC1024_addmac_conf
      |      ^~~~~~~~~~~~~~~~~~~~~~~~~~~~~~~~~~~~
/home/jtuyls/iree-ai/llvm-aie-port/build/include/llvm/IR/IntrinsicImpl.inc:75562:6: error: ‘aie2ps_I512_I512_ACC1024_addmsc_conf’ was not declared in this scope
75562 |     {aie2ps_I512_I512_ACC1024_addmsc_conf, 12211}, // __builtin_aie2ps_I512_I512_ACC1024_addmsc_conf
      |      ^~~~~~~~~~~~~~~~~~~~~~~~~~~~~~~~~~~~
/home/jtuyls/iree-ai/llvm-aie-port/build/include/llvm/IR/IntrinsicImpl.inc:75563:6: error: ‘aie2ps_I512_I512_ACC1024_mac_conf’ was not declared in this scope
75563 |     {aie2ps_I512_I512_ACC1024_mac_conf, 12241}, // __builtin_aie2ps_I512_I512_ACC1024_mac_conf
      |      ^~~~~~~~~~~~~~~~~~~~~~~~~~~~~~~~~
/home/jtuyls/iree-ai/llvm-aie-port/build/include/llvm/IR/IntrinsicImpl.inc:75564:6: error: ‘aie2ps_I512_I512_ACC1024_msc_conf’ was not declared in this scope
75564 |     {aie2ps_I512_I512_ACC1024_msc_conf, 12268}, // __builtin_aie2ps_I512_I512_ACC1024_msc_conf
      |      ^~~~~~~~~~~~~~~~~~~~~~~~~~~~~~~~~
/home/jtuyls/iree-ai/llvm-aie-port/build/include/llvm/IR/IntrinsicImpl.inc:75565:6: error: ‘aie2ps_I512_I512_ACC1024_mul_conf’ was not declared in this scope
75565 |     {aie2ps_I512_I512_ACC1024_mul_conf, 12295}, // __builtin_aie2ps_I512_I512_ACC1024_mul_conf
      |      ^~~~~~~~~~~~~~~~~~~~~~~~~~~~~~~~~
/home/jtuyls/iree-ai/llvm-aie-port/build/include/llvm/IR/IntrinsicImpl.inc:75566:6: error: ‘aie2ps_I512_I512_ACC1024_negmul_conf’ was not declared in this scope
75566 |     {aie2ps_I512_I512_ACC1024_negmul_conf, 12322}, // __builtin_aie2ps_I512_I512_ACC1024_negmul_conf
      |      ^~~~~~~~~~~~~~~~~~~~~~~~~~~~~~~~~~~~
/home/jtuyls/iree-ai/llvm-aie-port/build/include/llvm/IR/IntrinsicImpl.inc:75567:6: error: ‘aie2ps_I512_I512_ACC2048_addmac_conf’ was not declared in this scope
75567 |     {aie2ps_I512_I512_ACC2048_addmac_conf, 12352}, // __builtin_aie2ps_I512_I512_ACC2048_addmac_conf
      |      ^~~~~~~~~~~~~~~~~~~~~~~~~~~~~~~~~~~~
/home/jtuyls/iree-ai/llvm-aie-port/build/include/llvm/IR/IntrinsicImpl.inc:75568:6: error: ‘aie2ps_I512_I512_ACC2048_addmsc_conf’ was not declared in this scope
75568 |     {aie2ps_I512_I512_ACC2048_addmsc_conf, 12382}, // __builtin_aie2ps_I512_I512_ACC2048_addmsc_conf
      |      ^~~~~~~~~~~~~~~~~~~~~~~~~~~~~~~~~~~~
/home/jtuyls/iree-ai/llvm-aie-port/build/include/llvm/IR/IntrinsicImpl.inc:75569:6: error: ‘aie2ps_I512_I512_ACC2048_mac_conf’ was not declared in this scope
75569 |     {aie2ps_I512_I512_ACC2048_mac_conf, 12412}, // __builtin_aie2ps_I512_I512_ACC2048_mac_conf
      |      ^~~~~~~~~~~~~~~~~~~~~~~~~~~~~~~~~
/home/jtuyls/iree-ai/llvm-aie-port/build/include/llvm/IR/IntrinsicImpl.inc:75570:6: error: ‘aie2ps_I512_I512_ACC2048_msc_conf’ was not declared in this scope
75570 |     {aie2ps_I512_I512_ACC2048_msc_conf, 12439}, // __builtin_aie2ps_I512_I512_ACC2048_msc_conf
      |      ^~~~~~~~~~~~~~~~~~~~~~~~~~~~~~~~~
/home/jtuyls/iree-ai/llvm-aie-port/build/include/llvm/IR/IntrinsicImpl.inc:75571:6: error: ‘aie2ps_I512_I512_ACC2048_mul_conf’ was not declared in this scope
75571 |     {aie2ps_I512_I512_ACC2048_mul_conf, 12466}, // __builtin_aie2ps_I512_I512_ACC2048_mul_conf
      |      ^~~~~~~~~~~~~~~~~~~~~~~~~~~~~~~~~
/home/jtuyls/iree-ai/llvm-aie-port/build/include/llvm/IR/IntrinsicImpl.inc:75572:6: error: ‘aie2ps_I512_I512_ACC2048_negmul_conf’ was not declared in this scope
75572 |     {aie2ps_I512_I512_ACC2048_negmul_conf, 12493}, // __builtin_aie2ps_I512_I512_ACC2048_negmul_conf
      |      ^~~~~~~~~~~~~~~~~~~~~~~~~~~~~~~~~~~~
/home/jtuyls/iree-ai/llvm-aie-port/build/include/llvm/IR/IntrinsicImpl.inc:75573:6: error: ‘aie2ps_I512_char_ACC2048_addmac_conf’ was not declared in this scope
75573 |     {aie2ps_I512_char_ACC2048_addmac_conf, 12523}, // __builtin_aie2ps_I512_char_ACC2048_addmac_conf
      |      ^~~~~~~~~~~~~~~~~~~~~~~~~~~~~~~~~~~~
/home/jtuyls/iree-ai/llvm-aie-port/build/include/llvm/IR/IntrinsicImpl.inc:75574:6: error: ‘aie2ps_I512_char_ACC2048_addmsc_conf’ was not declared in this scope
75574 |     {aie2ps_I512_char_ACC2048_addmsc_conf, 12553}, // __builtin_aie2ps_I512_char_ACC2048_addmsc_conf
      |      ^~~~~~~~~~~~~~~~~~~~~~~~~~~~~~~~~~~~
/home/jtuyls/iree-ai/llvm-aie-port/build/include/llvm/IR/IntrinsicImpl.inc:75575:6: error: ‘aie2ps_I512_char_ACC2048_mac_conf’ was not declared in this scope
75575 |     {aie2ps_I512_char_ACC2048_mac_conf, 12583}, // __builtin_aie2ps_I512_char_ACC2048_mac_conf
      |      ^~~~~~~~~~~~~~~~~~~~~~~~~~~~~~~~~
/home/jtuyls/iree-ai/llvm-aie-port/build/include/llvm/IR/IntrinsicImpl.inc:75576:6: error: ‘aie2ps_I512_char_ACC2048_msc_conf’ was not declared in this scope
75576 |     {aie2ps_I512_char_ACC2048_msc_conf, 12610}, // __builtin_aie2ps_I512_char_ACC2048_msc_conf
      |      ^~~~~~~~~~~~~~~~~~~~~~~~~~~~~~~~~
/home/jtuyls/iree-ai/llvm-aie-port/build/include/llvm/IR/IntrinsicImpl.inc:75577:6: error: ‘aie2ps_I512_char_ACC2048_mul_conf’ was not declared in this scope
75577 |     {aie2ps_I512_char_ACC2048_mul_conf, 12637}, // __builtin_aie2ps_I512_char_ACC2048_mul_conf
      |      ^~~~~~~~~~~~~~~~~~~~~~~~~~~~~~~~~
/home/jtuyls/iree-ai/llvm-aie-port/build/include/llvm/IR/IntrinsicImpl.inc:75578:6: error: ‘aie2ps_I512_char_ACC2048_negmul_conf’ was not declared in this scope
75578 |     {aie2ps_I512_char_ACC2048_negmul_conf, 12664}, // __builtin_aie2ps_I512_char_ACC2048_negmul_conf
      |      ^~~~~~~~~~~~~~~~~~~~~~~~~~~~~~~~~~~~
/home/jtuyls/iree-ai/llvm-aie-port/build/include/llvm/IR/IntrinsicImpl.inc:75579:6: error: ‘aie2ps_I512_short_ACC2048_addmac_conf’ was not declared in this scope
75579 |     {aie2ps_I512_short_ACC2048_addmac_conf, 12694}, // __builtin_aie2ps_I512_short_ACC2048_addmac_conf
      |      ^~~~~~~~~~~~~~~~~~~~~~~~~~~~~~~~~~~~~
/home/jtuyls/iree-ai/llvm-aie-port/build/include/llvm/IR/IntrinsicImpl.inc:75580:6: error: ‘aie2ps_I512_short_ACC2048_addmsc_conf’ was not declared in this scope
75580 |     {aie2ps_I512_short_ACC2048_addmsc_conf, 12725}, // __builtin_aie2ps_I512_short_ACC2048_addmsc_conf
      |      ^~~~~~~~~~~~~~~~~~~~~~~~~~~~~~~~~~~~~
/home/jtuyls/iree-ai/llvm-aie-port/build/include/llvm/IR/IntrinsicImpl.inc:75581:6: error: ‘aie2ps_I512_short_ACC2048_mac_conf’ was not declared in this scope
75581 |     {aie2ps_I512_short_ACC2048_mac_conf, 12756}, // __builtin_aie2ps_I512_short_ACC2048_mac_conf
      |      ^~~~~~~~~~~~~~~~~~~~~~~~~~~~~~~~~~
/home/jtuyls/iree-ai/llvm-aie-port/build/include/llvm/IR/IntrinsicImpl.inc:75582:6: error: ‘aie2ps_I512_short_ACC2048_msc_conf’ was not declared in this scope
75582 |     {aie2ps_I512_short_ACC2048_msc_conf, 12784}, // __builtin_aie2ps_I512_short_ACC2048_msc_conf
      |      ^~~~~~~~~~~~~~~~~~~~~~~~~~~~~~~~~~
/home/jtuyls/iree-ai/llvm-aie-port/build/include/llvm/IR/IntrinsicImpl.inc:75583:6: error: ‘aie2ps_I512_short_ACC2048_mul_conf’ was not declared in this scope
75583 |     {aie2ps_I512_short_ACC2048_mul_conf, 12812}, // __builtin_aie2ps_I512_short_ACC2048_mul_conf
      |      ^~~~~~~~~~~~~~~~~~~~~~~~~~~~~~~~~~
/home/jtuyls/iree-ai/llvm-aie-port/build/include/llvm/IR/IntrinsicImpl.inc:75584:6: error: ‘aie2ps_I512_short_ACC2048_negmul_conf’ was not declared in this scope
75584 |     {aie2ps_I512_short_ACC2048_negmul_conf, 12840}, // __builtin_aie2ps_I512_short_ACC2048_negmul_conf
      |      ^~~~~~~~~~~~~~~~~~~~~~~~~~~~~~~~~~~~~
/home/jtuyls/iree-ai/llvm-aie-port/build/include/llvm/IR/IntrinsicImpl.inc:75585:6: error: ‘aie2ps_I512_v16_acc64_srs’ was not declared in this scope
75585 |     {aie2ps_I512_v16_acc64_srs, 4053}, // __builtin_aie2ps_I512_v16_acc64_srs
      |      ^~~~~~~~~~~~~~~~~~~~~~~~~
/home/jtuyls/iree-ai/llvm-aie-port/build/include/llvm/IR/IntrinsicImpl.inc:75586:6: error: ‘aie2ps_I512_v32_acc32_srs’ was not declared in this scope
75586 |     {aie2ps_I512_v32_acc32_srs, 4072}, // __builtin_aie2ps_I512_v32_acc32_srs
      |      ^~~~~~~~~~~~~~~~~~~~~~~~~
/home/jtuyls/iree-ai/llvm-aie-port/build/include/llvm/IR/IntrinsicImpl.inc:75587:6: error: ‘aie2ps_I512_v32_acc64_srs’ was not declared in this scope
75587 |     {aie2ps_I512_v32_acc64_srs, 12871}, // __builtin_aie2ps_I512_v32_acc64_srs
      |      ^~~~~~~~~~~~~~~~~~~~~~~~~
/home/jtuyls/iree-ai/llvm-aie-port/build/include/llvm/IR/IntrinsicImpl.inc:75588:6: error: ‘aie2ps_I512_v64_acc32_srs’ was not declared in this scope
75588 |     {aie2ps_I512_v64_acc32_srs, 12890}, // __builtin_aie2ps_I512_v64_acc32_srs
      |      ^~~~~~~~~~~~~~~~~~~~~~~~~
/home/jtuyls/iree-ai/llvm-aie-port/build/include/llvm/IR/IntrinsicImpl.inc:75589:6: error: ‘aie2ps_acc32_v16_I256_ups’ was not declared in this scope
75589 |     {aie2ps_acc32_v16_I256_ups, 4091}, // __builtin_aie2ps_acc32_v16_I256_ups
      |      ^~~~~~~~~~~~~~~~~~~~~~~~~
/home/jtuyls/iree-ai/llvm-aie-port/build/include/llvm/IR/IntrinsicImpl.inc:75590:6: error: ‘aie2ps_acc32_v32_I256_ups’ was not declared in this scope
75590 |     {aie2ps_acc32_v32_I256_ups, 4110}, // __builtin_aie2ps_acc32_v32_I256_ups
      |      ^~~~~~~~~~~~~~~~~~~~~~~~~
/home/jtuyls/iree-ai/llvm-aie-port/build/include/llvm/IR/IntrinsicImpl.inc:75591:6: error: ‘aie2ps_acc32_v32_I512_ups’ was not declared in this scope
75591 |     {aie2ps_acc32_v32_I512_ups, 4129}, // __builtin_aie2ps_acc32_v32_I512_ups
      |      ^~~~~~~~~~~~~~~~~~~~~~~~~
/home/jtuyls/iree-ai/llvm-aie-port/build/include/llvm/IR/IntrinsicImpl.inc:75592:6: error: ‘aie2ps_acc32_v64_I512_ups’ was not declared in this scope
75592 |     {aie2ps_acc32_v64_I512_ups, 12909}, // __builtin_aie2ps_acc32_v64_I512_ups
      |      ^~~~~~~~~~~~~~~~~~~~~~~~~
/home/jtuyls/iree-ai/llvm-aie-port/build/include/llvm/IR/IntrinsicImpl.inc:75593:6: error: ‘aie2ps_acc64_v16_I256_ups’ was not declared in this scope
75593 |     {aie2ps_acc64_v16_I256_ups, 4148}, // __builtin_aie2ps_acc64_v16_I256_ups
      |      ^~~~~~~~~~~~~~~~~~~~~~~~~
/home/jtuyls/iree-ai/llvm-aie-port/build/include/llvm/IR/IntrinsicImpl.inc:75594:6: error: ‘aie2ps_acc64_v16_I512_ups’ was not declared in this scope
75594 |     {aie2ps_acc64_v16_I512_ups, 4167}, // __builtin_aie2ps_acc64_v16_I512_ups
      |      ^~~~~~~~~~~~~~~~~~~~~~~~~
/home/jtuyls/iree-ai/llvm-aie-port/build/include/llvm/IR/IntrinsicImpl.inc:75595:6: error: ‘aie2ps_acc64_v32_I512_ups’ was not declared in this scope
75595 |     {aie2ps_acc64_v32_I512_ups, 12928}, // __builtin_aie2ps_acc64_v32_I512_ups
      |      ^~~~~~~~~~~~~~~~~~~~~~~~~
/home/jtuyls/iree-ai/llvm-aie-port/build/include/llvm/IR/IntrinsicImpl.inc:75596:6: error: ‘aie2ps_acc64_v8_I256_ups’ was not declared in this scope
75596 |     {aie2ps_acc64_v8_I256_ups, 4186}, // __builtin_aie2ps_acc64_v8_I256_ups
      |      ^~~~~~~~~~~~~~~~~~~~~~~~
/home/jtuyls/iree-ai/llvm-aie-port/build/include/llvm/IR/IntrinsicImpl.inc:75597:6: error: ‘aie2ps_acquire’ was not declared in this scope
75597 |     {aie2ps_acquire, 420}, // __builtin_aie2ps_acquire
      |      ^~~~~~~~~~~~~~
/home/jtuyls/iree-ai/llvm-aie-port/build/include/llvm/IR/IntrinsicImpl.inc:75598:6: error: ‘aie2ps_acquire_cond’ was not declared in this scope
75598 |     {aie2ps_acquire_cond, 4204}, // __builtin_aie2ps_acquire_cond
      |      ^~~~~~~~~~~~~~~~~~~
/home/jtuyls/iree-ai/llvm-aie-port/build/include/llvm/IR/IntrinsicImpl.inc:75599:6: error: ‘aie2ps_bf16_I1024_bf16_ACC2048_bf_addmac_conf’ was not declared in this scope
75599 |     {aie2ps_bf16_I1024_bf16_ACC2048_bf_addmac_conf, 12947}, // __builtin_aie2ps_bf16_I1024_bf16_ACC2048_bf_addmac_conf
      |      ^~~~~~~~~~~~~~~~~~~~~~~~~~~~~~~~~~~~~~~~~~~~~
/home/jtuyls/iree-ai/llvm-aie-port/build/include/llvm/IR/IntrinsicImpl.inc:75600:6: error: ‘aie2ps_bf16_I1024_bf16_ACC2048_bf_addmsc_conf’ was not declared in this scope
75600 |     {aie2ps_bf16_I1024_bf16_ACC2048_bf_addmsc_conf, 12986}, // __builtin_aie2ps_bf16_I1024_bf16_ACC2048_bf_addmsc_conf
      |      ^~~~~~~~~~~~~~~~~~~~~~~~~~~~~~~~~~~~~~~~~~~~~
/home/jtuyls/iree-ai/llvm-aie-port/build/include/llvm/IR/IntrinsicImpl.inc:75601:6: error: ‘aie2ps_bf16_I1024_bf16_ACC2048_bf_mac_conf’ was not declared in this scope
75601 |     {aie2ps_bf16_I1024_bf16_ACC2048_bf_mac_conf, 13025}, // __builtin_aie2ps_bf16_I1024_bf16_ACC2048_bf_mac_conf
      |      ^~~~~~~~~~~~~~~~~~~~~~~~~~~~~~~~~~~~~~~~~~
/home/jtuyls/iree-ai/llvm-aie-port/build/include/llvm/IR/IntrinsicImpl.inc:75602:6: error: ‘aie2ps_bf16_I1024_bf16_ACC2048_bf_msc_conf’ was not declared in this scope
75602 |     {aie2ps_bf16_I1024_bf16_ACC2048_bf_msc_conf, 13061}, // __builtin_aie2ps_bf16_I1024_bf16_ACC2048_bf_msc_conf
      |      ^~~~~~~~~~~~~~~~~~~~~~~~~~~~~~~~~~~~~~~~~~
/home/jtuyls/iree-ai/llvm-aie-port/build/include/llvm/IR/IntrinsicImpl.inc:75603:6: error: ‘aie2ps_bf16_I1024_bf16_ACC2048_bf_mul_conf’ was not declared in this scope
75603 |     {aie2ps_bf16_I1024_bf16_ACC2048_bf_mul_conf, 13097}, // __builtin_aie2ps_bf16_I1024_bf16_ACC2048_bf_mul_conf
      |      ^~~~~~~~~~~~~~~~~~~~~~~~~~~~~~~~~~~~~~~~~~
/home/jtuyls/iree-ai/llvm-aie-port/build/include/llvm/IR/IntrinsicImpl.inc:75604:6: error: ‘aie2ps_bf16_I1024_bf16_ACC2048_bf_negmul_conf’ was not declared in this scope
75604 |     {aie2ps_bf16_I1024_bf16_ACC2048_bf_negmul_conf, 13133}, // __builtin_aie2ps_bf16_I1024_bf16_ACC2048_bf_negmul_conf
      |      ^~~~~~~~~~~~~~~~~~~~~~~~~~~~~~~~~~~~~~~~~~~~~
/home/jtuyls/iree-ai/llvm-aie-port/build/include/llvm/IR/IntrinsicImpl.inc:75605:6: error: ‘aie2ps_bf16_I1024_bf16_I1024_ACC2048_bf_addmac_conf’ was not declared in this scope
75605 |     {aie2ps_bf16_I1024_bf16_I1024_ACC2048_bf_addmac_conf, 13172}, // __builtin_aie2ps_bf16_I1024_bf16_I1024_ACC2048_bf_addmac_conf
      |      ^~~~~~~~~~~~~~~~~~~~~~~~~~~~~~~~~~~~~~~~~~~~~~~~~~~
/home/jtuyls/iree-ai/llvm-aie-port/build/include/llvm/IR/IntrinsicImpl.inc:75606:6: error: ‘aie2ps_bf16_I1024_bf16_I1024_ACC2048_bf_addmsc_conf’ was not declared in this scope
75606 |     {aie2ps_bf16_I1024_bf16_I1024_ACC2048_bf_addmsc_conf, 13217}, // __builtin_aie2ps_bf16_I1024_bf16_I1024_ACC2048_bf_addmsc_conf
      |      ^~~~~~~~~~~~~~~~~~~~~~~~~~~~~~~~~~~~~~~~~~~~~~~~~~~
/home/jtuyls/iree-ai/llvm-aie-port/build/include/llvm/IR/IntrinsicImpl.inc:75607:6: error: ‘aie2ps_bf16_I1024_bf16_I1024_ACC2048_bf_mac_conf’ was not declared in this scope
75607 |     {aie2ps_bf16_I1024_bf16_I1024_ACC2048_bf_mac_conf, 13262}, // __builtin_aie2ps_bf16_I1024_bf16_I1024_ACC2048_bf_mac_conf
      |      ^~~~~~~~~~~~~~~~~~~~~~~~~~~~~~~~~~~~~~~~~~~~~~~~
/home/jtuyls/iree-ai/llvm-aie-port/build/include/llvm/IR/IntrinsicImpl.inc:75608:6: error: ‘aie2ps_bf16_I1024_bf16_I1024_ACC2048_bf_msc_conf’ was not declared in this scope
75608 |     {aie2ps_bf16_I1024_bf16_I1024_ACC2048_bf_msc_conf, 13304}, // __builtin_aie2ps_bf16_I1024_bf16_I1024_ACC2048_bf_msc_conf
      |      ^~~~~~~~~~~~~~~~~~~~~~~~~~~~~~~~~~~~~~~~~~~~~~~~
/home/jtuyls/iree-ai/llvm-aie-port/build/include/llvm/IR/IntrinsicImpl.inc:75609:6: error: ‘aie2ps_bf16_I1024_bf16_I1024_ACC2048_bf_mul_conf’ was not declared in this scope
75609 |     {aie2ps_bf16_I1024_bf16_I1024_ACC2048_bf_mul_conf, 13346}, // __builtin_aie2ps_bf16_I1024_bf16_I1024_ACC2048_bf_mul_conf
      |      ^~~~~~~~~~~~~~~~~~~~~~~~~~~~~~~~~~~~~~~~~~~~~~~~
/home/jtuyls/iree-ai/llvm-aie-port/build/include/llvm/IR/IntrinsicImpl.inc:75610:6: error: ‘aie2ps_bf16_I1024_bf16_I1024_ACC2048_bf_negmul_conf’ was not declared in this scope
75610 |     {aie2ps_bf16_I1024_bf16_I1024_ACC2048_bf_negmul_conf, 13388}, // __builtin_aie2ps_bf16_I1024_bf16_I1024_ACC2048_bf_negmul_conf
      |      ^~~~~~~~~~~~~~~~~~~~~~~~~~~~~~~~~~~~~~~~~~~~~~~~~~~
/home/jtuyls/iree-ai/llvm-aie-port/build/include/llvm/IR/IntrinsicImpl.inc:75611:6: error: ‘aie2ps_bf16_I1024_fp16_ACC2048_bf_addmac_conf’ was not declared in this scope
75611 |     {aie2ps_bf16_I1024_fp16_ACC2048_bf_addmac_conf, 13433}, // __builtin_aie2ps_bf16_I1024_fp16_ACC2048_bf_addmac_conf
      |      ^~~~~~~~~~~~~~~~~~~~~~~~~~~~~~~~~~~~~~~~~~~~~
/home/jtuyls/iree-ai/llvm-aie-port/build/include/llvm/IR/IntrinsicImpl.inc:75612:6: error: ‘aie2ps_bf16_I1024_fp16_ACC2048_bf_addmsc_conf’ was not declared in this scope
75612 |     {aie2ps_bf16_I1024_fp16_ACC2048_bf_addmsc_conf, 13472}, // __builtin_aie2ps_bf16_I1024_fp16_ACC2048_bf_addmsc_conf
      |      ^~~~~~~~~~~~~~~~~~~~~~~~~~~~~~~~~~~~~~~~~~~~~
/home/jtuyls/iree-ai/llvm-aie-port/build/include/llvm/IR/IntrinsicImpl.inc:75613:6: error: ‘aie2ps_bf16_I1024_fp16_ACC2048_bf_mac_conf’ was not declared in this scope
75613 |     {aie2ps_bf16_I1024_fp16_ACC2048_bf_mac_conf, 13511}, // __builtin_aie2ps_bf16_I1024_fp16_ACC2048_bf_mac_conf
      |      ^~~~~~~~~~~~~~~~~~~~~~~~~~~~~~~~~~~~~~~~~~
/home/jtuyls/iree-ai/llvm-aie-port/build/include/llvm/IR/IntrinsicImpl.inc:75614:6: error: ‘aie2ps_bf16_I1024_fp16_ACC2048_bf_msc_conf’ was not declared in this scope
75614 |     {aie2ps_bf16_I1024_fp16_ACC2048_bf_msc_conf, 13547}, // __builtin_aie2ps_bf16_I1024_fp16_ACC2048_bf_msc_conf
      |      ^~~~~~~~~~~~~~~~~~~~~~~~~~~~~~~~~~~~~~~~~~
/home/jtuyls/iree-ai/llvm-aie-port/build/include/llvm/IR/IntrinsicImpl.inc:75615:6: error: ‘aie2ps_bf16_I1024_fp16_ACC2048_bf_mul_conf’ was not declared in this scope
75615 |     {aie2ps_bf16_I1024_fp16_ACC2048_bf_mul_conf, 13583}, // __builtin_aie2ps_bf16_I1024_fp16_ACC2048_bf_mul_conf
      |      ^~~~~~~~~~~~~~~~~~~~~~~~~~~~~~~~~~~~~~~~~~
/home/jtuyls/iree-ai/llvm-aie-port/build/include/llvm/IR/IntrinsicImpl.inc:75616:6: error: ‘aie2ps_bf16_I1024_fp16_ACC2048_bf_negmul_conf’ was not declared in this scope
75616 |     {aie2ps_bf16_I1024_fp16_ACC2048_bf_negmul_conf, 13619}, // __builtin_aie2ps_bf16_I1024_fp16_ACC2048_bf_negmul_conf
      |      ^~~~~~~~~~~~~~~~~~~~~~~~~~~~~~~~~~~~~~~~~~~~~
/home/jtuyls/iree-ai/llvm-aie-port/build/include/llvm/IR/IntrinsicImpl.inc:75617:6: error: ‘aie2ps_bf16_I1024_fp16_I1024_ACC2048_bf_addmac_conf’ was not declared in this scope
75617 |     {aie2ps_bf16_I1024_fp16_I1024_ACC2048_bf_addmac_conf, 13658}, // __builtin_aie2ps_bf16_I1024_fp16_I1024_ACC2048_bf_addmac_conf
      |      ^~~~~~~~~~~~~~~~~~~~~~~~~~~~~~~~~~~~~~~~~~~~~~~~~~~
/home/jtuyls/iree-ai/llvm-aie-port/build/include/llvm/IR/IntrinsicImpl.inc:75618:6: error: ‘aie2ps_bf16_I1024_fp16_I1024_ACC2048_bf_addmsc_conf’ was not declared in this scope
75618 |     {aie2ps_bf16_I1024_fp16_I1024_ACC2048_bf_addmsc_conf, 13703}, // __builtin_aie2ps_bf16_I1024_fp16_I1024_ACC2048_bf_addmsc_conf
      |      ^~~~~~~~~~~~~~~~~~~~~~~~~~~~~~~~~~~~~~~~~~~~~~~~~~~
/home/jtuyls/iree-ai/llvm-aie-port/build/include/llvm/IR/IntrinsicImpl.inc:75619:6: error: ‘aie2ps_bf16_I1024_fp16_I1024_ACC2048_bf_mac_conf’ was not declared in this scope
75619 |     {aie2ps_bf16_I1024_fp16_I1024_ACC2048_bf_mac_conf, 13748}, // __builtin_aie2ps_bf16_I1024_fp16_I1024_ACC2048_bf_mac_conf
      |      ^~~~~~~~~~~~~~~~~~~~~~~~~~~~~~~~~~~~~~~~~~~~~~~~
/home/jtuyls/iree-ai/llvm-aie-port/build/include/llvm/IR/IntrinsicImpl.inc:75620:6: error: ‘aie2ps_bf16_I1024_fp16_I1024_ACC2048_bf_msc_conf’ was not declared in this scope
75620 |     {aie2ps_bf16_I1024_fp16_I1024_ACC2048_bf_msc_conf, 13790}, // __builtin_aie2ps_bf16_I1024_fp16_I1024_ACC2048_bf_msc_conf
      |      ^~~~~~~~~~~~~~~~~~~~~~~~~~~~~~~~~~~~~~~~~~~~~~~~
/home/jtuyls/iree-ai/llvm-aie-port/build/include/llvm/IR/IntrinsicImpl.inc:75621:6: error: ‘aie2ps_bf16_I1024_fp16_I1024_ACC2048_bf_mul_conf’ was not declared in this scope
75621 |     {aie2ps_bf16_I1024_fp16_I1024_ACC2048_bf_mul_conf, 13832}, // __builtin_aie2ps_bf16_I1024_fp16_I1024_ACC2048_bf_mul_conf
      |      ^~~~~~~~~~~~~~~~~~~~~~~~~~~~~~~~~~~~~~~~~~~~~~~~
/home/jtuyls/iree-ai/llvm-aie-port/build/include/llvm/IR/IntrinsicImpl.inc:75622:6: error: ‘aie2ps_bf16_I1024_fp16_I1024_ACC2048_bf_negmul_conf’ was not declared in this scope
75622 |     {aie2ps_bf16_I1024_fp16_I1024_ACC2048_bf_negmul_conf, 13874}, // __builtin_aie2ps_bf16_I1024_fp16_I1024_ACC2048_bf_negmul_conf
      |      ^~~~~~~~~~~~~~~~~~~~~~~~~~~~~~~~~~~~~~~~~~~~~~~~~~~
/home/jtuyls/iree-ai/llvm-aie-port/build/include/llvm/IR/IntrinsicImpl.inc:75623:6: error: ‘aie2ps_bf16_I512_bf16_ACC1024_bf_addmac_conf’ was not declared in this scope
75623 |     {aie2ps_bf16_I512_bf16_ACC1024_bf_addmac_conf, 13919}, // __builtin_aie2ps_bf16_I512_bf16_ACC1024_bf_addmac_conf
      |      ^~~~~~~~~~~~~~~~~~~~~~~~~~~~~~~~~~~~~~~~~~~~
/home/jtuyls/iree-ai/llvm-aie-port/build/include/llvm/IR/IntrinsicImpl.inc:75624:6: error: ‘aie2ps_bf16_I512_bf16_ACC1024_bf_addmsc_conf’ was not declared in this scope
75624 |     {aie2ps_bf16_I512_bf16_ACC1024_bf_addmsc_conf, 13957}, // __builtin_aie2ps_bf16_I512_bf16_ACC1024_bf_addmsc_conf
      |      ^~~~~~~~~~~~~~~~~~~~~~~~~~~~~~~~~~~~~~~~~~~~
/home/jtuyls/iree-ai/llvm-aie-port/build/include/llvm/IR/IntrinsicImpl.inc:75625:6: error: ‘aie2ps_bf16_I512_bf16_ACC1024_bf_mac_conf’ was not declared in this scope
75625 |     {aie2ps_bf16_I512_bf16_ACC1024_bf_mac_conf, 13995}, // __builtin_aie2ps_bf16_I512_bf16_ACC1024_bf_mac_conf
      |      ^~~~~~~~~~~~~~~~~~~~~~~~~~~~~~~~~~~~~~~~~
/home/jtuyls/iree-ai/llvm-aie-port/build/include/llvm/IR/IntrinsicImpl.inc:75626:6: error: ‘aie2ps_bf16_I512_bf16_ACC1024_bf_msc_conf’ was not declared in this scope
75626 |     {aie2ps_bf16_I512_bf16_ACC1024_bf_msc_conf, 14030}, // __builtin_aie2ps_bf16_I512_bf16_ACC1024_bf_msc_conf
      |      ^~~~~~~~~~~~~~~~~~~~~~~~~~~~~~~~~~~~~~~~~
/home/jtuyls/iree-ai/llvm-aie-port/build/include/llvm/IR/IntrinsicImpl.inc:75627:6: error: ‘aie2ps_bf16_I512_bf16_ACC1024_bf_mul_conf’ was not declared in this scope
75627 |     {aie2ps_bf16_I512_bf16_ACC1024_bf_mul_conf, 14065}, // __builtin_aie2ps_bf16_I512_bf16_ACC1024_bf_mul_conf
      |      ^~~~~~~~~~~~~~~~~~~~~~~~~~~~~~~~~~~~~~~~~
/home/jtuyls/iree-ai/llvm-aie-port/build/include/llvm/IR/IntrinsicImpl.inc:75628:6: error: ‘aie2ps_bf16_I512_bf16_ACC1024_bf_negmul_conf’ was not declared in this scope
75628 |     {aie2ps_bf16_I512_bf16_ACC1024_bf_negmul_conf, 14100}, // __builtin_aie2ps_bf16_I512_bf16_ACC1024_bf_negmul_conf
      |      ^~~~~~~~~~~~~~~~~~~~~~~~~~~~~~~~~~~~~~~~~~~~
/home/jtuyls/iree-ai/llvm-aie-port/build/include/llvm/IR/IntrinsicImpl.inc:75629:6: error: ‘aie2ps_bf16_I512_bf16_I1024_ACC1024_bf_addmac_conf’ was not declared in this scope
75629 |     {aie2ps_bf16_I512_bf16_I1024_ACC1024_bf_addmac_conf, 14138}, // __builtin_aie2ps_bf16_I512_bf16_I1024_ACC1024_bf_addmac_conf
      |      ^~~~~~~~~~~~~~~~~~~~~~~~~~~~~~~~~~~~~~~~~~~~~~~~~~
/home/jtuyls/iree-ai/llvm-aie-port/build/include/llvm/IR/IntrinsicImpl.inc:75630:6: error: ‘aie2ps_bf16_I512_bf16_I1024_ACC1024_bf_addmsc_conf’ was not declared in this scope
75630 |     {aie2ps_bf16_I512_bf16_I1024_ACC1024_bf_addmsc_conf, 14182}, // __builtin_aie2ps_bf16_I512_bf16_I1024_ACC1024_bf_addmsc_conf
      |      ^~~~~~~~~~~~~~~~~~~~~~~~~~~~~~~~~~~~~~~~~~~~~~~~~~
/home/jtuyls/iree-ai/llvm-aie-port/build/include/llvm/IR/IntrinsicImpl.inc:75631:6: error: ‘aie2ps_bf16_I512_bf16_I1024_ACC1024_bf_mac_conf’ was not declared in this scope
75631 |     {aie2ps_bf16_I512_bf16_I1024_ACC1024_bf_mac_conf, 14226}, // __builtin_aie2ps_bf16_I512_bf16_I1024_ACC1024_bf_mac_conf
      |      ^~~~~~~~~~~~~~~~~~~~~~~~~~~~~~~~~~~~~~~~~~~~~~~
/home/jtuyls/iree-ai/llvm-aie-port/build/include/llvm/IR/IntrinsicImpl.inc:75632:6: error: ‘aie2ps_bf16_I512_bf16_I1024_ACC1024_bf_msc_conf’ was not declared in this scope
75632 |     {aie2ps_bf16_I512_bf16_I1024_ACC1024_bf_msc_conf, 14267}, // __builtin_aie2ps_bf16_I512_bf16_I1024_ACC1024_bf_msc_conf
      |      ^~~~~~~~~~~~~~~~~~~~~~~~~~~~~~~~~~~~~~~~~~~~~~~
/home/jtuyls/iree-ai/llvm-aie-port/build/include/llvm/IR/IntrinsicImpl.inc:75633:6: error: ‘aie2ps_bf16_I512_bf16_I1024_ACC1024_bf_mul_conf’ was not declared in this scope
75633 |     {aie2ps_bf16_I512_bf16_I1024_ACC1024_bf_mul_conf, 14308}, // __builtin_aie2ps_bf16_I512_bf16_I1024_ACC1024_bf_mul_conf
      |      ^~~~~~~~~~~~~~~~~~~~~~~~~~~~~~~~~~~~~~~~~~~~~~~
/home/jtuyls/iree-ai/llvm-aie-port/build/include/llvm/IR/IntrinsicImpl.inc:75634:6: error: ‘aie2ps_bf16_I512_bf16_I1024_ACC1024_bf_negmul_conf’ was not declared in this scope
75634 |     {aie2ps_bf16_I512_bf16_I1024_ACC1024_bf_negmul_conf, 14349}, // __builtin_aie2ps_bf16_I512_bf16_I1024_ACC1024_bf_negmul_conf
      |      ^~~~~~~~~~~~~~~~~~~~~~~~~~~~~~~~~~~~~~~~~~~~~~~~~~
/home/jtuyls/iree-ai/llvm-aie-port/build/include/llvm/IR/IntrinsicImpl.inc:75635:6: error: ‘aie2ps_bf16_I512_bf16_I512_ACC1024_bf_addmac_conf’ was not declared in this scope
75635 |     {aie2ps_bf16_I512_bf16_I512_ACC1024_bf_addmac_conf, 14393}, // __builtin_aie2ps_bf16_I512_bf16_I512_ACC1024_bf_addmac_conf
      |      ^~~~~~~~~~~~~~~~~~~~~~~~~~~~~~~~~~~~~~~~~~~~~~~~~
/home/jtuyls/iree-ai/llvm-aie-port/build/include/llvm/IR/IntrinsicImpl.inc:75636:6: error: ‘aie2ps_bf16_I512_bf16_I512_ACC1024_bf_addmsc_conf’ was not declared in this scope
75636 |     {aie2ps_bf16_I512_bf16_I512_ACC1024_bf_addmsc_conf, 14436}, // __builtin_aie2ps_bf16_I512_bf16_I512_ACC1024_bf_addmsc_conf
      |      ^~~~~~~~~~~~~~~~~~~~~~~~~~~~~~~~~~~~~~~~~~~~~~~~~
/home/jtuyls/iree-ai/llvm-aie-port/build/include/llvm/IR/IntrinsicImpl.inc:75637:6: error: ‘aie2ps_bf16_I512_bf16_I512_ACC1024_bf_mac_conf’ was not declared in this scope
75637 |     {aie2ps_bf16_I512_bf16_I512_ACC1024_bf_mac_conf, 14479}, // __builtin_aie2ps_bf16_I512_bf16_I512_ACC1024_bf_mac_conf
      |      ^~~~~~~~~~~~~~~~~~~~~~~~~~~~~~~~~~~~~~~~~~~~~~
/home/jtuyls/iree-ai/llvm-aie-port/build/include/llvm/IR/IntrinsicImpl.inc:75638:6: error: ‘aie2ps_bf16_I512_bf16_I512_ACC1024_bf_msc_conf’ was not declared in this scope
75638 |     {aie2ps_bf16_I512_bf16_I512_ACC1024_bf_msc_conf, 14519}, // __builtin_aie2ps_bf16_I512_bf16_I512_ACC1024_bf_msc_conf
      |      ^~~~~~~~~~~~~~~~~~~~~~~~~~~~~~~~~~~~~~~~~~~~~~
/home/jtuyls/iree-ai/llvm-aie-port/build/include/llvm/IR/IntrinsicImpl.inc:75639:6: error: ‘aie2ps_bf16_I512_bf16_I512_ACC1024_bf_mul_conf’ was not declared in this scope
75639 |     {aie2ps_bf16_I512_bf16_I512_ACC1024_bf_mul_conf, 14559}, // __builtin_aie2ps_bf16_I512_bf16_I512_ACC1024_bf_mul_conf
      |      ^~~~~~~~~~~~~~~~~~~~~~~~~~~~~~~~~~~~~~~~~~~~~~
/home/jtuyls/iree-ai/llvm-aie-port/build/include/llvm/IR/IntrinsicImpl.inc:75640:6: error: ‘aie2ps_bf16_I512_bf16_I512_ACC1024_bf_negmul_conf’ was not declared in this scope
75640 |     {aie2ps_bf16_I512_bf16_I512_ACC1024_bf_negmul_conf, 14599}, // __builtin_aie2ps_bf16_I512_bf16_I512_ACC1024_bf_negmul_conf
      |      ^~~~~~~~~~~~~~~~~~~~~~~~~~~~~~~~~~~~~~~~~~~~~~~~~
/home/jtuyls/iree-ai/llvm-aie-port/build/include/llvm/IR/IntrinsicImpl.inc:75641:6: error: ‘aie2ps_bf16_I512_fp16_ACC1024_bf_addmac_conf’ was not declared in this scope
75641 |     {aie2ps_bf16_I512_fp16_ACC1024_bf_addmac_conf, 14642}, // __builtin_aie2ps_bf16_I512_fp16_ACC1024_bf_addmac_conf
      |      ^~~~~~~~~~~~~~~~~~~~~~~~~~~~~~~~~~~~~~~~~~~~
/home/jtuyls/iree-ai/llvm-aie-port/build/include/llvm/IR/IntrinsicImpl.inc:75642:6: error: ‘aie2ps_bf16_I512_fp16_ACC1024_bf_addmsc_conf’ was not declared in this scope
75642 |     {aie2ps_bf16_I512_fp16_ACC1024_bf_addmsc_conf, 14680}, // __builtin_aie2ps_bf16_I512_fp16_ACC1024_bf_addmsc_conf
      |      ^~~~~~~~~~~~~~~~~~~~~~~~~~~~~~~~~~~~~~~~~~~~
/home/jtuyls/iree-ai/llvm-aie-port/build/include/llvm/IR/IntrinsicImpl.inc:75643:6: error: ‘aie2ps_bf16_I512_fp16_ACC1024_bf_mac_conf’ was not declared in this scope
75643 |     {aie2ps_bf16_I512_fp16_ACC1024_bf_mac_conf, 14718}, // __builtin_aie2ps_bf16_I512_fp16_ACC1024_bf_mac_conf
      |      ^~~~~~~~~~~~~~~~~~~~~~~~~~~~~~~~~~~~~~~~~
/home/jtuyls/iree-ai/llvm-aie-port/build/include/llvm/IR/IntrinsicImpl.inc:75644:6: error: ‘aie2ps_bf16_I512_fp16_ACC1024_bf_msc_conf’ was not declared in this scope
75644 |     {aie2ps_bf16_I512_fp16_ACC1024_bf_msc_conf, 14753}, // __builtin_aie2ps_bf16_I512_fp16_ACC1024_bf_msc_conf
      |      ^~~~~~~~~~~~~~~~~~~~~~~~~~~~~~~~~~~~~~~~~
/home/jtuyls/iree-ai/llvm-aie-port/build/include/llvm/IR/IntrinsicImpl.inc:75645:6: error: ‘aie2ps_bf16_I512_fp16_ACC1024_bf_mul_conf’ was not declared in this scope
75645 |     {aie2ps_bf16_I512_fp16_ACC1024_bf_mul_conf, 14788}, // __builtin_aie2ps_bf16_I512_fp16_ACC1024_bf_mul_conf
      |      ^~~~~~~~~~~~~~~~~~~~~~~~~~~~~~~~~~~~~~~~~
/home/jtuyls/iree-ai/llvm-aie-port/build/include/llvm/IR/IntrinsicImpl.inc:75646:6: error: ‘aie2ps_bf16_I512_fp16_ACC1024_bf_negmul_conf’ was not declared in this scope
75646 |     {aie2ps_bf16_I512_fp16_ACC1024_bf_negmul_conf, 14823}, // __builtin_aie2ps_bf16_I512_fp16_ACC1024_bf_negmul_conf
      |      ^~~~~~~~~~~~~~~~~~~~~~~~~~~~~~~~~~~~~~~~~~~~
/home/jtuyls/iree-ai/llvm-aie-port/build/include/llvm/IR/IntrinsicImpl.inc:75647:6: error: ‘aie2ps_bf16_I512_fp16_I1024_ACC1024_bf_addmac_conf’ was not declared in this scope
75647 |     {aie2ps_bf16_I512_fp16_I1024_ACC1024_bf_addmac_conf, 14861}, // __builtin_aie2ps_bf16_I512_fp16_I1024_ACC1024_bf_addmac_conf
      |      ^~~~~~~~~~~~~~~~~~~~~~~~~~~~~~~~~~~~~~~~~~~~~~~~~~
/home/jtuyls/iree-ai/llvm-aie-port/build/include/llvm/IR/IntrinsicImpl.inc:75648:6: error: ‘aie2ps_bf16_I512_fp16_I1024_ACC1024_bf_addmsc_conf’ was not declared in this scope
75648 |     {aie2ps_bf16_I512_fp16_I1024_ACC1024_bf_addmsc_conf, 14905}, // __builtin_aie2ps_bf16_I512_fp16_I1024_ACC1024_bf_addmsc_conf
      |      ^~~~~~~~~~~~~~~~~~~~~~~~~~~~~~~~~~~~~~~~~~~~~~~~~~
/home/jtuyls/iree-ai/llvm-aie-port/build/include/llvm/IR/IntrinsicImpl.inc:75649:6: error: ‘aie2ps_bf16_I512_fp16_I1024_ACC1024_bf_mac_conf’ was not declared in this scope
75649 |     {aie2ps_bf16_I512_fp16_I1024_ACC1024_bf_mac_conf, 14949}, // __builtin_aie2ps_bf16_I512_fp16_I1024_ACC1024_bf_mac_conf
      |      ^~~~~~~~~~~~~~~~~~~~~~~~~~~~~~~~~~~~~~~~~~~~~~~
/home/jtuyls/iree-ai/llvm-aie-port/build/include/llvm/IR/IntrinsicImpl.inc:75650:6: error: ‘aie2ps_bf16_I512_fp16_I1024_ACC1024_bf_msc_conf’ was not declared in this scope
75650 |     {aie2ps_bf16_I512_fp16_I1024_ACC1024_bf_msc_conf, 14990}, // __builtin_aie2ps_bf16_I512_fp16_I1024_ACC1024_bf_msc_conf
      |      ^~~~~~~~~~~~~~~~~~~~~~~~~~~~~~~~~~~~~~~~~~~~~~~
/home/jtuyls/iree-ai/llvm-aie-port/build/include/llvm/IR/IntrinsicImpl.inc:75651:6: error: ‘aie2ps_bf16_I512_fp16_I1024_ACC1024_bf_mul_conf’ was not declared in this scope
75651 |     {aie2ps_bf16_I512_fp16_I1024_ACC1024_bf_mul_conf, 15031}, // __builtin_aie2ps_bf16_I512_fp16_I1024_ACC1024_bf_mul_conf
      |      ^~~~~~~~~~~~~~~~~~~~~~~~~~~~~~~~~~~~~~~~~~~~~~~
/home/jtuyls/iree-ai/llvm-aie-port/build/include/llvm/IR/IntrinsicImpl.inc:75652:6: error: ‘aie2ps_bf16_I512_fp16_I1024_ACC1024_bf_negmul_conf’ was not declared in this scope
75652 |     {aie2ps_bf16_I512_fp16_I1024_ACC1024_bf_negmul_conf, 15072}, // __builtin_aie2ps_bf16_I512_fp16_I1024_ACC1024_bf_negmul_conf
      |      ^~~~~~~~~~~~~~~~~~~~~~~~~~~~~~~~~~~~~~~~~~~~~~~~~~
/home/jtuyls/iree-ai/llvm-aie-port/build/include/llvm/IR/IntrinsicImpl.inc:75653:6: error: ‘aie2ps_bf16_I512_fp16_I512_ACC1024_bf_addmac_conf’ was not declared in this scope
75653 |     {aie2ps_bf16_I512_fp16_I512_ACC1024_bf_addmac_conf, 15116}, // __builtin_aie2ps_bf16_I512_fp16_I512_ACC1024_bf_addmac_conf
      |      ^~~~~~~~~~~~~~~~~~~~~~~~~~~~~~~~~~~~~~~~~~~~~~~~~
/home/jtuyls/iree-ai/llvm-aie-port/build/include/llvm/IR/IntrinsicImpl.inc:75654:6: error: ‘aie2ps_bf16_I512_fp16_I512_ACC1024_bf_addmsc_conf’ was not declared in this scope
75654 |     {aie2ps_bf16_I512_fp16_I512_ACC1024_bf_addmsc_conf, 15159}, // __builtin_aie2ps_bf16_I512_fp16_I512_ACC1024_bf_addmsc_conf
      |      ^~~~~~~~~~~~~~~~~~~~~~~~~~~~~~~~~~~~~~~~~~~~~~~~~
/home/jtuyls/iree-ai/llvm-aie-port/build/include/llvm/IR/IntrinsicImpl.inc:75655:6: error: ‘aie2ps_bf16_I512_fp16_I512_ACC1024_bf_mac_conf’ was not declared in this scope
75655 |     {aie2ps_bf16_I512_fp16_I512_ACC1024_bf_mac_conf, 15202}, // __builtin_aie2ps_bf16_I512_fp16_I512_ACC1024_bf_mac_conf
      |      ^~~~~~~~~~~~~~~~~~~~~~~~~~~~~~~~~~~~~~~~~~~~~~
/home/jtuyls/iree-ai/llvm-aie-port/build/include/llvm/IR/IntrinsicImpl.inc:75656:6: error: ‘aie2ps_bf16_I512_fp16_I512_ACC1024_bf_msc_conf’ was not declared in this scope
75656 |     {aie2ps_bf16_I512_fp16_I512_ACC1024_bf_msc_conf, 15242}, // __builtin_aie2ps_bf16_I512_fp16_I512_ACC1024_bf_msc_conf
      |      ^~~~~~~~~~~~~~~~~~~~~~~~~~~~~~~~~~~~~~~~~~~~~~
/home/jtuyls/iree-ai/llvm-aie-port/build/include/llvm/IR/IntrinsicImpl.inc:75657:6: error: ‘aie2ps_bf16_I512_fp16_I512_ACC1024_bf_mul_conf’ was not declared in this scope
75657 |     {aie2ps_bf16_I512_fp16_I512_ACC1024_bf_mul_conf, 15282}, // __builtin_aie2ps_bf16_I512_fp16_I512_ACC1024_bf_mul_conf
      |      ^~~~~~~~~~~~~~~~~~~~~~~~~~~~~~~~~~~~~~~~~~~~~~
/home/jtuyls/iree-ai/llvm-aie-port/build/include/llvm/IR/IntrinsicImpl.inc:75658:6: error: ‘aie2ps_bf16_I512_fp16_I512_ACC1024_bf_negmul_conf’ was not declared in this scope
75658 |     {aie2ps_bf16_I512_fp16_I512_ACC1024_bf_negmul_conf, 15322}, // __builtin_aie2ps_bf16_I512_fp16_I512_ACC1024_bf_negmul_conf
      |      ^~~~~~~~~~~~~~~~~~~~~~~~~~~~~~~~~~~~~~~~~~~~~~~~~
/home/jtuyls/iree-ai/llvm-aie-port/build/include/llvm/IR/IntrinsicImpl.inc:75659:6: error: ‘aie2ps_clb’ was not declared in this scope
75659 |     {aie2ps_clb, 4331}, // __builtin_aie2ps_clb
      |      ^~~~~~~~~~
/home/jtuyls/iree-ai/llvm-aie-port/build/include/llvm/IR/IntrinsicImpl.inc:75660:6: error: ‘aie2ps_clr_ACC1024l_conf’ was not declared in this scope
75660 |     {aie2ps_clr_ACC1024l_conf, 15365}, // __builtin_aie2ps_clr_ACC1024l_conf
      |      ^~~~~~~~~~~~~~~~~~~~~~~~
/home/jtuyls/iree-ai/llvm-aie-port/build/include/llvm/IR/IntrinsicImpl.inc:75661:6: error: ‘aie2ps_clr_ACC2048_conf’ was not declared in this scope
75661 |     {aie2ps_clr_ACC2048_conf, 15383}, // __builtin_aie2ps_clr_ACC2048_conf
      |      ^~~~~~~~~~~~~~~~~~~~~~~
/home/jtuyls/iree-ai/llvm-aie-port/build/include/llvm/IR/IntrinsicImpl.inc:75662:6: error: ‘aie2ps_done’ was not declared in this scope
75662 |     {aie2ps_done, 4524}, // __builtin_aie2ps_done
      |      ^~~~~~~~~~~
/home/jtuyls/iree-ai/llvm-aie-port/build/include/llvm/IR/IntrinsicImpl.inc:75663:6: error: ‘aie2ps_event’ was not declared in this scope
75663 |     {aie2ps_event, 525}, // __builtin_aie2ps_event
      |      ^~~~~~~~~~~~
/home/jtuyls/iree-ai/llvm-aie-port/build/include/llvm/IR/IntrinsicImpl.inc:75664:6: error: ‘aie2ps_exp2’ was not declared in this scope
75664 |     {aie2ps_exp2, 15400}, // __builtin_aie2ps_exp2
      |      ^~~~~~~~~~~
/home/jtuyls/iree-ai/llvm-aie-port/build/include/llvm/IR/IntrinsicImpl.inc:75665:6: error: ‘aie2ps_exp2_bf20’ was not declared in this scope
75665 |     {aie2ps_exp2_bf20, 15405}, // __builtin_aie2ps_exp2_bf20
      |      ^~~~~~~~~~~~~~~~
/home/jtuyls/iree-ai/llvm-aie-port/build/include/llvm/IR/IntrinsicImpl.inc:75666:6: error: ‘aie2ps_flt2fx’ was not declared in this scope
75666 |     {aie2ps_flt2fx, 15415}, // __builtin_aie2ps_flt2fx
      |      ^~~~~~~~~~~~~
/home/jtuyls/iree-ai/llvm-aie-port/build/include/llvm/IR/IntrinsicImpl.inc:75667:6: error: ‘aie2ps_fp16_I1024_bf16_ACC2048_bf_addmac_conf’ was not declared in this scope
75667 |     {aie2ps_fp16_I1024_bf16_ACC2048_bf_addmac_conf, 15422}, // __builtin_aie2ps_fp16_I1024_bf16_ACC2048_bf_addmac_conf
      |      ^~~~~~~~~~~~~~~~~~~~~~~~~~~~~~~~~~~~~~~~~~~~~
/home/jtuyls/iree-ai/llvm-aie-port/build/include/llvm/IR/IntrinsicImpl.inc:75668:6: error: ‘aie2ps_fp16_I1024_bf16_ACC2048_bf_addmsc_conf’ was not declared in this scope
75668 |     {aie2ps_fp16_I1024_bf16_ACC2048_bf_addmsc_conf, 15461}, // __builtin_aie2ps_fp16_I1024_bf16_ACC2048_bf_addmsc_conf
      |      ^~~~~~~~~~~~~~~~~~~~~~~~~~~~~~~~~~~~~~~~~~~~~
/home/jtuyls/iree-ai/llvm-aie-port/build/include/llvm/IR/IntrinsicImpl.inc:75669:6: error: ‘aie2ps_fp16_I1024_bf16_ACC2048_bf_mac_conf’ was not declared in this scope
75669 |     {aie2ps_fp16_I1024_bf16_ACC2048_bf_mac_conf, 15500}, // __builtin_aie2ps_fp16_I1024_bf16_ACC2048_bf_mac_conf
      |      ^~~~~~~~~~~~~~~~~~~~~~~~~~~~~~~~~~~~~~~~~~
/home/jtuyls/iree-ai/llvm-aie-port/build/include/llvm/IR/IntrinsicImpl.inc:75670:6: error: ‘aie2ps_fp16_I1024_bf16_ACC2048_bf_msc_conf’ was not declared in this scope
75670 |     {aie2ps_fp16_I1024_bf16_ACC2048_bf_msc_conf, 15536}, // __builtin_aie2ps_fp16_I1024_bf16_ACC2048_bf_msc_conf
      |      ^~~~~~~~~~~~~~~~~~~~~~~~~~~~~~~~~~~~~~~~~~
/home/jtuyls/iree-ai/llvm-aie-port/build/include/llvm/IR/IntrinsicImpl.inc:75671:6: error: ‘aie2ps_fp16_I1024_bf16_ACC2048_bf_mul_conf’ was not declared in this scope
75671 |     {aie2ps_fp16_I1024_bf16_ACC2048_bf_mul_conf, 15572}, // __builtin_aie2ps_fp16_I1024_bf16_ACC2048_bf_mul_conf
      |      ^~~~~~~~~~~~~~~~~~~~~~~~~~~~~~~~~~~~~~~~~~
/home/jtuyls/iree-ai/llvm-aie-port/build/include/llvm/IR/IntrinsicImpl.inc:75672:6: error: ‘aie2ps_fp16_I1024_bf16_ACC2048_bf_negmul_conf’ was not declared in this scope
75672 |     {aie2ps_fp16_I1024_bf16_ACC2048_bf_negmul_conf, 15608}, // __builtin_aie2ps_fp16_I1024_bf16_ACC2048_bf_negmul_conf
      |      ^~~~~~~~~~~~~~~~~~~~~~~~~~~~~~~~~~~~~~~~~~~~~
/home/jtuyls/iree-ai/llvm-aie-port/build/include/llvm/IR/IntrinsicImpl.inc:75673:6: error: ‘aie2ps_fp16_I1024_bf16_I1024_ACC2048_bf_addmac_conf’ was not declared in this scope
75673 |     {aie2ps_fp16_I1024_bf16_I1024_ACC2048_bf_addmac_conf, 15647}, // __builtin_aie2ps_fp16_I1024_bf16_I1024_ACC2048_bf_addmac_conf
      |      ^~~~~~~~~~~~~~~~~~~~~~~~~~~~~~~~~~~~~~~~~~~~~~~~~~~
/home/jtuyls/iree-ai/llvm-aie-port/build/include/llvm/IR/IntrinsicImpl.inc:75674:6: error: ‘aie2ps_fp16_I1024_bf16_I1024_ACC2048_bf_addmsc_conf’ was not declared in this scope
75674 |     {aie2ps_fp16_I1024_bf16_I1024_ACC2048_bf_addmsc_conf, 15692}, // __builtin_aie2ps_fp16_I1024_bf16_I1024_ACC2048_bf_addmsc_conf
      |      ^~~~~~~~~~~~~~~~~~~~~~~~~~~~~~~~~~~~~~~~~~~~~~~~~~~
/home/jtuyls/iree-ai/llvm-aie-port/build/include/llvm/IR/IntrinsicImpl.inc:75675:6: error: ‘aie2ps_fp16_I1024_bf16_I1024_ACC2048_bf_mac_conf’ was not declared in this scope
75675 |     {aie2ps_fp16_I1024_bf16_I1024_ACC2048_bf_mac_conf, 15737}, // __builtin_aie2ps_fp16_I1024_bf16_I1024_ACC2048_bf_mac_conf
      |      ^~~~~~~~~~~~~~~~~~~~~~~~~~~~~~~~~~~~~~~~~~~~~~~~
/home/jtuyls/iree-ai/llvm-aie-port/build/include/llvm/IR/IntrinsicImpl.inc:75676:6: error: ‘aie2ps_fp16_I1024_bf16_I1024_ACC2048_bf_msc_conf’ was not declared in this scope
75676 |     {aie2ps_fp16_I1024_bf16_I1024_ACC2048_bf_msc_conf, 15779}, // __builtin_aie2ps_fp16_I1024_bf16_I1024_ACC2048_bf_msc_conf
      |      ^~~~~~~~~~~~~~~~~~~~~~~~~~~~~~~~~~~~~~~~~~~~~~~~
/home/jtuyls/iree-ai/llvm-aie-port/build/include/llvm/IR/IntrinsicImpl.inc:75677:6: error: ‘aie2ps_fp16_I1024_bf16_I1024_ACC2048_bf_mul_conf’ was not declared in this scope
75677 |     {aie2ps_fp16_I1024_bf16_I1024_ACC2048_bf_mul_conf, 15821}, // __builtin_aie2ps_fp16_I1024_bf16_I1024_ACC2048_bf_mul_conf
      |      ^~~~~~~~~~~~~~~~~~~~~~~~~~~~~~~~~~~~~~~~~~~~~~~~
/home/jtuyls/iree-ai/llvm-aie-port/build/include/llvm/IR/IntrinsicImpl.inc:75678:6: error: ‘aie2ps_fp16_I1024_bf16_I1024_ACC2048_bf_negmul_conf’ was not declared in this scope
75678 |     {aie2ps_fp16_I1024_bf16_I1024_ACC2048_bf_negmul_conf, 15863}, // __builtin_aie2ps_fp16_I1024_bf16_I1024_ACC2048_bf_negmul_conf
      |      ^~~~~~~~~~~~~~~~~~~~~~~~~~~~~~~~~~~~~~~~~~~~~~~~~~~
/home/jtuyls/iree-ai/llvm-aie-port/build/include/llvm/IR/IntrinsicImpl.inc:75679:6: error: ‘aie2ps_fp16_I1024_fp16_ACC2048_bf_addmac_conf’ was not declared in this scope
75679 |     {aie2ps_fp16_I1024_fp16_ACC2048_bf_addmac_conf, 15908}, // __builtin_aie2ps_fp16_I1024_fp16_ACC2048_bf_addmac_conf
      |      ^~~~~~~~~~~~~~~~~~~~~~~~~~~~~~~~~~~~~~~~~~~~~
/home/jtuyls/iree-ai/llvm-aie-port/build/include/llvm/IR/IntrinsicImpl.inc:75680:6: error: ‘aie2ps_fp16_I1024_fp16_ACC2048_bf_addmsc_conf’ was not declared in this scope
75680 |     {aie2ps_fp16_I1024_fp16_ACC2048_bf_addmsc_conf, 15947}, // __builtin_aie2ps_fp16_I1024_fp16_ACC2048_bf_addmsc_conf
      |      ^~~~~~~~~~~~~~~~~~~~~~~~~~~~~~~~~~~~~~~~~~~~~
/home/jtuyls/iree-ai/llvm-aie-port/build/include/llvm/IR/IntrinsicImpl.inc:75681:6: error: ‘aie2ps_fp16_I1024_fp16_ACC2048_bf_mac_conf’ was not declared in this scope
75681 |     {aie2ps_fp16_I1024_fp16_ACC2048_bf_mac_conf, 15986}, // __builtin_aie2ps_fp16_I1024_fp16_ACC2048_bf_mac_conf
      |      ^~~~~~~~~~~~~~~~~~~~~~~~~~~~~~~~~~~~~~~~~~
/home/jtuyls/iree-ai/llvm-aie-port/build/include/llvm/IR/IntrinsicImpl.inc:75682:6: error: ‘aie2ps_fp16_I1024_fp16_ACC2048_bf_msc_conf’ was not declared in this scope
75682 |     {aie2ps_fp16_I1024_fp16_ACC2048_bf_msc_conf, 16022}, // __builtin_aie2ps_fp16_I1024_fp16_ACC2048_bf_msc_conf
      |      ^~~~~~~~~~~~~~~~~~~~~~~~~~~~~~~~~~~~~~~~~~
/home/jtuyls/iree-ai/llvm-aie-port/build/include/llvm/IR/IntrinsicImpl.inc:75683:6: error: ‘aie2ps_fp16_I1024_fp16_ACC2048_bf_mul_conf’ was not declared in this scope
75683 |     {aie2ps_fp16_I1024_fp16_ACC2048_bf_mul_conf, 16058}, // __builtin_aie2ps_fp16_I1024_fp16_ACC2048_bf_mul_conf
      |      ^~~~~~~~~~~~~~~~~~~~~~~~~~~~~~~~~~~~~~~~~~
/home/jtuyls/iree-ai/llvm-aie-port/build/include/llvm/IR/IntrinsicImpl.inc:75684:6: error: ‘aie2ps_fp16_I1024_fp16_ACC2048_bf_negmul_conf’ was not declared in this scope
75684 |     {aie2ps_fp16_I1024_fp16_ACC2048_bf_negmul_conf, 16094}, // __builtin_aie2ps_fp16_I1024_fp16_ACC2048_bf_negmul_conf
      |      ^~~~~~~~~~~~~~~~~~~~~~~~~~~~~~~~~~~~~~~~~~~~~
/home/jtuyls/iree-ai/llvm-aie-port/build/include/llvm/IR/IntrinsicImpl.inc:75685:6: error: ‘aie2ps_fp16_I1024_fp16_I1024_ACC2048_bf_addmac_conf’ was not declared in this scope
75685 |     {aie2ps_fp16_I1024_fp16_I1024_ACC2048_bf_addmac_conf, 16133}, // __builtin_aie2ps_fp16_I1024_fp16_I1024_ACC2048_bf_addmac_conf
      |      ^~~~~~~~~~~~~~~~~~~~~~~~~~~~~~~~~~~~~~~~~~~~~~~~~~~
/home/jtuyls/iree-ai/llvm-aie-port/build/include/llvm/IR/IntrinsicImpl.inc:75686:6: error: ‘aie2ps_fp16_I1024_fp16_I1024_ACC2048_bf_addmsc_conf’ was not declared in this scope
75686 |     {aie2ps_fp16_I1024_fp16_I1024_ACC2048_bf_addmsc_conf, 16178}, // __builtin_aie2ps_fp16_I1024_fp16_I1024_ACC2048_bf_addmsc_conf
      |      ^~~~~~~~~~~~~~~~~~~~~~~~~~~~~~~~~~~~~~~~~~~~~~~~~~~
/home/jtuyls/iree-ai/llvm-aie-port/build/include/llvm/IR/IntrinsicImpl.inc:75687:6: error: ‘aie2ps_fp16_I1024_fp16_I1024_ACC2048_bf_mac_conf’ was not declared in this scope
75687 |     {aie2ps_fp16_I1024_fp16_I1024_ACC2048_bf_mac_conf, 16223}, // __builtin_aie2ps_fp16_I1024_fp16_I1024_ACC2048_bf_mac_conf
      |      ^~~~~~~~~~~~~~~~~~~~~~~~~~~~~~~~~~~~~~~~~~~~~~~~
/home/jtuyls/iree-ai/llvm-aie-port/build/include/llvm/IR/IntrinsicImpl.inc:75688:6: error: ‘aie2ps_fp16_I1024_fp16_I1024_ACC2048_bf_msc_conf’ was not declared in this scope
75688 |     {aie2ps_fp16_I1024_fp16_I1024_ACC2048_bf_msc_conf, 16265}, // __builtin_aie2ps_fp16_I1024_fp16_I1024_ACC2048_bf_msc_conf
      |      ^~~~~~~~~~~~~~~~~~~~~~~~~~~~~~~~~~~~~~~~~~~~~~~~
/home/jtuyls/iree-ai/llvm-aie-port/build/include/llvm/IR/IntrinsicImpl.inc:75689:6: error: ‘aie2ps_fp16_I1024_fp16_I1024_ACC2048_bf_mul_conf’ was not declared in this scope
75689 |     {aie2ps_fp16_I1024_fp16_I1024_ACC2048_bf_mul_conf, 16307}, // __builtin_aie2ps_fp16_I1024_fp16_I1024_ACC2048_bf_mul_conf
      |      ^~~~~~~~~~~~~~~~~~~~~~~~~~~~~~~~~~~~~~~~~~~~~~~~
/home/jtuyls/iree-ai/llvm-aie-port/build/include/llvm/IR/IntrinsicImpl.inc:75690:6: error: ‘aie2ps_fp16_I1024_fp16_I1024_ACC2048_bf_negmul_conf’ was not declared in this scope
75690 |     {aie2ps_fp16_I1024_fp16_I1024_ACC2048_bf_negmul_conf, 16349}, // __builtin_aie2ps_fp16_I1024_fp16_I1024_ACC2048_bf_negmul_conf
      |      ^~~~~~~~~~~~~~~~~~~~~~~~~~~~~~~~~~~~~~~~~~~~~~~~~~~
/home/jtuyls/iree-ai/llvm-aie-port/build/include/llvm/IR/IntrinsicImpl.inc:75691:6: error: ‘aie2ps_fp16_I512_bf16_ACC1024_bf_addmac_conf’ was not declared in this scope
75691 |     {aie2ps_fp16_I512_bf16_ACC1024_bf_addmac_conf, 16394}, // __builtin_aie2ps_fp16_I512_bf16_ACC1024_bf_addmac_conf
      |      ^~~~~~~~~~~~~~~~~~~~~~~~~~~~~~~~~~~~~~~~~~~~
/home/jtuyls/iree-ai/llvm-aie-port/build/include/llvm/IR/IntrinsicImpl.inc:75692:6: error: ‘aie2ps_fp16_I512_bf16_ACC1024_bf_addmsc_conf’ was not declared in this scope
75692 |     {aie2ps_fp16_I512_bf16_ACC1024_bf_addmsc_conf, 16432}, // __builtin_aie2ps_fp16_I512_bf16_ACC1024_bf_addmsc_conf
      |      ^~~~~~~~~~~~~~~~~~~~~~~~~~~~~~~~~~~~~~~~~~~~
/home/jtuyls/iree-ai/llvm-aie-port/build/include/llvm/IR/IntrinsicImpl.inc:75693:6: error: ‘aie2ps_fp16_I512_bf16_ACC1024_bf_mac_conf’ was not declared in this scope
75693 |     {aie2ps_fp16_I512_bf16_ACC1024_bf_mac_conf, 16470}, // __builtin_aie2ps_fp16_I512_bf16_ACC1024_bf_mac_conf
      |      ^~~~~~~~~~~~~~~~~~~~~~~~~~~~~~~~~~~~~~~~~
/home/jtuyls/iree-ai/llvm-aie-port/build/include/llvm/IR/IntrinsicImpl.inc:75694:6: error: ‘aie2ps_fp16_I512_bf16_ACC1024_bf_msc_conf’ was not declared in this scope
75694 |     {aie2ps_fp16_I512_bf16_ACC1024_bf_msc_conf, 16505}, // __builtin_aie2ps_fp16_I512_bf16_ACC1024_bf_msc_conf
      |      ^~~~~~~~~~~~~~~~~~~~~~~~~~~~~~~~~~~~~~~~~
/home/jtuyls/iree-ai/llvm-aie-port/build/include/llvm/IR/IntrinsicImpl.inc:75695:6: error: ‘aie2ps_fp16_I512_bf16_ACC1024_bf_mul_conf’ was not declared in this scope
75695 |     {aie2ps_fp16_I512_bf16_ACC1024_bf_mul_conf, 16540}, // __builtin_aie2ps_fp16_I512_bf16_ACC1024_bf_mul_conf
      |      ^~~~~~~~~~~~~~~~~~~~~~~~~~~~~~~~~~~~~~~~~
/home/jtuyls/iree-ai/llvm-aie-port/build/include/llvm/IR/IntrinsicImpl.inc:75696:6: error: ‘aie2ps_fp16_I512_bf16_ACC1024_bf_negmul_conf’ was not declared in this scope
75696 |     {aie2ps_fp16_I512_bf16_ACC1024_bf_negmul_conf, 16575}, // __builtin_aie2ps_fp16_I512_bf16_ACC1024_bf_negmul_conf
      |      ^~~~~~~~~~~~~~~~~~~~~~~~~~~~~~~~~~~~~~~~~~~~
/home/jtuyls/iree-ai/llvm-aie-port/build/include/llvm/IR/IntrinsicImpl.inc:75697:6: error: ‘aie2ps_fp16_I512_bf16_I1024_ACC1024_bf_addmac_conf’ was not declared in this scope
75697 |     {aie2ps_fp16_I512_bf16_I1024_ACC1024_bf_addmac_conf, 16613}, // __builtin_aie2ps_fp16_I512_bf16_I1024_ACC1024_bf_addmac_conf
      |      ^~~~~~~~~~~~~~~~~~~~~~~~~~~~~~~~~~~~~~~~~~~~~~~~~~
/home/jtuyls/iree-ai/llvm-aie-port/build/include/llvm/IR/IntrinsicImpl.inc:75698:6: error: ‘aie2ps_fp16_I512_bf16_I1024_ACC1024_bf_addmsc_conf’ was not declared in this scope
75698 |     {aie2ps_fp16_I512_bf16_I1024_ACC1024_bf_addmsc_conf, 16657}, // __builtin_aie2ps_fp16_I512_bf16_I1024_ACC1024_bf_addmsc_conf
      |      ^~~~~~~~~~~~~~~~~~~~~~~~~~~~~~~~~~~~~~~~~~~~~~~~~~
/home/jtuyls/iree-ai/llvm-aie-port/build/include/llvm/IR/IntrinsicImpl.inc:75699:6: error: ‘aie2ps_fp16_I512_bf16_I1024_ACC1024_bf_mac_conf’ was not declared in this scope
75699 |     {aie2ps_fp16_I512_bf16_I1024_ACC1024_bf_mac_conf, 16701}, // __builtin_aie2ps_fp16_I512_bf16_I1024_ACC1024_bf_mac_conf
      |      ^~~~~~~~~~~~~~~~~~~~~~~~~~~~~~~~~~~~~~~~~~~~~~~
/home/jtuyls/iree-ai/llvm-aie-port/build/include/llvm/IR/IntrinsicImpl.inc:75700:6: error: ‘aie2ps_fp16_I512_bf16_I1024_ACC1024_bf_msc_conf’ was not declared in this scope
75700 |     {aie2ps_fp16_I512_bf16_I1024_ACC1024_bf_msc_conf, 16742}, // __builtin_aie2ps_fp16_I512_bf16_I1024_ACC1024_bf_msc_conf
      |      ^~~~~~~~~~~~~~~~~~~~~~~~~~~~~~~~~~~~~~~~~~~~~~~
/home/jtuyls/iree-ai/llvm-aie-port/build/include/llvm/IR/IntrinsicImpl.inc:75701:6: error: ‘aie2ps_fp16_I512_bf16_I1024_ACC1024_bf_mul_conf’ was not declared in this scope
75701 |     {aie2ps_fp16_I512_bf16_I1024_ACC1024_bf_mul_conf, 16783}, // __builtin_aie2ps_fp16_I512_bf16_I1024_ACC1024_bf_mul_conf
      |      ^~~~~~~~~~~~~~~~~~~~~~~~~~~~~~~~~~~~~~~~~~~~~~~
/home/jtuyls/iree-ai/llvm-aie-port/build/include/llvm/IR/IntrinsicImpl.inc:75702:6: error: ‘aie2ps_fp16_I512_bf16_I1024_ACC1024_bf_negmul_conf’ was not declared in this scope
75702 |     {aie2ps_fp16_I512_bf16_I1024_ACC1024_bf_negmul_conf, 16824}, // __builtin_aie2ps_fp16_I512_bf16_I1024_ACC1024_bf_negmul_conf
      |      ^~~~~~~~~~~~~~~~~~~~~~~~~~~~~~~~~~~~~~~~~~~~~~~~~~
/home/jtuyls/iree-ai/llvm-aie-port/build/include/llvm/IR/IntrinsicImpl.inc:75703:6: error: ‘aie2ps_fp16_I512_bf16_I512_ACC1024_bf_addmac_conf’ was not declared in this scope
75703 |     {aie2ps_fp16_I512_bf16_I512_ACC1024_bf_addmac_conf, 16868}, // __builtin_aie2ps_fp16_I512_bf16_I512_ACC1024_bf_addmac_conf
      |      ^~~~~~~~~~~~~~~~~~~~~~~~~~~~~~~~~~~~~~~~~~~~~~~~~
/home/jtuyls/iree-ai/llvm-aie-port/build/include/llvm/IR/IntrinsicImpl.inc:75704:6: error: ‘aie2ps_fp16_I512_bf16_I512_ACC1024_bf_addmsc_conf’ was not declared in this scope
75704 |     {aie2ps_fp16_I512_bf16_I512_ACC1024_bf_addmsc_conf, 16911}, // __builtin_aie2ps_fp16_I512_bf16_I512_ACC1024_bf_addmsc_conf
      |      ^~~~~~~~~~~~~~~~~~~~~~~~~~~~~~~~~~~~~~~~~~~~~~~~~
/home/jtuyls/iree-ai/llvm-aie-port/build/include/llvm/IR/IntrinsicImpl.inc:75705:6: error: ‘aie2ps_fp16_I512_bf16_I512_ACC1024_bf_mac_conf’ was not declared in this scope
75705 |     {aie2ps_fp16_I512_bf16_I512_ACC1024_bf_mac_conf, 16954}, // __builtin_aie2ps_fp16_I512_bf16_I512_ACC1024_bf_mac_conf
      |      ^~~~~~~~~~~~~~~~~~~~~~~~~~~~~~~~~~~~~~~~~~~~~~
/home/jtuyls/iree-ai/llvm-aie-port/build/include/llvm/IR/IntrinsicImpl.inc:75706:6: error: ‘aie2ps_fp16_I512_bf16_I512_ACC1024_bf_msc_conf’ was not declared in this scope
75706 |     {aie2ps_fp16_I512_bf16_I512_ACC1024_bf_msc_conf, 16994}, // __builtin_aie2ps_fp16_I512_bf16_I512_ACC1024_bf_msc_conf
      |      ^~~~~~~~~~~~~~~~~~~~~~~~~~~~~~~~~~~~~~~~~~~~~~
/home/jtuyls/iree-ai/llvm-aie-port/build/include/llvm/IR/IntrinsicImpl.inc:75707:6: error: ‘aie2ps_fp16_I512_bf16_I512_ACC1024_bf_mul_conf’ was not declared in this scope
75707 |     {aie2ps_fp16_I512_bf16_I512_ACC1024_bf_mul_conf, 17034}, // __builtin_aie2ps_fp16_I512_bf16_I512_ACC1024_bf_mul_conf
      |      ^~~~~~~~~~~~~~~~~~~~~~~~~~~~~~~~~~~~~~~~~~~~~~
/home/jtuyls/iree-ai/llvm-aie-port/build/include/llvm/IR/IntrinsicImpl.inc:75708:6: error: ‘aie2ps_fp16_I512_bf16_I512_ACC1024_bf_negmul_conf’ was not declared in this scope
75708 |     {aie2ps_fp16_I512_bf16_I512_ACC1024_bf_negmul_conf, 17074}, // __builtin_aie2ps_fp16_I512_bf16_I512_ACC1024_bf_negmul_conf
      |      ^~~~~~~~~~~~~~~~~~~~~~~~~~~~~~~~~~~~~~~~~~~~~~~~~
/home/jtuyls/iree-ai/llvm-aie-port/build/include/llvm/IR/IntrinsicImpl.inc:75709:6: error: ‘aie2ps_fp16_I512_fp16_ACC1024_bf_addmac_conf’ was not declared in this scope
75709 |     {aie2ps_fp16_I512_fp16_ACC1024_bf_addmac_conf, 17117}, // __builtin_aie2ps_fp16_I512_fp16_ACC1024_bf_addmac_conf
      |      ^~~~~~~~~~~~~~~~~~~~~~~~~~~~~~~~~~~~~~~~~~~~
/home/jtuyls/iree-ai/llvm-aie-port/build/include/llvm/IR/IntrinsicImpl.inc:75710:6: error: ‘aie2ps_fp16_I512_fp16_ACC1024_bf_addmsc_conf’ was not declared in this scope
75710 |     {aie2ps_fp16_I512_fp16_ACC1024_bf_addmsc_conf, 17155}, // __builtin_aie2ps_fp16_I512_fp16_ACC1024_bf_addmsc_conf
      |      ^~~~~~~~~~~~~~~~~~~~~~~~~~~~~~~~~~~~~~~~~~~~
/home/jtuyls/iree-ai/llvm-aie-port/build/include/llvm/IR/IntrinsicImpl.inc:75711:6: error: ‘aie2ps_fp16_I512_fp16_ACC1024_bf_mac_conf’ was not declared in this scope
75711 |     {aie2ps_fp16_I512_fp16_ACC1024_bf_mac_conf, 17193}, // __builtin_aie2ps_fp16_I512_fp16_ACC1024_bf_mac_conf
      |      ^~~~~~~~~~~~~~~~~~~~~~~~~~~~~~~~~~~~~~~~~
/home/jtuyls/iree-ai/llvm-aie-port/build/include/llvm/IR/IntrinsicImpl.inc:75712:6: error: ‘aie2ps_fp16_I512_fp16_ACC1024_bf_msc_conf’ was not declared in this scope
75712 |     {aie2ps_fp16_I512_fp16_ACC1024_bf_msc_conf, 17228}, // __builtin_aie2ps_fp16_I512_fp16_ACC1024_bf_msc_conf
      |      ^~~~~~~~~~~~~~~~~~~~~~~~~~~~~~~~~~~~~~~~~
/home/jtuyls/iree-ai/llvm-aie-port/build/include/llvm/IR/IntrinsicImpl.inc:75713:6: error: ‘aie2ps_fp16_I512_fp16_ACC1024_bf_mul_conf’ was not declared in this scope
75713 |     {aie2ps_fp16_I512_fp16_ACC1024_bf_mul_conf, 17263}, // __builtin_aie2ps_fp16_I512_fp16_ACC1024_bf_mul_conf
      |      ^~~~~~~~~~~~~~~~~~~~~~~~~~~~~~~~~~~~~~~~~
/home/jtuyls/iree-ai/llvm-aie-port/build/include/llvm/IR/IntrinsicImpl.inc:75714:6: error: ‘aie2ps_fp16_I512_fp16_ACC1024_bf_negmul_conf’ was not declared in this scope
75714 |     {aie2ps_fp16_I512_fp16_ACC1024_bf_negmul_conf, 17298}, // __builtin_aie2ps_fp16_I512_fp16_ACC1024_bf_negmul_conf
      |      ^~~~~~~~~~~~~~~~~~~~~~~~~~~~~~~~~~~~~~~~~~~~
/home/jtuyls/iree-ai/llvm-aie-port/build/include/llvm/IR/IntrinsicImpl.inc:75715:6: error: ‘aie2ps_fp16_I512_fp16_I1024_ACC1024_bf_addmac_conf’ was not declared in this scope
75715 |     {aie2ps_fp16_I512_fp16_I1024_ACC1024_bf_addmac_conf, 17336}, // __builtin_aie2ps_fp16_I512_fp16_I1024_ACC1024_bf_addmac_conf
      |      ^~~~~~~~~~~~~~~~~~~~~~~~~~~~~~~~~~~~~~~~~~~~~~~~~~
/home/jtuyls/iree-ai/llvm-aie-port/build/include/llvm/IR/IntrinsicImpl.inc:75716:6: error: ‘aie2ps_fp16_I512_fp16_I1024_ACC1024_bf_addmsc_conf’ was not declared in this scope
75716 |     {aie2ps_fp16_I512_fp16_I1024_ACC1024_bf_addmsc_conf, 17380}, // __builtin_aie2ps_fp16_I512_fp16_I1024_ACC1024_bf_addmsc_conf
      |      ^~~~~~~~~~~~~~~~~~~~~~~~~~~~~~~~~~~~~~~~~~~~~~~~~~
/home/jtuyls/iree-ai/llvm-aie-port/build/include/llvm/IR/IntrinsicImpl.inc:75717:6: error: ‘aie2ps_fp16_I512_fp16_I1024_ACC1024_bf_mac_conf’ was not declared in this scope
75717 |     {aie2ps_fp16_I512_fp16_I1024_ACC1024_bf_mac_conf, 17424}, // __builtin_aie2ps_fp16_I512_fp16_I1024_ACC1024_bf_mac_conf
      |      ^~~~~~~~~~~~~~~~~~~~~~~~~~~~~~~~~~~~~~~~~~~~~~~
/home/jtuyls/iree-ai/llvm-aie-port/build/include/llvm/IR/IntrinsicImpl.inc:75718:6: error: ‘aie2ps_fp16_I512_fp16_I1024_ACC1024_bf_msc_conf’ was not declared in this scope
75718 |     {aie2ps_fp16_I512_fp16_I1024_ACC1024_bf_msc_conf, 17465}, // __builtin_aie2ps_fp16_I512_fp16_I1024_ACC1024_bf_msc_conf
      |      ^~~~~~~~~~~~~~~~~~~~~~~~~~~~~~~~~~~~~~~~~~~~~~~
/home/jtuyls/iree-ai/llvm-aie-port/build/include/llvm/IR/IntrinsicImpl.inc:75719:6: error: ‘aie2ps_fp16_I512_fp16_I1024_ACC1024_bf_mul_conf’ was not declared in this scope
75719 |     {aie2ps_fp16_I512_fp16_I1024_ACC1024_bf_mul_conf, 17506}, // __builtin_aie2ps_fp16_I512_fp16_I1024_ACC1024_bf_mul_conf
      |      ^~~~~~~~~~~~~~~~~~~~~~~~~~~~~~~~~~~~~~~~~~~~~~~
/home/jtuyls/iree-ai/llvm-aie-port/build/include/llvm/IR/IntrinsicImpl.inc:75720:6: error: ‘aie2ps_fp16_I512_fp16_I1024_ACC1024_bf_negmul_conf’ was not declared in this scope
75720 |     {aie2ps_fp16_I512_fp16_I1024_ACC1024_bf_negmul_conf, 17547}, // __builtin_aie2ps_fp16_I512_fp16_I1024_ACC1024_bf_negmul_conf
      |      ^~~~~~~~~~~~~~~~~~~~~~~~~~~~~~~~~~~~~~~~~~~~~~~~~~
/home/jtuyls/iree-ai/llvm-aie-port/build/include/llvm/IR/IntrinsicImpl.inc:75721:6: error: ‘aie2ps_fp16_I512_fp16_I512_ACC1024_bf_addmac_conf’ was not declared in this scope
75721 |     {aie2ps_fp16_I512_fp16_I512_ACC1024_bf_addmac_conf, 17591}, // __builtin_aie2ps_fp16_I512_fp16_I512_ACC1024_bf_addmac_conf
      |      ^~~~~~~~~~~~~~~~~~~~~~~~~~~~~~~~~~~~~~~~~~~~~~~~~
/home/jtuyls/iree-ai/llvm-aie-port/build/include/llvm/IR/IntrinsicImpl.inc:75722:6: error: ‘aie2ps_fp16_I512_fp16_I512_ACC1024_bf_addmsc_conf’ was not declared in this scope
75722 |     {aie2ps_fp16_I512_fp16_I512_ACC1024_bf_addmsc_conf, 17634}, // __builtin_aie2ps_fp16_I512_fp16_I512_ACC1024_bf_addmsc_conf
      |      ^~~~~~~~~~~~~~~~~~~~~~~~~~~~~~~~~~~~~~~~~~~~~~~~~
/home/jtuyls/iree-ai/llvm-aie-port/build/include/llvm/IR/IntrinsicImpl.inc:75723:6: error: ‘aie2ps_fp16_I512_fp16_I512_ACC1024_bf_mac_conf’ was not declared in this scope
75723 |     {aie2ps_fp16_I512_fp16_I512_ACC1024_bf_mac_conf, 17677}, // __builtin_aie2ps_fp16_I512_fp16_I512_ACC1024_bf_mac_conf
      |      ^~~~~~~~~~~~~~~~~~~~~~~~~~~~~~~~~~~~~~~~~~~~~~
/home/jtuyls/iree-ai/llvm-aie-port/build/include/llvm/IR/IntrinsicImpl.inc:75724:6: error: ‘aie2ps_fp16_I512_fp16_I512_ACC1024_bf_msc_conf’ was not declared in this scope
75724 |     {aie2ps_fp16_I512_fp16_I512_ACC1024_bf_msc_conf, 17717}, // __builtin_aie2ps_fp16_I512_fp16_I512_ACC1024_bf_msc_conf
      |      ^~~~~~~~~~~~~~~~~~~~~~~~~~~~~~~~~~~~~~~~~~~~~~
/home/jtuyls/iree-ai/llvm-aie-port/build/include/llvm/IR/IntrinsicImpl.inc:75725:6: error: ‘aie2ps_fp16_I512_fp16_I512_ACC1024_bf_mul_conf’ was not declared in this scope
75725 |     {aie2ps_fp16_I512_fp16_I512_ACC1024_bf_mul_conf, 17757}, // __builtin_aie2ps_fp16_I512_fp16_I512_ACC1024_bf_mul_conf
      |      ^~~~~~~~~~~~~~~~~~~~~~~~~~~~~~~~~~~~~~~~~~~~~~
/home/jtuyls/iree-ai/llvm-aie-port/build/include/llvm/IR/IntrinsicImpl.inc:75726:6: error: ‘aie2ps_fp16_I512_fp16_I512_ACC1024_bf_negmul_conf’ was not declared in this scope
75726 |     {aie2ps_fp16_I512_fp16_I512_ACC1024_bf_negmul_conf, 17797}, // __builtin_aie2ps_fp16_I512_fp16_I512_ACC1024_bf_negmul_conf
      |      ^~~~~~~~~~~~~~~~~~~~~~~~~~~~~~~~~~~~~~~~~~~~~~~~~
/home/jtuyls/iree-ai/llvm-aie-port/build/include/llvm/IR/IntrinsicImpl.inc:75727:6: error: ‘aie2ps_fp8_I512_fp8_I512_ACC2048_bf_addmac_conf’ was not declared in this scope
75727 |     {aie2ps_fp8_I512_fp8_I512_ACC2048_bf_addmac_conf, 17840}, // __builtin_aie2ps_fp8_I512_fp8_I512_ACC2048_bf_addmac_conf
      |      ^~~~~~~~~~~~~~~~~~~~~~~~~~~~~~~~~~~~~~~~~~~~~~~
/home/jtuyls/iree-ai/llvm-aie-port/build/include/llvm/IR/IntrinsicImpl.inc:75728:6: error: ‘aie2ps_fp8_I512_fp8_I512_ACC2048_bf_addmsc_conf’ was not declared in this scope
75728 |     {aie2ps_fp8_I512_fp8_I512_ACC2048_bf_addmsc_conf, 17881}, // __builtin_aie2ps_fp8_I512_fp8_I512_ACC2048_bf_addmsc_conf
      |      ^~~~~~~~~~~~~~~~~~~~~~~~~~~~~~~~~~~~~~~~~~~~~~~
/home/jtuyls/iree-ai/llvm-aie-port/build/include/llvm/IR/IntrinsicImpl.inc:75729:6: error: ‘aie2ps_fp8_I512_fp8_I512_ACC2048_bf_mac_conf’ was not declared in this scope
75729 |     {aie2ps_fp8_I512_fp8_I512_ACC2048_bf_mac_conf, 17922}, // __builtin_aie2ps_fp8_I512_fp8_I512_ACC2048_bf_mac_conf
      |      ^~~~~~~~~~~~~~~~~~~~~~~~~~~~~~~~~~~~~~~~~~~~
/home/jtuyls/iree-ai/llvm-aie-port/build/include/llvm/IR/IntrinsicImpl.inc:75730:6: error: ‘aie2ps_fp8_I512_fp8_I512_ACC2048_bf_msc_conf’ was not declared in this scope
75730 |     {aie2ps_fp8_I512_fp8_I512_ACC2048_bf_msc_conf, 17960}, // __builtin_aie2ps_fp8_I512_fp8_I512_ACC2048_bf_msc_conf
      |      ^~~~~~~~~~~~~~~~~~~~~~~~~~~~~~~~~~~~~~~~~~~~
/home/jtuyls/iree-ai/llvm-aie-port/build/include/llvm/IR/IntrinsicImpl.inc:75731:6: error: ‘aie2ps_fp8_I512_fp8_I512_ACC2048_bf_mul_conf’ was not declared in this scope
75731 |     {aie2ps_fp8_I512_fp8_I512_ACC2048_bf_mul_conf, 17998}, // __builtin_aie2ps_fp8_I512_fp8_I512_ACC2048_bf_mul_conf
      |      ^~~~~~~~~~~~~~~~~~~~~~~~~~~~~~~~~~~~~~~~~~~~
/home/jtuyls/iree-ai/llvm-aie-port/build/include/llvm/IR/IntrinsicImpl.inc:75732:6: error: ‘aie2ps_fp8_I512_fp8_I512_ACC2048_bf_negmul_conf’ was not declared in this scope
75732 |     {aie2ps_fp8_I512_fp8_I512_ACC2048_bf_negmul_conf, 18036}, // __builtin_aie2ps_fp8_I512_fp8_I512_ACC2048_bf_negmul_conf
      |      ^~~~~~~~~~~~~~~~~~~~~~~~~~~~~~~~~~~~~~~~~~~~~~~
/home/jtuyls/iree-ai/llvm-aie-port/build/include/llvm/IR/IntrinsicImpl.inc:75733:6: error: ‘aie2ps_fx2flt’ was not declared in this scope
75733 |     {aie2ps_fx2flt, 18077}, // __builtin_aie2ps_fx2flt
      |      ^~~~~~~~~~~~~
/home/jtuyls/iree-ai/llvm-aie-port/build/include/llvm/IR/IntrinsicImpl.inc:75734:6: error: ‘aie2ps_get_coreid’ was not declared in this scope
75734 |     {aie2ps_get_coreid, 4723}, // __builtin_aie2ps_get_coreid
      |      ^~~~~~~~~~~~~~~~~
/home/jtuyls/iree-ai/llvm-aie-port/build/include/llvm/IR/IntrinsicImpl.inc:75735:6: error: ‘aie2ps_get_ctrl_reg’ was not declared in this scope
75735 |     {aie2ps_get_ctrl_reg, 4734}, // __builtin_aie2ps_get_ctrl_reg
      |      ^~~~~~~~~~~~~~~~~~~
/home/jtuyls/iree-ai/llvm-aie-port/build/include/llvm/IR/IntrinsicImpl.inc:75736:6: error: ‘aie2ps_get_status_reg’ was not declared in this scope
75736 |     {aie2ps_get_status_reg, 18084}, // __builtin_aie2ps_get_status_reg
      |      ^~~~~~~~~~~~~~~~~~~~~
/home/jtuyls/iree-ai/llvm-aie-port/build/include/llvm/IR/IntrinsicImpl.inc:75737:6: error: ‘aie2ps_inv’ was not declared in this scope
75737 |     {aie2ps_inv, 18099}, // __builtin_aie2ps_inv
      |      ^~~~~~~~~~
/home/jtuyls/iree-ai/llvm-aie-port/build/include/llvm/IR/IntrinsicImpl.inc:75738:6: error: ‘aie2ps_invsqrt’ was not declared in this scope
75738 |     {aie2ps_invsqrt, 18103}, // __builtin_aie2ps_invsqrt
      |      ^~~~~~~~~~~~~~
/home/jtuyls/iree-ai/llvm-aie-port/build/include/llvm/IR/IntrinsicImpl.inc:75739:6: error: ‘aie2ps_load_4x16_hi’ was not declared in this scope
75739 |     {aie2ps_load_4x16_hi, 4747}, // __builtin_aie2ps_load_4x16_hi
      |      ^~~~~~~~~~~~~~~~~~~
/home/jtuyls/iree-ai/llvm-aie-port/build/include/llvm/IR/IntrinsicImpl.inc:75740:6: error: ‘aie2ps_load_4x16_lo’ was not declared in this scope
75740 |     {aie2ps_load_4x16_lo, 4760}, // __builtin_aie2ps_load_4x16_lo
      |      ^~~~~~~~~~~~~~~~~~~
/home/jtuyls/iree-ai/llvm-aie-port/build/include/llvm/IR/IntrinsicImpl.inc:75741:6: error: ‘aie2ps_load_4x32_hi’ was not declared in this scope
75741 |     {aie2ps_load_4x32_hi, 4773}, // __builtin_aie2ps_load_4x32_hi
      |      ^~~~~~~~~~~~~~~~~~~
/home/jtuyls/iree-ai/llvm-aie-port/build/include/llvm/IR/IntrinsicImpl.inc:75742:6: error: ‘aie2ps_load_4x32_lo’ was not declared in this scope
75742 |     {aie2ps_load_4x32_lo, 4786}, // __builtin_aie2ps_load_4x32_lo
      |      ^~~~~~~~~~~~~~~~~~~
/home/jtuyls/iree-ai/llvm-aie-port/build/include/llvm/IR/IntrinsicImpl.inc:75743:6: error: ‘aie2ps_load_4x64_hi’ was not declared in this scope
75743 |     {aie2ps_load_4x64_hi, 4799}, // __builtin_aie2ps_load_4x64_hi
      |      ^~~~~~~~~~~~~~~~~~~
/home/jtuyls/iree-ai/llvm-aie-port/build/include/llvm/IR/IntrinsicImpl.inc:75744:6: error: ‘aie2ps_load_4x64_lo’ was not declared in this scope
75744 |     {aie2ps_load_4x64_lo, 4812}, // __builtin_aie2ps_load_4x64_lo
      |      ^~~~~~~~~~~~~~~~~~~
/home/jtuyls/iree-ai/llvm-aie-port/build/include/llvm/IR/IntrinsicImpl.inc:75745:6: error: ‘aie2ps_mcd_write_acc32’ was not declared in this scope
75745 |     {aie2ps_mcd_write_acc32, 4825}, // __builtin_aie2ps_mcd_write_acc32
      |      ^~~~~~~~~~~~~~~~~~~~~~
/home/jtuyls/iree-ai/llvm-aie-port/build/include/llvm/IR/IntrinsicImpl.inc:75746:6: error: ‘aie2ps_mcd_write_vec’ was not declared in this scope
75746 |     {aie2ps_mcd_write_vec, 4841}, // __builtin_aie2ps_mcd_write_vec
      |      ^~~~~~~~~~~~~~~~~~~~
/home/jtuyls/iree-ai/llvm-aie-port/build/include/llvm/IR/IntrinsicImpl.inc:75747:6: error: ‘aie2ps_pack_I1024_I4_I8’ was not declared in this scope
75747 |     {aie2ps_pack_I1024_I4_I8, 18111}, // __builtin_aie2ps_pack_I1024_I4_I8
      |      ^~~~~~~~~~~~~~~~~~~~~~~
/home/jtuyls/iree-ai/llvm-aie-port/build/include/llvm/IR/IntrinsicImpl.inc:75748:6: error: ‘aie2ps_pack_I1024_I8_I16’ was not declared in this scope
75748 |     {aie2ps_pack_I1024_I8_I16, 18128}, // __builtin_aie2ps_pack_I1024_I8_I16
      |      ^~~~~~~~~~~~~~~~~~~~~~~~
/home/jtuyls/iree-ai/llvm-aie-port/build/include/llvm/IR/IntrinsicImpl.inc:75749:6: error: ‘aie2ps_pack_I512_I4_I8’ was not declared in this scope
75749 |     {aie2ps_pack_I512_I4_I8, 18146}, // __builtin_aie2ps_pack_I512_I4_I8
      |      ^~~~~~~~~~~~~~~~~~~~~~
/home/jtuyls/iree-ai/llvm-aie-port/build/include/llvm/IR/IntrinsicImpl.inc:75750:6: error: ‘aie2ps_pack_I512_I8_I16’ was not declared in this scope
75750 |     {aie2ps_pack_I512_I8_I16, 18162}, // __builtin_aie2ps_pack_I512_I8_I16
      |      ^~~~~~~~~~~~~~~~~~~~~~~
/home/jtuyls/iree-ai/llvm-aie-port/build/include/llvm/IR/IntrinsicImpl.inc:75751:6: error: ‘aie2ps_put_ms’ was not declared in this scope
75751 |     {aie2ps_put_ms, 1080}, // __builtin_aie2ps_put_ms
      |      ^~~~~~~~~~~~~
/home/jtuyls/iree-ai/llvm-aie-port/build/include/llvm/IR/IntrinsicImpl.inc:75752:6: error: ‘aie2ps_read_tm’ was not declared in this scope
75752 |     {aie2ps_read_tm, 4979}, // __builtin_aie2ps_read_tm
      |      ^~~~~~~~~~~~~~
/home/jtuyls/iree-ai/llvm-aie-port/build/include/llvm/IR/IntrinsicImpl.inc:75753:6: error: ‘aie2ps_release’ was not declared in this scope
75753 |     {aie2ps_release, 1095}, // __builtin_aie2ps_release
      |      ^~~~~~~~~~~~~~
/home/jtuyls/iree-ai/llvm-aie-port/build/include/llvm/IR/IntrinsicImpl.inc:75754:6: error: ‘aie2ps_release_cond’ was not declared in this scope
75754 |     {aie2ps_release_cond, 4987}, // __builtin_aie2ps_release_cond
      |      ^~~~~~~~~~~~~~~~~~~
/home/jtuyls/iree-ai/llvm-aie-port/build/include/llvm/IR/IntrinsicImpl.inc:75755:6: error: ‘aie2ps_scd_ACC2048’ was not declared in this scope
75755 |     {aie2ps_scd_ACC2048, 18179}, // __builtin_aie2ps_scd_ACC2048
      |      ^~~~~~~~~~~~~~~~~~
/home/jtuyls/iree-ai/llvm-aie-port/build/include/llvm/IR/IntrinsicImpl.inc:75756:6: error: ‘aie2ps_scd_expand_ACC1024’ was not declared in this scope
75756 |     {aie2ps_scd_expand_ACC1024, 18191}, // __builtin_aie2ps_scd_expand_ACC1024
      |      ^~~~~~~~~~~~~~~~~~~~~~~~~
/home/jtuyls/iree-ai/llvm-aie-port/build/include/llvm/IR/IntrinsicImpl.inc:75757:6: error: ‘aie2ps_scd_expand_ACC2048’ was not declared in this scope
75757 |     {aie2ps_scd_expand_ACC2048, 18210}, // __builtin_aie2ps_scd_expand_ACC2048
      |      ^~~~~~~~~~~~~~~~~~~~~~~~~
/home/jtuyls/iree-ai/llvm-aie-port/build/include/llvm/IR/IntrinsicImpl.inc:75758:6: error: ‘aie2ps_scd_expand_hi’ was not declared in this scope
75758 |     {aie2ps_scd_expand_hi, 5000}, // __builtin_aie2ps_scd_expand_hi
      |      ^~~~~~~~~~~~~~~~~~~~
/home/jtuyls/iree-ai/llvm-aie-port/build/include/llvm/IR/IntrinsicImpl.inc:75759:6: error: ‘aie2ps_scd_expand_lo’ was not declared in this scope
75759 |     {aie2ps_scd_expand_lo, 5014}, // __builtin_aie2ps_scd_expand_lo
      |      ^~~~~~~~~~~~~~~~~~~~
/home/jtuyls/iree-ai/llvm-aie-port/build/include/llvm/IR/IntrinsicImpl.inc:75760:6: error: ‘aie2ps_scd_read_acc32’ was not declared in this scope
75760 |     {aie2ps_scd_read_acc32, 5028}, // __builtin_aie2ps_scd_read_acc32
      |      ^~~~~~~~~~~~~~~~~~~~~
/home/jtuyls/iree-ai/llvm-aie-port/build/include/llvm/IR/IntrinsicImpl.inc:75761:6: error: ‘aie2ps_scd_read_vec’ was not declared in this scope
75761 |     {aie2ps_scd_read_vec, 5043}, // __builtin_aie2ps_scd_read_vec
      |      ^~~~~~~~~~~~~~~~~~~
/home/jtuyls/iree-ai/llvm-aie-port/build/include/llvm/IR/IntrinsicImpl.inc:75762:6: error: ‘aie2ps_sched_barrier’ was not declared in this scope
75762 |     {aie2ps_sched_barrier, 5056}, // __builtin_aie2ps_sched_barrier
      |      ^~~~~~~~~~~~~~~~~~~~
/home/jtuyls/iree-ai/llvm-aie-port/build/include/llvm/IR/IntrinsicImpl.inc:75763:6: error: ‘aie2ps_set_ctrl_reg’ was not declared in this scope
75763 |     {aie2ps_set_ctrl_reg, 5246}, // __builtin_aie2ps_set_ctrl_reg
      |      ^~~~~~~~~~~~~~~~~~~
/home/jtuyls/iree-ai/llvm-aie-port/build/include/llvm/IR/IntrinsicImpl.inc:75764:6: error: ‘aie2ps_set_status_reg’ was not declared in this scope
75764 |     {aie2ps_set_status_reg, 18229}, // __builtin_aie2ps_set_status_reg
      |      ^~~~~~~~~~~~~~~~~~~~~
/home/jtuyls/iree-ai/llvm-aie-port/build/include/llvm/IR/IntrinsicImpl.inc:75765:6: error: ‘aie2ps_sqrtf’ was not declared in this scope
75765 |     {aie2ps_sqrtf, 18244}, // __builtin_aie2ps_sqrtf
      |      ^~~~~~~~~~~~
/home/jtuyls/iree-ai/llvm-aie-port/build/include/llvm/IR/IntrinsicImpl.inc:75766:6: error: ‘aie2ps_tanh’ was not declared in this scope
75766 |     {aie2ps_tanh, 18250}, // __builtin_aie2ps_tanh
      |      ^~~~~~~~~~~
/home/jtuyls/iree-ai/llvm-aie-port/build/include/llvm/IR/IntrinsicImpl.inc:75767:6: error: ‘aie2ps_unpack_I1024_I16_I8’ was not declared in this scope
75767 |     {aie2ps_unpack_I1024_I16_I8, 18255}, // __builtin_aie2ps_unpack_I1024_I16_I8
      |      ^~~~~~~~~~~~~~~~~~~~~~~~~~
/home/jtuyls/iree-ai/llvm-aie-port/build/include/llvm/IR/IntrinsicImpl.inc:75768:6: error: ‘aie2ps_unpack_I1024_I8_I4’ was not declared in this scope
75768 |     {aie2ps_unpack_I1024_I8_I4, 18275}, // __builtin_aie2ps_unpack_I1024_I8_I4
      |      ^~~~~~~~~~~~~~~~~~~~~~~~~
/home/jtuyls/iree-ai/llvm-aie-port/build/include/llvm/IR/IntrinsicImpl.inc:75769:6: error: ‘aie2ps_unpack_I512_I16_I8’ was not declared in this scope
75769 |     {aie2ps_unpack_I512_I16_I8, 18294}, // __builtin_aie2ps_unpack_I512_I16_I8
      |      ^~~~~~~~~~~~~~~~~~~~~~~~~
/home/jtuyls/iree-ai/llvm-aie-port/build/include/llvm/IR/IntrinsicImpl.inc:75770:6: error: ‘aie2ps_unpack_I512_I8_I4’ was not declared in this scope
75770 |     {aie2ps_unpack_I512_I8_I4, 18313}, // __builtin_aie2ps_unpack_I512_I8_I4
      |      ^~~~~~~~~~~~~~~~~~~~~~~~
/home/jtuyls/iree-ai/llvm-aie-port/build/include/llvm/IR/IntrinsicImpl.inc:75771:6: error: ‘aie2ps_v16accfloat_to_v16bf16’ was not declared in this scope
75771 |     {aie2ps_v16accfloat_to_v16bf16, 5508}, // __builtin_aie2ps_v16accfloat_to_v16bf16
      |      ^~~~~~~~~~~~~~~~~~~~~~~~~~~~~
/home/jtuyls/iree-ai/llvm-aie-port/build/include/llvm/IR/IntrinsicImpl.inc:75772:6: error: ‘aie2ps_v16accfloat_to_v16float16’ was not declared in this scope
75772 |     {aie2ps_v16accfloat_to_v16float16, 18331}, // __builtin_aie2ps_v16accfloat_to_v16float16
      |      ^~~~~~~~~~~~~~~~~~~~~~~~~~~~~~~~
/home/jtuyls/iree-ai/llvm-aie-port/build/include/llvm/IR/IntrinsicImpl.inc:75773:6: error: ‘aie2ps_v16bf16_to_v16accfloat’ was not declared in this scope
75773 |     {aie2ps_v16bf16_to_v16accfloat, 5531}, // __builtin_aie2ps_v16bf16_to_v16accfloat
      |      ^~~~~~~~~~~~~~~~~~~~~~~~~~~~~
/home/jtuyls/iree-ai/llvm-aie-port/build/include/llvm/IR/IntrinsicImpl.inc:75774:6: error: ‘aie2ps_v16bf16_to_v16i32’ was not declared in this scope
75774 |     {aie2ps_v16bf16_to_v16i32, 5554}, // __builtin_aie2ps_v16bf16_to_v16i32
      |      ^~~~~~~~~~~~~~~~~~~~~~~~
/home/jtuyls/iree-ai/llvm-aie-port/build/include/llvm/IR/IntrinsicImpl.inc:75775:6: error: ‘aie2ps_v16float16_to_v16accfloat’ was not declared in this scope
75775 |     {aie2ps_v16float16_to_v16accfloat, 18357}, // __builtin_aie2ps_v16float16_to_v16accfloat
      |      ^~~~~~~~~~~~~~~~~~~~~~~~~~~~~~~~
/home/jtuyls/iree-ai/llvm-aie-port/build/include/llvm/IR/IntrinsicImpl.inc:75776:6: error: ‘aie2ps_v32accfloat_to_v32bf16’ was not declared in this scope
75776 |     {aie2ps_v32accfloat_to_v32bf16, 18383}, // __builtin_aie2ps_v32accfloat_to_v32bf16
      |      ^~~~~~~~~~~~~~~~~~~~~~~~~~~~~
/home/jtuyls/iree-ai/llvm-aie-port/build/include/llvm/IR/IntrinsicImpl.inc:75777:6: error: ‘aie2ps_v32accfloat_to_v32bfloat8’ was not declared in this scope
75777 |     {aie2ps_v32accfloat_to_v32bfloat8, 18406}, // __builtin_aie2ps_v32accfloat_to_v32bfloat8
      |      ^~~~~~~~~~~~~~~~~~~~~~~~~~~~~~~~
/home/jtuyls/iree-ai/llvm-aie-port/build/include/llvm/IR/IntrinsicImpl.inc:75778:6: error: ‘aie2ps_v32accfloat_to_v32float16’ was not declared in this scope
75778 |     {aie2ps_v32accfloat_to_v32float16, 18432}, // __builtin_aie2ps_v32accfloat_to_v32float16
      |      ^~~~~~~~~~~~~~~~~~~~~~~~~~~~~~~~
/home/jtuyls/iree-ai/llvm-aie-port/build/include/llvm/IR/IntrinsicImpl.inc:75779:6: error: ‘aie2ps_v32accfloat_to_v32float8’ was not declared in this scope
75779 |     {aie2ps_v32accfloat_to_v32float8, 18458}, // __builtin_aie2ps_v32accfloat_to_v32float8
      |      ^~~~~~~~~~~~~~~~~~~~~~~~~~~~~~~
/home/jtuyls/iree-ai/llvm-aie-port/build/include/llvm/IR/IntrinsicImpl.inc:75780:6: error: ‘aie2ps_v32bf16_to_v32accfloat’ was not declared in this scope
75780 |     {aie2ps_v32bf16_to_v32accfloat, 18483}, // __builtin_aie2ps_v32bf16_to_v32accfloat
      |      ^~~~~~~~~~~~~~~~~~~~~~~~~~~~~
/home/jtuyls/iree-ai/llvm-aie-port/build/include/llvm/IR/IntrinsicImpl.inc:75781:6: error: ‘aie2ps_v32float16_to_v32accfloat’ was not declared in this scope
75781 |     {aie2ps_v32float16_to_v32accfloat, 18506}, // __builtin_aie2ps_v32float16_to_v32accfloat
      |      ^~~~~~~~~~~~~~~~~~~~~~~~~~~~~~~~
/home/jtuyls/iree-ai/llvm-aie-port/build/include/llvm/IR/IntrinsicImpl.inc:75782:6: error: ‘aie2ps_vaddsub16’ was not declared in this scope
75782 |     {aie2ps_vaddsub16, 5794}, // __builtin_aie2ps_vaddsub16
      |      ^~~~~~~~~~~~~~~~
/home/jtuyls/iree-ai/llvm-aie-port/build/include/llvm/IR/IntrinsicImpl.inc:75783:6: error: ‘aie2ps_vaddsub32’ was not declared in this scope
75783 |     {aie2ps_vaddsub32, 5804}, // __builtin_aie2ps_vaddsub32
      |      ^~~~~~~~~~~~~~~~
/home/jtuyls/iree-ai/llvm-aie-port/build/include/llvm/IR/IntrinsicImpl.inc:75784:6: error: ‘aie2ps_vaddsub8’ was not declared in this scope
75784 |     {aie2ps_vaddsub8, 5814}, // __builtin_aie2ps_vaddsub8
      |      ^~~~~~~~~~~~~~~
/home/jtuyls/iree-ai/llvm-aie-port/build/include/llvm/IR/IntrinsicImpl.inc:75785:6: error: ‘aie2ps_vbcst_shuffle16’ was not declared in this scope
75785 |     {aie2ps_vbcst_shuffle16, 5823}, // __builtin_aie2ps_vbcst_shuffle16
      |      ^~~~~~~~~~~~~~~~~~~~~~
/home/jtuyls/iree-ai/llvm-aie-port/build/include/llvm/IR/IntrinsicImpl.inc:75786:6: error: ‘aie2ps_vbcst_shuffle32’ was not declared in this scope
75786 |     {aie2ps_vbcst_shuffle32, 5839}, // __builtin_aie2ps_vbcst_shuffle32
      |      ^~~~~~~~~~~~~~~~~~~~~~
/home/jtuyls/iree-ai/llvm-aie-port/build/include/llvm/IR/IntrinsicImpl.inc:75787:6: error: ‘aie2ps_vbcst_shuffle64’ was not declared in this scope
75787 |     {aie2ps_vbcst_shuffle64, 5855}, // __builtin_aie2ps_vbcst_shuffle64
      |      ^~~~~~~~~~~~~~~~~~~~~~
/home/jtuyls/iree-ai/llvm-aie-port/build/include/llvm/IR/IntrinsicImpl.inc:75788:6: error: ‘aie2ps_vbcst_shuffle8’ was not declared in this scope
75788 |     {aie2ps_vbcst_shuffle8, 5871}, // __builtin_aie2ps_vbcst_shuffle8
      |      ^~~~~~~~~~~~~~~~~~~~~
/home/jtuyls/iree-ai/llvm-aie-port/build/include/llvm/IR/IntrinsicImpl.inc:75789:6: error: ‘aie2ps_vbroadcast32_bf512’ was not declared in this scope
75789 |     {aie2ps_vbroadcast32_bf512, 5998}, // __builtin_aie2ps_vbroadcast_bf32_bf512
      |      ^~~~~~~~~~~~~~~~~~~~~~~~~
/home/jtuyls/iree-ai/llvm-aie-port/build/include/llvm/IR/IntrinsicImpl.inc:75790:6: error: ‘aie2ps_vbroadcast64_bf512’ was not declared in this scope
75790 |     {aie2ps_vbroadcast64_bf512, 6020}, // __builtin_aie2ps_vbroadcast_bf64_bf512
      |      ^~~~~~~~~~~~~~~~~~~~~~~~~
/home/jtuyls/iree-ai/llvm-aie-port/build/include/llvm/IR/IntrinsicImpl.inc:75791:6: error: ‘aie2ps_veqz16’ was not declared in this scope
75791 |     {aie2ps_veqz16, 6066}, // __builtin_aie2ps_veqz16
      |      ^~~~~~~~~~~~~
/home/jtuyls/iree-ai/llvm-aie-port/build/include/llvm/IR/IntrinsicImpl.inc:75792:6: error: ‘aie2ps_veqz32’ was not declared in this scope
75792 |     {aie2ps_veqz32, 6073}, // __builtin_aie2ps_veqz32
      |      ^~~~~~~~~~~~~
/home/jtuyls/iree-ai/llvm-aie-port/build/include/llvm/IR/IntrinsicImpl.inc:75793:6: error: ‘aie2ps_veqz8’ was not declared in this scope
75793 |     {aie2ps_veqz8, 6080}, // __builtin_aie2ps_veqz8
      |      ^~~~~~~~~~~~
/home/jtuyls/iree-ai/llvm-aie-port/build/include/llvm/IR/IntrinsicImpl.inc:75794:6: error: ‘aie2ps_vextract_broadcast128_I512’ was not declared in this scope
75794 |     {aie2ps_vextract_broadcast128_I512, 18532}, // __builtin_aie2ps_vextract_broadcast128_I512
      |      ^~~~~~~~~~~~~~~~~~~~~~~~~~~~~~~~~
/home/jtuyls/iree-ai/llvm-aie-port/build/include/llvm/IR/IntrinsicImpl.inc:75795:6: error: ‘aie2ps_vge16’ was not declared in this scope
75795 |     {aie2ps_vge16, 6276}, // __builtin_aie2ps_vge16
      |      ^~~~~~~~~~~~
/home/jtuyls/iree-ai/llvm-aie-port/build/include/llvm/IR/IntrinsicImpl.inc:75796:6: error: ‘aie2ps_vge32’ was not declared in this scope
75796 |     {aie2ps_vge32, 6282}, // __builtin_aie2ps_vge32
      |      ^~~~~~~~~~~~
/home/jtuyls/iree-ai/llvm-aie-port/build/include/llvm/IR/IntrinsicImpl.inc:75797:6: error: ‘aie2ps_vge8’ was not declared in this scope
75797 |     {aie2ps_vge8, 6288}, // __builtin_aie2ps_vge8
      |      ^~~~~~~~~~~
/home/jtuyls/iree-ai/llvm-aie-port/build/include/llvm/IR/IntrinsicImpl.inc:75798:6: error: ‘aie2ps_vgebfloat16’ was not declared in this scope
75798 |     {aie2ps_vgebfloat16, 18559}, // __builtin_aie2ps_vgebfloat16
      |      ^~~~~~~~~~~~~~~~~~
/home/jtuyls/iree-ai/llvm-aie-port/build/include/llvm/IR/IntrinsicImpl.inc:75799:6: error: ‘aie2ps_vgebfloat8’ was not declared in this scope
75799 |     {aie2ps_vgebfloat8, 18571}, // __builtin_aie2ps_vgebfloat8
      |      ^~~~~~~~~~~~~~~~~
/home/jtuyls/iree-ai/llvm-aie-port/build/include/llvm/IR/IntrinsicImpl.inc:75800:6: error: ‘aie2ps_vgefloat16’ was not declared in this scope
75800 |     {aie2ps_vgefloat16, 18582}, // __builtin_aie2ps_vgefloat16
      |      ^~~~~~~~~~~~~~~~~
/home/jtuyls/iree-ai/llvm-aie-port/build/include/llvm/IR/IntrinsicImpl.inc:75801:6: error: ‘aie2ps_vgefloat8’ was not declared in this scope
75801 |     {aie2ps_vgefloat8, 18593}, // __builtin_aie2ps_vgefloat8
      |      ^~~~~~~~~~~~~~~~
/home/jtuyls/iree-ai/llvm-aie-port/build/include/llvm/IR/IntrinsicImpl.inc:75802:6: error: ‘aie2ps_vinsert32_bf512’ was not declared in this scope
75802 |     {aie2ps_vinsert32_bf512, 6398}, // __builtin_aie2ps_vinsert_bf32_bf512
      |      ^~~~~~~~~~~~~~~~~~~~~~
/home/jtuyls/iree-ai/llvm-aie-port/build/include/llvm/IR/IntrinsicImpl.inc:75803:6: error: ‘aie2ps_vinsert64_bf512’ was not declared in this scope
75803 |     {aie2ps_vinsert64_bf512, 6417}, // __builtin_aie2ps_vinsert_bf64_bf512
      |      ^~~~~~~~~~~~~~~~~~~~~~
/home/jtuyls/iree-ai/llvm-aie-port/build/include/llvm/IR/IntrinsicImpl.inc:75804:6: error: ‘aie2ps_vlt16’ was not declared in this scope
75804 |     {aie2ps_vlt16, 6436}, // __builtin_aie2ps_vlt16
      |      ^~~~~~~~~~~~
/home/jtuyls/iree-ai/llvm-aie-port/build/include/llvm/IR/IntrinsicImpl.inc:75805:6: error: ‘aie2ps_vlt32’ was not declared in this scope
75805 |     {aie2ps_vlt32, 6442}, // __builtin_aie2ps_vlt32
      |      ^~~~~~~~~~~~
/home/jtuyls/iree-ai/llvm-aie-port/build/include/llvm/IR/IntrinsicImpl.inc:75806:6: error: ‘aie2ps_vlt8’ was not declared in this scope
75806 |     {aie2ps_vlt8, 6448}, // __builtin_aie2ps_vlt8
      |      ^~~~~~~~~~~
/home/jtuyls/iree-ai/llvm-aie-port/build/include/llvm/IR/IntrinsicImpl.inc:75807:6: error: ‘aie2ps_vltbfloat16’ was not declared in this scope
75807 |     {aie2ps_vltbfloat16, 18603}, // __builtin_aie2ps_vltbfloat16
      |      ^~~~~~~~~~~~~~~~~~
/home/jtuyls/iree-ai/llvm-aie-port/build/include/llvm/IR/IntrinsicImpl.inc:75808:6: error: ‘aie2ps_vltbfloat8’ was not declared in this scope
75808 |     {aie2ps_vltbfloat8, 18615}, // __builtin_aie2ps_vltbfloat8
      |      ^~~~~~~~~~~~~~~~~
/home/jtuyls/iree-ai/llvm-aie-port/build/include/llvm/IR/IntrinsicImpl.inc:75809:6: error: ‘aie2ps_vltfloat16’ was not declared in this scope
75809 |     {aie2ps_vltfloat16, 18626}, // __builtin_aie2ps_vltfloat16
      |      ^~~~~~~~~~~~~~~~~
/home/jtuyls/iree-ai/llvm-aie-port/build/include/llvm/IR/IntrinsicImpl.inc:75810:6: error: ‘aie2ps_vltfloat8’ was not declared in this scope
75810 |     {aie2ps_vltfloat8, 18637}, // __builtin_aie2ps_vltfloat8
      |      ^~~~~~~~~~~~~~~~
/home/jtuyls/iree-ai/llvm-aie-port/build/include/llvm/IR/IntrinsicImpl.inc:75811:6: error: ‘aie2ps_vsel16’ was not declared in this scope
75811 |     {aie2ps_vsel16, 6461}, // __builtin_aie2ps_vsel16
      |      ^~~~~~~~~~~~~
/home/jtuyls/iree-ai/llvm-aie-port/build/include/llvm/IR/IntrinsicImpl.inc:75812:6: error: ‘aie2ps_vsel32’ was not declared in this scope
75812 |     {aie2ps_vsel32, 6468}, // __builtin_aie2ps_vsel32
      |      ^~~~~~~~~~~~~
/home/jtuyls/iree-ai/llvm-aie-port/build/include/llvm/IR/IntrinsicImpl.inc:75813:6: error: ‘aie2ps_vsel8’ was not declared in this scope
75813 |     {aie2ps_vsel8, 6475}, // __builtin_aie2ps_vsel8
      |      ^~~~~~~~~~~~
/home/jtuyls/iree-ai/llvm-aie-port/build/include/llvm/IR/IntrinsicImpl.inc:75814:6: error: ‘aie2ps_vshift_I512_I512’ was not declared in this scope
75814 |     {aie2ps_vshift_I512_I512, 6481}, // __builtin_aie2ps_vshift_I512_I512
      |      ^~~~~~~~~~~~~~~~~~~~~~~
/home/jtuyls/iree-ai/llvm-aie-port/build/include/llvm/IR/IntrinsicImpl.inc:75815:6: error: ‘aie2ps_vshift_bf512_bf512’ was not declared in this scope
75815 |     {aie2ps_vshift_bf512_bf512, 6498}, // __builtin_aie2ps_vshift_bf512_bf512
      |      ^~~~~~~~~~~~~~~~~~~~~~~~~
/home/jtuyls/iree-ai/llvm-aie-port/build/include/llvm/IR/IntrinsicImpl.inc:75816:6: error: ‘aie2ps_vshuffle’ was not declared in this scope
75816 |     {aie2ps_vshuffle, 6517}, // __builtin_aie2ps_vshuffle
      |      ^~~~~~~~~~~~~~~
/home/jtuyls/iree-ai/llvm-aie-port/build/include/llvm/IR/IntrinsicImpl.inc:75817:6: error: ‘aie2ps_write_tm’ was not declared in this scope
75817 |     {aie2ps_write_tm, 6540}, // __builtin_aie2ps_write_tm
      |      ^~~~~~~~~~~~~~~
ninja: build stopped: cannot make progress due to previous errors.
DONE_RC=1
