ninja: Entering directory `build'
[1/590] Building CXX object lib/CodeGen/CMakeFiles/LLVMCodeGen.dir/AllocationOrder.cpp.o
[2/590] Building CXX object lib/CodeGen/CMakeFiles/LLVMCodeGen.dir/DeadMachineInstructionElim.cpp.o
[3/590] Building CXX object lib/CodeGen/CMakeFiles/LLVMCodeGen.dir/ExpandPostRAPseudos.cpp.o
[4/590] Building CXX object lib/CodeGen/CMakeFiles/LLVMCodeGen.dir/IndirectBrExpandPass.cpp.o
[5/590] Building CXX object lib/CodeGen/CMakeFiles/LLVMCodeGen.dir/BasicBlockPathCloning.cpp.o
[6/590] Building CXX object lib/CodeGen/CMakeFiles/LLVMCodeGen.dir/DetectDeadLanes.cpp.o
[7/590] Building CXX object lib/CodeGen/CMakeFiles/LLVMCodeGen.dir/ImplicitNullChecks.cpp.o
[8/590] Building CXX object lib/CodeGen/CMakeFiles/LLVMCodeGen.dir/ExecutionDomainFix.cpp.o
[9/590] Building CXX object lib/CodeGen/CMakeFiles/LLVMCodeGen.dir/FEntryInserter.cpp.o
[10/590] Building CXX object lib/CodeGen/CMakeFiles/LLVMCodeGen.dir/CalcSpillWeights.cpp.o
[11/590] Building CXX object lib/CodeGen/CMakeFiles/LLVMCodeGen.dir/FinalizeISel.cpp.o
[12/590] Building CXX object lib/CodeGen/CMakeFiles/LLVMCodeGen.dir/BreakFalseDeps.cpp.o
[13/590] Building CXX object lib/CodeGen/CMakeFiles/LLVMCodeGen.dir/CodeGenCommonISel.cpp.o
[14/590] Building CXX object lib/CodeGen/CMakeFiles/LLVMCodeGen.dir/CallingConvLower.cpp.o
[15/590] Building CXX object lib/CodeGen/CMakeFiles/LLVMCodeGen.dir/CFIFixup.cpp.o
[16/590] Building CXX object lib/CodeGen/CMakeFiles/LLVMCodeGen.dir/BranchRelaxation.cpp.o
[17/590] Building CXX object lib/CodeGen/CMakeFiles/LLVMCodeGen.dir/EarlyIfConversion.cpp.o
[18/590] Building CXX object lib/CodeGen/CMakeFiles/LLVMCodeGen.dir/CriticalAntiDepBreaker.cpp.o
[19/590] Building CXX object lib/CodeGen/CMakeFiles/LLVMCodeGen.dir/BasicBlockSections.cpp.o
[20/590] Building CXX object lib/CodeGen/CMakeFiles/LLVMCodeGen.dir/CFIInstrInserter.cpp.o
[21/590] Building CXX object lib/CodeGen/CMakeFiles/LLVMCodeGen.dir/GCRootLowering.cpp.o
[22/590] Building CXX object lib/CodeGen/CMakeFiles/LLVMCodeGen.dir/LibcallLoweringInfo.cpp.o
[23/590] Building CXX object lib/CodeGen/CMakeFiles/LLVMCodeGen.dir/DFAPacketizer.cpp.o
[24/590] Building CXX object lib/CodeGen/CMakeFiles/LLVMCodeGen.dir/InitUndef.cpp.o
[25/590] Building CXX object utils/TableGen/CMakeFiles/llvm-tblgen.dir/SubtargetEmitter.cpp.o
[26/590] Linking CXX executable bin/llvm-tblgen
[27/590] Building CXX object lib/CodeGen/CMakeFiles/LLVMCodeGen.dir/FixupStatepointCallerSaved.cpp.o
[28/590] Building CXX object lib/CodeGen/CMakeFiles/LLVMCodeGen.dir/IfConversion.cpp.o
[29/590] Building CXX object lib/CodeGen/CMakeFiles/LLVMCodeGen.dir/AtomicExpandPass.cpp.o
[30/590] Building CXX object lib/CodeGen/CMakeFiles/LLVMCodeGen.dir/AggressiveAntiDepBreaker.cpp.o
[31/590] Building CXX object lib/CodeGen/CMakeFiles/LLVMCodeGen.dir/BranchFolding.cpp.o
[32/590] Building CXX object lib/CodeGen/CMakeFiles/LLVMCodeGen.dir/LiveIntervalCalc.cpp.o
[33/590] Building CXX object lib/CodeGen/CMakeFiles/LLVMCodeGen.dir/DwarfEHPrepare.cpp.o
[34/590] Building CXX object lib/CodeGen/CMakeFiles/LLVMCodeGen.dir/ExpandIRInsts.cpp.o
[35/590] Building CXX object lib/CodeGen/CMakeFiles/LLVMCodeGen.dir/Analysis.cpp.o
[36/590] Building CXX object lib/CodeGen/CMakeFiles/LLVMCodeGen.dir/LivePhysRegs.cpp.o
[37/590] Building CXX object lib/CodeGen/CMakeFiles/LLVMCodeGen.dir/LatencyPriorityQueue.cpp.o
[38/590] Building CXX object lib/CodeGen/CMakeFiles/LLVMCodeGen.dir/LiveRangeShrink.cpp.o
[39/590] Building CXX object lib/CodeGen/CMakeFiles/LLVMCodeGen.dir/LiveRegUnits.cpp.o
[40/590] Building CXX object lib/CodeGen/CMakeFiles/LLVMCodeGen.dir/LiveStacks.cpp.o
[41/590] Building CXX object lib/CodeGen/CMakeFiles/LLVMCodeGen.dir/LiveRegMatrix.cpp.o
[42/590] Building CXX object lib/CodeGen/CMakeFiles/LLVMCodeGen.dir/InsertCodePrefetch.cpp.o
[43/590] Building CXX object lib/CodeGen/CMakeFiles/LLVMCodeGen.dir/LiveRangeCalc.cpp.o
[44/590] Building CXX object lib/CodeGen/CMakeFiles/LLVMCodeGen.dir/LiveRangeEdit.cpp.o
[45/590] Building CXX object lib/CodeGen/CMakeFiles/LLVMCodeGen.dir/LiveInterval.cpp.o
[46/590] Building CXX object lib/CodeGen/CMakeFiles/LLVMCodeGen.dir/KCFI.cpp.o
[47/590] Building CXX object lib/CodeGen/CMakeFiles/LLVMCodeGen.dir/ComplexDeinterleavingPass.cpp.o
[48/590] Building CXX object lib/CodeGen/CMakeFiles/LLVMCodeGen.dir/LocalStackSlotAllocation.cpp.o
[49/590] Building CXX object lib/CodeGen/CMakeFiles/LLVMCodeGen.dir/InlineSpiller.cpp.o
[50/590] Building CXX object lib/CodeGen/CMakeFiles/LLVMCodeGen.dir/LiveVariables.cpp.o
[51/590] Building CXX object lib/CodeGen/CMakeFiles/LLVMCodeGen.dir/MachineCFGPrinter.cpp.o
[52/590] Building CXX object lib/CodeGen/CMakeFiles/LLVMCodeGen.dir/MachineCombiner.cpp.o
[53/590] Building CXX object lib/CodeGen/CMakeFiles/LLVMCodeGen.dir/LiveIntervals.cpp.o
[54/590] Building CXX object lib/CodeGen/CMakeFiles/LLVMCodeGen.dir/MachineConvergenceVerifier.cpp.o
[55/590] Building CXX object lib/CodeGen/CMakeFiles/LLVMCodeGen.dir/InterleavedLoadCombinePass.cpp.o
[56/590] Building CXX object lib/CodeGen/CMakeFiles/LLVMCodeGen.dir/MachineFrameInfo.cpp.o
[57/590] Building CXX object lib/CodeGen/CMakeFiles/LLVMCodeGen.dir/InterleavedAccessPass.cpp.o
[58/590] Building CXX object lib/CodeGen/CMakeFiles/LLVMCodeGen.dir/BasicTargetTransformInfo.cpp.o
[59/590] Building CXX object lib/CodeGen/CMakeFiles/LLVMCodeGen.dir/MachineLoopUtils.cpp.o
[60/590] Building CXX object lib/CodeGen/CMakeFiles/LLVMCodeGen.dir/MachineIDFSSAUpdater.cpp.o
[61/590] Building CXX object lib/CodeGen/CMakeFiles/LLVMCodeGen.dir/MachineInstrBundle.cpp.o
[62/590] Building CXX object lib/CodeGen/CMakeFiles/LLVMCodeGen.dir/MachineCSE.cpp.o
[63/590] Building CXX object lib/CodeGen/CMakeFiles/LLVMCodeGen.dir/MachineCopyPropagation.cpp.o
[64/590] Building CXX object lib/CodeGen/CMakeFiles/LLVMCodeGen.dir/MachineLateInstrsCleanup.cpp.o
[65/590] Building CXX object lib/CodeGen/CMakeFiles/LLVMCodeGen.dir/MachineFunctionSplitter.cpp.o
[66/590] Building CXX object lib/CodeGen/CMakeFiles/LLVMCodeGen.dir/MachineDebugify.cpp.o
[67/590] Building CXX object lib/CodeGen/CMakeFiles/LLVMCodeGen.dir/MachineSSAContext.cpp.o
[68/590] Building CXX object lib/CodeGen/CMakeFiles/LLVMCodeGen.dir/MachineCycleAnalysis.cpp.o
[69/590] Building CXX object lib/CodeGen/CMakeFiles/LLVMCodeGen.dir/MachineLoopInfo.cpp.o
[70/590] Building CXX object lib/CodeGen/CMakeFiles/LLVMCodeGen.dir/MachineRegisterInfo.cpp.o
[71/590] Building CXX object lib/CodeGen/CMakeFiles/LLVMCodeGen.dir/MachineSSAUpdater.cpp.o
[72/590] Building CXX object lib/CodeGen/CMakeFiles/LLVMCodeGen.dir/MachineOperand.cpp.o
[73/590] Building CXX object lib/CodeGen/CMakeFiles/LLVMCodeGen.dir/LiveDebugVariables.cpp.o
[74/590] Building CXX object lib/CodeGen/CMakeFiles/LLVMCodeGen.dir/PatchableFunction.cpp.o
[75/590] Building CXX object lib/CodeGen/CMakeFiles/LLVMCodeGen.dir/PHIEliminationUtils.cpp.o
[76/590] Building CXX object lib/CodeGen/CMakeFiles/LLVMCodeGen.dir/MachineBasicBlock.cpp.o
[77/590] Building CXX object lib/CodeGen/CMakeFiles/LLVMCodeGen.dir/OptimizePHIs.cpp.o
[78/590] Building CXX object lib/CodeGen/CMakeFiles/LLVMCodeGen.dir/MachineTraceMetrics.cpp.o
[79/590] Building CXX object lib/CodeGen/CMakeFiles/LLVMCodeGen.dir/MLRegAllocPriorityAdvisor.cpp.o
[80/590] Building CXX object lib/CodeGen/CMakeFiles/LLVMCodeGen.dir/PostRAHazardRecognizer.cpp.o
[81/590] Building CXX object lib/CodeGen/CMakeFiles/LLVMCodeGen.dir/MachineLICM.cpp.o
[82/590] Building CXX object lib/CodeGen/CMakeFiles/LLVMCodeGen.dir/CodeGenTargetMachineImpl.cpp.o
[83/590] Building CXX object lib/CodeGen/CMakeFiles/LLVMCodeGen.dir/ProcessImplicitDefs.cpp.o
[84/590] Building CXX object lib/CodeGen/CMakeFiles/LLVMCodeGen.dir/MacroFusion.cpp.o
[85/590] Building CXX object lib/CodeGen/CMakeFiles/LLVMCodeGen.dir/MachineBlockPlacement.cpp.o
[86/590] Building CXX object lib/CodeGen/CMakeFiles/LLVMCodeGen.dir/MachineFunction.cpp.o
[87/590] Building CXX object lib/CodeGen/CMakeFiles/LLVMCodeGen.dir/PeepholeOptimizer.cpp.o
[88/590] Building CXX object lib/CodeGen/CMakeFiles/LLVMCodeGen.dir/MachineInstr.cpp.o
[89/590] Building CXX object lib/CodeGen/CMakeFiles/LLVMCodeGen.dir/MachineUniformityAnalysis.cpp.o
[90/590] Building CXX object lib/CodeGen/CMakeFiles/LLVMCodeGen.dir/MLRegAllocEvictAdvisor.cpp.o
[91/590] Building CXX object lib/CodeGen/CMakeFiles/LLVMCodeGen.dir/MIR2Vec.cpp.o
[92/590] Building CXX object lib/CodeGen/CMakeFiles/LLVMCodeGen.dir/PHIElimination.cpp.o
[93/590] Building CXX object lib/CodeGen/CMakeFiles/LLVMCodeGen.dir/RegAllocBase.cpp.o
[94/590] Building CXX object lib/CodeGen/CMakeFiles/LLVMCodeGen.dir/CodeGenPrepare.cpp.o
[95/590] Building CXX object lib/CodeGen/CMakeFiles/LLVMCodeGen.dir/RegAllocScore.cpp.o
[96/590] Building CXX object lib/CodeGen/CMakeFiles/LLVMCodeGen.dir/PostRASchedulerList.cpp.o
[97/590] Building CXX object lib/CodeGen/CMakeFiles/LLVMCodeGen.dir/RegisterClassInfo.cpp.o
[98/590] Building CXX object lib/CodeGen/CMakeFiles/LLVMCodeGen.dir/RegAllocBasic.cpp.o
[99/590] Building CXX object lib/CodeGen/CMakeFiles/LLVMCodeGen.dir/RegAllocEvictionAdvisor.cpp.o
[100/590] Building CXX object lib/CodeGen/CMakeFiles/LLVMCodeGen.dir/ReachingDefAnalysis.cpp.o
[101/590] Building CXX object lib/CodeGen/CMakeFiles/LLVMCodeGen.dir/RegAllocPriorityAdvisor.cpp.o
[102/590] Building CXX object lib/CodeGen/CMakeFiles/LLVMCodeGen.dir/MachineOutliner.cpp.o
[103/590] Building CXX object lib/CodeGen/CMakeFiles/LLVMCodeGen.dir/PseudoProbeInserter.cpp.o
[104/590] Building CXX object lib/CodeGen/CMakeFiles/LLVMCodeGen.dir/PreISelIntrinsicLowering.cpp.o
[105/590] Building CXX object lib/CodeGen/CMakeFiles/LLVMCodeGen.dir/ModuloSchedule.cpp.o
[106/590] Building CXX object lib/CodeGen/CMakeFiles/LLVMCodeGen.dir/RegisterPressure.cpp.o
[107/590] Building CXX object lib/CodeGen/CMakeFiles/LLVMCodeGen.dir/RegisterScavenging.cpp.o
[108/590] Building CXX object lib/CodeGen/CMakeFiles/LLVMCodeGen.dir/MachineStableHash.cpp.o
[109/590] Building CXX object lib/CodeGen/CMakeFiles/LLVMCodeGen.dir/PrologEpilogInserter.cpp.o
[110/590] Building CXX object lib/CodeGen/CMakeFiles/LLVMCodeGen.dir/MachineSink.cpp.o
[111/590] Building CXX object lib/CodeGen/CMakeFiles/LLVMCodeGen.dir/RegAllocFast.cpp.o
[112/590] Building CXX object lib/CodeGen/CMakeFiles/LLVMCodeGen.dir/RegisterUsageInfo.cpp.o
[113/590] Building CXX object lib/CodeGen/CMakeFiles/LLVMCodeGen.dir/MIRVRegNamerUtils.cpp.o
[114/590] Building CXX object lib/CodeGen/CMakeFiles/LLVMCodeGen.dir/RemoveRedundantDebugValues.cpp.o
[115/590] Building CXX object lib/CodeGen/CMakeFiles/LLVMCodeGen.dir/MachineScheduler.cpp.o
[116/590] Building CXX object lib/CodeGen/CMakeFiles/LLVMCodeGen.dir/RDFGraph.cpp.o
[117/590] Building CXX object lib/CodeGen/CMakeFiles/LLVMCodeGen.dir/RenameIndependentSubregs.cpp.o
[118/590] Building CXX object lib/CodeGen/CMakeFiles/LLVMCodeGen.dir/RegUsageInfoCollector.cpp.o
[119/590] Building CXX object lib/CodeGen/CMakeFiles/LLVMCodeGen.dir/MIRCanonicalizerPass.cpp.o
[120/590] Building CXX object lib/CodeGen/CMakeFiles/LLVMCodeGen.dir/RegUsageInfoPropagate.cpp.o
[121/590] Building CXX object lib/CodeGen/CMakeFiles/LLVMCodeGen.dir/RemoveLoadsIntoFakeUses.cpp.o
[122/590] Building CXX object lib/CodeGen/CMakeFiles/LLVMCodeGen.dir/MachineVerifier.cpp.o
[123/590] Building CXX object lib/CodeGen/CMakeFiles/LLVMCodeGen.dir/ResetMachineFunctionPass.cpp.o
[124/590] Building CXX object lib/CodeGen/CMakeFiles/LLVMCodeGen.dir/RegisterBankInfo.cpp.o
[125/590] Building CXX object lib/CodeGen/CMakeFiles/LLVMCodeGen.dir/MIRPrinter.cpp.o
[126/590] Building CXX object lib/CodeGen/CMakeFiles/LLVMCodeGen.dir/TargetSubtargetInfo.cpp.o
[127/590] Building CXX object lib/CodeGen/CMakeFiles/LLVMCodeGen.dir/RegAllocPBQP.cpp.o
[128/590] Building CXX object lib/CodeGen/CMakeFiles/LLVMCodeGen.dir/Rematerializer.cpp.o
[129/590] Building CXX object lib/CodeGen/CMakeFiles/LLVMCodeGen.dir/ScoreboardHazardRecognizer.cpp.o
[130/590] Building CXX object lib/CodeGen/CMakeFiles/LLVMCodeGen.dir/ScheduleDAGPrinter.cpp.o
[131/590] Building CXX object lib/CodeGen/CMakeFiles/LLVMCodeGen.dir/StackMapLivenessAnalysis.cpp.o
[132/590] Building CXX object lib/CodeGen/CMakeFiles/LLVMCodeGen.dir/ScheduleDAG.cpp.o
[133/590] Building CXX object lib/CodeGen/CMakeFiles/LLVMCodeGen.dir/RegAllocGreedy.cpp.o
[134/590] Building CXX object lib/CodeGen/CMakeFiles/LLVMCodeGen.dir/TargetOptionsImpl.cpp.o
[135/590] Building CXX object lib/CodeGen/CMakeFiles/LLVMCodeGen.dir/MachinePipeliner.cpp.o
[136/590] Building CXX object lib/CodeGen/CMakeFiles/LLVMCodeGen.dir/TargetSchedule.cpp.o
[137/590] Building CXX object lib/CodeGen/CMakeFiles/LLVMCodeGen.dir/RegisterCoalescer.cpp.o
[138/590] Building CXX object lib/CodeGen/CMakeFiles/LLVMCodeGen.dir/TailDuplication.cpp.o
[139/590] Building CXX object lib/CodeGen/CMakeFiles/LLVMCodeGen.dir/UnreachableBlockElim.cpp.o
[140/590] Building CXX object lib/CodeGen/CMakeFiles/LLVMCodeGen.dir/StackSlotColoring.cpp.o
[141/590] Building CXX object lib/CodeGen/CMakeFiles/LLVMCodeGen.dir/TargetFrameLoweringImpl.cpp.o
[142/590] Building CXX object lib/CodeGen/CMakeFiles/LLVMCodeGen.dir/StackFrameLayoutAnalysisPass.cpp.o
[143/590] Building CXX object lib/CodeGen/CMakeFiles/LLVMCodeGen.dir/TailDuplicator.cpp.o
[144/590] Building CXX object lib/CodeGen/CMakeFiles/LLVMCodeGen.dir/ScheduleDAGInstrs.cpp.o
[145/590] Building CXX object lib/CodeGen/CMakeFiles/LLVMCodeGen.dir/SwiftErrorValueTracking.cpp.o
[146/590] Building CXX object lib/CodeGen/CMakeFiles/LLVMCodeGen.dir/StackMaps.cpp.o
[147/590] Building CXX object lib/CodeGen/CMakeFiles/LLVMCodeGen.dir/XRayInstrumentation.cpp.o
[148/590] Building CXX object lib/CodeGen/CMakeFiles/LLVMCodeGen.dir/SwitchLoweringUtils.cpp.o
[149/590] Building CXX object lib/CodeGen/CMakeFiles/LLVMCodeGen.dir/TargetRegisterInfo.cpp.o
[150/590] Building CXX object lib/CodeGen/CMakeFiles/LLVMCodeGen.dir/SplitKit.cpp.o
[151/590] Building CXX object lib/CodeGen/CMakeFiles/LLVMCodeGen.dir/ShrinkWrap.cpp.o
[152/590] Building CXX object lib/CodeGen/CMakeFiles/LLVMCodeGen.dir/StackProtector.cpp.o
[153/590] Building CXX object lib/CodeGen/CMakeFiles/LLVMCodeGen.dir/SelectOptimize.cpp.o
[154/590] Building CXX object lib/CodeGen/CMakeFiles/LLVMCodeGen.dir/VirtRegMap.cpp.o
[155/590] Building CXX object lib/CodeGen/CMakeFiles/LLVMCodeGen.dir/SafeStack.cpp.o
[156/590] Building CXX object lib/CodeGen/CMakeFiles/LLVMCodeGen.dir/TwoAddressInstructionPass.cpp.o
[157/590] Building CXX object lib/CodeGen/CMakeFiles/LLVMCodeGen.dir/TargetInstrInfo.cpp.o
[158/590] Building CXX object lib/CodeGen/CMakeFiles/LLVMCodeGen.dir/VLIWMachineScheduler.cpp.o
[159/590] Building CXX object lib/CodeGen/CMakeFiles/LLVMCodeGen.dir/TargetLoweringBase.cpp.o
[160/590] Building CXX object lib/CodeGen/CMakeFiles/LLVMCodeGen.dir/TypePromotion.cpp.o
[161/590] Building CXX object lib/CodeGen/SelectionDAG/CMakeFiles/LLVMSelectionDAG.dir/SDNodeInfo.cpp.o
[162/590] Building CXX object lib/CodeGen/CMakeFiles/LLVMCodeGen.dir/WindowScheduler.cpp.o
[163/590] Building CXX object lib/CodeGen/SelectionDAG/CMakeFiles/LLVMSelectionDAG.dir/LegalizeTypes.cpp.o
[164/590] Building CXX object lib/CodeGen/SelectionDAG/CMakeFiles/LLVMSelectionDAG.dir/ScheduleDAGVLIW.cpp.o
[165/590] Building CXX object lib/CodeGen/SelectionDAG/CMakeFiles/LLVMSelectionDAG.dir/LegalizeTypesGeneric.cpp.o
[166/590] Building CXX object lib/CodeGen/SelectionDAG/CMakeFiles/LLVMSelectionDAG.dir/InstrEmitter.cpp.o
[167/590] Building CXX object lib/CodeGen/SelectionDAG/CMakeFiles/LLVMSelectionDAG.dir/SelectionDAGAddressAnalysis.cpp.o
[168/590] Building CXX object lib/CodeGen/SelectionDAG/CMakeFiles/LLVMSelectionDAG.dir/LegalizeFloatTypes.cpp.o
[169/590] Building CXX object lib/CodeGen/SelectionDAG/CMakeFiles/LLVMSelectionDAG.dir/FastISel.cpp.o
[170/590] Building CXX object lib/CodeGen/SelectionDAG/CMakeFiles/LLVMSelectionDAG.dir/ResourcePriorityQueue.cpp.o
[171/590] Building CXX object lib/CodeGen/SelectionDAG/CMakeFiles/LLVMSelectionDAG.dir/FunctionLoweringInfo.cpp.o
[172/590] Building CXX object lib/CodeGen/SelectionDAG/CMakeFiles/LLVMSelectionDAG.dir/SelectionDAGPrinter.cpp.o
[173/590] Building CXX object lib/CodeGen/SelectionDAG/CMakeFiles/LLVMSelectionDAG.dir/ScheduleDAGFast.cpp.o
[174/590] Building CXX object lib/CodeGen/CMakeFiles/LLVMCodeGen.dir/LiveDebugValues/VarLocBasedImpl.cpp.o
[175/590] Building CXX object lib/CodeGen/SelectionDAG/CMakeFiles/LLVMSelectionDAG.dir/ScheduleDAGRRList.cpp.o
[176/590] Building CXX object lib/CodeGen/SelectionDAG/CMakeFiles/LLVMSelectionDAG.dir/SelectionDAGDumper.cpp.o
[177/590] Building CXX object lib/CodeGen/AsmPrinter/CMakeFiles/LLVMAsmPrinter.dir/AsmPrinterInlineAsm.cpp.o
[178/590] Building CXX object lib/CodeGen/SelectionDAG/CMakeFiles/LLVMSelectionDAG.dir/ScheduleDAGSDNodes.cpp.o
[179/590] Building CXX object lib/CodeGen/SelectionDAG/CMakeFiles/LLVMSelectionDAG.dir/LegalizeVectorOps.cpp.o
[180/590] Building CXX object lib/CodeGen/SelectionDAG/CMakeFiles/LLVMSelectionDAG.dir/StatepointLowering.cpp.o
[181/590] Building CXX object lib/CodeGen/GlobalISel/CMakeFiles/LLVMGlobalISel.dir/CSEInfo.cpp.o
[182/590] Building CXX object lib/CodeGen/AsmPrinter/CMakeFiles/LLVMAsmPrinter.dir/DbgEntityHistoryCalculator.cpp.o
[183/590] Building CXX object lib/CodeGen/GlobalISel/CMakeFiles/LLVMGlobalISel.dir/CSEMIRBuilder.cpp.o
[184/590] Building CXX object lib/CodeGen/GlobalISel/CMakeFiles/LLVMGlobalISel.dir/GISelChangeObserver.cpp.o
[185/590] Building CXX object lib/CodeGen/SelectionDAG/CMakeFiles/LLVMSelectionDAG.dir/LegalizeIntegerTypes.cpp.o
[186/590] Building CXX object lib/CodeGen/AsmPrinter/CMakeFiles/LLVMAsmPrinter.dir/DebugHandlerBase.cpp.o
[187/590] Building CXX object lib/CodeGen/AsmPrinter/CMakeFiles/LLVMAsmPrinter.dir/WinException.cpp.o
[188/590] Building CXX object lib/CodeGen/SelectionDAG/CMakeFiles/LLVMSelectionDAG.dir/LegalizeDAG.cpp.o
[189/590] Building CXX object lib/CodeGen/GlobalISel/CMakeFiles/LLVMGlobalISel.dir/GIMatchTableExecutor.cpp.o
[190/590] Building CXX object lib/CodeGen/GlobalISel/CMakeFiles/LLVMGlobalISel.dir/CombinerHelperArtifacts.cpp.o
[191/590] Building CXX object lib/CodeGen/GlobalISel/CMakeFiles/LLVMGlobalISel.dir/CombinerHelperCompares.cpp.o
[192/590] Building CXX object lib/CodeGen/AsmPrinter/CMakeFiles/LLVMAsmPrinter.dir/DwarfCompileUnit.cpp.o
[193/590] Building CXX object lib/CodeGen/GlobalISel/CMakeFiles/LLVMGlobalISel.dir/CombinerHelperVectorOps.cpp.o
[194/590] Building CXX object lib/CodeGen/GlobalISel/CMakeFiles/LLVMGlobalISel.dir/GISelValueTracking.cpp.o
[195/590] Building CXX object lib/CodeGen/GlobalISel/CMakeFiles/LLVMGlobalISel.dir/CallLowering.cpp.o
[196/590] Building CXX object lib/CodeGen/GlobalISel/CMakeFiles/LLVMGlobalISel.dir/CombinerHelperCasts.cpp.o
[197/590] Building CXX object lib/CodeGen/GlobalISel/CMakeFiles/LLVMGlobalISel.dir/LegalizerInfo.cpp.o
[198/590] Building CXX object lib/MC/CMakeFiles/LLVMMC.dir/MCInstrInfo.cpp.o
[199/590] Building CXX object lib/CodeGen/MIRParser/CMakeFiles/LLVMMIRParser.dir/MIParser.cpp.o
[200/590] Building CXX object lib/CodeGen/SelectionDAG/CMakeFiles/LLVMSelectionDAG.dir/LegalizeVectorTypes.cpp.o
[201/590] Building CXX object lib/CodeGen/GlobalISel/CMakeFiles/LLVMGlobalISel.dir/MachineFloatingPointPredicateUtils.cpp.o
[202/590] Building CXX object lib/MC/CMakeFiles/LLVMMC.dir/MCInstPrinter.cpp.o
[203/590] Building CXX object lib/MC/CMakeFiles/LLVMMC.dir/MCSchedule.cpp.o
[204/590] Building CXX object lib/CodeGen/GlobalISel/CMakeFiles/LLVMGlobalISel.dir/Combiner.cpp.o
[205/590] Building CXX object lib/MC/CMakeFiles/LLVMMC.dir/MCSubtargetInfo.cpp.o
[206/590] Building CXX object lib/CodeGen/GlobalISel/CMakeFiles/LLVMGlobalISel.dir/InlineAsmLowering.cpp.o
[207/590] Building CXX object lib/MC/MCDisassembler/CMakeFiles/LLVMMCDisassembler.dir/Disassembler.cpp.o
[208/590] Building CXX object lib/Frontend/Offloading/CMakeFiles/LLVMFrontendOffloading.dir/Utility.cpp.o
[209/590] Building CXX object lib/Object/CMakeFiles/LLVMObject.dir/RelocationResolver.cpp.o
[210/590] Building CXX object lib/Object/CMakeFiles/LLVMObject.dir/SymbolSize.cpp.o
[211/590] Building CXX object lib/CodeGen/MIRParser/CMakeFiles/LLVMMIRParser.dir/MIRParser.cpp.o
[212/590] Building CXX object lib/Object/CMakeFiles/LLVMObject.dir/BuildID.cpp.o
[213/590] Building CXX object lib/CodeGen/GlobalISel/CMakeFiles/LLVMGlobalISel.dir/InstructionSelect.cpp.o
[214/590] Building AIE2GenAsmMatcher.inc...
[215/590] Building CXX object lib/DebugInfo/GSYM/CMakeFiles/LLVMDebugInfoGSYM.dir/ObjectFileTransformer.cpp.o
[216/590] Building CXX object lib/CodeGen/CMakeFiles/LLVMCodeGen.dir/LiveDebugValues/InstrRefBasedImpl.cpp.o
[217/590] Building AIE2GenCallingConv.inc...
[218/590] Building CXX object lib/Object/CMakeFiles/LLVMObject.dir/ModuleSymbolTable.cpp.o
[219/590] Building CXX object lib/CodeGen/GlobalISel/CMakeFiles/LLVMGlobalISel.dir/Localizer.cpp.o
[220/590] Building AIE2GenDisassemblerTables.inc...
Decoding Conflict:
    .
    _  ABS
    _  ACQ_COND_mLockId_imm
    _  ACQ_COND_mLockId_reg
    _  ACQ_mLockId_imm
    _  ACQ_mLockId_reg
    _  ADC
    _  ADD
    _  ADD_add_r_ri
    _  AND
    _  ASHL
    _  CLB
    _  CLZ
    _  DIVS
    _  DONE
    _  EQ
    _  EQZ
    _  EVENT
    _  EXTENDs16
    _  EXTENDs8
    _  EXTENDu16
    _  EXTENDu8
    _  GE
    _  GEU
    _  JL_IND
    _  JNZD
    _  J_jump_ind
    _  LSHL
    _  LT
    _  LTU
    _  MOVX_alu_cg
    _  MOVX_mvx_scl
    _  MUL_mul_r_rr
    _  NE
    _  NEZ
    _  NOPX
    _  OR
    _  REL_COND_mLockId_imm
    _  REL_COND_mLockId_reg
    _  REL_mLockId_imm
    _  REL_mLockId_reg
    _  RET
    _  SBC
    _  SELEQZ
    _  SELNEZ
    _  SUB
    _  XOR
Decoding Conflict:
    .
    _  LDA_2D_S16_dmhb_lda
    _  LDA_2D_S8_dmhb_lda
    _  LDA_2D_U16_dmhb_lda
    _  LDA_2D_U8_dmhb_lda
    _  LDA_2D_dms_lda
    _  LDA_2D_dmv_lda_q
    _  LDA_3D_S16_dmhb_lda
    _  LDA_3D_S8_dmhb_lda
    _  LDA_3D_U16_dmhb_lda
    _  LDA_3D_U8_dmhb_lda
    _  LDA_3D_dms_lda
    _  LDA_3D_dmv_lda_q
    _  LDA_S16_ag_idx
    _  LDA_S16_ag_idx_imm
    _  LDA_S16_ag_pstm_nrm
    _  LDA_S16_ag_pstm_nrm_imm
    _  LDA_S8_ag_idx
    _  LDA_S8_ag_idx_imm
    _  LDA_S8_ag_pstm_nrm
    _  LDA_S8_ag_pstm_nrm_imm
    _  LDA_TM
    _  LDA_U16_ag_idx
    _  LDA_U16_ag_idx_imm
    _  LDA_U16_ag_pstm_nrm
    _  LDA_U16_ag_pstm_nrm_imm
    _  LDA_U8_ag_idx
    _  LDA_U8_ag_idx_imm
    _  LDA_U8_ag_pstm_nrm
    _  LDA_U8_ag_pstm_nrm_imm
    _  LDA_dms_lda_idx
    _  LDA_dms_lda_idx_imm
    _  LDA_dms_lda_pstm_nrm
    _  LDA_dms_lda_pstm_nrm_imm
    _  LDA_dms_spill
    _  LDA_dmv_lda_q_ag_idx
    _  LDA_dmv_lda_q_ag_idx_imm
    _  LDA_dmv_lda_q_ag_pstm_nrm
    _  LDA_dmv_lda_q_ag_pstm_nrm_imm
    _  LDA_dmv_lda_q_ag_spill
    _  MOVA_lda_cg
    _  MOV_NB_mv_ss2scl
    _  MOV_mv_ss2scl
    _  NOPA
    _  PADDA_2D
    _  PADDA_3D
    _  PADDA_lda_ptr_inc_idx
    _  PADDA_lda_ptr_inc_idx_imm
    _  PADDA_sp_imm
    _  ST_2D_S16
    _  ST_2D_S8
    _  ST_3D_S16
    _  ST_3D_S8
    _  ST_S16_ag_idx
    _  ST_S16_ag_idx_imm
    _  ST_S16_ag_pstm_nrm
    _  ST_S16_ag_pstm_nrm_imm
    _  ST_S8_ag_idx
    _  ST_S8_ag_idx_imm
    _  ST_S8_ag_pstm_nrm
    _  ST_S8_ag_pstm_nrm_imm
    _  VLDA_128
    _  VLDA_2D_CONV_FP32_BF16
    _  VLDA_2D_UPS_S32_D16
    _  VLDA_2D_UPS_S32_D8
    _  VLDA_2D_UPS_S32_S16
    _  VLDA_2D_UPS_S32_S8
    _  VLDA_2D_UPS_S64_D16
    _  VLDA_2D_UPS_S64_D32
    _  VLDA_2D_UPS_S64_S16
    _  VLDA_2D_UPS_S64_S32
    _  VLDA_2D_dmw_lda_am
    _  VLDA_2D_dmw_lda_w
    _  VLDA_3D_CONV_FP32_BF16
    _  VLDA_3D_UPS_S32_D16
    _  VLDA_3D_UPS_S32_D8
    _  VLDA_3D_UPS_S32_S16
    _  VLDA_3D_UPS_S32_S8
    _  VLDA_3D_UPS_S64_D16
    _  VLDA_3D_UPS_S64_D32
    _  VLDA_3D_UPS_S64_S16
    _  VLDA_3D_UPS_S64_S32
    _  VLDA_3D_dmw_lda_am
    _  VLDA_3D_dmw_lda_w
    _  VLDA_CONV_FP32_BF16_ag_idx
    _  VLDA_CONV_FP32_BF16_ag_idx_imm
    _  VLDA_CONV_FP32_BF16_pstm_nrm
    _  VLDA_CONV_FP32_BF16_pstm_nrm_imm
    _  VLDA_UPS_S32_D16_ag_idx
    _  VLDA_UPS_S32_D16_ag_idx_imm
    _  VLDA_UPS_S32_D16_ag_pstm_nrm
    _  VLDA_UPS_S32_D16_ag_pstm_nrm_imm
    _  VLDA_UPS_S32_D8_ag_idx
    _  VLDA_UPS_S32_D8_ag_idx_imm
    _  VLDA_UPS_S32_D8_ag_pstm_nrm
    _  VLDA_UPS_S32_D8_ag_pstm_nrm_imm
    _  VLDA_UPS_S32_S16_ag_idx
    _  VLDA_UPS_S32_S16_ag_idx_imm
    _  VLDA_UPS_S32_S16_ag_pstm_nrm
    _  VLDA_UPS_S32_S16_ag_pstm_nrm_imm
    _  VLDA_UPS_S32_S8_ag_idx
    _  VLDA_UPS_S32_S8_ag_idx_imm
    _  VLDA_UPS_S32_S8_ag_pstm_nrm
    _  VLDA_UPS_S32_S8_ag_pstm_nrm_imm
    _  VLDA_UPS_S64_D16_ag_idx
    _  VLDA_UPS_S64_D16_ag_idx_imm
    _  VLDA_UPS_S64_D16_ag_pstm_nrm
    _  VLDA_UPS_S64_D16_ag_pstm_nrm_imm
    _  VLDA_UPS_S64_D32_ag_idx
    _  VLDA_UPS_S64_D32_ag_idx_imm
    _  VLDA_UPS_S64_D32_ag_pstm_nrm
    _  VLDA_UPS_S64_D32_ag_pstm_nrm_imm
    _  VLDA_UPS_S64_S16_ag_idx
    _  VLDA_UPS_S64_S16_ag_idx_imm
    _  VLDA_UPS_S64_S16_ag_pstm_nrm
    _  VLDA_UPS_S64_S16_ag_pstm_nrm_imm
    _  VLDA_UPS_S64_S32_ag_idx
    _  VLDA_UPS_S64_S32_ag_idx_imm
    _  VLDA_UPS_S64_S32_ag_pstm_nrm
    _  VLDA_UPS_S64_S32_ag_pstm_nrm_imm
    _  VLDA_dmw_lda_am_ag_idx
    _  VLDA_dmw_lda_am_ag_idx_imm
    _  VLDA_dmw_lda_am_ag_pstm_nrm
    _  VLDA_dmw_lda_am_ag_pstm_nrm_imm
    _  VLDA_dmw_lda_am_ag_spill
    _  VLDA_dmw_lda_w_ag_idx
    _  VLDA_dmw_lda_w_ag_idx_imm
    _  VLDA_dmw_lda_w_ag_pstm_nrm
    _  VLDA_dmw_lda_w_ag_pstm_nrm_imm
    _  VLDA_dmw_lda_w_ag_spill
    _  VMOV_HI
    _  VMOV_LO
    _  VMOV_mv_scd
Decoding Conflict:
    .
    _  NOPB
    _  PADDB_2D
    _  PADDB_3D
    _  PADDB_ldb_ptr_inc_nospill_nrm
    _  PADDB_ldb_ptr_inc_nrm_imm
    _  PADDB_sp_imm
    _  VLDB_128_ag_idx
    _  VLDB_128_ag_pstm_nrm
    _  VLDB_2D
    _  VLDB_2D_128
    _  VLDB_2D_UNPACK_D16_D8
    _  VLDB_2D_UNPACK_D8_D4
    _  VLDB_2D_UNPACK_S16_S8
    _  VLDB_2D_UNPACK_S8_S4
    _  VLDB_3D
    _  VLDB_3D_128
    _  VLDB_3D_UNPACK_D16_D8
    _  VLDB_3D_UNPACK_D8_D4
    _  VLDB_3D_UNPACK_S16_S8
    _  VLDB_3D_UNPACK_S8_S4
    _  VLDB_4x16_HI
    _  VLDB_4x16_LO
    _  VLDB_4x32_HI
    _  VLDB_4x32_LO
    _  VLDB_4x64_HI
    _  VLDB_4x64_LO
    _  VLDB_COMPR_FILL
    _  VLDB_COMPR_PEEK
    _  VLDB_COMPR_POP
    _  VLDB_COMPR_RESET
    _  VLDB_SPARSE_FILL_16
    _  VLDB_SPARSE_FILL_4
    _  VLDB_SPARSE_FILL_8
    _  VLDB_SPARSE_PEEK_16
    _  VLDB_SPARSE_PEEK_4
    _  VLDB_SPARSE_PEEK_8
    _  VLDB_SPARSE_POP_16
    _  VLDB_SPARSE_POP_4
    _  VLDB_SPARSE_POP_8
    _  VLDB_SPARSE_RESET_16
    _  VLDB_SPARSE_RESET_4
    _  VLDB_SPARSE_RESET_8
    _  VLDB_UNPACK_D16_D8_ag_idx
    _  VLDB_UNPACK_D16_D8_ag_pstm_nrm
    _  VLDB_UNPACK_D8_D4_ag_idx
    _  VLDB_UNPACK_D8_D4_pstm_nrm
    _  VLDB_UNPACK_S16_S8_ag_idx
    _  VLDB_UNPACK_S16_S8_ag_pstm_nrm
    _  VLDB_UNPACK_S8_S4_ag_idx
    _  VLDB_UNPACK_S8_S4_ag_pstm_nrm
    _  VLDB_dmw_ldb_ag_idx
    _  VLDB_dmw_ldb_ag_idx_imm
    _  VLDB_dmw_ldb_ag_pstm_nrm
    _  VLDB_dmw_ldb_ag_pstm_nrm_imm
    _  VUNPACK_D16_D8
    _  VUNPACK_D8_D4
    _  VUNPACK_S16_S8
    _  VUNPACK_S8_S4
Decoding Conflict:
    .
    _  JL
    _  JNZ
    _  JZ
    _  J_jump_imm
    _  MOVXM_lng_cg
    _  NOPXM
Decoding Conflict:
    .
    _  ADD_NC
    _  MOV_CNTR
    _  MOV_D1
    _  MOV_D2
    _  MOV_D3
    _  MOV_D4
    _  MOV_D5
    _  MOV_D6
    _  MOV_mv_cg
    _  MOV_mv_scl
    _  NOPM
    _  VABS_GTZ_D16
    _  VABS_GTZ_D32
    _  VABS_GTZ_D8
    _  VABS_GTZ_S16
    _  VABS_GTZ_S32
    _  VABS_GTZ_S8
    _  VADDSUB_16
    _  VADDSUB_32
    _  VADDSUB_8
    _  VADD_16
    _  VADD_32
    _  VADD_8
    _  VBAND
    _  VBCSTSHFL_16
    _  VBCSTSHFL_32
    _  VBCSTSHFL_64
    _  VBCSTSHFL_8
    _  VBCST_16
    _  VBCST_32
    _  VBCST_64
    _  VBCST_8
    _  VBNEG_LTZ_S16
    _  VBNEG_LTZ_S32
    _  VBNEG_LTZ_S8
    _  VBOR
    _  VCONV_FP32_BF16
    _  VEQZ_16
    _  VEQZ_32
    _  VEQZ_8
    _  VEXTBCST_16_mExtractIdxImm
    _  VEXTBCST_16_mRm
    _  VEXTBCST_32_mExtractIdxImm
    _  VEXTBCST_32_mRm
    _  VEXTBCST_64_mExtractIdxImm
    _  VEXTBCST_64_mRm
    _  VEXTBCST_8_mExtractIdxImm
    _  VEXTBCST_8_mRm
    _  VEXTRACT_D16
    _  VEXTRACT_D32
    _  VEXTRACT_D64
    _  VEXTRACT_D8
    _  VEXTRACT_S16
    _  VEXTRACT_S32
    _  VEXTRACT_S64
    _  VEXTRACT_S8
    _  VGE_BF16
    _  VGE_D16
    _  VGE_D32
    _  VGE_D8
    _  VGE_S16
    _  VGE_S32
    _  VGE_S8
    _  VINSERT_16
    _  VINSERT_32
    _  VINSERT_64
    _  VINSERT_8
    _  VLT_BF16
    _  VLT_D16
    _  VLT_D32
    _  VLT_D8
    _  VLT_S16
    _  VLT_S32
    _  VLT_S8
    _  VMAXDIFF_LT_D16
    _  VMAXDIFF_LT_D32
    _  VMAXDIFF_LT_D8
    _  VMAXDIFF_LT_S16
    _  VMAXDIFF_LT_S32
    _  VMAXDIFF_LT_S8
    _  VMAX_LT_BF16
    _  VMAX_LT_D16
    _  VMAX_LT_D32
    _  VMAX_LT_D8
    _  VMAX_LT_S16
    _  VMAX_LT_S32
    _  VMAX_LT_S8
    _  VMIN_GE_BF16
    _  VMIN_GE_D16
    _  VMIN_GE_D32
    _  VMIN_GE_D8
    _  VMIN_GE_S16
    _  VMIN_GE_S32
    _  VMIN_GE_S8
    _  VMOV_mv_cm
    _  VMOV_mv_w
    _  VMOV_mv_x
    _  VNEG_GTZ16
    _  VNEG_GTZ32
    _  VNEG_GTZ8
    _  VPUSH_HI_16
    _  VPUSH_HI_32
    _  VPUSH_HI_64
    _  VPUSH_HI_8
    _  VPUSH_LO_16
    _  VPUSH_LO_32
    _  VPUSH_LO_64
    _  VPUSH_LO_8
    _  VSEL_16
    _  VSEL_32
    _  VSEL_8
    _  VSHIFT
    _  VSHIFT_ALIGN
    _  VSHUFFLE
    _  VSRSM_D16_S32
    _  VSRSM_D32_S64
    _  VSRSM_S16_S32
    _  VSRSM_S32_S64
    _  VSUB_16
    _  VSUB_32
    _  VSUB_8
    _  VSUB_GE_D16
    _  VSUB_GE_D32
    _  VSUB_GE_D8
    _  VSUB_GE_S16
    _  VSUB_GE_S32
    _  VSUB_GE_S8
    _  VSUB_LT_D16
    _  VSUB_LT_D32
    _  VSUB_LT_D8
    _  VSUB_LT_S16
    _  VSUB_LT_S32
    _  VSUB_LT_S8
    _  VUPS_S32_D16_mv_ups_w2b
    _  VUPS_S32_D16_mv_ups_x2c
    _  VUPS_S32_D8_mv_ups_w2c
    _  VUPS_S32_S16_mv_ups_w2b
    _  VUPS_S32_S16_mv_ups_x2c
    _  VUPS_S32_S8_mv_ups_w2c
    _  VUPS_S64_D16_mv_ups_w2c
    _  VUPS_S64_D32_mv_ups_w2b
    _  VUPS_S64_D32_mv_ups_x2c
    _  VUPS_S64_S16_mv_ups_w2c
    _  VUPS_S64_S32_mv_ups_w2b
    _  VUPS_S64_S32_mv_ups_x2c
Decoding Conflict:
    .
    _  MOV_NB_TLAST_mv_cph2ms
    _  MOV_NB_TLAST_mv_ph2ms
    _  MOV_NB_TLAST_mv_scl2ms
    _  MOV_NB_mv_cph2ms
    _  MOV_NB_mv_cph2ms_doTlast_reg
    _  MOV_NB_mv_ph2ms
    _  MOV_NB_mv_ph2ms_doTlast_reg
    _  MOV_NB_mv_scl2ms
    _  MOV_NB_mv_scl2ms_doTlast_reg
    _  MOV_TLAST_mv_cph2ms
    _  MOV_TLAST_mv_ph2ms
    _  MOV_TLAST_mv_scl2ms
    _  MOV_mv_cph2ms
    _  MOV_mv_cph2ms_doTlast_reg
    _  MOV_mv_ph2ms
    _  MOV_mv_ph2ms_doTlast_reg
    _  MOV_mv_scl2ms
    _  MOV_mv_scl2ms_doTlast_reg
    _  NOPS
    _  PADDS_2D
    _  PADDS_3D
    _  PADDS_st_ptr_inc_idx
    _  PADDS_st_ptr_inc_idx_imm
    _  ST_2D_dms_sts
    _  ST_2D_dmv_sts_q
    _  ST_3D_dms_sts
    _  ST_3D_dmv_sts_q
    _  ST_TM
    _  ST_dms_spill
    _  ST_dms_sts_idx
    _  ST_dms_sts_idx_imm
    _  ST_dms_sts_pstm_nrm
    _  ST_dms_sts_pstm_nrm_imm
    _  ST_dmv_sts_q_ag_idx
    _  ST_dmv_sts_q_ag_idx_imm
    _  ST_dmv_sts_q_ag_pstm_nrm
    _  ST_dmv_sts_q_ag_pstm_nrm_imm
    _  ST_dmv_sts_q_ag_spill
    _  VCONV_BF16_FP32
    _  VFLOOR_S32_BF16_mFl2FxSrc_AM
    _  VFLOOR_S32_BF16_mFl2FxSrc_W
    _  VMOV_mv_mcd
    _  VPACK_D4_D8
    _  VPACK_D8_D16
    _  VPACK_S4_S8
    _  VPACK_S8_S16
    _  VSRS_D16_S32_mv_w_srs
    _  VSRS_D16_S32_mv_x_srs
    _  VSRS_D16_S64_mv_w_srs
    _  VSRS_D32_S64_mv_w_srs
    _  VSRS_D32_S64_mv_x_srs
    _  VSRS_D8_S32_mv_w_srs
    _  VSRS_S16_S32_mv_w_srs
    _  VSRS_S16_S32_mv_x_srs
    _  VSRS_S16_S64_mv_w_srs
    _  VSRS_S32_S64_mv_w_srs
    _  VSRS_S32_S64_mv_x_srs
    _  VSRS_S8_S32_mv_w_srs
    _  VST_128_ag_idx
    _  VST_128_ag_idx_imm
    _  VST_128_ag_pstm_nrm
    _  VST_128_ag_pstm_nrm_imm
    _  VST_128_ag_spill
    _  VST_2D_128
    _  VST_2D_PACK_D4_D8
    _  VST_2D_PACK_D8_D16
    _  VST_2D_PACK_S4_S8
    _  VST_2D_PACK_S8_S16
    _  VST_2D_SRS_D16_S32
    _  VST_2D_SRS_D16_S64
    _  VST_2D_SRS_D32_S64
    _  VST_2D_SRS_D8_S32
    _  VST_2D_SRS_S16_S32
    _  VST_2D_SRS_S16_S64
    _  VST_2D_SRS_S32_S64
    _  VST_2D_SRS_S8_S32
    _  VST_2D_dmw_sts_am
    _  VST_2D_dmw_sts_w
    _  VST_3D_128
    _  VST_3D_PACK_D4_D8
    _  VST_3D_PACK_D8_D16
    _  VST_3D_PACK_S4_S8
    _  VST_3D_PACK_S8_S16
    _  VST_3D_SRS_D16_S32
    _  VST_3D_SRS_D16_S64
    _  VST_3D_SRS_D32_S64
    _  VST_3D_SRS_D8_S32
    _  VST_3D_SRS_S16_S32
    _  VST_3D_SRS_S16_S64
    _  VST_3D_SRS_S32_S64
    _  VST_3D_SRS_S8_S32
    _  VST_3D_dmw_sts_am
    _  VST_3D_dmw_sts_w
    _  VST_CONV_2D_BF16_FP32
    _  VST_CONV_3D_BF16_FP32
    _  VST_CONV_BF16_FP32_ag_idx
    _  VST_CONV_BF16_FP32_ag_idx_imm
    _  VST_CONV_BF16_FP32_ag_pstm_nrm
    _  VST_CONV_BF16_FP32_ag_pstm_nrm_imm
    _  VST_PACK_D4_D8_ag_idx
    _  VST_PACK_D4_D8_ag_idx_imm
    _  VST_PACK_D4_D8_ag_pstm_nrm
    _  VST_PACK_D4_D8_ag_pstm_nrm_imm
    _  VST_PACK_D8_D16_ag_idx
    _  VST_PACK_D8_D16_ag_idx_imm
    _  VST_PACK_D8_D16_ag_pstm_nrm
    _  VST_PACK_D8_D16_ag_pstm_nrm_imm
    _  VST_PACK_S4_S8_ag_idx
    _  VST_PACK_S4_S8_ag_idx_imm
    _  VST_PACK_S4_S8_ag_pstm_nrm
    _  VST_PACK_S4_S8_ag_pstm_nrm_imm
    _  VST_PACK_S8_S16_ag_idx
    _  VST_PACK_S8_S16_ag_idx_imm
    _  VST_PACK_S8_S16_ag_pstm_nrm
    _  VST_PACK_S8_S16_ag_pstm_nrm_imm
    _  VST_SRS_D16_S32_ag_idx
    _  VST_SRS_D16_S32_ag_idx_imm
    _  VST_SRS_D16_S32_ag_pstm_nrm
    _  VST_SRS_D16_S32_ag_pstm_nrm_imm
    _  VST_SRS_D16_S64_ag_idx
    _  VST_SRS_D16_S64_ag_idx_imm
    _  VST_SRS_D16_S64_ag_pstm_nrm
    _  VST_SRS_D16_S64_ag_pstm_nrm_imm
    _  VST_SRS_D32_S64_ag_idx
    _  VST_SRS_D32_S64_ag_idx_imm
    _  VST_SRS_D32_S64_ag_pstm_nrm
    _  VST_SRS_D32_S64_ag_pstm_nrm_imm
    _  VST_SRS_D8_S32_ag_idx
    _  VST_SRS_D8_S32_ag_idx_imm
    _  VST_SRS_D8_S32_ag_pstm_nrm
    _  VST_SRS_D8_S32_ag_pstm_nrm_imm
    _  VST_SRS_S16_S32_ag_idx
    _  VST_SRS_S16_S32_ag_idx_imm
    _  VST_SRS_S16_S32_ag_pstm_nrm
    _  VST_SRS_S16_S32_ag_pstm_nrm_imm
    _  VST_SRS_S16_S64_ag_idx
    _  VST_SRS_S16_S64_ag_idx_imm
    _  VST_SRS_S16_S64_ag_pstm_nrm
    _  VST_SRS_S16_S64_ag_pstm_nrm_imm
    _  VST_SRS_S32_S64_ag_idx
    _  VST_SRS_S32_S64_ag_idx_imm
    _  VST_SRS_S32_S64_ag_pstm_nrm
    _  VST_SRS_S32_S64_ag_pstm_nrm_imm
    _  VST_SRS_S8_S32_ag_idx
    _  VST_SRS_S8_S32_ag_idx_imm
    _  VST_SRS_S8_S32_ag_pstm_nrm
    _  VST_SRS_S8_S32_ag_pstm_nrm_imm
    _  VST_dmw_sts_am_ag_idx
    _  VST_dmw_sts_am_ag_idx_imm
    _  VST_dmw_sts_am_ag_pstm_nrm
    _  VST_dmw_sts_am_ag_pstm_nrm_imm
    _  VST_dmw_sts_am_ag_spill
    _  VST_dmw_sts_w_ag_idx
    _  VST_dmw_sts_w_ag_idx_imm
    _  VST_dmw_sts_w_ag_pstm_nrm
    _  VST_dmw_sts_w_ag_pstm_nrm_imm
    _  VST_dmw_sts_w_ag_spill
Decoding Conflict:
    .
    _  NOPV
    _  VADD
    _  VADDMAC_F_vmac_bm_core_dense
    _  VADDMAC_F_vmac_bm_core_sparse_narrow
    _  VADDMAC_F_vmac_bm_core_sparse_wide
    _  VADDMAC_vmac_bm_core_dense
    _  VADDMAC_vmac_cm_core_sparse_narrow
    _  VADDMAC_vmac_cm_core_sparse_wide
    _  VADDMSC_F_vmac_bm_core_dense
    _  VADDMSC_F_vmac_bm_core_sparse_narrow
    _  VADDMSC_F_vmac_bm_core_sparse_wide
    _  VADDMSC_vmac_bm_core_dense
    _  VADDMSC_vmac_cm_core_sparse_narrow
    _  VADDMSC_vmac_cm_core_sparse_wide
    _  VADD_F
    _  VCLR_vclr
    _  VCLR_vclr_BF
    _  VMAC_F_vmac_bm_core_dense
    _  VMAC_F_vmac_bm_core_sparse_narrow
    _  VMAC_F_vmac_bm_core_sparse_wide
    _  VMAC_vmac_cm_core_dense
    _  VMAC_vmac_cm_core_sparse_narrow
    _  VMAC_vmac_cm_core_sparse_wide
    _  VMOV_D
    _  VMSC_F_vmac_bm_core_dense
    _  VMSC_F_vmac_bm_core_sparse_narrow
    _  VMSC_F_vmac_bm_core_sparse_wide
    _  VMSC_vmac_cm_core_dense
    _  VMSC_vmac_cm_core_sparse_narrow
    _  VMSC_vmac_cm_core_sparse_wide
    _  VMUL_F_vmac_bm_core_dense
    _  VMUL_F_vmac_bm_core_sparse_narrow
    _  VMUL_F_vmac_bm_core_sparse_wide
    _  VMUL_vmac_cm_core_dense
    _  VMUL_vmac_cm_core_sparse_narrow
    _  VMUL_vmac_cm_core_sparse_wide
    _  VNEG
    _  VNEGADD
    _  VNEGADD_F
    _  VNEGMAC_vmac_cm_core_dense
    _  VNEGMAC_vmac_cm_core_sparse_narrow
    _  VNEGMAC_vmac_cm_core_sparse_wide
    _  VNEGMSC_vmac_cm_core_dense
    _  VNEGMSC_vmac_cm_core_sparse_narrow
    _  VNEGMSC_vmac_cm_core_sparse_wide
    _  VNEGMUL_F_vmac_bm_core_dense
    _  VNEGMUL_F_vmac_bm_core_sparse_narrow
    _  VNEGMUL_F_vmac_bm_core_sparse_wide
    _  VNEGMUL_vmac_cm_core_dense
    _  VNEGMUL_vmac_cm_core_sparse_narrow
    _  VNEGMUL_vmac_cm_core_sparse_wide
    _  VNEGSUB
    _  VNEGSUB_F
    _  VNEG_F
    _  VSUB
    _  VSUBMAC_vmac_bm_core_dense
    _  VSUBMAC_vmac_cm_core_sparse_narrow
    _  VSUBMAC_vmac_cm_core_sparse_wide
    _  VSUBMSC_vmac_bm_core_dense
    _  VSUBMSC_vmac_cm_core_sparse_narrow
    _  VSUBMSC_vmac_cm_core_sparse_wide
    _  VSUB_F
warning: Decoding conflict encountered
[221/590] Building AIE2GenAsmWriter.inc...
[222/590] Building AIE2GenFormats.inc...
[223/590] Building AIE2GenGlobalISel.inc...
[224/590] Building AIE2GenMCPseudoLowering.inc...
[225/590] Building AIE2GenMCCodeEmitter.inc...
[226/590] Building CXX object lib/CodeGen/GlobalISel/CMakeFiles/LLVMGlobalISel.dir/LoadStoreOpt.cpp.o
[227/590] Building AIE2GenPostLegalizerGICustomCombiner.inc...
[228/590] Building CXX object lib/MC/CMakeFiles/LLVMMC.dir/MCContext.cpp.o
[229/590] Building AIE2GenPreLegalizerGICombiner.inc...
[230/590] Building AIE2GenInstrInfo.inc...
[231/590] Building AIE2GenPostLegalizerGIGenericCombiner.inc...
[232/590] Building AIE2GenRegisterBank.inc...
[233/590] Linking CXX static library lib/libLLVMMC.a
[234/590] Building AIE2GenPreSchedLowering.inc...
[235/590] Building AIE2GenMemoryCycles.inc...
[236/590] Building CXX object lib/Object/CMakeFiles/LLVMObject.dir/OffloadBundle.cpp.o
[237/590] Building AIE2GenRegisterInfo.inc...
[238/590] Linking CXX static library lib/libLLVMMCDisassembler.a
[239/590] Building CXX object lib/CodeGen/GlobalISel/CMakeFiles/LLVMGlobalISel.dir/RegBankSelect.cpp.o
[240/590] Building CXX object lib/CodeGen/SelectionDAG/CMakeFiles/LLVMSelectionDAG.dir/SelectionDAGISel.cpp.o
[241/590] Building AIE2GenSplitInstrTables.inc...
[242/590] Building AIE2GenVarInstructionItin.inc...
[243/590] Building CXX object lib/DebugInfo/Symbolize/CMakeFiles/LLVMSymbolize.dir/SymbolizableObjectFile.cpp.o
[244/590] Building AIE2GenSubtargetInfo.inc...
[245/590] Building AIE2PGenAsmMatcher.inc...
[246/590] Building AIE2PGenAsmWriter.inc...
[247/590] Building AIE2PGenDisassemblerTables.inc...
Decoding Conflict:
    .
    _  ABS
    _  ACQ_COND_mLockId_imm
    _  ACQ_COND_mLockId_reg
    _  ACQ_mLockId_imm
    _  ACQ_mLockId_reg
    _  ADC
    _  ADD_add_r_ri
    _  ADD_alu_r_rr
    _  AND
    _  ASHL
    _  CLB
    _  CLZ
    _  DIVS
    _  DONE
    _  EQ
    _  EQZ
    _  EVENT_ERROR
    _  EVENT_WARNING
    _  EVENT_event0
    _  EVENT_event1
    _  EXTEND_s16
    _  EXTEND_s8
    _  EXTEND_u16
    _  EXTEND_u8
    _  GE
    _  GEU
    _  INVSQRT_mOptConvDel_mRx
    _  INVSQRT_mOptConvDel_mRx_mOptConv
    _  INVSQRT_mRx
    _  INVSQRT_mRx_mOptConv
    _  INV_mOptConvDel_mRx
    _  INV_mOptConvDel_mRx_mOptConv
    _  INV_mRx
    _  INV_mRx_mOptConv
    _  JL_alumv_or
    _  JNZD
    _  J_alumv_or
    _  LSHL
    _  LT
    _  LTU
    _  MAC
    _  MOVX_alu_cg
    _  MOVX_mvx_cr_imm
    _  MOVX_mvx_cr_r
    _  MOV_alu_mv_alu_flt2fx
    _  MOV_alu_mv_alu_fx2flt
    _  MSC
    _  MUL
    _  NE
    _  NEZ
    _  NOPX
    _  OR
    _  POPCOUNT
    _  REL_COND_mLockId_imm
    _  REL_COND_mLockId_reg
    _  REL_mLockId_imm
    _  REL_mLockId_reg
    _  RET
    _  SBC
    _  SEL_EQZ
    _  SEL_NEZ
    _  SQRT_mOptConvDel_mRx
    _  SQRT_mOptConvDel_mRx_mOptConv
    _  SQRT_mRx
    _  SQRT_mRx_mOptConv
    _  SUB
    _  XOR
Decoding Conflict:
    .
    _  LDA_2D_dms_lda
    _  LDA_2D_dmv_lda_q
    _  LDA_2D_s16
    _  LDA_2D_s8
    _  LDA_2D_u16
    _  LDA_2D_u8
    _  LDA_3D_dms_lda
    _  LDA_3D_dmv_lda_q
    _  LDA_3D_s16
    _  LDA_3D_s8
    _  LDA_3D_u16
    _  LDA_3D_u8
    _  LDA_TM_2D
    _  LDA_TM_3D
    _  LDA_TM_idx
    _  LDA_TM_idx_imm
    _  LDA_TM_pstm_nrm
    _  LDA_TM_pstm_nrm_imm
    _  LDA_dms_lda_idx
    _  LDA_dms_lda_idx_imm
    _  LDA_dms_lda_pstm_nrm
    _  LDA_dms_lda_pstm_nrm_imm
    _  LDA_dms_lda_spill
    _  LDA_dmv_lda_q_idx
    _  LDA_dmv_lda_q_idx_imm
    _  LDA_dmv_lda_q_pstm_nrm
    _  LDA_dmv_lda_q_pstm_nrm_imm
    _  LDA_dmv_lda_q_spill
    _  LDA_s16_idx
    _  LDA_s16_idx_imm
    _  LDA_s16_pstm_nrm
    _  LDA_s16_pstm_nrm_imm
    _  LDA_s8_idx
    _  LDA_s8_idx_imm
    _  LDA_s8_pstm_nrm
    _  LDA_s8_pstm_nrm_imm
    _  LDA_u16_idx
    _  LDA_u16_idx_imm
    _  LDA_u16_pstm_nrm
    _  LDA_u16_pstm_nrm_imm
    _  LDA_u8_idx
    _  LDA_u8_idx_imm
    _  LDA_u8_pstm_nrm
    _  LDA_u8_pstm_nrm_imm
    _  MOVA
    _  MOV_lda
    _  MOV_nb_lda
    _  NOPA
    _  PADDA_2D
    _  PADDA_3D
    _  PADDA_pstm_nrm
    _  PADDA_pstm_nrm_imm
    _  ST_2D_s16
    _  ST_2D_s8
    _  ST_3D_s16
    _  ST_3D_s8
    _  ST_s16_idx
    _  ST_s16_idx_imm
    _  ST_s16_pstm_nrm
    _  ST_s16_pstm_nrm_imm
    _  ST_s8_idx
    _  ST_s8_idx_imm
    _  ST_s8_pstm_nrm
    _  ST_s8_pstm_nrm_imm
    _  VLDA_128_dmv_lda_w_idx
    _  VLDA_128_dmv_lda_w_idx_imm
    _  VLDA_128_dmv_lda_w_pstm_nrm
    _  VLDA_128_dmv_lda_w_pstm_nrm_imm
    _  VLDA_128_dmv_lda_w_spill
    _  VLDA_2D_128
    _  VLDA_2D_CONV_fp32_bf16_dmw_lda_ups_bf
    _  VLDA_2D_CONV_fp32_bf16_dmx_lda_ups_bf
    _  VLDA_2D_UPS_2x_dmw_lda_ups_w2b_upsSign0
    _  VLDA_2D_UPS_2x_dmw_lda_ups_w2b_upsSign1
    _  VLDA_2D_UPS_2x_dmx_lda_ups_x2c_upsSign0
    _  VLDA_2D_UPS_2x_dmx_lda_ups_x2c_upsSign1
    _  VLDA_2D_UPS_4x_dmw_lda_ups_w2c_upsSign0
    _  VLDA_2D_UPS_4x_dmw_lda_ups_w2c_upsSign1
    _  VLDA_2D_UPS_4x_dmx_lda_ups_x2d_upsSign0
    _  VLDA_2D_UPS_4x_dmx_lda_ups_x2d_upsSign1
    _  VLDA_2D_dmw_lda_w
    _  VLDA_2D_dmx_lda_bm
    _  VLDA_2D_dmx_lda_fifohl
    _  VLDA_2D_dmx_lda_x
    _  VLDA_3D_128
    _  VLDA_3D_CONV_fp32_bf16_dmw_lda_ups_bf
    _  VLDA_3D_CONV_fp32_bf16_dmx_lda_ups_bf
    _  VLDA_3D_UPS_2x_dmw_lda_ups_w2b_upsSign0
    _  VLDA_3D_UPS_2x_dmw_lda_ups_w2b_upsSign1
    _  VLDA_3D_UPS_2x_dmx_lda_ups_x2c_upsSign0
    _  VLDA_3D_UPS_2x_dmx_lda_ups_x2c_upsSign1
    _  VLDA_3D_UPS_4x_dmw_lda_ups_w2c_upsSign0
    _  VLDA_3D_UPS_4x_dmw_lda_ups_w2c_upsSign1
    _  VLDA_3D_UPS_4x_dmx_lda_ups_x2d_upsSign0
    _  VLDA_3D_UPS_4x_dmx_lda_ups_x2d_upsSign1
    _  VLDA_3D_dmw_lda_w
    _  VLDA_3D_dmx_lda_bm
    _  VLDA_3D_dmx_lda_fifohl
    _  VLDA_3D_dmx_lda_x
    _  VLDA_CONV_fp32_bf16_dmw_lda_ups_bf_idx
    _  VLDA_CONV_fp32_bf16_dmw_lda_ups_bf_idx_imm
    _  VLDA_CONV_fp32_bf16_dmw_lda_ups_bf_pstm_nrm
    _  VLDA_CONV_fp32_bf16_dmw_lda_ups_bf_pstm_nrm_imm
    _  VLDA_CONV_fp32_bf16_dmx_lda_ups_bf_idx
    _  VLDA_CONV_fp32_bf16_dmx_lda_ups_bf_idx_imm
    _  VLDA_CONV_fp32_bf16_dmx_lda_ups_bf_pstm_nrm
    _  VLDA_CONV_fp32_bf16_dmx_lda_ups_bf_pstm_nrm_imm
    _  VLDA_FILL_512
    _  VLDA_POP_512_2D
    _  VLDA_POP_512_3D
    _  VLDA_POP_512_fifo_1d_pop
    _  VLDA_POP_512_normal_pop
    _  VLDA_POP_544_2D
    _  VLDA_POP_544_3D
    _  VLDA_POP_544_fifo_1d_pop
    _  VLDA_POP_544_normal_pop
    _  VLDA_POP_576_2D
    _  VLDA_POP_576_3D
    _  VLDA_POP_576_fifo_1d_pop
    _  VLDA_POP_576_normal_pop
    _  VLDA_POP_640_2D
    _  VLDA_POP_640_3D
    _  VLDA_POP_640_fifo_1d_pop
    _  VLDA_POP_640_normal_pop
    _  VLDA_POP_704_2D
    _  VLDA_POP_704_3D
    _  VLDA_POP_704_fifo_1d_pop
    _  VLDA_POP_704_normal_pop
    _  VLDA_UPS_2x_dmw_lda_ups_w2b_idx_imm_upsSign0
    _  VLDA_UPS_2x_dmw_lda_ups_w2b_idx_imm_upsSign1
    _  VLDA_UPS_2x_dmw_lda_ups_w2b_idx_upsSign0
    _  VLDA_UPS_2x_dmw_lda_ups_w2b_idx_upsSign1
    _  VLDA_UPS_2x_dmw_lda_ups_w2b_pstm_nrm_imm_upsSign0
    _  VLDA_UPS_2x_dmw_lda_ups_w2b_pstm_nrm_imm_upsSign1
    _  VLDA_UPS_2x_dmw_lda_ups_w2b_pstm_nrm_upsSign0
    _  VLDA_UPS_2x_dmw_lda_ups_w2b_pstm_nrm_upsSign1
    _  VLDA_UPS_2x_dmx_lda_ups_x2c_idx_imm_upsSign0
    _  VLDA_UPS_2x_dmx_lda_ups_x2c_idx_imm_upsSign1
    _  VLDA_UPS_2x_dmx_lda_ups_x2c_idx_upsSign0
    _  VLDA_UPS_2x_dmx_lda_ups_x2c_idx_upsSign1
    _  VLDA_UPS_2x_dmx_lda_ups_x2c_pstm_nrm_imm_upsSign0
    _  VLDA_UPS_2x_dmx_lda_ups_x2c_pstm_nrm_imm_upsSign1
    _  VLDA_UPS_2x_dmx_lda_ups_x2c_pstm_nrm_upsSign0
    _  VLDA_UPS_2x_dmx_lda_ups_x2c_pstm_nrm_upsSign1
    _  VLDA_UPS_4x_dmw_lda_ups_w2c_idx_imm_upsSign0
    _  VLDA_UPS_4x_dmw_lda_ups_w2c_idx_imm_upsSign1
    _  VLDA_UPS_4x_dmw_lda_ups_w2c_idx_upsSign0
    _  VLDA_UPS_4x_dmw_lda_ups_w2c_idx_upsSign1
    _  VLDA_UPS_4x_dmw_lda_ups_w2c_pstm_nrm_imm_upsSign0
    _  VLDA_UPS_4x_dmw_lda_ups_w2c_pstm_nrm_imm_upsSign1
    _  VLDA_UPS_4x_dmw_lda_ups_w2c_pstm_nrm_upsSign0
    _  VLDA_UPS_4x_dmw_lda_ups_w2c_pstm_nrm_upsSign1
    _  VLDA_UPS_4x_dmx_lda_ups_x2d_idx_imm_upsSign0
    _  VLDA_UPS_4x_dmx_lda_ups_x2d_idx_imm_upsSign1
    _  VLDA_UPS_4x_dmx_lda_ups_x2d_idx_upsSign0
    _  VLDA_UPS_4x_dmx_lda_ups_x2d_idx_upsSign1
    _  VLDA_UPS_4x_dmx_lda_ups_x2d_pstm_nrm_imm_upsSign0
    _  VLDA_UPS_4x_dmx_lda_ups_x2d_pstm_nrm_imm_upsSign1
    _  VLDA_UPS_4x_dmx_lda_ups_x2d_pstm_nrm_upsSign0
    _  VLDA_UPS_4x_dmx_lda_ups_x2d_pstm_nrm_upsSign1
    _  VLDA_dmw_lda_w_idx
    _  VLDA_dmw_lda_w_idx_imm
    _  VLDA_dmw_lda_w_pstm_nrm
    _  VLDA_dmw_lda_w_pstm_nrm_imm
    _  VLDA_dmw_lda_w_spill
    _  VLDA_dmx_lda_bm_idx
    _  VLDA_dmx_lda_bm_idx_imm
    _  VLDA_dmx_lda_bm_pstm_nrm
    _  VLDA_dmx_lda_bm_pstm_nrm_imm
    _  VLDA_dmx_lda_bm_spill
    _  VLDA_dmx_lda_fifohl_idx
    _  VLDA_dmx_lda_fifohl_idx_imm
    _  VLDA_dmx_lda_fifohl_pstm_nrm
    _  VLDA_dmx_lda_fifohl_pstm_nrm_imm
    _  VLDA_dmx_lda_fifohl_spill
    _  VLDA_dmx_lda_x_idx
    _  VLDA_dmx_lda_x_idx_imm
    _  VLDA_dmx_lda_x_pstm_nrm
    _  VLDA_dmx_lda_x_pstm_nrm_imm
    _  VLDA_dmx_lda_x_spill
    _  VMOV_0_mv_scd_cm
    _  VMOV_0_mv_scd_dm_imm
    _  VMOV_1_mv_scd_cm
    _  VMOV_1_mv_scd_dm_imm
    _  VMOV_2
    _  VMOV_3
    _  VMOV_lda_mv_scd_bm
    _  VMOV_lda_mv_scd_dm_dyn
    _  VMOV_lda_mv_scd_dm_reg
    _  VMOV_lda_mv_scd_x
Decoding Conflict:
    .
    _  NOPB
    _  PADDB_2D
    _  PADDB_3D
    _  PADDB_pstm_nrm
    _  PADDB_pstm_nrm_imm
    _  VLDB_128_idx
    _  VLDB_128_idx_imm
    _  VLDB_128_pstm_nrm
    _  VLDB_128_pstm_nrm_imm
    _  VLDB_2D_128
    _  VLDB_2D_UNPACK_dmw_ldb_unpack_unpackSign0
    _  VLDB_2D_UNPACK_dmw_ldb_unpack_unpackSign1
    _  VLDB_2D_UNPACK_dmx_ldb_unpack_unpackSign0
    _  VLDB_2D_UNPACK_dmx_ldb_unpack_unpackSign1
    _  VLDB_2D_dmw_ldb
    _  VLDB_2D_dmx_ldb_x
    _  VLDB_3D_128
    _  VLDB_3D_UNPACK_dmw_ldb_unpack_unpackSign0
    _  VLDB_3D_UNPACK_dmw_ldb_unpack_unpackSign1
    _  VLDB_3D_UNPACK_dmx_ldb_unpack_unpackSign0
    _  VLDB_3D_UNPACK_dmx_ldb_unpack_unpackSign1
    _  VLDB_3D_dmw_ldb
    _  VLDB_3D_dmx_ldb_x
    _  VLDB_4x16_hi
    _  VLDB_4x16_lo
    _  VLDB_4x32_hi
    _  VLDB_4x32_lo
    _  VLDB_4x64_hi
    _  VLDB_4x64_lo
    _  VLDB_FILLX_512
    _  VLDB_FILL_512
    _  VLDB_POPX_512
    _  VLDB_POP_512_2D
    _  VLDB_POP_512_3D
    _  VLDB_POP_512_fifo_1d_pop
    _  VLDB_POP_512_normal_pop
    _  VLDB_POP_544_2D
    _  VLDB_POP_544_3D
    _  VLDB_POP_544_fifo_1d_pop
    _  VLDB_POP_544_normal_pop
    _  VLDB_POP_576_2D
    _  VLDB_POP_576_3D
    _  VLDB_POP_576_fifo_1d_pop
    _  VLDB_POP_576_normal_pop
    _  VLDB_POP_640_2D
    _  VLDB_POP_640_3D
    _  VLDB_POP_640_fifo_1d_pop
    _  VLDB_POP_640_normal_pop
    _  VLDB_POP_704_2D
    _  VLDB_POP_704_3D
    _  VLDB_POP_704_fifo_1d_pop
    _  VLDB_POP_704_normal_pop
    _  VLDB_UNPACK_dmw_ldb_unpack_idx_imm_unpackSign0
    _  VLDB_UNPACK_dmw_ldb_unpack_idx_imm_unpackSign1
    _  VLDB_UNPACK_dmw_ldb_unpack_idx_unpackSign0
    _  VLDB_UNPACK_dmw_ldb_unpack_idx_unpackSign1
    _  VLDB_UNPACK_dmw_ldb_unpack_pstm_nrm_imm_unpackSign0
    _  VLDB_UNPACK_dmw_ldb_unpack_pstm_nrm_imm_unpackSign1
    _  VLDB_UNPACK_dmw_ldb_unpack_pstm_nrm_unpackSign0
    _  VLDB_UNPACK_dmw_ldb_unpack_pstm_nrm_unpackSign1
    _  VLDB_UNPACK_dmx_ldb_unpack_idx_imm_unpackSign0
    _  VLDB_UNPACK_dmx_ldb_unpack_idx_imm_unpackSign1
    _  VLDB_UNPACK_dmx_ldb_unpack_idx_unpackSign0
    _  VLDB_UNPACK_dmx_ldb_unpack_idx_unpackSign1
    _  VLDB_UNPACK_dmx_ldb_unpack_pstm_nrm_imm_unpackSign0
    _  VLDB_UNPACK_dmx_ldb_unpack_pstm_nrm_imm_unpackSign1
    _  VLDB_UNPACK_dmx_ldb_unpack_pstm_nrm_unpackSign0
    _  VLDB_UNPACK_dmx_ldb_unpack_pstm_nrm_unpackSign1
    _  VLDB_dmw_ldb_idx
    _  VLDB_dmw_ldb_idx_imm
    _  VLDB_dmw_ldb_pstm_nrm
    _  VLDB_dmw_ldb_pstm_nrm_imm
    _  VLDB_dmx_ldb_x_idx
    _  VLDB_dmx_ldb_x_idx_imm
    _  VLDB_dmx_ldb_x_pstm_nrm
    _  VLDB_dmx_ldb_x_pstm_nrm_imm
    _  VUNPACK_mv_unpack_w_unpackSign0
    _  VUNPACK_mv_unpack_w_unpackSign1
    _  VUNPACK_mv_unpack_x_unpackSign0
    _  VUNPACK_mv_unpack_x_unpackSign1
Decoding Conflict:
    .
    _  JL_lng
    _  JNZ
    _  JZ
    _  J_lng
    _  MOVXM
    _  NOPXM
    _  PADDXM_pstm_sp
    _  PADDXM_pstm_sp_imm
Decoding Conflict:
    .
    _  ADD_NC_mv_add_ri
    _  ADD_NC_mv_add_rr
    _  MOV_alu_mv_mv_mv_cg
    _  MOV_alu_mv_mv_mv_cntr2l
    _  MOV_alu_mv_mv_mv_e_mv_eh_to_eh
    _  MOV_alu_mv_mv_mv_e_mv_eh_to_el
    _  MOV_alu_mv_mv_mv_e_mv_eh_to_r
    _  MOV_alu_mv_mv_mv_e_mv_el_to_eh
    _  MOV_alu_mv_mv_mv_e_mv_el_to_el
    _  MOV_alu_mv_mv_mv_e_mv_el_to_r
    _  MOV_alu_mv_mv_mv_e_mv_r_to_eh
    _  MOV_alu_mv_mv_mv_e_mv_r_to_el
    _  MOV_alu_mv_mv_mv_scl
    _  MOV_d1
    _  MOV_d2
    _  MOV_d3
    _  MOV_d4
    _  MOV_d5
    _  MOV_d6
    _  NOPM
    _  VABS_GTZ_16_vaddSign0
    _  VABS_GTZ_16_vaddSign1
    _  VABS_GTZ_32_vaddSign0
    _  VABS_GTZ_32_vaddSign1
    _  VABS_GTZ_8_vaddSign0
    _  VABS_GTZ_8_vaddSign1
    _  VADDSUB_16
    _  VADDSUB_32
    _  VADDSUB_8
    _  VADD_16
    _  VADD_32
    _  VADD_8
    _  VBAND
    _  VBCSTSHFL_16_vec_broadcast_shuffle_bm
    _  VBCSTSHFL_16_vec_broadcast_shuffle_x
    _  VBCSTSHFL_32_vec_broadcast_shuffle_bm
    _  VBCSTSHFL_32_vec_broadcast_shuffle_x
    _  VBCSTSHFL_64_vec_broadcast_shuffle_bm
    _  VBCSTSHFL_64_vec_broadcast_shuffle_x
    _  VBCSTSHFL_8_vec_broadcast_shuffle_bm
    _  VBCSTSHFL_8_vec_broadcast_shuffle_x
    _  VBCST_16
    _  VBCST_32
    _  VBCST_64
    _  VBCST_8
    _  VBNEG_LTZ_s16
    _  VBNEG_LTZ_s32
    _  VBNEG_LTZ_s8
    _  VBOR
    _  VCONV_fp32_bf16_mv_ups_wbf
    _  VCONV_fp32_bf16_mv_ups_xbf
    _  VEQZ_16
    _  VEQZ_32
    _  VEQZ_8
    _  VEXP2
    _  VEXTBCSTSHFL_128
    _  VEXTBCSTSHFL_16
    _  VEXTBCSTSHFL_32
    _  VEXTBCSTSHFL_64
    _  VEXTBCST_128_vec_extract_broadcast_imm
    _  VEXTBCST_128_vec_extract_broadcast_r
    _  VEXTBCST_16_vec_extract_broadcast_imm
    _  VEXTBCST_16_vec_extract_broadcast_r
    _  VEXTBCST_32_vec_extract_broadcast_imm
    _  VEXTBCST_32_vec_extract_broadcast_r
    _  VEXTBCST_64_vec_extract_broadcast_imm
    _  VEXTBCST_64_vec_extract_broadcast_r
    _  VEXTBCST_8_vec_extract_broadcast_imm
    _  VEXTBCST_8_vec_extract_broadcast_r
    _  VEXTRACT_16_vec_extract_imm_vaddSign0
    _  VEXTRACT_16_vec_extract_imm_vaddSign1
    _  VEXTRACT_16_vec_extract_r_vaddSign0
    _  VEXTRACT_16_vec_extract_r_vaddSign1
    _  VEXTRACT_32_vec_extract_imm_vaddSign0
    _  VEXTRACT_32_vec_extract_imm_vaddSign1
    _  VEXTRACT_32_vec_extract_r_vaddSign0
    _  VEXTRACT_32_vec_extract_r_vaddSign1
    _  VEXTRACT_64_vec_extract_imm_vaddSign0
    _  VEXTRACT_64_vec_extract_imm_vaddSign1
    _  VEXTRACT_64_vec_extract_r_vaddSign0
    _  VEXTRACT_64_vec_extract_r_vaddSign1
    _  VEXTRACT_8_vec_extract_imm_vaddSign0
    _  VEXTRACT_8_vec_extract_imm_vaddSign1
    _  VEXTRACT_8_vec_extract_r_vaddSign0
    _  VEXTRACT_8_vec_extract_r_vaddSign1
    _  VGE_16_vaddSign0
    _  VGE_16_vaddSign1
    _  VGE_32_vaddSign0
    _  VGE_32_vaddSign1
    _  VGE_8_vaddSign0
    _  VGE_8_vaddSign1
    _  VGE_bf16
    _  VINSERT_16_mIdxImm0
    _  VINSERT_16_mR29_insert
    _  VINSERT_32_mIdxImm0
    _  VINSERT_32_mR29_insert
    _  VINSERT_64_mIdxImm0
    _  VINSERT_64_mR29_insert
    _  VINSERT_8_mIdxImm0
    _  VINSERT_8_mR29_insert
    _  VLT_16_vaddSign0
    _  VLT_16_vaddSign1
    _  VLT_32_vaddSign0
    _  VLT_32_vaddSign1
    _  VLT_8_vaddSign0
    _  VLT_8_vaddSign1
    _  VLT_bf16
    _  VMAXDIFF_LT_16_vaddSign0
    _  VMAXDIFF_LT_16_vaddSign1
    _  VMAXDIFF_LT_32_vaddSign0
    _  VMAXDIFF_LT_32_vaddSign1
    _  VMAXDIFF_LT_8_vaddSign0
    _  VMAXDIFF_LT_8_vaddSign1
    _  VMAX_LT_16_vaddSign0
    _  VMAX_LT_16_vaddSign1
    _  VMAX_LT_32_vaddSign0
    _  VMAX_LT_32_vaddSign1
    _  VMAX_LT_8_vaddSign0
    _  VMAX_LT_8_vaddSign1
    _  VMAX_LT_bf16
    _  VMIN_GE_16_vaddSign0
    _  VMIN_GE_16_vaddSign1
    _  VMIN_GE_32_vaddSign0
    _  VMIN_GE_32_vaddSign1
    _  VMIN_GE_8_vaddSign0
    _  VMIN_GE_8_vaddSign1
    _  VMIN_GE_bf16
    _  VMOV_alu_mv_mv_cm
    _  VMOV_alu_mv_mv_ex
    _  VMOV_alu_mv_mv_q
    _  VMOV_alu_mv_mv_q_to_w
    _  VMOV_alu_mv_mv_qex
    _  VMOV_alu_mv_mv_qx
    _  VMOV_alu_mv_mv_w
    _  VMOV_alu_mv_mv_w_to_q
    _  VMOV_alu_mv_mv_x
    _  VNEG_GTZ_16
    _  VNEG_GTZ_32
    _  VNEG_GTZ_8
    _  VPUSH_hi_16
    _  VPUSH_hi_32
    _  VPUSH_hi_64
    _  VPUSH_hi_8
    _  VPUSH_lo_16
    _  VPUSH_lo_32
    _  VPUSH_lo_64
    _  VPUSH_lo_8
    _  VSEL_16
    _  VSEL_32
    _  VSEL_8
    _  VSHIFT
    _  VSHIFT_ALIGN
    _  VSHUFFLE_vec_shuffle_bm
    _  VSHUFFLE_vec_shuffle_ex
    _  VSHUFFLE_vec_shuffle_x
    _  VSUB_16
    _  VSUB_32
    _  VSUB_8
    _  VSUB_GE_16_vaddSign0
    _  VSUB_GE_16_vaddSign1
    _  VSUB_GE_32_vaddSign0
    _  VSUB_GE_32_vaddSign1
    _  VSUB_GE_8_vaddSign0
    _  VSUB_GE_8_vaddSign1
    _  VSUB_LT_16_vaddSign0
    _  VSUB_LT_16_vaddSign1
    _  VSUB_LT_32_vaddSign0
    _  VSUB_LT_32_vaddSign1
    _  VSUB_LT_8_vaddSign0
    _  VSUB_LT_8_vaddSign1
    _  VTANH
    _  VUPS_2x_mv_ups_w2b_upsSign0
    _  VUPS_2x_mv_ups_w2b_upsSign1
    _  VUPS_2x_mv_ups_x2c_upsSign0
    _  VUPS_2x_mv_ups_x2c_upsSign1
    _  VUPS_4x_mv_ups_w2c_upsSign0
    _  VUPS_4x_mv_ups_w2c_upsSign1
    _  VUPS_4x_mv_ups_x2d_upsSign0
    _  VUPS_4x_mv_ups_x2d_upsSign1
Decoding Conflict:
    .
    _  MOVS
    _  MOV_CPH_mMStream_tlast_imm
    _  MOV_CPH_mMStream_tlast_reg
    _  MOV_CPH_nb_mMStream_tlast_imm
    _  MOV_CPH_nb_mMStream_tlast_reg
    _  MOV_CPH_nb_tlast
    _  MOV_CPH_tlast
    _  MOV_PH_mMStream_tlast_imm
    _  MOV_PH_mMStream_tlast_reg
    _  MOV_PH_nb_mMStream_tlast_imm
    _  MOV_PH_nb_mMStream_tlast_reg
    _  MOV_PH_nb_tlast
    _  MOV_PH_tlast
    _  MOV_nb_st_mMStream_tlast_imm
    _  MOV_nb_st_mMStream_tlast_reg
    _  MOV_nb_tlast
    _  MOV_st_mMStream_tlast_imm
    _  MOV_st_mMStream_tlast_reg
    _  MOV_tlast
    _  NOPS
    _  PADDS_2D
    _  PADDS_3D
    _  PADDS_pstm_nrm
    _  PADDS_pstm_nrm_imm
    _  ST_2D_dms_sts
    _  ST_2D_dmv_sts_q
    _  ST_3D_dms_sts
    _  ST_3D_dmv_sts_q
    _  ST_TM_2D
    _  ST_TM_3D
    _  ST_TM_idx
    _  ST_TM_idx_imm
    _  ST_TM_pstm_nrm
    _  ST_TM_pstm_nrm_imm
    _  ST_dms_sts_idx
    _  ST_dms_sts_idx_imm
    _  ST_dms_sts_pstm_nrm
    _  ST_dms_sts_pstm_nrm_imm
    _  ST_dms_sts_spill
    _  ST_dmv_sts_q_idx
    _  ST_dmv_sts_q_idx_imm
    _  ST_dmv_sts_q_pstm_nrm
    _  ST_dmv_sts_q_pstm_nrm_imm
    _  ST_dmv_sts_q_spill
    _  VCONV_bf16_fp32_mv_w_srs_bf
    _  VCONV_bf16_fp32_mv_x_srs_bf
    _  VCONV_bfp16ebs16_ebs8
    _  VCONV_bfp16ebs16_fp32
    _  VCONV_bfp16ebs8_fp32
    _  VFLOOR_s32_bf16_mv_float_to_int_bm
    _  VFLOOR_s32_bf16_mv_float_to_int_w
    _  VMOV_st_mv_mcd_bm
    _  VMOV_st_mv_mcd_x
    _  VPACK_mv_pack_w_packSign0
    _  VPACK_mv_pack_w_packSign1
    _  VPACK_mv_pack_x_packSign0
    _  VPACK_mv_pack_x_packSign1
    _  VSRS_2x_mv_w_srs_bm_srsSign0
    _  VSRS_2x_mv_w_srs_bm_srsSign1
    _  VSRS_2x_mv_x_srs_cm_srsSign0
    _  VSRS_2x_mv_x_srs_cm_srsSign1
    _  VSRS_4x_mv_w_srs_cm_srsSign0
    _  VSRS_4x_mv_w_srs_cm_srsSign1
    _  VSRS_4x_mv_x_srs_dm_srsSign0
    _  VSRS_4x_mv_x_srs_dm_srsSign1
    _  VST_128_dmv_sts_w_idx
    _  VST_128_dmv_sts_w_idx_imm
    _  VST_128_dmv_sts_w_pstm_nrm
    _  VST_128_dmv_sts_w_pstm_nrm_imm
    _  VST_128_dmv_sts_w_spill
    _  VST_2D_128
    _  VST_2D_CONV_bf16_fp32_dmw_sts_srs_bf
    _  VST_2D_CONV_bf16_fp32_dmx_sts_srs_bf
    _  VST_2D_PACK_dmw_sts_pack_packSign0
    _  VST_2D_PACK_dmw_sts_pack_packSign1
    _  VST_2D_PACK_dmx_sts_pack_packSign0
    _  VST_2D_PACK_dmx_sts_pack_packSign1
    _  VST_2D_SRS_2x_dm_sts_srs_cm_srsSign0
    _  VST_2D_SRS_2x_dm_sts_srs_cm_srsSign1
    _  VST_2D_SRS_2x_dmw_sts_srs_bm_srsSign0
    _  VST_2D_SRS_2x_dmw_sts_srs_bm_srsSign1
    _  VST_2D_SRS_4x_dm_sts_srs_cm_srsSign0
    _  VST_2D_SRS_4x_dm_sts_srs_cm_srsSign1
    _  VST_2D_SRS_4x_dmx_sts_srs_dm_srsSign0
    _  VST_2D_SRS_4x_dmx_sts_srs_dm_srsSign1
    _  VST_2D_dmw_sts_w
    _  VST_2D_dmx_sts_bm
    _  VST_2D_dmx_sts_fifohl
    _  VST_2D_dmx_sts_x
    _  VST_3D_128
    _  VST_3D_CONV_bf16_fp32_dmw_sts_srs_bf
    _  VST_3D_CONV_bf16_fp32_dmx_sts_srs_bf
    _  VST_3D_PACK_dmw_sts_pack_packSign0
    _  VST_3D_PACK_dmw_sts_pack_packSign1
    _  VST_3D_PACK_dmx_sts_pack_packSign0
    _  VST_3D_PACK_dmx_sts_pack_packSign1
    _  VST_3D_SRS_2x_dm_sts_srs_cm_srsSign0
    _  VST_3D_SRS_2x_dm_sts_srs_cm_srsSign1
    _  VST_3D_SRS_2x_dmw_sts_srs_bm_srsSign0
    _  VST_3D_SRS_2x_dmw_sts_srs_bm_srsSign1
    _  VST_3D_SRS_4x_dm_sts_srs_cm_srsSign0
    _  VST_3D_SRS_4x_dm_sts_srs_cm_srsSign1
    _  VST_3D_SRS_4x_dmx_sts_srs_dm_srsSign0
    _  VST_3D_SRS_4x_dmx_sts_srs_dm_srsSign1
    _  VST_3D_dmw_sts_w
    _  VST_3D_dmx_sts_bm
    _  VST_3D_dmx_sts_fifohl
    _  VST_3D_dmx_sts_x
    _  VST_CONV_bf16_fp32_dmw_sts_srs_bf_idx
    _  VST_CONV_bf16_fp32_dmw_sts_srs_bf_idx_imm
    _  VST_CONV_bf16_fp32_dmw_sts_srs_bf_pstm_nrm
    _  VST_CONV_bf16_fp32_dmw_sts_srs_bf_pstm_nrm_imm
    _  VST_CONV_bf16_fp32_dmx_sts_srs_bf_idx
    _  VST_CONV_bf16_fp32_dmx_sts_srs_bf_idx_imm
    _  VST_CONV_bf16_fp32_dmx_sts_srs_bf_pstm_nrm
    _  VST_CONV_bf16_fp32_dmx_sts_srs_bf_pstm_nrm_imm
    _  VST_FLUSH_512_2D
    _  VST_FLUSH_512_3D
    _  VST_FLUSH_512_CONV_2D
    _  VST_FLUSH_512_CONV_3D
    _  VST_FLUSH_512_CONV_fifo_1d_flush
    _  VST_FLUSH_512_CONV_normal_flush
    _  VST_FLUSH_512_fifo_1d_flush
    _  VST_FLUSH_512_normal_flush
    _  VST_PACK_dmw_sts_pack_idx_imm_packSign0
    _  VST_PACK_dmw_sts_pack_idx_imm_packSign1
    _  VST_PACK_dmw_sts_pack_idx_packSign0
    _  VST_PACK_dmw_sts_pack_idx_packSign1
    _  VST_PACK_dmw_sts_pack_pstm_nrm_imm_packSign0
    _  VST_PACK_dmw_sts_pack_pstm_nrm_imm_packSign1
    _  VST_PACK_dmw_sts_pack_pstm_nrm_packSign0
    _  VST_PACK_dmw_sts_pack_pstm_nrm_packSign1
    _  VST_PACK_dmx_sts_pack_idx_imm_packSign0
    _  VST_PACK_dmx_sts_pack_idx_imm_packSign1
    _  VST_PACK_dmx_sts_pack_idx_packSign0
    _  VST_PACK_dmx_sts_pack_idx_packSign1
    _  VST_PACK_dmx_sts_pack_pstm_nrm_imm_packSign0
    _  VST_PACK_dmx_sts_pack_pstm_nrm_imm_packSign1
    _  VST_PACK_dmx_sts_pack_pstm_nrm_packSign0
    _  VST_PACK_dmx_sts_pack_pstm_nrm_packSign1
    _  VST_PUSH_512
    _  VST_PUSH_544
    _  VST_PUSH_544_CONV_bfp16ebs16_ebs8
    _  VST_PUSH_544_CONV_bfp16ebs16_fp32
    _  VST_PUSH_576
    _  VST_PUSH_576_CONV_bfp16ebs8_fp32
    _  VST_SRS_2x_dm_sts_srs_cm_idx_imm_srsSign0
    _  VST_SRS_2x_dm_sts_srs_cm_idx_imm_srsSign1
    _  VST_SRS_2x_dm_sts_srs_cm_idx_srsSign0
    _  VST_SRS_2x_dm_sts_srs_cm_idx_srsSign1
    _  VST_SRS_2x_dm_sts_srs_cm_pstm_nrm_imm_srsSign0
    _  VST_SRS_2x_dm_sts_srs_cm_pstm_nrm_imm_srsSign1
    _  VST_SRS_2x_dm_sts_srs_cm_pstm_nrm_srsSign0
    _  VST_SRS_2x_dm_sts_srs_cm_pstm_nrm_srsSign1
    _  VST_SRS_2x_dmw_sts_srs_bm_idx_imm_srsSign0
    _  VST_SRS_2x_dmw_sts_srs_bm_idx_imm_srsSign1
    _  VST_SRS_2x_dmw_sts_srs_bm_idx_srsSign0
    _  VST_SRS_2x_dmw_sts_srs_bm_idx_srsSign1
    _  VST_SRS_2x_dmw_sts_srs_bm_pstm_nrm_imm_srsSign0
    _  VST_SRS_2x_dmw_sts_srs_bm_pstm_nrm_imm_srsSign1
    _  VST_SRS_2x_dmw_sts_srs_bm_pstm_nrm_srsSign0
    _  VST_SRS_2x_dmw_sts_srs_bm_pstm_nrm_srsSign1
    _  VST_SRS_4x_dm_sts_srs_cm_idx_imm_srsSign0
    _  VST_SRS_4x_dm_sts_srs_cm_idx_imm_srsSign1
    _  VST_SRS_4x_dm_sts_srs_cm_idx_srsSign0
    _  VST_SRS_4x_dm_sts_srs_cm_idx_srsSign1
    _  VST_SRS_4x_dm_sts_srs_cm_pstm_nrm_imm_srsSign0
    _  VST_SRS_4x_dm_sts_srs_cm_pstm_nrm_imm_srsSign1
    _  VST_SRS_4x_dm_sts_srs_cm_pstm_nrm_srsSign0
    _  VST_SRS_4x_dm_sts_srs_cm_pstm_nrm_srsSign1
    _  VST_SRS_4x_dmx_sts_srs_dm_idx_imm_srsSign0
    _  VST_SRS_4x_dmx_sts_srs_dm_idx_imm_srsSign1
    _  VST_SRS_4x_dmx_sts_srs_dm_idx_srsSign0
    _  VST_SRS_4x_dmx_sts_srs_dm_idx_srsSign1
    _  VST_SRS_4x_dmx_sts_srs_dm_pstm_nrm_imm_srsSign0
    _  VST_SRS_4x_dmx_sts_srs_dm_pstm_nrm_imm_srsSign1
    _  VST_SRS_4x_dmx_sts_srs_dm_pstm_nrm_srsSign0
    _  VST_SRS_4x_dmx_sts_srs_dm_pstm_nrm_srsSign1
    _  VST_dmw_sts_w_idx
    _  VST_dmw_sts_w_idx_imm
    _  VST_dmw_sts_w_pstm_nrm
    _  VST_dmw_sts_w_pstm_nrm_imm
    _  VST_dmw_sts_w_spill
    _  VST_dmx_sts_bm_idx
    _  VST_dmx_sts_bm_idx_imm
    _  VST_dmx_sts_bm_pstm_nrm
    _  VST_dmx_sts_bm_pstm_nrm_imm
    _  VST_dmx_sts_bm_spill
    _  VST_dmx_sts_fifohl_idx
    _  VST_dmx_sts_fifohl_idx_imm
    _  VST_dmx_sts_fifohl_pstm_nrm
    _  VST_dmx_sts_fifohl_pstm_nrm_imm
    _  VST_dmx_sts_fifohl_spill
    _  VST_dmx_sts_x_idx
    _  VST_dmx_sts_x_idx_imm
    _  VST_dmx_sts_x_pstm_nrm
    _  VST_dmx_sts_x_pstm_nrm_imm
    _  VST_dmx_sts_x_spill
Decoding Conflict:
    .
    _  NOPV
    _  VADDMAC_f_vaddmac_bf_vmac_cm2_add_reg_vmul_bf_core_X_X
    _  VADDMAC_f_vaddmac_bf_vmac_cm2_add_reg_vmul_bf_core_Y_Y
    _  VADDMAC_f_vaddmac_bf_vmac_cm2_add_scd_incr_vmul_bf_core_X_X
    _  VADDMAC_f_vaddmac_bf_vmac_cm2_add_scd_incr_vmul_bf_core_Y_Y
    _  VADDMAC_f_vaddmac_bf_vmac_cm2_add_scd_vmul_bf_core_X_X
    _  VADDMAC_f_vaddmac_bf_vmac_cm2_add_scd_vmul_bf_core_Y_Y
    _  VADDMAC_f_vaddmac_bfp_vmac_cm2_add_reg_vmul_bfp_core_EX_EX
    _  VADDMAC_f_vaddmac_bfp_vmac_cm2_add_reg_vmul_bfp_core_EX_EY
    _  VADDMAC_f_vaddmac_bfp_vmac_cm2_add_reg_vmul_bfp_core_EX_QEY
    _  VADDMAC_f_vaddmac_bfp_vmac_cm2_add_reg_vmul_bfp_core_EY_QEX
    _  VADDMAC_f_vaddmac_bfp_vmac_cm2_add_scd_incr_vmul_bfp_core_EX_EX
    _  VADDMAC_f_vaddmac_bfp_vmac_cm2_add_scd_incr_vmul_bfp_core_EX_EY
    _  VADDMAC_f_vaddmac_bfp_vmac_cm2_add_scd_incr_vmul_bfp_core_EX_QEY
    _  VADDMAC_f_vaddmac_bfp_vmac_cm2_add_scd_incr_vmul_bfp_core_EY_QEX
    _  VADDMAC_f_vaddmac_bfp_vmac_cm2_add_scd_vmul_bfp_core_EX_EX
    _  VADDMAC_f_vaddmac_bfp_vmac_cm2_add_scd_vmul_bfp_core_EX_EY
    _  VADDMAC_f_vaddmac_bfp_vmac_cm2_add_scd_vmul_bfp_core_EX_QEY
    _  VADDMAC_f_vaddmac_bfp_vmac_cm2_add_scd_vmul_bfp_core_EY_QEX
    _  VADDMAC_vmac_cm2_add_reg_vmul_cm_core_X_QX
    _  VADDMAC_vmac_cm2_add_reg_vmul_cm_core_X_QY
    _  VADDMAC_vmac_cm2_add_reg_vmul_cm_core_X_X
    _  VADDMAC_vmac_cm2_add_reg_vmul_cm_core_X_Y
    _  VADDMAC_vmac_cm2_add_reg_vmul_cm_core_Y_QX
    _  VADDMAC_vmac_cm2_add_reg_vmul_cm_core_Y_QY
    _  VADDMAC_vmac_cm2_add_reg_vmul_cm_core_Y_X
    _  VADDMAC_vmac_cm2_add_reg_vmul_cm_core_Y_Y
    _  VADDMAC_vmac_cm2_add_scd_incr_vmul_cm_core_X_QX
    _  VADDMAC_vmac_cm2_add_scd_incr_vmul_cm_core_X_QY
    _  VADDMAC_vmac_cm2_add_scd_incr_vmul_cm_core_X_X
    _  VADDMAC_vmac_cm2_add_scd_incr_vmul_cm_core_X_Y
    _  VADDMAC_vmac_cm2_add_scd_incr_vmul_cm_core_Y_QX
    _  VADDMAC_vmac_cm2_add_scd_incr_vmul_cm_core_Y_QY
    _  VADDMAC_vmac_cm2_add_scd_incr_vmul_cm_core_Y_X
    _  VADDMAC_vmac_cm2_add_scd_incr_vmul_cm_core_Y_Y
    _  VADDMAC_vmac_cm2_add_scd_vmul_cm_core_X_QX
    _  VADDMAC_vmac_cm2_add_scd_vmul_cm_core_X_QY
    _  VADDMAC_vmac_cm2_add_scd_vmul_cm_core_X_X
    _  VADDMAC_vmac_cm2_add_scd_vmul_cm_core_X_Y
    _  VADDMAC_vmac_cm2_add_scd_vmul_cm_core_Y_QX
    _  VADDMAC_vmac_cm2_add_scd_vmul_cm_core_Y_QY
    _  VADDMAC_vmac_cm2_add_scd_vmul_cm_core_Y_X
    _  VADDMAC_vmac_cm2_add_scd_vmul_cm_core_Y_Y
    _  VADDMSC_f_vaddmac_bf_vmac_cm2_add_reg_vmul_bf_core_X_X
    _  VADDMSC_f_vaddmac_bf_vmac_cm2_add_reg_vmul_bf_core_Y_Y
    _  VADDMSC_f_vaddmac_bf_vmac_cm2_add_scd_incr_vmul_bf_core_X_X
    _  VADDMSC_f_vaddmac_bf_vmac_cm2_add_scd_incr_vmul_bf_core_Y_Y
    _  VADDMSC_f_vaddmac_bf_vmac_cm2_add_scd_vmul_bf_core_X_X
    _  VADDMSC_f_vaddmac_bf_vmac_cm2_add_scd_vmul_bf_core_Y_Y
    _  VADDMSC_f_vaddmac_bfp_vmac_cm2_add_reg_vmul_bfp_core_EX_EX
    _  VADDMSC_f_vaddmac_bfp_vmac_cm2_add_reg_vmul_bfp_core_EX_EY
    _  VADDMSC_f_vaddmac_bfp_vmac_cm2_add_reg_vmul_bfp_core_EX_QEY
    _  VADDMSC_f_vaddmac_bfp_vmac_cm2_add_reg_vmul_bfp_core_EY_QEX
    _  VADDMSC_f_vaddmac_bfp_vmac_cm2_add_scd_incr_vmul_bfp_core_EX_EX
    _  VADDMSC_f_vaddmac_bfp_vmac_cm2_add_scd_incr_vmul_bfp_core_EX_EY
    _  VADDMSC_f_vaddmac_bfp_vmac_cm2_add_scd_incr_vmul_bfp_core_EX_QEY
    _  VADDMSC_f_vaddmac_bfp_vmac_cm2_add_scd_incr_vmul_bfp_core_EY_QEX
    _  VADDMSC_f_vaddmac_bfp_vmac_cm2_add_scd_vmul_bfp_core_EX_EX
    _  VADDMSC_f_vaddmac_bfp_vmac_cm2_add_scd_vmul_bfp_core_EX_EY
    _  VADDMSC_f_vaddmac_bfp_vmac_cm2_add_scd_vmul_bfp_core_EX_QEY
    _  VADDMSC_f_vaddmac_bfp_vmac_cm2_add_scd_vmul_bfp_core_EY_QEX
    _  VADDMSC_vmac_cm2_add_reg_vmul_cm_core_X_QX
    _  VADDMSC_vmac_cm2_add_reg_vmul_cm_core_X_QY
    _  VADDMSC_vmac_cm2_add_reg_vmul_cm_core_X_X
    _  VADDMSC_vmac_cm2_add_reg_vmul_cm_core_X_Y
    _  VADDMSC_vmac_cm2_add_reg_vmul_cm_core_Y_QX
    _  VADDMSC_vmac_cm2_add_reg_vmul_cm_core_Y_QY
    _  VADDMSC_vmac_cm2_add_reg_vmul_cm_core_Y_X
    _  VADDMSC_vmac_cm2_add_reg_vmul_cm_core_Y_Y
    _  VADDMSC_vmac_cm2_add_scd_incr_vmul_cm_core_X_QX
    _  VADDMSC_vmac_cm2_add_scd_incr_vmul_cm_core_X_QY
    _  VADDMSC_vmac_cm2_add_scd_incr_vmul_cm_core_X_X
    _  VADDMSC_vmac_cm2_add_scd_incr_vmul_cm_core_X_Y
    _  VADDMSC_vmac_cm2_add_scd_incr_vmul_cm_core_Y_QX
    _  VADDMSC_vmac_cm2_add_scd_incr_vmul_cm_core_Y_QY
    _  VADDMSC_vmac_cm2_add_scd_incr_vmul_cm_core_Y_X
    _  VADDMSC_vmac_cm2_add_scd_incr_vmul_cm_core_Y_Y
    _  VADDMSC_vmac_cm2_add_scd_vmul_cm_core_X_QX
    _  VADDMSC_vmac_cm2_add_scd_vmul_cm_core_X_QY
    _  VADDMSC_vmac_cm2_add_scd_vmul_cm_core_X_X
    _  VADDMSC_vmac_cm2_add_scd_vmul_cm_core_X_Y
    _  VADDMSC_vmac_cm2_add_scd_vmul_cm_core_Y_QX
    _  VADDMSC_vmac_cm2_add_scd_vmul_cm_core_Y_QY
    _  VADDMSC_vmac_cm2_add_scd_vmul_cm_core_Y_X
    _  VADDMSC_vmac_cm2_add_scd_vmul_cm_core_Y_Y
    _  VADD_f_vmac_cm2_add_reg
    _  VADD_f_vmac_cm2_add_scd
    _  VADD_f_vmac_cm2_add_scd_incr
    _  VADD_vmac_cm2_add_reg
    _  VADD_vmac_cm2_add_scd
    _  VADD_vmac_cm2_add_scd_incr
    _  VCLR
    _  VMAC_f_vmac_bf_vmul_bf_core_X_X
    _  VMAC_f_vmac_bf_vmul_bf_core_Y_Y
    _  VMAC_f_vmac_bfp_vmul_bfp_core_EX_EX
    _  VMAC_f_vmac_bfp_vmul_bfp_core_EX_EY
    _  VMAC_f_vmac_bfp_vmul_bfp_core_EX_QEY
    _  VMAC_f_vmac_bfp_vmul_bfp_core_EY_QEX
    _  VMAC_vmul_cm_core_X_QX
    _  VMAC_vmul_cm_core_X_QY
    _  VMAC_vmul_cm_core_X_X
    _  VMAC_vmul_cm_core_X_Y
    _  VMAC_vmul_cm_core_Y_QX
    _  VMAC_vmul_cm_core_Y_QY
    _  VMAC_vmul_cm_core_Y_X
    _  VMAC_vmul_cm_core_Y_Y
    _  VMOV_D
    _  VMSC_f_vmac_bf_vmul_bf_core_X_X
    _  VMSC_f_vmac_bf_vmul_bf_core_Y_Y
    _  VMSC_f_vmac_bfp_vmul_bfp_core_EX_EX
    _  VMSC_f_vmac_bfp_vmul_bfp_core_EX_EY
    _  VMSC_f_vmac_bfp_vmul_bfp_core_EX_QEY
    _  VMSC_f_vmac_bfp_vmul_bfp_core_EY_QEX
    _  VMSC_vmul_cm_core_X_QX
    _  VMSC_vmul_cm_core_X_QY
    _  VMSC_vmul_cm_core_X_X
    _  VMSC_vmul_cm_core_X_Y
    _  VMSC_vmul_cm_core_Y_QX
    _  VMSC_vmul_cm_core_Y_QY
    _  VMSC_vmul_cm_core_Y_X
    _  VMSC_vmul_cm_core_Y_Y
    _  VMUL_f_vmul_bf_vmul_bf_core_X_X
    _  VMUL_f_vmul_bf_vmul_bf_core_Y_Y
    _  VMUL_f_vmul_bfp_vmul_bfp_core_EX_EX
    _  VMUL_f_vmul_bfp_vmul_bfp_core_EX_EY
    _  VMUL_f_vmul_bfp_vmul_bfp_core_EX_QEY
    _  VMUL_f_vmul_bfp_vmul_bfp_core_EY_QEX
    _  VMUL_vmul_cm_core_X_QX
    _  VMUL_vmul_cm_core_X_QY
    _  VMUL_vmul_cm_core_X_X
    _  VMUL_vmul_cm_core_X_Y
    _  VMUL_vmul_cm_core_Y_QX
    _  VMUL_vmul_cm_core_Y_QY
    _  VMUL_vmul_cm_core_Y_X
    _  VMUL_vmul_cm_core_Y_Y
    _  VNEG
    _  VNEGMUL_f_vmul_bf_vmul_bf_core_X_X
    _  VNEGMUL_f_vmul_bf_vmul_bf_core_Y_Y
    _  VNEGMUL_f_vmul_bfp_vmul_bfp_core_EX_EX
    _  VNEGMUL_f_vmul_bfp_vmul_bfp_core_EX_EY
    _  VNEGMUL_f_vmul_bfp_vmul_bfp_core_EX_QEY
    _  VNEGMUL_f_vmul_bfp_vmul_bfp_core_EY_QEX
    _  VNEGMUL_vmul_cm_core_X_QX
    _  VNEGMUL_vmul_cm_core_X_QY
    _  VNEGMUL_vmul_cm_core_X_X
    _  VNEGMUL_vmul_cm_core_X_Y
    _  VNEGMUL_vmul_cm_core_Y_QX
    _  VNEGMUL_vmul_cm_core_Y_QY
    _  VNEGMUL_vmul_cm_core_Y_X
    _  VNEGMUL_vmul_cm_core_Y_Y
    _  VNEG_f
    _  VSUB_f_vmac_cm2_add_reg
    _  VSUB_f_vmac_cm2_add_scd
    _  VSUB_f_vmac_cm2_add_scd_incr
    _  VSUB_vmac_cm2_add_reg
    _  VSUB_vmac_cm2_add_scd
    _  VSUB_vmac_cm2_add_scd_incr
warning: Decoding conflict encountered
[248/590] Building CXX object lib/Object/CMakeFiles/LLVMObject.dir/OffloadBinary.cpp.o
[249/590] Building CXX object lib/CodeGen/GlobalISel/CMakeFiles/LLVMGlobalISel.dir/MachineIRBuilder.cpp.o
[250/590] Building AIE2PGenCallingConv.inc...
[251/590] Building AIE2PGenMCCodeEmitter.inc...
[252/590] Building AIE2PGenFormats.inc...
[253/590] Building CXX object lib/CodeGen/GlobalISel/CMakeFiles/LLVMGlobalISel.dir/Legalizer.cpp.o
[254/590] Building AIE2PGenPreSchedLowering.inc...
[255/590] Building AIE2PGenPostLegalizerGIGenericCombiner.inc...
[256/590] Building AIE2PGenSplitInstrTables.inc...
[257/590] Building AIE2PGenGlobalISel.inc...
Included from /home/jtuyls/iree-ai/llvm-aie-port/amd/aie/llvm/lib/Target/AIE/AIE2P.td:34:
Included from /home/jtuyls/iree-ai/llvm-aie-port/amd/aie/llvm/lib/Target/AIE/aie2p/AIE2PInstrInfo.td:332:
/home/jtuyls/iree-ai/llvm-aie-port/amd/aie/llvm/lib/Target/AIE/aie2p/AIE2PInstrPatterns.td:1240:1: warning: Skipped pattern: unsupported type for Src operand (SETLT:{ *:[Other] })
def : Pat<(v64i1 (aie_setlt (v64i8 VEC512:$rs1), (v64i8 VEC512:$rs2))),
^
Included from /home/jtuyls/iree-ai/llvm-aie-port/amd/aie/llvm/lib/Target/AIE/AIE2P.td:34:
Included from /home/jtuyls/iree-ai/llvm-aie-port/amd/aie/llvm/lib/Target/AIE/aie2p/AIE2PInstrInfo.td:332:
/home/jtuyls/iree-ai/llvm-aie-port/amd/aie/llvm/lib/Target/AIE/aie2p/AIE2PInstrPatterns.td:1242:1: warning: Skipped pattern: unsupported type for Src operand (SETLT:{ *:[Other] })
def : Pat<(v32i1 (aie_setlt (v32i16 VEC512:$rs1), (v32i16 VEC512:$rs2))),
^
Included from /home/jtuyls/iree-ai/llvm-aie-port/amd/aie/llvm/lib/Target/AIE/AIE2P.td:34:
Included from /home/jtuyls/iree-ai/llvm-aie-port/amd/aie/llvm/lib/Target/AIE/aie2p/AIE2PInstrInfo.td:332:
/home/jtuyls/iree-ai/llvm-aie-port/amd/aie/llvm/lib/Target/AIE/aie2p/AIE2PInstrPatterns.td:1244:1: warning: Skipped pattern: unsupported type for Src operand (SETLT:{ *:[Other] })
def : Pat<(v32i1 (aie_setlt (v16i32 VEC512:$rs1), (v16i32 VEC512:$rs2))),
^
Included from /home/jtuyls/iree-ai/llvm-aie-port/amd/aie/llvm/lib/Target/AIE/AIE2P.td:34:
Included from /home/jtuyls/iree-ai/llvm-aie-port/amd/aie/llvm/lib/Target/AIE/aie2p/AIE2PInstrInfo.td:332:
/home/jtuyls/iree-ai/llvm-aie-port/amd/aie/llvm/lib/Target/AIE/aie2p/AIE2PInstrPatterns.td:1247:1: warning: Skipped pattern: unsupported type for Src operand (SETULT:{ *:[Other] })
def : Pat<(v64i1 (aie_setult (v64i8 VEC512:$rs1), (v64i8 VEC512:$rs2))),
^
Included from /home/jtuyls/iree-ai/llvm-aie-port/amd/aie/llvm/lib/Target/AIE/AIE2P.td:34:
Included from /home/jtuyls/iree-ai/llvm-aie-port/amd/aie/llvm/lib/Target/AIE/aie2p/AIE2PInstrInfo.td:332:
/home/jtuyls/iree-ai/llvm-aie-port/amd/aie/llvm/lib/Target/AIE/aie2p/AIE2PInstrPatterns.td:1249:1: warning: Skipped pattern: unsupported type for Src operand (SETULT:{ *:[Other] })
def : Pat<(v32i1 (aie_setult (v32i16 VEC512:$rs1), (v32i16 VEC512:$rs2))),
^
Included from /home/jtuyls/iree-ai/llvm-aie-port/amd/aie/llvm/lib/Target/AIE/AIE2P.td:34:
Included from /home/jtuyls/iree-ai/llvm-aie-port/amd/aie/llvm/lib/Target/AIE/aie2p/AIE2PInstrInfo.td:332:
/home/jtuyls/iree-ai/llvm-aie-port/amd/aie/llvm/lib/Target/AIE/aie2p/AIE2PInstrPatterns.td:1251:1: warning: Skipped pattern: unsupported type for Src operand (SETULT:{ *:[Other] })
def : Pat<(v32i1 (aie_setult (v16i32 VEC512:$rs1), (v16i32 VEC512:$rs2))),
^
Included from /home/jtuyls/iree-ai/llvm-aie-port/amd/aie/llvm/lib/Target/AIE/AIE2P.td:34:
Included from /home/jtuyls/iree-ai/llvm-aie-port/amd/aie/llvm/lib/Target/AIE/aie2p/AIE2PInstrInfo.td:332:
/home/jtuyls/iree-ai/llvm-aie-port/amd/aie/llvm/lib/Target/AIE/aie2p/AIE2PInstrPatterns.td:1255:1: warning: Skipped pattern: unsupported type for Src operand (SETLE:{ *:[Other] })
def : Pat<(v64i1 (aie_setle (v64i8 VEC512:$rs1), (v64i8 VEC512:$rs2))),
^
Included from /home/jtuyls/iree-ai/llvm-aie-port/amd/aie/llvm/lib/Target/AIE/AIE2P.td:34:
Included from /home/jtuyls/iree-ai/llvm-aie-port/amd/aie/llvm/lib/Target/AIE/aie2p/AIE2PInstrInfo.td:332:
/home/jtuyls/iree-ai/llvm-aie-port/amd/aie/llvm/lib/Target/AIE/aie2p/AIE2PInstrPatterns.td:1264:1: warning: Skipped pattern: unsupported type for Src operand (SETLE:{ *:[Other] })
def : Pat<(v32i1 (aie_setle (v32i16 VEC512:$rs1), (v32i16 VEC512:$rs2))),
^
Included from /home/jtuyls/iree-ai/llvm-aie-port/amd/aie/llvm/lib/Target/AIE/AIE2P.td:34:
Included from /home/jtuyls/iree-ai/llvm-aie-port/amd/aie/llvm/lib/Target/AIE/aie2p/AIE2PInstrInfo.td:332:
/home/jtuyls/iree-ai/llvm-aie-port/amd/aie/llvm/lib/Target/AIE/aie2p/AIE2PInstrPatterns.td:1269:1: warning: Skipped pattern: unsupported type for Src operand (SETLE:{ *:[Other] })
def : Pat<(v32i1 (aie_setle (v16i32 VEC512:$rs1), (v16i32 VEC512:$rs2))),
^
Included from /home/jtuyls/iree-ai/llvm-aie-port/amd/aie/llvm/lib/Target/AIE/AIE2P.td:34:
Included from /home/jtuyls/iree-ai/llvm-aie-port/amd/aie/llvm/lib/Target/AIE/aie2p/AIE2PInstrInfo.td:332:
/home/jtuyls/iree-ai/llvm-aie-port/amd/aie/llvm/lib/Target/AIE/aie2p/AIE2PInstrPatterns.td:1274:1: warning: Skipped pattern: unsupported type for Src operand (SETULE:{ *:[Other] })
def : Pat<(v64i1 (aie_setule (v64i8 VEC512:$rs1), (v64i8 VEC512:$rs2))),
^
Included from /home/jtuyls/iree-ai/llvm-aie-port/amd/aie/llvm/lib/Target/AIE/AIE2P.td:34:
Included from /home/jtuyls/iree-ai/llvm-aie-port/amd/aie/llvm/lib/Target/AIE/aie2p/AIE2PInstrInfo.td:332:
/home/jtuyls/iree-ai/llvm-aie-port/amd/aie/llvm/lib/Target/AIE/aie2p/AIE2PInstrPatterns.td:1283:1: warning: Skipped pattern: unsupported type for Src operand (SETULE:{ *:[Other] })
def : Pat<(v32i1 (aie_setule (v32i16 VEC512:$rs1), (v32i16 VEC512:$rs2))),
^
Included from /home/jtuyls/iree-ai/llvm-aie-port/amd/aie/llvm/lib/Target/AIE/AIE2P.td:34:
Included from /home/jtuyls/iree-ai/llvm-aie-port/amd/aie/llvm/lib/Target/AIE/aie2p/AIE2PInstrInfo.td:332:
/home/jtuyls/iree-ai/llvm-aie-port/amd/aie/llvm/lib/Target/AIE/aie2p/AIE2PInstrPatterns.td:1288:1: warning: Skipped pattern: unsupported type for Src operand (SETULE:{ *:[Other] })
def : Pat<(v32i1 (aie_setule (v16i32 VEC512:$rs1), (v16i32 VEC512:$rs2))),
^
Included from /home/jtuyls/iree-ai/llvm-aie-port/amd/aie/llvm/lib/Target/AIE/AIE2P.td:34:
Included from /home/jtuyls/iree-ai/llvm-aie-port/amd/aie/llvm/lib/Target/AIE/aie2p/AIE2PInstrInfo.td:332:
/home/jtuyls/iree-ai/llvm-aie-port/amd/aie/llvm/lib/Target/AIE/aie2p/AIE2PInstrPatterns.td:1294:1: warning: Skipped pattern: unsupported type for Src operand (SETGE:{ *:[Other] })
def  : Pat<(v64i1 (aie_setge (v64i8 VEC512:$rs1), (v64i8 VEC512:$rs2))),
^
Included from /home/jtuyls/iree-ai/llvm-aie-port/amd/aie/llvm/lib/Target/AIE/AIE2P.td:34:
Included from /home/jtuyls/iree-ai/llvm-aie-port/amd/aie/llvm/lib/Target/AIE/aie2p/AIE2PInstrInfo.td:332:
/home/jtuyls/iree-ai/llvm-aie-port/amd/aie/llvm/lib/Target/AIE/aie2p/AIE2PInstrPatterns.td:1296:1: warning: Skipped pattern: unsupported type for Src operand (SETGE:{ *:[Other] })
def  : Pat<(v32i1 (aie_setge (v32i16 VEC512:$rs1), (v32i16 VEC512:$rs2))),
^
Included from /home/jtuyls/iree-ai/llvm-aie-port/amd/aie/llvm/lib/Target/AIE/AIE2P.td:34:
Included from /home/jtuyls/iree-ai/llvm-aie-port/amd/aie/llvm/lib/Target/AIE/aie2p/AIE2PInstrInfo.td:332:
/home/jtuyls/iree-ai/llvm-aie-port/amd/aie/llvm/lib/Target/AIE/aie2p/AIE2PInstrPatterns.td:1298:1: warning: Skipped pattern: unsupported type for Src operand (SETGE:{ *:[Other] })
def  : Pat<(v32i1 (aie_setge (v16i32 VEC512:$rs1), (v16i32 VEC512:$rs2))),
^
Included from /home/jtuyls/iree-ai/llvm-aie-port/amd/aie/llvm/lib/Target/AIE/AIE2P.td:34:
Included from /home/jtuyls/iree-ai/llvm-aie-port/amd/aie/llvm/lib/Target/AIE/aie2p/AIE2PInstrInfo.td:332:
/home/jtuyls/iree-ai/llvm-aie-port/amd/aie/llvm/lib/Target/AIE/aie2p/AIE2PInstrPatterns.td:1301:1: warning: Skipped pattern: unsupported type for Src operand (SETUGE:{ *:[Other] })
def  : Pat<(v64i1 (aie_setuge (v64i8 VEC512:$rs1), (v64i8 VEC512:$rs2))),
^
Included from /home/jtuyls/iree-ai/llvm-aie-port/amd/aie/llvm/lib/Target/AIE/AIE2P.td:34:
Included from /home/jtuyls/iree-ai/llvm-aie-port/amd/aie/llvm/lib/Target/AIE/aie2p/AIE2PInstrInfo.td:332:
/home/jtuyls/iree-ai/llvm-aie-port/amd/aie/llvm/lib/Target/AIE/aie2p/AIE2PInstrPatterns.td:1303:1: warning: Skipped pattern: unsupported type for Src operand (SETUGE:{ *:[Other] })
def  : Pat<(v32i1 (aie_setuge (v32i16 VEC512:$rs1), (v32i16 VEC512:$rs2))),
^
Included from /home/jtuyls/iree-ai/llvm-aie-port/amd/aie/llvm/lib/Target/AIE/AIE2P.td:34:
Included from /home/jtuyls/iree-ai/llvm-aie-port/amd/aie/llvm/lib/Target/AIE/aie2p/AIE2PInstrInfo.td:332:
/home/jtuyls/iree-ai/llvm-aie-port/amd/aie/llvm/lib/Target/AIE/aie2p/AIE2PInstrPatterns.td:1305:1: warning: Skipped pattern: unsupported type for Src operand (SETUGE:{ *:[Other] })
def  : Pat<(v32i1 (aie_setuge (v16i32 VEC512:$rs1), (v16i32 VEC512:$rs2))),
^
Included from /home/jtuyls/iree-ai/llvm-aie-port/amd/aie/llvm/lib/Target/AIE/AIE2P.td:34:
Included from /home/jtuyls/iree-ai/llvm-aie-port/amd/aie/llvm/lib/Target/AIE/aie2p/AIE2PInstrInfo.td:332:
/home/jtuyls/iree-ai/llvm-aie-port/amd/aie/llvm/lib/Target/AIE/aie2p/AIE2PInstrPatterns.td:1309:1: warning: Skipped pattern: unsupported type for Src operand (SETGT:{ *:[Other] })
def  : Pat<(v64i1 (aie_setgt (v64i8 VEC512:$rs1), (v64i8 VEC512:$rs2))),
^
Included from /home/jtuyls/iree-ai/llvm-aie-port/amd/aie/llvm/lib/Target/AIE/AIE2P.td:34:
Included from /home/jtuyls/iree-ai/llvm-aie-port/amd/aie/llvm/lib/Target/AIE/aie2p/AIE2PInstrInfo.td:332:
/home/jtuyls/iree-ai/llvm-aie-port/amd/aie/llvm/lib/Target/AIE/aie2p/AIE2PInstrPatterns.td:1318:1: warning: Skipped pattern: unsupported type for Src operand (SETGT:{ *:[Other] })
def  : Pat<(v32i1 (aie_setgt (v32i16 VEC512:$rs1), (v32i16 VEC512:$rs2))),
^
Included from /home/jtuyls/iree-ai/llvm-aie-port/amd/aie/llvm/lib/Target/AIE/AIE2P.td:34:
Included from /home/jtuyls/iree-ai/llvm-aie-port/amd/aie/llvm/lib/Target/AIE/aie2p/AIE2PInstrInfo.td:332:
/home/jtuyls/iree-ai/llvm-aie-port/amd/aie/llvm/lib/Target/AIE/aie2p/AIE2PInstrPatterns.td:1320:1: warning: Skipped pattern: unsupported type for Src operand (SETGT:{ *:[Other] })
def  : Pat<(v32i1 (aie_setgt (v16i32 VEC512:$rs1), (v16i32 VEC512:$rs2))),
^
Included from /home/jtuyls/iree-ai/llvm-aie-port/amd/aie/llvm/lib/Target/AIE/AIE2P.td:34:
Included from /home/jtuyls/iree-ai/llvm-aie-port/amd/aie/llvm/lib/Target/AIE/aie2p/AIE2PInstrInfo.td:332:
/home/jtuyls/iree-ai/llvm-aie-port/amd/aie/llvm/lib/Target/AIE/aie2p/AIE2PInstrPatterns.td:1323:1: warning: Skipped pattern: unsupported type for Src operand (SETUGT:{ *:[Other] })
def  : Pat<(v64i1 (aie_setugt (v64i8 VEC512:$rs1), (v64i8 VEC512:$rs2))),
^
Included from /home/jtuyls/iree-ai/llvm-aie-port/amd/aie/llvm/lib/Target/AIE/AIE2P.td:34:
Included from /home/jtuyls/iree-ai/llvm-aie-port/amd/aie/llvm/lib/Target/AIE/aie2p/AIE2PInstrInfo.td:332:
/home/jtuyls/iree-ai/llvm-aie-port/amd/aie/llvm/lib/Target/AIE/aie2p/AIE2PInstrPatterns.td:1332:1: warning: Skipped pattern: unsupported type for Src operand (SETUGT:{ *:[Other] })
def  : Pat<(v32i1 (aie_setugt (v32i16 VEC512:$rs1), (v32i16 VEC512:$rs2))),
^
Included from /home/jtuyls/iree-ai/llvm-aie-port/amd/aie/llvm/lib/Target/AIE/AIE2P.td:34:
Included from /home/jtuyls/iree-ai/llvm-aie-port/amd/aie/llvm/lib/Target/AIE/aie2p/AIE2PInstrInfo.td:332:
/home/jtuyls/iree-ai/llvm-aie-port/amd/aie/llvm/lib/Target/AIE/aie2p/AIE2PInstrPatterns.td:1334:1: warning: Skipped pattern: unsupported type for Src operand (SETUGT:{ *:[Other] })
def  : Pat<(v32i1 (aie_setugt (v16i32 VEC512:$rs1), (v16i32 VEC512:$rs2))),
^
Included from /home/jtuyls/iree-ai/llvm-aie-port/amd/aie/llvm/lib/Target/AIE/AIE2P.td:34:
Included from /home/jtuyls/iree-ai/llvm-aie-port/amd/aie/llvm/lib/Target/AIE/aie2p/AIE2PInstrInfo.td:332:
/home/jtuyls/iree-ai/llvm-aie-port/amd/aie/llvm/lib/Target/AIE/aie2p/AIE2PInstrPatterns.td:1338:1: warning: Skipped pattern: unsupported type for Src operand (SETEQ:{ *:[Other] })
def  : Pat<(v64i1 (aie_seteq (v64i8 VEC512:$rs1), (v64i8 VEC512:$rs2))),
^
Included from /home/jtuyls/iree-ai/llvm-aie-port/amd/aie/llvm/lib/Target/AIE/AIE2P.td:34:
Included from /home/jtuyls/iree-ai/llvm-aie-port/amd/aie/llvm/lib/Target/AIE/aie2p/AIE2PInstrInfo.td:332:
/home/jtuyls/iree-ai/llvm-aie-port/amd/aie/llvm/lib/Target/AIE/aie2p/AIE2PInstrPatterns.td:1340:1: warning: Skipped pattern: unsupported type for Src operand (SETEQ:{ *:[Other] })
def  : Pat<(v32i1 (aie_seteq (v32i16 VEC512:$rs1), (v32i16 VEC512:$rs2))),
^
Included from /home/jtuyls/iree-ai/llvm-aie-port/amd/aie/llvm/lib/Target/AIE/AIE2P.td:34:
Included from /home/jtuyls/iree-ai/llvm-aie-port/amd/aie/llvm/lib/Target/AIE/aie2p/AIE2PInstrInfo.td:332:
/home/jtuyls/iree-ai/llvm-aie-port/amd/aie/llvm/lib/Target/AIE/aie2p/AIE2PInstrPatterns.td:1342:1: warning: Skipped pattern: unsupported type for Src operand (SETEQ:{ *:[Other] })
def  : Pat<(v32i1 (aie_seteq (v16i32 VEC512:$rs1), (v16i32 VEC512:$rs2))),
^
Included from /home/jtuyls/iree-ai/llvm-aie-port/amd/aie/llvm/lib/Target/AIE/AIE2P.td:34:
Included from /home/jtuyls/iree-ai/llvm-aie-port/amd/aie/llvm/lib/Target/AIE/aie2p/AIE2PInstrInfo.td:332:
/home/jtuyls/iree-ai/llvm-aie-port/amd/aie/llvm/lib/Target/AIE/aie2p/AIE2PInstrPatterns.td:1346:1: warning: Skipped pattern: unsupported type for Src operand (SETNE:{ *:[Other] })
def  : Pat<(v64i1 (aie_setne (v64i8 VEC512:$rs1), (v64i8 VEC512:$rs2))),
^
Included from /home/jtuyls/iree-ai/llvm-aie-port/amd/aie/llvm/lib/Target/AIE/AIE2P.td:34:
Included from /home/jtuyls/iree-ai/llvm-aie-port/amd/aie/llvm/lib/Target/AIE/aie2p/AIE2PInstrInfo.td:332:
/home/jtuyls/iree-ai/llvm-aie-port/amd/aie/llvm/lib/Target/AIE/aie2p/AIE2PInstrPatterns.td:1355:1: warning: Skipped pattern: unsupported type for Src operand (SETNE:{ *:[Other] })
def  : Pat<(v32i1 (aie_setne (v32i16 VEC512:$rs1), (v32i16 VEC512:$rs2))),
^
Included from /home/jtuyls/iree-ai/llvm-aie-port/amd/aie/llvm/lib/Target/AIE/AIE2P.td:34:
Included from /home/jtuyls/iree-ai/llvm-aie-port/amd/aie/llvm/lib/Target/AIE/aie2p/AIE2PInstrInfo.td:332:
/home/jtuyls/iree-ai/llvm-aie-port/amd/aie/llvm/lib/Target/AIE/aie2p/AIE2PInstrPatterns.td:1357:1: warning: Skipped pattern: unsupported type for Src operand (SETNE:{ *:[Other] })
def  : Pat<(v32i1 (aie_setne (v16i32 VEC512:$rs1), (v16i32 VEC512:$rs2))),
^
[258/590] Building AIE2PGenPostLegalizerGICustomCombiner.inc...
[259/590] Building AIE2PGenPreLegalizerGICombiner.inc...
[260/590] Building AIE2PGenRegisterInfo.inc...
[261/590] Building AIE2PGenRegisterBank.inc...
[262/590] Building AIE2PSGenAsmWriter.inc...
[263/590] Building AIE2PSGenAsmMatcher.inc...
[264/590] Building AIE2PGenMemoryCycles.inc...
[265/590] Building AIE2PGenVarInstructionItin.inc...
[266/590] Building AIE2PGenSubtargetInfo.inc...
[267/590] Building AIE2PSGenDisassemblerTables.inc...
Decoding Conflict:
    .
    _  ABS
    _  ACQ_COND_mLockId_imm
    _  ACQ_COND_mLockId_reg
    _  ACQ_mLockId_imm
    _  ACQ_mLockId_reg
    _  ADC
    _  ADD_NC_add_lc_ri
    _  ADD_NC_alu_cg_or_alu_cg_le_rel
    _  ADD_NC_alu_cg_or_alu_cg_ls_rel
    _  ADD_add_r_ri
    _  ADD_alu_r_rr
    _  AND
    _  ASHL
    _  CLB
    _  CLZ
    _  DIVS
    _  DONE
    _  EQ
    _  EQZ
    _  EVENT_ERROR
    _  EVENT_WARNING
    _  EVENT_event0
    _  EVENT_event1
    _  EXTEND_s16
    _  EXTEND_s8
    _  EXTEND_u16
    _  EXTEND_u8
    _  GE
    _  GEU
    _  INVSQRT_nlf_invsqrt
    _  INVSQRT_nlf_invsqrt_mOptConv
    _  INVSQRT_nlf_invsqrt_mOptConvDel_mS3
    _  INVSQRT_nlf_invsqrt_mOptConvDel_mS3_mOptConv
    _  INV_nlf_inv
    _  INV_nlf_inv_mOptConv
    _  INV_nlf_inv_mOptConvDel_mS3
    _  INV_nlf_inv_mOptConvDel_mS3_mOptConv
    _  JL_alumv_or
    _  JNZD
    _  J_alumv_or
    _  LSHL
    _  LT
    _  LTU
    _  MAC
    _  MAX
    _  MAXU
    _  MIN
    _  MINU
    _  MOVX_alu_cg_or
    _  MOVX_mvx_cr_imm
    _  MOVX_mvx_cr_r
    _  MOV_alu_mv_alu_flt2fx
    _  MOV_alu_mv_alu_fx2flt
    _  MSC
    _  MUL
    _  NE
    _  NEZ
    _  NOPX
    _  OR
    _  POPCOUNT
    _  REL_COND_mLockId_imm
    _  REL_COND_mLockId_reg
    _  REL_mLockId_imm
    _  REL_mLockId_reg
    _  RET
    _  SBC
    _  SEL_EQZ
    _  SEL_NEZ
    _  SQRT_nlf_sqrt
    _  SQRT_nlf_sqrt_mOptConv
    _  SQRT_nlf_sqrt_mOptConvDel_mS3
    _  SQRT_nlf_sqrt_mOptConvDel_mS3_mOptConv
    _  SUB
    _  VCONV_fp32_bf16_alu
    _  VCONV_fp32_fp16_alu
    _  VMOV_0_mv_scd_cm
    _  VMOV_0_mv_scd_dm_imm
    _  VMOV_1_mv_scd_cm
    _  VMOV_1_mv_scd_dm_imm
    _  VMOV_2
    _  VMOV_3
    _  VMOV_alu_mv_alu_mv_scd_bm
    _  VMOV_alu_mv_alu_mv_scd_cmh_dyn
    _  VMOV_alu_mv_alu_mv_scd_cmh_reg
    _  VMOV_alu_mv_alu_mv_scd_cml_dyn
    _  VMOV_alu_mv_alu_mv_scd_cml_reg
    _  VMOV_alu_mv_alu_mv_scd_dm_dyn
    _  VMOV_alu_mv_alu_mv_scd_dm_reg
    _  VMOV_alu_mv_alu_mv_scd_x
    _  XOR
Decoding Conflict:
    .
    _  LDA_2D_dml_lda2_scalar_EE
    _  LDA_2D_dml_lda2_scalar_EG
    _  LDA_2D_dml_lda2_scalar_GG
    _  LDA_2D_dml_lda_scalar_F
    _  LDA_2D_dml_lda_scalar_L
    _  LDA_2D_dms_lda_g
    _  LDA_2D_dms_lda_scalar
    _  LDA_2D_dmv_lda_eg2
    _  LDA_2D_dmv_lda_f
    _  LDA_2D_dmv_lda_feg
    _  LDA_2D_s16
    _  LDA_2D_s8
    _  LDA_2D_u16
    _  LDA_2D_u8
    _  LDA_3D_dml_lda2_scalar_EE
    _  LDA_3D_dml_lda2_scalar_EG
    _  LDA_3D_dml_lda2_scalar_GG
    _  LDA_3D_dml_lda_scalar_F
    _  LDA_3D_dml_lda_scalar_L
    _  LDA_3D_dms_lda_g
    _  LDA_3D_dms_lda_scalar
    _  LDA_3D_dmv_lda_eg2
    _  LDA_3D_dmv_lda_f
    _  LDA_3D_dmv_lda_feg
    _  LDA_3D_s16
    _  LDA_3D_s8
    _  LDA_3D_u16
    _  LDA_3D_u8
    _  LDA_TM_2D
    _  LDA_TM_3D
    _  LDA_TM_idx
    _  LDA_TM_idx_imm
    _  LDA_TM_pstm_nrm
    _  LDA_TM_pstm_nrm_imm
    _  LDA_dml_lda2_scalar_EE_ld_idx
    _  LDA_dml_lda2_scalar_EE_ld_idx_imm
    _  LDA_dml_lda2_scalar_EE_ld_pstm_nrm
    _  LDA_dml_lda2_scalar_EE_ld_pstm_nrm_imm
    _  LDA_dml_lda2_scalar_EE_spill
    _  LDA_dml_lda2_scalar_EG_ld_idx
    _  LDA_dml_lda2_scalar_EG_ld_idx_imm
    _  LDA_dml_lda2_scalar_EG_ld_pstm_nrm
    _  LDA_dml_lda2_scalar_EG_ld_pstm_nrm_imm
    _  LDA_dml_lda2_scalar_EG_spill
    _  LDA_dml_lda2_scalar_GG_ld_idx
    _  LDA_dml_lda2_scalar_GG_ld_idx_imm
    _  LDA_dml_lda2_scalar_GG_ld_pstm_nrm
    _  LDA_dml_lda2_scalar_GG_ld_pstm_nrm_imm
    _  LDA_dml_lda2_scalar_GG_spill
    _  LDA_dml_lda_scalar_F_ld_idx
    _  LDA_dml_lda_scalar_F_ld_idx_imm
    _  LDA_dml_lda_scalar_F_ld_pstm_nrm
    _  LDA_dml_lda_scalar_F_ld_pstm_nrm_imm
    _  LDA_dml_lda_scalar_F_spill
    _  LDA_dml_lda_scalar_L_ld_idx
    _  LDA_dml_lda_scalar_L_ld_idx_imm
    _  LDA_dml_lda_scalar_L_ld_pstm_nrm
    _  LDA_dml_lda_scalar_L_ld_pstm_nrm_imm
    _  LDA_dml_lda_scalar_L_spill
    _  LDA_dms_lda_g_ld_idx
    _  LDA_dms_lda_g_ld_idx_imm
    _  LDA_dms_lda_g_ld_pstm_nrm
    _  LDA_dms_lda_g_ld_pstm_nrm_imm
    _  LDA_dms_lda_g_spill
    _  LDA_dms_lda_scalar_ld_idx
    _  LDA_dms_lda_scalar_ld_idx_imm
    _  LDA_dms_lda_scalar_ld_pstm_nrm
    _  LDA_dms_lda_scalar_ld_pstm_nrm_imm
    _  LDA_dms_lda_scalar_spill
    _  LDA_dmv_lda_eg2_ld_idx
    _  LDA_dmv_lda_eg2_ld_idx_imm
    _  LDA_dmv_lda_eg2_ld_pstm_nrm
    _  LDA_dmv_lda_eg2_ld_pstm_nrm_imm
    _  LDA_dmv_lda_eg2_spill
    _  LDA_dmv_lda_f_ld_idx
    _  LDA_dmv_lda_f_ld_idx_imm
    _  LDA_dmv_lda_f_ld_pstm_nrm
    _  LDA_dmv_lda_f_ld_pstm_nrm_imm
    _  LDA_dmv_lda_f_spill
    _  LDA_dmv_lda_feg_ld_idx
    _  LDA_dmv_lda_feg_ld_idx_imm
    _  LDA_dmv_lda_feg_ld_pstm_nrm
    _  LDA_dmv_lda_feg_ld_pstm_nrm_imm
    _  LDA_dmv_lda_feg_spill
    _  LDA_s16_idx
    _  LDA_s16_idx_imm
    _  LDA_s16_pstm_nrm
    _  LDA_s16_pstm_nrm_imm
    _  LDA_s8_idx
    _  LDA_s8_idx_imm
    _  LDA_s8_pstm_nrm
    _  LDA_s8_pstm_nrm_imm
    _  LDA_u16_idx
    _  LDA_u16_idx_imm
    _  LDA_u16_pstm_nrm
    _  LDA_u16_pstm_nrm_imm
    _  LDA_u8_idx
    _  LDA_u8_idx_imm
    _  LDA_u8_pstm_nrm
    _  LDA_u8_pstm_nrm_imm
    _  MOVA
    _  MOV_lda
    _  MOV_nb_lda
    _  NOPA
    _  PADDA_2D
    _  PADDA_3D
    _  PADDA_pstm_nrm
    _  PADDA_pstm_nrm_imm
    _  PADDXM_pstm_sp
    _  PADDXM_pstm_sp_imm
    _  ST_2D_s16
    _  ST_2D_s8
    _  ST_3D_s16
    _  ST_3D_s8
    _  ST_s16_idx
    _  ST_s16_idx_imm
    _  ST_s16_pstm_nrm
    _  ST_s16_pstm_nrm_imm
    _  ST_s8_idx
    _  ST_s8_idx_imm
    _  ST_s8_pstm_nrm
    _  ST_s8_pstm_nrm_imm
    _  VLDA_128_dmv_lda_w_idx
    _  VLDA_128_dmv_lda_w_idx_imm
    _  VLDA_128_dmv_lda_w_pstm_nrm
    _  VLDA_128_dmv_lda_w_pstm_nrm_imm
    _  VLDA_128_dmv_lda_w_spill
    _  VLDA_2D_128
    _  VLDA_2D_CONV_fp32_bf16_dmw_lda_ups_bf16
    _  VLDA_2D_CONV_fp32_bf16_dmx_lda_ups_f16
    _  VLDA_2D_CONV_fp32_fp16
    _  VLDA_2D_UPS_2x_dmw_lda_ups_w2b_upsSign0
    _  VLDA_2D_UPS_2x_dmw_lda_ups_w2b_upsSign1
    _  VLDA_2D_UPS_2x_dmx_lda_ups_x2c_upsSign0
    _  VLDA_2D_UPS_2x_dmx_lda_ups_x2c_upsSign1
    _  VLDA_2D_UPS_4x_dmw_lda_ups_w2c_upsSign0
    _  VLDA_2D_UPS_4x_dmw_lda_ups_w2c_upsSign1
    _  VLDA_2D_UPS_4x_dmx_lda_ups_x2d_upsSign0
    _  VLDA_2D_UPS_4x_dmx_lda_ups_x2d_upsSign1
    _  VLDA_2D_dmw_lda_feg2
    _  VLDA_2D_dmw_lda_w
    _  VLDA_2D_dmx_lda_bm
    _  VLDA_2D_dmx_lda_x
    _  VLDA_3D_128
    _  VLDA_3D_CONV_fp32_bf16_dmw_lda_ups_bf16
    _  VLDA_3D_CONV_fp32_bf16_dmx_lda_ups_f16
    _  VLDA_3D_CONV_fp32_fp16
    _  VLDA_3D_UPS_2x_dmw_lda_ups_w2b_upsSign0
    _  VLDA_3D_UPS_2x_dmw_lda_ups_w2b_upsSign1
    _  VLDA_3D_UPS_2x_dmx_lda_ups_x2c_upsSign0
    _  VLDA_3D_UPS_2x_dmx_lda_ups_x2c_upsSign1
    _  VLDA_3D_UPS_4x_dmw_lda_ups_w2c_upsSign0
    _  VLDA_3D_UPS_4x_dmw_lda_ups_w2c_upsSign1
    _  VLDA_3D_UPS_4x_dmx_lda_ups_x2d_upsSign0
    _  VLDA_3D_UPS_4x_dmx_lda_ups_x2d_upsSign1
    _  VLDA_3D_dmw_lda_feg2
    _  VLDA_3D_dmw_lda_w
    _  VLDA_3D_dmx_lda_bm
    _  VLDA_3D_dmx_lda_x
    _  VLDA_CONV_fp32_bf16_dmw_lda_ups_bf16_idx
    _  VLDA_CONV_fp32_bf16_dmw_lda_ups_bf16_idx_imm
    _  VLDA_CONV_fp32_bf16_dmw_lda_ups_bf16_pstm_nrm
    _  VLDA_CONV_fp32_bf16_dmw_lda_ups_bf16_pstm_nrm_imm
    _  VLDA_CONV_fp32_bf16_dmx_lda_ups_f16_idx
    _  VLDA_CONV_fp32_bf16_dmx_lda_ups_f16_idx_imm
    _  VLDA_CONV_fp32_bf16_dmx_lda_ups_f16_pstm_nrm
    _  VLDA_CONV_fp32_bf16_dmx_lda_ups_f16_pstm_nrm_imm
    _  VLDA_CONV_fp32_fp16_idx
    _  VLDA_CONV_fp32_fp16_idx_imm
    _  VLDA_CONV_fp32_fp16_pstm_nrm
    _  VLDA_CONV_fp32_fp16_pstm_nrm_imm
    _  VLDA_FILL
    _  VLDA_POP_2D_dmx_lda_fifo_ex_bfp16
    _  VLDA_POP_2D_dmx_lda_fifo_fex_bfp13
    _  VLDA_POP_2D_dmx_lda_fifo_x
    _  VLDA_POP_3D_dmx_lda_fifo_ex_bfp16
    _  VLDA_POP_3D_dmx_lda_fifo_fex_bfp13
    _  VLDA_POP_3D_dmx_lda_fifo_x
    _  VLDA_POP_dmx_lda_fifo_ex_bfp16_fifo_1d_pop
    _  VLDA_POP_dmx_lda_fifo_ex_bfp16_normal_pop
    _  VLDA_POP_dmx_lda_fifo_fex_bfp13_fifo_1d_pop
    _  VLDA_POP_dmx_lda_fifo_fex_bfp13_normal_pop
    _  VLDA_POP_dmx_lda_fifo_x_fifo_1d_pop
    _  VLDA_POP_dmx_lda_fifo_x_normal_pop
    _  VLDA_POP_mx4_2D
    _  VLDA_POP_mx4_3D
    _  VLDA_POP_mx4_fifo_1d_pop
    _  VLDA_POP_mx4_normal_pop
    _  VLDA_POP_s_2D
    _  VLDA_POP_s_3D
    _  VLDA_POP_s_fifo_1d_pop
    _  VLDA_POP_s_normal_pop
    _  VLDA_UPS_2x_dmw_lda_ups_w2b_idx_imm_upsSign0
    _  VLDA_UPS_2x_dmw_lda_ups_w2b_idx_imm_upsSign1
    _  VLDA_UPS_2x_dmw_lda_ups_w2b_idx_upsSign0
    _  VLDA_UPS_2x_dmw_lda_ups_w2b_idx_upsSign1
    _  VLDA_UPS_2x_dmw_lda_ups_w2b_pstm_nrm_imm_upsSign0
    _  VLDA_UPS_2x_dmw_lda_ups_w2b_pstm_nrm_imm_upsSign1
    _  VLDA_UPS_2x_dmw_lda_ups_w2b_pstm_nrm_upsSign0
    _  VLDA_UPS_2x_dmw_lda_ups_w2b_pstm_nrm_upsSign1
    _  VLDA_UPS_2x_dmx_lda_ups_x2c_idx_imm_upsSign0
    _  VLDA_UPS_2x_dmx_lda_ups_x2c_idx_imm_upsSign1
    _  VLDA_UPS_2x_dmx_lda_ups_x2c_idx_upsSign0
    _  VLDA_UPS_2x_dmx_lda_ups_x2c_idx_upsSign1
    _  VLDA_UPS_2x_dmx_lda_ups_x2c_pstm_nrm_imm_upsSign0
    _  VLDA_UPS_2x_dmx_lda_ups_x2c_pstm_nrm_imm_upsSign1
    _  VLDA_UPS_2x_dmx_lda_ups_x2c_pstm_nrm_upsSign0
    _  VLDA_UPS_2x_dmx_lda_ups_x2c_pstm_nrm_upsSign1
    _  VLDA_UPS_4x_dmw_lda_ups_w2c_idx_imm_upsSign0
    _  VLDA_UPS_4x_dmw_lda_ups_w2c_idx_imm_upsSign1
    _  VLDA_UPS_4x_dmw_lda_ups_w2c_idx_upsSign0
    _  VLDA_UPS_4x_dmw_lda_ups_w2c_idx_upsSign1
    _  VLDA_UPS_4x_dmw_lda_ups_w2c_pstm_nrm_imm_upsSign0
    _  VLDA_UPS_4x_dmw_lda_ups_w2c_pstm_nrm_imm_upsSign1
    _  VLDA_UPS_4x_dmw_lda_ups_w2c_pstm_nrm_upsSign0
    _  VLDA_UPS_4x_dmw_lda_ups_w2c_pstm_nrm_upsSign1
    _  VLDA_UPS_4x_dmx_lda_ups_x2d_idx_imm_upsSign0
    _  VLDA_UPS_4x_dmx_lda_ups_x2d_idx_imm_upsSign1
    _  VLDA_UPS_4x_dmx_lda_ups_x2d_idx_upsSign0
    _  VLDA_UPS_4x_dmx_lda_ups_x2d_idx_upsSign1
    _  VLDA_UPS_4x_dmx_lda_ups_x2d_pstm_nrm_imm_upsSign0
    _  VLDA_UPS_4x_dmx_lda_ups_x2d_pstm_nrm_imm_upsSign1
    _  VLDA_UPS_4x_dmx_lda_ups_x2d_pstm_nrm_upsSign0
    _  VLDA_UPS_4x_dmx_lda_ups_x2d_pstm_nrm_upsSign1
    _  VLDA_dmw_lda_feg2_ld_idx
    _  VLDA_dmw_lda_feg2_ld_idx_imm
    _  VLDA_dmw_lda_feg2_ld_pstm_nrm
    _  VLDA_dmw_lda_feg2_ld_pstm_nrm_imm
    _  VLDA_dmw_lda_feg2_spill
    _  VLDA_dmw_lda_w_ld_idx
    _  VLDA_dmw_lda_w_ld_idx_imm
    _  VLDA_dmw_lda_w_ld_pstm_nrm
    _  VLDA_dmw_lda_w_ld_pstm_nrm_imm
    _  VLDA_dmw_lda_w_spill
    _  VLDA_dmx_lda_bm_ld_idx
    _  VLDA_dmx_lda_bm_ld_idx_imm
    _  VLDA_dmx_lda_bm_ld_pstm_nrm
    _  VLDA_dmx_lda_bm_ld_pstm_nrm_imm
    _  VLDA_dmx_lda_bm_spill
    _  VLDA_dmx_lda_x_ld_idx
    _  VLDA_dmx_lda_x_ld_idx_imm
    _  VLDA_dmx_lda_x_ld_pstm_nrm
    _  VLDA_dmx_lda_x_ld_pstm_nrm_imm
    _  VLDA_dmx_lda_x_spill
Decoding Conflict:
    .
    _  NOPB
    _  PADDB_2D
    _  PADDB_3D
    _  PADDB_pstm_nrm
    _  PADDB_pstm_nrm_imm
    _  VLDB_128_idx
    _  VLDB_128_idx_imm
    _  VLDB_128_pstm_nrm
    _  VLDB_128_pstm_nrm_imm
    _  VLDB_2D_128
    _  VLDB_2D_UNPACK_dmw_ldb_unpack_unpackSign0
    _  VLDB_2D_UNPACK_dmw_ldb_unpack_unpackSign1
    _  VLDB_2D_UNPACK_dmx_ldb_unpack_unpackSign0
    _  VLDB_2D_UNPACK_dmx_ldb_unpack_unpackSign1
    _  VLDB_2D_dmw_ldb
    _  VLDB_2D_dmx_ldb_x
    _  VLDB_3D_128
    _  VLDB_3D_UNPACK_dmw_ldb_unpack_unpackSign0
    _  VLDB_3D_UNPACK_dmw_ldb_unpack_unpackSign1
    _  VLDB_3D_UNPACK_dmx_ldb_unpack_unpackSign0
    _  VLDB_3D_UNPACK_dmx_ldb_unpack_unpackSign1
    _  VLDB_3D_dmw_ldb
    _  VLDB_3D_dmx_ldb_x
    _  VLDB_4x16_hi
    _  VLDB_4x16_lo
    _  VLDB_4x32_hi
    _  VLDB_4x32_lo
    _  VLDB_4x64_hi
    _  VLDB_4x64_lo
    _  VLDB_FILL
    _  VLDB_FILLX
    _  VLDB_POPX
    _  VLDB_POP_2D_dmx_ldb_fifo_ex_bfp16
    _  VLDB_POP_2D_dmx_ldb_fifo_fex_bfp13
    _  VLDB_POP_2D_dmx_ldb_fifo_x
    _  VLDB_POP_3D_dmx_ldb_fifo_ex_bfp16
    _  VLDB_POP_3D_dmx_ldb_fifo_fex_bfp13
    _  VLDB_POP_3D_dmx_ldb_fifo_x
    _  VLDB_POP_dmx_ldb_fifo_ex_bfp16_fifo_1d_pop
    _  VLDB_POP_dmx_ldb_fifo_ex_bfp16_normal_pop
    _  VLDB_POP_dmx_ldb_fifo_fex_bfp13_fifo_1d_pop
    _  VLDB_POP_dmx_ldb_fifo_fex_bfp13_normal_pop
    _  VLDB_POP_dmx_ldb_fifo_x_fifo_1d_pop
    _  VLDB_POP_dmx_ldb_fifo_x_normal_pop
    _  VLDB_POP_mx4_2D
    _  VLDB_POP_mx4_3D
    _  VLDB_POP_mx4_fifo_1d_pop
    _  VLDB_POP_mx4_normal_pop
    _  VLDB_POP_s_2D
    _  VLDB_POP_s_3D
    _  VLDB_POP_s_fifo_1d_pop
    _  VLDB_POP_s_normal_pop
    _  VLDB_UNPACK_dmw_ldb_unpack_idx_imm_unpackSign0
    _  VLDB_UNPACK_dmw_ldb_unpack_idx_imm_unpackSign1
    _  VLDB_UNPACK_dmw_ldb_unpack_idx_unpackSign0
    _  VLDB_UNPACK_dmw_ldb_unpack_idx_unpackSign1
    _  VLDB_UNPACK_dmw_ldb_unpack_pstm_nrm_imm_unpackSign0
    _  VLDB_UNPACK_dmw_ldb_unpack_pstm_nrm_imm_unpackSign1
    _  VLDB_UNPACK_dmw_ldb_unpack_pstm_nrm_unpackSign0
    _  VLDB_UNPACK_dmw_ldb_unpack_pstm_nrm_unpackSign1
    _  VLDB_UNPACK_dmx_ldb_unpack_idx_imm_unpackSign0
    _  VLDB_UNPACK_dmx_ldb_unpack_idx_imm_unpackSign1
    _  VLDB_UNPACK_dmx_ldb_unpack_idx_unpackSign0
    _  VLDB_UNPACK_dmx_ldb_unpack_idx_unpackSign1
    _  VLDB_UNPACK_dmx_ldb_unpack_pstm_nrm_imm_unpackSign0
    _  VLDB_UNPACK_dmx_ldb_unpack_pstm_nrm_imm_unpackSign1
    _  VLDB_UNPACK_dmx_ldb_unpack_pstm_nrm_unpackSign0
    _  VLDB_UNPACK_dmx_ldb_unpack_pstm_nrm_unpackSign1
    _  VLDB_dmw_ldb_idx
    _  VLDB_dmw_ldb_idx_imm
    _  VLDB_dmw_ldb_pstm_nrm
    _  VLDB_dmw_ldb_pstm_nrm_imm
    _  VLDB_dmx_ldb_x_idx
    _  VLDB_dmx_ldb_x_idx_imm
    _  VLDB_dmx_ldb_x_pstm_nrm
    _  VLDB_dmx_ldb_x_pstm_nrm_imm
    _  VUNPACK_mv_unpack_w_unpackSign0
    _  VUNPACK_mv_unpack_w_unpackSign1
    _  VUNPACK_mv_unpack_x_unpackSign0
    _  VUNPACK_mv_unpack_x_unpackSign1
Decoding Conflict:
    .
    _  ADDXM_NC_lng_cg_le_rel
    _  ADDXM_NC_lng_cg_ls_rel
    _  JL_lng
    _  JNZ
    _  JZ
    _  J_lng
    _  MOVXM_lng_cg
    _  MOVXM_lng_cg_le_abs
    _  MOVXM_lng_cg_ls_abs
    _  NOPXM
Decoding Conflict:
    .
    _  ADDM_NC_mv_add_ri
    _  ADDM_NC_mv_add_rr
    _  ADDM_NC_mv_cg_or_mv_cg_le_rel
    _  ADDM_NC_mv_cg_or_mv_cg_ls_rel
    _  MOV_alu_mv_mv_mv_cg_or
    _  MOV_alu_mv_mv_mv_cntr2l
    _  MOV_alu_mv_mv_mv_e_mv_eh_to_eh
    _  MOV_alu_mv_mv_mv_e_mv_eh_to_el
    _  MOV_alu_mv_mv_mv_e_mv_eh_to_r
    _  MOV_alu_mv_mv_mv_e_mv_el_to_eh
    _  MOV_alu_mv_mv_mv_e_mv_el_to_el
    _  MOV_alu_mv_mv_mv_e_mv_el_to_r
    _  MOV_alu_mv_mv_mv_e_mv_r_to_eh
    _  MOV_alu_mv_mv_mv_e_mv_r_to_el
    _  MOV_alu_mv_mv_mv_g_mv_gh_to_gh
    _  MOV_alu_mv_mv_mv_g_mv_gh_to_gl
    _  MOV_alu_mv_mv_mv_g_mv_gh_to_r
    _  MOV_alu_mv_mv_mv_g_mv_gl_to_gh
    _  MOV_alu_mv_mv_mv_g_mv_gl_to_gl
    _  MOV_alu_mv_mv_mv_g_mv_gl_to_r
    _  MOV_alu_mv_mv_mv_g_mv_r_to_gh
    _  MOV_alu_mv_mv_mv_g_mv_r_to_gl
    _  MOV_alu_mv_mv_mv_r_sc
    _  MOV_alu_mv_mv_mv_sc_cg
    _  MOV_alu_mv_mv_mv_sc_r
    _  MOV_alu_mv_mv_mv_scl
    _  MOV_d1
    _  MOV_d2
    _  MOV_d3
    _  MOV_d4
    _  MOV_d5
    _  MOV_d6
    _  NOPM
    _  VABS_GTZ16_vaddSign0
    _  VABS_GTZ16_vaddSign1
    _  VABS_GTZ32_vaddSign0
    _  VABS_GTZ32_vaddSign1
    _  VABS_GTZ8_vaddSign0
    _  VABS_GTZ8_vaddSign1
    _  VADDSUB_16
    _  VADDSUB_32
    _  VADDSUB_8
    _  VADD_16
    _  VADD_32
    _  VADD_8
    _  VBAND
    _  VBCSTSHFL_16_vec_broadcast_shuffle_bm
    _  VBCSTSHFL_16_vec_broadcast_shuffle_x
    _  VBCSTSHFL_32_vec_broadcast_shuffle_bm
    _  VBCSTSHFL_32_vec_broadcast_shuffle_x
    _  VBCSTSHFL_64_vec_broadcast_shuffle_bm
    _  VBCSTSHFL_64_vec_broadcast_shuffle_x
    _  VBCSTSHFL_8_vec_broadcast_shuffle_bm
    _  VBCSTSHFL_8_vec_broadcast_shuffle_x
    _  VBCST_16
    _  VBCST_32
    _  VBCST_64
    _  VBCST_8
    _  VBNEG_LTZ_s16
    _  VBNEG_LTZ_s32
    _  VBNEG_LTZ_s8
    _  VBOR
    _  VCONV_fp32_bf16_mv_mv_w_ups_bf16
    _  VCONV_fp32_bf16_mv_mv_x_ups_f16
    _  VCONV_fp32_fp16_mv
    _  VEQZ_16
    _  VEQZ_32
    _  VEQZ_8
    _  VEXP2_bf16
    _  VEXP2_fp32
    _  VEXTBCSTSHFL_128
    _  VEXTBCSTSHFL_16
    _  VEXTBCSTSHFL_32
    _  VEXTBCSTSHFL_64
    _  VEXTBCST_128_vec_extract_broadcast_imm
    _  VEXTBCST_128_vec_extract_broadcast_r
    _  VEXTBCST_16_vec_extract_broadcast_imm
    _  VEXTBCST_16_vec_extract_broadcast_r
    _  VEXTBCST_32_vec_extract_broadcast_imm
    _  VEXTBCST_32_vec_extract_broadcast_r
    _  VEXTBCST_64_vec_extract_broadcast_imm
    _  VEXTBCST_64_vec_extract_broadcast_r
    _  VEXTBCST_8_vec_extract_broadcast_imm
    _  VEXTBCST_8_vec_extract_broadcast_r
    _  VEXTRACT_16_vec_extract_imm_vaddSign0
    _  VEXTRACT_16_vec_extract_imm_vaddSign1
    _  VEXTRACT_16_vec_extract_r_vaddSign0
    _  VEXTRACT_16_vec_extract_r_vaddSign1
    _  VEXTRACT_32_vec_extract_imm_vaddSign0
    _  VEXTRACT_32_vec_extract_imm_vaddSign1
    _  VEXTRACT_32_vec_extract_r_vaddSign0
    _  VEXTRACT_32_vec_extract_r_vaddSign1
    _  VEXTRACT_64_vec_extract_imm_vaddSign0
    _  VEXTRACT_64_vec_extract_imm_vaddSign1
    _  VEXTRACT_64_vec_extract_r_vaddSign0
    _  VEXTRACT_64_vec_extract_r_vaddSign1
    _  VEXTRACT_8_vec_extract_imm_vaddSign0
    _  VEXTRACT_8_vec_extract_imm_vaddSign1
    _  VEXTRACT_8_vec_extract_r_vaddSign0
    _  VEXTRACT_8_vec_extract_r_vaddSign1
    _  VGE_16_vaddSign0
    _  VGE_16_vaddSign1
    _  VGE_32_vaddSign0
    _  VGE_32_vaddSign1
    _  VGE_8_vaddSign0
    _  VGE_8_vaddSign1
    _  VGE_bf16
    _  VGE_bf8
    _  VGE_fp16
    _  VGE_fp8
    _  VINSERT_16_mIdxImm0
    _  VINSERT_16_mR29_insert
    _  VINSERT_32_mIdxImm0
    _  VINSERT_32_mR29_insert
    _  VINSERT_64_mIdxImm0
    _  VINSERT_64_mR29_insert
    _  VINSERT_8_mIdxImm0
    _  VINSERT_8_mR29_insert
    _  VLT_16_vaddSign0
    _  VLT_16_vaddSign1
    _  VLT_32_vaddSign0
    _  VLT_32_vaddSign1
    _  VLT_8_vaddSign0
    _  VLT_8_vaddSign1
    _  VLT_bf16
    _  VLT_bf8
    _  VLT_fp16
    _  VLT_fp8
    _  VMAXDIFF_LT_16_vaddSign0
    _  VMAXDIFF_LT_16_vaddSign1
    _  VMAXDIFF_LT_32_vaddSign0
    _  VMAXDIFF_LT_32_vaddSign1
    _  VMAXDIFF_LT_8_vaddSign0
    _  VMAXDIFF_LT_8_vaddSign1
    _  VMAX_LT_16_vaddSign0
    _  VMAX_LT_16_vaddSign1
    _  VMAX_LT_32_vaddSign0
    _  VMAX_LT_32_vaddSign1
    _  VMAX_LT_8_vaddSign0
    _  VMAX_LT_8_vaddSign1
    _  VMAX_LT_bf16
    _  VMAX_LT_bf8
    _  VMAX_LT_fp16
    _  VMAX_LT_fp8
    _  VMIN_GE_16_vaddSign0
    _  VMIN_GE_16_vaddSign1
    _  VMIN_GE_32_vaddSign0
    _  VMIN_GE_32_vaddSign1
    _  VMIN_GE_8_vaddSign0
    _  VMIN_GE_8_vaddSign1
    _  VMIN_GE_bf16
    _  VMIN_GE_bf8
    _  VMIN_GE_fp16
    _  VMIN_GE_fp8
    _  VMOV_alu_mv_mv_mv_cm
    _  VMOV_alu_mv_mv_mv_ee
    _  VMOV_alu_mv_mv_mv_eg
    _  VMOV_alu_mv_mv_mv_eg2
    _  VMOV_alu_mv_mv_mv_eg2_to_w
    _  VMOV_alu_mv_mv_mv_egw
    _  VMOV_alu_mv_mv_mv_egx
    _  VMOV_alu_mv_mv_mv_f
    _  VMOV_alu_mv_mv_mv_f_to_l
    _  VMOV_alu_mv_mv_mv_few
    _  VMOV_alu_mv_mv_mv_fex
    _  VMOV_alu_mv_mv_mv_ff
    _  VMOV_alu_mv_mv_mv_gg
    _  VMOV_alu_mv_mv_mv_l_to_f
    _  VMOV_alu_mv_mv_mv_w
    _  VMOV_alu_mv_mv_mv_w_to_eg2
    _  VMOV_alu_mv_mv_mv_x
    _  VNEG_GTZ_16
    _  VNEG_GTZ_32
    _  VNEG_GTZ_8
    _  VPUSH_hi_16
    _  VPUSH_hi_32
    _  VPUSH_hi_64
    _  VPUSH_hi_8
    _  VPUSH_lo_16
    _  VPUSH_lo_32
    _  VPUSH_lo_64
    _  VPUSH_lo_8
    _  VSEL_16
    _  VSEL_32
    _  VSEL_8
    _  VSHIFT
    _  VSHIFT_ALIGN
    _  VSHUFFLE_vec_shuffle_bm
    _  VSHUFFLE_vec_shuffle_egx
    _  VSHUFFLE_vec_shuffle_fex
    _  VSHUFFLE_vec_shuffle_x
    _  VSUB_16
    _  VSUB_32
    _  VSUB_8
    _  VSUB_GE_16_vaddSign0
    _  VSUB_GE_16_vaddSign1
    _  VSUB_GE_32_vaddSign0
    _  VSUB_GE_32_vaddSign1
    _  VSUB_GE_8_vaddSign0
    _  VSUB_GE_8_vaddSign1
    _  VSUB_LT_16_vaddSign0
    _  VSUB_LT_16_vaddSign1
    _  VSUB_LT_32_vaddSign0
    _  VSUB_LT_32_vaddSign1
    _  VSUB_LT_8_vaddSign0
    _  VSUB_LT_8_vaddSign1
    _  VTANH
    _  VUPS_2x_mv_ups_w2b_upsSign0
    _  VUPS_2x_mv_ups_w2b_upsSign1
    _  VUPS_2x_mv_ups_x2c_upsSign0
    _  VUPS_2x_mv_ups_x2c_upsSign1
    _  VUPS_4x_mv_ups_w2c_upsSign0
    _  VUPS_4x_mv_ups_w2c_upsSign1
    _  VUPS_4x_mv_ups_x2d_upsSign0
    _  VUPS_4x_mv_ups_x2d_upsSign1
Decoding Conflict:
    .
    _  MOVS
    _  MOV_CPH_mMStream_tlast_imm
    _  MOV_CPH_mMStream_tlast_reg
    _  MOV_CPH_nb_mMStream_tlast_imm
    _  MOV_CPH_nb_mMStream_tlast_reg
    _  MOV_CPH_nb_tlast
    _  MOV_CPH_tlast
    _  MOV_PH_mMStream_tlast_imm
    _  MOV_PH_mMStream_tlast_reg
    _  MOV_PH_nb_mMStream_tlast_imm
    _  MOV_PH_nb_mMStream_tlast_reg
    _  MOV_PH_nb_tlast
    _  MOV_PH_tlast
    _  MOV_nb_st_mMStream_tlast_imm
    _  MOV_nb_st_mMStream_tlast_reg
    _  MOV_nb_tlast
    _  MOV_st_mMStream_tlast_imm
    _  MOV_st_mMStream_tlast_reg
    _  MOV_tlast
    _  NOPS
    _  PADDS_2D
    _  PADDS_3D
    _  PADDS_pstm_nrm
    _  PADDS_pstm_nrm_imm
    _  ST_2D_dml_sts_scalar
    _  ST_2D_dms_sts_g
    _  ST_2D_dms_sts_scalar
    _  ST_2D_dmv_sts_f
    _  ST_3D_dml_sts_scalar
    _  ST_3D_dms_sts_g
    _  ST_3D_dms_sts_scalar
    _  ST_3D_dmv_sts_f
    _  ST_TM_2D
    _  ST_TM_3D
    _  ST_TM_idx
    _  ST_TM_idx_imm
    _  ST_TM_pstm_nrm
    _  ST_TM_pstm_nrm_imm
    _  ST_dml_sts_scalar_spill
    _  ST_dml_sts_scalar_st_idx
    _  ST_dml_sts_scalar_st_idx_imm
    _  ST_dml_sts_scalar_st_pstm_nrm
    _  ST_dml_sts_scalar_st_pstm_nrm_imm
    _  ST_dms_sts_g_spill
    _  ST_dms_sts_g_st_idx
    _  ST_dms_sts_g_st_idx_imm
    _  ST_dms_sts_g_st_pstm_nrm
    _  ST_dms_sts_g_st_pstm_nrm_imm
    _  ST_dms_sts_scalar_spill
    _  ST_dms_sts_scalar_st_idx
    _  ST_dms_sts_scalar_st_idx_imm
    _  ST_dms_sts_scalar_st_pstm_nrm
    _  ST_dms_sts_scalar_st_pstm_nrm_imm
    _  ST_dmv_sts_f_spill
    _  ST_dmv_sts_f_st_idx
    _  ST_dmv_sts_f_st_idx_imm
    _  ST_dmv_sts_f_st_pstm_nrm
    _  ST_dmv_sts_f_st_pstm_nrm_imm
    _  VCONV_bf16_fp32_mv_conv_mv_w_srs_bf16
    _  VCONV_bf16_fp32_mv_conv_mv_x_srs_bf16
    _  VCONV_bf16_fp32_mv_mcd_bf16_cm
    _  VCONV_bf8_fp32
    _  VCONV_fp16_fp32_mv_mcd_fp16_cm
    _  VCONV_fp16_fp32_mv_x_srs_fp16
    _  VCONV_fp8_fp32
    _  VCONV_mx4_fp32
    _  VCONV_mx6_fp32
    _  VCONV_mx9_fp32
    _  VCONV_s32_bf16_fp32
    _  VFLOOR_s32_bf16
    _  VMOV_st_mv_mcd_bm
    _  VMOV_st_mv_mcd_x
    _  VPACK_mv_pack_w_packSign0
    _  VPACK_mv_pack_w_packSign1
    _  VPACK_mv_pack_x_packSign0
    _  VPACK_mv_pack_x_packSign1
    _  VSRS_2x_mv_w_srs_bm_srsSign0
    _  VSRS_2x_mv_w_srs_bm_srsSign1
    _  VSRS_2x_mv_x_srs_cm_srsSign0
    _  VSRS_2x_mv_x_srs_cm_srsSign1
    _  VSRS_4x_mv_w_srs_cm_srsSign0
    _  VSRS_4x_mv_w_srs_cm_srsSign1
    _  VSRS_4x_mv_x_srs_dm_srsSign0
    _  VSRS_4x_mv_x_srs_dm_srsSign1
    _  VST_128_dmv_sts_eg_spill
    _  VST_128_dmv_sts_eg_st_idx
    _  VST_128_dmv_sts_eg_st_idx_imm
    _  VST_128_dmv_sts_eg_st_pstm_nrm
    _  VST_128_dmv_sts_eg_st_pstm_nrm_imm
    _  VST_128_dmv_sts_feg_spill
    _  VST_128_dmv_sts_feg_st_idx
    _  VST_128_dmv_sts_feg_st_idx_imm
    _  VST_128_dmv_sts_feg_st_pstm_nrm
    _  VST_128_dmv_sts_feg_st_pstm_nrm_imm
    _  VST_128_dmv_sts_w_spill
    _  VST_128_dmv_sts_w_st_idx
    _  VST_128_dmv_sts_w_st_idx_imm
    _  VST_128_dmv_sts_w_st_pstm_nrm
    _  VST_128_dmv_sts_w_st_pstm_nrm_imm
    _  VST_2D_128_dmv_sts_eg
    _  VST_2D_128_dmv_sts_feg
    _  VST_2D_128_dmv_sts_w
    _  VST_2D_CONV_bf16_fp32_dmw_sts_srs_bf16
    _  VST_2D_CONV_bf16_fp32_dmx_sts_srs_bf16
    _  VST_2D_CONV_bf8_fp32
    _  VST_2D_CONV_fp16_fp32
    _  VST_2D_CONV_fp8_fp32
    _  VST_2D_PACK_dmw_sts_pack_packSign0
    _  VST_2D_PACK_dmw_sts_pack_packSign1
    _  VST_2D_PACK_dmx_sts_pack_packSign0
    _  VST_2D_PACK_dmx_sts_pack_packSign1
    _  VST_2D_SRS_2x_dm_sts_srs_cm_srsSign0
    _  VST_2D_SRS_2x_dm_sts_srs_cm_srsSign1
    _  VST_2D_SRS_2x_dmw_sts_srs_bm_srsSign0
    _  VST_2D_SRS_2x_dmw_sts_srs_bm_srsSign1
    _  VST_2D_SRS_4x_dm_sts_srs_cm_srsSign0
    _  VST_2D_SRS_4x_dm_sts_srs_cm_srsSign1
    _  VST_2D_SRS_4x_dmx_sts_srs_dm_srsSign0
    _  VST_2D_SRS_4x_dmx_sts_srs_dm_srsSign1
    _  VST_2D_dmw_sts_feg2
    _  VST_2D_dmw_sts_w
    _  VST_2D_dmx_sts_bm
    _  VST_2D_dmx_sts_x
    _  VST_3D_128_dmv_sts_eg
    _  VST_3D_128_dmv_sts_feg
    _  VST_3D_128_dmv_sts_w
    _  VST_3D_CONV_bf16_fp32_dmw_sts_srs_bf16
    _  VST_3D_CONV_bf16_fp32_dmx_sts_srs_bf16
    _  VST_3D_CONV_bf8_fp32
    _  VST_3D_CONV_fp16_fp32
    _  VST_3D_CONV_fp8_fp32
    _  VST_3D_PACK_dmw_sts_pack_packSign0
    _  VST_3D_PACK_dmw_sts_pack_packSign1
    _  VST_3D_PACK_dmx_sts_pack_packSign0
    _  VST_3D_PACK_dmx_sts_pack_packSign1
    _  VST_3D_SRS_2x_dm_sts_srs_cm_srsSign0
    _  VST_3D_SRS_2x_dm_sts_srs_cm_srsSign1
    _  VST_3D_SRS_2x_dmw_sts_srs_bm_srsSign0
    _  VST_3D_SRS_2x_dmw_sts_srs_bm_srsSign1
    _  VST_3D_SRS_4x_dm_sts_srs_cm_srsSign0
    _  VST_3D_SRS_4x_dm_sts_srs_cm_srsSign1
    _  VST_3D_SRS_4x_dmx_sts_srs_dm_srsSign0
    _  VST_3D_SRS_4x_dmx_sts_srs_dm_srsSign1
    _  VST_3D_dmw_sts_feg2
    _  VST_3D_dmw_sts_w
    _  VST_3D_dmx_sts_bm
    _  VST_3D_dmx_sts_x
    _  VST_CONV_bf16_fp32_dmw_sts_srs_bf16_idx
    _  VST_CONV_bf16_fp32_dmw_sts_srs_bf16_idx_imm
    _  VST_CONV_bf16_fp32_dmw_sts_srs_bf16_pstm_nrm
    _  VST_CONV_bf16_fp32_dmw_sts_srs_bf16_pstm_nrm_imm
    _  VST_CONV_bf16_fp32_dmx_sts_srs_bf16_idx
    _  VST_CONV_bf16_fp32_dmx_sts_srs_bf16_idx_imm
    _  VST_CONV_bf16_fp32_dmx_sts_srs_bf16_pstm_nrm
    _  VST_CONV_bf16_fp32_dmx_sts_srs_bf16_pstm_nrm_imm
    _  VST_CONV_bf8_fp32_idx
    _  VST_CONV_bf8_fp32_idx_imm
    _  VST_CONV_bf8_fp32_pstm_nrm
    _  VST_CONV_bf8_fp32_pstm_nrm_imm
    _  VST_CONV_fp16_fp32_idx
    _  VST_CONV_fp16_fp32_idx_imm
    _  VST_CONV_fp16_fp32_pstm_nrm
    _  VST_CONV_fp16_fp32_pstm_nrm_imm
    _  VST_CONV_fp8_fp32_idx
    _  VST_CONV_fp8_fp32_idx_imm
    _  VST_CONV_fp8_fp32_pstm_nrm
    _  VST_CONV_fp8_fp32_pstm_nrm_imm
    _  VST_FLUSH_2D
    _  VST_FLUSH_3D
    _  VST_FLUSH_d_2D
    _  VST_FLUSH_d_3D
    _  VST_FLUSH_d_fifo_1d_flush
    _  VST_FLUSH_d_normal_flush
    _  VST_FLUSH_fifo_1d_flush
    _  VST_FLUSH_normal_flush
    _  VST_PACK_dmw_sts_pack_idx_imm_packSign0
    _  VST_PACK_dmw_sts_pack_idx_imm_packSign1
    _  VST_PACK_dmw_sts_pack_idx_packSign0
    _  VST_PACK_dmw_sts_pack_idx_packSign1
    _  VST_PACK_dmw_sts_pack_pstm_nrm_imm_packSign0
    _  VST_PACK_dmw_sts_pack_pstm_nrm_imm_packSign1
    _  VST_PACK_dmw_sts_pack_pstm_nrm_packSign0
    _  VST_PACK_dmw_sts_pack_pstm_nrm_packSign1
    _  VST_PACK_dmx_sts_pack_idx_imm_packSign0
    _  VST_PACK_dmx_sts_pack_idx_imm_packSign1
    _  VST_PACK_dmx_sts_pack_idx_packSign0
    _  VST_PACK_dmx_sts_pack_idx_packSign1
    _  VST_PACK_dmx_sts_pack_pstm_nrm_imm_packSign0
    _  VST_PACK_dmx_sts_pack_pstm_nrm_imm_packSign1
    _  VST_PACK_dmx_sts_pack_pstm_nrm_packSign0
    _  VST_PACK_dmx_sts_pack_pstm_nrm_packSign1
    _  VST_PUSH_256
    _  VST_PUSH_256_CONV_mx4_fp32
    _  VST_PUSH_384
    _  VST_PUSH_384_CONV_mx6_fp32
    _  VST_PUSH_512_dmx_sts_fifo_bare_fex_bfp11
    _  VST_PUSH_512_dmx_sts_fifo_bare_x
    _  VST_PUSH_576
    _  VST_PUSH_576_CONV_mx9_fp32
    _  VST_PUSH_768
    _  VST_SRS_2x_dm_sts_srs_cm_idx_imm_srsSign0
    _  VST_SRS_2x_dm_sts_srs_cm_idx_imm_srsSign1
    _  VST_SRS_2x_dm_sts_srs_cm_idx_srsSign0
    _  VST_SRS_2x_dm_sts_srs_cm_idx_srsSign1
    _  VST_SRS_2x_dm_sts_srs_cm_pstm_nrm_imm_srsSign0
    _  VST_SRS_2x_dm_sts_srs_cm_pstm_nrm_imm_srsSign1
    _  VST_SRS_2x_dm_sts_srs_cm_pstm_nrm_srsSign0
    _  VST_SRS_2x_dm_sts_srs_cm_pstm_nrm_srsSign1
    _  VST_SRS_2x_dmw_sts_srs_bm_idx_imm_srsSign0
    _  VST_SRS_2x_dmw_sts_srs_bm_idx_imm_srsSign1
    _  VST_SRS_2x_dmw_sts_srs_bm_idx_srsSign0
    _  VST_SRS_2x_dmw_sts_srs_bm_idx_srsSign1
    _  VST_SRS_2x_dmw_sts_srs_bm_pstm_nrm_imm_srsSign0
    _  VST_SRS_2x_dmw_sts_srs_bm_pstm_nrm_imm_srsSign1
    _  VST_SRS_2x_dmw_sts_srs_bm_pstm_nrm_srsSign0
    _  VST_SRS_2x_dmw_sts_srs_bm_pstm_nrm_srsSign1
    _  VST_SRS_4x_dm_sts_srs_cm_idx_imm_srsSign0
    _  VST_SRS_4x_dm_sts_srs_cm_idx_imm_srsSign1
    _  VST_SRS_4x_dm_sts_srs_cm_idx_srsSign0
    _  VST_SRS_4x_dm_sts_srs_cm_idx_srsSign1
    _  VST_SRS_4x_dm_sts_srs_cm_pstm_nrm_imm_srsSign0
    _  VST_SRS_4x_dm_sts_srs_cm_pstm_nrm_imm_srsSign1
    _  VST_SRS_4x_dm_sts_srs_cm_pstm_nrm_srsSign0
    _  VST_SRS_4x_dm_sts_srs_cm_pstm_nrm_srsSign1
    _  VST_SRS_4x_dmx_sts_srs_dm_idx_imm_srsSign0
    _  VST_SRS_4x_dmx_sts_srs_dm_idx_imm_srsSign1
    _  VST_SRS_4x_dmx_sts_srs_dm_idx_srsSign0
    _  VST_SRS_4x_dmx_sts_srs_dm_idx_srsSign1
    _  VST_SRS_4x_dmx_sts_srs_dm_pstm_nrm_imm_srsSign0
    _  VST_SRS_4x_dmx_sts_srs_dm_pstm_nrm_imm_srsSign1
    _  VST_SRS_4x_dmx_sts_srs_dm_pstm_nrm_srsSign0
    _  VST_SRS_4x_dmx_sts_srs_dm_pstm_nrm_srsSign1
    _  VST_dmw_sts_feg2_spill
    _  VST_dmw_sts_feg2_st_idx
    _  VST_dmw_sts_feg2_st_idx_imm
    _  VST_dmw_sts_feg2_st_pstm_nrm
    _  VST_dmw_sts_feg2_st_pstm_nrm_imm
    _  VST_dmw_sts_w_spill
    _  VST_dmw_sts_w_st_idx
    _  VST_dmw_sts_w_st_idx_imm
    _  VST_dmw_sts_w_st_pstm_nrm
    _  VST_dmw_sts_w_st_pstm_nrm_imm
    _  VST_dmx_sts_bm_spill
    _  VST_dmx_sts_bm_st_idx
    _  VST_dmx_sts_bm_st_idx_imm
    _  VST_dmx_sts_bm_st_pstm_nrm
    _  VST_dmx_sts_bm_st_pstm_nrm_imm
    _  VST_dmx_sts_x_spill
    _  VST_dmx_sts_x_st_idx
    _  VST_dmx_sts_x_st_idx_imm
    _  VST_dmx_sts_x_st_pstm_nrm
    _  VST_dmx_sts_x_st_pstm_nrm_imm
Decoding Conflict:
    .
    _  NOPV
    _  VADDMAC_f_vaddmac_bf_half_vmul_bf_core_X_R
    _  VADDMAC_f_vaddmac_bf_half_vmul_bf_core_X_Y
    _  VADDMAC_f_vaddmac_bf_half_vmul_bf_core_Y_QY
    _  VADDMAC_f_vaddmac_bf_half_vmul_bf_half_core_X_X
    _  VADDMAC_f_vaddmac_bf_scd_add_scd_incr_vmul_bf_core_X_QY
    _  VADDMAC_f_vaddmac_bf_scd_add_scd_incr_vmul_bf_core_X_X
    _  VADDMAC_f_vaddmac_bf_scd_add_scd_incr_vmul_bf_core_Y_R
    _  VADDMAC_f_vaddmac_bf_scd_add_scd_incr_vmul_bf_core_Y_Y
    _  VADDMAC_f_vaddmac_bf_scd_add_scd_noincr_vmul_bf_core_X_QY
    _  VADDMAC_f_vaddmac_bf_scd_add_scd_noincr_vmul_bf_core_X_X
    _  VADDMAC_f_vaddmac_bf_scd_add_scd_noincr_vmul_bf_core_Y_R
    _  VADDMAC_f_vaddmac_bf_scd_add_scd_noincr_vmul_bf_core_Y_Y
    _  VADDMAC_f_vaddmac_bf_scd_half_add_scd_incr_half_vmul_bf_core_X_R
    _  VADDMAC_f_vaddmac_bf_scd_half_add_scd_incr_half_vmul_bf_core_X_Y
    _  VADDMAC_f_vaddmac_bf_scd_half_add_scd_incr_half_vmul_bf_core_Y_QY
    _  VADDMAC_f_vaddmac_bf_scd_half_add_scd_incr_half_vmul_bf_half_core_X_X
    _  VADDMAC_f_vaddmac_bf_scd_half_add_scd_noincr_half_vmul_bf_core_X_R
    _  VADDMAC_f_vaddmac_bf_scd_half_add_scd_noincr_half_vmul_bf_core_X_Y
    _  VADDMAC_f_vaddmac_bf_scd_half_add_scd_noincr_half_vmul_bf_core_Y_QY
    _  VADDMAC_f_vaddmac_bf_scd_half_add_scd_noincr_half_vmul_bf_half_core_X_X
    _  VADDMAC_f_vaddmac_bf_vmul_bf_core_X_QY
    _  VADDMAC_f_vaddmac_bf_vmul_bf_core_X_X
    _  VADDMAC_f_vaddmac_bf_vmul_bf_core_Y_R
    _  VADDMAC_f_vaddmac_bf_vmul_bf_core_Y_Y
    _  VADDMAC_f_vaddmac_bfp13
    _  VADDMAC_f_vaddmac_bfp13_scd_add_scd_incr
    _  VADDMAC_f_vaddmac_bfp13_scd_add_scd_noincr
    _  VADDMAC_f_vaddmac_bfp16
    _  VADDMAC_f_vaddmac_bfp16_scd_add_scd_incr
    _  VADDMAC_f_vaddmac_bfp16_scd_add_scd_noincr
    _  VADDMAC_vaddmac_half_vmul_cm_half_core_X_QX
    _  VADDMAC_vaddmac_half_vmul_cm_half_core_X_R
    _  VADDMAC_vaddmac_half_vmul_cm_half_core_X_X
    _  VADDMAC_vaddmac_scd_add_scd_incr_vmul_cm_core_X_QX
    _  VADDMAC_vaddmac_scd_add_scd_incr_vmul_cm_core_X_QY
    _  VADDMAC_vaddmac_scd_add_scd_incr_vmul_cm_core_X_R
    _  VADDMAC_vaddmac_scd_add_scd_incr_vmul_cm_core_X_X
    _  VADDMAC_vaddmac_scd_add_scd_incr_vmul_cm_core_X_Y
    _  VADDMAC_vaddmac_scd_add_scd_incr_vmul_cm_core_Y_QX
    _  VADDMAC_vaddmac_scd_add_scd_incr_vmul_cm_core_Y_R
    _  VADDMAC_vaddmac_scd_add_scd_incr_vmul_cm_core_Y_X
    _  VADDMAC_vaddmac_scd_add_scd_incr_vmul_cm_core_Y_Y
    _  VADDMAC_vaddmac_scd_add_scd_noincr_vmul_cm_core_X_QX
    _  VADDMAC_vaddmac_scd_add_scd_noincr_vmul_cm_core_X_QY
    _  VADDMAC_vaddmac_scd_add_scd_noincr_vmul_cm_core_X_R
    _  VADDMAC_vaddmac_scd_add_scd_noincr_vmul_cm_core_X_X
    _  VADDMAC_vaddmac_scd_add_scd_noincr_vmul_cm_core_X_Y
    _  VADDMAC_vaddmac_scd_add_scd_noincr_vmul_cm_core_Y_QX
    _  VADDMAC_vaddmac_scd_add_scd_noincr_vmul_cm_core_Y_R
    _  VADDMAC_vaddmac_scd_add_scd_noincr_vmul_cm_core_Y_X
    _  VADDMAC_vaddmac_scd_add_scd_noincr_vmul_cm_core_Y_Y
    _  VADDMAC_vaddmac_scd_half_add_scd_incr_half_vmul_cm_half_core_X_QX
    _  VADDMAC_vaddmac_scd_half_add_scd_incr_half_vmul_cm_half_core_X_R
    _  VADDMAC_vaddmac_scd_half_add_scd_incr_half_vmul_cm_half_core_X_X
    _  VADDMAC_vaddmac_scd_half_add_scd_noincr_half_vmul_cm_half_core_X_QX
    _  VADDMAC_vaddmac_scd_half_add_scd_noincr_half_vmul_cm_half_core_X_R
    _  VADDMAC_vaddmac_scd_half_add_scd_noincr_half_vmul_cm_half_core_X_X
    _  VADDMAC_vaddmac_vmul_cm_core_X_QX
    _  VADDMAC_vaddmac_vmul_cm_core_X_QY
    _  VADDMAC_vaddmac_vmul_cm_core_X_R
    _  VADDMAC_vaddmac_vmul_cm_core_X_X
    _  VADDMAC_vaddmac_vmul_cm_core_X_Y
    _  VADDMAC_vaddmac_vmul_cm_core_Y_QX
    _  VADDMAC_vaddmac_vmul_cm_core_Y_R
    _  VADDMAC_vaddmac_vmul_cm_core_Y_X
    _  VADDMAC_vaddmac_vmul_cm_core_Y_Y
    _  VADDMSC_f_vaddmac_bf_half_vmul_bf_core_X_R
    _  VADDMSC_f_vaddmac_bf_half_vmul_bf_core_X_Y
    _  VADDMSC_f_vaddmac_bf_half_vmul_bf_core_Y_QY
    _  VADDMSC_f_vaddmac_bf_half_vmul_bf_half_core_X_X
    _  VADDMSC_f_vaddmac_bf_scd_add_scd_incr_vmul_bf_core_X_QY
    _  VADDMSC_f_vaddmac_bf_scd_add_scd_incr_vmul_bf_core_X_X
    _  VADDMSC_f_vaddmac_bf_scd_add_scd_incr_vmul_bf_core_Y_R
    _  VADDMSC_f_vaddmac_bf_scd_add_scd_incr_vmul_bf_core_Y_Y
    _  VADDMSC_f_vaddmac_bf_scd_add_scd_noincr_vmul_bf_core_X_QY
    _  VADDMSC_f_vaddmac_bf_scd_add_scd_noincr_vmul_bf_core_X_X
    _  VADDMSC_f_vaddmac_bf_scd_add_scd_noincr_vmul_bf_core_Y_R
    _  VADDMSC_f_vaddmac_bf_scd_add_scd_noincr_vmul_bf_core_Y_Y
    _  VADDMSC_f_vaddmac_bf_scd_half_add_scd_incr_half_vmul_bf_core_X_R
    _  VADDMSC_f_vaddmac_bf_scd_half_add_scd_incr_half_vmul_bf_core_X_Y
    _  VADDMSC_f_vaddmac_bf_scd_half_add_scd_incr_half_vmul_bf_core_Y_QY
    _  VADDMSC_f_vaddmac_bf_scd_half_add_scd_incr_half_vmul_bf_half_core_X_X
    _  VADDMSC_f_vaddmac_bf_scd_half_add_scd_noincr_half_vmul_bf_core_X_R
    _  VADDMSC_f_vaddmac_bf_scd_half_add_scd_noincr_half_vmul_bf_core_X_Y
    _  VADDMSC_f_vaddmac_bf_scd_half_add_scd_noincr_half_vmul_bf_core_Y_QY
    _  VADDMSC_f_vaddmac_bf_scd_half_add_scd_noincr_half_vmul_bf_half_core_X_X
    _  VADDMSC_f_vaddmac_bf_vmul_bf_core_X_QY
    _  VADDMSC_f_vaddmac_bf_vmul_bf_core_X_X
    _  VADDMSC_f_vaddmac_bf_vmul_bf_core_Y_R
    _  VADDMSC_f_vaddmac_bf_vmul_bf_core_Y_Y
    _  VADDMSC_f_vaddmac_bfp13
    _  VADDMSC_f_vaddmac_bfp13_scd_add_scd_incr
    _  VADDMSC_f_vaddmac_bfp13_scd_add_scd_noincr
    _  VADDMSC_f_vaddmac_bfp16
    _  VADDMSC_f_vaddmac_bfp16_scd_add_scd_incr
    _  VADDMSC_f_vaddmac_bfp16_scd_add_scd_noincr
    _  VADDMSC_vaddmac_half_vmul_cm_half_core_X_QX
    _  VADDMSC_vaddmac_half_vmul_cm_half_core_X_R
    _  VADDMSC_vaddmac_half_vmul_cm_half_core_X_X
    _  VADDMSC_vaddmac_scd_add_scd_incr_vmul_cm_core_X_QX
    _  VADDMSC_vaddmac_scd_add_scd_incr_vmul_cm_core_X_QY
    _  VADDMSC_vaddmac_scd_add_scd_incr_vmul_cm_core_X_R
    _  VADDMSC_vaddmac_scd_add_scd_incr_vmul_cm_core_X_X
    _  VADDMSC_vaddmac_scd_add_scd_incr_vmul_cm_core_X_Y
    _  VADDMSC_vaddmac_scd_add_scd_incr_vmul_cm_core_Y_QX
    _  VADDMSC_vaddmac_scd_add_scd_incr_vmul_cm_core_Y_R
    _  VADDMSC_vaddmac_scd_add_scd_incr_vmul_cm_core_Y_X
    _  VADDMSC_vaddmac_scd_add_scd_incr_vmul_cm_core_Y_Y
    _  VADDMSC_vaddmac_scd_add_scd_noincr_vmul_cm_core_X_QX
    _  VADDMSC_vaddmac_scd_add_scd_noincr_vmul_cm_core_X_QY
    _  VADDMSC_vaddmac_scd_add_scd_noincr_vmul_cm_core_X_R
    _  VADDMSC_vaddmac_scd_add_scd_noincr_vmul_cm_core_X_X
    _  VADDMSC_vaddmac_scd_add_scd_noincr_vmul_cm_core_X_Y
    _  VADDMSC_vaddmac_scd_add_scd_noincr_vmul_cm_core_Y_QX
    _  VADDMSC_vaddmac_scd_add_scd_noincr_vmul_cm_core_Y_R
    _  VADDMSC_vaddmac_scd_add_scd_noincr_vmul_cm_core_Y_X
    _  VADDMSC_vaddmac_scd_add_scd_noincr_vmul_cm_core_Y_Y
    _  VADDMSC_vaddmac_scd_half_add_scd_incr_half_vmul_cm_half_core_X_QX
    _  VADDMSC_vaddmac_scd_half_add_scd_incr_half_vmul_cm_half_core_X_R
    _  VADDMSC_vaddmac_scd_half_add_scd_incr_half_vmul_cm_half_core_X_X
    _  VADDMSC_vaddmac_scd_half_add_scd_noincr_half_vmul_cm_half_core_X_QX
    _  VADDMSC_vaddmac_scd_half_add_scd_noincr_half_vmul_cm_half_core_X_R
    _  VADDMSC_vaddmac_scd_half_add_scd_noincr_half_vmul_cm_half_core_X_X
    _  VADDMSC_vaddmac_vmul_cm_core_X_QX
    _  VADDMSC_vaddmac_vmul_cm_core_X_QY
    _  VADDMSC_vaddmac_vmul_cm_core_X_R
    _  VADDMSC_vaddmac_vmul_cm_core_X_X
    _  VADDMSC_vaddmac_vmul_cm_core_X_Y
    _  VADDMSC_vaddmac_vmul_cm_core_Y_QX
    _  VADDMSC_vaddmac_vmul_cm_core_Y_R
    _  VADDMSC_vaddmac_vmul_cm_core_Y_X
    _  VADDMSC_vaddmac_vmul_cm_core_Y_Y
    _  VADD_f_vacc_fp
    _  VADD_f_vacc_fp_scd_add_scd_incr
    _  VADD_f_vacc_fp_scd_add_scd_noincr
    _  VADD_f_vacc_half_fp
    _  VADD_f_vacc_half_fp_scd_add_scd_incr_half
    _  VADD_f_vacc_half_fp_scd_add_scd_noincr_half
    _  VADD_mx6_vacc_fp_bfp13
    _  VADD_mx6_vacc_fp_bfp13_scd_add_scd_incr
    _  VADD_mx6_vacc_fp_bfp13_scd_add_scd_noincr
    _  VADD_mx6_vacc_half_fp_bfp13
    _  VADD_mx6_vacc_half_fp_bfp13_scd_add_scd_incr_half
    _  VADD_mx6_vacc_half_fp_bfp13_scd_add_scd_noincr_half
    _  VADD_vacc
    _  VADD_vacc_half
    _  VADD_vacc_scd_add_scd_incr
    _  VADD_vacc_scd_add_scd_noincr
    _  VADD_vacc_scd_half_add_scd_incr_half
    _  VADD_vacc_scd_half_add_scd_noincr_half
    _  VCLR_f_vclr_fp
    _  VCLR_f_vclr_half_fp
    _  VCLR_vclr
    _  VCLR_vclr_half
    _  VMAC_f_vmac_bf_half_vmul_bf_core_X_R
    _  VMAC_f_vmac_bf_half_vmul_bf_core_X_Y
    _  VMAC_f_vmac_bf_half_vmul_bf_core_Y_QY
    _  VMAC_f_vmac_bf_half_vmul_bf_half_core_X_X
    _  VMAC_f_vmac_bf_vmul_bf_core_X_QY
    _  VMAC_f_vmac_bf_vmul_bf_core_X_X
    _  VMAC_f_vmac_bf_vmul_bf_core_Y_R
    _  VMAC_f_vmac_bf_vmul_bf_core_Y_Y
    _  VMAC_f_vmac_bfp13
    _  VMAC_f_vmac_bfp16
    _  VMAC_vmac_half_vmul_cm_half_core_X_QX
    _  VMAC_vmac_half_vmul_cm_half_core_X_R
    _  VMAC_vmac_half_vmul_cm_half_core_X_X
    _  VMAC_vmac_vmul_cm_core_X_QX
    _  VMAC_vmac_vmul_cm_core_X_QY
    _  VMAC_vmac_vmul_cm_core_X_R
    _  VMAC_vmac_vmul_cm_core_X_X
    _  VMAC_vmac_vmul_cm_core_X_Y
    _  VMAC_vmac_vmul_cm_core_Y_QX
    _  VMAC_vmac_vmul_cm_core_Y_R
    _  VMAC_vmac_vmul_cm_core_Y_X
    _  VMAC_vmac_vmul_cm_core_Y_Y
    _  VMOV_D_vmov
    _  VMOV_D_vmov_half
    _  VMSC_f_vmac_bf_half_vmul_bf_core_X_R
    _  VMSC_f_vmac_bf_half_vmul_bf_core_X_Y
    _  VMSC_f_vmac_bf_half_vmul_bf_core_Y_QY
    _  VMSC_f_vmac_bf_half_vmul_bf_half_core_X_X
    _  VMSC_f_vmac_bf_vmul_bf_core_X_QY
    _  VMSC_f_vmac_bf_vmul_bf_core_X_X
    _  VMSC_f_vmac_bf_vmul_bf_core_Y_R
    _  VMSC_f_vmac_bf_vmul_bf_core_Y_Y
    _  VMSC_f_vmac_bfp13
    _  VMSC_f_vmac_bfp16
    _  VMSC_vmac_half_vmul_cm_half_core_X_QX
    _  VMSC_vmac_half_vmul_cm_half_core_X_R
    _  VMSC_vmac_half_vmul_cm_half_core_X_X
    _  VMSC_vmac_vmul_cm_core_X_QX
    _  VMSC_vmac_vmul_cm_core_X_QY
    _  VMSC_vmac_vmul_cm_core_X_R
    _  VMSC_vmac_vmul_cm_core_X_X
    _  VMSC_vmac_vmul_cm_core_X_Y
    _  VMSC_vmac_vmul_cm_core_Y_QX
    _  VMSC_vmac_vmul_cm_core_Y_R
    _  VMSC_vmac_vmul_cm_core_Y_X
    _  VMSC_vmac_vmul_cm_core_Y_Y
    _  VMUL_f_vmul_bf_half_vmul_bf_core_X_R
    _  VMUL_f_vmul_bf_half_vmul_bf_core_X_Y
    _  VMUL_f_vmul_bf_half_vmul_bf_core_Y_QY
    _  VMUL_f_vmul_bf_half_vmul_bf_half_core_X_X
    _  VMUL_f_vmul_bf_vmul_bf_core_X_QY
    _  VMUL_f_vmul_bf_vmul_bf_core_X_X
    _  VMUL_f_vmul_bf_vmul_bf_core_Y_R
    _  VMUL_f_vmul_bf_vmul_bf_core_Y_Y
    _  VMUL_f_vmul_bfp13
    _  VMUL_f_vmul_bfp16
    _  VMUL_vmul_half_vmul_cm_half_core_X_QX
    _  VMUL_vmul_half_vmul_cm_half_core_X_R
    _  VMUL_vmul_half_vmul_cm_half_core_X_X
    _  VMUL_vmul_vmul_cm_core_X_QX
    _  VMUL_vmul_vmul_cm_core_X_QY
    _  VMUL_vmul_vmul_cm_core_X_R
    _  VMUL_vmul_vmul_cm_core_X_X
    _  VMUL_vmul_vmul_cm_core_X_Y
    _  VMUL_vmul_vmul_cm_core_Y_QX
    _  VMUL_vmul_vmul_cm_core_Y_R
    _  VMUL_vmul_vmul_cm_core_Y_X
    _  VMUL_vmul_vmul_cm_core_Y_Y
    _  VNEGMUL_f_vmul_bf_half_vmul_bf_core_X_R
    _  VNEGMUL_f_vmul_bf_half_vmul_bf_core_X_Y
    _  VNEGMUL_f_vmul_bf_half_vmul_bf_core_Y_QY
    _  VNEGMUL_f_vmul_bf_half_vmul_bf_half_core_X_X
    _  VNEGMUL_f_vmul_bf_vmul_bf_core_X_QY
    _  VNEGMUL_f_vmul_bf_vmul_bf_core_X_X
    _  VNEGMUL_f_vmul_bf_vmul_bf_core_Y_R
    _  VNEGMUL_f_vmul_bf_vmul_bf_core_Y_Y
    _  VNEGMUL_f_vmul_bfp13
    _  VNEGMUL_f_vmul_bfp16
    _  VNEGMUL_vmul_half_vmul_cm_half_core_X_QX
    _  VNEGMUL_vmul_half_vmul_cm_half_core_X_R
    _  VNEGMUL_vmul_half_vmul_cm_half_core_X_X
    _  VNEGMUL_vmul_vmul_cm_core_X_QX
    _  VNEGMUL_vmul_vmul_cm_core_X_QY
    _  VNEGMUL_vmul_vmul_cm_core_X_R
    _  VNEGMUL_vmul_vmul_cm_core_X_X
    _  VNEGMUL_vmul_vmul_cm_core_X_Y
    _  VNEGMUL_vmul_vmul_cm_core_Y_QX
    _  VNEGMUL_vmul_vmul_cm_core_Y_R
    _  VNEGMUL_vmul_vmul_cm_core_Y_X
    _  VNEGMUL_vmul_vmul_cm_core_Y_Y
    _  VNEG_f_vneg_fp
    _  VNEG_f_vneg_half_fp
    _  VNEG_mx6_vneg_fp_bfp13
    _  VNEG_mx6_vneg_half_fp_bfp13
    _  VNEG_vneg
    _  VNEG_vneg_half
    _  VSUB_f_vacc_fp
    _  VSUB_f_vacc_fp_scd_add_scd_incr
    _  VSUB_f_vacc_fp_scd_add_scd_noincr
    _  VSUB_f_vacc_half_fp
    _  VSUB_f_vacc_half_fp_scd_add_scd_incr_half
    _  VSUB_f_vacc_half_fp_scd_add_scd_noincr_half
    _  VSUB_mx6_vacc_fp_bfp13
    _  VSUB_mx6_vacc_fp_bfp13_scd_add_scd_incr
    _  VSUB_mx6_vacc_fp_bfp13_scd_add_scd_noincr
    _  VSUB_mx6_vacc_half_fp_bfp13
    _  VSUB_mx6_vacc_half_fp_bfp13_scd_add_scd_incr_half
    _  VSUB_mx6_vacc_half_fp_bfp13_scd_add_scd_noincr_half
    _  VSUB_vacc
    _  VSUB_vacc_half
    _  VSUB_vacc_scd_add_scd_incr
    _  VSUB_vacc_scd_add_scd_noincr
    _  VSUB_vacc_scd_half_add_scd_incr_half
    _  VSUB_vacc_scd_half_add_scd_noincr_half
warning: Decoding conflict encountered
[268/590] Building AIE2PGenInstrInfo.inc...
[269/590] Building AIE2PSGenCallingConv.inc...
[270/590] Building CXX object lib/CodeGen/AsmPrinter/CMakeFiles/LLVMAsmPrinter.dir/CodeViewDebug.cpp.o
[271/590] Building AIE2PSGenFormats.inc...
[272/590] Building AIE2PSGenMCCodeEmitter.inc...
[273/590] Building AIE2PSGenPostLegalizerGIFinalCombiner.inc...
[274/590] Building AIE2PSGenPostLegalizerGICustomCombiner.inc...
[275/590] Building AIE2PSGenPreLegalizerGICombiner.inc...
[276/590] Building AIE2PSGenGlobalISel.inc...
Included from /home/jtuyls/iree-ai/llvm-aie-port/amd/aie/llvm/lib/Target/AIE/AIE2PS.td:35:
Included from /home/jtuyls/iree-ai/llvm-aie-port/amd/aie/llvm/lib/Target/AIE/aie2ps/AIE2PSInstrInfo.td:444:
/home/jtuyls/iree-ai/llvm-aie-port/amd/aie/llvm/lib/Target/AIE/aie2ps/AIE2PSInstrPatterns.td:1357:1: warning: Skipped pattern: unsupported type for Src operand (SETLT:{ *:[Other] })
def : Pat<(v64i1 (aie_setlt (v64i8 VEC512:$rs1), (v64i8 VEC512:$rs2))),
^
Included from /home/jtuyls/iree-ai/llvm-aie-port/amd/aie/llvm/lib/Target/AIE/AIE2PS.td:35:
Included from /home/jtuyls/iree-ai/llvm-aie-port/amd/aie/llvm/lib/Target/AIE/aie2ps/AIE2PSInstrInfo.td:444:
/home/jtuyls/iree-ai/llvm-aie-port/amd/aie/llvm/lib/Target/AIE/aie2ps/AIE2PSInstrPatterns.td:1359:1: warning: Skipped pattern: unsupported type for Src operand (SETLT:{ *:[Other] })
def : Pat<(v32i1 (aie_setlt (v32i16 VEC512:$rs1), (v32i16 VEC512:$rs2))),
^
Included from /home/jtuyls/iree-ai/llvm-aie-port/amd/aie/llvm/lib/Target/AIE/AIE2PS.td:35:
Included from /home/jtuyls/iree-ai/llvm-aie-port/amd/aie/llvm/lib/Target/AIE/aie2ps/AIE2PSInstrInfo.td:444:
/home/jtuyls/iree-ai/llvm-aie-port/amd/aie/llvm/lib/Target/AIE/aie2ps/AIE2PSInstrPatterns.td:1361:1: warning: Skipped pattern: unsupported type for Src operand (SETLT:{ *:[Other] })
def : Pat<(v32i1 (aie_setlt (v16i32 VEC512:$rs1), (v16i32 VEC512:$rs2))),
^
Included from /home/jtuyls/iree-ai/llvm-aie-port/amd/aie/llvm/lib/Target/AIE/AIE2PS.td:35:
Included from /home/jtuyls/iree-ai/llvm-aie-port/amd/aie/llvm/lib/Target/AIE/aie2ps/AIE2PSInstrInfo.td:444:
/home/jtuyls/iree-ai/llvm-aie-port/amd/aie/llvm/lib/Target/AIE/aie2ps/AIE2PSInstrPatterns.td:1364:1: warning: Skipped pattern: unsupported type for Src operand (SETULT:{ *:[Other] })
def : Pat<(v64i1 (aie_setult (v64i8 VEC512:$rs1), (v64i8 VEC512:$rs2))),
^
Included from /home/jtuyls/iree-ai/llvm-aie-port/amd/aie/llvm/lib/Target/AIE/AIE2PS.td:35:
Included from /home/jtuyls/iree-ai/llvm-aie-port/amd/aie/llvm/lib/Target/AIE/aie2ps/AIE2PSInstrInfo.td:444:
/home/jtuyls/iree-ai/llvm-aie-port/amd/aie/llvm/lib/Target/AIE/aie2ps/AIE2PSInstrPatterns.td:1366:1: warning: Skipped pattern: unsupported type for Src operand (SETULT:{ *:[Other] })
def : Pat<(v32i1 (aie_setult (v32i16 VEC512:$rs1), (v32i16 VEC512:$rs2))),
^
Included from /home/jtuyls/iree-ai/llvm-aie-port/amd/aie/llvm/lib/Target/AIE/AIE2PS.td:35:
Included from /home/jtuyls/iree-ai/llvm-aie-port/amd/aie/llvm/lib/Target/AIE/aie2ps/AIE2PSInstrInfo.td:444:
/home/jtuyls/iree-ai/llvm-aie-port/amd/aie/llvm/lib/Target/AIE/aie2ps/AIE2PSInstrPatterns.td:1368:1: warning: Skipped pattern: unsupported type for Src operand (SETULT:{ *:[Other] })
def : Pat<(v32i1 (aie_setult (v16i32 VEC512:$rs1), (v16i32 VEC512:$rs2))),
^
Included from /home/jtuyls/iree-ai/llvm-aie-port/amd/aie/llvm/lib/Target/AIE/AIE2PS.td:35:
Included from /home/jtuyls/iree-ai/llvm-aie-port/amd/aie/llvm/lib/Target/AIE/aie2ps/AIE2PSInstrInfo.td:444:
/home/jtuyls/iree-ai/llvm-aie-port/amd/aie/llvm/lib/Target/AIE/aie2ps/AIE2PSInstrPatterns.td:1372:1: warning: Skipped pattern: unsupported type for Src operand (SETLE:{ *:[Other] })
def : Pat<(v64i1 (aie_setle (v64i8 VEC512:$rs1), (v64i8 VEC512:$rs2))),
^
Included from /home/jtuyls/iree-ai/llvm-aie-port/amd/aie/llvm/lib/Target/AIE/AIE2PS.td:35:
Included from /home/jtuyls/iree-ai/llvm-aie-port/amd/aie/llvm/lib/Target/AIE/aie2ps/AIE2PSInstrInfo.td:444:
/home/jtuyls/iree-ai/llvm-aie-port/amd/aie/llvm/lib/Target/AIE/aie2ps/AIE2PSInstrPatterns.td:1381:1: warning: Skipped pattern: unsupported type for Src operand (SETLE:{ *:[Other] })
def : Pat<(v32i1 (aie_setle (v32i16 VEC512:$rs1), (v32i16 VEC512:$rs2))),
^
Included from /home/jtuyls/iree-ai/llvm-aie-port/amd/aie/llvm/lib/Target/AIE/AIE2PS.td:35:
Included from /home/jtuyls/iree-ai/llvm-aie-port/amd/aie/llvm/lib/Target/AIE/aie2ps/AIE2PSInstrInfo.td:444:
/home/jtuyls/iree-ai/llvm-aie-port/amd/aie/llvm/lib/Target/AIE/aie2ps/AIE2PSInstrPatterns.td:1386:1: warning: Skipped pattern: unsupported type for Src operand (SETLE:{ *:[Other] })
def : Pat<(v32i1 (aie_setle (v16i32 VEC512:$rs1), (v16i32 VEC512:$rs2))),
^
Included from /home/jtuyls/iree-ai/llvm-aie-port/amd/aie/llvm/lib/Target/AIE/AIE2PS.td:35:
Included from /home/jtuyls/iree-ai/llvm-aie-port/amd/aie/llvm/lib/Target/AIE/aie2ps/AIE2PSInstrInfo.td:444:
/home/jtuyls/iree-ai/llvm-aie-port/amd/aie/llvm/lib/Target/AIE/aie2ps/AIE2PSInstrPatterns.td:1391:1: warning: Skipped pattern: unsupported type for Src operand (SETULE:{ *:[Other] })
def : Pat<(v64i1 (aie_setule (v64i8 VEC512:$rs1), (v64i8 VEC512:$rs2))),
^
Included from /home/jtuyls/iree-ai/llvm-aie-port/amd/aie/llvm/lib/Target/AIE/AIE2PS.td:35:
Included from /home/jtuyls/iree-ai/llvm-aie-port/amd/aie/llvm/lib/Target/AIE/aie2ps/AIE2PSInstrInfo.td:444:
/home/jtuyls/iree-ai/llvm-aie-port/amd/aie/llvm/lib/Target/AIE/aie2ps/AIE2PSInstrPatterns.td:1400:1: warning: Skipped pattern: unsupported type for Src operand (SETULE:{ *:[Other] })
def : Pat<(v32i1 (aie_setule (v32i16 VEC512:$rs1), (v32i16 VEC512:$rs2))),
^
Included from /home/jtuyls/iree-ai/llvm-aie-port/amd/aie/llvm/lib/Target/AIE/AIE2PS.td:35:
Included from /home/jtuyls/iree-ai/llvm-aie-port/amd/aie/llvm/lib/Target/AIE/aie2ps/AIE2PSInstrInfo.td:444:
/home/jtuyls/iree-ai/llvm-aie-port/amd/aie/llvm/lib/Target/AIE/aie2ps/AIE2PSInstrPatterns.td:1405:1: warning: Skipped pattern: unsupported type for Src operand (SETULE:{ *:[Other] })
def : Pat<(v32i1 (aie_setule (v16i32 VEC512:$rs1), (v16i32 VEC512:$rs2))),
^
Included from /home/jtuyls/iree-ai/llvm-aie-port/amd/aie/llvm/lib/Target/AIE/AIE2PS.td:35:
Included from /home/jtuyls/iree-ai/llvm-aie-port/amd/aie/llvm/lib/Target/AIE/aie2ps/AIE2PSInstrInfo.td:444:
/home/jtuyls/iree-ai/llvm-aie-port/amd/aie/llvm/lib/Target/AIE/aie2ps/AIE2PSInstrPatterns.td:1411:1: warning: Skipped pattern: unsupported type for Src operand (SETGE:{ *:[Other] })
def  : Pat<(v64i1 (aie_setge (v64i8 VEC512:$rs1), (v64i8 VEC512:$rs2))),
^
Included from /home/jtuyls/iree-ai/llvm-aie-port/amd/aie/llvm/lib/Target/AIE/AIE2PS.td:35:
Included from /home/jtuyls/iree-ai/llvm-aie-port/amd/aie/llvm/lib/Target/AIE/aie2ps/AIE2PSInstrInfo.td:444:
/home/jtuyls/iree-ai/llvm-aie-port/amd/aie/llvm/lib/Target/AIE/aie2ps/AIE2PSInstrPatterns.td:1413:1: warning: Skipped pattern: unsupported type for Src operand (SETGE:{ *:[Other] })
def  : Pat<(v32i1 (aie_setge (v32i16 VEC512:$rs1), (v32i16 VEC512:$rs2))),
^
Included from /home/jtuyls/iree-ai/llvm-aie-port/amd/aie/llvm/lib/Target/AIE/AIE2PS.td:35:
Included from /home/jtuyls/iree-ai/llvm-aie-port/amd/aie/llvm/lib/Target/AIE/aie2ps/AIE2PSInstrInfo.td:444:
/home/jtuyls/iree-ai/llvm-aie-port/amd/aie/llvm/lib/Target/AIE/aie2ps/AIE2PSInstrPatterns.td:1415:1: warning: Skipped pattern: unsupported type for Src operand (SETGE:{ *:[Other] })
def  : Pat<(v32i1 (aie_setge (v16i32 VEC512:$rs1), (v16i32 VEC512:$rs2))),
^
Included from /home/jtuyls/iree-ai/llvm-aie-port/amd/aie/llvm/lib/Target/AIE/AIE2PS.td:35:
Included from /home/jtuyls/iree-ai/llvm-aie-port/amd/aie/llvm/lib/Target/AIE/aie2ps/AIE2PSInstrInfo.td:444:
/home/jtuyls/iree-ai/llvm-aie-port/amd/aie/llvm/lib/Target/AIE/aie2ps/AIE2PSInstrPatterns.td:1418:1: warning: Skipped pattern: unsupported type for Src operand (SETUGE:{ *:[Other] })
def  : Pat<(v64i1 (aie_setuge (v64i8 VEC512:$rs1), (v64i8 VEC512:$rs2))),
^
Included from /home/jtuyls/iree-ai/llvm-aie-port/amd/aie/llvm/lib/Target/AIE/AIE2PS.td:35:
Included from /home/jtuyls/iree-ai/llvm-aie-port/amd/aie/llvm/lib/Target/AIE/aie2ps/AIE2PSInstrInfo.td:444:
/home/jtuyls/iree-ai/llvm-aie-port/amd/aie/llvm/lib/Target/AIE/aie2ps/AIE2PSInstrPatterns.td:1420:1: warning: Skipped pattern: unsupported type for Src operand (SETUGE:{ *:[Other] })
def  : Pat<(v32i1 (aie_setuge (v32i16 VEC512:$rs1), (v32i16 VEC512:$rs2))),
^
Included from /home/jtuyls/iree-ai/llvm-aie-port/amd/aie/llvm/lib/Target/AIE/AIE2PS.td:35:
Included from /home/jtuyls/iree-ai/llvm-aie-port/amd/aie/llvm/lib/Target/AIE/aie2ps/AIE2PSInstrInfo.td:444:
/home/jtuyls/iree-ai/llvm-aie-port/amd/aie/llvm/lib/Target/AIE/aie2ps/AIE2PSInstrPatterns.td:1422:1: warning: Skipped pattern: unsupported type for Src operand (SETUGE:{ *:[Other] })
def  : Pat<(v32i1 (aie_setuge (v16i32 VEC512:$rs1), (v16i32 VEC512:$rs2))),
^
Included from /home/jtuyls/iree-ai/llvm-aie-port/amd/aie/llvm/lib/Target/AIE/AIE2PS.td:35:
Included from /home/jtuyls/iree-ai/llvm-aie-port/amd/aie/llvm/lib/Target/AIE/aie2ps/AIE2PSInstrInfo.td:444:
/home/jtuyls/iree-ai/llvm-aie-port/amd/aie/llvm/lib/Target/AIE/aie2ps/AIE2PSInstrPatterns.td:1426:1: warning: Skipped pattern: unsupported type for Src operand (SETGT:{ *:[Other] })
def  : Pat<(v64i1 (aie_setgt (v64i8 VEC512:$rs1), (v64i8 VEC512:$rs2))),
^
Included from /home/jtuyls/iree-ai/llvm-aie-port/amd/aie/llvm/lib/Target/AIE/AIE2PS.td:35:
Included from /home/jtuyls/iree-ai/llvm-aie-port/amd/aie/llvm/lib/Target/AIE/aie2ps/AIE2PSInstrInfo.td:444:
/home/jtuyls/iree-ai/llvm-aie-port/amd/aie/llvm/lib/Target/AIE/aie2ps/AIE2PSInstrPatterns.td:1435:1: warning: Skipped pattern: unsupported type for Src operand (SETGT:{ *:[Other] })
def  : Pat<(v32i1 (aie_setgt (v32i16 VEC512:$rs1), (v32i16 VEC512:$rs2))),
^
Included from /home/jtuyls/iree-ai/llvm-aie-port/amd/aie/llvm/lib/Target/AIE/AIE2PS.td:35:
Included from /home/jtuyls/iree-ai/llvm-aie-port/amd/aie/llvm/lib/Target/AIE/aie2ps/AIE2PSInstrInfo.td:444:
/home/jtuyls/iree-ai/llvm-aie-port/amd/aie/llvm/lib/Target/AIE/aie2ps/AIE2PSInstrPatterns.td:1437:1: warning: Skipped pattern: unsupported type for Src operand (SETGT:{ *:[Other] })
def  : Pat<(v32i1 (aie_setgt (v16i32 VEC512:$rs1), (v16i32 VEC512:$rs2))),
^
Included from /home/jtuyls/iree-ai/llvm-aie-port/amd/aie/llvm/lib/Target/AIE/AIE2PS.td:35:
Included from /home/jtuyls/iree-ai/llvm-aie-port/amd/aie/llvm/lib/Target/AIE/aie2ps/AIE2PSInstrInfo.td:444:
/home/jtuyls/iree-ai/llvm-aie-port/amd/aie/llvm/lib/Target/AIE/aie2ps/AIE2PSInstrPatterns.td:1440:1: warning: Skipped pattern: unsupported type for Src operand (SETUGT:{ *:[Other] })
def  : Pat<(v64i1 (aie_setugt (v64i8 VEC512:$rs1), (v64i8 VEC512:$rs2))),
^
Included from /home/jtuyls/iree-ai/llvm-aie-port/amd/aie/llvm/lib/Target/AIE/AIE2PS.td:35:
Included from /home/jtuyls/iree-ai/llvm-aie-port/amd/aie/llvm/lib/Target/AIE/aie2ps/AIE2PSInstrInfo.td:444:
/home/jtuyls/iree-ai/llvm-aie-port/amd/aie/llvm/lib/Target/AIE/aie2ps/AIE2PSInstrPatterns.td:1449:1: warning: Skipped pattern: unsupported type for Src operand (SETUGT:{ *:[Other] })
def  : Pat<(v32i1 (aie_setugt (v32i16 VEC512:$rs1), (v32i16 VEC512:$rs2))),
^
Included from /home/jtuyls/iree-ai/llvm-aie-port/amd/aie/llvm/lib/Target/AIE/AIE2PS.td:35:
Included from /home/jtuyls/iree-ai/llvm-aie-port/amd/aie/llvm/lib/Target/AIE/aie2ps/AIE2PSInstrInfo.td:444:
/home/jtuyls/iree-ai/llvm-aie-port/amd/aie/llvm/lib/Target/AIE/aie2ps/AIE2PSInstrPatterns.td:1451:1: warning: Skipped pattern: unsupported type for Src operand (SETUGT:{ *:[Other] })
def  : Pat<(v32i1 (aie_setugt (v16i32 VEC512:$rs1), (v16i32 VEC512:$rs2))),
^
Included from /home/jtuyls/iree-ai/llvm-aie-port/amd/aie/llvm/lib/Target/AIE/AIE2PS.td:35:
Included from /home/jtuyls/iree-ai/llvm-aie-port/amd/aie/llvm/lib/Target/AIE/aie2ps/AIE2PSInstrInfo.td:444:
/home/jtuyls/iree-ai/llvm-aie-port/amd/aie/llvm/lib/Target/AIE/aie2ps/AIE2PSInstrPatterns.td:1455:1: warning: Skipped pattern: unsupported type for Src operand (SETEQ:{ *:[Other] })
def  : Pat<(v64i1 (aie_seteq (v64i8 VEC512:$rs1), (v64i8 VEC512:$rs2))),
^
Included from /home/jtuyls/iree-ai/llvm-aie-port/amd/aie/llvm/lib/Target/AIE/AIE2PS.td:35:
Included from /home/jtuyls/iree-ai/llvm-aie-port/amd/aie/llvm/lib/Target/AIE/aie2ps/AIE2PSInstrInfo.td:444:
/home/jtuyls/iree-ai/llvm-aie-port/amd/aie/llvm/lib/Target/AIE/aie2ps/AIE2PSInstrPatterns.td:1457:1: warning: Skipped pattern: unsupported type for Src operand (SETEQ:{ *:[Other] })
def  : Pat<(v32i1 (aie_seteq (v32i16 VEC512:$rs1), (v32i16 VEC512:$rs2))),
^
Included from /home/jtuyls/iree-ai/llvm-aie-port/amd/aie/llvm/lib/Target/AIE/AIE2PS.td:35:
Included from /home/jtuyls/iree-ai/llvm-aie-port/amd/aie/llvm/lib/Target/AIE/aie2ps/AIE2PSInstrInfo.td:444:
/home/jtuyls/iree-ai/llvm-aie-port/amd/aie/llvm/lib/Target/AIE/aie2ps/AIE2PSInstrPatterns.td:1459:1: warning: Skipped pattern: unsupported type for Src operand (SETEQ:{ *:[Other] })
def  : Pat<(v32i1 (aie_seteq (v16i32 VEC512:$rs1), (v16i32 VEC512:$rs2))),
^
Included from /home/jtuyls/iree-ai/llvm-aie-port/amd/aie/llvm/lib/Target/AIE/AIE2PS.td:35:
Included from /home/jtuyls/iree-ai/llvm-aie-port/amd/aie/llvm/lib/Target/AIE/aie2ps/AIE2PSInstrInfo.td:444:
/home/jtuyls/iree-ai/llvm-aie-port/amd/aie/llvm/lib/Target/AIE/aie2ps/AIE2PSInstrPatterns.td:1463:1: warning: Skipped pattern: unsupported type for Src operand (SETNE:{ *:[Other] })
def  : Pat<(v64i1 (aie_setne (v64i8 VEC512:$rs1), (v64i8 VEC512:$rs2))),
^
Included from /home/jtuyls/iree-ai/llvm-aie-port/amd/aie/llvm/lib/Target/AIE/AIE2PS.td:35:
Included from /home/jtuyls/iree-ai/llvm-aie-port/amd/aie/llvm/lib/Target/AIE/aie2ps/AIE2PSInstrInfo.td:444:
/home/jtuyls/iree-ai/llvm-aie-port/amd/aie/llvm/lib/Target/AIE/aie2ps/AIE2PSInstrPatterns.td:1472:1: warning: Skipped pattern: unsupported type for Src operand (SETNE:{ *:[Other] })
def  : Pat<(v32i1 (aie_setne (v32i16 VEC512:$rs1), (v32i16 VEC512:$rs2))),
^
Included from /home/jtuyls/iree-ai/llvm-aie-port/amd/aie/llvm/lib/Target/AIE/AIE2PS.td:35:
Included from /home/jtuyls/iree-ai/llvm-aie-port/amd/aie/llvm/lib/Target/AIE/aie2ps/AIE2PSInstrInfo.td:444:
/home/jtuyls/iree-ai/llvm-aie-port/amd/aie/llvm/lib/Target/AIE/aie2ps/AIE2PSInstrPatterns.td:1474:1: warning: Skipped pattern: unsupported type for Src operand (SETNE:{ *:[Other] })
def  : Pat<(v32i1 (aie_setne (v16i32 VEC512:$rs1), (v16i32 VEC512:$rs2))),
^
[277/590] Building AIE2PSGenPreSchedLowering.inc...
[278/590] Building AIE2PSGenSplitInstrTables.inc...
[279/590] Building AIE2PSGenInstrInfo.inc...
[280/590] Building AIEGenAsmWriter.inc...
[281/590] Building AIE2PSGenPostLegalizerGIGenericCombiner.inc...
[282/590] Building AIEGenAsmMatcher.inc...
[283/590] Building AIE2PSGenMemoryCycles.inc...
[284/590] Building AIEGenDisassemblerTables.inc...
[285/590] Building AIEGenFormats.inc...
[286/590] Building AIE2PSGenVarInstructionItin.inc...
[287/590] Building AIEGenCallingConv.inc...
[288/590] Building AIE2PSGenSubtargetInfo.inc...
[289/590] Building AIEGenDAGISel.inc...
[290/590] Building AIEGenMCPseudoLowering.inc...
[291/590] Building AIE2PSGenRegisterInfo.inc...
[292/590] Building AIEGenMCCodeEmitter.inc...
[293/590] Building AIEGenGlobalISel.inc...
[294/590] Building AIEGenRegisterBank.inc...
[295/590] Building CXX object lib/CodeGen/AsmPrinter/CMakeFiles/LLVMAsmPrinter.dir/AsmPrinter.cpp.o
[296/590] Building AIEGenPreISelGICombiner.inc...
[297/590] Building AIEGenInstrInfo.inc...
[298/590] Building AIEGenSubtargetInfo.inc...
[299/590] Building AIEGenRegisterInfo.inc...
[300/566] Building CXX object lib/CodeGen/GlobalISel/CMakeFiles/LLVMGlobalISel.dir/Utils.cpp.o
[301/566] Building CXX object lib/Target/CMakeFiles/LLVMTarget.dir/TargetMachine.cpp.o
[302/566] Building CXX object lib/DebugInfo/Symbolize/CMakeFiles/LLVMSymbolize.dir/Symbolize.cpp.o
[303/566] Building AIE2PSGenRegisterBank.inc...
[304/566] Building X86GenExegesis.inc...
[305/566] Building CXX object lib/CodeGen/SelectionDAG/CMakeFiles/LLVMSelectionDAG.dir/TargetLowering.cpp.o
[306/566] Building X86GenCallingConv.inc...
[307/566] Building CXX object lib/CodeGen/AsmPrinter/CMakeFiles/LLVMAsmPrinter.dir/DwarfDebug.cpp.o
[308/566] Building X86GenRegisterBank.inc...
[309/566] Building CXX object lib/MC/MCParser/CMakeFiles/LLVMMCParser.dir/MasmParser.cpp.o
[310/566] Building CXX object lib/ProfileData/CMakeFiles/LLVMProfileData.dir/ETMTraceDecoder.cpp.o
[311/566] Building X86GenAsmWriter.inc...
[312/566] Building X86GenMnemonicTables.inc...
[313/566] Building X86GenSDNodeInfo.inc...
[314/566] Building X86GenInstrMapping.inc...
[315/566] Building CXX object lib/Object/CMakeFiles/LLVMObject.dir/ELFObjectFile.cpp.o
[316/566] Building X86GenAsmWriter1.inc...
[317/566] Linking CXX static library lib/libLLVMMCParser.a
[318/566] Building X86GenDisassemblerTables.inc...
[319/566] Building X86GenFoldTables.inc...
[320/566] Building X86GenPostLegalizeGICombiner.inc...
[321/566] Building X86GenRegisterInfo.inc...
[322/566] Linking CXX static library lib/libLLVMObject.a
[323/566] Building X86GenAsmMatcher.inc...
[324/566] Building X86GenPreLegalizeGICombiner.inc...
[325/566] Linking CXX static library lib/libLLVMDebugInfoGSYM.a
[326/566] Linking CXX static library lib/libLLVMSymbolize.a
[327/566] Building CXX object lib/CodeGen/GlobalISel/CMakeFiles/LLVMGlobalISel.dir/CombinerHelper.cpp.o
[328/566] Building CXX object lib/CodeGen/SelectionDAG/CMakeFiles/LLVMSelectionDAG.dir/SelectionDAG.cpp.o
[329/566] Building CXX object lib/CodeGen/SelectionDAG/CMakeFiles/LLVMSelectionDAG.dir/SelectionDAGBuilder.cpp.o
[330/566] Building CXX object lib/CodeGen/GlobalISel/CMakeFiles/LLVMGlobalISel.dir/LegalizerHelper.cpp.o
[331/566] Building X86GenFastISel.inc...
[332/566] Building CXX object lib/CodeGen/GlobalISel/CMakeFiles/LLVMGlobalISel.dir/IRTranslator.cpp.o
[333/566] Building X86GenGlobalISel.inc...
[334/566] Building X86GenDAGISel.inc...
[335/566] Building CXX object lib/Target/AIE/CMakeFiles/LLVMAIECodeGen.dir/AIEAddressSpaceFlattening.cpp.o
[336/566] Building CXX object lib/Target/AIE/CMakeFiles/LLVMAIECodeGen.dir/AIELiveRegs.cpp.o
[337/566] Building CXX object lib/Target/AIE/CMakeFiles/LLVMAIECodeGen.dir/AIEBaseRegisterInfo.cpp.o
[338/566] Building CXX object lib/Target/AIE/CMakeFiles/LLVMAIECodeGen.dir/AIEBaseFrameLowering.cpp.o
[339/566] Building CXX object lib/Target/AIE/CMakeFiles/LLVMAIECodeGen.dir/AIEBaseAsmPrinter.cpp.o
[340/566] Building CXX object lib/Target/AIE/CMakeFiles/LLVMAIECodeGen.dir/AIEDataDependenceHelper.cpp.o
[341/566] Building CXX object lib/Target/AIE/CMakeFiles/LLVMAIECodeGen.dir/AIEBaseRegisterBankInfo.cpp.o
[342/566] Building CXX object lib/Target/AIE/CMakeFiles/LLVMAIECodeGen.dir/AIEBaseHardwareLoops.cpp.o
[343/566] Building CXX object lib/Target/AIE/CMakeFiles/LLVMAIECodeGen.dir/AIEFinalizeBundle.cpp.o
[344/566] Building CXX object lib/Target/AIE/CMakeFiles/LLVMAIECodeGen.dir/AIEBasePipelinerLoopInfo.cpp.o
[345/566] Building CXX object lib/Target/AIE/CMakeFiles/LLVMAIECodeGen.dir/AIEGlobalCombinerPtrMods.cpp.o
[346/566] Building X86GenSubtargetInfo.inc...
[347/566] Building CXX object lib/Target/AIE/CMakeFiles/LLVMAIECodeGen.dir/AIEEliminateDuplicatePHI.cpp.o
[348/566] Building CXX object lib/Target/AIE/CMakeFiles/LLVMAIECodeGen.dir/AIEClusterBaseAddress.cpp.o
[349/566] Building CXX object lib/Passes/CMakeFiles/LLVMPasses.dir/CodeGenPassBuilder.cpp.o
[350/566] Building CXX object lib/Target/AIE/CMakeFiles/LLVMAIECodeGen.dir/AIEHazardRecognizer.cpp.o
[351/566] Building CXX object lib/Target/AIE/CMakeFiles/LLVMAIECodeGen.dir/AIEBaseISelLowering.cpp.o
[352/566] Building CXX object lib/ProfileData/CMakeFiles/LLVMProfileData.dir/MemProfReader.cpp.o
[353/566] Building CXX object lib/Target/AIE/CMakeFiles/LLVMAIECodeGen.dir/AIEBaseInstrInfo.cpp.o
/home/jtuyls/iree-ai/llvm-aie-port/amd/aie/llvm/lib/Target/AIE/AIEBaseInstrInfo.cpp: In member function ‘virtual bool llvm::AIEBaseInstrInfo::foldImmediate(llvm::MachineInstr&, llvm::MachineInstr&, llvm::Register, llvm::MachineRegisterInfo*) const’:
/home/jtuyls/iree-ai/llvm-aie-port/amd/aie/llvm/lib/Target/AIE/AIEBaseInstrInfo.cpp:614:29: warning: unused variable ‘TRI’ [-Wunused-variable]
  614 |   const TargetRegisterInfo *TRI = MRI->getTargetRegisterInfo();
      |                             ^~~
/home/jtuyls/iree-ai/llvm-aie-port/amd/aie/llvm/lib/Target/AIE/AIEBaseInstrInfo.cpp:615:26: warning: unused variable ‘MF’ [-Wunused-variable]
  615 |   const MachineFunction &MF = *UseMI.getParent()->getParent();
      |                          ^~
[354/566] Building CXX object lib/Target/AIE/CMakeFiles/LLVMAIECodeGen.dir/AIECallLowering.cpp.o
[355/566] Building CXX object lib/Target/AIE/CMakeFiles/LLVMAIECodeGen.dir/AIEBaseSubtarget.cpp.o
[356/566] Building X86GenInstrInfo.inc...
[357/559] Building CXX object lib/Target/AIE/CMakeFiles/LLVMAIECodeGen.dir/AIEISelDAGToDAG.cpp.o
In file included from /home/jtuyls/iree-ai/llvm-aie-port/amd/aie/llvm/lib/Target/AIE/aie1/AIE1FrameLowering.h:18,
                 from /home/jtuyls/iree-ai/llvm-aie-port/amd/aie/llvm/lib/Target/AIE/aie1/AIE1Subtarget.h:19,
                 from /home/jtuyls/iree-ai/llvm-aie-port/amd/aie/llvm/lib/Target/AIE/aie1/AIE1TargetMachine.h:20,
                 from /home/jtuyls/iree-ai/llvm-aie-port/amd/aie/llvm/lib/Target/AIE/AIEISelDAGToDAG.h:18,
                 from /home/jtuyls/iree-ai/llvm-aie-port/amd/aie/llvm/lib/Target/AIE/AIEISelDAGToDAG.cpp:15:
/home/jtuyls/iree-ai/llvm-aie-port/amd/aie/llvm/lib/Target/AIE/AIEBaseFrameLowering.h:90:16: warning: ‘virtual void llvm::AIEBaseFrameLowering::adjustReg(llvm::MachineBasicBlock&, llvm::MachineBasicBlock::iterator, const llvm::DebugLoc&, unsigned int, int64_t, llvm::MachineInstr::MIFlag) const’ was hidden [-Woverloaded-virtual=]
   90 |   virtual void adjustReg(MachineBasicBlock &MBB,
      |                ^~~~~~~~~
/home/jtuyls/iree-ai/llvm-aie-port/amd/aie/llvm/lib/Target/AIE/aie1/AIE1FrameLowering.h:29:15: note:   by ‘static void llvm::AIEFrameLowering::adjustReg(const llvm::TargetInstrInfo*, llvm::MachineBasicBlock&, llvm::MachineBasicBlock::iterator, const llvm::DebugLoc&, unsigned int, int64_t, llvm::MachineInstr::MIFlag)’
   29 |   static void adjustReg(const TargetInstrInfo *TII, MachineBasicBlock &MBB,
      |               ^~~~~~~~~
[358/559] Building CXX object lib/Target/AIE/CMakeFiles/LLVMAIECodeGen.dir/AIEGlobalCombiner.cpp.o
[359/559] Building CXX object lib/Target/AIE/CMakeFiles/LLVMAIECodeGen.dir/AIEBaseTargetTransformInfo.cpp.o
In file included from /home/jtuyls/iree-ai/llvm-aie-port/amd/aie/llvm/lib/Target/AIE/aie1/AIE1FrameLowering.h:18,
                 from /home/jtuyls/iree-ai/llvm-aie-port/amd/aie/llvm/lib/Target/AIE/aie1/AIE1Subtarget.h:19,
                 from /home/jtuyls/iree-ai/llvm-aie-port/amd/aie/llvm/lib/Target/AIE/AIEBaseTargetTransformInfo.h:21,
                 from /home/jtuyls/iree-ai/llvm-aie-port/amd/aie/llvm/lib/Target/AIE/AIEBaseTargetTransformInfo.cpp:11:
/home/jtuyls/iree-ai/llvm-aie-port/amd/aie/llvm/lib/Target/AIE/AIEBaseFrameLowering.h:90:16: warning: ‘virtual void llvm::AIEBaseFrameLowering::adjustReg(llvm::MachineBasicBlock&, llvm::MachineBasicBlock::iterator, const llvm::DebugLoc&, unsigned int, int64_t, llvm::MachineInstr::MIFlag) const’ was hidden [-Woverloaded-virtual=]
   90 |   virtual void adjustReg(MachineBasicBlock &MBB,
      |                ^~~~~~~~~
/home/jtuyls/iree-ai/llvm-aie-port/amd/aie/llvm/lib/Target/AIE/aie1/AIE1FrameLowering.h:29:15: note:   by ‘static void llvm::AIEFrameLowering::adjustReg(const llvm::TargetInstrInfo*, llvm::MachineBasicBlock&, llvm::MachineBasicBlock::iterator, const llvm::DebugLoc&, unsigned int, int64_t, llvm::MachineInstr::MIFlag)’
   29 |   static void adjustReg(const TargetInstrInfo *TII, MachineBasicBlock &MBB,
      |               ^~~~~~~~~
[360/559] Building CXX object lib/Target/AIE/CMakeFiles/LLVMAIECodeGen.dir/AIERegClassConstrainer.cpp.o
[361/559] Building CXX object lib/Target/AIE/CMakeFiles/LLVMAIECodeGen.dir/AIELoopClass.cpp.o
[362/559] Building CXX object lib/Target/AIE/CMakeFiles/LLVMAIECodeGen.dir/AIEBaseInstructionSelector.cpp.o
[363/559] Building CXX object lib/Target/AIE/CMakeFiles/LLVMAIECodeGen.dir/AIEInterBlockScheduling.cpp.o
[364/559] Building CXX object lib/Target/AIE/CMakeFiles/LLVMAIECodeGen.dir/AIEPreISelCombiner.cpp.o
[365/559] Building CXX object lib/Target/AIE/CMakeFiles/LLVMAIECodeGen.dir/AIEPseudoBranchExpansion.cpp.o
[366/559] Building CXX object lib/Target/AIE/CMakeFiles/LLVMAIECodeGen.dir/AIEMaxLatencyFinder.cpp.o
[367/559] Building CXX object lib/Target/AIE/CMakeFiles/LLVMAIECodeGen.dir/AIEMachineAlignment.cpp.o
[368/559] Building CXX object lib/Target/AIE/CMakeFiles/LLVMAIECodeGen.dir/AIELegalizerHelper.cpp.o
[369/559] Building CXX object lib/Target/AIE/CMakeFiles/LLVMAIECodeGen.dir/AIESlotStatistics.cpp.o
[370/559] Building CXX object lib/Target/AIE/CMakeFiles/LLVMAIECodeGen.dir/AIERegMemEventTracker.cpp.o
[371/559] Building CXX object lib/Target/AIE/CMakeFiles/LLVMAIECodeGen.dir/AIEMultiSlotInstrMaterializer.cpp.o
[372/559] Building CXX object lib/Target/AIE/CMakeFiles/LLVMAIECodeGen.dir/AIESlotUtils.cpp.o
[373/559] Building CXX object lib/Target/AIE/CMakeFiles/LLVMAIECodeGen.dir/AIECombinerHelper.cpp.o
/home/jtuyls/iree-ai/llvm-aie-port/amd/aie/llvm/lib/Target/AIE/AIECombinerHelper.cpp: In function ‘bool {anonymous}::mayMIShiftElements(const llvm::MachineInstr*)’:
/home/jtuyls/iree-ai/llvm-aie-port/amd/aie/llvm/lib/Target/AIE/AIECombinerHelper.cpp:114:5: warning: this statement may fall through [-Wimplicit-fallthrough=]
  114 |     switch (cast<GIntrinsic>(MI)->getIntrinsicID()) {
      |     ^~~~~~
/home/jtuyls/iree-ai/llvm-aie-port/amd/aie/llvm/lib/Target/AIE/AIECombinerHelper.cpp:122:3: note: here
  122 |   default:
      |   ^~~~~~~
[374/559] Building CXX object lib/Target/AIE/CMakeFiles/LLVMAIECodeGen.dir/AIEMachineScheduler.cpp.o
[375/559] Building CXX object lib/Target/AIE/CMakeFiles/LLVMAIECodeGen.dir/AIESplitInstructionRewriter.cpp.o
[376/559] Building CXX object lib/Target/AIE/CMakeFiles/LLVMAIECodeGen.dir/AIEBaseTargetMachine.cpp.o
In file included from /home/jtuyls/iree-ai/llvm-aie-port/amd/aie/llvm/lib/Target/AIE/AIE2FrameLowering.h:18,
                 from /home/jtuyls/iree-ai/llvm-aie-port/amd/aie/llvm/lib/Target/AIE/AIE2Subtarget.h:19,
                 from /home/jtuyls/iree-ai/llvm-aie-port/amd/aie/llvm/lib/Target/AIE/AIE2TargetMachine.h:18,
                 from /home/jtuyls/iree-ai/llvm-aie-port/amd/aie/llvm/lib/Target/AIE/AIEBaseTargetMachine.cpp:18:
/home/jtuyls/iree-ai/llvm-aie-port/amd/aie/llvm/lib/Target/AIE/AIEBaseFrameLowering.h:90:16: warning: ‘virtual void llvm::AIEBaseFrameLowering::adjustReg(llvm::MachineBasicBlock&, llvm::MachineBasicBlock::iterator, const llvm::DebugLoc&, unsigned int, int64_t, llvm::MachineInstr::MIFlag) const’ was hidden [-Woverloaded-virtual=]
   90 |   virtual void adjustReg(MachineBasicBlock &MBB,
      |                ^~~~~~~~~
In file included from /home/jtuyls/iree-ai/llvm-aie-port/amd/aie/llvm/lib/Target/AIE/aie1/AIE1Subtarget.h:19,
                 from /home/jtuyls/iree-ai/llvm-aie-port/amd/aie/llvm/lib/Target/AIE/aie1/AIE1TargetMachine.h:20,
                 from /home/jtuyls/iree-ai/llvm-aie-port/amd/aie/llvm/lib/Target/AIE/AIEBaseTargetMachine.cpp:25:
/home/jtuyls/iree-ai/llvm-aie-port/amd/aie/llvm/lib/Target/AIE/aie1/AIE1FrameLowering.h:29:15: note:   by ‘static void llvm::AIEFrameLowering::adjustReg(const llvm::TargetInstrInfo*, llvm::MachineBasicBlock&, llvm::MachineBasicBlock::iterator, const llvm::DebugLoc&, unsigned int, int64_t, llvm::MachineInstr::MIFlag)’
   29 |   static void adjustReg(const TargetInstrInfo *TII, MachineBasicBlock &MBB,
      |               ^~~~~~~~~
[377/559] Building CXX object lib/Target/AIE/CMakeFiles/LLVMAIECodeGen.dir/AIEPtrModOptimizer.cpp.o
[378/559] Building CXX object lib/Target/AIE/CMakeFiles/LLVMAIECodeGen.dir/AIESubRegConstrainer.cpp.o
[379/559] Building CXX object lib/Target/AIE/CMakeFiles/LLVMAIECodeGen.dir/AIESuperRegRewriter.cpp.o
[380/559] Building CXX object lib/Target/AIE/CMakeFiles/LLVMAIECodeGen.dir/AIESpillSlotOptimization.cpp.o
[381/559] Building CXX object lib/Target/AIE/CMakeFiles/LLVMAIECodeGen.dir/AIEPostSelectOptimize.cpp.o
[382/559] Building CXX object lib/Target/AIE/CMakeFiles/LLVMAIECodeGen.dir/AIETargetObjectFile.cpp.o
In file included from /home/jtuyls/iree-ai/llvm-aie-port/amd/aie/llvm/lib/Target/AIE/aie1/AIE1FrameLowering.h:18,
                 from /home/jtuyls/iree-ai/llvm-aie-port/amd/aie/llvm/lib/Target/AIE/aie1/AIE1Subtarget.h:19,
                 from /home/jtuyls/iree-ai/llvm-aie-port/amd/aie/llvm/lib/Target/AIE/aie1/AIE1TargetMachine.h:20,
                 from /home/jtuyls/iree-ai/llvm-aie-port/amd/aie/llvm/lib/Target/AIE/AIETargetObjectFile.cpp:13:
/home/jtuyls/iree-ai/llvm-aie-port/amd/aie/llvm/lib/Target/AIE/AIEBaseFrameLowering.h:90:16: warning: ‘virtual void llvm::AIEBaseFrameLowering::adjustReg(llvm::MachineBasicBlock&, llvm::MachineBasicBlock::iterator, const llvm::DebugLoc&, unsigned int, int64_t, llvm::MachineInstr::MIFlag) const’ was hidden [-Woverloaded-virtual=]
   90 |   virtual void adjustReg(MachineBasicBlock &MBB,
      |                ^~~~~~~~~
/home/jtuyls/iree-ai/llvm-aie-port/amd/aie/llvm/lib/Target/AIE/aie1/AIE1FrameLowering.h:29:15: note:   by ‘static void llvm::AIEFrameLowering::adjustReg(const llvm::TargetInstrInfo*, llvm::MachineBasicBlock&, llvm::MachineBasicBlock::iterator, const llvm::DebugLoc&, unsigned int, int64_t, llvm::MachineInstr::MIFlag)’
   29 |   static void adjustReg(const TargetInstrInfo *TII, MachineBasicBlock &MBB,
      |               ^~~~~~~~~
[383/559] Building CXX object lib/Target/AIE/CMakeFiles/LLVMAIECodeGen.dir/AIE2AsmPrinter.cpp.o
In file included from /home/jtuyls/iree-ai/llvm-aie-port/amd/aie/llvm/lib/Target/AIE/InstPrinter/AIE2InstPrinter.h:18,
                 from /home/jtuyls/iree-ai/llvm-aie-port/amd/aie/llvm/lib/Target/AIE/AIE2AsmPrinter.cpp:18:
/home/jtuyls/iree-ai/llvm-aie-port/amd/aie/llvm/lib/Target/AIE/InstPrinter/AIECommonInstPrinter.h: In member function ‘void llvm::AIECommonInstPrinter::printImmOffset(const llvm::MCOperand&, const llvm::MCSubtargetInfo&, llvm::raw_ostream&)’:
/home/jtuyls/iree-ai/llvm-aie-port/amd/aie/llvm/lib/Target/AIE/InstPrinter/AIECommonInstPrinter.h:54:5: warning: invalid use of incomplete type ‘const class llvm::MCAsmInfo’
   54 |     MAI.printExpr(O, *MO.getExpr());
      |     ^~~
In file included from /home/jtuyls/iree-ai/llvm-aie-port/llvm/include/llvm/MC/MCSymbol.h:18,
                 from /home/jtuyls/iree-ai/llvm-aie-port/llvm/include/llvm/CodeGen/MachineInstr.h:32,
                 from /home/jtuyls/iree-ai/llvm-aie-port/llvm/include/llvm/CodeGen/MachineBasicBlock.h:22,
                 from /home/jtuyls/iree-ai/llvm-aie-port/llvm/include/llvm/CodeGen/MachineFunction.h:26,
                 from /home/jtuyls/iree-ai/llvm-aie-port/llvm/include/llvm/CodeGen/MachineFunctionPass.h:21,
                 from /home/jtuyls/iree-ai/llvm-aie-port/llvm/include/llvm/CodeGen/AsmPrinter.h:26,
                 from /home/jtuyls/iree-ai/llvm-aie-port/amd/aie/llvm/lib/Target/AIE/AIEBaseAsmPrinter.h:19,
                 from /home/jtuyls/iree-ai/llvm-aie-port/amd/aie/llvm/lib/Target/AIE/AIE2AsmPrinter.h:19,
                 from /home/jtuyls/iree-ai/llvm-aie-port/amd/aie/llvm/lib/Target/AIE/AIE2AsmPrinter.cpp:16:
/home/jtuyls/iree-ai/llvm-aie-port/llvm/include/llvm/MC/MCExpr.h:19:7: note: forward declaration of ‘class llvm::MCAsmInfo’
   19 | class MCAsmInfo;
      |       ^~~~~~~~~
[384/559] Building CXX object lib/Target/AIE/CMakeFiles/LLVMAIECodeGen.dir/AIEPostPipeliner.cpp.o
[385/559] Building CXX object lib/Target/AIE/CMakeFiles/LLVMAIECodeGen.dir/AIE2FrameLowering.cpp.o
[386/559] Building CXX object lib/CodeGen/SelectionDAG/CMakeFiles/LLVMSelectionDAG.dir/DAGCombiner.cpp.o
[387/559] Building CXX object lib/Target/AIE/CMakeFiles/LLVMAIECodeGen.dir/AIESuperRegUtils.cpp.o
[388/559] Building CXX object lib/Target/AIE/CMakeFiles/LLVMAIECodeGen.dir/AIE2ISelLowering.cpp.o
[389/559] Building CXX object lib/Target/AIE/CMakeFiles/LLVMAIECodeGen.dir/AIEPostLegalizerFinalCombiner.cpp.o
[390/559] Building CXX object lib/Target/AIE/CMakeFiles/LLVMAIECodeGen.dir/ReservedRegsLICM.cpp.o
[391/559] Building CXX object lib/Target/AIE/CMakeFiles/LLVMAIECodeGen.dir/AIEPostLegalizerGenericCombiner.cpp.o
[392/559] Building CXX object lib/Target/AIE/CMakeFiles/LLVMAIECodeGen.dir/AIE2RegisterBankInfo.cpp.o
[393/559] Building CXX object lib/Target/AIE/CMakeFiles/LLVMAIECodeGen.dir/AIEPostLegalizerCustomCombiner.cpp.o
[394/559] Building CXX object lib/Target/AIE/CMakeFiles/LLVMAIECodeGen.dir/AIE2LegalizerInfo.cpp.o
[395/559] Building CXX object lib/Target/AIE/CMakeFiles/LLVMAIECodeGen.dir/AIEPreLegalizerCombiner.cpp.o
[396/559] Building CXX object lib/Target/AIE/CMakeFiles/LLVMAIECodeGen.dir/AIE2Subtarget.cpp.o
[397/559] Building CXX object lib/Target/AIE/CMakeFiles/LLVMAIECodeGen.dir/AIE2InstrInfo.cpp.o
[398/559] Building CXX object lib/Target/AIE/CMakeFiles/LLVMAIECodeGen.dir/AIE2RegisterInfo.cpp.o
[399/559] Building CXX object lib/Target/AIE/CMakeFiles/LLVMAIECodeGen.dir/AIEUnallocatedSuperRegRewriter.cpp.o
[400/559] Building CXX object lib/Target/AIE/CMakeFiles/LLVMAIECodeGen.dir/aie1/AIE1DelaySlotFiller.cpp.o
In file included from /home/jtuyls/iree-ai/llvm-aie-port/amd/aie/llvm/lib/Target/AIE/aie1/AIE1FrameLowering.h:18,
                 from /home/jtuyls/iree-ai/llvm-aie-port/amd/aie/llvm/lib/Target/AIE/aie1/AIE1Subtarget.h:19,
                 from /home/jtuyls/iree-ai/llvm-aie-port/amd/aie/llvm/lib/Target/AIE/aie1/AIE1TargetMachine.h:20,
                 from /home/jtuyls/iree-ai/llvm-aie-port/amd/aie/llvm/lib/Target/AIE/aie1/AIE1DelaySlotFiller.cpp:16:
/home/jtuyls/iree-ai/llvm-aie-port/amd/aie/llvm/lib/Target/AIE/AIEBaseFrameLowering.h:90:16: warning: ‘virtual void llvm::AIEBaseFrameLowering::adjustReg(llvm::MachineBasicBlock&, llvm::MachineBasicBlock::iterator, const llvm::DebugLoc&, unsigned int, int64_t, llvm::MachineInstr::MIFlag) const’ was hidden [-Woverloaded-virtual=]
   90 |   virtual void adjustReg(MachineBasicBlock &MBB,
      |                ^~~~~~~~~
/home/jtuyls/iree-ai/llvm-aie-port/amd/aie/llvm/lib/Target/AIE/aie1/AIE1FrameLowering.h:29:15: note:   by ‘static void llvm::AIEFrameLowering::adjustReg(const llvm::TargetInstrInfo*, llvm::MachineBasicBlock&, llvm::MachineBasicBlock::iterator, const llvm::DebugLoc&, unsigned int, int64_t, llvm::MachineInstr::MIFlag)’
   29 |   static void adjustReg(const TargetInstrInfo *TII, MachineBasicBlock &MBB,
      |               ^~~~~~~~~
[401/559] Building CXX object lib/Target/AIE/CMakeFiles/LLVMAIECodeGen.dir/aie1/AIE1RegisterBankInfo.cpp.o
[402/559] Building CXX object lib/Target/AIE/CMakeFiles/LLVMAIECodeGen.dir/AIE2PostLegalizerCustomCombiner.cpp.o
[403/559] Building CXX object lib/Target/AIE/CMakeFiles/LLVMAIECodeGen.dir/aie1/AIE1FrameLowering.cpp.o
In file included from /home/jtuyls/iree-ai/llvm-aie-port/amd/aie/llvm/lib/Target/AIE/aie1/AIE1FrameLowering.h:18,
                 from /home/jtuyls/iree-ai/llvm-aie-port/amd/aie/llvm/lib/Target/AIE/aie1/AIE1FrameLowering.cpp:15:
/home/jtuyls/iree-ai/llvm-aie-port/amd/aie/llvm/lib/Target/AIE/AIEBaseFrameLowering.h:90:16: warning: ‘virtual void llvm::AIEBaseFrameLowering::adjustReg(llvm::MachineBasicBlock&, llvm::MachineBasicBlock::iterator, const llvm::DebugLoc&, unsigned int, int64_t, llvm::MachineInstr::MIFlag) const’ was hidden [-Woverloaded-virtual=]
   90 |   virtual void adjustReg(MachineBasicBlock &MBB,
      |                ^~~~~~~~~
/home/jtuyls/iree-ai/llvm-aie-port/amd/aie/llvm/lib/Target/AIE/aie1/AIE1FrameLowering.h:29:15: note:   by ‘static void llvm::AIEFrameLowering::adjustReg(const llvm::TargetInstrInfo*, llvm::MachineBasicBlock&, llvm::MachineBasicBlock::iterator, const llvm::DebugLoc&, unsigned int, int64_t, llvm::MachineInstr::MIFlag)’
   29 |   static void adjustReg(const TargetInstrInfo *TII, MachineBasicBlock &MBB,
      |               ^~~~~~~~~
[404/559] Building CXX object lib/Target/AIE/CMakeFiles/LLVMAIECodeGen.dir/aie1/AIEHazardRecognizerPRAS.cpp.o
[405/559] Building CXX object lib/Target/AIE/CMakeFiles/LLVMAIECodeGen.dir/aie1/AIE1AsmPrinter.cpp.o
In file included from /home/jtuyls/iree-ai/llvm-aie-port/amd/aie/llvm/lib/Target/AIE/aie1/AIE1FrameLowering.h:18,
                 from /home/jtuyls/iree-ai/llvm-aie-port/amd/aie/llvm/lib/Target/AIE/aie1/AIE1Subtarget.h:19,
                 from /home/jtuyls/iree-ai/llvm-aie-port/amd/aie/llvm/lib/Target/AIE/aie1/AIE1TargetMachine.h:20,
                 from /home/jtuyls/iree-ai/llvm-aie-port/amd/aie/llvm/lib/Target/AIE/aie1/AIE1AsmPrinter.cpp:17:
/home/jtuyls/iree-ai/llvm-aie-port/amd/aie/llvm/lib/Target/AIE/AIEBaseFrameLowering.h:90:16: warning: ‘virtual void llvm::AIEBaseFrameLowering::adjustReg(llvm::MachineBasicBlock&, llvm::MachineBasicBlock::iterator, const llvm::DebugLoc&, unsigned int, int64_t, llvm::MachineInstr::MIFlag) const’ was hidden [-Woverloaded-virtual=]
   90 |   virtual void adjustReg(MachineBasicBlock &MBB,
      |                ^~~~~~~~~
/home/jtuyls/iree-ai/llvm-aie-port/amd/aie/llvm/lib/Target/AIE/aie1/AIE1FrameLowering.h:29:15: note:   by ‘static void llvm::AIEFrameLowering::adjustReg(const llvm::TargetInstrInfo*, llvm::MachineBasicBlock&, llvm::MachineBasicBlock::iterator, const llvm::DebugLoc&, unsigned int, int64_t, llvm::MachineInstr::MIFlag)’
   29 |   static void adjustReg(const TargetInstrInfo *TII, MachineBasicBlock &MBB,
      |               ^~~~~~~~~
[406/559] Building CXX object lib/Target/AIE/CMakeFiles/LLVMAIECodeGen.dir/AIEWawRegRewriter.cpp.o
[407/559] Building CXX object lib/Target/AIE/CMakeFiles/LLVMAIECodeGen.dir/AIE2InstructionSelector.cpp.o
In file included from /home/jtuyls/iree-ai/llvm-aie-port/amd/aie/llvm/lib/Target/AIE/InstPrinter/AIE2InstPrinter.h:18,
                 from /home/jtuyls/iree-ai/llvm-aie-port/amd/aie/llvm/lib/Target/AIE/AIE2InstructionSelector.cpp:21:
/home/jtuyls/iree-ai/llvm-aie-port/amd/aie/llvm/lib/Target/AIE/InstPrinter/AIECommonInstPrinter.h: In member function ‘void llvm::AIECommonInstPrinter::printImmOffset(const llvm::MCOperand&, const llvm::MCSubtargetInfo&, llvm::raw_ostream&)’:
/home/jtuyls/iree-ai/llvm-aie-port/amd/aie/llvm/lib/Target/AIE/InstPrinter/AIECommonInstPrinter.h:54:5: warning: invalid use of incomplete type ‘const class llvm::MCAsmInfo’
   54 |     MAI.printExpr(O, *MO.getExpr());
      |     ^~~
In file included from /home/jtuyls/iree-ai/llvm-aie-port/llvm/include/llvm/MC/MCSymbol.h:18,
                 from /home/jtuyls/iree-ai/llvm-aie-port/llvm/include/llvm/CodeGen/MachineInstr.h:32,
                 from /home/jtuyls/iree-ai/llvm-aie-port/llvm/include/llvm/CodeGen/MachineBasicBlock.h:22,
                 from /home/jtuyls/iree-ai/llvm-aie-port/llvm/include/llvm/CodeGen/MachineFunction.h:26,
                 from /home/jtuyls/iree-ai/llvm-aie-port/llvm/include/llvm/CodeGen/GlobalISel/GISelChangeObserver.h:18,
                 from /home/jtuyls/iree-ai/llvm-aie-port/llvm/include/llvm/CodeGen/GlobalISel/GISelValueTracking.h:19,
                 from /home/jtuyls/iree-ai/llvm-aie-port/llvm/include/llvm/CodeGen/GlobalISel/GISelKnownBits.h:18,
                 from /home/jtuyls/iree-ai/llvm-aie-port/amd/aie/llvm/lib/Target/AIE/AIE2InstructionSelector.cpp:17:
/home/jtuyls/iree-ai/llvm-aie-port/llvm/include/llvm/MC/MCExpr.h:19:7: note: forward declaration of ‘class llvm::MCAsmInfo’
   19 | class MCAsmInfo;
      |       ^~~~~~~~~
[408/559] Building CXX object lib/Target/AIE/CMakeFiles/LLVMAIECodeGen.dir/aie1/AIE1RegisterInfo.cpp.o
In file included from /home/jtuyls/iree-ai/llvm-aie-port/amd/aie/llvm/lib/Target/AIE/aie1/AIE1FrameLowering.h:18,
                 from /home/jtuyls/iree-ai/llvm-aie-port/amd/aie/llvm/lib/Target/AIE/aie1/AIE1Subtarget.h:19,
                 from /home/jtuyls/iree-ai/llvm-aie-port/amd/aie/llvm/lib/Target/AIE/aie1/AIE1RegisterInfo.cpp:17:
/home/jtuyls/iree-ai/llvm-aie-port/amd/aie/llvm/lib/Target/AIE/AIEBaseFrameLowering.h:90:16: warning: ‘virtual void llvm::AIEBaseFrameLowering::adjustReg(llvm::MachineBasicBlock&, llvm::MachineBasicBlock::iterator, const llvm::DebugLoc&, unsigned int, int64_t, llvm::MachineInstr::MIFlag) const’ was hidden [-Woverloaded-virtual=]
   90 |   virtual void adjustReg(MachineBasicBlock &MBB,
      |                ^~~~~~~~~
/home/jtuyls/iree-ai/llvm-aie-port/amd/aie/llvm/lib/Target/AIE/aie1/AIE1FrameLowering.h:29:15: note:   by ‘static void llvm::AIEFrameLowering::adjustReg(const llvm::TargetInstrInfo*, llvm::MachineBasicBlock&, llvm::MachineBasicBlock::iterator, const llvm::DebugLoc&, unsigned int, int64_t, llvm::MachineInstr::MIFlag)’
   29 |   static void adjustReg(const TargetInstrInfo *TII, MachineBasicBlock &MBB,
      |               ^~~~~~~~~
[409/559] Building CXX object lib/Target/AIE/CMakeFiles/LLVMAIECodeGen.dir/aie1/AIE1InstrInfo.cpp.o
[410/559] Building CXX object lib/Target/AIE/CMakeFiles/LLVMAIECodeGen.dir/aie1/AIE1Subtarget.cpp.o
In file included from /home/jtuyls/iree-ai/llvm-aie-port/amd/aie/llvm/lib/Target/AIE/aie1/AIE1FrameLowering.h:18,
                 from /home/jtuyls/iree-ai/llvm-aie-port/amd/aie/llvm/lib/Target/AIE/aie1/AIE1Subtarget.h:19,
                 from /home/jtuyls/iree-ai/llvm-aie-port/amd/aie/llvm/lib/Target/AIE/aie1/AIE1Subtarget.cpp:15:
/home/jtuyls/iree-ai/llvm-aie-port/amd/aie/llvm/lib/Target/AIE/AIEBaseFrameLowering.h:90:16: warning: ‘virtual void llvm::AIEBaseFrameLowering::adjustReg(llvm::MachineBasicBlock&, llvm::MachineBasicBlock::iterator, const llvm::DebugLoc&, unsigned int, int64_t, llvm::MachineInstr::MIFlag) const’ was hidden [-Woverloaded-virtual=]
   90 |   virtual void adjustReg(MachineBasicBlock &MBB,
      |                ^~~~~~~~~
/home/jtuyls/iree-ai/llvm-aie-port/amd/aie/llvm/lib/Target/AIE/aie1/AIE1FrameLowering.h:29:15: note:   by ‘static void llvm::AIEFrameLowering::adjustReg(const llvm::TargetInstrInfo*, llvm::MachineBasicBlock&, llvm::MachineBasicBlock::iterator, const llvm::DebugLoc&, unsigned int, int64_t, llvm::MachineInstr::MIFlag)’
   29 |   static void adjustReg(const TargetInstrInfo *TII, MachineBasicBlock &MBB,
      |               ^~~~~~~~~
[411/559] Building CXX object lib/Target/AIE/CMakeFiles/LLVMAIECodeGen.dir/aie1/AIE1LegalizerInfo.cpp.o
[412/559] Building CXX object lib/Target/AIE/CMakeFiles/LLVMAIECodeGen.dir/AIE2PostLegalizerGenericCombiner.cpp.o
[413/559] Building CXX object lib/Target/AIE/CMakeFiles/LLVMAIECodeGen.dir/AIE2PreLegalizerCombiner.cpp.o
[414/559] Building CXX object lib/Target/AIE/CMakeFiles/LLVMAIECodeGen.dir/aie2p/AIE2PSubtarget.cpp.o
[415/559] Building CXX object lib/Target/AIE/CMakeFiles/LLVMAIECodeGen.dir/aie1/AIE1ISelLowering.cpp.o
In file included from /home/jtuyls/iree-ai/llvm-aie-port/amd/aie/llvm/lib/Target/AIE/aie1/AIE1FrameLowering.h:18,
                 from /home/jtuyls/iree-ai/llvm-aie-port/amd/aie/llvm/lib/Target/AIE/aie1/AIE1Subtarget.h:19,
                 from /home/jtuyls/iree-ai/llvm-aie-port/amd/aie/llvm/lib/Target/AIE/aie1/AIE1ISelLowering.cpp:21:
/home/jtuyls/iree-ai/llvm-aie-port/amd/aie/llvm/lib/Target/AIE/AIEBaseFrameLowering.h:90:16: warning: ‘virtual void llvm::AIEBaseFrameLowering::adjustReg(llvm::MachineBasicBlock&, llvm::MachineBasicBlock::iterator, const llvm::DebugLoc&, unsigned int, int64_t, llvm::MachineInstr::MIFlag) const’ was hidden [-Woverloaded-virtual=]
   90 |   virtual void adjustReg(MachineBasicBlock &MBB,
      |                ^~~~~~~~~
/home/jtuyls/iree-ai/llvm-aie-port/amd/aie/llvm/lib/Target/AIE/aie1/AIE1FrameLowering.h:29:15: note:   by ‘static void llvm::AIEFrameLowering::adjustReg(const llvm::TargetInstrInfo*, llvm::MachineBasicBlock&, llvm::MachineBasicBlock::iterator, const llvm::DebugLoc&, unsigned int, int64_t, llvm::MachineInstr::MIFlag)’
   29 |   static void adjustReg(const TargetInstrInfo *TII, MachineBasicBlock &MBB,
      |               ^~~~~~~~~
[416/559] Building CXX object lib/Target/AIE/CMakeFiles/LLVMAIECodeGen.dir/aie2p/AIE2PFrameLowering.cpp.o
[417/559] Building CXX object lib/Target/AIE/CMakeFiles/LLVMAIECodeGen.dir/aie2p/AIE2PRegisterBankInfo.cpp.o
[418/559] Building CXX object lib/Target/AIE/CMakeFiles/LLVMAIECodeGen.dir/AIE2TargetMachine.cpp.o
In file included from /home/jtuyls/iree-ai/llvm-aie-port/amd/aie/llvm/lib/Target/AIE/AIE2FrameLowering.h:18,
                 from /home/jtuyls/iree-ai/llvm-aie-port/amd/aie/llvm/lib/Target/AIE/AIE2Subtarget.h:19,
                 from /home/jtuyls/iree-ai/llvm-aie-port/amd/aie/llvm/lib/Target/AIE/AIE2TargetMachine.h:18,
                 from /home/jtuyls/iree-ai/llvm-aie-port/amd/aie/llvm/lib/Target/AIE/AIE2TargetMachine.cpp:15:
/home/jtuyls/iree-ai/llvm-aie-port/amd/aie/llvm/lib/Target/AIE/AIEBaseFrameLowering.h:90:16: warning: ‘virtual void llvm::AIEBaseFrameLowering::adjustReg(llvm::MachineBasicBlock&, llvm::MachineBasicBlock::iterator, const llvm::DebugLoc&, unsigned int, int64_t, llvm::MachineInstr::MIFlag) const’ was hidden [-Woverloaded-virtual=]
   90 |   virtual void adjustReg(MachineBasicBlock &MBB,
      |                ^~~~~~~~~
In file included from /home/jtuyls/iree-ai/llvm-aie-port/amd/aie/llvm/lib/Target/AIE/aie1/AIE1Subtarget.h:19,
                 from /home/jtuyls/iree-ai/llvm-aie-port/amd/aie/llvm/lib/Target/AIE/AIEBaseTargetTransformInfo.h:21,
                 from /home/jtuyls/iree-ai/llvm-aie-port/amd/aie/llvm/lib/Target/AIE/AIE2TargetTransformInfo.h:21,
                 from /home/jtuyls/iree-ai/llvm-aie-port/amd/aie/llvm/lib/Target/AIE/AIE2TargetMachine.cpp:16:
/home/jtuyls/iree-ai/llvm-aie-port/amd/aie/llvm/lib/Target/AIE/aie1/AIE1FrameLowering.h:29:15: note:   by ‘static void llvm::AIEFrameLowering::adjustReg(const llvm::TargetInstrInfo*, llvm::MachineBasicBlock&, llvm::MachineBasicBlock::iterator, const llvm::DebugLoc&, unsigned int, int64_t, llvm::MachineInstr::MIFlag)’
   29 |   static void adjustReg(const TargetInstrInfo *TII, MachineBasicBlock &MBB,
      |               ^~~~~~~~~
/home/jtuyls/iree-ai/llvm-aie-port/amd/aie/llvm/lib/Target/AIE/AIEBaseTargetTransformInfo.h: In instantiation of ‘class llvm::AIEBaseTTIImpl<llvm::AIE2TTIImpl>’:
/home/jtuyls/iree-ai/llvm-aie-port/amd/aie/llvm/lib/Target/AIE/AIE2TargetTransformInfo.h:33:28:   required from here
/home/jtuyls/iree-ai/llvm-aie-port/amd/aie/llvm/lib/Target/AIE/AIEBaseTargetTransformInfo.h:88:19: warning: ‘llvm::InstructionCost llvm::AIEBaseTTIImpl<T>::getIntImmCost(const llvm::APInt&, llvm::Type*, llvm::TargetTransformInfo::TargetCostKind) const [with T = llvm::AIE2TTIImpl]’ can be marked override [-Wsuggest-override]
   88 |   InstructionCost getIntImmCost(const APInt &Imm, Type *Ty, TTI::TargetCostKind CostKind) const { // amd/aie/ port: 23 returns InstructionCost
      |                   ^~~~~~~~~~~~~
/home/jtuyls/iree-ai/llvm-aie-port/amd/aie/llvm/lib/Target/AIE/AIEBaseTargetTransformInfo.h:119:12: warning: ‘llvm::TypeSize llvm::AIEBaseTTIImpl<T>::getRegisterBitWidth(llvm::TargetTransformInfo::RegisterKind) const [with T = llvm::AIE2TTIImpl]’ can be marked override [-Wsuggest-override]
  119 |   TypeSize getRegisterBitWidth(TargetTransformInfo::RegisterKind K) const {
      |            ^~~~~~~~~~~~~~~~~~~
/home/jtuyls/iree-ai/llvm-aie-port/amd/aie/llvm/lib/Target/AIE/AIEBaseTargetTransformInfo.h:134:12: warning: ‘unsigned int llvm::AIEBaseTTIImpl<T>::getMinVectorRegisterBitWidth() const [with T = llvm::AIE2TTIImpl]’ can be marked override [-Wsuggest-override]
  134 |   unsigned getMinVectorRegisterBitWidth() const { return 512; }
      |            ^~~~~~~~~~~~~~~~~~~~~~~~~~~~
/home/jtuyls/iree-ai/llvm-aie-port/amd/aie/llvm/lib/Target/AIE/AIEBaseTargetTransformInfo.h:149:19: warning: ‘llvm::InstructionCost llvm::AIEBaseTTIImpl<T>::getArithmeticInstrCost(unsigned int, llvm::Type*, llvm::TargetTransformInfo::TargetCostKind, llvm::TargetTransformInfo::OperandValueInfo, llvm::TargetTransformInfo::OperandValueInfo, llvm::ArrayRef<const llvm::Value*>, const llvm::Instruction*) const [with T = llvm::AIE2TTIImpl]’ can be marked override [-Wsuggest-override]
  149 |   InstructionCost getArithmeticInstrCost(
      |                   ^~~~~~~~~~~~~~~~~~~~~~
/home/jtuyls/iree-ai/llvm-aie-port/amd/aie/llvm/lib/Target/AIE/AIEBaseTargetTransformInfo.h:167:12: warning: ‘unsigned int llvm::AIEBaseTTIImpl<T>::getStoreVectorFactor(unsigned int, unsigned int, unsigned int, llvm::VectorType*) const [with T = llvm::AIE2TTIImpl]’ can be marked override [-Wsuggest-override]
  167 |   unsigned getStoreVectorFactor(unsigned VF, unsigned StoreSizeInBits,
      |            ^~~~~~~~~~~~~~~~~~~~
/home/jtuyls/iree-ai/llvm-aie-port/amd/aie/llvm/lib/Target/AIE/AIEBaseTargetTransformInfo.h:179:12: warning: ‘unsigned int llvm::AIEBaseTTIImpl<T>::getLoadVectorFactor(unsigned int, unsigned int, unsigned int, llvm::VectorType*) const [with T = llvm::AIE2TTIImpl]’ can be marked override [-Wsuggest-override]
  179 |   unsigned getLoadVectorFactor(unsigned VF, unsigned LoadSizeInBits,
      |            ^~~~~~~~~~~~~~~~~~~
/home/jtuyls/iree-ai/llvm-aie-port/amd/aie/llvm/lib/Target/AIE/AIEBaseTargetTransformInfo.h:186:8: warning: ‘bool llvm::AIEBaseTTIImpl<T>::isLegalToVectorizeStoreChain(unsigned int, llvm::Align, unsigned int) const [with T = llvm::AIE2TTIImpl]’ can be marked override [-Wsuggest-override]
  186 |   bool isLegalToVectorizeStoreChain(unsigned ChainSizeInBytes, Align Alignment,
      |        ^~~~~~~~~~~~~~~~~~~~~~~~~~~~
/home/jtuyls/iree-ai/llvm-aie-port/amd/aie/llvm/lib/Target/AIE/AIE2TargetTransformInfo.h:44:32: warning: ‘virtual std::optional<llvm::Instruction*> llvm::AIE2TTIImpl::instCombineIntrinsic(llvm::InstCombiner&, llvm::IntrinsicInst&) const’ can be marked override [-Wsuggest-override]
   44 |   std::optional<Instruction *> instCombineIntrinsic(InstCombiner &IC,
      |                                ^~~~~~~~~~~~~~~~~~~~
/home/jtuyls/iree-ai/llvm-aie-port/amd/aie/llvm/lib/Target/AIE/AIE2TargetTransformInfo.h:63:19: warning: ‘virtual llvm::InstructionCost llvm::AIE2TTIImpl::getMemoryOpCost(unsigned int, llvm::Type*, llvm::Align, unsigned int, llvm::TargetTransformInfo::TargetCostKind, llvm::TargetTransformInfo::OperandValueInfo, const llvm::Instruction*) const’ can be marked override [-Wsuggest-override]
   63 |   InstructionCost getMemoryOpCost(
      |                   ^~~~~~~~~~~~~~~
[419/559] Building CXX object lib/Target/AIE/InstPrinter/CMakeFiles/LLVMAIEAsmPrinter.dir/AIECommonInstPrinter.cpp.o
In file included from /home/jtuyls/iree-ai/llvm-aie-port/amd/aie/llvm/lib/Target/AIE/InstPrinter/AIECommonInstPrinter.cpp:14:
/home/jtuyls/iree-ai/llvm-aie-port/amd/aie/llvm/lib/Target/AIE/InstPrinter/AIECommonInstPrinter.h: In member function ‘void llvm::AIECommonInstPrinter::printImmOffset(const llvm::MCOperand&, const llvm::MCSubtargetInfo&, llvm::raw_ostream&)’:
/home/jtuyls/iree-ai/llvm-aie-port/amd/aie/llvm/lib/Target/AIE/InstPrinter/AIECommonInstPrinter.h:54:5: warning: invalid use of incomplete type ‘const class llvm::MCAsmInfo’
   54 |     MAI.printExpr(O, *MO.getExpr());
      |     ^~~
In file included from /home/jtuyls/iree-ai/llvm-aie-port/llvm/include/llvm/MC/MCSymbol.h:18,
                 from /home/jtuyls/iree-ai/llvm-aie-port/llvm/include/llvm/MC/MCObjectWriter.h:12,
                 from /home/jtuyls/iree-ai/llvm-aie-port/amd/aie/llvm/lib/Target/AIE/MCTargetDesc/AIEMCTargetDesc.h:19,
                 from /home/jtuyls/iree-ai/llvm-aie-port/amd/aie/llvm/lib/Target/AIE/InstPrinter/AIECommonInstPrinter.h:19:
/home/jtuyls/iree-ai/llvm-aie-port/llvm/include/llvm/MC/MCExpr.h:19:7: note: forward declaration of ‘class llvm::MCAsmInfo’
   19 | class MCAsmInfo;
      |       ^~~~~~~~~
[420/559] Building CXX object lib/Target/AIE/CMakeFiles/LLVMAIECodeGen.dir/aie1/AIE1InstructionSelector.cpp.o
In file included from /home/jtuyls/iree-ai/llvm-aie-port/amd/aie/llvm/lib/Target/AIE/aie1/AIE1FrameLowering.h:18,
                 from /home/jtuyls/iree-ai/llvm-aie-port/amd/aie/llvm/lib/Target/AIE/aie1/AIE1Subtarget.h:19,
                 from /home/jtuyls/iree-ai/llvm-aie-port/amd/aie/llvm/lib/Target/AIE/aie1/AIE1TargetMachine.h:20,
                 from /home/jtuyls/iree-ai/llvm-aie-port/amd/aie/llvm/lib/Target/AIE/aie1/AIE1InstructionSelector.cpp:21:
/home/jtuyls/iree-ai/llvm-aie-port/amd/aie/llvm/lib/Target/AIE/AIEBaseFrameLowering.h:90:16: warning: ‘virtual void llvm::AIEBaseFrameLowering::adjustReg(llvm::MachineBasicBlock&, llvm::MachineBasicBlock::iterator, const llvm::DebugLoc&, unsigned int, int64_t, llvm::MachineInstr::MIFlag) const’ was hidden [-Woverloaded-virtual=]
   90 |   virtual void adjustReg(MachineBasicBlock &MBB,
      |                ^~~~~~~~~
/home/jtuyls/iree-ai/llvm-aie-port/amd/aie/llvm/lib/Target/AIE/aie1/AIE1FrameLowering.h:29:15: note:   by ‘static void llvm::AIEFrameLowering::adjustReg(const llvm::TargetInstrInfo*, llvm::MachineBasicBlock&, llvm::MachineBasicBlock::iterator, const llvm::DebugLoc&, unsigned int, int64_t, llvm::MachineInstr::MIFlag)’
   29 |   static void adjustReg(const TargetInstrInfo *TII, MachineBasicBlock &MBB,
      |               ^~~~~~~~~
[421/559] Building CXX object lib/Target/AIE/CMakeFiles/LLVMAIECodeGen.dir/aie2p/AIE2PRegisterInfo.cpp.o
In file included from /home/jtuyls/iree-ai/llvm-aie-port/amd/aie/llvm/lib/Target/AIE/aie2p/AIE2PRegisterInfo.h:19,
                 from /home/jtuyls/iree-ai/llvm-aie-port/amd/aie/llvm/lib/Target/AIE/aie2p/AIE2PRegisterInfo.cpp:16:
/home/jtuyls/iree-ai/llvm-aie-port/amd/aie/llvm/lib/Target/AIE/AIEBaseRegisterInfo.h: In instantiation of ‘bool llvm::isEncodableAsNegativeInt(int) [with int N = 9; unsigned int step = 4]’:
/home/jtuyls/iree-ai/llvm-aie-port/amd/aie/llvm/lib/Target/AIE/aie2p/AIE2PRegisterInfo.cpp:210:39:   required from here
/home/jtuyls/iree-ai/llvm-aie-port/amd/aie/llvm/lib/Target/AIE/AIEBaseRegisterInfo.h:156:32: warning: ‘constexpr size_t llvm::CTLog2() [with long unsigned int kValue = 4; size_t = long unsigned int]’ is deprecated: Use ConstantLog2 instead [-Wdeprecated-declarations]
  156 |   return isInt<N + CTLog2<step>() + 1>(Value);
      |                    ~~~~~~~~~~~~^~
In file included from /home/jtuyls/iree-ai/llvm-aie-port/llvm/include/llvm/ADT/SmallPtrSet.h:23,
                 from /home/jtuyls/iree-ai/llvm-aie-port/llvm/include/llvm/ADT/SmallSet.h:19,
                 from /home/jtuyls/iree-ai/llvm-aie-port/amd/aie/llvm/lib/Target/AIE/AIEBaseRegisterInfo.h:18:
/home/jtuyls/iree-ai/llvm-aie-port/llvm/include/llvm/Support/MathExtras.h:324:18: note: declared here
  324 | constexpr size_t CTLog2() {
      |                  ^~~~~~
[422/559] Building CXX object lib/Target/AIE/CMakeFiles/LLVMAIECodeGen.dir/aie2p/AIE2PLegalizerInfo.cpp.o
[423/559] Building CXX object lib/Target/AIE/CMakeFiles/LLVMAIECodeGen.dir/aie2p/AIE2PISelLowering.cpp.o
[424/559] Building CXX object lib/Target/AIE/CMakeFiles/LLVMAIECodeGen.dir/AIE2TargetTransformInfo.cpp.o
In file included from /home/jtuyls/iree-ai/llvm-aie-port/amd/aie/llvm/lib/Target/AIE/AIE2FrameLowering.h:18,
                 from /home/jtuyls/iree-ai/llvm-aie-port/amd/aie/llvm/lib/Target/AIE/AIE2Subtarget.h:19,
                 from /home/jtuyls/iree-ai/llvm-aie-port/amd/aie/llvm/lib/Target/AIE/AIE2TargetMachine.h:18,
                 from /home/jtuyls/iree-ai/llvm-aie-port/amd/aie/llvm/lib/Target/AIE/AIE2TargetTransformInfo.h:20,
                 from /home/jtuyls/iree-ai/llvm-aie-port/amd/aie/llvm/lib/Target/AIE/AIE2TargetTransformInfo.cpp:11:
/home/jtuyls/iree-ai/llvm-aie-port/amd/aie/llvm/lib/Target/AIE/AIEBaseFrameLowering.h:90:16: warning: ‘virtual void llvm::AIEBaseFrameLowering::adjustReg(llvm::MachineBasicBlock&, llvm::MachineBasicBlock::iterator, const llvm::DebugLoc&, unsigned int, int64_t, llvm::MachineInstr::MIFlag) const’ was hidden [-Woverloaded-virtual=]
   90 |   virtual void adjustReg(MachineBasicBlock &MBB,
      |                ^~~~~~~~~
In file included from /home/jtuyls/iree-ai/llvm-aie-port/amd/aie/llvm/lib/Target/AIE/aie1/AIE1Subtarget.h:19,
                 from /home/jtuyls/iree-ai/llvm-aie-port/amd/aie/llvm/lib/Target/AIE/AIEBaseTargetTransformInfo.h:21,
                 from /home/jtuyls/iree-ai/llvm-aie-port/amd/aie/llvm/lib/Target/AIE/AIE2TargetTransformInfo.h:21:
/home/jtuyls/iree-ai/llvm-aie-port/amd/aie/llvm/lib/Target/AIE/aie1/AIE1FrameLowering.h:29:15: note:   by ‘static void llvm::AIEFrameLowering::adjustReg(const llvm::TargetInstrInfo*, llvm::MachineBasicBlock&, llvm::MachineBasicBlock::iterator, const llvm::DebugLoc&, unsigned int, int64_t, llvm::MachineInstr::MIFlag)’
   29 |   static void adjustReg(const TargetInstrInfo *TII, MachineBasicBlock &MBB,
      |               ^~~~~~~~~
/home/jtuyls/iree-ai/llvm-aie-port/amd/aie/llvm/lib/Target/AIE/AIEBaseTargetTransformInfo.h: In instantiation of ‘class llvm::AIEBaseTTIImpl<llvm::AIE2TTIImpl>’:
/home/jtuyls/iree-ai/llvm-aie-port/amd/aie/llvm/lib/Target/AIE/AIE2TargetTransformInfo.h:33:28:   required from here
/home/jtuyls/iree-ai/llvm-aie-port/amd/aie/llvm/lib/Target/AIE/AIEBaseTargetTransformInfo.h:88:19: warning: ‘llvm::InstructionCost llvm::AIEBaseTTIImpl<T>::getIntImmCost(const llvm::APInt&, llvm::Type*, llvm::TargetTransformInfo::TargetCostKind) const [with T = llvm::AIE2TTIImpl]’ can be marked override [-Wsuggest-override]
   88 |   InstructionCost getIntImmCost(const APInt &Imm, Type *Ty, TTI::TargetCostKind CostKind) const { // amd/aie/ port: 23 returns InstructionCost
      |                   ^~~~~~~~~~~~~
/home/jtuyls/iree-ai/llvm-aie-port/amd/aie/llvm/lib/Target/AIE/AIEBaseTargetTransformInfo.h:119:12: warning: ‘llvm::TypeSize llvm::AIEBaseTTIImpl<T>::getRegisterBitWidth(llvm::TargetTransformInfo::RegisterKind) const [with T = llvm::AIE2TTIImpl]’ can be marked override [-Wsuggest-override]
  119 |   TypeSize getRegisterBitWidth(TargetTransformInfo::RegisterKind K) const {
      |            ^~~~~~~~~~~~~~~~~~~
/home/jtuyls/iree-ai/llvm-aie-port/amd/aie/llvm/lib/Target/AIE/AIEBaseTargetTransformInfo.h:134:12: warning: ‘unsigned int llvm::AIEBaseTTIImpl<T>::getMinVectorRegisterBitWidth() const [with T = llvm::AIE2TTIImpl]’ can be marked override [-Wsuggest-override]
  134 |   unsigned getMinVectorRegisterBitWidth() const { return 512; }
      |            ^~~~~~~~~~~~~~~~~~~~~~~~~~~~
/home/jtuyls/iree-ai/llvm-aie-port/amd/aie/llvm/lib/Target/AIE/AIEBaseTargetTransformInfo.h:149:19: warning: ‘llvm::InstructionCost llvm::AIEBaseTTIImpl<T>::getArithmeticInstrCost(unsigned int, llvm::Type*, llvm::TargetTransformInfo::TargetCostKind, llvm::TargetTransformInfo::OperandValueInfo, llvm::TargetTransformInfo::OperandValueInfo, llvm::ArrayRef<const llvm::Value*>, const llvm::Instruction*) const [with T = llvm::AIE2TTIImpl]’ can be marked override [-Wsuggest-override]
  149 |   InstructionCost getArithmeticInstrCost(
      |                   ^~~~~~~~~~~~~~~~~~~~~~
/home/jtuyls/iree-ai/llvm-aie-port/amd/aie/llvm/lib/Target/AIE/AIEBaseTargetTransformInfo.h:167:12: warning: ‘unsigned int llvm::AIEBaseTTIImpl<T>::getStoreVectorFactor(unsigned int, unsigned int, unsigned int, llvm::VectorType*) const [with T = llvm::AIE2TTIImpl]’ can be marked override [-Wsuggest-override]
  167 |   unsigned getStoreVectorFactor(unsigned VF, unsigned StoreSizeInBits,
      |            ^~~~~~~~~~~~~~~~~~~~
/home/jtuyls/iree-ai/llvm-aie-port/amd/aie/llvm/lib/Target/AIE/AIEBaseTargetTransformInfo.h:179:12: warning: ‘unsigned int llvm::AIEBaseTTIImpl<T>::getLoadVectorFactor(unsigned int, unsigned int, unsigned int, llvm::VectorType*) const [with T = llvm::AIE2TTIImpl]’ can be marked override [-Wsuggest-override]
  179 |   unsigned getLoadVectorFactor(unsigned VF, unsigned LoadSizeInBits,
      |            ^~~~~~~~~~~~~~~~~~~
/home/jtuyls/iree-ai/llvm-aie-port/amd/aie/llvm/lib/Target/AIE/AIEBaseTargetTransformInfo.h:186:8: warning: ‘bool llvm::AIEBaseTTIImpl<T>::isLegalToVectorizeStoreChain(unsigned int, llvm::Align, unsigned int) const [with T = llvm::AIE2TTIImpl]’ can be marked override [-Wsuggest-override]
  186 |   bool isLegalToVectorizeStoreChain(unsigned ChainSizeInBytes, Align Alignment,
      |        ^~~~~~~~~~~~~~~~~~~~~~~~~~~~
/home/jtuyls/iree-ai/llvm-aie-port/amd/aie/llvm/lib/Target/AIE/AIE2TargetTransformInfo.h:44:32: warning: ‘virtual std::optional<llvm::Instruction*> llvm::AIE2TTIImpl::instCombineIntrinsic(llvm::InstCombiner&, llvm::IntrinsicInst&) const’ can be marked override [-Wsuggest-override]
   44 |   std::optional<Instruction *> instCombineIntrinsic(InstCombiner &IC,
      |                                ^~~~~~~~~~~~~~~~~~~~
/home/jtuyls/iree-ai/llvm-aie-port/amd/aie/llvm/lib/Target/AIE/AIE2TargetTransformInfo.h:63:19: warning: ‘virtual llvm::InstructionCost llvm::AIE2TTIImpl::getMemoryOpCost(unsigned int, llvm::Type*, llvm::Align, unsigned int, llvm::TargetTransformInfo::TargetCostKind, llvm::TargetTransformInfo::OperandValueInfo, const llvm::Instruction*) const’ can be marked override [-Wsuggest-override]
   63 |   InstructionCost getMemoryOpCost(
      |                   ^~~~~~~~~~~~~~~
[425/559] Building CXX object lib/Target/AIE/CMakeFiles/LLVMAIECodeGen.dir/aie2ps/AIE2PSSubtarget.cpp.o
[426/559] Building CXX object lib/Target/AIE/CMakeFiles/LLVMAIECodeGen.dir/aie2ps/AIE2PSFrameLowering.cpp.o
[427/559] Building CXX object lib/Target/AIE/CMakeFiles/LLVMAIECodeGen.dir/aie2ps/AIE2PSRegisterBankInfo.cpp.o
[428/559] Building CXX object lib/Target/AIE/CMakeFiles/LLVMAIECodeGen.dir/aie2p/AIE2PInstrInfo.cpp.o
[429/559] Building CXX object lib/Target/AIE/CMakeFiles/LLVMAIECodeGen.dir/aie2p/AIE2PTargetMachine.cpp.o
In file included from /home/jtuyls/iree-ai/llvm-aie-port/amd/aie/llvm/lib/Target/AIE/aie2p/AIE2PFrameLowering.h:18,
                 from /home/jtuyls/iree-ai/llvm-aie-port/amd/aie/llvm/lib/Target/AIE/aie2p/AIE2PSubtarget.h:18,
                 from /home/jtuyls/iree-ai/llvm-aie-port/amd/aie/llvm/lib/Target/AIE/aie2p/AIE2PTargetMachine.h:18,
                 from /home/jtuyls/iree-ai/llvm-aie-port/amd/aie/llvm/lib/Target/AIE/aie2p/AIE2PTargetMachine.cpp:15:
/home/jtuyls/iree-ai/llvm-aie-port/amd/aie/llvm/lib/Target/AIE/AIEBaseFrameLowering.h:90:16: warning: ‘virtual void llvm::AIEBaseFrameLowering::adjustReg(llvm::MachineBasicBlock&, llvm::MachineBasicBlock::iterator, const llvm::DebugLoc&, unsigned int, int64_t, llvm::MachineInstr::MIFlag) const’ was hidden [-Woverloaded-virtual=]
   90 |   virtual void adjustReg(MachineBasicBlock &MBB,
      |                ^~~~~~~~~
In file included from /home/jtuyls/iree-ai/llvm-aie-port/amd/aie/llvm/lib/Target/AIE/aie1/AIE1Subtarget.h:19,
                 from /home/jtuyls/iree-ai/llvm-aie-port/amd/aie/llvm/lib/Target/AIE/AIEBaseTargetTransformInfo.h:21,
                 from /home/jtuyls/iree-ai/llvm-aie-port/amd/aie/llvm/lib/Target/AIE/aie2p/AIE2PTargetTransformInfo.h:21,
                 from /home/jtuyls/iree-ai/llvm-aie-port/amd/aie/llvm/lib/Target/AIE/aie2p/AIE2PTargetMachine.cpp:16:
/home/jtuyls/iree-ai/llvm-aie-port/amd/aie/llvm/lib/Target/AIE/aie1/AIE1FrameLowering.h:29:15: note:   by ‘static void llvm::AIEFrameLowering::adjustReg(const llvm::TargetInstrInfo*, llvm::MachineBasicBlock&, llvm::MachineBasicBlock::iterator, const llvm::DebugLoc&, unsigned int, int64_t, llvm::MachineInstr::MIFlag)’
   29 |   static void adjustReg(const TargetInstrInfo *TII, MachineBasicBlock &MBB,
      |               ^~~~~~~~~
/home/jtuyls/iree-ai/llvm-aie-port/amd/aie/llvm/lib/Target/AIE/AIEBaseTargetTransformInfo.h: In instantiation of ‘class llvm::AIEBaseTTIImpl<llvm::AIE2PTTIImpl>’:
/home/jtuyls/iree-ai/llvm-aie-port/amd/aie/llvm/lib/Target/AIE/aie2p/AIE2PTargetTransformInfo.h:34:29:   required from here
/home/jtuyls/iree-ai/llvm-aie-port/amd/aie/llvm/lib/Target/AIE/AIEBaseTargetTransformInfo.h:88:19: warning: ‘llvm::InstructionCost llvm::AIEBaseTTIImpl<T>::getIntImmCost(const llvm::APInt&, llvm::Type*, llvm::TargetTransformInfo::TargetCostKind) const [with T = llvm::AIE2PTTIImpl]’ can be marked override [-Wsuggest-override]
   88 |   InstructionCost getIntImmCost(const APInt &Imm, Type *Ty, TTI::TargetCostKind CostKind) const { // amd/aie/ port: 23 returns InstructionCost
      |                   ^~~~~~~~~~~~~
/home/jtuyls/iree-ai/llvm-aie-port/amd/aie/llvm/lib/Target/AIE/AIEBaseTargetTransformInfo.h:119:12: warning: ‘llvm::TypeSize llvm::AIEBaseTTIImpl<T>::getRegisterBitWidth(llvm::TargetTransformInfo::RegisterKind) const [with T = llvm::AIE2PTTIImpl]’ can be marked override [-Wsuggest-override]
  119 |   TypeSize getRegisterBitWidth(TargetTransformInfo::RegisterKind K) const {
      |            ^~~~~~~~~~~~~~~~~~~
/home/jtuyls/iree-ai/llvm-aie-port/amd/aie/llvm/lib/Target/AIE/AIEBaseTargetTransformInfo.h:134:12: warning: ‘unsigned int llvm::AIEBaseTTIImpl<T>::getMinVectorRegisterBitWidth() const [with T = llvm::AIE2PTTIImpl]’ can be marked override [-Wsuggest-override]
  134 |   unsigned getMinVectorRegisterBitWidth() const { return 512; }
      |            ^~~~~~~~~~~~~~~~~~~~~~~~~~~~
/home/jtuyls/iree-ai/llvm-aie-port/amd/aie/llvm/lib/Target/AIE/AIEBaseTargetTransformInfo.h:149:19: warning: ‘llvm::InstructionCost llvm::AIEBaseTTIImpl<T>::getArithmeticInstrCost(unsigned int, llvm::Type*, llvm::TargetTransformInfo::TargetCostKind, llvm::TargetTransformInfo::OperandValueInfo, llvm::TargetTransformInfo::OperandValueInfo, llvm::ArrayRef<const llvm::Value*>, const llvm::Instruction*) const [with T = llvm::AIE2PTTIImpl]’ can be marked override [-Wsuggest-override]
  149 |   InstructionCost getArithmeticInstrCost(
      |                   ^~~~~~~~~~~~~~~~~~~~~~
/home/jtuyls/iree-ai/llvm-aie-port/amd/aie/llvm/lib/Target/AIE/AIEBaseTargetTransformInfo.h:167:12: warning: ‘unsigned int llvm::AIEBaseTTIImpl<T>::getStoreVectorFactor(unsigned int, unsigned int, unsigned int, llvm::VectorType*) const [with T = llvm::AIE2PTTIImpl]’ can be marked override [-Wsuggest-override]
  167 |   unsigned getStoreVectorFactor(unsigned VF, unsigned StoreSizeInBits,
      |            ^~~~~~~~~~~~~~~~~~~~
/home/jtuyls/iree-ai/llvm-aie-port/amd/aie/llvm/lib/Target/AIE/AIEBaseTargetTransformInfo.h:179:12: warning: ‘unsigned int llvm::AIEBaseTTIImpl<T>::getLoadVectorFactor(unsigned int, unsigned int, unsigned int, llvm::VectorType*) const [with T = llvm::AIE2PTTIImpl]’ can be marked override [-Wsuggest-override]
  179 |   unsigned getLoadVectorFactor(unsigned VF, unsigned LoadSizeInBits,
      |            ^~~~~~~~~~~~~~~~~~~
/home/jtuyls/iree-ai/llvm-aie-port/amd/aie/llvm/lib/Target/AIE/AIEBaseTargetTransformInfo.h:186:8: warning: ‘bool llvm::AIEBaseTTIImpl<T>::isLegalToVectorizeStoreChain(unsigned int, llvm::Align, unsigned int) const [with T = llvm::AIE2PTTIImpl]’ can be marked override [-Wsuggest-override]
  186 |   bool isLegalToVectorizeStoreChain(unsigned ChainSizeInBytes, Align Alignment,
      |        ^~~~~~~~~~~~~~~~~~~~~~~~~~~~
/home/jtuyls/iree-ai/llvm-aie-port/amd/aie/llvm/lib/Target/AIE/aie2p/AIE2PTargetTransformInfo.h:52:19: warning: ‘virtual llvm::InstructionCost llvm::AIE2PTTIImpl::getMemoryOpCost(unsigned int, llvm::Type*, llvm::Align, unsigned int, llvm::TargetTransformInfo::TargetCostKind, llvm::TargetTransformInfo::OperandValueInfo, const llvm::Instruction*) const’ can be marked override [-Wsuggest-override]
   52 |   InstructionCost getMemoryOpCost(
      |                   ^~~~~~~~~~~~~~~
/home/jtuyls/iree-ai/llvm-aie-port/amd/aie/llvm/lib/Target/AIE/aie2p/AIE2PTargetTransformInfo.h:58:32: warning: ‘virtual std::optional<llvm::Instruction*> llvm::AIE2PTTIImpl::instCombineIntrinsic(llvm::InstCombiner&, llvm::IntrinsicInst&) const’ can be marked override [-Wsuggest-override]
   58 |   std::optional<Instruction *> instCombineIntrinsic(InstCombiner &IC,
      |                                ^~~~~~~~~~~~~~~~~~~~
[430/559] Building CXX object lib/Target/AIE/MCTargetDesc/CMakeFiles/LLVMAIEDesc.dir/AIE1AsmBackend.cpp.o
[431/559] Building CXX object lib/Target/AIE/CMakeFiles/LLVMAIECodeGen.dir/aie2ps/AIE2PSISelLowering.cpp.o
[432/559] Building CXX object lib/Target/AIE/MCTargetDesc/CMakeFiles/LLVMAIEDesc.dir/AIE2AsmBackend.cpp.o
[433/559] Building CXX object lib/Target/AIE/CMakeFiles/LLVMAIECodeGen.dir/aie2ps/AIE2PSRegisterInfo.cpp.o
In file included from /home/jtuyls/iree-ai/llvm-aie-port/amd/aie/llvm/lib/Target/AIE/aie2ps/AIE2PSRegisterInfo.h:19,
                 from /home/jtuyls/iree-ai/llvm-aie-port/amd/aie/llvm/lib/Target/AIE/aie2ps/AIE2PSRegisterInfo.cpp:16:
/home/jtuyls/iree-ai/llvm-aie-port/amd/aie/llvm/lib/Target/AIE/AIEBaseRegisterInfo.h: In instantiation of ‘bool llvm::isEncodableAsNegativeInt(int) [with int N = 9; unsigned int step = 4]’:
/home/jtuyls/iree-ai/llvm-aie-port/amd/aie/llvm/lib/Target/AIE/aie2ps/AIE2PSRegisterInfo.cpp:214:39:   required from here
/home/jtuyls/iree-ai/llvm-aie-port/amd/aie/llvm/lib/Target/AIE/AIEBaseRegisterInfo.h:156:32: warning: ‘constexpr size_t llvm::CTLog2() [with long unsigned int kValue = 4; size_t = long unsigned int]’ is deprecated: Use ConstantLog2 instead [-Wdeprecated-declarations]
  156 |   return isInt<N + CTLog2<step>() + 1>(Value);
      |                    ~~~~~~~~~~~~^~
In file included from /home/jtuyls/iree-ai/llvm-aie-port/llvm/include/llvm/ADT/SmallPtrSet.h:23,
                 from /home/jtuyls/iree-ai/llvm-aie-port/llvm/include/llvm/ADT/SmallSet.h:19,
                 from /home/jtuyls/iree-ai/llvm-aie-port/amd/aie/llvm/lib/Target/AIE/AIEBaseRegisterInfo.h:18:
/home/jtuyls/iree-ai/llvm-aie-port/llvm/include/llvm/Support/MathExtras.h:324:18: note: declared here
  324 | constexpr size_t CTLog2() {
      |                  ^~~~~~
/home/jtuyls/iree-ai/llvm-aie-port/amd/aie/llvm/lib/Target/AIE/AIEBaseRegisterInfo.h: In instantiation of ‘bool llvm::isEncodableAsNegativeInt(int) [with int N = 9; unsigned int step = 8]’:
/home/jtuyls/iree-ai/llvm-aie-port/amd/aie/llvm/lib/Target/AIE/aie2ps/AIE2PSRegisterInfo.cpp:243:39:   required from here
/home/jtuyls/iree-ai/llvm-aie-port/amd/aie/llvm/lib/Target/AIE/AIEBaseRegisterInfo.h:156:32: warning: ‘constexpr size_t llvm::CTLog2() [with long unsigned int kValue = 8; size_t = long unsigned int]’ is deprecated: Use ConstantLog2 instead [-Wdeprecated-declarations]
  156 |   return isInt<N + CTLog2<step>() + 1>(Value);
      |                    ~~~~~~~~~~~~^~
/home/jtuyls/iree-ai/llvm-aie-port/llvm/include/llvm/Support/MathExtras.h:324:18: note: declared here
  324 | constexpr size_t CTLog2() {
      |                  ^~~~~~
/home/jtuyls/iree-ai/llvm-aie-port/amd/aie/llvm/lib/Target/AIE/AIEBaseRegisterInfo.h: In instantiation of ‘bool llvm::isEncodableAsNegativeInt(int) [with int N = 9; unsigned int step = 16]’:
/home/jtuyls/iree-ai/llvm-aie-port/amd/aie/llvm/lib/Target/AIE/aie2ps/AIE2PSRegisterInfo.cpp:264:40:   required from here
/home/jtuyls/iree-ai/llvm-aie-port/amd/aie/llvm/lib/Target/AIE/AIEBaseRegisterInfo.h:156:32: warning: ‘constexpr size_t llvm::CTLog2() [with long unsigned int kValue = 16; size_t = long unsigned int]’ is deprecated: Use ConstantLog2 instead [-Wdeprecated-declarations]
  156 |   return isInt<N + CTLog2<step>() + 1>(Value);
      |                    ~~~~~~~~~~~~^~
/home/jtuyls/iree-ai/llvm-aie-port/llvm/include/llvm/Support/MathExtras.h:324:18: note: declared here
  324 | constexpr size_t CTLog2() {
      |                  ^~~~~~
/home/jtuyls/iree-ai/llvm-aie-port/amd/aie/llvm/lib/Target/AIE/AIEBaseRegisterInfo.h: In instantiation of ‘bool llvm::isEncodableAsNegativeInt(int) [with int N = 9; unsigned int step = 32]’:
/home/jtuyls/iree-ai/llvm-aie-port/amd/aie/llvm/lib/Target/AIE/aie2ps/AIE2PSRegisterInfo.cpp:281:40:   required from here
/home/jtuyls/iree-ai/llvm-aie-port/amd/aie/llvm/lib/Target/AIE/AIEBaseRegisterInfo.h:156:32: warning: ‘constexpr size_t llvm::CTLog2() [with long unsigned int kValue = 32; size_t = long unsigned int]’ is deprecated: Use ConstantLog2 instead [-Wdeprecated-declarations]
  156 |   return isInt<N + CTLog2<step>() + 1>(Value);
      |                    ~~~~~~~~~~~~^~
/home/jtuyls/iree-ai/llvm-aie-port/llvm/include/llvm/Support/MathExtras.h:324:18: note: declared here
  324 | constexpr size_t CTLog2() {
      |                  ^~~~~~
/home/jtuyls/iree-ai/llvm-aie-port/amd/aie/llvm/lib/Target/AIE/AIEBaseRegisterInfo.h: In instantiation of ‘bool llvm::isEncodableAsNegativeInt(int) [with int N = 9; unsigned int step = 64]’:
/home/jtuyls/iree-ai/llvm-aie-port/amd/aie/llvm/lib/Target/AIE/aie2ps/AIE2PSRegisterInfo.cpp:298:40:   required from here
/home/jtuyls/iree-ai/llvm-aie-port/amd/aie/llvm/lib/Target/AIE/AIEBaseRegisterInfo.h:156:32: warning: ‘constexpr size_t llvm::CTLog2() [with long unsigned int kValue = 64; size_t = long unsigned int]’ is deprecated: Use ConstantLog2 instead [-Wdeprecated-declarations]
  156 |   return isInt<N + CTLog2<step>() + 1>(Value);
      |                    ~~~~~~~~~~~~^~
/home/jtuyls/iree-ai/llvm-aie-port/llvm/include/llvm/Support/MathExtras.h:324:18: note: declared here
  324 | constexpr size_t CTLog2() {
      |                  ^~~~~~
/home/jtuyls/iree-ai/llvm-aie-port/amd/aie/llvm/lib/Target/AIE/AIEBaseRegisterInfo.h: In instantiation of ‘bool llvm::isEncodableAsNegativeInt(int) [with int N = 9; unsigned int step = 128]’:
/home/jtuyls/iree-ai/llvm-aie-port/amd/aie/llvm/lib/Target/AIE/aie2ps/AIE2PSRegisterInfo.cpp:317:41:   required from here
/home/jtuyls/iree-ai/llvm-aie-port/amd/aie/llvm/lib/Target/AIE/AIEBaseRegisterInfo.h:156:32: warning: ‘constexpr size_t llvm::CTLog2() [with long unsigned int kValue = 128; size_t = long unsigned int]’ is deprecated: Use ConstantLog2 instead [-Wdeprecated-declarations]
  156 |   return isInt<N + CTLog2<step>() + 1>(Value);
      |                    ~~~~~~~~~~~~^~
/home/jtuyls/iree-ai/llvm-aie-port/llvm/include/llvm/Support/MathExtras.h:324:18: note: declared here
  324 | constexpr size_t CTLog2() {
      |                  ^~~~~~
[434/559] Building CXX object lib/Target/AIE/MCTargetDesc/CMakeFiles/LLVMAIEDesc.dir/AIE2MCTargetDesc.cpp.o
[435/559] Building CXX object lib/Target/AIE/MCTargetDesc/CMakeFiles/LLVMAIEDesc.dir/AIETargetELFStreamer.cpp.o
[436/559] Building CXX object lib/Target/AIE/CMakeFiles/LLVMAIECodeGen.dir/aie2ps/AIE2PSLegalizerInfo.cpp.o
[437/559] Building CXX object lib/Target/AIE/InstPrinter/CMakeFiles/LLVMAIEAsmPrinter.dir/AIEInstPrinter.cpp.o
[438/559] Building CXX object lib/Target/AIE/CMakeFiles/LLVMAIECodeGen.dir/aie2p/AIE2PTargetTransformInfo.cpp.o
In file included from /home/jtuyls/iree-ai/llvm-aie-port/amd/aie/llvm/lib/Target/AIE/aie2p/AIE2PFrameLowering.h:18,
                 from /home/jtuyls/iree-ai/llvm-aie-port/amd/aie/llvm/lib/Target/AIE/aie2p/AIE2PSubtarget.h:18,
                 from /home/jtuyls/iree-ai/llvm-aie-port/amd/aie/llvm/lib/Target/AIE/aie2p/AIE2PTargetMachine.h:18,
                 from /home/jtuyls/iree-ai/llvm-aie-port/amd/aie/llvm/lib/Target/AIE/aie2p/AIE2PTargetTransformInfo.h:20,
                 from /home/jtuyls/iree-ai/llvm-aie-port/amd/aie/llvm/lib/Target/AIE/aie2p/AIE2PTargetTransformInfo.cpp:11:
/home/jtuyls/iree-ai/llvm-aie-port/amd/aie/llvm/lib/Target/AIE/AIEBaseFrameLowering.h:90:16: warning: ‘virtual void llvm::AIEBaseFrameLowering::adjustReg(llvm::MachineBasicBlock&, llvm::MachineBasicBlock::iterator, const llvm::DebugLoc&, unsigned int, int64_t, llvm::MachineInstr::MIFlag) const’ was hidden [-Woverloaded-virtual=]
   90 |   virtual void adjustReg(MachineBasicBlock &MBB,
      |                ^~~~~~~~~
In file included from /home/jtuyls/iree-ai/llvm-aie-port/amd/aie/llvm/lib/Target/AIE/aie1/AIE1Subtarget.h:19,
                 from /home/jtuyls/iree-ai/llvm-aie-port/amd/aie/llvm/lib/Target/AIE/AIEBaseTargetTransformInfo.h:21,
                 from /home/jtuyls/iree-ai/llvm-aie-port/amd/aie/llvm/lib/Target/AIE/aie2p/AIE2PTargetTransformInfo.h:21:
/home/jtuyls/iree-ai/llvm-aie-port/amd/aie/llvm/lib/Target/AIE/aie1/AIE1FrameLowering.h:29:15: note:   by ‘static void llvm::AIEFrameLowering::adjustReg(const llvm::TargetInstrInfo*, llvm::MachineBasicBlock&, llvm::MachineBasicBlock::iterator, const llvm::DebugLoc&, unsigned int, int64_t, llvm::MachineInstr::MIFlag)’
   29 |   static void adjustReg(const TargetInstrInfo *TII, MachineBasicBlock &MBB,
      |               ^~~~~~~~~
/home/jtuyls/iree-ai/llvm-aie-port/amd/aie/llvm/lib/Target/AIE/AIEBaseTargetTransformInfo.h: In instantiation of ‘class llvm::AIEBaseTTIImpl<llvm::AIE2PTTIImpl>’:
/home/jtuyls/iree-ai/llvm-aie-port/amd/aie/llvm/lib/Target/AIE/aie2p/AIE2PTargetTransformInfo.h:34:29:   required from here
/home/jtuyls/iree-ai/llvm-aie-port/amd/aie/llvm/lib/Target/AIE/AIEBaseTargetTransformInfo.h:88:19: warning: ‘llvm::InstructionCost llvm::AIEBaseTTIImpl<T>::getIntImmCost(const llvm::APInt&, llvm::Type*, llvm::TargetTransformInfo::TargetCostKind) const [with T = llvm::AIE2PTTIImpl]’ can be marked override [-Wsuggest-override]
   88 |   InstructionCost getIntImmCost(const APInt &Imm, Type *Ty, TTI::TargetCostKind CostKind) const { // amd/aie/ port: 23 returns InstructionCost
      |                   ^~~~~~~~~~~~~
/home/jtuyls/iree-ai/llvm-aie-port/amd/aie/llvm/lib/Target/AIE/AIEBaseTargetTransformInfo.h:119:12: warning: ‘llvm::TypeSize llvm::AIEBaseTTIImpl<T>::getRegisterBitWidth(llvm::TargetTransformInfo::RegisterKind) const [with T = llvm::AIE2PTTIImpl]’ can be marked override [-Wsuggest-override]
  119 |   TypeSize getRegisterBitWidth(TargetTransformInfo::RegisterKind K) const {
      |            ^~~~~~~~~~~~~~~~~~~
/home/jtuyls/iree-ai/llvm-aie-port/amd/aie/llvm/lib/Target/AIE/AIEBaseTargetTransformInfo.h:134:12: warning: ‘unsigned int llvm::AIEBaseTTIImpl<T>::getMinVectorRegisterBitWidth() const [with T = llvm::AIE2PTTIImpl]’ can be marked override [-Wsuggest-override]
  134 |   unsigned getMinVectorRegisterBitWidth() const { return 512; }
      |            ^~~~~~~~~~~~~~~~~~~~~~~~~~~~
/home/jtuyls/iree-ai/llvm-aie-port/amd/aie/llvm/lib/Target/AIE/AIEBaseTargetTransformInfo.h:149:19: warning: ‘llvm::InstructionCost llvm::AIEBaseTTIImpl<T>::getArithmeticInstrCost(unsigned int, llvm::Type*, llvm::TargetTransformInfo::TargetCostKind, llvm::TargetTransformInfo::OperandValueInfo, llvm::TargetTransformInfo::OperandValueInfo, llvm::ArrayRef<const llvm::Value*>, const llvm::Instruction*) const [with T = llvm::AIE2PTTIImpl]’ can be marked override [-Wsuggest-override]
  149 |   InstructionCost getArithmeticInstrCost(
      |                   ^~~~~~~~~~~~~~~~~~~~~~
/home/jtuyls/iree-ai/llvm-aie-port/amd/aie/llvm/lib/Target/AIE/AIEBaseTargetTransformInfo.h:167:12: warning: ‘unsigned int llvm::AIEBaseTTIImpl<T>::getStoreVectorFactor(unsigned int, unsigned int, unsigned int, llvm::VectorType*) const [with T = llvm::AIE2PTTIImpl]’ can be marked override [-Wsuggest-override]
  167 |   unsigned getStoreVectorFactor(unsigned VF, unsigned StoreSizeInBits,
      |            ^~~~~~~~~~~~~~~~~~~~
/home/jtuyls/iree-ai/llvm-aie-port/amd/aie/llvm/lib/Target/AIE/AIEBaseTargetTransformInfo.h:179:12: warning: ‘unsigned int llvm::AIEBaseTTIImpl<T>::getLoadVectorFactor(unsigned int, unsigned int, unsigned int, llvm::VectorType*) const [with T = llvm::AIE2PTTIImpl]’ can be marked override [-Wsuggest-override]
  179 |   unsigned getLoadVectorFactor(unsigned VF, unsigned LoadSizeInBits,
      |            ^~~~~~~~~~~~~~~~~~~
/home/jtuyls/iree-ai/llvm-aie-port/amd/aie/llvm/lib/Target/AIE/AIEBaseTargetTransformInfo.h:186:8: warning: ‘bool llvm::AIEBaseTTIImpl<T>::isLegalToVectorizeStoreChain(unsigned int, llvm::Align, unsigned int) const [with T = llvm::AIE2PTTIImpl]’ can be marked override [-Wsuggest-override]
  186 |   bool isLegalToVectorizeStoreChain(unsigned ChainSizeInBytes, Align Alignment,
      |        ^~~~~~~~~~~~~~~~~~~~~~~~~~~~
/home/jtuyls/iree-ai/llvm-aie-port/amd/aie/llvm/lib/Target/AIE/aie2p/AIE2PTargetTransformInfo.h:52:19: warning: ‘virtual llvm::InstructionCost llvm::AIE2PTTIImpl::getMemoryOpCost(unsigned int, llvm::Type*, llvm::Align, unsigned int, llvm::TargetTransformInfo::TargetCostKind, llvm::TargetTransformInfo::OperandValueInfo, const llvm::Instruction*) const’ can be marked override [-Wsuggest-override]
   52 |   InstructionCost getMemoryOpCost(
      |                   ^~~~~~~~~~~~~~~
/home/jtuyls/iree-ai/llvm-aie-port/amd/aie/llvm/lib/Target/AIE/aie2p/AIE2PTargetTransformInfo.h:58:32: warning: ‘virtual std::optional<llvm::Instruction*> llvm::AIE2PTTIImpl::instCombineIntrinsic(llvm::InstCombiner&, llvm::IntrinsicInst&) const’ can be marked override [-Wsuggest-override]
   58 |   std::optional<Instruction *> instCombineIntrinsic(InstCombiner &IC,
      |                                ^~~~~~~~~~~~~~~~~~~~
[439/559] Building CXX object lib/Target/AIE/CMakeFiles/LLVMAIECodeGen.dir/aie2p/AIE2PPostLegalizerCustomCombiner.cpp.o
[440/559] Building CXX object lib/Target/AIE/MCTargetDesc/CMakeFiles/LLVMAIEDesc.dir/AIEBaseAsmBackend.cpp.o
[441/559] Building CXX object lib/Target/AIE/MCTargetDesc/CMakeFiles/LLVMAIEDesc.dir/aie2p/AIE2PMCTargetDesc.cpp.o
[442/559] Building CXX object lib/Target/AIE/AsmParser/CMakeFiles/LLVMAIEAsmParser.dir/AIE1AsmParser.cpp.o
In file included from /home/jtuyls/iree-ai/llvm-aie-port/amd/aie/llvm/lib/Target/AIE/AsmParser/AIE1AsmParser.cpp:73:
/home/jtuyls/iree-ai/llvm-aie-port/build/lib/Target/AIE/AIEGenAsmMatcher.inc:2289:13: warning: ‘llvm::ParseStatus {anonymous}::AIEAsmParser::MatchOperandParserImpl(llvm::OperandVector&, llvm::StringRef, bool)’ defined but not used [-Wunused-function]
 2289 | ParseStatus AIEAsmParser::
      |             ^~~~~~~~~~~~
[443/559] Building CXX object lib/Target/AIE/InstPrinter/CMakeFiles/LLVMAIEAsmPrinter.dir/AIE2InstPrinter.cpp.o
In file included from /home/jtuyls/iree-ai/llvm-aie-port/amd/aie/llvm/lib/Target/AIE/InstPrinter/AIE2InstPrinter.h:18,
                 from /home/jtuyls/iree-ai/llvm-aie-port/amd/aie/llvm/lib/Target/AIE/InstPrinter/AIE2InstPrinter.cpp:15:
/home/jtuyls/iree-ai/llvm-aie-port/amd/aie/llvm/lib/Target/AIE/InstPrinter/AIECommonInstPrinter.h: In member function ‘void llvm::AIECommonInstPrinter::printImmOffset(const llvm::MCOperand&, const llvm::MCSubtargetInfo&, llvm::raw_ostream&)’:
/home/jtuyls/iree-ai/llvm-aie-port/amd/aie/llvm/lib/Target/AIE/InstPrinter/AIECommonInstPrinter.h:54:5: warning: invalid use of incomplete type ‘const class llvm::MCAsmInfo’
   54 |     MAI.printExpr(O, *MO.getExpr());
      |     ^~~
In file included from /home/jtuyls/iree-ai/llvm-aie-port/llvm/include/llvm/MC/MCSymbol.h:18,
                 from /home/jtuyls/iree-ai/llvm-aie-port/llvm/include/llvm/MC/MCObjectWriter.h:12,
                 from /home/jtuyls/iree-ai/llvm-aie-port/amd/aie/llvm/lib/Target/AIE/MCTargetDesc/AIEMCTargetDesc.h:19,
                 from /home/jtuyls/iree-ai/llvm-aie-port/amd/aie/llvm/lib/Target/AIE/InstPrinter/AIECommonInstPrinter.h:19:
/home/jtuyls/iree-ai/llvm-aie-port/llvm/include/llvm/MC/MCExpr.h:19:7: note: forward declaration of ‘class llvm::MCAsmInfo’
   19 | class MCAsmInfo;
      |       ^~~~~~~~~
[444/559] Building CXX object lib/Target/AIE/MCTargetDesc/CMakeFiles/LLVMAIEDesc.dir/aie2ps/AIE2PSMCTargetDesc.cpp.o
[445/559] Building CXX object lib/Target/AIE/MCTargetDesc/CMakeFiles/LLVMAIEDesc.dir/AIEMCInstrInfo.cpp.o
[446/559] Building CXX object lib/Target/AIE/InstPrinter/CMakeFiles/LLVMAIEAsmPrinter.dir/AIE2PInstPrinter.cpp.o
In file included from /home/jtuyls/iree-ai/llvm-aie-port/amd/aie/llvm/lib/Target/AIE/InstPrinter/AIE2PInstPrinter.h:18,
                 from /home/jtuyls/iree-ai/llvm-aie-port/amd/aie/llvm/lib/Target/AIE/InstPrinter/AIE2PInstPrinter.cpp:15:
/home/jtuyls/iree-ai/llvm-aie-port/amd/aie/llvm/lib/Target/AIE/InstPrinter/AIECommonInstPrinter.h: In member function ‘void llvm::AIECommonInstPrinter::printImmOffset(const llvm::MCOperand&, const llvm::MCSubtargetInfo&, llvm::raw_ostream&)’:
/home/jtuyls/iree-ai/llvm-aie-port/amd/aie/llvm/lib/Target/AIE/InstPrinter/AIECommonInstPrinter.h:54:5: warning: invalid use of incomplete type ‘const class llvm::MCAsmInfo’
   54 |     MAI.printExpr(O, *MO.getExpr());
      |     ^~~
In file included from /home/jtuyls/iree-ai/llvm-aie-port/llvm/include/llvm/MC/MCSymbol.h:18,
                 from /home/jtuyls/iree-ai/llvm-aie-port/llvm/include/llvm/MC/MCObjectWriter.h:12,
                 from /home/jtuyls/iree-ai/llvm-aie-port/amd/aie/llvm/lib/Target/AIE/MCTargetDesc/AIEMCTargetDesc.h:19,
                 from /home/jtuyls/iree-ai/llvm-aie-port/amd/aie/llvm/lib/Target/AIE/InstPrinter/AIECommonInstPrinter.h:19:
/home/jtuyls/iree-ai/llvm-aie-port/llvm/include/llvm/MC/MCExpr.h:19:7: note: forward declaration of ‘class llvm::MCAsmInfo’
   19 | class MCAsmInfo;
      |       ^~~~~~~~~
[447/559] Building CXX object lib/Target/AIE/AsmParser/CMakeFiles/LLVMAIEAsmParser.dir/AIE2PAsmParser.cpp.o
[448/559] Building CXX object lib/Target/AIE/AsmParser/CMakeFiles/LLVMAIEAsmParser.dir/AIE2AsmParser.cpp.o
[449/559] Building CXX object lib/Target/AIE/InstPrinter/CMakeFiles/LLVMAIEAsmPrinter.dir/AIE2PSInstPrinter.cpp.o
In file included from /home/jtuyls/iree-ai/llvm-aie-port/amd/aie/llvm/lib/Target/AIE/InstPrinter/AIE2PSInstPrinter.h:18,
                 from /home/jtuyls/iree-ai/llvm-aie-port/amd/aie/llvm/lib/Target/AIE/InstPrinter/AIE2PSInstPrinter.cpp:15:
/home/jtuyls/iree-ai/llvm-aie-port/amd/aie/llvm/lib/Target/AIE/InstPrinter/AIECommonInstPrinter.h: In member function ‘void llvm::AIECommonInstPrinter::printImmOffset(const llvm::MCOperand&, const llvm::MCSubtargetInfo&, llvm::raw_ostream&)’:
/home/jtuyls/iree-ai/llvm-aie-port/amd/aie/llvm/lib/Target/AIE/InstPrinter/AIECommonInstPrinter.h:54:5: warning: invalid use of incomplete type ‘const class llvm::MCAsmInfo’
   54 |     MAI.printExpr(O, *MO.getExpr());
      |     ^~~
In file included from /home/jtuyls/iree-ai/llvm-aie-port/llvm/include/llvm/MC/MCSymbol.h:18,
                 from /home/jtuyls/iree-ai/llvm-aie-port/llvm/include/llvm/MC/MCObjectWriter.h:12,
                 from /home/jtuyls/iree-ai/llvm-aie-port/amd/aie/llvm/lib/Target/AIE/MCTargetDesc/AIEMCTargetDesc.h:19,
                 from /home/jtuyls/iree-ai/llvm-aie-port/amd/aie/llvm/lib/Target/AIE/InstPrinter/AIECommonInstPrinter.h:19:
/home/jtuyls/iree-ai/llvm-aie-port/llvm/include/llvm/MC/MCExpr.h:19:7: note: forward declaration of ‘class llvm::MCAsmInfo’
   19 | class MCAsmInfo;
      |       ^~~~~~~~~
[450/559] Building CXX object lib/Target/AIE/MCTargetDesc/CMakeFiles/LLVMAIEDesc.dir/aie2p/AIE2PAsmBackend.cpp.o
[451/559] Building CXX object lib/Target/AIE/CMakeFiles/LLVMAIECodeGen.dir/aie2ps/AIE2PSTargetMachine.cpp.o
In file included from /home/jtuyls/iree-ai/llvm-aie-port/amd/aie/llvm/lib/Target/AIE/aie2ps/AIE2PSFrameLowering.h:18,
                 from /home/jtuyls/iree-ai/llvm-aie-port/amd/aie/llvm/lib/Target/AIE/aie2ps/AIE2PSSubtarget.h:18,
                 from /home/jtuyls/iree-ai/llvm-aie-port/amd/aie/llvm/lib/Target/AIE/aie2ps/AIE2PSTargetMachine.h:18,
                 from /home/jtuyls/iree-ai/llvm-aie-port/amd/aie/llvm/lib/Target/AIE/aie2ps/AIE2PSTargetMachine.cpp:15:
/home/jtuyls/iree-ai/llvm-aie-port/amd/aie/llvm/lib/Target/AIE/AIEBaseFrameLowering.h:90:16: warning: ‘virtual void llvm::AIEBaseFrameLowering::adjustReg(llvm::MachineBasicBlock&, llvm::MachineBasicBlock::iterator, const llvm::DebugLoc&, unsigned int, int64_t, llvm::MachineInstr::MIFlag) const’ was hidden [-Woverloaded-virtual=]
   90 |   virtual void adjustReg(MachineBasicBlock &MBB,
      |                ^~~~~~~~~
In file included from /home/jtuyls/iree-ai/llvm-aie-port/amd/aie/llvm/lib/Target/AIE/aie1/AIE1Subtarget.h:19,
                 from /home/jtuyls/iree-ai/llvm-aie-port/amd/aie/llvm/lib/Target/AIE/AIEBaseTargetTransformInfo.h:21,
                 from /home/jtuyls/iree-ai/llvm-aie-port/amd/aie/llvm/lib/Target/AIE/aie2ps/AIE2PSTargetTransformInfo.h:21,
                 from /home/jtuyls/iree-ai/llvm-aie-port/amd/aie/llvm/lib/Target/AIE/aie2ps/AIE2PSTargetMachine.cpp:16:
/home/jtuyls/iree-ai/llvm-aie-port/amd/aie/llvm/lib/Target/AIE/aie1/AIE1FrameLowering.h:29:15: note:   by ‘static void llvm::AIEFrameLowering::adjustReg(const llvm::TargetInstrInfo*, llvm::MachineBasicBlock&, llvm::MachineBasicBlock::iterator, const llvm::DebugLoc&, unsigned int, int64_t, llvm::MachineInstr::MIFlag)’
   29 |   static void adjustReg(const TargetInstrInfo *TII, MachineBasicBlock &MBB,
      |               ^~~~~~~~~
/home/jtuyls/iree-ai/llvm-aie-port/amd/aie/llvm/lib/Target/AIE/AIEBaseTargetTransformInfo.h: In instantiation of ‘class llvm::AIEBaseTTIImpl<llvm::AIE2PSTTIImpl>’:
/home/jtuyls/iree-ai/llvm-aie-port/amd/aie/llvm/lib/Target/AIE/aie2ps/AIE2PSTargetTransformInfo.h:34:30:   required from here
/home/jtuyls/iree-ai/llvm-aie-port/amd/aie/llvm/lib/Target/AIE/AIEBaseTargetTransformInfo.h:88:19: warning: ‘llvm::InstructionCost llvm::AIEBaseTTIImpl<T>::getIntImmCost(const llvm::APInt&, llvm::Type*, llvm::TargetTransformInfo::TargetCostKind) const [with T = llvm::AIE2PSTTIImpl]’ can be marked override [-Wsuggest-override]
   88 |   InstructionCost getIntImmCost(const APInt &Imm, Type *Ty, TTI::TargetCostKind CostKind) const { // amd/aie/ port: 23 returns InstructionCost
      |                   ^~~~~~~~~~~~~
/home/jtuyls/iree-ai/llvm-aie-port/amd/aie/llvm/lib/Target/AIE/AIEBaseTargetTransformInfo.h:119:12: warning: ‘llvm::TypeSize llvm::AIEBaseTTIImpl<T>::getRegisterBitWidth(llvm::TargetTransformInfo::RegisterKind) const [with T = llvm::AIE2PSTTIImpl]’ can be marked override [-Wsuggest-override]
  119 |   TypeSize getRegisterBitWidth(TargetTransformInfo::RegisterKind K) const {
      |            ^~~~~~~~~~~~~~~~~~~
/home/jtuyls/iree-ai/llvm-aie-port/amd/aie/llvm/lib/Target/AIE/AIEBaseTargetTransformInfo.h:134:12: warning: ‘unsigned int llvm::AIEBaseTTIImpl<T>::getMinVectorRegisterBitWidth() const [with T = llvm::AIE2PSTTIImpl]’ can be marked override [-Wsuggest-override]
  134 |   unsigned getMinVectorRegisterBitWidth() const { return 512; }
      |            ^~~~~~~~~~~~~~~~~~~~~~~~~~~~
/home/jtuyls/iree-ai/llvm-aie-port/amd/aie/llvm/lib/Target/AIE/AIEBaseTargetTransformInfo.h:149:19: warning: ‘llvm::InstructionCost llvm::AIEBaseTTIImpl<T>::getArithmeticInstrCost(unsigned int, llvm::Type*, llvm::TargetTransformInfo::TargetCostKind, llvm::TargetTransformInfo::OperandValueInfo, llvm::TargetTransformInfo::OperandValueInfo, llvm::ArrayRef<const llvm::Value*>, const llvm::Instruction*) const [with T = llvm::AIE2PSTTIImpl]’ can be marked override [-Wsuggest-override]
  149 |   InstructionCost getArithmeticInstrCost(
      |                   ^~~~~~~~~~~~~~~~~~~~~~
/home/jtuyls/iree-ai/llvm-aie-port/amd/aie/llvm/lib/Target/AIE/AIEBaseTargetTransformInfo.h:167:12: warning: ‘unsigned int llvm::AIEBaseTTIImpl<T>::getStoreVectorFactor(unsigned int, unsigned int, unsigned int, llvm::VectorType*) const [with T = llvm::AIE2PSTTIImpl]’ can be marked override [-Wsuggest-override]
  167 |   unsigned getStoreVectorFactor(unsigned VF, unsigned StoreSizeInBits,
      |            ^~~~~~~~~~~~~~~~~~~~
/home/jtuyls/iree-ai/llvm-aie-port/amd/aie/llvm/lib/Target/AIE/AIEBaseTargetTransformInfo.h:179:12: warning: ‘unsigned int llvm::AIEBaseTTIImpl<T>::getLoadVectorFactor(unsigned int, unsigned int, unsigned int, llvm::VectorType*) const [with T = llvm::AIE2PSTTIImpl]’ can be marked override [-Wsuggest-override]
  179 |   unsigned getLoadVectorFactor(unsigned VF, unsigned LoadSizeInBits,
      |            ^~~~~~~~~~~~~~~~~~~
/home/jtuyls/iree-ai/llvm-aie-port/amd/aie/llvm/lib/Target/AIE/AIEBaseTargetTransformInfo.h:186:8: warning: ‘bool llvm::AIEBaseTTIImpl<T>::isLegalToVectorizeStoreChain(unsigned int, llvm::Align, unsigned int) const [with T = llvm::AIE2PSTTIImpl]’ can be marked override [-Wsuggest-override]
  186 |   bool isLegalToVectorizeStoreChain(unsigned ChainSizeInBytes, Align Alignment,
      |        ^~~~~~~~~~~~~~~~~~~~~~~~~~~~
/home/jtuyls/iree-ai/llvm-aie-port/amd/aie/llvm/lib/Target/AIE/aie2ps/AIE2PSTargetTransformInfo.h:53:19: warning: ‘virtual llvm::InstructionCost llvm::AIE2PSTTIImpl::getMemoryOpCost(unsigned int, llvm::Type*, llvm::Align, unsigned int, llvm::TargetTransformInfo::TargetCostKind, llvm::TargetTransformInfo::OperandValueInfo, const llvm::Instruction*) const’ can be marked override [-Wsuggest-override]
   53 |   InstructionCost getMemoryOpCost(
      |                   ^~~~~~~~~~~~~~~
/home/jtuyls/iree-ai/llvm-aie-port/amd/aie/llvm/lib/Target/AIE/aie2ps/AIE2PSTargetTransformInfo.h:59:32: warning: ‘virtual std::optional<llvm::Instruction*> llvm::AIE2PSTTIImpl::instCombineIntrinsic(llvm::InstCombiner&, llvm::IntrinsicInst&) const’ can be marked override [-Wsuggest-override]
   59 |   std::optional<Instruction *> instCombineIntrinsic(InstCombiner &IC,
      |                                ^~~~~~~~~~~~~~~~~~~~
[452/559] Building CXX object lib/Target/AIE/CMakeFiles/LLVMAIECodeGen.dir/aie2ps/AIE2PSPostLegalizerFinalCombiner.cpp.o
[453/559] Building CXX object lib/Target/AIE/CMakeFiles/LLVMAIECodeGen.dir/aie1/AIE1TargetMachine.cpp.o
In file included from /home/jtuyls/iree-ai/llvm-aie-port/amd/aie/llvm/lib/Target/AIE/aie1/AIE1FrameLowering.h:18,
                 from /home/jtuyls/iree-ai/llvm-aie-port/amd/aie/llvm/lib/Target/AIE/aie1/AIE1Subtarget.h:19,
                 from /home/jtuyls/iree-ai/llvm-aie-port/amd/aie/llvm/lib/Target/AIE/aie1/AIE1TargetMachine.h:20,
                 from /home/jtuyls/iree-ai/llvm-aie-port/amd/aie/llvm/lib/Target/AIE/aie1/AIE1TargetMachine.cpp:15:
/home/jtuyls/iree-ai/llvm-aie-port/amd/aie/llvm/lib/Target/AIE/AIEBaseFrameLowering.h:90:16: warning: ‘virtual void llvm::AIEBaseFrameLowering::adjustReg(llvm::MachineBasicBlock&, llvm::MachineBasicBlock::iterator, const llvm::DebugLoc&, unsigned int, int64_t, llvm::MachineInstr::MIFlag) const’ was hidden [-Woverloaded-virtual=]
   90 |   virtual void adjustReg(MachineBasicBlock &MBB,
      |                ^~~~~~~~~
/home/jtuyls/iree-ai/llvm-aie-port/amd/aie/llvm/lib/Target/AIE/aie1/AIE1FrameLowering.h:29:15: note:   by ‘static void llvm::AIEFrameLowering::adjustReg(const llvm::TargetInstrInfo*, llvm::MachineBasicBlock&, llvm::MachineBasicBlock::iterator, const llvm::DebugLoc&, unsigned int, int64_t, llvm::MachineInstr::MIFlag)’
   29 |   static void adjustReg(const TargetInstrInfo *TII, MachineBasicBlock &MBB,
      |               ^~~~~~~~~
In file included from /home/jtuyls/iree-ai/llvm-aie-port/llvm/include/llvm/CodeGen/BasicTTIImpl.h:28,
                 from /home/jtuyls/iree-ai/llvm-aie-port/amd/aie/llvm/lib/Target/AIE/AIETargetTransformInfo.h:22,
                 from /home/jtuyls/iree-ai/llvm-aie-port/amd/aie/llvm/lib/Target/AIE/aie1/AIE1TargetMachine.cpp:20:
/home/jtuyls/iree-ai/llvm-aie-port/llvm/include/llvm/Analysis/TargetTransformInfoImpl.h:587:27: warning: ‘virtual llvm::InstructionCost llvm::TargetTransformInfoImplBase::getIntImmCost(const llvm::APInt&, llvm::Type*, llvm::TargetTransformInfo::TargetCostKind) const’ was hidden [-Woverloaded-virtual=]
  587 |   virtual InstructionCost getIntImmCost(const APInt &Imm, Type *Ty,
      |                           ^~~~~~~~~~~~~
/home/jtuyls/iree-ai/llvm-aie-port/amd/aie/llvm/lib/Target/AIE/AIETargetTransformInfo.h:42:7: note:   by ‘int llvm::AIETTIImpl::getIntImmCost(const llvm::APInt&, llvm::Type*, llvm::TargetTransformInfo::TargetCostKind)’
   42 |   int getIntImmCost(const APInt &Imm, Type *Ty, TTI::TargetCostKind CostKind) {
      |       ^~~~~~~~~~~~~
/home/jtuyls/iree-ai/llvm-aie-port/llvm/include/llvm/CodeGen/BasicTTIImpl.h:714:8: warning: ‘void llvm::BasicTTIImplBase<T>::getUnrollingPreferences(llvm::Loop*, llvm::ScalarEvolution&, llvm::TargetTransformInfo::UnrollingPreferences&, llvm::OptimizationRemarkEmitter*) const [with T = llvm::AIETTIImpl]’ was hidden [-Woverloaded-virtual=]
  714 |   void getUnrollingPreferences(Loop *L, ScalarEvolution &SE,
      |        ^~~~~~~~~~~~~~~~~~~~~~~
/home/jtuyls/iree-ai/llvm-aie-port/amd/aie/llvm/lib/Target/AIE/AIETargetTransformInfo.h:57:8: note:   by ‘void llvm::AIETTIImpl::getUnrollingPreferences(llvm::Loop*, llvm::ScalarEvolution&, llvm::TargetTransformInfo::UnrollingPreferences&, llvm::OptimizationRemarkEmitter*)’
   57 |   void getUnrollingPreferences(Loop *L, ScalarEvolution &SE,
      |        ^~~~~~~~~~~~~~~~~~~~~~~
[454/559] Building CXX object lib/Target/AIE/AsmParser/CMakeFiles/LLVMAIEAsmParser.dir/AIE2PSAsmParser.cpp.o
[455/559] Building CXX object lib/Target/AIE/CMakeFiles/LLVMAIECodeGen.dir/aie2p/AIE2PPostLegalizerGenericCombiner.cpp.o
[456/559] Building CXX object lib/Target/AIE/MCTargetDesc/CMakeFiles/LLVMAIEDesc.dir/aie2ps/AIE2PSAsmBackend.cpp.o
[457/559] Building CXX object lib/Target/AIE/MCTargetDesc/CMakeFiles/LLVMAIEDesc.dir/AIEMCTargetDesc.cpp.o
In file included from /home/jtuyls/iree-ai/llvm-aie-port/amd/aie/llvm/lib/Target/AIE/MCTargetDesc/AIEMCTargetDesc.cpp:55:
/home/jtuyls/iree-ai/llvm-aie-port/build/lib/Target/AIE/AIE2PGenSubtargetInfo.inc:115:54: warning: left shift count >= width of type [-Wshift-count-overflow]
  115 |   const InstrStage::FuncUnits ST_FIFO_WR_PORT = 1ULL << 64;
      |                                                 ~~~~~^~~~~
/home/jtuyls/iree-ai/llvm-aie-port/build/lib/Target/AIE/AIE2PGenSubtargetInfo.inc:116:44: warning: left shift count >= width of type [-Wshift-count-overflow]
  116 |   const InstrStage::FuncUnits TM_AD = 1ULL << 65;
      |                                       ~~~~~^~~~~
/home/jtuyls/iree-ai/llvm-aie-port/build/lib/Target/AIE/AIE2PGenSubtargetInfo.inc:117:48: warning: left shift count >= width of type [-Wshift-count-overflow]
  117 |   const InstrStage::FuncUnits UPS__H__A = 1ULL << 66;
      |                                           ~~~~~^~~~~
/home/jtuyls/iree-ai/llvm-aie-port/build/lib/Target/AIE/AIE2PGenSubtargetInfo.inc:118:48: warning: left shift count >= width of type [-Wshift-count-overflow]
  118 |   const InstrStage::FuncUnits UPS__H__K = 1ULL << 67;
      |                                           ~~~~~^~~~~
/home/jtuyls/iree-ai/llvm-aie-port/build/lib/Target/AIE/AIE2PGenSubtargetInfo.inc:119:52: warning: left shift count >= width of type [-Wshift-count-overflow]
  119 |   const InstrStage::FuncUnits UPS__H__OMUXL = 1ULL << 68;
      |                                               ~~~~~^~~~~
/home/jtuyls/iree-ai/llvm-aie-port/build/lib/Target/AIE/AIE2PGenSubtargetInfo.inc:120:45: warning: left shift count >= width of type [-Wshift-count-overflow]
  120 |   const InstrStage::FuncUnits UPS__K = 1ULL << 69;
      |                                        ~~~~~^~~~~
/home/jtuyls/iree-ai/llvm-aie-port/build/lib/Target/AIE/AIE2PGenSubtargetInfo.inc:121:49: warning: left shift count >= width of type [-Wshift-count-overflow]
  121 |   const InstrStage::FuncUnits UPS__L__KL = 1ULL << 70;
      |                                            ~~~~~^~~~~
/home/jtuyls/iree-ai/llvm-aie-port/build/lib/Target/AIE/AIE2PGenSubtargetInfo.inc:122:52: warning: left shift count >= width of type [-Wshift-count-overflow]
  122 |   const InstrStage::FuncUnits UPS__L__OMUXL = 1ULL << 71;
      |                                               ~~~~~^~~~~
/home/jtuyls/iree-ai/llvm-aie-port/build/lib/Target/AIE/AIE2PGenSubtargetInfo.inc:123:48: warning: left shift count >= width of type [-Wshift-count-overflow]
  123 |   const InstrStage::FuncUnits UPS__OMUX = 1ULL << 72;
      |                                           ~~~~~^~~~~
In file included from /home/jtuyls/iree-ai/llvm-aie-port/amd/aie/llvm/lib/Target/AIE/MCTargetDesc/AIEMCTargetDesc.cpp:60:
/home/jtuyls/iree-ai/llvm-aie-port/build/lib/Target/AIE/AIE2PSGenSubtargetInfo.inc:115:45: warning: left shift count >= width of type [-Wshift-count-overflow]
  115 |   const InstrStage::FuncUnits LCKREQ = 1ULL << 64;
      |                                        ~~~~~^~~~~
/home/jtuyls/iree-ai/llvm-aie-port/build/lib/Target/AIE/AIE2PSGenSubtargetInfo.inc:116:54: warning: left shift count >= width of type [-Wshift-count-overflow]
  116 |   const InstrStage::FuncUnits LD_FIFO_RA_PORT = 1ULL << 65;
      |                                                 ~~~~~^~~~~
/home/jtuyls/iree-ai/llvm-aie-port/build/lib/Target/AIE/AIE2PSGenSubtargetInfo.inc:117:54: warning: left shift count >= width of type [-Wshift-count-overflow]
  117 |   const InstrStage::FuncUnits LD_FIFO_WA_PORT = 1ULL << 66;
      |                                                 ~~~~~^~~~~
/home/jtuyls/iree-ai/llvm-aie-port/build/lib/Target/AIE/AIE2PSGenSubtargetInfo.inc:118:44: warning: left shift count >= width of type [-Wshift-count-overflow]
  118 |   const InstrStage::FuncUnits LE_WM = 1ULL << 67;
      |                                       ~~~~~^~~~~
/home/jtuyls/iree-ai/llvm-aie-port/build/lib/Target/AIE/AIE2PSGenSubtargetInfo.inc:119:44: warning: left shift count >= width of type [-Wshift-count-overflow]
  119 |   const InstrStage::FuncUnits LS_WM = 1ULL << 68;
      |                                       ~~~~~^~~~~
/home/jtuyls/iree-ai/llvm-aie-port/build/lib/Target/AIE/AIE2PSGenSubtargetInfo.inc:120:51: warning: left shift count >= width of type [-Wshift-count-overflow]
  120 |   const InstrStage::FuncUnits L_RS_L0_PORT = 1ULL << 69;
      |                                              ~~~~~^~~~~
/home/jtuyls/iree-ai/llvm-aie-port/build/lib/Target/AIE/AIE2PSGenSubtargetInfo.inc:121:51: warning: left shift count >= width of type [-Wshift-count-overflow]
  121 |   const InstrStage::FuncUnits L_WA_L0_PORT = 1ULL << 70;
      |                                              ~~~~~^~~~~
/home/jtuyls/iree-ai/llvm-aie-port/build/lib/Target/AIE/AIE2PSGenSubtargetInfo.inc:122:51: warning: left shift count >= width of type [-Wshift-count-overflow]
  122 |   const InstrStage::FuncUnits L_WM_L0_PORT = 1ULL << 71;
      |                                              ~~~~~^~~~~
/home/jtuyls/iree-ai/llvm-aie-port/build/lib/Target/AIE/AIE2PSGenSubtargetInfo.inc:123:48: warning: left shift count >= width of type [-Wshift-count-overflow]
  123 |   const InstrStage::FuncUnits M_RM_PORT = 1ULL << 72;
      |                                           ~~~~~^~~~~
/home/jtuyls/iree-ai/llvm-aie-port/build/lib/Target/AIE/AIE2PSGenSubtargetInfo.inc:124:48: warning: left shift count >= width of type [-Wshift-count-overflow]
  124 |   const InstrStage::FuncUnits M_WM_PORT = 1ULL << 73;
      |                                           ~~~~~^~~~~
/home/jtuyls/iree-ai/llvm-aie-port/build/lib/Target/AIE/AIE2PSGenSubtargetInfo.inc:125:50: warning: left shift count >= width of type [-Wshift-count-overflow]
  125 |   const InstrStage::FuncUnits PSA_ACCH_IN = 1ULL << 74;
      |                                             ~~~~~^~~~~
/home/jtuyls/iree-ai/llvm-aie-port/build/lib/Target/AIE/AIE2PSGenSubtargetInfo.inc:126:52: warning: left shift count >= width of type [-Wshift-count-overflow]
  126 |   const InstrStage::FuncUnits PSA_ACCH_IN_S = 1ULL << 75;
      |                                               ~~~~~^~~~~
/home/jtuyls/iree-ai/llvm-aie-port/build/lib/Target/AIE/AIE2PSGenSubtargetInfo.inc:127:50: warning: left shift count >= width of type [-Wshift-count-overflow]
  127 |   const InstrStage::FuncUnits PSA_ACCL_IN = 1ULL << 76;
      |                                             ~~~~~^~~~~
/home/jtuyls/iree-ai/llvm-aie-port/build/lib/Target/AIE/AIE2PSGenSubtargetInfo.inc:128:52: warning: left shift count >= width of type [-Wshift-count-overflow]
  128 |   const InstrStage::FuncUnits PSA_ACCL_IN_S = 1ULL << 77;
      |                                               ~~~~~^~~~~
/home/jtuyls/iree-ai/llvm-aie-port/build/lib/Target/AIE/AIE2PSGenSubtargetInfo.inc:129:49: warning: left shift count >= width of type [-Wshift-count-overflow]
  129 |   const InstrStage::FuncUnits PSA_MMODEH = 1ULL << 78;
      |                                            ~~~~~^~~~~
/home/jtuyls/iree-ai/llvm-aie-port/build/lib/Target/AIE/AIE2PSGenSubtargetInfo.inc:130:47: warning: left shift count >= width of type [-Wshift-count-overflow]
  130 |   const InstrStage::FuncUnits PSA_RSRC = 1ULL << 79;
      |                                          ~~~~~^~~~~
/home/jtuyls/iree-ai/llvm-aie-port/build/lib/Target/AIE/AIE2PSGenSubtargetInfo.inc:131:50: warning: left shift count >= width of type [-Wshift-count-overflow]
  131 |   const InstrStage::FuncUnits PSA_SUMH__A = 1ULL << 80;
      |                                             ~~~~~^~~~~
/home/jtuyls/iree-ai/llvm-aie-port/build/lib/Target/AIE/AIE2PSGenSubtargetInfo.inc:132:48: warning: left shift count >= width of type [-Wshift-count-overflow]
  132 |   const InstrStage::FuncUnits P_RM_PORT = 1ULL << 81;
      |                                           ~~~~~^~~~~
/home/jtuyls/iree-ai/llvm-aie-port/build/lib/Target/AIE/AIE2PSGenSubtargetInfo.inc:133:48: warning: left shift count >= width of type [-Wshift-count-overflow]
  133 |   const InstrStage::FuncUnits P_WM_PORT = 1ULL << 82;
      |                                           ~~~~~^~~~~
/home/jtuyls/iree-ai/llvm-aie-port/build/lib/Target/AIE/AIE2PSGenSubtargetInfo.inc:134:59: warning: left shift count >= width of type [-Wshift-count-overflow]
  134 |   const InstrStage::FuncUnits RSRC_EXECUTION_TRACE = 1ULL << 83;
      |                                                      ~~~~~^~~~~
/home/jtuyls/iree-ai/llvm-aie-port/build/lib/Target/AIE/AIE2PSGenSubtargetInfo.inc:135:42: warning: left shift count >= width of type [-Wshift-count-overflow]
  135 |   const InstrStage::FuncUnits SCD = 1ULL << 84;
      |                                     ~~~~~^~~~~
/home/jtuyls/iree-ai/llvm-aie-port/build/lib/Target/AIE/AIE2PSGenSubtargetInfo.inc:136:46: warning: left shift count >= width of type [-Wshift-count-overflow]
  136 |   const InstrStage::FuncUnits SCD_CTL = 1ULL << 85;
      |                                         ~~~~~^~~~~
/home/jtuyls/iree-ai/llvm-aie-port/build/lib/Target/AIE/AIE2PSGenSubtargetInfo.inc:137:52: warning: left shift count >= width of type [-Wshift-count-overflow]
  137 |   const InstrStage::FuncUnits SCD_EXPAND_IN = 1ULL << 86;
      |                                               ~~~~~^~~~~
/home/jtuyls/iree-ai/llvm-aie-port/build/lib/Target/AIE/AIE2PSGenSubtargetInfo.inc:138:54: warning: left shift count >= width of type [-Wshift-count-overflow]
  138 |   const InstrStage::FuncUnits SCD_EXPAND_INHH = 1ULL << 87;
      |                                                 ~~~~~^~~~~
/home/jtuyls/iree-ai/llvm-aie-port/build/lib/Target/AIE/AIE2PSGenSubtargetInfo.inc:139:54: warning: left shift count >= width of type [-Wshift-count-overflow]
  139 |   const InstrStage::FuncUnits SCD_INCR__O_POS = 1ULL << 88;
      |                                                 ~~~~~^~~~~
/home/jtuyls/iree-ai/llvm-aie-port/build/lib/Target/AIE/AIE2PSGenSubtargetInfo.inc:140:44: warning: left shift count >= width of type [-Wshift-count-overflow]
  140 |   const InstrStage::FuncUnits TM_AD = 1ULL << 89;
      |                                       ~~~~~^~~~~
/home/jtuyls/iree-ai/llvm-aie-port/build/lib/Target/AIE/AIE2PSGenSubtargetInfo.inc:141:47: warning: left shift count >= width of type [-Wshift-count-overflow]
  141 |   const InstrStage::FuncUnits UPS_F__A = 1ULL << 90;
      |                                          ~~~~~^~~~~
/home/jtuyls/iree-ai/llvm-aie-port/build/lib/Target/AIE/AIE2PSGenSubtargetInfo.inc:142:49: warning: left shift count >= width of type [-Wshift-count-overflow]
  142 |   const InstrStage::FuncUnits UPS_F__A_L = 1ULL << 91;
      |                                            ~~~~~^~~~~
/home/jtuyls/iree-ai/llvm-aie-port/build/lib/Target/AIE/AIE2PSGenSubtargetInfo.inc:143:48: warning: left shift count >= width of type [-Wshift-count-overflow]
  143 |   const InstrStage::FuncUnits UPS__H__A = 1ULL << 92;
      |                                           ~~~~~^~~~~
/home/jtuyls/iree-ai/llvm-aie-port/build/lib/Target/AIE/AIE2PSGenSubtargetInfo.inc:144:52: warning: left shift count >= width of type [-Wshift-count-overflow]
  144 |   const InstrStage::FuncUnits UPS__H__OMUXL = 1ULL << 93;
      |                                               ~~~~~^~~~~
/home/jtuyls/iree-ai/llvm-aie-port/build/lib/Target/AIE/AIE2PSGenSubtargetInfo.inc:145:45: warning: left shift count >= width of type [-Wshift-count-overflow]
  145 |   const InstrStage::FuncUnits UPS__K = 1ULL << 94;
      |                                        ~~~~~^~~~~
/home/jtuyls/iree-ai/llvm-aie-port/build/lib/Target/AIE/AIE2PSGenSubtargetInfo.inc:146:48: warning: left shift count >= width of type [-Wshift-count-overflow]
  146 |   const InstrStage::FuncUnits UPS__L__K = 1ULL << 95;
      |                                           ~~~~~^~~~~
/home/jtuyls/iree-ai/llvm-aie-port/build/lib/Target/AIE/AIE2PSGenSubtargetInfo.inc:147:49: warning: left shift count >= width of type [-Wshift-count-overflow]
  147 |   const InstrStage::FuncUnits UPS__L__KL = 1ULL << 96;
      |                                            ~~~~~^~~~~
/home/jtuyls/iree-ai/llvm-aie-port/build/lib/Target/AIE/AIE2PSGenSubtargetInfo.inc:148:52: warning: left shift count >= width of type [-Wshift-count-overflow]
  148 |   const InstrStage::FuncUnits UPS__L__OMUXL = 1ULL << 97;
      |                                               ~~~~~^~~~~
/home/jtuyls/iree-ai/llvm-aie-port/build/lib/Target/AIE/AIE2PSGenSubtargetInfo.inc:149:48: warning: left shift count >= width of type [-Wshift-count-overflow]
  149 |   const InstrStage::FuncUnits UPS__OMUX = 1ULL << 98;
      |                                           ~~~~~^~~~~
/home/jtuyls/iree-ai/llvm-aie-port/build/lib/Target/AIE/AIE2PSGenSubtargetInfo.inc:150:47: warning: left shift count >= width of type [-Wshift-count-overflow]
  150 |   const InstrStage::FuncUnits VCTRL_IN = 1ULL << 99;
      |                                          ~~~~~^~~~~
/home/jtuyls/iree-ai/llvm-aie-port/build/lib/Target/AIE/AIE2PSGenSubtargetInfo.inc:151:54: warning: left shift count >= width of type [-Wshift-count-overflow]
  151 |   const InstrStage::FuncUnits VCTRL_SUB0_CG1U = 1ULL << 100;
      |                                                 ~~~~~^~~~~~
/home/jtuyls/iree-ai/llvm-aie-port/build/lib/Target/AIE/AIE2PSGenSubtargetInfo.inc:152:45: warning: left shift count >= width of type [-Wshift-count-overflow]
  152 |   const InstrStage::FuncUnits X_EGWL = 1ULL << 101;
      |                                        ~~~~~^~~~~~
/home/jtuyls/iree-ai/llvm-aie-port/build/lib/Target/AIE/AIE2PSGenSubtargetInfo.inc:153:48: warning: left shift count >= width of type [-Wshift-count-overflow]
  153 |   const InstrStage::FuncUnits X_EXP_ELL = 1ULL << 102;
      |                                           ~~~~~^~~~~~
/home/jtuyls/iree-ai/llvm-aie-port/build/lib/Target/AIE/AIE2PSGenSubtargetInfo.inc:154:44: warning: left shift count >= width of type [-Wshift-count-overflow]
  154 |   const InstrStage::FuncUnits Y_EGY = 1ULL << 103;
      |                                       ~~~~~^~~~~~
/home/jtuyls/iree-ai/llvm-aie-port/build/lib/Target/AIE/AIE2PSGenSubtargetInfo.inc:155:46: warning: left shift count >= width of type [-Wshift-count-overflow]
  155 |   const InstrStage::FuncUnits Y_EXP_E = 1ULL << 104;
      |                                         ~~~~~^~~~~~
/home/jtuyls/iree-ai/llvm-aie-port/build/lib/Target/AIE/AIE2PSGenSubtargetInfo.inc:156:47: warning: left shift count >= width of type [-Wshift-count-overflow]
  156 |   const InstrStage::FuncUnits ZACC_DML = 1ULL << 105;
      |                                          ~~~~~^~~~~~
[458/559] Building CXX object lib/Target/AIE/CMakeFiles/LLVMAIECodeGen.dir/aie2ps/AIE2PSInstrInfo.cpp.o
[459/559] Building CXX object lib/Target/AIE/CMakeFiles/LLVMAIECodeGen.dir/aie2ps/AIE2PSPostLegalizerCustomCombiner.cpp.o
[460/559] Building CXX object lib/Target/AIE/CMakeFiles/LLVMAIECodeGen.dir/aie2p/AIE2PInstructionSelector.cpp.o
/home/jtuyls/iree-ai/llvm-aie-port/amd/aie/llvm/lib/Target/AIE/aie2p/AIE2PInstructionSelector.cpp:760:10: warning: ‘llvm::Register {anonymous}::AIE2PInstructionSelector::createPLFRRegSequence(llvm::Register, llvm::Register, llvm::Register, llvm::MachineRegisterInfo&)’ defined but not used [-Wunused-function]
  760 | Register AIE2PInstructionSelector::createPLFRRegSequence(
      |          ^~~~~~~~~~~~~~~~~~~~~~~~
[461/559] Building CXX object lib/Target/AIE/CMakeFiles/LLVMAIECodeGen.dir/aie2p/AIE2PPreLegalizerCombiner.cpp.o
[462/559] Building CXX object lib/Target/AIE/CMakeFiles/LLVMAIECodeGen.dir/aie2ps/AIE2PSTargetTransformInfo.cpp.o
In file included from /home/jtuyls/iree-ai/llvm-aie-port/amd/aie/llvm/lib/Target/AIE/aie2ps/AIE2PSFrameLowering.h:18,
                 from /home/jtuyls/iree-ai/llvm-aie-port/amd/aie/llvm/lib/Target/AIE/aie2ps/AIE2PSSubtarget.h:18,
                 from /home/jtuyls/iree-ai/llvm-aie-port/amd/aie/llvm/lib/Target/AIE/aie2ps/AIE2PSTargetMachine.h:18,
                 from /home/jtuyls/iree-ai/llvm-aie-port/amd/aie/llvm/lib/Target/AIE/aie2ps/AIE2PSTargetTransformInfo.h:20,
                 from /home/jtuyls/iree-ai/llvm-aie-port/amd/aie/llvm/lib/Target/AIE/aie2ps/AIE2PSTargetTransformInfo.cpp:11:
/home/jtuyls/iree-ai/llvm-aie-port/amd/aie/llvm/lib/Target/AIE/AIEBaseFrameLowering.h:90:16: warning: ‘virtual void llvm::AIEBaseFrameLowering::adjustReg(llvm::MachineBasicBlock&, llvm::MachineBasicBlock::iterator, const llvm::DebugLoc&, unsigned int, int64_t, llvm::MachineInstr::MIFlag) const’ was hidden [-Woverloaded-virtual=]
   90 |   virtual void adjustReg(MachineBasicBlock &MBB,
      |                ^~~~~~~~~
In file included from /home/jtuyls/iree-ai/llvm-aie-port/amd/aie/llvm/lib/Target/AIE/aie1/AIE1Subtarget.h:19,
                 from /home/jtuyls/iree-ai/llvm-aie-port/amd/aie/llvm/lib/Target/AIE/AIEBaseTargetTransformInfo.h:21,
                 from /home/jtuyls/iree-ai/llvm-aie-port/amd/aie/llvm/lib/Target/AIE/aie2ps/AIE2PSTargetTransformInfo.h:21:
/home/jtuyls/iree-ai/llvm-aie-port/amd/aie/llvm/lib/Target/AIE/aie1/AIE1FrameLowering.h:29:15: note:   by ‘static void llvm::AIEFrameLowering::adjustReg(const llvm::TargetInstrInfo*, llvm::MachineBasicBlock&, llvm::MachineBasicBlock::iterator, const llvm::DebugLoc&, unsigned int, int64_t, llvm::MachineInstr::MIFlag)’
   29 |   static void adjustReg(const TargetInstrInfo *TII, MachineBasicBlock &MBB,
      |               ^~~~~~~~~
/home/jtuyls/iree-ai/llvm-aie-port/amd/aie/llvm/lib/Target/AIE/AIEBaseTargetTransformInfo.h: In instantiation of ‘class llvm::AIEBaseTTIImpl<llvm::AIE2PSTTIImpl>’:
/home/jtuyls/iree-ai/llvm-aie-port/amd/aie/llvm/lib/Target/AIE/aie2ps/AIE2PSTargetTransformInfo.h:34:30:   required from here
/home/jtuyls/iree-ai/llvm-aie-port/amd/aie/llvm/lib/Target/AIE/AIEBaseTargetTransformInfo.h:88:19: warning: ‘llvm::InstructionCost llvm::AIEBaseTTIImpl<T>::getIntImmCost(const llvm::APInt&, llvm::Type*, llvm::TargetTransformInfo::TargetCostKind) const [with T = llvm::AIE2PSTTIImpl]’ can be marked override [-Wsuggest-override]
   88 |   InstructionCost getIntImmCost(const APInt &Imm, Type *Ty, TTI::TargetCostKind CostKind) const { // amd/aie/ port: 23 returns InstructionCost
      |                   ^~~~~~~~~~~~~
/home/jtuyls/iree-ai/llvm-aie-port/amd/aie/llvm/lib/Target/AIE/AIEBaseTargetTransformInfo.h:119:12: warning: ‘llvm::TypeSize llvm::AIEBaseTTIImpl<T>::getRegisterBitWidth(llvm::TargetTransformInfo::RegisterKind) const [with T = llvm::AIE2PSTTIImpl]’ can be marked override [-Wsuggest-override]
  119 |   TypeSize getRegisterBitWidth(TargetTransformInfo::RegisterKind K) const {
      |            ^~~~~~~~~~~~~~~~~~~
/home/jtuyls/iree-ai/llvm-aie-port/amd/aie/llvm/lib/Target/AIE/AIEBaseTargetTransformInfo.h:134:12: warning: ‘unsigned int llvm::AIEBaseTTIImpl<T>::getMinVectorRegisterBitWidth() const [with T = llvm::AIE2PSTTIImpl]’ can be marked override [-Wsuggest-override]
  134 |   unsigned getMinVectorRegisterBitWidth() const { return 512; }
      |            ^~~~~~~~~~~~~~~~~~~~~~~~~~~~
/home/jtuyls/iree-ai/llvm-aie-port/amd/aie/llvm/lib/Target/AIE/AIEBaseTargetTransformInfo.h:149:19: warning: ‘llvm::InstructionCost llvm::AIEBaseTTIImpl<T>::getArithmeticInstrCost(unsigned int, llvm::Type*, llvm::TargetTransformInfo::TargetCostKind, llvm::TargetTransformInfo::OperandValueInfo, llvm::TargetTransformInfo::OperandValueInfo, llvm::ArrayRef<const llvm::Value*>, const llvm::Instruction*) const [with T = llvm::AIE2PSTTIImpl]’ can be marked override [-Wsuggest-override]
  149 |   InstructionCost getArithmeticInstrCost(
      |                   ^~~~~~~~~~~~~~~~~~~~~~
/home/jtuyls/iree-ai/llvm-aie-port/amd/aie/llvm/lib/Target/AIE/AIEBaseTargetTransformInfo.h:167:12: warning: ‘unsigned int llvm::AIEBaseTTIImpl<T>::getStoreVectorFactor(unsigned int, unsigned int, unsigned int, llvm::VectorType*) const [with T = llvm::AIE2PSTTIImpl]’ can be marked override [-Wsuggest-override]
  167 |   unsigned getStoreVectorFactor(unsigned VF, unsigned StoreSizeInBits,
      |            ^~~~~~~~~~~~~~~~~~~~
/home/jtuyls/iree-ai/llvm-aie-port/amd/aie/llvm/lib/Target/AIE/AIEBaseTargetTransformInfo.h:179:12: warning: ‘unsigned int llvm::AIEBaseTTIImpl<T>::getLoadVectorFactor(unsigned int, unsigned int, unsigned int, llvm::VectorType*) const [with T = llvm::AIE2PSTTIImpl]’ can be marked override [-Wsuggest-override]
  179 |   unsigned getLoadVectorFactor(unsigned VF, unsigned LoadSizeInBits,
      |            ^~~~~~~~~~~~~~~~~~~
/home/jtuyls/iree-ai/llvm-aie-port/amd/aie/llvm/lib/Target/AIE/AIEBaseTargetTransformInfo.h:186:8: warning: ‘bool llvm::AIEBaseTTIImpl<T>::isLegalToVectorizeStoreChain(unsigned int, llvm::Align, unsigned int) const [with T = llvm::AIE2PSTTIImpl]’ can be marked override [-Wsuggest-override]
  186 |   bool isLegalToVectorizeStoreChain(unsigned ChainSizeInBytes, Align Alignment,
      |        ^~~~~~~~~~~~~~~~~~~~~~~~~~~~
/home/jtuyls/iree-ai/llvm-aie-port/amd/aie/llvm/lib/Target/AIE/aie2ps/AIE2PSTargetTransformInfo.h:53:19: warning: ‘virtual llvm::InstructionCost llvm::AIE2PSTTIImpl::getMemoryOpCost(unsigned int, llvm::Type*, llvm::Align, unsigned int, llvm::TargetTransformInfo::TargetCostKind, llvm::TargetTransformInfo::OperandValueInfo, const llvm::Instruction*) const’ can be marked override [-Wsuggest-override]
   53 |   InstructionCost getMemoryOpCost(
      |                   ^~~~~~~~~~~~~~~
/home/jtuyls/iree-ai/llvm-aie-port/amd/aie/llvm/lib/Target/AIE/aie2ps/AIE2PSTargetTransformInfo.h:59:32: warning: ‘virtual std::optional<llvm::Instruction*> llvm::AIE2PSTTIImpl::instCombineIntrinsic(llvm::InstCombiner&, llvm::IntrinsicInst&) const’ can be marked override [-Wsuggest-override]
   59 |   std::optional<Instruction *> instCombineIntrinsic(InstCombiner &IC,
      |                                ^~~~~~~~~~~~~~~~~~~~
[463/559] Building CXX object lib/Target/AIE/CMakeFiles/LLVMAIECodeGen.dir/aie2ps/AIE2PSPreLegalizerCombiner.cpp.o
[464/559] Building CXX object lib/Target/AIE/CMakeFiles/LLVMAIECodeGen.dir/aie2ps/AIE2PSInstructionSelector.cpp.o
[465/559] Building CXX object lib/Target/AIE/Utils/CMakeFiles/LLVMAIEUtils.dir/AIELoopUtils.cpp.o
[466/559] Building CXX object lib/Target/AIE/CMakeFiles/LLVMAIECodeGen.dir/aie2ps/AIE2PSPostLegalizerGenericCombiner.cpp.o
[467/559] Building CXX object lib/Target/X86/CMakeFiles/LLVMX86CodeGen.dir/X86AvoidTrailingCall.cpp.o
[468/559] Building CXX object lib/Target/X86/CMakeFiles/LLVMX86CodeGen.dir/X86CmovConversion.cpp.o
[469/559] Building CXX object lib/Target/X86/CMakeFiles/LLVMX86CodeGen.dir/X86GlobalBaseReg.cpp.o
[470/559] Building CXX object lib/Target/X86/CMakeFiles/LLVMX86CodeGen.dir/X86ArgumentStackSlotRebase.cpp.o
[471/559] Building CXX object lib/Target/X86/CMakeFiles/LLVMX86CodeGen.dir/X86CallFrameOptimization.cpp.o
[472/559] Building CXX object lib/Target/AIE/MCTargetDesc/CMakeFiles/LLVMAIEDesc.dir/AIEMCCodeEmitter.cpp.o
In file included from /home/jtuyls/iree-ai/llvm-aie-port/amd/aie/llvm/lib/Target/AIE/MCTargetDesc/AIEMCCodeEmitter.cpp:15:
/home/jtuyls/iree-ai/llvm-aie-port/amd/aie/llvm/lib/Target/AIE/MCTargetDesc/AIEBaseMCCodeEmitter.h: In instantiation of ‘void llvm::{anonymous}::getSImmOpValueXStep(const llvm::MCInst&, unsigned int, llvm::APInt&, llvm::SmallVectorImpl<llvm::MCFixup>&, const llvm::MCSubtargetInfo&) [with int N = 14; unsigned int step = 4; int offset = 0; bool isNegative = true; bool isUnsigned = false]’:
/home/jtuyls/iree-ai/llvm-aie-port/build/lib/Target/AIE/AIEGenMCCodeEmitter.inc:1249:53:   required from here
/home/jtuyls/iree-ai/llvm-aie-port/amd/aie/llvm/lib/Target/AIE/MCTargetDesc/AIEBaseMCCodeEmitter.h:124:46: warning: ‘constexpr size_t llvm::CTLog2() [with long unsigned int kValue = 4; size_t = long unsigned int]’ is deprecated: Use ConstantLog2 instead [-Wdeprecated-declarations]
  124 |   const unsigned FixedZeroBits = CTLog2<step>();
      |                                  ~~~~~~~~~~~~^~
In file included from /home/jtuyls/iree-ai/llvm-aie-port/llvm/include/llvm/ADT/DenseMap.h:24,
                 from /home/jtuyls/iree-ai/llvm-aie-port/llvm/include/llvm/MC/MCExpr.h:12,
                 from /home/jtuyls/iree-ai/llvm-aie-port/llvm/include/llvm/MC/MCSymbol.h:18,
                 from /home/jtuyls/iree-ai/llvm-aie-port/llvm/include/llvm/MC/MCObjectWriter.h:12,
                 from /home/jtuyls/iree-ai/llvm-aie-port/amd/aie/llvm/lib/Target/AIE/MCTargetDesc/AIEMCTargetDesc.h:19,
                 from /home/jtuyls/iree-ai/llvm-aie-port/amd/aie/llvm/lib/Target/AIE/Utils/AIEBaseInfo.h:18,
                 from /home/jtuyls/iree-ai/llvm-aie-port/amd/aie/llvm/lib/Target/AIE/AIE.h:19,
                 from /home/jtuyls/iree-ai/llvm-aie-port/amd/aie/llvm/lib/Target/AIE/MCTargetDesc/AIEFormat.h:16,
                 from /home/jtuyls/iree-ai/llvm-aie-port/amd/aie/llvm/lib/Target/AIE/MCTargetDesc/AIEMCFormats.h:17,
                 from /home/jtuyls/iree-ai/llvm-aie-port/amd/aie/llvm/lib/Target/AIE/MCTargetDesc/AIEMCFixupKinds.h:14,
                 from /home/jtuyls/iree-ai/llvm-aie-port/amd/aie/llvm/lib/Target/AIE/MCTargetDesc/AIEBaseMCCodeEmitter.h:15:
/home/jtuyls/iree-ai/llvm-aie-port/llvm/include/llvm/Support/MathExtras.h:324:18: note: declared here
  324 | constexpr size_t CTLog2() {
      |                  ^~~~~~
/home/jtuyls/iree-ai/llvm-aie-port/amd/aie/llvm/lib/Target/AIE/MCTargetDesc/AIEBaseMCCodeEmitter.h: In instantiation of ‘void llvm::{anonymous}::getSImmOpValueXStep(const llvm::MCInst&, unsigned int, llvm::APInt&, llvm::SmallVectorImpl<llvm::MCFixup>&, const llvm::MCSubtargetInfo&) [with int N = 4; unsigned int step = 4; int offset = 0; bool isNegative = false; bool isUnsigned = false]’:
/home/jtuyls/iree-ai/llvm-aie-port/build/lib/Target/AIE/AIEGenMCCodeEmitter.inc:1349:52:   required from here
/home/jtuyls/iree-ai/llvm-aie-port/amd/aie/llvm/lib/Target/AIE/MCTargetDesc/AIEBaseMCCodeEmitter.h:124:46: warning: ‘constexpr size_t llvm::CTLog2() [with long unsigned int kValue = 4; size_t = long unsigned int]’ is deprecated: Use ConstantLog2 instead [-Wdeprecated-declarations]
  124 |   const unsigned FixedZeroBits = CTLog2<step>();
      |                                  ~~~~~~~~~~~~^~
/home/jtuyls/iree-ai/llvm-aie-port/llvm/include/llvm/Support/MathExtras.h:324:18: note: declared here
  324 | constexpr size_t CTLog2() {
      |                  ^~~~~~
/home/jtuyls/iree-ai/llvm-aie-port/amd/aie/llvm/lib/Target/AIE/MCTargetDesc/AIEBaseMCCodeEmitter.h: In instantiation of ‘void llvm::{anonymous}::getSImmOpValueXStep(const llvm::MCInst&, unsigned int, llvm::APInt&, llvm::SmallVectorImpl<llvm::MCFixup>&, const llvm::MCSubtargetInfo&) [with int N = 5; unsigned int step = 32; int offset = 0; bool isNegative = false; bool isUnsigned = false]’:
/home/jtuyls/iree-ai/llvm-aie-port/build/lib/Target/AIE/AIEGenMCCodeEmitter.inc:1371:53:   required from here
/home/jtuyls/iree-ai/llvm-aie-port/amd/aie/llvm/lib/Target/AIE/MCTargetDesc/AIEBaseMCCodeEmitter.h:124:46: warning: ‘constexpr size_t llvm::CTLog2() [with long unsigned int kValue = 32; size_t = long unsigned int]’ is deprecated: Use ConstantLog2 instead [-Wdeprecated-declarations]
  124 |   const unsigned FixedZeroBits = CTLog2<step>();
      |                                  ~~~~~~~~~~~~^~
/home/jtuyls/iree-ai/llvm-aie-port/llvm/include/llvm/Support/MathExtras.h:324:18: note: declared here
  324 | constexpr size_t CTLog2() {
      |                  ^~~~~~
/home/jtuyls/iree-ai/llvm-aie-port/amd/aie/llvm/lib/Target/AIE/MCTargetDesc/AIEBaseMCCodeEmitter.h: In instantiation of ‘void llvm::{anonymous}::getSImmOpValueXStep(const llvm::MCInst&, unsigned int, llvm::APInt&, llvm::SmallVectorImpl<llvm::MCFixup>&, const llvm::MCSubtargetInfo&) [with int N = 7; unsigned int step = 32; int offset = 0; bool isNegative = true; bool isUnsigned = false]’:
/home/jtuyls/iree-ai/llvm-aie-port/build/lib/Target/AIE/AIEGenMCCodeEmitter.inc:3650:53:   required from here
/home/jtuyls/iree-ai/llvm-aie-port/amd/aie/llvm/lib/Target/AIE/MCTargetDesc/AIEBaseMCCodeEmitter.h:124:46: warning: ‘constexpr size_t llvm::CTLog2() [with long unsigned int kValue = 32; size_t = long unsigned int]’ is deprecated: Use ConstantLog2 instead [-Wdeprecated-declarations]
  124 |   const unsigned FixedZeroBits = CTLog2<step>();
      |                                  ~~~~~~~~~~~~^~
/home/jtuyls/iree-ai/llvm-aie-port/llvm/include/llvm/Support/MathExtras.h:324:18: note: declared here
  324 | constexpr size_t CTLog2() {
      |                  ^~~~~~
/home/jtuyls/iree-ai/llvm-aie-port/amd/aie/llvm/lib/Target/AIE/MCTargetDesc/AIEBaseMCCodeEmitter.h: In instantiation of ‘void llvm::{anonymous}::getSImmOpValueXStep(const llvm::MCInst&, unsigned int, llvm::APInt&, llvm::SmallVectorImpl<llvm::MCFixup>&, const llvm::MCSubtargetInfo&) [with int N = 7; unsigned int step = 4; int offset = 0; bool isNegative = true; bool isUnsigned = false]’:
/home/jtuyls/iree-ai/llvm-aie-port/build/lib/Target/AIE/AIEGenMCCodeEmitter.inc:4082:52:   required from here
/home/jtuyls/iree-ai/llvm-aie-port/amd/aie/llvm/lib/Target/AIE/MCTargetDesc/AIEBaseMCCodeEmitter.h:124:46: warning: ‘constexpr size_t llvm::CTLog2() [with long unsigned int kValue = 4; size_t = long unsigned int]’ is deprecated: Use ConstantLog2 instead [-Wdeprecated-declarations]
  124 |   const unsigned FixedZeroBits = CTLog2<step>();
      |                                  ~~~~~~~~~~~~^~
/home/jtuyls/iree-ai/llvm-aie-port/llvm/include/llvm/Support/MathExtras.h:324:18: note: declared here
  324 | constexpr size_t CTLog2() {
      |                  ^~~~~~
/home/jtuyls/iree-ai/llvm-aie-port/amd/aie/llvm/lib/Target/AIE/MCTargetDesc/AIEBaseMCCodeEmitter.h: In instantiation of ‘void llvm::{anonymous}::getSImmOpValueXStep(const llvm::MCInst&, unsigned int, llvm::APInt&, llvm::SmallVectorImpl<llvm::MCFixup>&, const llvm::MCSubtargetInfo&) [with int N = 7; unsigned int step = 16; int offset = 0; bool isNegative = true; bool isUnsigned = false]’:
/home/jtuyls/iree-ai/llvm-aie-port/build/lib/Target/AIE/AIEGenMCCodeEmitter.inc:4252:53:   required from here
/home/jtuyls/iree-ai/llvm-aie-port/amd/aie/llvm/lib/Target/AIE/MCTargetDesc/AIEBaseMCCodeEmitter.h:124:46: warning: ‘constexpr size_t llvm::CTLog2() [with long unsigned int kValue = 16; size_t = long unsigned int]’ is deprecated: Use ConstantLog2 instead [-Wdeprecated-declarations]
  124 |   const unsigned FixedZeroBits = CTLog2<step>();
      |                                  ~~~~~~~~~~~~^~
/home/jtuyls/iree-ai/llvm-aie-port/llvm/include/llvm/Support/MathExtras.h:324:18: note: declared here
  324 | constexpr size_t CTLog2() {
      |                  ^~~~~~
[473/559] Building CXX object lib/Target/X86/CMakeFiles/LLVMX86CodeGen.dir/X86CleanupLocalDynamicTLS.cpp.o
[474/559] Building CXX object lib/Target/X86/CMakeFiles/LLVMX86CodeGen.dir/X86LowerTileCopy.cpp.o
[475/559] Building CXX object lib/Target/X86/CMakeFiles/LLVMX86CodeGen.dir/X86FastPreTileConfig.cpp.o
[476/559] Building CXX object lib/Target/X86/CMakeFiles/LLVMX86CodeGen.dir/X86FixupInstTuning.cpp.o
[477/559] Building CXX object lib/Target/X86/CMakeFiles/LLVMX86CodeGen.dir/X86FastTileConfig.cpp.o
[478/559] Building CXX object lib/Target/X86/CMakeFiles/LLVMX86CodeGen.dir/X86CallingConv.cpp.o
[479/559] Building CXX object lib/Target/X86/CMakeFiles/LLVMX86CodeGen.dir/X86DomainReassignment.cpp.o
[480/559] Building CXX object lib/Target/X86/CMakeFiles/LLVMX86CodeGen.dir/X86TileConfig.cpp.o
[481/559] Building CXX object lib/Target/X86/CMakeFiles/LLVMX86CodeGen.dir/X86FixupBWInsts.cpp.o
[482/559] Building CXX object lib/Target/X86/CMakeFiles/LLVMX86CodeGen.dir/X86FixupVectorConstants.cpp.o
[483/559] Building CXX object lib/Target/X86/CMakeFiles/LLVMX86CodeGen.dir/X86FixupSetCC.cpp.o
[484/559] Building CXX object lib/Target/X86/CMakeFiles/LLVMX86CodeGen.dir/X86PreTileConfig.cpp.o
[485/559] Building CXX object lib/Target/X86/CMakeFiles/LLVMX86CodeGen.dir/X86AvoidStoreForwardingBlocks.cpp.o
[486/559] Building CXX object lib/Target/X86/CMakeFiles/LLVMX86CodeGen.dir/X86FloatingPoint.cpp.o
In member function ‘void {anonymous}::FPS::finishBlockStack()’,
    inlined from ‘bool {anonymous}::FPS::processBasicBlock(llvm::MachineFunction&, llvm::MachineBasicBlock&)’ at /home/jtuyls/iree-ai/llvm-aie-port/llvm/lib/Target/X86/X86FloatingPoint.cpp:539:19:
/home/jtuyls/iree-ai/llvm-aie-port/llvm/lib/Target/X86/X86FloatingPoint.cpp:613:26: warning: writing 1 byte into a region of size 0 [-Wstringop-overflow=]
  613 |       Bundle.FixStack[i] = getStackEntry(i);
      |       ~~~~~~~~~~~~~~~~~~~^~~~~~~~~~~~~~~~~~
/home/jtuyls/iree-ai/llvm-aie-port/llvm/lib/Target/X86/X86FloatingPoint.cpp: In function ‘bool {anonymous}::FPS::processBasicBlock(llvm::MachineFunction&, llvm::MachineBasicBlock&)’:
/home/jtuyls/iree-ai/llvm-aie-port/llvm/lib/Target/X86/X86FloatingPoint.cpp:91:19: note: at offset 8 into destination object ‘{anonymous}::FPS::LiveBundle::FixStack’ of size 8
   91 |     unsigned char FixStack[8];
      |                   ^~~~~~~~
[487/559] Building CXX object lib/Target/X86/CMakeFiles/LLVMX86CodeGen.dir/X86ExpandPseudo.cpp.o
[488/559] Building CXX object lib/Target/X86/CMakeFiles/LLVMX86CodeGen.dir/X86FixupLEAs.cpp.o
[489/559] Building CXX object lib/Target/X86/CMakeFiles/LLVMX86CodeGen.dir/X86DynAllocaExpander.cpp.o
[490/559] Building CXX object lib/Target/X86/CMakeFiles/LLVMX86CodeGen.dir/X86MachineFunctionInfo.cpp.o
[491/559] Building CXX object lib/Target/X86/CMakeFiles/LLVMX86CodeGen.dir/X86IndirectBranchTracking.cpp.o
[492/559] Building CXX object lib/Target/X86/CMakeFiles/LLVMX86CodeGen.dir/X86InstrFMA3Info.cpp.o
[493/559] Building CXX object lib/Target/X86/CMakeFiles/LLVMX86CodeGen.dir/X86AsmPrinter.cpp.o
[494/559] Building CXX object lib/Target/X86/CMakeFiles/LLVMX86CodeGen.dir/X86FlagsCopyLowering.cpp.o
[495/559] Building CXX object lib/Target/X86/CMakeFiles/LLVMX86CodeGen.dir/X86InsertVZeroUpper.cpp.o
[496/559] Building CXX object lib/Target/X86/CMakeFiles/LLVMX86CodeGen.dir/X86IndirectThunks.cpp.o
[497/559] Building CXX object lib/Target/X86/CMakeFiles/LLVMX86CodeGen.dir/X86InstrFoldTables.cpp.o
[498/559] Building CXX object lib/Target/X86/CMakeFiles/LLVMX86CodeGen.dir/X86InsertX87Wait.cpp.o
[499/559] Building CXX object lib/Target/X86/CMakeFiles/LLVMX86CodeGen.dir/X86LoadValueInjectionRetHardening.cpp.o
[500/559] Building CXX object lib/Target/X86/CMakeFiles/LLVMX86CodeGen.dir/X86MacroFusion.cpp.o
[501/559] Building CXX object lib/Target/X86/CMakeFiles/LLVMX86CodeGen.dir/X86CodeGenPassBuilder.cpp.o
[502/559] Building CXX object lib/Target/X86/CMakeFiles/LLVMX86CodeGen.dir/X86CompressEVEX.cpp.o
[503/559] Building CXX object lib/Target/X86/CMakeFiles/LLVMX86CodeGen.dir/X86PadShortFunction.cpp.o
[504/559] Building CXX object lib/Target/X86/CMakeFiles/LLVMX86CodeGen.dir/X86ISelLoweringCall.cpp.o
[505/559] Building CXX object lib/Target/X86/CMakeFiles/LLVMX86CodeGen.dir/X86FrameLowering.cpp.o
[506/559] Building CXX object lib/Target/X86/CMakeFiles/LLVMX86CodeGen.dir/X86SelectionDAGInfo.cpp.o
[507/559] Building CXX object lib/Target/X86/CMakeFiles/LLVMX86CodeGen.dir/X86InterleavedAccess.cpp.o
[508/559] Linking CXX static library lib/libLLVMProfileData.a
[509/559] Building CXX object lib/Target/X86/CMakeFiles/LLVMX86CodeGen.dir/X86SpeculativeExecutionSideEffectSuppression.cpp.o
[510/559] Linking CXX static library lib/libLLVMFrontendOffloading.a
[511/559] Linking CXX static library lib/libLLVMTarget.a
[512/559] Building CXX object lib/Target/X86/CMakeFiles/LLVMX86CodeGen.dir/X86WinEHUnwindV2.cpp.o
[513/559] Linking CXX static library lib/libLLVMCodeGen.a
[514/559] Building CXX object lib/Target/X86/CMakeFiles/LLVMX86CodeGen.dir/X86FastISel.cpp.o
[515/559] Building CXX object lib/Target/X86/CMakeFiles/LLVMX86CodeGen.dir/X86ReturnThunks.cpp.o
[516/559] Building CXX object lib/Target/X86/MCTargetDesc/CMakeFiles/LLVMX86Desc.dir/X86InstPrinterCommon.cpp.o
[517/559] Linking CXX static library lib/libLLVMMIRParser.a
[518/559] Building CXX object lib/Target/X86/CMakeFiles/LLVMX86CodeGen.dir/X86OptimizeLEAs.cpp.o
[519/559] Linking CXX static library lib/libLLVMAIEUtils.a
[520/559] Linking CXX static library lib/libLLVMAsmPrinter.a
[521/559] Building CXX object lib/Target/X86/MCTargetDesc/CMakeFiles/LLVMX86Desc.dir/X86ATTInstPrinter.cpp.o
[522/559] Linking CXX static library lib/libLLVMSelectionDAG.a
[523/559] Linking CXX static library lib/libLLVMAIEAsmPrinter.a
[524/559] Building CXX object lib/Target/X86/MCTargetDesc/CMakeFiles/LLVMX86Desc.dir/X86IntelInstPrinter.cpp.o
[525/559] Linking CXX static library lib/libLLVMGlobalISel.a
[526/559] Linking CXX static library lib/libLLVMAIEDesc.a
[527/559] Building CXX object lib/Target/X86/CMakeFiles/LLVMX86CodeGen.dir/X86LoadValueInjectionLoadHardening.cpp.o
[528/559] Linking CXX static library lib/libLLVMAIEAsmParser.a
[529/559] Linking CXX static library lib/libLLVMAIECodeGen.a
[530/559] Building CXX object lib/Target/X86/CMakeFiles/LLVMX86CodeGen.dir/X86PartialReduction.cpp.o
[531/559] Building CXX object lib/Target/X86/CMakeFiles/LLVMX86CodeGen.dir/X86SuppressAPXForReloc.cpp.o
[532/559] Building CXX object lib/Target/X86/CMakeFiles/LLVMX86CodeGen.dir/X86RegisterInfo.cpp.o
[533/559] Building CXX object lib/Target/X86/MCTargetDesc/CMakeFiles/LLVMX86Desc.dir/X86WinCOFFTargetStreamer.cpp.o
[534/559] Building CXX object lib/Target/X86/CMakeFiles/LLVMX86CodeGen.dir/X86SpeculativeLoadHardening.cpp.o
[535/559] Building CXX object lib/Target/X86/MCTargetDesc/CMakeFiles/LLVMX86Desc.dir/X86MCCodeEmitter.cpp.o
[536/559] Building CXX object lib/Target/X86/CMakeFiles/LLVMX86CodeGen.dir/X86InstCombineIntrinsic.cpp.o
[537/559] Building CXX object lib/Target/X86/CMakeFiles/LLVMX86CodeGen.dir/GISel/X86CallLowering.cpp.o
[538/559] Building CXX object lib/Target/X86/MCTargetDesc/CMakeFiles/LLVMX86Desc.dir/X86AsmBackend.cpp.o
[539/559] Building CXX object lib/Target/X86/CMakeFiles/LLVMX86CodeGen.dir/X86Subtarget.cpp.o
[540/559] Building CXX object lib/Target/X86/CMakeFiles/LLVMX86CodeGen.dir/GISel/X86RegisterBankInfo.cpp.o
[541/559] Building CXX object lib/Target/X86/CMakeFiles/LLVMX86CodeGen.dir/X86ISelDAGToDAG.cpp.o
[542/559] Building CXX object lib/Target/X86/CMakeFiles/LLVMX86CodeGen.dir/GISel/X86LegalizerInfo.cpp.o
[543/559] Building CXX object lib/Target/X86/CMakeFiles/LLVMX86CodeGen.dir/X86MCInstLower.cpp.o
[544/559] Building CXX object tools/llc/CMakeFiles/llc.dir/llc.cpp.o
[545/559] Building CXX object lib/Target/X86/CMakeFiles/LLVMX86CodeGen.dir/GISel/X86InstructionSelector.cpp.o
[546/559] Building CXX object lib/Target/X86/CMakeFiles/LLVMX86CodeGen.dir/X86InstrInfo.cpp.o
[547/559] Building CXX object lib/Target/X86/CMakeFiles/LLVMX86CodeGen.dir/X86TargetMachine.cpp.o
[548/559] Building CXX object lib/Target/X86/CMakeFiles/LLVMX86CodeGen.dir/GISel/X86PostLegalizerCombiner.cpp.o
[549/559] Building CXX object lib/Target/X86/CMakeFiles/LLVMX86CodeGen.dir/GISel/X86PreLegalizerCombiner.cpp.o
[550/559] Building CXX object lib/Target/X86/MCTargetDesc/CMakeFiles/LLVMX86Desc.dir/X86MCTargetDesc.cpp.o
[551/559] Linking CXX static library lib/libLLVMX86Desc.a
[552/559] Building CXX object lib/Target/X86/CMakeFiles/LLVMX86CodeGen.dir/X86TargetTransformInfo.cpp.o
[553/559] Building CXX object lib/Target/X86/AsmParser/CMakeFiles/LLVMX86AsmParser.dir/X86AsmParser.cpp.o
[554/559] Linking CXX static library lib/libLLVMX86AsmParser.a
[555/559] Building CXX object lib/Passes/CMakeFiles/LLVMPasses.dir/PassBuilder.cpp.o
[556/559] Linking CXX static library lib/libLLVMPasses.a
[557/559] Building CXX object lib/Target/X86/CMakeFiles/LLVMX86CodeGen.dir/X86ISelLowering.cpp.o
In file included from /home/jtuyls/iree-ai/llvm-aie-port/llvm/include/llvm/ADT/APFloat.h:18,
                 from /home/jtuyls/iree-ai/llvm-aie-port/llvm/include/llvm/CodeGenTypes/LowLevelType.h:31,
                 from /home/jtuyls/iree-ai/llvm-aie-port/llvm/include/llvm/CodeGen/MachineMemOperand.h:22,
                 from /home/jtuyls/iree-ai/llvm-aie-port/llvm/include/llvm/CodeGen/SelectionDAGTargetInfo.h:18,
                 from /home/jtuyls/iree-ai/llvm-aie-port/llvm/lib/Target/X86/X86SelectionDAGInfo.h:16,
                 from /home/jtuyls/iree-ai/llvm-aie-port/llvm/lib/Target/X86/X86ISelLowering.h:17,
                 from /home/jtuyls/iree-ai/llvm-aie-port/llvm/lib/Target/X86/X86ISelLowering.cpp:14:
In destructor ‘llvm::APInt::~APInt()’,
    inlined from ‘LowerShift(llvm::SDValue, const llvm::X86Subtarget&, llvm::SelectionDAG&)::<lambda(llvm::SDValue)>’ at /home/jtuyls/iree-ai/llvm-aie-port/llvm/lib/Target/X86/X86ISelLowering.cpp:31609:
/home/jtuyls/iree-ai/llvm-aie-port/llvm/include/llvm/ADT/APInt.h:193:18: warning: ‘void operator delete [](void*)’ called on a pointer to an unallocated object ‘72909780498219007’ [-Wfree-nonheap-object]
  193 |       delete[] U.pVal;
      |                  ^~~~
In destructor ‘llvm::APInt::~APInt()’,
    inlined from ‘LowerShift(llvm::SDValue, const llvm::X86Subtarget&, llvm::SelectionDAG&)::<lambda(llvm::SDValue)>’ at /home/jtuyls/iree-ai/llvm-aie-port/llvm/lib/Target/X86/X86ISelLowering.cpp:31610:
/home/jtuyls/iree-ai/llvm-aie-port/llvm/include/llvm/ADT/APInt.h:193:18: warning: ‘void operator delete [](void*)’ called on a pointer to an unallocated object ‘9241421688590303745’ [-Wfree-nonheap-object]
  193 |       delete[] U.pVal;
      |                  ^~~~
[558/559] Linking CXX static library lib/libLLVMX86CodeGen.a
[559/559] Linking CXX executable bin/llc
DONE_RC=0
