ninja: Entering directory `build'
[1/1217] Generating VCSRevision.h
[2/1217] Building IntrinsicEnums.inc...
[3/1217] Building IntrinsicsAArch64.h...
[4/1217] Building IntrinsicsAMDGPU.h...
[5/1217] Building IntrinsicsAIE.h...
[6/1217] Building IntrinsicsDirectX.h...
[7/1217] Building IntrinsicsAIE2PS.h...
[8/1217] Building IntrinsicsS390.h...
[9/1217] Building IntrinsicsX86.h...
[10/1217] Building IntrinsicsBPF.h...
[11/1217] Building IntrinsicsAIE2.h...
[12/1217] Building IntrinsicsMips.h...
[13/1217] Building IntrinsicsAIE2P.h...
[14/1217] Building IntrinsicsR600.h...
[15/1217] Building IntrinsicsHexagon.h...
[16/1217] Building IntrinsicsSPIRV.h...
[17/1217] Building IntrinsicsWebAssembly.h...
[18/1217] Building IntrinsicsARM.h...
[19/1217] Building IntrinsicsRISCV.h...
[20/1217] Building IntrinsicsNVPTX.h...
[21/1217] Building IntrinsicsPowerPC.h...
[22/1217] Building IntrinsicsXCore.h...
[23/1217] Building IntrinsicsVE.h...
[24/1217] Building IntrinsicsLoongArch.h...
[25/1217] Building IntrinsicImpl.inc...
[26/1217] Building PPCGenTargetFeatures.inc...
[27/1216] Building CXX object utils/TableGen/Common/CMakeFiles/obj.LLVMTableGenCommon.dir/GlobalISel/GlobalISelMatchTableExecutorEmitter.cpp.o
[28/1216] Building ARMTargetParserDef.inc...
[29/1216] Building CXX object utils/TableGen/CMakeFiles/llvm-tblgen.dir/GlobalISelCombinerEmitter.cpp.o
[30/1216] Building CXX object utils/TableGen/Common/CMakeFiles/obj.LLVMTableGenCommon.dir/GlobalISel/GlobalISelMatchTable.cpp.o
[31/1216] Building CXX object utils/TableGen/CMakeFiles/llvm-tblgen.dir/GlobalISelEmitter.cpp.o
[32/1216] Linking CXX executable bin/llvm-tblgen
[33/1216] Building AArch64TargetParserDef.inc...
[34/1215] Building AIE2GenMCPseudoLowering.inc...
[35/1215] Building AIE2GenVarInstructionItin.inc...
[36/1215] Building AIE2GenSplitInstrTables.inc...
[37/1215] Building AIE2GenPostLegalizerGIGenericCombiner.inc...
[38/1215] Building AIE2GenMCCodeEmitter.inc...
[39/1215] Building AIE2GenPreLegalizerGICombiner.inc...
[40/1215] Building AIE2GenCallingConv.inc...
[41/1215] Building AIE2GenAsmWriter.inc...
[42/1215] Building AIE2GenRegisterInfo.inc...
[43/1215] Building AIE2PGenMCCodeEmitter.inc...
[44/1215] Building AIE2GenFormats.inc...
[45/1215] Building AIE2GenPreSchedLowering.inc...
[46/1215] Building AIE2PGenFormats.inc...
[47/1215] Building AIE2GenAsmMatcher.inc...
[48/1215] Building AIE2GenPostLegalizerGICustomCombiner.inc...
[49/1215] Building AIE2GenSubtargetInfo.inc...
[50/1215] Building AIE2PGenPostLegalizerGICustomCombiner.inc...
[51/1215] Building AIE2GenDisassemblerTables.inc...
Decoding Conflict:
    .
    _  ABS
    _  ACQ_COND_mLockId_imm
    _  ACQ_COND_mLockId_reg
    _  ACQ_mLockId_imm
    _  ACQ_mLockId_reg
    _  ADC
    _  ADD
    _  ADD_add_r_ri
    _  AND
    _  ASHL
    _  CLB
    _  CLZ
    _  DIVS
    _  DONE
    _  EQ
    _  EQZ
    _  EVENT
    _  EXTENDs16
    _  EXTENDs8
    _  EXTENDu16
    _  EXTENDu8
    _  GE
    _  GEU
    _  JL_IND
    _  JNZD
    _  J_jump_ind
    _  LSHL
    _  LT
    _  LTU
    _  MOVX_alu_cg
    _  MOVX_mvx_scl
    _  MUL_mul_r_rr
    _  NE
    _  NEZ
    _  NOPX
    _  OR
    _  REL_COND_mLockId_imm
    _  REL_COND_mLockId_reg
    _  REL_mLockId_imm
    _  REL_mLockId_reg
    _  RET
    _  SBC
    _  SELEQZ
    _  SELNEZ
    _  SUB
    _  XOR
Decoding Conflict:
    .
    _  LDA_2D_S16_dmhb_lda
    _  LDA_2D_S8_dmhb_lda
    _  LDA_2D_U16_dmhb_lda
    _  LDA_2D_U8_dmhb_lda
    _  LDA_2D_dms_lda
    _  LDA_2D_dmv_lda_q
    _  LDA_3D_S16_dmhb_lda
    _  LDA_3D_S8_dmhb_lda
    _  LDA_3D_U16_dmhb_lda
    _  LDA_3D_U8_dmhb_lda
    _  LDA_3D_dms_lda
    _  LDA_3D_dmv_lda_q
    _  LDA_S16_ag_idx
    _  LDA_S16_ag_idx_imm
    _  LDA_S16_ag_pstm_nrm
    _  LDA_S16_ag_pstm_nrm_imm
    _  LDA_S8_ag_idx
    _  LDA_S8_ag_idx_imm
    _  LDA_S8_ag_pstm_nrm
    _  LDA_S8_ag_pstm_nrm_imm
    _  LDA_TM
    _  LDA_U16_ag_idx
    _  LDA_U16_ag_idx_imm
    _  LDA_U16_ag_pstm_nrm
    _  LDA_U16_ag_pstm_nrm_imm
    _  LDA_U8_ag_idx
    _  LDA_U8_ag_idx_imm
    _  LDA_U8_ag_pstm_nrm
    _  LDA_U8_ag_pstm_nrm_imm
    _  LDA_dms_lda_idx
    _  LDA_dms_lda_idx_imm
    _  LDA_dms_lda_pstm_nrm
    _  LDA_dms_lda_pstm_nrm_imm
    _  LDA_dms_spill
    _  LDA_dmv_lda_q_ag_idx
    _  LDA_dmv_lda_q_ag_idx_imm
    _  LDA_dmv_lda_q_ag_pstm_nrm
    _  LDA_dmv_lda_q_ag_pstm_nrm_imm
    _  LDA_dmv_lda_q_ag_spill
    _  MOVA_lda_cg
    _  MOV_NB_mv_ss2scl
    _  MOV_mv_ss2scl
    _  NOPA
    _  PADDA_2D
    _  PADDA_3D
    _  PADDA_lda_ptr_inc_idx
    _  PADDA_lda_ptr_inc_idx_imm
    _  PADDA_sp_imm
    _  ST_2D_S16
    _  ST_2D_S8
    _  ST_3D_S16
    _  ST_3D_S8
    _  ST_S16_ag_idx
    _  ST_S16_ag_idx_imm
    _  ST_S16_ag_pstm_nrm
    _  ST_S16_ag_pstm_nrm_imm
    _  ST_S8_ag_idx
    _  ST_S8_ag_idx_imm
    _  ST_S8_ag_pstm_nrm
    _  ST_S8_ag_pstm_nrm_imm
    _  VLDA_128
    _  VLDA_2D_CONV_FP32_BF16
    _  VLDA_2D_UPS_S32_D16
    _  VLDA_2D_UPS_S32_D8
    _  VLDA_2D_UPS_S32_S16
    _  VLDA_2D_UPS_S32_S8
    _  VLDA_2D_UPS_S64_D16
    _  VLDA_2D_UPS_S64_D32
    _  VLDA_2D_UPS_S64_S16
    _  VLDA_2D_UPS_S64_S32
    _  VLDA_2D_dmw_lda_am
    _  VLDA_2D_dmw_lda_w
    _  VLDA_3D_CONV_FP32_BF16
    _  VLDA_3D_UPS_S32_D16
    _  VLDA_3D_UPS_S32_D8
    _  VLDA_3D_UPS_S32_S16
    _  VLDA_3D_UPS_S32_S8
    _  VLDA_3D_UPS_S64_D16
    _  VLDA_3D_UPS_S64_D32
    _  VLDA_3D_UPS_S64_S16
    _  VLDA_3D_UPS_S64_S32
    _  VLDA_3D_dmw_lda_am
    _  VLDA_3D_dmw_lda_w
    _  VLDA_CONV_FP32_BF16_ag_idx
    _  VLDA_CONV_FP32_BF16_ag_idx_imm
    _  VLDA_CONV_FP32_BF16_pstm_nrm
    _  VLDA_CONV_FP32_BF16_pstm_nrm_imm
    _  VLDA_UPS_S32_D16_ag_idx
    _  VLDA_UPS_S32_D16_ag_idx_imm
    _  VLDA_UPS_S32_D16_ag_pstm_nrm
    _  VLDA_UPS_S32_D16_ag_pstm_nrm_imm
    _  VLDA_UPS_S32_D8_ag_idx
    _  VLDA_UPS_S32_D8_ag_idx_imm
    _  VLDA_UPS_S32_D8_ag_pstm_nrm
    _  VLDA_UPS_S32_D8_ag_pstm_nrm_imm
    _  VLDA_UPS_S32_S16_ag_idx
    _  VLDA_UPS_S32_S16_ag_idx_imm
    _  VLDA_UPS_S32_S16_ag_pstm_nrm
    _  VLDA_UPS_S32_S16_ag_pstm_nrm_imm
    _  VLDA_UPS_S32_S8_ag_idx
    _  VLDA_UPS_S32_S8_ag_idx_imm
    _  VLDA_UPS_S32_S8_ag_pstm_nrm
    _  VLDA_UPS_S32_S8_ag_pstm_nrm_imm
    _  VLDA_UPS_S64_D16_ag_idx
    _  VLDA_UPS_S64_D16_ag_idx_imm
    _  VLDA_UPS_S64_D16_ag_pstm_nrm
    _  VLDA_UPS_S64_D16_ag_pstm_nrm_imm
    _  VLDA_UPS_S64_D32_ag_idx
    _  VLDA_UPS_S64_D32_ag_idx_imm
    _  VLDA_UPS_S64_D32_ag_pstm_nrm
    _  VLDA_UPS_S64_D32_ag_pstm_nrm_imm
    _  VLDA_UPS_S64_S16_ag_idx
    _  VLDA_UPS_S64_S16_ag_idx_imm
    _  VLDA_UPS_S64_S16_ag_pstm_nrm
    _  VLDA_UPS_S64_S16_ag_pstm_nrm_imm
    _  VLDA_UPS_S64_S32_ag_idx
    _  VLDA_UPS_S64_S32_ag_idx_imm
    _  VLDA_UPS_S64_S32_ag_pstm_nrm
    _  VLDA_UPS_S64_S32_ag_pstm_nrm_imm
    _  VLDA_dmw_lda_am_ag_idx
    _  VLDA_dmw_lda_am_ag_idx_imm
    _  VLDA_dmw_lda_am_ag_pstm_nrm
    _  VLDA_dmw_lda_am_ag_pstm_nrm_imm
    _  VLDA_dmw_lda_am_ag_spill
    _  VLDA_dmw_lda_w_ag_idx
    _  VLDA_dmw_lda_w_ag_idx_imm
    _  VLDA_dmw_lda_w_ag_pstm_nrm
    _  VLDA_dmw_lda_w_ag_pstm_nrm_imm
    _  VLDA_dmw_lda_w_ag_spill
    _  VMOV_HI
    _  VMOV_LO
    _  VMOV_mv_scd
Decoding Conflict:
    .
    _  NOPB
    _  PADDB_2D
    _  PADDB_3D
    _  PADDB_ldb_ptr_inc_nospill_nrm
    _  PADDB_ldb_ptr_inc_nrm_imm
    _  PADDB_sp_imm
    _  VLDB_128_ag_idx
    _  VLDB_128_ag_pstm_nrm
    _  VLDB_2D
    _  VLDB_2D_128
    _  VLDB_2D_UNPACK_D16_D8
    _  VLDB_2D_UNPACK_D8_D4
    _  VLDB_2D_UNPACK_S16_S8
    _  VLDB_2D_UNPACK_S8_S4
    _  VLDB_3D
    _  VLDB_3D_128
    _  VLDB_3D_UNPACK_D16_D8
    _  VLDB_3D_UNPACK_D8_D4
    _  VLDB_3D_UNPACK_S16_S8
    _  VLDB_3D_UNPACK_S8_S4
    _  VLDB_4x16_HI
    _  VLDB_4x16_LO
    _  VLDB_4x32_HI
    _  VLDB_4x32_LO
    _  VLDB_4x64_HI
    _  VLDB_4x64_LO
    _  VLDB_COMPR_FILL
    _  VLDB_COMPR_PEEK
    _  VLDB_COMPR_POP
    _  VLDB_COMPR_RESET
    _  VLDB_SPARSE_FILL_16
    _  VLDB_SPARSE_FILL_4
    _  VLDB_SPARSE_FILL_8
    _  VLDB_SPARSE_PEEK_16
    _  VLDB_SPARSE_PEEK_4
    _  VLDB_SPARSE_PEEK_8
    _  VLDB_SPARSE_POP_16
    _  VLDB_SPARSE_POP_4
    _  VLDB_SPARSE_POP_8
    _  VLDB_SPARSE_RESET_16
    _  VLDB_SPARSE_RESET_4
    _  VLDB_SPARSE_RESET_8
    _  VLDB_UNPACK_D16_D8_ag_idx
    _  VLDB_UNPACK_D16_D8_ag_pstm_nrm
    _  VLDB_UNPACK_D8_D4_ag_idx
    _  VLDB_UNPACK_D8_D4_pstm_nrm
    _  VLDB_UNPACK_S16_S8_ag_idx
    _  VLDB_UNPACK_S16_S8_ag_pstm_nrm
    _  VLDB_UNPACK_S8_S4_ag_idx
    _  VLDB_UNPACK_S8_S4_ag_pstm_nrm
    _  VLDB_dmw_ldb_ag_idx
    _  VLDB_dmw_ldb_ag_idx_imm
    _  VLDB_dmw_ldb_ag_pstm_nrm
    _  VLDB_dmw_ldb_ag_pstm_nrm_imm
    _  VUNPACK_D16_D8
    _  VUNPACK_D8_D4
    _  VUNPACK_S16_S8
    _  VUNPACK_S8_S4
Decoding Conflict:
    .
    _  JL
    _  JNZ
    _  JZ
    _  J_jump_imm
    _  MOVXM_lng_cg
    _  NOPXM
Decoding Conflict:
    .
    _  ADD_NC
    _  MOV_CNTR
    _  MOV_D1
    _  MOV_D2
    _  MOV_D3
    _  MOV_D4
    _  MOV_D5
    _  MOV_D6
    _  MOV_mv_cg
    _  MOV_mv_scl
    _  NOPM
    _  VABS_GTZ_D16
    _  VABS_GTZ_D32
    _  VABS_GTZ_D8
    _  VABS_GTZ_S16
    _  VABS_GTZ_S32
    _  VABS_GTZ_S8
    _  VADDSUB_16
    _  VADDSUB_32
    _  VADDSUB_8
    _  VADD_16
    _  VADD_32
    _  VADD_8
    _  VBAND
    _  VBCSTSHFL_16
    _  VBCSTSHFL_32
    _  VBCSTSHFL_64
    _  VBCSTSHFL_8
    _  VBCST_16
    _  VBCST_32
    _  VBCST_64
    _  VBCST_8
    _  VBNEG_LTZ_S16
    _  VBNEG_LTZ_S32
    _  VBNEG_LTZ_S8
    _  VBOR
    _  VCONV_FP32_BF16
    _  VEQZ_16
    _  VEQZ_32
    _  VEQZ_8
    _  VEXTBCST_16_mExtractIdxImm
    _  VEXTBCST_16_mRm
    _  VEXTBCST_32_mExtractIdxImm
    _  VEXTBCST_32_mRm
    _  VEXTBCST_64_mExtractIdxImm
    _  VEXTBCST_64_mRm
    _  VEXTBCST_8_mExtractIdxImm
    _  VEXTBCST_8_mRm
    _  VEXTRACT_D16
    _  VEXTRACT_D32
    _  VEXTRACT_D64
    _  VEXTRACT_D8
    _  VEXTRACT_S16
    _  VEXTRACT_S32
    _  VEXTRACT_S64
    _  VEXTRACT_S8
    _  VGE_BF16
    _  VGE_D16
    _  VGE_D32
    _  VGE_D8
    _  VGE_S16
    _  VGE_S32
    _  VGE_S8
    _  VINSERT_16
    _  VINSERT_32
    _  VINSERT_64
    _  VINSERT_8
    _  VLT_BF16
    _  VLT_D16
    _  VLT_D32
    _  VLT_D8
    _  VLT_S16
    _  VLT_S32
    _  VLT_S8
    _  VMAXDIFF_LT_D16
    _  VMAXDIFF_LT_D32
    _  VMAXDIFF_LT_D8
    _  VMAXDIFF_LT_S16
    _  VMAXDIFF_LT_S32
    _  VMAXDIFF_LT_S8
    _  VMAX_LT_BF16
    _  VMAX_LT_D16
    _  VMAX_LT_D32
    _  VMAX_LT_D8
    _  VMAX_LT_S16
    _  VMAX_LT_S32
    _  VMAX_LT_S8
    _  VMIN_GE_BF16
    _  VMIN_GE_D16
    _  VMIN_GE_D32
    _  VMIN_GE_D8
    _  VMIN_GE_S16
    _  VMIN_GE_S32
    _  VMIN_GE_S8
    _  VMOV_mv_cm
    _  VMOV_mv_w
    _  VMOV_mv_x
    _  VNEG_GTZ16
    _  VNEG_GTZ32
    _  VNEG_GTZ8
    _  VPUSH_HI_16
    _  VPUSH_HI_32
    _  VPUSH_HI_64
    _  VPUSH_HI_8
    _  VPUSH_LO_16
    _  VPUSH_LO_32
    _  VPUSH_LO_64
    _  VPUSH_LO_8
    _  VSEL_16
    _  VSEL_32
    _  VSEL_8
    _  VSHIFT
    _  VSHIFT_ALIGN
    _  VSHUFFLE
    _  VSRSM_D16_S32
    _  VSRSM_D32_S64
    _  VSRSM_S16_S32
    _  VSRSM_S32_S64
    _  VSUB_16
    _  VSUB_32
    _  VSUB_8
    _  VSUB_GE_D16
    _  VSUB_GE_D32
    _  VSUB_GE_D8
    _  VSUB_GE_S16
    _  VSUB_GE_S32
    _  VSUB_GE_S8
    _  VSUB_LT_D16
    _  VSUB_LT_D32
    _  VSUB_LT_D8
    _  VSUB_LT_S16
    _  VSUB_LT_S32
    _  VSUB_LT_S8
    _  VUPS_S32_D16_mv_ups_w2b
    _  VUPS_S32_D16_mv_ups_x2c
    _  VUPS_S32_D8_mv_ups_w2c
    _  VUPS_S32_S16_mv_ups_w2b
    _  VUPS_S32_S16_mv_ups_x2c
    _  VUPS_S32_S8_mv_ups_w2c
    _  VUPS_S64_D16_mv_ups_w2c
    _  VUPS_S64_D32_mv_ups_w2b
    _  VUPS_S64_D32_mv_ups_x2c
    _  VUPS_S64_S16_mv_ups_w2c
    _  VUPS_S64_S32_mv_ups_w2b
    _  VUPS_S64_S32_mv_ups_x2c
Decoding Conflict:
    .
    _  MOV_NB_TLAST_mv_cph2ms
    _  MOV_NB_TLAST_mv_ph2ms
    _  MOV_NB_TLAST_mv_scl2ms
    _  MOV_NB_mv_cph2ms
    _  MOV_NB_mv_cph2ms_doTlast_reg
    _  MOV_NB_mv_ph2ms
    _  MOV_NB_mv_ph2ms_doTlast_reg
    _  MOV_NB_mv_scl2ms
    _  MOV_NB_mv_scl2ms_doTlast_reg
    _  MOV_TLAST_mv_cph2ms
    _  MOV_TLAST_mv_ph2ms
    _  MOV_TLAST_mv_scl2ms
    _  MOV_mv_cph2ms
    _  MOV_mv_cph2ms_doTlast_reg
    _  MOV_mv_ph2ms
    _  MOV_mv_ph2ms_doTlast_reg
    _  MOV_mv_scl2ms
    _  MOV_mv_scl2ms_doTlast_reg
    _  NOPS
    _  PADDS_2D
    _  PADDS_3D
    _  PADDS_st_ptr_inc_idx
    _  PADDS_st_ptr_inc_idx_imm
    _  ST_2D_dms_sts
    _  ST_2D_dmv_sts_q
    _  ST_3D_dms_sts
    _  ST_3D_dmv_sts_q
    _  ST_TM
    _  ST_dms_spill
    _  ST_dms_sts_idx
    _  ST_dms_sts_idx_imm
    _  ST_dms_sts_pstm_nrm
    _  ST_dms_sts_pstm_nrm_imm
    _  ST_dmv_sts_q_ag_idx
    _  ST_dmv_sts_q_ag_idx_imm
    _  ST_dmv_sts_q_ag_pstm_nrm
    _  ST_dmv_sts_q_ag_pstm_nrm_imm
    _  ST_dmv_sts_q_ag_spill
    _  VCONV_BF16_FP32
    _  VFLOOR_S32_BF16_mFl2FxSrc_AM
    _  VFLOOR_S32_BF16_mFl2FxSrc_W
    _  VMOV_mv_mcd
    _  VPACK_D4_D8
    _  VPACK_D8_D16
    _  VPACK_S4_S8
    _  VPACK_S8_S16
    _  VSRS_D16_S32_mv_w_srs
    _  VSRS_D16_S32_mv_x_srs
    _  VSRS_D16_S64_mv_w_srs
    _  VSRS_D32_S64_mv_w_srs
    _  VSRS_D32_S64_mv_x_srs
    _  VSRS_D8_S32_mv_w_srs
    _  VSRS_S16_S32_mv_w_srs
    _  VSRS_S16_S32_mv_x_srs
    _  VSRS_S16_S64_mv_w_srs
    _  VSRS_S32_S64_mv_w_srs
    _  VSRS_S32_S64_mv_x_srs
    _  VSRS_S8_S32_mv_w_srs
    _  VST_128_ag_idx
    _  VST_128_ag_idx_imm
    _  VST_128_ag_pstm_nrm
    _  VST_128_ag_pstm_nrm_imm
    _  VST_128_ag_spill
    _  VST_2D_128
    _  VST_2D_PACK_D4_D8
    _  VST_2D_PACK_D8_D16
    _  VST_2D_PACK_S4_S8
    _  VST_2D_PACK_S8_S16
    _  VST_2D_SRS_D16_S32
    _  VST_2D_SRS_D16_S64
    _  VST_2D_SRS_D32_S64
    _  VST_2D_SRS_D8_S32
    _  VST_2D_SRS_S16_S32
    _  VST_2D_SRS_S16_S64
    _  VST_2D_SRS_S32_S64
    _  VST_2D_SRS_S8_S32
    _  VST_2D_dmw_sts_am
    _  VST_2D_dmw_sts_w
    _  VST_3D_128
    _  VST_3D_PACK_D4_D8
    _  VST_3D_PACK_D8_D16
    _  VST_3D_PACK_S4_S8
    _  VST_3D_PACK_S8_S16
    _  VST_3D_SRS_D16_S32
    _  VST_3D_SRS_D16_S64
    _  VST_3D_SRS_D32_S64
    _  VST_3D_SRS_D8_S32
    _  VST_3D_SRS_S16_S32
    _  VST_3D_SRS_S16_S64
    _  VST_3D_SRS_S32_S64
    _  VST_3D_SRS_S8_S32
    _  VST_3D_dmw_sts_am
    _  VST_3D_dmw_sts_w
    _  VST_CONV_2D_BF16_FP32
    _  VST_CONV_3D_BF16_FP32
    _  VST_CONV_BF16_FP32_ag_idx
    _  VST_CONV_BF16_FP32_ag_idx_imm
    _  VST_CONV_BF16_FP32_ag_pstm_nrm
    _  VST_CONV_BF16_FP32_ag_pstm_nrm_imm
    _  VST_PACK_D4_D8_ag_idx
    _  VST_PACK_D4_D8_ag_idx_imm
    _  VST_PACK_D4_D8_ag_pstm_nrm
    _  VST_PACK_D4_D8_ag_pstm_nrm_imm
    _  VST_PACK_D8_D16_ag_idx
    _  VST_PACK_D8_D16_ag_idx_imm
    _  VST_PACK_D8_D16_ag_pstm_nrm
    _  VST_PACK_D8_D16_ag_pstm_nrm_imm
    _  VST_PACK_S4_S8_ag_idx
    _  VST_PACK_S4_S8_ag_idx_imm
    _  VST_PACK_S4_S8_ag_pstm_nrm
    _  VST_PACK_S4_S8_ag_pstm_nrm_imm
    _  VST_PACK_S8_S16_ag_idx
    _  VST_PACK_S8_S16_ag_idx_imm
    _  VST_PACK_S8_S16_ag_pstm_nrm
    _  VST_PACK_S8_S16_ag_pstm_nrm_imm
    _  VST_SRS_D16_S32_ag_idx
    _  VST_SRS_D16_S32_ag_idx_imm
    _  VST_SRS_D16_S32_ag_pstm_nrm
    _  VST_SRS_D16_S32_ag_pstm_nrm_imm
    _  VST_SRS_D16_S64_ag_idx
    _  VST_SRS_D16_S64_ag_idx_imm
    _  VST_SRS_D16_S64_ag_pstm_nrm
    _  VST_SRS_D16_S64_ag_pstm_nrm_imm
    _  VST_SRS_D32_S64_ag_idx
    _  VST_SRS_D32_S64_ag_idx_imm
    _  VST_SRS_D32_S64_ag_pstm_nrm
    _  VST_SRS_D32_S64_ag_pstm_nrm_imm
    _  VST_SRS_D8_S32_ag_idx
    _  VST_SRS_D8_S32_ag_idx_imm
    _  VST_SRS_D8_S32_ag_pstm_nrm
    _  VST_SRS_D8_S32_ag_pstm_nrm_imm
    _  VST_SRS_S16_S32_ag_idx
    _  VST_SRS_S16_S32_ag_idx_imm
    _  VST_SRS_S16_S32_ag_pstm_nrm
    _  VST_SRS_S16_S32_ag_pstm_nrm_imm
    _  VST_SRS_S16_S64_ag_idx
    _  VST_SRS_S16_S64_ag_idx_imm
    _  VST_SRS_S16_S64_ag_pstm_nrm
    _  VST_SRS_S16_S64_ag_pstm_nrm_imm
    _  VST_SRS_S32_S64_ag_idx
    _  VST_SRS_S32_S64_ag_idx_imm
    _  VST_SRS_S32_S64_ag_pstm_nrm
    _  VST_SRS_S32_S64_ag_pstm_nrm_imm
    _  VST_SRS_S8_S32_ag_idx
    _  VST_SRS_S8_S32_ag_idx_imm
    _  VST_SRS_S8_S32_ag_pstm_nrm
    _  VST_SRS_S8_S32_ag_pstm_nrm_imm
    _  VST_dmw_sts_am_ag_idx
    _  VST_dmw_sts_am_ag_idx_imm
    _  VST_dmw_sts_am_ag_pstm_nrm
    _  VST_dmw_sts_am_ag_pstm_nrm_imm
    _  VST_dmw_sts_am_ag_spill
    _  VST_dmw_sts_w_ag_idx
    _  VST_dmw_sts_w_ag_idx_imm
    _  VST_dmw_sts_w_ag_pstm_nrm
    _  VST_dmw_sts_w_ag_pstm_nrm_imm
    _  VST_dmw_sts_w_ag_spill
Decoding Conflict:
    .
    _  NOPV
    _  VADD
    _  VADDMAC_F_vmac_bm_core_dense
    _  VADDMAC_F_vmac_bm_core_sparse_narrow
    _  VADDMAC_F_vmac_bm_core_sparse_wide
    _  VADDMAC_vmac_bm_core_dense
    _  VADDMAC_vmac_cm_core_sparse_narrow
    _  VADDMAC_vmac_cm_core_sparse_wide
    _  VADDMSC_F_vmac_bm_core_dense
    _  VADDMSC_F_vmac_bm_core_sparse_narrow
    _  VADDMSC_F_vmac_bm_core_sparse_wide
    _  VADDMSC_vmac_bm_core_dense
    _  VADDMSC_vmac_cm_core_sparse_narrow
    _  VADDMSC_vmac_cm_core_sparse_wide
    _  VADD_F
    _  VCLR_vclr
    _  VCLR_vclr_BF
    _  VMAC_F_vmac_bm_core_dense
    _  VMAC_F_vmac_bm_core_sparse_narrow
    _  VMAC_F_vmac_bm_core_sparse_wide
    _  VMAC_vmac_cm_core_dense
    _  VMAC_vmac_cm_core_sparse_narrow
    _  VMAC_vmac_cm_core_sparse_wide
    _  VMOV_D
    _  VMSC_F_vmac_bm_core_dense
    _  VMSC_F_vmac_bm_core_sparse_narrow
    _  VMSC_F_vmac_bm_core_sparse_wide
    _  VMSC_vmac_cm_core_dense
    _  VMSC_vmac_cm_core_sparse_narrow
    _  VMSC_vmac_cm_core_sparse_wide
    _  VMUL_F_vmac_bm_core_dense
    _  VMUL_F_vmac_bm_core_sparse_narrow
    _  VMUL_F_vmac_bm_core_sparse_wide
    _  VMUL_vmac_cm_core_dense
    _  VMUL_vmac_cm_core_sparse_narrow
    _  VMUL_vmac_cm_core_sparse_wide
    _  VNEG
    _  VNEGADD
    _  VNEGADD_F
    _  VNEGMAC_vmac_cm_core_dense
    _  VNEGMAC_vmac_cm_core_sparse_narrow
    _  VNEGMAC_vmac_cm_core_sparse_wide
    _  VNEGMSC_vmac_cm_core_dense
    _  VNEGMSC_vmac_cm_core_sparse_narrow
    _  VNEGMSC_vmac_cm_core_sparse_wide
    _  VNEGMUL_F_vmac_bm_core_dense
    _  VNEGMUL_F_vmac_bm_core_sparse_narrow
    _  VNEGMUL_F_vmac_bm_core_sparse_wide
    _  VNEGMUL_vmac_cm_core_dense
    _  VNEGMUL_vmac_cm_core_sparse_narrow
    _  VNEGMUL_vmac_cm_core_sparse_wide
    _  VNEGSUB
    _  VNEGSUB_F
    _  VNEG_F
    _  VSUB
    _  VSUBMAC_vmac_bm_core_dense
    _  VSUBMAC_vmac_cm_core_sparse_narrow
    _  VSUBMAC_vmac_cm_core_sparse_wide
    _  VSUBMSC_vmac_bm_core_dense
    _  VSUBMSC_vmac_cm_core_sparse_narrow
    _  VSUBMSC_vmac_cm_core_sparse_wide
    _  VSUB_F
warning: Decoding conflict encountered
[52/1215] Building AIE2PGenAsmMatcher.inc...
[53/1215] Building AIE2PGenAsmWriter.inc...
[54/1215] Building AIE2PGenPreLegalizerGICombiner.inc...
[55/1215] Building AIE2GenRegisterBank.inc...
[56/1215] Building AIE2GenGlobalISel.inc...
[57/1215] Building AIE2PGenDisassemblerTables.inc...
Decoding Conflict:
    .
    _  ABS
    _  ACQ_COND_mLockId_imm
    _  ACQ_COND_mLockId_reg
    _  ACQ_mLockId_imm
    _  ACQ_mLockId_reg
    _  ADC
    _  ADD_add_r_ri
    _  ADD_alu_r_rr
    _  AND
    _  ASHL
    _  CLB
    _  CLZ
    _  DIVS
    _  DONE
    _  EQ
    _  EQZ
    _  EVENT_ERROR
    _  EVENT_WARNING
    _  EVENT_event0
    _  EVENT_event1
    _  EXTEND_s16
    _  EXTEND_s8
    _  EXTEND_u16
    _  EXTEND_u8
    _  GE
    _  GEU
    _  INVSQRT_mOptConvDel_mRx
    _  INVSQRT_mOptConvDel_mRx_mOptConv
    _  INVSQRT_mRx
    _  INVSQRT_mRx_mOptConv
    _  INV_mOptConvDel_mRx
    _  INV_mOptConvDel_mRx_mOptConv
    _  INV_mRx
    _  INV_mRx_mOptConv
    _  JL_alumv_or
    _  JNZD
    _  J_alumv_or
    _  LSHL
    _  LT
    _  LTU
    _  MAC
    _  MOVX_alu_cg
    _  MOVX_mvx_cr_imm
    _  MOVX_mvx_cr_r
    _  MOV_alu_mv_alu_flt2fx
    _  MOV_alu_mv_alu_fx2flt
    _  MSC
    _  MUL
    _  NE
    _  NEZ
    _  NOPX
    _  OR
    _  POPCOUNT
    _  REL_COND_mLockId_imm
    _  REL_COND_mLockId_reg
    _  REL_mLockId_imm
    _  REL_mLockId_reg
    _  RET
    _  SBC
    _  SEL_EQZ
    _  SEL_NEZ
    _  SQRT_mOptConvDel_mRx
    _  SQRT_mOptConvDel_mRx_mOptConv
    _  SQRT_mRx
    _  SQRT_mRx_mOptConv
    _  SUB
    _  XOR
Decoding Conflict:
    .
    _  LDA_2D_dms_lda
    _  LDA_2D_dmv_lda_q
    _  LDA_2D_s16
    _  LDA_2D_s8
    _  LDA_2D_u16
    _  LDA_2D_u8
    _  LDA_3D_dms_lda
    _  LDA_3D_dmv_lda_q
    _  LDA_3D_s16
    _  LDA_3D_s8
    _  LDA_3D_u16
    _  LDA_3D_u8
    _  LDA_TM_2D
    _  LDA_TM_3D
    _  LDA_TM_idx
    _  LDA_TM_idx_imm
    _  LDA_TM_pstm_nrm
    _  LDA_TM_pstm_nrm_imm
    _  LDA_dms_lda_idx
    _  LDA_dms_lda_idx_imm
    _  LDA_dms_lda_pstm_nrm
    _  LDA_dms_lda_pstm_nrm_imm
    _  LDA_dms_lda_spill
    _  LDA_dmv_lda_q_idx
    _  LDA_dmv_lda_q_idx_imm
    _  LDA_dmv_lda_q_pstm_nrm
    _  LDA_dmv_lda_q_pstm_nrm_imm
    _  LDA_dmv_lda_q_spill
    _  LDA_s16_idx
    _  LDA_s16_idx_imm
    _  LDA_s16_pstm_nrm
    _  LDA_s16_pstm_nrm_imm
    _  LDA_s8_idx
    _  LDA_s8_idx_imm
    _  LDA_s8_pstm_nrm
    _  LDA_s8_pstm_nrm_imm
    _  LDA_u16_idx
    _  LDA_u16_idx_imm
    _  LDA_u16_pstm_nrm
    _  LDA_u16_pstm_nrm_imm
    _  LDA_u8_idx
    _  LDA_u8_idx_imm
    _  LDA_u8_pstm_nrm
    _  LDA_u8_pstm_nrm_imm
    _  MOVA
    _  MOV_lda
    _  MOV_nb_lda
    _  NOPA
    _  PADDA_2D
    _  PADDA_3D
    _  PADDA_pstm_nrm
    _  PADDA_pstm_nrm_imm
    _  ST_2D_s16
    _  ST_2D_s8
    _  ST_3D_s16
    _  ST_3D_s8
    _  ST_s16_idx
    _  ST_s16_idx_imm
    _  ST_s16_pstm_nrm
    _  ST_s16_pstm_nrm_imm
    _  ST_s8_idx
    _  ST_s8_idx_imm
    _  ST_s8_pstm_nrm
    _  ST_s8_pstm_nrm_imm
    _  VLDA_128_dmv_lda_w_idx
    _  VLDA_128_dmv_lda_w_idx_imm
    _  VLDA_128_dmv_lda_w_pstm_nrm
    _  VLDA_128_dmv_lda_w_pstm_nrm_imm
    _  VLDA_128_dmv_lda_w_spill
    _  VLDA_2D_128
    _  VLDA_2D_CONV_fp32_bf16_dmw_lda_ups_bf
    _  VLDA_2D_CONV_fp32_bf16_dmx_lda_ups_bf
    _  VLDA_2D_UPS_2x_dmw_lda_ups_w2b_upsSign0
    _  VLDA_2D_UPS_2x_dmw_lda_ups_w2b_upsSign1
    _  VLDA_2D_UPS_2x_dmx_lda_ups_x2c_upsSign0
    _  VLDA_2D_UPS_2x_dmx_lda_ups_x2c_upsSign1
    _  VLDA_2D_UPS_4x_dmw_lda_ups_w2c_upsSign0
    _  VLDA_2D_UPS_4x_dmw_lda_ups_w2c_upsSign1
    _  VLDA_2D_UPS_4x_dmx_lda_ups_x2d_upsSign0
    _  VLDA_2D_UPS_4x_dmx_lda_ups_x2d_upsSign1
    _  VLDA_2D_dmw_lda_w
    _  VLDA_2D_dmx_lda_bm
    _  VLDA_2D_dmx_lda_fifohl
    _  VLDA_2D_dmx_lda_x
    _  VLDA_3D_128
    _  VLDA_3D_CONV_fp32_bf16_dmw_lda_ups_bf
    _  VLDA_3D_CONV_fp32_bf16_dmx_lda_ups_bf
    _  VLDA_3D_UPS_2x_dmw_lda_ups_w2b_upsSign0
    _  VLDA_3D_UPS_2x_dmw_lda_ups_w2b_upsSign1
    _  VLDA_3D_UPS_2x_dmx_lda_ups_x2c_upsSign0
    _  VLDA_3D_UPS_2x_dmx_lda_ups_x2c_upsSign1
    _  VLDA_3D_UPS_4x_dmw_lda_ups_w2c_upsSign0
    _  VLDA_3D_UPS_4x_dmw_lda_ups_w2c_upsSign1
    _  VLDA_3D_UPS_4x_dmx_lda_ups_x2d_upsSign0
    _  VLDA_3D_UPS_4x_dmx_lda_ups_x2d_upsSign1
    _  VLDA_3D_dmw_lda_w
    _  VLDA_3D_dmx_lda_bm
    _  VLDA_3D_dmx_lda_fifohl
    _  VLDA_3D_dmx_lda_x
    _  VLDA_CONV_fp32_bf16_dmw_lda_ups_bf_idx
    _  VLDA_CONV_fp32_bf16_dmw_lda_ups_bf_idx_imm
    _  VLDA_CONV_fp32_bf16_dmw_lda_ups_bf_pstm_nrm
    _  VLDA_CONV_fp32_bf16_dmw_lda_ups_bf_pstm_nrm_imm
    _  VLDA_CONV_fp32_bf16_dmx_lda_ups_bf_idx
    _  VLDA_CONV_fp32_bf16_dmx_lda_ups_bf_idx_imm
    _  VLDA_CONV_fp32_bf16_dmx_lda_ups_bf_pstm_nrm
    _  VLDA_CONV_fp32_bf16_dmx_lda_ups_bf_pstm_nrm_imm
    _  VLDA_FILL_512
    _  VLDA_POP_512_2D
    _  VLDA_POP_512_3D
    _  VLDA_POP_512_fifo_1d_pop
    _  VLDA_POP_512_normal_pop
    _  VLDA_POP_544_2D
    _  VLDA_POP_544_3D
    _  VLDA_POP_544_fifo_1d_pop
    _  VLDA_POP_544_normal_pop
    _  VLDA_POP_576_2D
    _  VLDA_POP_576_3D
    _  VLDA_POP_576_fifo_1d_pop
    _  VLDA_POP_576_normal_pop
    _  VLDA_POP_640_2D
    _  VLDA_POP_640_3D
    _  VLDA_POP_640_fifo_1d_pop
    _  VLDA_POP_640_normal_pop
    _  VLDA_POP_704_2D
    _  VLDA_POP_704_3D
    _  VLDA_POP_704_fifo_1d_pop
    _  VLDA_POP_704_normal_pop
    _  VLDA_UPS_2x_dmw_lda_ups_w2b_idx_imm_upsSign0
    _  VLDA_UPS_2x_dmw_lda_ups_w2b_idx_imm_upsSign1
    _  VLDA_UPS_2x_dmw_lda_ups_w2b_idx_upsSign0
    _  VLDA_UPS_2x_dmw_lda_ups_w2b_idx_upsSign1
    _  VLDA_UPS_2x_dmw_lda_ups_w2b_pstm_nrm_imm_upsSign0
    _  VLDA_UPS_2x_dmw_lda_ups_w2b_pstm_nrm_imm_upsSign1
    _  VLDA_UPS_2x_dmw_lda_ups_w2b_pstm_nrm_upsSign0
    _  VLDA_UPS_2x_dmw_lda_ups_w2b_pstm_nrm_upsSign1
    _  VLDA_UPS_2x_dmx_lda_ups_x2c_idx_imm_upsSign0
    _  VLDA_UPS_2x_dmx_lda_ups_x2c_idx_imm_upsSign1
    _  VLDA_UPS_2x_dmx_lda_ups_x2c_idx_upsSign0
    _  VLDA_UPS_2x_dmx_lda_ups_x2c_idx_upsSign1
    _  VLDA_UPS_2x_dmx_lda_ups_x2c_pstm_nrm_imm_upsSign0
    _  VLDA_UPS_2x_dmx_lda_ups_x2c_pstm_nrm_imm_upsSign1
    _  VLDA_UPS_2x_dmx_lda_ups_x2c_pstm_nrm_upsSign0
    _  VLDA_UPS_2x_dmx_lda_ups_x2c_pstm_nrm_upsSign1
    _  VLDA_UPS_4x_dmw_lda_ups_w2c_idx_imm_upsSign0
    _  VLDA_UPS_4x_dmw_lda_ups_w2c_idx_imm_upsSign1
    _  VLDA_UPS_4x_dmw_lda_ups_w2c_idx_upsSign0
    _  VLDA_UPS_4x_dmw_lda_ups_w2c_idx_upsSign1
    _  VLDA_UPS_4x_dmw_lda_ups_w2c_pstm_nrm_imm_upsSign0
    _  VLDA_UPS_4x_dmw_lda_ups_w2c_pstm_nrm_imm_upsSign1
    _  VLDA_UPS_4x_dmw_lda_ups_w2c_pstm_nrm_upsSign0
    _  VLDA_UPS_4x_dmw_lda_ups_w2c_pstm_nrm_upsSign1
    _  VLDA_UPS_4x_dmx_lda_ups_x2d_idx_imm_upsSign0
    _  VLDA_UPS_4x_dmx_lda_ups_x2d_idx_imm_upsSign1
    _  VLDA_UPS_4x_dmx_lda_ups_x2d_idx_upsSign0
    _  VLDA_UPS_4x_dmx_lda_ups_x2d_idx_upsSign1
    _  VLDA_UPS_4x_dmx_lda_ups_x2d_pstm_nrm_imm_upsSign0
    _  VLDA_UPS_4x_dmx_lda_ups_x2d_pstm_nrm_imm_upsSign1
    _  VLDA_UPS_4x_dmx_lda_ups_x2d_pstm_nrm_upsSign0
    _  VLDA_UPS_4x_dmx_lda_ups_x2d_pstm_nrm_upsSign1
    _  VLDA_dmw_lda_w_idx
    _  VLDA_dmw_lda_w_idx_imm
    _  VLDA_dmw_lda_w_pstm_nrm
    _  VLDA_dmw_lda_w_pstm_nrm_imm
    _  VLDA_dmw_lda_w_spill
    _  VLDA_dmx_lda_bm_idx
    _  VLDA_dmx_lda_bm_idx_imm
    _  VLDA_dmx_lda_bm_pstm_nrm
    _  VLDA_dmx_lda_bm_pstm_nrm_imm
    _  VLDA_dmx_lda_bm_spill
    _  VLDA_dmx_lda_fifohl_idx
    _  VLDA_dmx_lda_fifohl_idx_imm
    _  VLDA_dmx_lda_fifohl_pstm_nrm
    _  VLDA_dmx_lda_fifohl_pstm_nrm_imm
    _  VLDA_dmx_lda_fifohl_spill
    _  VLDA_dmx_lda_x_idx
    _  VLDA_dmx_lda_x_idx_imm
    _  VLDA_dmx_lda_x_pstm_nrm
    _  VLDA_dmx_lda_x_pstm_nrm_imm
    _  VLDA_dmx_lda_x_spill
    _  VMOV_0_mv_scd_cm
    _  VMOV_0_mv_scd_dm_imm
    _  VMOV_1_mv_scd_cm
    _  VMOV_1_mv_scd_dm_imm
    _  VMOV_2
    _  VMOV_3
    _  VMOV_lda_mv_scd_bm
    _  VMOV_lda_mv_scd_dm_dyn
    _  VMOV_lda_mv_scd_dm_reg
    _  VMOV_lda_mv_scd_x
Decoding Conflict:
    .
    _  NOPB
    _  PADDB_2D
    _  PADDB_3D
    _  PADDB_pstm_nrm
    _  PADDB_pstm_nrm_imm
    _  VLDB_128_idx
    _  VLDB_128_idx_imm
    _  VLDB_128_pstm_nrm
    _  VLDB_128_pstm_nrm_imm
    _  VLDB_2D_128
    _  VLDB_2D_UNPACK_dmw_ldb_unpack_unpackSign0
    _  VLDB_2D_UNPACK_dmw_ldb_unpack_unpackSign1
    _  VLDB_2D_UNPACK_dmx_ldb_unpack_unpackSign0
    _  VLDB_2D_UNPACK_dmx_ldb_unpack_unpackSign1
    _  VLDB_2D_dmw_ldb
    _  VLDB_2D_dmx_ldb_x
    _  VLDB_3D_128
    _  VLDB_3D_UNPACK_dmw_ldb_unpack_unpackSign0
    _  VLDB_3D_UNPACK_dmw_ldb_unpack_unpackSign1
    _  VLDB_3D_UNPACK_dmx_ldb_unpack_unpackSign0
    _  VLDB_3D_UNPACK_dmx_ldb_unpack_unpackSign1
    _  VLDB_3D_dmw_ldb
    _  VLDB_3D_dmx_ldb_x
    _  VLDB_4x16_hi
    _  VLDB_4x16_lo
    _  VLDB_4x32_hi
    _  VLDB_4x32_lo
    _  VLDB_4x64_hi
    _  VLDB_4x64_lo
    _  VLDB_FILLX_512
    _  VLDB_FILL_512
    _  VLDB_POPX_512
    _  VLDB_POP_512_2D
    _  VLDB_POP_512_3D
    _  VLDB_POP_512_fifo_1d_pop
    _  VLDB_POP_512_normal_pop
    _  VLDB_POP_544_2D
    _  VLDB_POP_544_3D
    _  VLDB_POP_544_fifo_1d_pop
    _  VLDB_POP_544_normal_pop
    _  VLDB_POP_576_2D
    _  VLDB_POP_576_3D
    _  VLDB_POP_576_fifo_1d_pop
    _  VLDB_POP_576_normal_pop
    _  VLDB_POP_640_2D
    _  VLDB_POP_640_3D
    _  VLDB_POP_640_fifo_1d_pop
    _  VLDB_POP_640_normal_pop
    _  VLDB_POP_704_2D
    _  VLDB_POP_704_3D
    _  VLDB_POP_704_fifo_1d_pop
    _  VLDB_POP_704_normal_pop
    _  VLDB_UNPACK_dmw_ldb_unpack_idx_imm_unpackSign0
    _  VLDB_UNPACK_dmw_ldb_unpack_idx_imm_unpackSign1
    _  VLDB_UNPACK_dmw_ldb_unpack_idx_unpackSign0
    _  VLDB_UNPACK_dmw_ldb_unpack_idx_unpackSign1
    _  VLDB_UNPACK_dmw_ldb_unpack_pstm_nrm_imm_unpackSign0
    _  VLDB_UNPACK_dmw_ldb_unpack_pstm_nrm_imm_unpackSign1
    _  VLDB_UNPACK_dmw_ldb_unpack_pstm_nrm_unpackSign0
    _  VLDB_UNPACK_dmw_ldb_unpack_pstm_nrm_unpackSign1
    _  VLDB_UNPACK_dmx_ldb_unpack_idx_imm_unpackSign0
    _  VLDB_UNPACK_dmx_ldb_unpack_idx_imm_unpackSign1
    _  VLDB_UNPACK_dmx_ldb_unpack_idx_unpackSign0
    _  VLDB_UNPACK_dmx_ldb_unpack_idx_unpackSign1
    _  VLDB_UNPACK_dmx_ldb_unpack_pstm_nrm_imm_unpackSign0
    _  VLDB_UNPACK_dmx_ldb_unpack_pstm_nrm_imm_unpackSign1
    _  VLDB_UNPACK_dmx_ldb_unpack_pstm_nrm_unpackSign0
    _  VLDB_UNPACK_dmx_ldb_unpack_pstm_nrm_unpackSign1
    _  VLDB_dmw_ldb_idx
    _  VLDB_dmw_ldb_idx_imm
    _  VLDB_dmw_ldb_pstm_nrm
    _  VLDB_dmw_ldb_pstm_nrm_imm
    _  VLDB_dmx_ldb_x_idx
    _  VLDB_dmx_ldb_x_idx_imm
    _  VLDB_dmx_ldb_x_pstm_nrm
    _  VLDB_dmx_ldb_x_pstm_nrm_imm
    _  VUNPACK_mv_unpack_w_unpackSign0
    _  VUNPACK_mv_unpack_w_unpackSign1
    _  VUNPACK_mv_unpack_x_unpackSign0
    _  VUNPACK_mv_unpack_x_unpackSign1
Decoding Conflict:
    .
    _  JL_lng
    _  JNZ
    _  JZ
    _  J_lng
    _  MOVXM
    _  NOPXM
    _  PADDXM_pstm_sp
    _  PADDXM_pstm_sp_imm
Decoding Conflict:
    .
    _  ADD_NC_mv_add_ri
    _  ADD_NC_mv_add_rr
    _  MOV_alu_mv_mv_mv_cg
    _  MOV_alu_mv_mv_mv_cntr2l
    _  MOV_alu_mv_mv_mv_e_mv_eh_to_eh
    _  MOV_alu_mv_mv_mv_e_mv_eh_to_el
    _  MOV_alu_mv_mv_mv_e_mv_eh_to_r
    _  MOV_alu_mv_mv_mv_e_mv_el_to_eh
    _  MOV_alu_mv_mv_mv_e_mv_el_to_el
    _  MOV_alu_mv_mv_mv_e_mv_el_to_r
    _  MOV_alu_mv_mv_mv_e_mv_r_to_eh
    _  MOV_alu_mv_mv_mv_e_mv_r_to_el
    _  MOV_alu_mv_mv_mv_scl
    _  MOV_d1
    _  MOV_d2
    _  MOV_d3
    _  MOV_d4
    _  MOV_d5
    _  MOV_d6
    _  NOPM
    _  VABS_GTZ_16_vaddSign0
    _  VABS_GTZ_16_vaddSign1
    _  VABS_GTZ_32_vaddSign0
    _  VABS_GTZ_32_vaddSign1
    _  VABS_GTZ_8_vaddSign0
    _  VABS_GTZ_8_vaddSign1
    _  VADDSUB_16
    _  VADDSUB_32
    _  VADDSUB_8
    _  VADD_16
    _  VADD_32
    _  VADD_8
    _  VBAND
    _  VBCSTSHFL_16_vec_broadcast_shuffle_bm
    _  VBCSTSHFL_16_vec_broadcast_shuffle_x
    _  VBCSTSHFL_32_vec_broadcast_shuffle_bm
    _  VBCSTSHFL_32_vec_broadcast_shuffle_x
    _  VBCSTSHFL_64_vec_broadcast_shuffle_bm
    _  VBCSTSHFL_64_vec_broadcast_shuffle_x
    _  VBCSTSHFL_8_vec_broadcast_shuffle_bm
    _  VBCSTSHFL_8_vec_broadcast_shuffle_x
    _  VBCST_16
    _  VBCST_32
    _  VBCST_64
    _  VBCST_8
    _  VBNEG_LTZ_s16
    _  VBNEG_LTZ_s32
    _  VBNEG_LTZ_s8
    _  VBOR
    _  VCONV_fp32_bf16_mv_ups_wbf
    _  VCONV_fp32_bf16_mv_ups_xbf
    _  VEQZ_16
    _  VEQZ_32
    _  VEQZ_8
    _  VEXP2
    _  VEXTBCSTSHFL_128
    _  VEXTBCSTSHFL_16
    _  VEXTBCSTSHFL_32
    _  VEXTBCSTSHFL_64
    _  VEXTBCST_128_vec_extract_broadcast_imm
    _  VEXTBCST_128_vec_extract_broadcast_r
    _  VEXTBCST_16_vec_extract_broadcast_imm
    _  VEXTBCST_16_vec_extract_broadcast_r
    _  VEXTBCST_32_vec_extract_broadcast_imm
    _  VEXTBCST_32_vec_extract_broadcast_r
    _  VEXTBCST_64_vec_extract_broadcast_imm
    _  VEXTBCST_64_vec_extract_broadcast_r
    _  VEXTBCST_8_vec_extract_broadcast_imm
    _  VEXTBCST_8_vec_extract_broadcast_r
    _  VEXTRACT_16_vec_extract_imm_vaddSign0
    _  VEXTRACT_16_vec_extract_imm_vaddSign1
    _  VEXTRACT_16_vec_extract_r_vaddSign0
    _  VEXTRACT_16_vec_extract_r_vaddSign1
    _  VEXTRACT_32_vec_extract_imm_vaddSign0
    _  VEXTRACT_32_vec_extract_imm_vaddSign1
    _  VEXTRACT_32_vec_extract_r_vaddSign0
    _  VEXTRACT_32_vec_extract_r_vaddSign1
    _  VEXTRACT_64_vec_extract_imm_vaddSign0
    _  VEXTRACT_64_vec_extract_imm_vaddSign1
    _  VEXTRACT_64_vec_extract_r_vaddSign0
    _  VEXTRACT_64_vec_extract_r_vaddSign1
    _  VEXTRACT_8_vec_extract_imm_vaddSign0
    _  VEXTRACT_8_vec_extract_imm_vaddSign1
    _  VEXTRACT_8_vec_extract_r_vaddSign0
    _  VEXTRACT_8_vec_extract_r_vaddSign1
    _  VGE_16_vaddSign0
    _  VGE_16_vaddSign1
    _  VGE_32_vaddSign0
    _  VGE_32_vaddSign1
    _  VGE_8_vaddSign0
    _  VGE_8_vaddSign1
    _  VGE_bf16
    _  VINSERT_16_mIdxImm0
    _  VINSERT_16_mR29_insert
    _  VINSERT_32_mIdxImm0
    _  VINSERT_32_mR29_insert
    _  VINSERT_64_mIdxImm0
    _  VINSERT_64_mR29_insert
    _  VINSERT_8_mIdxImm0
    _  VINSERT_8_mR29_insert
    _  VLT_16_vaddSign0
    _  VLT_16_vaddSign1
    _  VLT_32_vaddSign0
    _  VLT_32_vaddSign1
    _  VLT_8_vaddSign0
    _  VLT_8_vaddSign1
    _  VLT_bf16
    _  VMAXDIFF_LT_16_vaddSign0
    _  VMAXDIFF_LT_16_vaddSign1
    _  VMAXDIFF_LT_32_vaddSign0
    _  VMAXDIFF_LT_32_vaddSign1
    _  VMAXDIFF_LT_8_vaddSign0
    _  VMAXDIFF_LT_8_vaddSign1
    _  VMAX_LT_16_vaddSign0
    _  VMAX_LT_16_vaddSign1
    _  VMAX_LT_32_vaddSign0
    _  VMAX_LT_32_vaddSign1
    _  VMAX_LT_8_vaddSign0
    _  VMAX_LT_8_vaddSign1
    _  VMAX_LT_bf16
    _  VMIN_GE_16_vaddSign0
    _  VMIN_GE_16_vaddSign1
    _  VMIN_GE_32_vaddSign0
    _  VMIN_GE_32_vaddSign1
    _  VMIN_GE_8_vaddSign0
    _  VMIN_GE_8_vaddSign1
    _  VMIN_GE_bf16
    _  VMOV_alu_mv_mv_cm
    _  VMOV_alu_mv_mv_ex
    _  VMOV_alu_mv_mv_q
    _  VMOV_alu_mv_mv_q_to_w
    _  VMOV_alu_mv_mv_qex
    _  VMOV_alu_mv_mv_qx
    _  VMOV_alu_mv_mv_w
    _  VMOV_alu_mv_mv_w_to_q
    _  VMOV_alu_mv_mv_x
    _  VNEG_GTZ_16
    _  VNEG_GTZ_32
    _  VNEG_GTZ_8
    _  VPUSH_hi_16
    _  VPUSH_hi_32
    _  VPUSH_hi_64
    _  VPUSH_hi_8
    _  VPUSH_lo_16
    _  VPUSH_lo_32
    _  VPUSH_lo_64
    _  VPUSH_lo_8
    _  VSEL_16
    _  VSEL_32
    _  VSEL_8
    _  VSHIFT
    _  VSHIFT_ALIGN
    _  VSHUFFLE_vec_shuffle_bm
    _  VSHUFFLE_vec_shuffle_ex
    _  VSHUFFLE_vec_shuffle_x
    _  VSUB_16
    _  VSUB_32
    _  VSUB_8
    _  VSUB_GE_16_vaddSign0
    _  VSUB_GE_16_vaddSign1
    _  VSUB_GE_32_vaddSign0
    _  VSUB_GE_32_vaddSign1
    _  VSUB_GE_8_vaddSign0
    _  VSUB_GE_8_vaddSign1
    _  VSUB_LT_16_vaddSign0
    _  VSUB_LT_16_vaddSign1
    _  VSUB_LT_32_vaddSign0
    _  VSUB_LT_32_vaddSign1
    _  VSUB_LT_8_vaddSign0
    _  VSUB_LT_8_vaddSign1
    _  VTANH
    _  VUPS_2x_mv_ups_w2b_upsSign0
    _  VUPS_2x_mv_ups_w2b_upsSign1
    _  VUPS_2x_mv_ups_x2c_upsSign0
    _  VUPS_2x_mv_ups_x2c_upsSign1
    _  VUPS_4x_mv_ups_w2c_upsSign0
    _  VUPS_4x_mv_ups_w2c_upsSign1
    _  VUPS_4x_mv_ups_x2d_upsSign0
    _  VUPS_4x_mv_ups_x2d_upsSign1
Decoding Conflict:
    .
    _  MOVS
    _  MOV_CPH_mMStream_tlast_imm
    _  MOV_CPH_mMStream_tlast_reg
    _  MOV_CPH_nb_mMStream_tlast_imm
    _  MOV_CPH_nb_mMStream_tlast_reg
    _  MOV_CPH_nb_tlast
    _  MOV_CPH_tlast
    _  MOV_PH_mMStream_tlast_imm
    _  MOV_PH_mMStream_tlast_reg
    _  MOV_PH_nb_mMStream_tlast_imm
    _  MOV_PH_nb_mMStream_tlast_reg
    _  MOV_PH_nb_tlast
    _  MOV_PH_tlast
    _  MOV_nb_st_mMStream_tlast_imm
    _  MOV_nb_st_mMStream_tlast_reg
    _  MOV_nb_tlast
    _  MOV_st_mMStream_tlast_imm
    _  MOV_st_mMStream_tlast_reg
    _  MOV_tlast
    _  NOPS
    _  PADDS_2D
    _  PADDS_3D
    _  PADDS_pstm_nrm
    _  PADDS_pstm_nrm_imm
    _  ST_2D_dms_sts
    _  ST_2D_dmv_sts_q
    _  ST_3D_dms_sts
    _  ST_3D_dmv_sts_q
    _  ST_TM_2D
    _  ST_TM_3D
    _  ST_TM_idx
    _  ST_TM_idx_imm
    _  ST_TM_pstm_nrm
    _  ST_TM_pstm_nrm_imm
    _  ST_dms_sts_idx
    _  ST_dms_sts_idx_imm
    _  ST_dms_sts_pstm_nrm
    _  ST_dms_sts_pstm_nrm_imm
    _  ST_dms_sts_spill
    _  ST_dmv_sts_q_idx
    _  ST_dmv_sts_q_idx_imm
    _  ST_dmv_sts_q_pstm_nrm
    _  ST_dmv_sts_q_pstm_nrm_imm
    _  ST_dmv_sts_q_spill
    _  VCONV_bf16_fp32_mv_w_srs_bf
    _  VCONV_bf16_fp32_mv_x_srs_bf
    _  VCONV_bfp16ebs16_ebs8
    _  VCONV_bfp16ebs16_fp32
    _  VCONV_bfp16ebs8_fp32
    _  VFLOOR_s32_bf16_mv_float_to_int_bm
    _  VFLOOR_s32_bf16_mv_float_to_int_w
    _  VMOV_st_mv_mcd_bm
    _  VMOV_st_mv_mcd_x
    _  VPACK_mv_pack_w_packSign0
    _  VPACK_mv_pack_w_packSign1
    _  VPACK_mv_pack_x_packSign0
    _  VPACK_mv_pack_x_packSign1
    _  VSRS_2x_mv_w_srs_bm_srsSign0
    _  VSRS_2x_mv_w_srs_bm_srsSign1
    _  VSRS_2x_mv_x_srs_cm_srsSign0
    _  VSRS_2x_mv_x_srs_cm_srsSign1
    _  VSRS_4x_mv_w_srs_cm_srsSign0
    _  VSRS_4x_mv_w_srs_cm_srsSign1
    _  VSRS_4x_mv_x_srs_dm_srsSign0
    _  VSRS_4x_mv_x_srs_dm_srsSign1
    _  VST_128_dmv_sts_w_idx
    _  VST_128_dmv_sts_w_idx_imm
    _  VST_128_dmv_sts_w_pstm_nrm
    _  VST_128_dmv_sts_w_pstm_nrm_imm
    _  VST_128_dmv_sts_w_spill
    _  VST_2D_128
    _  VST_2D_CONV_bf16_fp32_dmw_sts_srs_bf
    _  VST_2D_CONV_bf16_fp32_dmx_sts_srs_bf
    _  VST_2D_PACK_dmw_sts_pack_packSign0
    _  VST_2D_PACK_dmw_sts_pack_packSign1
    _  VST_2D_PACK_dmx_sts_pack_packSign0
    _  VST_2D_PACK_dmx_sts_pack_packSign1
    _  VST_2D_SRS_2x_dm_sts_srs_cm_srsSign0
    _  VST_2D_SRS_2x_dm_sts_srs_cm_srsSign1
    _  VST_2D_SRS_2x_dmw_sts_srs_bm_srsSign0
    _  VST_2D_SRS_2x_dmw_sts_srs_bm_srsSign1
    _  VST_2D_SRS_4x_dm_sts_srs_cm_srsSign0
    _  VST_2D_SRS_4x_dm_sts_srs_cm_srsSign1
    _  VST_2D_SRS_4x_dmx_sts_srs_dm_srsSign0
    _  VST_2D_SRS_4x_dmx_sts_srs_dm_srsSign1
    _  VST_2D_dmw_sts_w
    _  VST_2D_dmx_sts_bm
    _  VST_2D_dmx_sts_fifohl
    _  VST_2D_dmx_sts_x
    _  VST_3D_128
    _  VST_3D_CONV_bf16_fp32_dmw_sts_srs_bf
    _  VST_3D_CONV_bf16_fp32_dmx_sts_srs_bf
    _  VST_3D_PACK_dmw_sts_pack_packSign0
    _  VST_3D_PACK_dmw_sts_pack_packSign1
    _  VST_3D_PACK_dmx_sts_pack_packSign0
    _  VST_3D_PACK_dmx_sts_pack_packSign1
    _  VST_3D_SRS_2x_dm_sts_srs_cm_srsSign0
    _  VST_3D_SRS_2x_dm_sts_srs_cm_srsSign1
    _  VST_3D_SRS_2x_dmw_sts_srs_bm_srsSign0
    _  VST_3D_SRS_2x_dmw_sts_srs_bm_srsSign1
    _  VST_3D_SRS_4x_dm_sts_srs_cm_srsSign0
    _  VST_3D_SRS_4x_dm_sts_srs_cm_srsSign1
    _  VST_3D_SRS_4x_dmx_sts_srs_dm_srsSign0
    _  VST_3D_SRS_4x_dmx_sts_srs_dm_srsSign1
    _  VST_3D_dmw_sts_w
    _  VST_3D_dmx_sts_bm
    _  VST_3D_dmx_sts_fifohl
    _  VST_3D_dmx_sts_x
    _  VST_CONV_bf16_fp32_dmw_sts_srs_bf_idx
    _  VST_CONV_bf16_fp32_dmw_sts_srs_bf_idx_imm
    _  VST_CONV_bf16_fp32_dmw_sts_srs_bf_pstm_nrm
    _  VST_CONV_bf16_fp32_dmw_sts_srs_bf_pstm_nrm_imm
    _  VST_CONV_bf16_fp32_dmx_sts_srs_bf_idx
    _  VST_CONV_bf16_fp32_dmx_sts_srs_bf_idx_imm
    _  VST_CONV_bf16_fp32_dmx_sts_srs_bf_pstm_nrm
    _  VST_CONV_bf16_fp32_dmx_sts_srs_bf_pstm_nrm_imm
    _  VST_FLUSH_512_2D
    _  VST_FLUSH_512_3D
    _  VST_FLUSH_512_CONV_2D
    _  VST_FLUSH_512_CONV_3D
    _  VST_FLUSH_512_CONV_fifo_1d_flush
    _  VST_FLUSH_512_CONV_normal_flush
    _  VST_FLUSH_512_fifo_1d_flush
    _  VST_FLUSH_512_normal_flush
    _  VST_PACK_dmw_sts_pack_idx_imm_packSign0
    _  VST_PACK_dmw_sts_pack_idx_imm_packSign1
    _  VST_PACK_dmw_sts_pack_idx_packSign0
    _  VST_PACK_dmw_sts_pack_idx_packSign1
    _  VST_PACK_dmw_sts_pack_pstm_nrm_imm_packSign0
    _  VST_PACK_dmw_sts_pack_pstm_nrm_imm_packSign1
    _  VST_PACK_dmw_sts_pack_pstm_nrm_packSign0
    _  VST_PACK_dmw_sts_pack_pstm_nrm_packSign1
    _  VST_PACK_dmx_sts_pack_idx_imm_packSign0
    _  VST_PACK_dmx_sts_pack_idx_imm_packSign1
    _  VST_PACK_dmx_sts_pack_idx_packSign0
    _  VST_PACK_dmx_sts_pack_idx_packSign1
    _  VST_PACK_dmx_sts_pack_pstm_nrm_imm_packSign0
    _  VST_PACK_dmx_sts_pack_pstm_nrm_imm_packSign1
    _  VST_PACK_dmx_sts_pack_pstm_nrm_packSign0
    _  VST_PACK_dmx_sts_pack_pstm_nrm_packSign1
    _  VST_PUSH_512
    _  VST_PUSH_544
    _  VST_PUSH_544_CONV_bfp16ebs16_ebs8
    _  VST_PUSH_544_CONV_bfp16ebs16_fp32
    _  VST_PUSH_576
    _  VST_PUSH_576_CONV_bfp16ebs8_fp32
    _  VST_SRS_2x_dm_sts_srs_cm_idx_imm_srsSign0
    _  VST_SRS_2x_dm_sts_srs_cm_idx_imm_srsSign1
    _  VST_SRS_2x_dm_sts_srs_cm_idx_srsSign0
    _  VST_SRS_2x_dm_sts_srs_cm_idx_srsSign1
    _  VST_SRS_2x_dm_sts_srs_cm_pstm_nrm_imm_srsSign0
    _  VST_SRS_2x_dm_sts_srs_cm_pstm_nrm_imm_srsSign1
    _  VST_SRS_2x_dm_sts_srs_cm_pstm_nrm_srsSign0
    _  VST_SRS_2x_dm_sts_srs_cm_pstm_nrm_srsSign1
    _  VST_SRS_2x_dmw_sts_srs_bm_idx_imm_srsSign0
    _  VST_SRS_2x_dmw_sts_srs_bm_idx_imm_srsSign1
    _  VST_SRS_2x_dmw_sts_srs_bm_idx_srsSign0
    _  VST_SRS_2x_dmw_sts_srs_bm_idx_srsSign1
    _  VST_SRS_2x_dmw_sts_srs_bm_pstm_nrm_imm_srsSign0
    _  VST_SRS_2x_dmw_sts_srs_bm_pstm_nrm_imm_srsSign1
    _  VST_SRS_2x_dmw_sts_srs_bm_pstm_nrm_srsSign0
    _  VST_SRS_2x_dmw_sts_srs_bm_pstm_nrm_srsSign1
    _  VST_SRS_4x_dm_sts_srs_cm_idx_imm_srsSign0
    _  VST_SRS_4x_dm_sts_srs_cm_idx_imm_srsSign1
    _  VST_SRS_4x_dm_sts_srs_cm_idx_srsSign0
    _  VST_SRS_4x_dm_sts_srs_cm_idx_srsSign1
    _  VST_SRS_4x_dm_sts_srs_cm_pstm_nrm_imm_srsSign0
    _  VST_SRS_4x_dm_sts_srs_cm_pstm_nrm_imm_srsSign1
    _  VST_SRS_4x_dm_sts_srs_cm_pstm_nrm_srsSign0
    _  VST_SRS_4x_dm_sts_srs_cm_pstm_nrm_srsSign1
    _  VST_SRS_4x_dmx_sts_srs_dm_idx_imm_srsSign0
    _  VST_SRS_4x_dmx_sts_srs_dm_idx_imm_srsSign1
    _  VST_SRS_4x_dmx_sts_srs_dm_idx_srsSign0
    _  VST_SRS_4x_dmx_sts_srs_dm_idx_srsSign1
    _  VST_SRS_4x_dmx_sts_srs_dm_pstm_nrm_imm_srsSign0
    _  VST_SRS_4x_dmx_sts_srs_dm_pstm_nrm_imm_srsSign1
    _  VST_SRS_4x_dmx_sts_srs_dm_pstm_nrm_srsSign0
    _  VST_SRS_4x_dmx_sts_srs_dm_pstm_nrm_srsSign1
    _  VST_dmw_sts_w_idx
    _  VST_dmw_sts_w_idx_imm
    _  VST_dmw_sts_w_pstm_nrm
    _  VST_dmw_sts_w_pstm_nrm_imm
    _  VST_dmw_sts_w_spill
    _  VST_dmx_sts_bm_idx
    _  VST_dmx_sts_bm_idx_imm
    _  VST_dmx_sts_bm_pstm_nrm
    _  VST_dmx_sts_bm_pstm_nrm_imm
    _  VST_dmx_sts_bm_spill
    _  VST_dmx_sts_fifohl_idx
    _  VST_dmx_sts_fifohl_idx_imm
    _  VST_dmx_sts_fifohl_pstm_nrm
    _  VST_dmx_sts_fifohl_pstm_nrm_imm
    _  VST_dmx_sts_fifohl_spill
    _  VST_dmx_sts_x_idx
    _  VST_dmx_sts_x_idx_imm
    _  VST_dmx_sts_x_pstm_nrm
    _  VST_dmx_sts_x_pstm_nrm_imm
    _  VST_dmx_sts_x_spill
Decoding Conflict:
    .
    _  NOPV
    _  VADDMAC_f_vaddmac_bf_vmac_cm2_add_reg_vmul_bf_core_X_X
    _  VADDMAC_f_vaddmac_bf_vmac_cm2_add_reg_vmul_bf_core_Y_Y
    _  VADDMAC_f_vaddmac_bf_vmac_cm2_add_scd_incr_vmul_bf_core_X_X
    _  VADDMAC_f_vaddmac_bf_vmac_cm2_add_scd_incr_vmul_bf_core_Y_Y
    _  VADDMAC_f_vaddmac_bf_vmac_cm2_add_scd_vmul_bf_core_X_X
    _  VADDMAC_f_vaddmac_bf_vmac_cm2_add_scd_vmul_bf_core_Y_Y
    _  VADDMAC_f_vaddmac_bfp_vmac_cm2_add_reg_vmul_bfp_core_EX_EX
    _  VADDMAC_f_vaddmac_bfp_vmac_cm2_add_reg_vmul_bfp_core_EX_EY
    _  VADDMAC_f_vaddmac_bfp_vmac_cm2_add_reg_vmul_bfp_core_EX_QEY
    _  VADDMAC_f_vaddmac_bfp_vmac_cm2_add_reg_vmul_bfp_core_EY_QEX
    _  VADDMAC_f_vaddmac_bfp_vmac_cm2_add_scd_incr_vmul_bfp_core_EX_EX
    _  VADDMAC_f_vaddmac_bfp_vmac_cm2_add_scd_incr_vmul_bfp_core_EX_EY
    _  VADDMAC_f_vaddmac_bfp_vmac_cm2_add_scd_incr_vmul_bfp_core_EX_QEY
    _  VADDMAC_f_vaddmac_bfp_vmac_cm2_add_scd_incr_vmul_bfp_core_EY_QEX
    _  VADDMAC_f_vaddmac_bfp_vmac_cm2_add_scd_vmul_bfp_core_EX_EX
    _  VADDMAC_f_vaddmac_bfp_vmac_cm2_add_scd_vmul_bfp_core_EX_EY
    _  VADDMAC_f_vaddmac_bfp_vmac_cm2_add_scd_vmul_bfp_core_EX_QEY
    _  VADDMAC_f_vaddmac_bfp_vmac_cm2_add_scd_vmul_bfp_core_EY_QEX
    _  VADDMAC_vmac_cm2_add_reg_vmul_cm_core_X_QX
    _  VADDMAC_vmac_cm2_add_reg_vmul_cm_core_X_QY
    _  VADDMAC_vmac_cm2_add_reg_vmul_cm_core_X_X
    _  VADDMAC_vmac_cm2_add_reg_vmul_cm_core_X_Y
    _  VADDMAC_vmac_cm2_add_reg_vmul_cm_core_Y_QX
    _  VADDMAC_vmac_cm2_add_reg_vmul_cm_core_Y_QY
    _  VADDMAC_vmac_cm2_add_reg_vmul_cm_core_Y_X
    _  VADDMAC_vmac_cm2_add_reg_vmul_cm_core_Y_Y
    _  VADDMAC_vmac_cm2_add_scd_incr_vmul_cm_core_X_QX
    _  VADDMAC_vmac_cm2_add_scd_incr_vmul_cm_core_X_QY
    _  VADDMAC_vmac_cm2_add_scd_incr_vmul_cm_core_X_X
    _  VADDMAC_vmac_cm2_add_scd_incr_vmul_cm_core_X_Y
    _  VADDMAC_vmac_cm2_add_scd_incr_vmul_cm_core_Y_QX
    _  VADDMAC_vmac_cm2_add_scd_incr_vmul_cm_core_Y_QY
    _  VADDMAC_vmac_cm2_add_scd_incr_vmul_cm_core_Y_X
    _  VADDMAC_vmac_cm2_add_scd_incr_vmul_cm_core_Y_Y
    _  VADDMAC_vmac_cm2_add_scd_vmul_cm_core_X_QX
    _  VADDMAC_vmac_cm2_add_scd_vmul_cm_core_X_QY
    _  VADDMAC_vmac_cm2_add_scd_vmul_cm_core_X_X
    _  VADDMAC_vmac_cm2_add_scd_vmul_cm_core_X_Y
    _  VADDMAC_vmac_cm2_add_scd_vmul_cm_core_Y_QX
    _  VADDMAC_vmac_cm2_add_scd_vmul_cm_core_Y_QY
    _  VADDMAC_vmac_cm2_add_scd_vmul_cm_core_Y_X
    _  VADDMAC_vmac_cm2_add_scd_vmul_cm_core_Y_Y
    _  VADDMSC_f_vaddmac_bf_vmac_cm2_add_reg_vmul_bf_core_X_X
    _  VADDMSC_f_vaddmac_bf_vmac_cm2_add_reg_vmul_bf_core_Y_Y
    _  VADDMSC_f_vaddmac_bf_vmac_cm2_add_scd_incr_vmul_bf_core_X_X
    _  VADDMSC_f_vaddmac_bf_vmac_cm2_add_scd_incr_vmul_bf_core_Y_Y
    _  VADDMSC_f_vaddmac_bf_vmac_cm2_add_scd_vmul_bf_core_X_X
    _  VADDMSC_f_vaddmac_bf_vmac_cm2_add_scd_vmul_bf_core_Y_Y
    _  VADDMSC_f_vaddmac_bfp_vmac_cm2_add_reg_vmul_bfp_core_EX_EX
    _  VADDMSC_f_vaddmac_bfp_vmac_cm2_add_reg_vmul_bfp_core_EX_EY
    _  VADDMSC_f_vaddmac_bfp_vmac_cm2_add_reg_vmul_bfp_core_EX_QEY
    _  VADDMSC_f_vaddmac_bfp_vmac_cm2_add_reg_vmul_bfp_core_EY_QEX
    _  VADDMSC_f_vaddmac_bfp_vmac_cm2_add_scd_incr_vmul_bfp_core_EX_EX
    _  VADDMSC_f_vaddmac_bfp_vmac_cm2_add_scd_incr_vmul_bfp_core_EX_EY
    _  VADDMSC_f_vaddmac_bfp_vmac_cm2_add_scd_incr_vmul_bfp_core_EX_QEY
    _  VADDMSC_f_vaddmac_bfp_vmac_cm2_add_scd_incr_vmul_bfp_core_EY_QEX
    _  VADDMSC_f_vaddmac_bfp_vmac_cm2_add_scd_vmul_bfp_core_EX_EX
    _  VADDMSC_f_vaddmac_bfp_vmac_cm2_add_scd_vmul_bfp_core_EX_EY
    _  VADDMSC_f_vaddmac_bfp_vmac_cm2_add_scd_vmul_bfp_core_EX_QEY
    _  VADDMSC_f_vaddmac_bfp_vmac_cm2_add_scd_vmul_bfp_core_EY_QEX
    _  VADDMSC_vmac_cm2_add_reg_vmul_cm_core_X_QX
    _  VADDMSC_vmac_cm2_add_reg_vmul_cm_core_X_QY
    _  VADDMSC_vmac_cm2_add_reg_vmul_cm_core_X_X
    _  VADDMSC_vmac_cm2_add_reg_vmul_cm_core_X_Y
    _  VADDMSC_vmac_cm2_add_reg_vmul_cm_core_Y_QX
    _  VADDMSC_vmac_cm2_add_reg_vmul_cm_core_Y_QY
    _  VADDMSC_vmac_cm2_add_reg_vmul_cm_core_Y_X
    _  VADDMSC_vmac_cm2_add_reg_vmul_cm_core_Y_Y
    _  VADDMSC_vmac_cm2_add_scd_incr_vmul_cm_core_X_QX
    _  VADDMSC_vmac_cm2_add_scd_incr_vmul_cm_core_X_QY
    _  VADDMSC_vmac_cm2_add_scd_incr_vmul_cm_core_X_X
    _  VADDMSC_vmac_cm2_add_scd_incr_vmul_cm_core_X_Y
    _  VADDMSC_vmac_cm2_add_scd_incr_vmul_cm_core_Y_QX
    _  VADDMSC_vmac_cm2_add_scd_incr_vmul_cm_core_Y_QY
    _  VADDMSC_vmac_cm2_add_scd_incr_vmul_cm_core_Y_X
    _  VADDMSC_vmac_cm2_add_scd_incr_vmul_cm_core_Y_Y
    _  VADDMSC_vmac_cm2_add_scd_vmul_cm_core_X_QX
    _  VADDMSC_vmac_cm2_add_scd_vmul_cm_core_X_QY
    _  VADDMSC_vmac_cm2_add_scd_vmul_cm_core_X_X
    _  VADDMSC_vmac_cm2_add_scd_vmul_cm_core_X_Y
    _  VADDMSC_vmac_cm2_add_scd_vmul_cm_core_Y_QX
    _  VADDMSC_vmac_cm2_add_scd_vmul_cm_core_Y_QY
    _  VADDMSC_vmac_cm2_add_scd_vmul_cm_core_Y_X
    _  VADDMSC_vmac_cm2_add_scd_vmul_cm_core_Y_Y
    _  VADD_f_vmac_cm2_add_reg
    _  VADD_f_vmac_cm2_add_scd
    _  VADD_f_vmac_cm2_add_scd_incr
    _  VADD_vmac_cm2_add_reg
    _  VADD_vmac_cm2_add_scd
    _  VADD_vmac_cm2_add_scd_incr
    _  VCLR
    _  VMAC_f_vmac_bf_vmul_bf_core_X_X
    _  VMAC_f_vmac_bf_vmul_bf_core_Y_Y
    _  VMAC_f_vmac_bfp_vmul_bfp_core_EX_EX
    _  VMAC_f_vmac_bfp_vmul_bfp_core_EX_EY
    _  VMAC_f_vmac_bfp_vmul_bfp_core_EX_QEY
    _  VMAC_f_vmac_bfp_vmul_bfp_core_EY_QEX
    _  VMAC_vmul_cm_core_X_QX
    _  VMAC_vmul_cm_core_X_QY
    _  VMAC_vmul_cm_core_X_X
    _  VMAC_vmul_cm_core_X_Y
    _  VMAC_vmul_cm_core_Y_QX
    _  VMAC_vmul_cm_core_Y_QY
    _  VMAC_vmul_cm_core_Y_X
    _  VMAC_vmul_cm_core_Y_Y
    _  VMOV_D
    _  VMSC_f_vmac_bf_vmul_bf_core_X_X
    _  VMSC_f_vmac_bf_vmul_bf_core_Y_Y
    _  VMSC_f_vmac_bfp_vmul_bfp_core_EX_EX
    _  VMSC_f_vmac_bfp_vmul_bfp_core_EX_EY
    _  VMSC_f_vmac_bfp_vmul_bfp_core_EX_QEY
    _  VMSC_f_vmac_bfp_vmul_bfp_core_EY_QEX
    _  VMSC_vmul_cm_core_X_QX
    _  VMSC_vmul_cm_core_X_QY
    _  VMSC_vmul_cm_core_X_X
    _  VMSC_vmul_cm_core_X_Y
    _  VMSC_vmul_cm_core_Y_QX
    _  VMSC_vmul_cm_core_Y_QY
    _  VMSC_vmul_cm_core_Y_X
    _  VMSC_vmul_cm_core_Y_Y
    _  VMUL_f_vmul_bf_vmul_bf_core_X_X
    _  VMUL_f_vmul_bf_vmul_bf_core_Y_Y
    _  VMUL_f_vmul_bfp_vmul_bfp_core_EX_EX
    _  VMUL_f_vmul_bfp_vmul_bfp_core_EX_EY
    _  VMUL_f_vmul_bfp_vmul_bfp_core_EX_QEY
    _  VMUL_f_vmul_bfp_vmul_bfp_core_EY_QEX
    _  VMUL_vmul_cm_core_X_QX
    _  VMUL_vmul_cm_core_X_QY
    _  VMUL_vmul_cm_core_X_X
    _  VMUL_vmul_cm_core_X_Y
    _  VMUL_vmul_cm_core_Y_QX
    _  VMUL_vmul_cm_core_Y_QY
    _  VMUL_vmul_cm_core_Y_X
    _  VMUL_vmul_cm_core_Y_Y
    _  VNEG
    _  VNEGMUL_f_vmul_bf_vmul_bf_core_X_X
    _  VNEGMUL_f_vmul_bf_vmul_bf_core_Y_Y
    _  VNEGMUL_f_vmul_bfp_vmul_bfp_core_EX_EX
    _  VNEGMUL_f_vmul_bfp_vmul_bfp_core_EX_EY
    _  VNEGMUL_f_vmul_bfp_vmul_bfp_core_EX_QEY
    _  VNEGMUL_f_vmul_bfp_vmul_bfp_core_EY_QEX
    _  VNEGMUL_vmul_cm_core_X_QX
    _  VNEGMUL_vmul_cm_core_X_QY
    _  VNEGMUL_vmul_cm_core_X_X
    _  VNEGMUL_vmul_cm_core_X_Y
    _  VNEGMUL_vmul_cm_core_Y_QX
    _  VNEGMUL_vmul_cm_core_Y_QY
    _  VNEGMUL_vmul_cm_core_Y_X
    _  VNEGMUL_vmul_cm_core_Y_Y
    _  VNEG_f
    _  VSUB_f_vmac_cm2_add_reg
    _  VSUB_f_vmac_cm2_add_scd
    _  VSUB_f_vmac_cm2_add_scd_incr
    _  VSUB_vmac_cm2_add_reg
    _  VSUB_vmac_cm2_add_scd
    _  VSUB_vmac_cm2_add_scd_incr
warning: Decoding conflict encountered
[58/1215] Building AIE2PGenPostLegalizerGIGenericCombiner.inc...
[59/1215] Building AIE2PGenPreSchedLowering.inc...
[60/1215] Building AIE2GenMemoryCycles.inc...
[61/1215] Building AIE2GenInstrInfo.inc...
[62/1214] Building AIE2PGenGlobalISel.inc...
Included from /home/jtuyls/iree-ai/llvm-aie-port/amd/aie/llvm/lib/Target/AIE/AIE2P.td:34:
Included from /home/jtuyls/iree-ai/llvm-aie-port/amd/aie/llvm/lib/Target/AIE/aie2p/AIE2PInstrInfo.td:332:
/home/jtuyls/iree-ai/llvm-aie-port/amd/aie/llvm/lib/Target/AIE/aie2p/AIE2PInstrPatterns.td:1240:1: warning: Skipped pattern: unsupported type for Src operand (SETLT:{ *:[Other] })
def : Pat<(v64i1 (aie_setlt (v64i8 VEC512:$rs1), (v64i8 VEC512:$rs2))),
^
Included from /home/jtuyls/iree-ai/llvm-aie-port/amd/aie/llvm/lib/Target/AIE/AIE2P.td:34:
Included from /home/jtuyls/iree-ai/llvm-aie-port/amd/aie/llvm/lib/Target/AIE/aie2p/AIE2PInstrInfo.td:332:
/home/jtuyls/iree-ai/llvm-aie-port/amd/aie/llvm/lib/Target/AIE/aie2p/AIE2PInstrPatterns.td:1242:1: warning: Skipped pattern: unsupported type for Src operand (SETLT:{ *:[Other] })
def : Pat<(v32i1 (aie_setlt (v32i16 VEC512:$rs1), (v32i16 VEC512:$rs2))),
^
Included from /home/jtuyls/iree-ai/llvm-aie-port/amd/aie/llvm/lib/Target/AIE/AIE2P.td:34:
Included from /home/jtuyls/iree-ai/llvm-aie-port/amd/aie/llvm/lib/Target/AIE/aie2p/AIE2PInstrInfo.td:332:
/home/jtuyls/iree-ai/llvm-aie-port/amd/aie/llvm/lib/Target/AIE/aie2p/AIE2PInstrPatterns.td:1244:1: warning: Skipped pattern: unsupported type for Src operand (SETLT:{ *:[Other] })
def : Pat<(v32i1 (aie_setlt (v16i32 VEC512:$rs1), (v16i32 VEC512:$rs2))),
^
Included from /home/jtuyls/iree-ai/llvm-aie-port/amd/aie/llvm/lib/Target/AIE/AIE2P.td:34:
Included from /home/jtuyls/iree-ai/llvm-aie-port/amd/aie/llvm/lib/Target/AIE/aie2p/AIE2PInstrInfo.td:332:
/home/jtuyls/iree-ai/llvm-aie-port/amd/aie/llvm/lib/Target/AIE/aie2p/AIE2PInstrPatterns.td:1247:1: warning: Skipped pattern: unsupported type for Src operand (SETULT:{ *:[Other] })
def : Pat<(v64i1 (aie_setult (v64i8 VEC512:$rs1), (v64i8 VEC512:$rs2))),
^
Included from /home/jtuyls/iree-ai/llvm-aie-port/amd/aie/llvm/lib/Target/AIE/AIE2P.td:34:
Included from /home/jtuyls/iree-ai/llvm-aie-port/amd/aie/llvm/lib/Target/AIE/aie2p/AIE2PInstrInfo.td:332:
/home/jtuyls/iree-ai/llvm-aie-port/amd/aie/llvm/lib/Target/AIE/aie2p/AIE2PInstrPatterns.td:1249:1: warning: Skipped pattern: unsupported type for Src operand (SETULT:{ *:[Other] })
def : Pat<(v32i1 (aie_setult (v32i16 VEC512:$rs1), (v32i16 VEC512:$rs2))),
^
Included from /home/jtuyls/iree-ai/llvm-aie-port/amd/aie/llvm/lib/Target/AIE/AIE2P.td:34:
Included from /home/jtuyls/iree-ai/llvm-aie-port/amd/aie/llvm/lib/Target/AIE/aie2p/AIE2PInstrInfo.td:332:
/home/jtuyls/iree-ai/llvm-aie-port/amd/aie/llvm/lib/Target/AIE/aie2p/AIE2PInstrPatterns.td:1251:1: warning: Skipped pattern: unsupported type for Src operand (SETULT:{ *:[Other] })
def : Pat<(v32i1 (aie_setult (v16i32 VEC512:$rs1), (v16i32 VEC512:$rs2))),
^
Included from /home/jtuyls/iree-ai/llvm-aie-port/amd/aie/llvm/lib/Target/AIE/AIE2P.td:34:
Included from /home/jtuyls/iree-ai/llvm-aie-port/amd/aie/llvm/lib/Target/AIE/aie2p/AIE2PInstrInfo.td:332:
/home/jtuyls/iree-ai/llvm-aie-port/amd/aie/llvm/lib/Target/AIE/aie2p/AIE2PInstrPatterns.td:1255:1: warning: Skipped pattern: unsupported type for Src operand (SETLE:{ *:[Other] })
def : Pat<(v64i1 (aie_setle (v64i8 VEC512:$rs1), (v64i8 VEC512:$rs2))),
^
Included from /home/jtuyls/iree-ai/llvm-aie-port/amd/aie/llvm/lib/Target/AIE/AIE2P.td:34:
Included from /home/jtuyls/iree-ai/llvm-aie-port/amd/aie/llvm/lib/Target/AIE/aie2p/AIE2PInstrInfo.td:332:
/home/jtuyls/iree-ai/llvm-aie-port/amd/aie/llvm/lib/Target/AIE/aie2p/AIE2PInstrPatterns.td:1264:1: warning: Skipped pattern: unsupported type for Src operand (SETLE:{ *:[Other] })
def : Pat<(v32i1 (aie_setle (v32i16 VEC512:$rs1), (v32i16 VEC512:$rs2))),
^
Included from /home/jtuyls/iree-ai/llvm-aie-port/amd/aie/llvm/lib/Target/AIE/AIE2P.td:34:
Included from /home/jtuyls/iree-ai/llvm-aie-port/amd/aie/llvm/lib/Target/AIE/aie2p/AIE2PInstrInfo.td:332:
/home/jtuyls/iree-ai/llvm-aie-port/amd/aie/llvm/lib/Target/AIE/aie2p/AIE2PInstrPatterns.td:1269:1: warning: Skipped pattern: unsupported type for Src operand (SETLE:{ *:[Other] })
def : Pat<(v32i1 (aie_setle (v16i32 VEC512:$rs1), (v16i32 VEC512:$rs2))),
^
Included from /home/jtuyls/iree-ai/llvm-aie-port/amd/aie/llvm/lib/Target/AIE/AIE2P.td:34:
Included from /home/jtuyls/iree-ai/llvm-aie-port/amd/aie/llvm/lib/Target/AIE/aie2p/AIE2PInstrInfo.td:332:
/home/jtuyls/iree-ai/llvm-aie-port/amd/aie/llvm/lib/Target/AIE/aie2p/AIE2PInstrPatterns.td:1274:1: warning: Skipped pattern: unsupported type for Src operand (SETULE:{ *:[Other] })
def : Pat<(v64i1 (aie_setule (v64i8 VEC512:$rs1), (v64i8 VEC512:$rs2))),
^
Included from /home/jtuyls/iree-ai/llvm-aie-port/amd/aie/llvm/lib/Target/AIE/AIE2P.td:34:
Included from /home/jtuyls/iree-ai/llvm-aie-port/amd/aie/llvm/lib/Target/AIE/aie2p/AIE2PInstrInfo.td:332:
/home/jtuyls/iree-ai/llvm-aie-port/amd/aie/llvm/lib/Target/AIE/aie2p/AIE2PInstrPatterns.td:1283:1: warning: Skipped pattern: unsupported type for Src operand (SETULE:{ *:[Other] })
def : Pat<(v32i1 (aie_setule (v32i16 VEC512:$rs1), (v32i16 VEC512:$rs2))),
^
Included from /home/jtuyls/iree-ai/llvm-aie-port/amd/aie/llvm/lib/Target/AIE/AIE2P.td:34:
Included from /home/jtuyls/iree-ai/llvm-aie-port/amd/aie/llvm/lib/Target/AIE/aie2p/AIE2PInstrInfo.td:332:
/home/jtuyls/iree-ai/llvm-aie-port/amd/aie/llvm/lib/Target/AIE/aie2p/AIE2PInstrPatterns.td:1288:1: warning: Skipped pattern: unsupported type for Src operand (SETULE:{ *:[Other] })
def : Pat<(v32i1 (aie_setule (v16i32 VEC512:$rs1), (v16i32 VEC512:$rs2))),
^
Included from /home/jtuyls/iree-ai/llvm-aie-port/amd/aie/llvm/lib/Target/AIE/AIE2P.td:34:
Included from /home/jtuyls/iree-ai/llvm-aie-port/amd/aie/llvm/lib/Target/AIE/aie2p/AIE2PInstrInfo.td:332:
/home/jtuyls/iree-ai/llvm-aie-port/amd/aie/llvm/lib/Target/AIE/aie2p/AIE2PInstrPatterns.td:1294:1: warning: Skipped pattern: unsupported type for Src operand (SETGE:{ *:[Other] })
def  : Pat<(v64i1 (aie_setge (v64i8 VEC512:$rs1), (v64i8 VEC512:$rs2))),
^
Included from /home/jtuyls/iree-ai/llvm-aie-port/amd/aie/llvm/lib/Target/AIE/AIE2P.td:34:
Included from /home/jtuyls/iree-ai/llvm-aie-port/amd/aie/llvm/lib/Target/AIE/aie2p/AIE2PInstrInfo.td:332:
/home/jtuyls/iree-ai/llvm-aie-port/amd/aie/llvm/lib/Target/AIE/aie2p/AIE2PInstrPatterns.td:1296:1: warning: Skipped pattern: unsupported type for Src operand (SETGE:{ *:[Other] })
def  : Pat<(v32i1 (aie_setge (v32i16 VEC512:$rs1), (v32i16 VEC512:$rs2))),
^
Included from /home/jtuyls/iree-ai/llvm-aie-port/amd/aie/llvm/lib/Target/AIE/AIE2P.td:34:
Included from /home/jtuyls/iree-ai/llvm-aie-port/amd/aie/llvm/lib/Target/AIE/aie2p/AIE2PInstrInfo.td:332:
/home/jtuyls/iree-ai/llvm-aie-port/amd/aie/llvm/lib/Target/AIE/aie2p/AIE2PInstrPatterns.td:1298:1: warning: Skipped pattern: unsupported type for Src operand (SETGE:{ *:[Other] })
def  : Pat<(v32i1 (aie_setge (v16i32 VEC512:$rs1), (v16i32 VEC512:$rs2))),
^
Included from /home/jtuyls/iree-ai/llvm-aie-port/amd/aie/llvm/lib/Target/AIE/AIE2P.td:34:
Included from /home/jtuyls/iree-ai/llvm-aie-port/amd/aie/llvm/lib/Target/AIE/aie2p/AIE2PInstrInfo.td:332:
/home/jtuyls/iree-ai/llvm-aie-port/amd/aie/llvm/lib/Target/AIE/aie2p/AIE2PInstrPatterns.td:1301:1: warning: Skipped pattern: unsupported type for Src operand (SETUGE:{ *:[Other] })
def  : Pat<(v64i1 (aie_setuge (v64i8 VEC512:$rs1), (v64i8 VEC512:$rs2))),
^
Included from /home/jtuyls/iree-ai/llvm-aie-port/amd/aie/llvm/lib/Target/AIE/AIE2P.td:34:
Included from /home/jtuyls/iree-ai/llvm-aie-port/amd/aie/llvm/lib/Target/AIE/aie2p/AIE2PInstrInfo.td:332:
/home/jtuyls/iree-ai/llvm-aie-port/amd/aie/llvm/lib/Target/AIE/aie2p/AIE2PInstrPatterns.td:1303:1: warning: Skipped pattern: unsupported type for Src operand (SETUGE:{ *:[Other] })
def  : Pat<(v32i1 (aie_setuge (v32i16 VEC512:$rs1), (v32i16 VEC512:$rs2))),
^
Included from /home/jtuyls/iree-ai/llvm-aie-port/amd/aie/llvm/lib/Target/AIE/AIE2P.td:34:
Included from /home/jtuyls/iree-ai/llvm-aie-port/amd/aie/llvm/lib/Target/AIE/aie2p/AIE2PInstrInfo.td:332:
/home/jtuyls/iree-ai/llvm-aie-port/amd/aie/llvm/lib/Target/AIE/aie2p/AIE2PInstrPatterns.td:1305:1: warning: Skipped pattern: unsupported type for Src operand (SETUGE:{ *:[Other] })
def  : Pat<(v32i1 (aie_setuge (v16i32 VEC512:$rs1), (v16i32 VEC512:$rs2))),
^
Included from /home/jtuyls/iree-ai/llvm-aie-port/amd/aie/llvm/lib/Target/AIE/AIE2P.td:34:
Included from /home/jtuyls/iree-ai/llvm-aie-port/amd/aie/llvm/lib/Target/AIE/aie2p/AIE2PInstrInfo.td:332:
/home/jtuyls/iree-ai/llvm-aie-port/amd/aie/llvm/lib/Target/AIE/aie2p/AIE2PInstrPatterns.td:1309:1: warning: Skipped pattern: unsupported type for Src operand (SETGT:{ *:[Other] })
def  : Pat<(v64i1 (aie_setgt (v64i8 VEC512:$rs1), (v64i8 VEC512:$rs2))),
^
Included from /home/jtuyls/iree-ai/llvm-aie-port/amd/aie/llvm/lib/Target/AIE/AIE2P.td:34:
Included from /home/jtuyls/iree-ai/llvm-aie-port/amd/aie/llvm/lib/Target/AIE/aie2p/AIE2PInstrInfo.td:332:
/home/jtuyls/iree-ai/llvm-aie-port/amd/aie/llvm/lib/Target/AIE/aie2p/AIE2PInstrPatterns.td:1318:1: warning: Skipped pattern: unsupported type for Src operand (SETGT:{ *:[Other] })
def  : Pat<(v32i1 (aie_setgt (v32i16 VEC512:$rs1), (v32i16 VEC512:$rs2))),
^
Included from /home/jtuyls/iree-ai/llvm-aie-port/amd/aie/llvm/lib/Target/AIE/AIE2P.td:34:
Included from /home/jtuyls/iree-ai/llvm-aie-port/amd/aie/llvm/lib/Target/AIE/aie2p/AIE2PInstrInfo.td:332:
/home/jtuyls/iree-ai/llvm-aie-port/amd/aie/llvm/lib/Target/AIE/aie2p/AIE2PInstrPatterns.td:1320:1: warning: Skipped pattern: unsupported type for Src operand (SETGT:{ *:[Other] })
def  : Pat<(v32i1 (aie_setgt (v16i32 VEC512:$rs1), (v16i32 VEC512:$rs2))),
^
Included from /home/jtuyls/iree-ai/llvm-aie-port/amd/aie/llvm/lib/Target/AIE/AIE2P.td:34:
Included from /home/jtuyls/iree-ai/llvm-aie-port/amd/aie/llvm/lib/Target/AIE/aie2p/AIE2PInstrInfo.td:332:
/home/jtuyls/iree-ai/llvm-aie-port/amd/aie/llvm/lib/Target/AIE/aie2p/AIE2PInstrPatterns.td:1323:1: warning: Skipped pattern: unsupported type for Src operand (SETUGT:{ *:[Other] })
def  : Pat<(v64i1 (aie_setugt (v64i8 VEC512:$rs1), (v64i8 VEC512:$rs2))),
^
Included from /home/jtuyls/iree-ai/llvm-aie-port/amd/aie/llvm/lib/Target/AIE/AIE2P.td:34:
Included from /home/jtuyls/iree-ai/llvm-aie-port/amd/aie/llvm/lib/Target/AIE/aie2p/AIE2PInstrInfo.td:332:
/home/jtuyls/iree-ai/llvm-aie-port/amd/aie/llvm/lib/Target/AIE/aie2p/AIE2PInstrPatterns.td:1332:1: warning: Skipped pattern: unsupported type for Src operand (SETUGT:{ *:[Other] })
def  : Pat<(v32i1 (aie_setugt (v32i16 VEC512:$rs1), (v32i16 VEC512:$rs2))),
^
Included from /home/jtuyls/iree-ai/llvm-aie-port/amd/aie/llvm/lib/Target/AIE/AIE2P.td:34:
Included from /home/jtuyls/iree-ai/llvm-aie-port/amd/aie/llvm/lib/Target/AIE/aie2p/AIE2PInstrInfo.td:332:
/home/jtuyls/iree-ai/llvm-aie-port/amd/aie/llvm/lib/Target/AIE/aie2p/AIE2PInstrPatterns.td:1334:1: warning: Skipped pattern: unsupported type for Src operand (SETUGT:{ *:[Other] })
def  : Pat<(v32i1 (aie_setugt (v16i32 VEC512:$rs1), (v16i32 VEC512:$rs2))),
^
Included from /home/jtuyls/iree-ai/llvm-aie-port/amd/aie/llvm/lib/Target/AIE/AIE2P.td:34:
Included from /home/jtuyls/iree-ai/llvm-aie-port/amd/aie/llvm/lib/Target/AIE/aie2p/AIE2PInstrInfo.td:332:
/home/jtuyls/iree-ai/llvm-aie-port/amd/aie/llvm/lib/Target/AIE/aie2p/AIE2PInstrPatterns.td:1338:1: warning: Skipped pattern: unsupported type for Src operand (SETEQ:{ *:[Other] })
def  : Pat<(v64i1 (aie_seteq (v64i8 VEC512:$rs1), (v64i8 VEC512:$rs2))),
^
Included from /home/jtuyls/iree-ai/llvm-aie-port/amd/aie/llvm/lib/Target/AIE/AIE2P.td:34:
Included from /home/jtuyls/iree-ai/llvm-aie-port/amd/aie/llvm/lib/Target/AIE/aie2p/AIE2PInstrInfo.td:332:
/home/jtuyls/iree-ai/llvm-aie-port/amd/aie/llvm/lib/Target/AIE/aie2p/AIE2PInstrPatterns.td:1340:1: warning: Skipped pattern: unsupported type for Src operand (SETEQ:{ *:[Other] })
def  : Pat<(v32i1 (aie_seteq (v32i16 VEC512:$rs1), (v32i16 VEC512:$rs2))),
^
Included from /home/jtuyls/iree-ai/llvm-aie-port/amd/aie/llvm/lib/Target/AIE/AIE2P.td:34:
Included from /home/jtuyls/iree-ai/llvm-aie-port/amd/aie/llvm/lib/Target/AIE/aie2p/AIE2PInstrInfo.td:332:
/home/jtuyls/iree-ai/llvm-aie-port/amd/aie/llvm/lib/Target/AIE/aie2p/AIE2PInstrPatterns.td:1342:1: warning: Skipped pattern: unsupported type for Src operand (SETEQ:{ *:[Other] })
def  : Pat<(v32i1 (aie_seteq (v16i32 VEC512:$rs1), (v16i32 VEC512:$rs2))),
^
Included from /home/jtuyls/iree-ai/llvm-aie-port/amd/aie/llvm/lib/Target/AIE/AIE2P.td:34:
Included from /home/jtuyls/iree-ai/llvm-aie-port/amd/aie/llvm/lib/Target/AIE/aie2p/AIE2PInstrInfo.td:332:
/home/jtuyls/iree-ai/llvm-aie-port/amd/aie/llvm/lib/Target/AIE/aie2p/AIE2PInstrPatterns.td:1346:1: warning: Skipped pattern: unsupported type for Src operand (SETNE:{ *:[Other] })
def  : Pat<(v64i1 (aie_setne (v64i8 VEC512:$rs1), (v64i8 VEC512:$rs2))),
^
Included from /home/jtuyls/iree-ai/llvm-aie-port/amd/aie/llvm/lib/Target/AIE/AIE2P.td:34:
Included from /home/jtuyls/iree-ai/llvm-aie-port/amd/aie/llvm/lib/Target/AIE/aie2p/AIE2PInstrInfo.td:332:
/home/jtuyls/iree-ai/llvm-aie-port/amd/aie/llvm/lib/Target/AIE/aie2p/AIE2PInstrPatterns.td:1355:1: warning: Skipped pattern: unsupported type for Src operand (SETNE:{ *:[Other] })
def  : Pat<(v32i1 (aie_setne (v32i16 VEC512:$rs1), (v32i16 VEC512:$rs2))),
^
Included from /home/jtuyls/iree-ai/llvm-aie-port/amd/aie/llvm/lib/Target/AIE/AIE2P.td:34:
Included from /home/jtuyls/iree-ai/llvm-aie-port/amd/aie/llvm/lib/Target/AIE/aie2p/AIE2PInstrInfo.td:332:
/home/jtuyls/iree-ai/llvm-aie-port/amd/aie/llvm/lib/Target/AIE/aie2p/AIE2PInstrPatterns.td:1357:1: warning: Skipped pattern: unsupported type for Src operand (SETNE:{ *:[Other] })
def  : Pat<(v32i1 (aie_setne (v16i32 VEC512:$rs1), (v16i32 VEC512:$rs2))),
^
[63/1214] Building AIE2PGenCallingConv.inc...
[64/1214] Building AIE2PGenMemoryCycles.inc...
[65/1214] Building AIE2PGenSplitInstrTables.inc...
[66/1214] Building AIE2PGenInstrInfo.inc...
[67/1214] Building AIE2PSGenDisassemblerTables.inc...
Decoding Conflict:
    .
    _  ABS
    _  ACQ_COND_mLockId_imm
    _  ACQ_COND_mLockId_reg
    _  ACQ_mLockId_imm
    _  ACQ_mLockId_reg
    _  ADC
    _  ADD_NC_add_lc_ri
    _  ADD_NC_alu_cg_or_alu_cg_le_rel
    _  ADD_NC_alu_cg_or_alu_cg_ls_rel
    _  ADD_add_r_ri
    _  ADD_alu_r_rr
    _  AND
    _  ASHL
    _  CLB
    _  CLZ
    _  DIVS
    _  DONE
    _  EQ
    _  EQZ
    _  EVENT_ERROR
    _  EVENT_WARNING
    _  EVENT_event0
    _  EVENT_event1
    _  EXTEND_s16
    _  EXTEND_s8
    _  EXTEND_u16
    _  EXTEND_u8
    _  GE
    _  GEU
    _  INVSQRT_nlf_invsqrt
    _  INVSQRT_nlf_invsqrt_mOptConv
    _  INVSQRT_nlf_invsqrt_mOptConvDel_mS3
    _  INVSQRT_nlf_invsqrt_mOptConvDel_mS3_mOptConv
    _  INV_nlf_inv
    _  INV_nlf_inv_mOptConv
    _  INV_nlf_inv_mOptConvDel_mS3
    _  INV_nlf_inv_mOptConvDel_mS3_mOptConv
    _  JL_alumv_or
    _  JNZD
    _  J_alumv_or
    _  LSHL
    _  LT
    _  LTU
    _  MAC
    _  MAX
    _  MAXU
    _  MIN
    _  MINU
    _  MOVX_alu_cg_or
    _  MOVX_mvx_cr_imm
    _  MOVX_mvx_cr_r
    _  MOV_alu_mv_alu_flt2fx
    _  MOV_alu_mv_alu_fx2flt
    _  MSC
    _  MUL
    _  NE
    _  NEZ
    _  NOPX
    _  OR
    _  POPCOUNT
    _  REL_COND_mLockId_imm
    _  REL_COND_mLockId_reg
    _  REL_mLockId_imm
    _  REL_mLockId_reg
    _  RET
    _  SBC
    _  SEL_EQZ
    _  SEL_NEZ
    _  SQRT_nlf_sqrt
    _  SQRT_nlf_sqrt_mOptConv
    _  SQRT_nlf_sqrt_mOptConvDel_mS3
    _  SQRT_nlf_sqrt_mOptConvDel_mS3_mOptConv
    _  SUB
    _  VCONV_fp32_bf16_alu
    _  VCONV_fp32_fp16_alu
    _  VMOV_0_mv_scd_cm
    _  VMOV_0_mv_scd_dm_imm
    _  VMOV_1_mv_scd_cm
    _  VMOV_1_mv_scd_dm_imm
    _  VMOV_2
    _  VMOV_3
    _  VMOV_alu_mv_alu_mv_scd_bm
    _  VMOV_alu_mv_alu_mv_scd_cmh_dyn
    _  VMOV_alu_mv_alu_mv_scd_cmh_reg
    _  VMOV_alu_mv_alu_mv_scd_cml_dyn
    _  VMOV_alu_mv_alu_mv_scd_cml_reg
    _  VMOV_alu_mv_alu_mv_scd_dm_dyn
    _  VMOV_alu_mv_alu_mv_scd_dm_reg
    _  VMOV_alu_mv_alu_mv_scd_x
    _  XOR
Decoding Conflict:
    .
    _  LDA_2D_dml_lda2_scalar_EE
    _  LDA_2D_dml_lda2_scalar_EG
    _  LDA_2D_dml_lda2_scalar_GG
    _  LDA_2D_dml_lda_scalar_F
    _  LDA_2D_dml_lda_scalar_L
    _  LDA_2D_dms_lda_g
    _  LDA_2D_dms_lda_scalar
    _  LDA_2D_dmv_lda_eg2
    _  LDA_2D_dmv_lda_f
    _  LDA_2D_dmv_lda_feg
    _  LDA_2D_s16
    _  LDA_2D_s8
    _  LDA_2D_u16
    _  LDA_2D_u8
    _  LDA_3D_dml_lda2_scalar_EE
    _  LDA_3D_dml_lda2_scalar_EG
    _  LDA_3D_dml_lda2_scalar_GG
    _  LDA_3D_dml_lda_scalar_F
    _  LDA_3D_dml_lda_scalar_L
    _  LDA_3D_dms_lda_g
    _  LDA_3D_dms_lda_scalar
    _  LDA_3D_dmv_lda_eg2
    _  LDA_3D_dmv_lda_f
    _  LDA_3D_dmv_lda_feg
    _  LDA_3D_s16
    _  LDA_3D_s8
    _  LDA_3D_u16
    _  LDA_3D_u8
    _  LDA_TM_2D
    _  LDA_TM_3D
    _  LDA_TM_idx
    _  LDA_TM_idx_imm
    _  LDA_TM_pstm_nrm
    _  LDA_TM_pstm_nrm_imm
    _  LDA_dml_lda2_scalar_EE_ld_idx
    _  LDA_dml_lda2_scalar_EE_ld_idx_imm
    _  LDA_dml_lda2_scalar_EE_ld_pstm_nrm
    _  LDA_dml_lda2_scalar_EE_ld_pstm_nrm_imm
    _  LDA_dml_lda2_scalar_EE_spill
    _  LDA_dml_lda2_scalar_EG_ld_idx
    _  LDA_dml_lda2_scalar_EG_ld_idx_imm
    _  LDA_dml_lda2_scalar_EG_ld_pstm_nrm
    _  LDA_dml_lda2_scalar_EG_ld_pstm_nrm_imm
    _  LDA_dml_lda2_scalar_EG_spill
    _  LDA_dml_lda2_scalar_GG_ld_idx
    _  LDA_dml_lda2_scalar_GG_ld_idx_imm
    _  LDA_dml_lda2_scalar_GG_ld_pstm_nrm
    _  LDA_dml_lda2_scalar_GG_ld_pstm_nrm_imm
    _  LDA_dml_lda2_scalar_GG_spill
    _  LDA_dml_lda_scalar_F_ld_idx
    _  LDA_dml_lda_scalar_F_ld_idx_imm
    _  LDA_dml_lda_scalar_F_ld_pstm_nrm
    _  LDA_dml_lda_scalar_F_ld_pstm_nrm_imm
    _  LDA_dml_lda_scalar_F_spill
    _  LDA_dml_lda_scalar_L_ld_idx
    _  LDA_dml_lda_scalar_L_ld_idx_imm
    _  LDA_dml_lda_scalar_L_ld_pstm_nrm
    _  LDA_dml_lda_scalar_L_ld_pstm_nrm_imm
    _  LDA_dml_lda_scalar_L_spill
    _  LDA_dms_lda_g_ld_idx
    _  LDA_dms_lda_g_ld_idx_imm
    _  LDA_dms_lda_g_ld_pstm_nrm
    _  LDA_dms_lda_g_ld_pstm_nrm_imm
    _  LDA_dms_lda_g_spill
    _  LDA_dms_lda_scalar_ld_idx
    _  LDA_dms_lda_scalar_ld_idx_imm
    _  LDA_dms_lda_scalar_ld_pstm_nrm
    _  LDA_dms_lda_scalar_ld_pstm_nrm_imm
    _  LDA_dms_lda_scalar_spill
    _  LDA_dmv_lda_eg2_ld_idx
    _  LDA_dmv_lda_eg2_ld_idx_imm
    _  LDA_dmv_lda_eg2_ld_pstm_nrm
    _  LDA_dmv_lda_eg2_ld_pstm_nrm_imm
    _  LDA_dmv_lda_eg2_spill
    _  LDA_dmv_lda_f_ld_idx
    _  LDA_dmv_lda_f_ld_idx_imm
    _  LDA_dmv_lda_f_ld_pstm_nrm
    _  LDA_dmv_lda_f_ld_pstm_nrm_imm
    _  LDA_dmv_lda_f_spill
    _  LDA_dmv_lda_feg_ld_idx
    _  LDA_dmv_lda_feg_ld_idx_imm
    _  LDA_dmv_lda_feg_ld_pstm_nrm
    _  LDA_dmv_lda_feg_ld_pstm_nrm_imm
    _  LDA_dmv_lda_feg_spill
    _  LDA_s16_idx
    _  LDA_s16_idx_imm
    _  LDA_s16_pstm_nrm
    _  LDA_s16_pstm_nrm_imm
    _  LDA_s8_idx
    _  LDA_s8_idx_imm
    _  LDA_s8_pstm_nrm
    _  LDA_s8_pstm_nrm_imm
    _  LDA_u16_idx
    _  LDA_u16_idx_imm
    _  LDA_u16_pstm_nrm
    _  LDA_u16_pstm_nrm_imm
    _  LDA_u8_idx
    _  LDA_u8_idx_imm
    _  LDA_u8_pstm_nrm
    _  LDA_u8_pstm_nrm_imm
    _  MOVA
    _  MOV_lda
    _  MOV_nb_lda
    _  NOPA
    _  PADDA_2D
    _  PADDA_3D
    _  PADDA_pstm_nrm
    _  PADDA_pstm_nrm_imm
    _  PADDXM_pstm_sp
    _  PADDXM_pstm_sp_imm
    _  ST_2D_s16
    _  ST_2D_s8
    _  ST_3D_s16
    _  ST_3D_s8
    _  ST_s16_idx
    _  ST_s16_idx_imm
    _  ST_s16_pstm_nrm
    _  ST_s16_pstm_nrm_imm
    _  ST_s8_idx
    _  ST_s8_idx_imm
    _  ST_s8_pstm_nrm
    _  ST_s8_pstm_nrm_imm
    _  VLDA_128_dmv_lda_w_idx
    _  VLDA_128_dmv_lda_w_idx_imm
    _  VLDA_128_dmv_lda_w_pstm_nrm
    _  VLDA_128_dmv_lda_w_pstm_nrm_imm
    _  VLDA_128_dmv_lda_w_spill
    _  VLDA_2D_128
    _  VLDA_2D_CONV_fp32_bf16_dmw_lda_ups_bf16
    _  VLDA_2D_CONV_fp32_bf16_dmx_lda_ups_f16
    _  VLDA_2D_CONV_fp32_fp16
    _  VLDA_2D_UPS_2x_dmw_lda_ups_w2b_upsSign0
    _  VLDA_2D_UPS_2x_dmw_lda_ups_w2b_upsSign1
    _  VLDA_2D_UPS_2x_dmx_lda_ups_x2c_upsSign0
    _  VLDA_2D_UPS_2x_dmx_lda_ups_x2c_upsSign1
    _  VLDA_2D_UPS_4x_dmw_lda_ups_w2c_upsSign0
    _  VLDA_2D_UPS_4x_dmw_lda_ups_w2c_upsSign1
    _  VLDA_2D_UPS_4x_dmx_lda_ups_x2d_upsSign0
    _  VLDA_2D_UPS_4x_dmx_lda_ups_x2d_upsSign1
    _  VLDA_2D_dmw_lda_feg2
    _  VLDA_2D_dmw_lda_w
    _  VLDA_2D_dmx_lda_bm
    _  VLDA_2D_dmx_lda_x
    _  VLDA_3D_128
    _  VLDA_3D_CONV_fp32_bf16_dmw_lda_ups_bf16
    _  VLDA_3D_CONV_fp32_bf16_dmx_lda_ups_f16
    _  VLDA_3D_CONV_fp32_fp16
    _  VLDA_3D_UPS_2x_dmw_lda_ups_w2b_upsSign0
    _  VLDA_3D_UPS_2x_dmw_lda_ups_w2b_upsSign1
    _  VLDA_3D_UPS_2x_dmx_lda_ups_x2c_upsSign0
    _  VLDA_3D_UPS_2x_dmx_lda_ups_x2c_upsSign1
    _  VLDA_3D_UPS_4x_dmw_lda_ups_w2c_upsSign0
    _  VLDA_3D_UPS_4x_dmw_lda_ups_w2c_upsSign1
    _  VLDA_3D_UPS_4x_dmx_lda_ups_x2d_upsSign0
    _  VLDA_3D_UPS_4x_dmx_lda_ups_x2d_upsSign1
    _  VLDA_3D_dmw_lda_feg2
    _  VLDA_3D_dmw_lda_w
    _  VLDA_3D_dmx_lda_bm
    _  VLDA_3D_dmx_lda_x
    _  VLDA_CONV_fp32_bf16_dmw_lda_ups_bf16_idx
    _  VLDA_CONV_fp32_bf16_dmw_lda_ups_bf16_idx_imm
    _  VLDA_CONV_fp32_bf16_dmw_lda_ups_bf16_pstm_nrm
    _  VLDA_CONV_fp32_bf16_dmw_lda_ups_bf16_pstm_nrm_imm
    _  VLDA_CONV_fp32_bf16_dmx_lda_ups_f16_idx
    _  VLDA_CONV_fp32_bf16_dmx_lda_ups_f16_idx_imm
    _  VLDA_CONV_fp32_bf16_dmx_lda_ups_f16_pstm_nrm
    _  VLDA_CONV_fp32_bf16_dmx_lda_ups_f16_pstm_nrm_imm
    _  VLDA_CONV_fp32_fp16_idx
    _  VLDA_CONV_fp32_fp16_idx_imm
    _  VLDA_CONV_fp32_fp16_pstm_nrm
    _  VLDA_CONV_fp32_fp16_pstm_nrm_imm
    _  VLDA_FILL
    _  VLDA_POP_2D_dmx_lda_fifo_ex_bfp16
    _  VLDA_POP_2D_dmx_lda_fifo_fex_bfp13
    _  VLDA_POP_2D_dmx_lda_fifo_x
    _  VLDA_POP_3D_dmx_lda_fifo_ex_bfp16
    _  VLDA_POP_3D_dmx_lda_fifo_fex_bfp13
    _  VLDA_POP_3D_dmx_lda_fifo_x
    _  VLDA_POP_dmx_lda_fifo_ex_bfp16_fifo_1d_pop
    _  VLDA_POP_dmx_lda_fifo_ex_bfp16_normal_pop
    _  VLDA_POP_dmx_lda_fifo_fex_bfp13_fifo_1d_pop
    _  VLDA_POP_dmx_lda_fifo_fex_bfp13_normal_pop
    _  VLDA_POP_dmx_lda_fifo_x_fifo_1d_pop
    _  VLDA_POP_dmx_lda_fifo_x_normal_pop
    _  VLDA_POP_mx4_2D
    _  VLDA_POP_mx4_3D
    _  VLDA_POP_mx4_fifo_1d_pop
    _  VLDA_POP_mx4_normal_pop
    _  VLDA_POP_s_2D
    _  VLDA_POP_s_3D
    _  VLDA_POP_s_fifo_1d_pop
    _  VLDA_POP_s_normal_pop
    _  VLDA_UPS_2x_dmw_lda_ups_w2b_idx_imm_upsSign0
    _  VLDA_UPS_2x_dmw_lda_ups_w2b_idx_imm_upsSign1
    _  VLDA_UPS_2x_dmw_lda_ups_w2b_idx_upsSign0
    _  VLDA_UPS_2x_dmw_lda_ups_w2b_idx_upsSign1
    _  VLDA_UPS_2x_dmw_lda_ups_w2b_pstm_nrm_imm_upsSign0
    _  VLDA_UPS_2x_dmw_lda_ups_w2b_pstm_nrm_imm_upsSign1
    _  VLDA_UPS_2x_dmw_lda_ups_w2b_pstm_nrm_upsSign0
    _  VLDA_UPS_2x_dmw_lda_ups_w2b_pstm_nrm_upsSign1
    _  VLDA_UPS_2x_dmx_lda_ups_x2c_idx_imm_upsSign0
    _  VLDA_UPS_2x_dmx_lda_ups_x2c_idx_imm_upsSign1
    _  VLDA_UPS_2x_dmx_lda_ups_x2c_idx_upsSign0
    _  VLDA_UPS_2x_dmx_lda_ups_x2c_idx_upsSign1
    _  VLDA_UPS_2x_dmx_lda_ups_x2c_pstm_nrm_imm_upsSign0
    _  VLDA_UPS_2x_dmx_lda_ups_x2c_pstm_nrm_imm_upsSign1
    _  VLDA_UPS_2x_dmx_lda_ups_x2c_pstm_nrm_upsSign0
    _  VLDA_UPS_2x_dmx_lda_ups_x2c_pstm_nrm_upsSign1
    _  VLDA_UPS_4x_dmw_lda_ups_w2c_idx_imm_upsSign0
    _  VLDA_UPS_4x_dmw_lda_ups_w2c_idx_imm_upsSign1
    _  VLDA_UPS_4x_dmw_lda_ups_w2c_idx_upsSign0
    _  VLDA_UPS_4x_dmw_lda_ups_w2c_idx_upsSign1
    _  VLDA_UPS_4x_dmw_lda_ups_w2c_pstm_nrm_imm_upsSign0
    _  VLDA_UPS_4x_dmw_lda_ups_w2c_pstm_nrm_imm_upsSign1
    _  VLDA_UPS_4x_dmw_lda_ups_w2c_pstm_nrm_upsSign0
    _  VLDA_UPS_4x_dmw_lda_ups_w2c_pstm_nrm_upsSign1
    _  VLDA_UPS_4x_dmx_lda_ups_x2d_idx_imm_upsSign0
    _  VLDA_UPS_4x_dmx_lda_ups_x2d_idx_imm_upsSign1
    _  VLDA_UPS_4x_dmx_lda_ups_x2d_idx_upsSign0
    _  VLDA_UPS_4x_dmx_lda_ups_x2d_idx_upsSign1
    _  VLDA_UPS_4x_dmx_lda_ups_x2d_pstm_nrm_imm_upsSign0
    _  VLDA_UPS_4x_dmx_lda_ups_x2d_pstm_nrm_imm_upsSign1
    _  VLDA_UPS_4x_dmx_lda_ups_x2d_pstm_nrm_upsSign0
    _  VLDA_UPS_4x_dmx_lda_ups_x2d_pstm_nrm_upsSign1
    _  VLDA_dmw_lda_feg2_ld_idx
    _  VLDA_dmw_lda_feg2_ld_idx_imm
    _  VLDA_dmw_lda_feg2_ld_pstm_nrm
    _  VLDA_dmw_lda_feg2_ld_pstm_nrm_imm
    _  VLDA_dmw_lda_feg2_spill
    _  VLDA_dmw_lda_w_ld_idx
    _  VLDA_dmw_lda_w_ld_idx_imm
    _  VLDA_dmw_lda_w_ld_pstm_nrm
    _  VLDA_dmw_lda_w_ld_pstm_nrm_imm
    _  VLDA_dmw_lda_w_spill
    _  VLDA_dmx_lda_bm_ld_idx
    _  VLDA_dmx_lda_bm_ld_idx_imm
    _  VLDA_dmx_lda_bm_ld_pstm_nrm
    _  VLDA_dmx_lda_bm_ld_pstm_nrm_imm
    _  VLDA_dmx_lda_bm_spill
    _  VLDA_dmx_lda_x_ld_idx
    _  VLDA_dmx_lda_x_ld_idx_imm
    _  VLDA_dmx_lda_x_ld_pstm_nrm
    _  VLDA_dmx_lda_x_ld_pstm_nrm_imm
    _  VLDA_dmx_lda_x_spill
Decoding Conflict:
    .
    _  NOPB
    _  PADDB_2D
    _  PADDB_3D
    _  PADDB_pstm_nrm
    _  PADDB_pstm_nrm_imm
    _  VLDB_128_idx
    _  VLDB_128_idx_imm
    _  VLDB_128_pstm_nrm
    _  VLDB_128_pstm_nrm_imm
    _  VLDB_2D_128
    _  VLDB_2D_UNPACK_dmw_ldb_unpack_unpackSign0
    _  VLDB_2D_UNPACK_dmw_ldb_unpack_unpackSign1
    _  VLDB_2D_UNPACK_dmx_ldb_unpack_unpackSign0
    _  VLDB_2D_UNPACK_dmx_ldb_unpack_unpackSign1
    _  VLDB_2D_dmw_ldb
    _  VLDB_2D_dmx_ldb_x
    _  VLDB_3D_128
    _  VLDB_3D_UNPACK_dmw_ldb_unpack_unpackSign0
    _  VLDB_3D_UNPACK_dmw_ldb_unpack_unpackSign1
    _  VLDB_3D_UNPACK_dmx_ldb_unpack_unpackSign0
    _  VLDB_3D_UNPACK_dmx_ldb_unpack_unpackSign1
    _  VLDB_3D_dmw_ldb
    _  VLDB_3D_dmx_ldb_x
    _  VLDB_4x16_hi
    _  VLDB_4x16_lo
    _  VLDB_4x32_hi
    _  VLDB_4x32_lo
    _  VLDB_4x64_hi
    _  VLDB_4x64_lo
    _  VLDB_FILL
    _  VLDB_FILLX
    _  VLDB_POPX
    _  VLDB_POP_2D_dmx_ldb_fifo_ex_bfp16
    _  VLDB_POP_2D_dmx_ldb_fifo_fex_bfp13
    _  VLDB_POP_2D_dmx_ldb_fifo_x
    _  VLDB_POP_3D_dmx_ldb_fifo_ex_bfp16
    _  VLDB_POP_3D_dmx_ldb_fifo_fex_bfp13
    _  VLDB_POP_3D_dmx_ldb_fifo_x
    _  VLDB_POP_dmx_ldb_fifo_ex_bfp16_fifo_1d_pop
    _  VLDB_POP_dmx_ldb_fifo_ex_bfp16_normal_pop
    _  VLDB_POP_dmx_ldb_fifo_fex_bfp13_fifo_1d_pop
    _  VLDB_POP_dmx_ldb_fifo_fex_bfp13_normal_pop
    _  VLDB_POP_dmx_ldb_fifo_x_fifo_1d_pop
    _  VLDB_POP_dmx_ldb_fifo_x_normal_pop
    _  VLDB_POP_mx4_2D
    _  VLDB_POP_mx4_3D
    _  VLDB_POP_mx4_fifo_1d_pop
    _  VLDB_POP_mx4_normal_pop
    _  VLDB_POP_s_2D
    _  VLDB_POP_s_3D
    _  VLDB_POP_s_fifo_1d_pop
    _  VLDB_POP_s_normal_pop
    _  VLDB_UNPACK_dmw_ldb_unpack_idx_imm_unpackSign0
    _  VLDB_UNPACK_dmw_ldb_unpack_idx_imm_unpackSign1
    _  VLDB_UNPACK_dmw_ldb_unpack_idx_unpackSign0
    _  VLDB_UNPACK_dmw_ldb_unpack_idx_unpackSign1
    _  VLDB_UNPACK_dmw_ldb_unpack_pstm_nrm_imm_unpackSign0
    _  VLDB_UNPACK_dmw_ldb_unpack_pstm_nrm_imm_unpackSign1
    _  VLDB_UNPACK_dmw_ldb_unpack_pstm_nrm_unpackSign0
    _  VLDB_UNPACK_dmw_ldb_unpack_pstm_nrm_unpackSign1
    _  VLDB_UNPACK_dmx_ldb_unpack_idx_imm_unpackSign0
    _  VLDB_UNPACK_dmx_ldb_unpack_idx_imm_unpackSign1
    _  VLDB_UNPACK_dmx_ldb_unpack_idx_unpackSign0
    _  VLDB_UNPACK_dmx_ldb_unpack_idx_unpackSign1
    _  VLDB_UNPACK_dmx_ldb_unpack_pstm_nrm_imm_unpackSign0
    _  VLDB_UNPACK_dmx_ldb_unpack_pstm_nrm_imm_unpackSign1
    _  VLDB_UNPACK_dmx_ldb_unpack_pstm_nrm_unpackSign0
    _  VLDB_UNPACK_dmx_ldb_unpack_pstm_nrm_unpackSign1
    _  VLDB_dmw_ldb_idx
    _  VLDB_dmw_ldb_idx_imm
    _  VLDB_dmw_ldb_pstm_nrm
    _  VLDB_dmw_ldb_pstm_nrm_imm
    _  VLDB_dmx_ldb_x_idx
    _  VLDB_dmx_ldb_x_idx_imm
    _  VLDB_dmx_ldb_x_pstm_nrm
    _  VLDB_dmx_ldb_x_pstm_nrm_imm
    _  VUNPACK_mv_unpack_w_unpackSign0
    _  VUNPACK_mv_unpack_w_unpackSign1
    _  VUNPACK_mv_unpack_x_unpackSign0
    _  VUNPACK_mv_unpack_x_unpackSign1
Decoding Conflict:
    .
    _  ADDXM_NC_lng_cg_le_rel
    _  ADDXM_NC_lng_cg_ls_rel
    _  JL_lng
    _  JNZ
    _  JZ
    _  J_lng
    _  MOVXM_lng_cg
    _  MOVXM_lng_cg_le_abs
    _  MOVXM_lng_cg_ls_abs
    _  NOPXM
Decoding Conflict:
    .
    _  ADDM_NC_mv_add_ri
    _  ADDM_NC_mv_add_rr
    _  ADDM_NC_mv_cg_or_mv_cg_le_rel
    _  ADDM_NC_mv_cg_or_mv_cg_ls_rel
    _  MOV_alu_mv_mv_mv_cg_or
    _  MOV_alu_mv_mv_mv_cntr2l
    _  MOV_alu_mv_mv_mv_e_mv_eh_to_eh
    _  MOV_alu_mv_mv_mv_e_mv_eh_to_el
    _  MOV_alu_mv_mv_mv_e_mv_eh_to_r
    _  MOV_alu_mv_mv_mv_e_mv_el_to_eh
    _  MOV_alu_mv_mv_mv_e_mv_el_to_el
    _  MOV_alu_mv_mv_mv_e_mv_el_to_r
    _  MOV_alu_mv_mv_mv_e_mv_r_to_eh
    _  MOV_alu_mv_mv_mv_e_mv_r_to_el
    _  MOV_alu_mv_mv_mv_g_mv_gh_to_gh
    _  MOV_alu_mv_mv_mv_g_mv_gh_to_gl
    _  MOV_alu_mv_mv_mv_g_mv_gh_to_r
    _  MOV_alu_mv_mv_mv_g_mv_gl_to_gh
    _  MOV_alu_mv_mv_mv_g_mv_gl_to_gl
    _  MOV_alu_mv_mv_mv_g_mv_gl_to_r
    _  MOV_alu_mv_mv_mv_g_mv_r_to_gh
    _  MOV_alu_mv_mv_mv_g_mv_r_to_gl
    _  MOV_alu_mv_mv_mv_r_sc
    _  MOV_alu_mv_mv_mv_sc_cg
    _  MOV_alu_mv_mv_mv_sc_r
    _  MOV_alu_mv_mv_mv_scl
    _  MOV_d1
    _  MOV_d2
    _  MOV_d3
    _  MOV_d4
    _  MOV_d5
    _  MOV_d6
    _  NOPM
    _  VABS_GTZ16_vaddSign0
    _  VABS_GTZ16_vaddSign1
    _  VABS_GTZ32_vaddSign0
    _  VABS_GTZ32_vaddSign1
    _  VABS_GTZ8_vaddSign0
    _  VABS_GTZ8_vaddSign1
    _  VADDSUB_16
    _  VADDSUB_32
    _  VADDSUB_8
    _  VADD_16
    _  VADD_32
    _  VADD_8
    _  VBAND
    _  VBCSTSHFL_16_vec_broadcast_shuffle_bm
    _  VBCSTSHFL_16_vec_broadcast_shuffle_x
    _  VBCSTSHFL_32_vec_broadcast_shuffle_bm
    _  VBCSTSHFL_32_vec_broadcast_shuffle_x
    _  VBCSTSHFL_64_vec_broadcast_shuffle_bm
    _  VBCSTSHFL_64_vec_broadcast_shuffle_x
    _  VBCSTSHFL_8_vec_broadcast_shuffle_bm
    _  VBCSTSHFL_8_vec_broadcast_shuffle_x
    _  VBCST_16
    _  VBCST_32
    _  VBCST_64
    _  VBCST_8
    _  VBNEG_LTZ_s16
    _  VBNEG_LTZ_s32
    _  VBNEG_LTZ_s8
    _  VBOR
    _  VCONV_fp32_bf16_mv_mv_w_ups_bf16
    _  VCONV_fp32_bf16_mv_mv_x_ups_f16
    _  VCONV_fp32_fp16_mv
    _  VEQZ_16
    _  VEQZ_32
    _  VEQZ_8
    _  VEXP2_bf16
    _  VEXP2_fp32
    _  VEXTBCSTSHFL_128
    _  VEXTBCSTSHFL_16
    _  VEXTBCSTSHFL_32
    _  VEXTBCSTSHFL_64
    _  VEXTBCST_128_vec_extract_broadcast_imm
    _  VEXTBCST_128_vec_extract_broadcast_r
    _  VEXTBCST_16_vec_extract_broadcast_imm
    _  VEXTBCST_16_vec_extract_broadcast_r
    _  VEXTBCST_32_vec_extract_broadcast_imm
    _  VEXTBCST_32_vec_extract_broadcast_r
    _  VEXTBCST_64_vec_extract_broadcast_imm
    _  VEXTBCST_64_vec_extract_broadcast_r
    _  VEXTBCST_8_vec_extract_broadcast_imm
    _  VEXTBCST_8_vec_extract_broadcast_r
    _  VEXTRACT_16_vec_extract_imm_vaddSign0
    _  VEXTRACT_16_vec_extract_imm_vaddSign1
    _  VEXTRACT_16_vec_extract_r_vaddSign0
    _  VEXTRACT_16_vec_extract_r_vaddSign1
    _  VEXTRACT_32_vec_extract_imm_vaddSign0
    _  VEXTRACT_32_vec_extract_imm_vaddSign1
    _  VEXTRACT_32_vec_extract_r_vaddSign0
    _  VEXTRACT_32_vec_extract_r_vaddSign1
    _  VEXTRACT_64_vec_extract_imm_vaddSign0
    _  VEXTRACT_64_vec_extract_imm_vaddSign1
    _  VEXTRACT_64_vec_extract_r_vaddSign0
    _  VEXTRACT_64_vec_extract_r_vaddSign1
    _  VEXTRACT_8_vec_extract_imm_vaddSign0
    _  VEXTRACT_8_vec_extract_imm_vaddSign1
    _  VEXTRACT_8_vec_extract_r_vaddSign0
    _  VEXTRACT_8_vec_extract_r_vaddSign1
    _  VGE_16_vaddSign0
    _  VGE_16_vaddSign1
    _  VGE_32_vaddSign0
    _  VGE_32_vaddSign1
    _  VGE_8_vaddSign0
    _  VGE_8_vaddSign1
    _  VGE_bf16
    _  VGE_bf8
    _  VGE_fp16
    _  VGE_fp8
    _  VINSERT_16_mIdxImm0
    _  VINSERT_16_mR29_insert
    _  VINSERT_32_mIdxImm0
    _  VINSERT_32_mR29_insert
    _  VINSERT_64_mIdxImm0
    _  VINSERT_64_mR29_insert
    _  VINSERT_8_mIdxImm0
    _  VINSERT_8_mR29_insert
    _  VLT_16_vaddSign0
    _  VLT_16_vaddSign1
    _  VLT_32_vaddSign0
    _  VLT_32_vaddSign1
    _  VLT_8_vaddSign0
    _  VLT_8_vaddSign1
    _  VLT_bf16
    _  VLT_bf8
    _  VLT_fp16
    _  VLT_fp8
    _  VMAXDIFF_LT_16_vaddSign0
    _  VMAXDIFF_LT_16_vaddSign1
    _  VMAXDIFF_LT_32_vaddSign0
    _  VMAXDIFF_LT_32_vaddSign1
    _  VMAXDIFF_LT_8_vaddSign0
    _  VMAXDIFF_LT_8_vaddSign1
    _  VMAX_LT_16_vaddSign0
    _  VMAX_LT_16_vaddSign1
    _  VMAX_LT_32_vaddSign0
    _  VMAX_LT_32_vaddSign1
    _  VMAX_LT_8_vaddSign0
    _  VMAX_LT_8_vaddSign1
    _  VMAX_LT_bf16
    _  VMAX_LT_bf8
    _  VMAX_LT_fp16
    _  VMAX_LT_fp8
    _  VMIN_GE_16_vaddSign0
    _  VMIN_GE_16_vaddSign1
    _  VMIN_GE_32_vaddSign0
    _  VMIN_GE_32_vaddSign1
    _  VMIN_GE_8_vaddSign0
    _  VMIN_GE_8_vaddSign1
    _  VMIN_GE_bf16
    _  VMIN_GE_bf8
    _  VMIN_GE_fp16
    _  VMIN_GE_fp8
    _  VMOV_alu_mv_mv_mv_cm
    _  VMOV_alu_mv_mv_mv_ee
    _  VMOV_alu_mv_mv_mv_eg
    _  VMOV_alu_mv_mv_mv_eg2
    _  VMOV_alu_mv_mv_mv_eg2_to_w
    _  VMOV_alu_mv_mv_mv_egw
    _  VMOV_alu_mv_mv_mv_egx
    _  VMOV_alu_mv_mv_mv_f
    _  VMOV_alu_mv_mv_mv_f_to_l
    _  VMOV_alu_mv_mv_mv_few
    _  VMOV_alu_mv_mv_mv_fex
    _  VMOV_alu_mv_mv_mv_ff
    _  VMOV_alu_mv_mv_mv_gg
    _  VMOV_alu_mv_mv_mv_l_to_f
    _  VMOV_alu_mv_mv_mv_w
    _  VMOV_alu_mv_mv_mv_w_to_eg2
    _  VMOV_alu_mv_mv_mv_x
    _  VNEG_GTZ_16
    _  VNEG_GTZ_32
    _  VNEG_GTZ_8
    _  VPUSH_hi_16
    _  VPUSH_hi_32
    _  VPUSH_hi_64
    _  VPUSH_hi_8
    _  VPUSH_lo_16
    _  VPUSH_lo_32
    _  VPUSH_lo_64
    _  VPUSH_lo_8
    _  VSEL_16
    _  VSEL_32
    _  VSEL_8
    _  VSHIFT
    _  VSHIFT_ALIGN
    _  VSHUFFLE_vec_shuffle_bm
    _  VSHUFFLE_vec_shuffle_egx
    _  VSHUFFLE_vec_shuffle_fex
    _  VSHUFFLE_vec_shuffle_x
    _  VSUB_16
    _  VSUB_32
    _  VSUB_8
    _  VSUB_GE_16_vaddSign0
    _  VSUB_GE_16_vaddSign1
    _  VSUB_GE_32_vaddSign0
    _  VSUB_GE_32_vaddSign1
    _  VSUB_GE_8_vaddSign0
    _  VSUB_GE_8_vaddSign1
    _  VSUB_LT_16_vaddSign0
    _  VSUB_LT_16_vaddSign1
    _  VSUB_LT_32_vaddSign0
    _  VSUB_LT_32_vaddSign1
    _  VSUB_LT_8_vaddSign0
    _  VSUB_LT_8_vaddSign1
    _  VTANH
    _  VUPS_2x_mv_ups_w2b_upsSign0
    _  VUPS_2x_mv_ups_w2b_upsSign1
    _  VUPS_2x_mv_ups_x2c_upsSign0
    _  VUPS_2x_mv_ups_x2c_upsSign1
    _  VUPS_4x_mv_ups_w2c_upsSign0
    _  VUPS_4x_mv_ups_w2c_upsSign1
    _  VUPS_4x_mv_ups_x2d_upsSign0
    _  VUPS_4x_mv_ups_x2d_upsSign1
Decoding Conflict:
    .
    _  MOVS
    _  MOV_CPH_mMStream_tlast_imm
    _  MOV_CPH_mMStream_tlast_reg
    _  MOV_CPH_nb_mMStream_tlast_imm
    _  MOV_CPH_nb_mMStream_tlast_reg
    _  MOV_CPH_nb_tlast
    _  MOV_CPH_tlast
    _  MOV_PH_mMStream_tlast_imm
    _  MOV_PH_mMStream_tlast_reg
    _  MOV_PH_nb_mMStream_tlast_imm
    _  MOV_PH_nb_mMStream_tlast_reg
    _  MOV_PH_nb_tlast
    _  MOV_PH_tlast
    _  MOV_nb_st_mMStream_tlast_imm
    _  MOV_nb_st_mMStream_tlast_reg
    _  MOV_nb_tlast
    _  MOV_st_mMStream_tlast_imm
    _  MOV_st_mMStream_tlast_reg
    _  MOV_tlast
    _  NOPS
    _  PADDS_2D
    _  PADDS_3D
    _  PADDS_pstm_nrm
    _  PADDS_pstm_nrm_imm
    _  ST_2D_dml_sts_scalar
    _  ST_2D_dms_sts_g
    _  ST_2D_dms_sts_scalar
    _  ST_2D_dmv_sts_f
    _  ST_3D_dml_sts_scalar
    _  ST_3D_dms_sts_g
    _  ST_3D_dms_sts_scalar
    _  ST_3D_dmv_sts_f
    _  ST_TM_2D
    _  ST_TM_3D
    _  ST_TM_idx
    _  ST_TM_idx_imm
    _  ST_TM_pstm_nrm
    _  ST_TM_pstm_nrm_imm
    _  ST_dml_sts_scalar_spill
    _  ST_dml_sts_scalar_st_idx
    _  ST_dml_sts_scalar_st_idx_imm
    _  ST_dml_sts_scalar_st_pstm_nrm
    _  ST_dml_sts_scalar_st_pstm_nrm_imm
    _  ST_dms_sts_g_spill
    _  ST_dms_sts_g_st_idx
    _  ST_dms_sts_g_st_idx_imm
    _  ST_dms_sts_g_st_pstm_nrm
    _  ST_dms_sts_g_st_pstm_nrm_imm
    _  ST_dms_sts_scalar_spill
    _  ST_dms_sts_scalar_st_idx
    _  ST_dms_sts_scalar_st_idx_imm
    _  ST_dms_sts_scalar_st_pstm_nrm
    _  ST_dms_sts_scalar_st_pstm_nrm_imm
    _  ST_dmv_sts_f_spill
    _  ST_dmv_sts_f_st_idx
    _  ST_dmv_sts_f_st_idx_imm
    _  ST_dmv_sts_f_st_pstm_nrm
    _  ST_dmv_sts_f_st_pstm_nrm_imm
    _  VCONV_bf16_fp32_mv_conv_mv_w_srs_bf16
    _  VCONV_bf16_fp32_mv_conv_mv_x_srs_bf16
    _  VCONV_bf16_fp32_mv_mcd_bf16_cm
    _  VCONV_bf8_fp32
    _  VCONV_fp16_fp32_mv_mcd_fp16_cm
    _  VCONV_fp16_fp32_mv_x_srs_fp16
    _  VCONV_fp8_fp32
    _  VCONV_mx4_fp32
    _  VCONV_mx6_fp32
    _  VCONV_mx9_fp32
    _  VCONV_s32_bf16_fp32
    _  VFLOOR_s32_bf16
    _  VMOV_st_mv_mcd_bm
    _  VMOV_st_mv_mcd_x
    _  VPACK_mv_pack_w_packSign0
    _  VPACK_mv_pack_w_packSign1
    _  VPACK_mv_pack_x_packSign0
    _  VPACK_mv_pack_x_packSign1
    _  VSRS_2x_mv_w_srs_bm_srsSign0
    _  VSRS_2x_mv_w_srs_bm_srsSign1
    _  VSRS_2x_mv_x_srs_cm_srsSign0
    _  VSRS_2x_mv_x_srs_cm_srsSign1
    _  VSRS_4x_mv_w_srs_cm_srsSign0
    _  VSRS_4x_mv_w_srs_cm_srsSign1
    _  VSRS_4x_mv_x_srs_dm_srsSign0
    _  VSRS_4x_mv_x_srs_dm_srsSign1
    _  VST_128_dmv_sts_eg_spill
    _  VST_128_dmv_sts_eg_st_idx
    _  VST_128_dmv_sts_eg_st_idx_imm
    _  VST_128_dmv_sts_eg_st_pstm_nrm
    _  VST_128_dmv_sts_eg_st_pstm_nrm_imm
    _  VST_128_dmv_sts_feg_spill
    _  VST_128_dmv_sts_feg_st_idx
    _  VST_128_dmv_sts_feg_st_idx_imm
    _  VST_128_dmv_sts_feg_st_pstm_nrm
    _  VST_128_dmv_sts_feg_st_pstm_nrm_imm
    _  VST_128_dmv_sts_w_spill
    _  VST_128_dmv_sts_w_st_idx
    _  VST_128_dmv_sts_w_st_idx_imm
    _  VST_128_dmv_sts_w_st_pstm_nrm
    _  VST_128_dmv_sts_w_st_pstm_nrm_imm
    _  VST_2D_128_dmv_sts_eg
    _  VST_2D_128_dmv_sts_feg
    _  VST_2D_128_dmv_sts_w
    _  VST_2D_CONV_bf16_fp32_dmw_sts_srs_bf16
    _  VST_2D_CONV_bf16_fp32_dmx_sts_srs_bf16
    _  VST_2D_CONV_bf8_fp32
    _  VST_2D_CONV_fp16_fp32
    _  VST_2D_CONV_fp8_fp32
    _  VST_2D_PACK_dmw_sts_pack_packSign0
    _  VST_2D_PACK_dmw_sts_pack_packSign1
    _  VST_2D_PACK_dmx_sts_pack_packSign0
    _  VST_2D_PACK_dmx_sts_pack_packSign1
    _  VST_2D_SRS_2x_dm_sts_srs_cm_srsSign0
    _  VST_2D_SRS_2x_dm_sts_srs_cm_srsSign1
    _  VST_2D_SRS_2x_dmw_sts_srs_bm_srsSign0
    _  VST_2D_SRS_2x_dmw_sts_srs_bm_srsSign1
    _  VST_2D_SRS_4x_dm_sts_srs_cm_srsSign0
    _  VST_2D_SRS_4x_dm_sts_srs_cm_srsSign1
    _  VST_2D_SRS_4x_dmx_sts_srs_dm_srsSign0
    _  VST_2D_SRS_4x_dmx_sts_srs_dm_srsSign1
    _  VST_2D_dmw_sts_feg2
    _  VST_2D_dmw_sts_w
    _  VST_2D_dmx_sts_bm
    _  VST_2D_dmx_sts_x
    _  VST_3D_128_dmv_sts_eg
    _  VST_3D_128_dmv_sts_feg
    _  VST_3D_128_dmv_sts_w
    _  VST_3D_CONV_bf16_fp32_dmw_sts_srs_bf16
    _  VST_3D_CONV_bf16_fp32_dmx_sts_srs_bf16
    _  VST_3D_CONV_bf8_fp32
    _  VST_3D_CONV_fp16_fp32
    _  VST_3D_CONV_fp8_fp32
    _  VST_3D_PACK_dmw_sts_pack_packSign0
    _  VST_3D_PACK_dmw_sts_pack_packSign1
    _  VST_3D_PACK_dmx_sts_pack_packSign0
    _  VST_3D_PACK_dmx_sts_pack_packSign1
    _  VST_3D_SRS_2x_dm_sts_srs_cm_srsSign0
    _  VST_3D_SRS_2x_dm_sts_srs_cm_srsSign1
    _  VST_3D_SRS_2x_dmw_sts_srs_bm_srsSign0
    _  VST_3D_SRS_2x_dmw_sts_srs_bm_srsSign1
    _  VST_3D_SRS_4x_dm_sts_srs_cm_srsSign0
    _  VST_3D_SRS_4x_dm_sts_srs_cm_srsSign1
    _  VST_3D_SRS_4x_dmx_sts_srs_dm_srsSign0
    _  VST_3D_SRS_4x_dmx_sts_srs_dm_srsSign1
    _  VST_3D_dmw_sts_feg2
    _  VST_3D_dmw_sts_w
    _  VST_3D_dmx_sts_bm
    _  VST_3D_dmx_sts_x
    _  VST_CONV_bf16_fp32_dmw_sts_srs_bf16_idx
    _  VST_CONV_bf16_fp32_dmw_sts_srs_bf16_idx_imm
    _  VST_CONV_bf16_fp32_dmw_sts_srs_bf16_pstm_nrm
    _  VST_CONV_bf16_fp32_dmw_sts_srs_bf16_pstm_nrm_imm
    _  VST_CONV_bf16_fp32_dmx_sts_srs_bf16_idx
    _  VST_CONV_bf16_fp32_dmx_sts_srs_bf16_idx_imm
    _  VST_CONV_bf16_fp32_dmx_sts_srs_bf16_pstm_nrm
    _  VST_CONV_bf16_fp32_dmx_sts_srs_bf16_pstm_nrm_imm
    _  VST_CONV_bf8_fp32_idx
    _  VST_CONV_bf8_fp32_idx_imm
    _  VST_CONV_bf8_fp32_pstm_nrm
    _  VST_CONV_bf8_fp32_pstm_nrm_imm
    _  VST_CONV_fp16_fp32_idx
    _  VST_CONV_fp16_fp32_idx_imm
    _  VST_CONV_fp16_fp32_pstm_nrm
    _  VST_CONV_fp16_fp32_pstm_nrm_imm
    _  VST_CONV_fp8_fp32_idx
    _  VST_CONV_fp8_fp32_idx_imm
    _  VST_CONV_fp8_fp32_pstm_nrm
    _  VST_CONV_fp8_fp32_pstm_nrm_imm
    _  VST_FLUSH_2D
    _  VST_FLUSH_3D
    _  VST_FLUSH_d_2D
    _  VST_FLUSH_d_3D
    _  VST_FLUSH_d_fifo_1d_flush
    _  VST_FLUSH_d_normal_flush
    _  VST_FLUSH_fifo_1d_flush
    _  VST_FLUSH_normal_flush
    _  VST_PACK_dmw_sts_pack_idx_imm_packSign0
    _  VST_PACK_dmw_sts_pack_idx_imm_packSign1
    _  VST_PACK_dmw_sts_pack_idx_packSign0
    _  VST_PACK_dmw_sts_pack_idx_packSign1
    _  VST_PACK_dmw_sts_pack_pstm_nrm_imm_packSign0
    _  VST_PACK_dmw_sts_pack_pstm_nrm_imm_packSign1
    _  VST_PACK_dmw_sts_pack_pstm_nrm_packSign0
    _  VST_PACK_dmw_sts_pack_pstm_nrm_packSign1
    _  VST_PACK_dmx_sts_pack_idx_imm_packSign0
    _  VST_PACK_dmx_sts_pack_idx_imm_packSign1
    _  VST_PACK_dmx_sts_pack_idx_packSign0
    _  VST_PACK_dmx_sts_pack_idx_packSign1
    _  VST_PACK_dmx_sts_pack_pstm_nrm_imm_packSign0
    _  VST_PACK_dmx_sts_pack_pstm_nrm_imm_packSign1
    _  VST_PACK_dmx_sts_pack_pstm_nrm_packSign0
    _  VST_PACK_dmx_sts_pack_pstm_nrm_packSign1
    _  VST_PUSH_256
    _  VST_PUSH_256_CONV_mx4_fp32
    _  VST_PUSH_384
    _  VST_PUSH_384_CONV_mx6_fp32
    _  VST_PUSH_512_dmx_sts_fifo_bare_fex_bfp11
    _  VST_PUSH_512_dmx_sts_fifo_bare_x
    _  VST_PUSH_576
    _  VST_PUSH_576_CONV_mx9_fp32
    _  VST_PUSH_768
    _  VST_SRS_2x_dm_sts_srs_cm_idx_imm_srsSign0
    _  VST_SRS_2x_dm_sts_srs_cm_idx_imm_srsSign1
    _  VST_SRS_2x_dm_sts_srs_cm_idx_srsSign0
    _  VST_SRS_2x_dm_sts_srs_cm_idx_srsSign1
    _  VST_SRS_2x_dm_sts_srs_cm_pstm_nrm_imm_srsSign0
    _  VST_SRS_2x_dm_sts_srs_cm_pstm_nrm_imm_srsSign1
    _  VST_SRS_2x_dm_sts_srs_cm_pstm_nrm_srsSign0
    _  VST_SRS_2x_dm_sts_srs_cm_pstm_nrm_srsSign1
    _  VST_SRS_2x_dmw_sts_srs_bm_idx_imm_srsSign0
    _  VST_SRS_2x_dmw_sts_srs_bm_idx_imm_srsSign1
    _  VST_SRS_2x_dmw_sts_srs_bm_idx_srsSign0
    _  VST_SRS_2x_dmw_sts_srs_bm_idx_srsSign1
    _  VST_SRS_2x_dmw_sts_srs_bm_pstm_nrm_imm_srsSign0
    _  VST_SRS_2x_dmw_sts_srs_bm_pstm_nrm_imm_srsSign1
    _  VST_SRS_2x_dmw_sts_srs_bm_pstm_nrm_srsSign0
    _  VST_SRS_2x_dmw_sts_srs_bm_pstm_nrm_srsSign1
    _  VST_SRS_4x_dm_sts_srs_cm_idx_imm_srsSign0
    _  VST_SRS_4x_dm_sts_srs_cm_idx_imm_srsSign1
    _  VST_SRS_4x_dm_sts_srs_cm_idx_srsSign0
    _  VST_SRS_4x_dm_sts_srs_cm_idx_srsSign1
    _  VST_SRS_4x_dm_sts_srs_cm_pstm_nrm_imm_srsSign0
    _  VST_SRS_4x_dm_sts_srs_cm_pstm_nrm_imm_srsSign1
    _  VST_SRS_4x_dm_sts_srs_cm_pstm_nrm_srsSign0
    _  VST_SRS_4x_dm_sts_srs_cm_pstm_nrm_srsSign1
    _  VST_SRS_4x_dmx_sts_srs_dm_idx_imm_srsSign0
    _  VST_SRS_4x_dmx_sts_srs_dm_idx_imm_srsSign1
    _  VST_SRS_4x_dmx_sts_srs_dm_idx_srsSign0
    _  VST_SRS_4x_dmx_sts_srs_dm_idx_srsSign1
    _  VST_SRS_4x_dmx_sts_srs_dm_pstm_nrm_imm_srsSign0
    _  VST_SRS_4x_dmx_sts_srs_dm_pstm_nrm_imm_srsSign1
    _  VST_SRS_4x_dmx_sts_srs_dm_pstm_nrm_srsSign0
    _  VST_SRS_4x_dmx_sts_srs_dm_pstm_nrm_srsSign1
    _  VST_dmw_sts_feg2_spill
    _  VST_dmw_sts_feg2_st_idx
    _  VST_dmw_sts_feg2_st_idx_imm
    _  VST_dmw_sts_feg2_st_pstm_nrm
    _  VST_dmw_sts_feg2_st_pstm_nrm_imm
    _  VST_dmw_sts_w_spill
    _  VST_dmw_sts_w_st_idx
    _  VST_dmw_sts_w_st_idx_imm
    _  VST_dmw_sts_w_st_pstm_nrm
    _  VST_dmw_sts_w_st_pstm_nrm_imm
    _  VST_dmx_sts_bm_spill
    _  VST_dmx_sts_bm_st_idx
    _  VST_dmx_sts_bm_st_idx_imm
    _  VST_dmx_sts_bm_st_pstm_nrm
    _  VST_dmx_sts_bm_st_pstm_nrm_imm
    _  VST_dmx_sts_x_spill
    _  VST_dmx_sts_x_st_idx
    _  VST_dmx_sts_x_st_idx_imm
    _  VST_dmx_sts_x_st_pstm_nrm
    _  VST_dmx_sts_x_st_pstm_nrm_imm
Decoding Conflict:
    .
    _  NOPV
    _  VADDMAC_f_vaddmac_bf_half_vmul_bf_core_X_R
    _  VADDMAC_f_vaddmac_bf_half_vmul_bf_core_X_Y
    _  VADDMAC_f_vaddmac_bf_half_vmul_bf_core_Y_QY
    _  VADDMAC_f_vaddmac_bf_half_vmul_bf_half_core_X_X
    _  VADDMAC_f_vaddmac_bf_scd_add_scd_incr_vmul_bf_core_X_QY
    _  VADDMAC_f_vaddmac_bf_scd_add_scd_incr_vmul_bf_core_X_X
    _  VADDMAC_f_vaddmac_bf_scd_add_scd_incr_vmul_bf_core_Y_R
    _  VADDMAC_f_vaddmac_bf_scd_add_scd_incr_vmul_bf_core_Y_Y
    _  VADDMAC_f_vaddmac_bf_scd_add_scd_noincr_vmul_bf_core_X_QY
    _  VADDMAC_f_vaddmac_bf_scd_add_scd_noincr_vmul_bf_core_X_X
    _  VADDMAC_f_vaddmac_bf_scd_add_scd_noincr_vmul_bf_core_Y_R
    _  VADDMAC_f_vaddmac_bf_scd_add_scd_noincr_vmul_bf_core_Y_Y
    _  VADDMAC_f_vaddmac_bf_scd_half_add_scd_incr_half_vmul_bf_core_X_R
    _  VADDMAC_f_vaddmac_bf_scd_half_add_scd_incr_half_vmul_bf_core_X_Y
    _  VADDMAC_f_vaddmac_bf_scd_half_add_scd_incr_half_vmul_bf_core_Y_QY
    _  VADDMAC_f_vaddmac_bf_scd_half_add_scd_incr_half_vmul_bf_half_core_X_X
    _  VADDMAC_f_vaddmac_bf_scd_half_add_scd_noincr_half_vmul_bf_core_X_R
    _  VADDMAC_f_vaddmac_bf_scd_half_add_scd_noincr_half_vmul_bf_core_X_Y
    _  VADDMAC_f_vaddmac_bf_scd_half_add_scd_noincr_half_vmul_bf_core_Y_QY
    _  VADDMAC_f_vaddmac_bf_scd_half_add_scd_noincr_half_vmul_bf_half_core_X_X
    _  VADDMAC_f_vaddmac_bf_vmul_bf_core_X_QY
    _  VADDMAC_f_vaddmac_bf_vmul_bf_core_X_X
    _  VADDMAC_f_vaddmac_bf_vmul_bf_core_Y_R
    _  VADDMAC_f_vaddmac_bf_vmul_bf_core_Y_Y
    _  VADDMAC_f_vaddmac_bfp13
    _  VADDMAC_f_vaddmac_bfp13_scd_add_scd_incr
    _  VADDMAC_f_vaddmac_bfp13_scd_add_scd_noincr
    _  VADDMAC_f_vaddmac_bfp16
    _  VADDMAC_f_vaddmac_bfp16_scd_add_scd_incr
    _  VADDMAC_f_vaddmac_bfp16_scd_add_scd_noincr
    _  VADDMAC_vaddmac_half_vmul_cm_half_core_X_QX
    _  VADDMAC_vaddmac_half_vmul_cm_half_core_X_R
    _  VADDMAC_vaddmac_half_vmul_cm_half_core_X_X
    _  VADDMAC_vaddmac_scd_add_scd_incr_vmul_cm_core_X_QX
    _  VADDMAC_vaddmac_scd_add_scd_incr_vmul_cm_core_X_QY
    _  VADDMAC_vaddmac_scd_add_scd_incr_vmul_cm_core_X_R
    _  VADDMAC_vaddmac_scd_add_scd_incr_vmul_cm_core_X_X
    _  VADDMAC_vaddmac_scd_add_scd_incr_vmul_cm_core_X_Y
    _  VADDMAC_vaddmac_scd_add_scd_incr_vmul_cm_core_Y_QX
    _  VADDMAC_vaddmac_scd_add_scd_incr_vmul_cm_core_Y_R
    _  VADDMAC_vaddmac_scd_add_scd_incr_vmul_cm_core_Y_X
    _  VADDMAC_vaddmac_scd_add_scd_incr_vmul_cm_core_Y_Y
    _  VADDMAC_vaddmac_scd_add_scd_noincr_vmul_cm_core_X_QX
    _  VADDMAC_vaddmac_scd_add_scd_noincr_vmul_cm_core_X_QY
    _  VADDMAC_vaddmac_scd_add_scd_noincr_vmul_cm_core_X_R
    _  VADDMAC_vaddmac_scd_add_scd_noincr_vmul_cm_core_X_X
    _  VADDMAC_vaddmac_scd_add_scd_noincr_vmul_cm_core_X_Y
    _  VADDMAC_vaddmac_scd_add_scd_noincr_vmul_cm_core_Y_QX
    _  VADDMAC_vaddmac_scd_add_scd_noincr_vmul_cm_core_Y_R
    _  VADDMAC_vaddmac_scd_add_scd_noincr_vmul_cm_core_Y_X
    _  VADDMAC_vaddmac_scd_add_scd_noincr_vmul_cm_core_Y_Y
    _  VADDMAC_vaddmac_scd_half_add_scd_incr_half_vmul_cm_half_core_X_QX
    _  VADDMAC_vaddmac_scd_half_add_scd_incr_half_vmul_cm_half_core_X_R
    _  VADDMAC_vaddmac_scd_half_add_scd_incr_half_vmul_cm_half_core_X_X
    _  VADDMAC_vaddmac_scd_half_add_scd_noincr_half_vmul_cm_half_core_X_QX
    _  VADDMAC_vaddmac_scd_half_add_scd_noincr_half_vmul_cm_half_core_X_R
    _  VADDMAC_vaddmac_scd_half_add_scd_noincr_half_vmul_cm_half_core_X_X
    _  VADDMAC_vaddmac_vmul_cm_core_X_QX
    _  VADDMAC_vaddmac_vmul_cm_core_X_QY
    _  VADDMAC_vaddmac_vmul_cm_core_X_R
    _  VADDMAC_vaddmac_vmul_cm_core_X_X
    _  VADDMAC_vaddmac_vmul_cm_core_X_Y
    _  VADDMAC_vaddmac_vmul_cm_core_Y_QX
    _  VADDMAC_vaddmac_vmul_cm_core_Y_R
    _  VADDMAC_vaddmac_vmul_cm_core_Y_X
    _  VADDMAC_vaddmac_vmul_cm_core_Y_Y
    _  VADDMSC_f_vaddmac_bf_half_vmul_bf_core_X_R
    _  VADDMSC_f_vaddmac_bf_half_vmul_bf_core_X_Y
    _  VADDMSC_f_vaddmac_bf_half_vmul_bf_core_Y_QY
    _  VADDMSC_f_vaddmac_bf_half_vmul_bf_half_core_X_X
    _  VADDMSC_f_vaddmac_bf_scd_add_scd_incr_vmul_bf_core_X_QY
    _  VADDMSC_f_vaddmac_bf_scd_add_scd_incr_vmul_bf_core_X_X
    _  VADDMSC_f_vaddmac_bf_scd_add_scd_incr_vmul_bf_core_Y_R
    _  VADDMSC_f_vaddmac_bf_scd_add_scd_incr_vmul_bf_core_Y_Y
    _  VADDMSC_f_vaddmac_bf_scd_add_scd_noincr_vmul_bf_core_X_QY
    _  VADDMSC_f_vaddmac_bf_scd_add_scd_noincr_vmul_bf_core_X_X
    _  VADDMSC_f_vaddmac_bf_scd_add_scd_noincr_vmul_bf_core_Y_R
    _  VADDMSC_f_vaddmac_bf_scd_add_scd_noincr_vmul_bf_core_Y_Y
    _  VADDMSC_f_vaddmac_bf_scd_half_add_scd_incr_half_vmul_bf_core_X_R
    _  VADDMSC_f_vaddmac_bf_scd_half_add_scd_incr_half_vmul_bf_core_X_Y
    _  VADDMSC_f_vaddmac_bf_scd_half_add_scd_incr_half_vmul_bf_core_Y_QY
    _  VADDMSC_f_vaddmac_bf_scd_half_add_scd_incr_half_vmul_bf_half_core_X_X
    _  VADDMSC_f_vaddmac_bf_scd_half_add_scd_noincr_half_vmul_bf_core_X_R
    _  VADDMSC_f_vaddmac_bf_scd_half_add_scd_noincr_half_vmul_bf_core_X_Y
    _  VADDMSC_f_vaddmac_bf_scd_half_add_scd_noincr_half_vmul_bf_core_Y_QY
    _  VADDMSC_f_vaddmac_bf_scd_half_add_scd_noincr_half_vmul_bf_half_core_X_X
    _  VADDMSC_f_vaddmac_bf_vmul_bf_core_X_QY
    _  VADDMSC_f_vaddmac_bf_vmul_bf_core_X_X
    _  VADDMSC_f_vaddmac_bf_vmul_bf_core_Y_R
    _  VADDMSC_f_vaddmac_bf_vmul_bf_core_Y_Y
    _  VADDMSC_f_vaddmac_bfp13
    _  VADDMSC_f_vaddmac_bfp13_scd_add_scd_incr
    _  VADDMSC_f_vaddmac_bfp13_scd_add_scd_noincr
    _  VADDMSC_f_vaddmac_bfp16
    _  VADDMSC_f_vaddmac_bfp16_scd_add_scd_incr
    _  VADDMSC_f_vaddmac_bfp16_scd_add_scd_noincr
    _  VADDMSC_vaddmac_half_vmul_cm_half_core_X_QX
    _  VADDMSC_vaddmac_half_vmul_cm_half_core_X_R
    _  VADDMSC_vaddmac_half_vmul_cm_half_core_X_X
    _  VADDMSC_vaddmac_scd_add_scd_incr_vmul_cm_core_X_QX
    _  VADDMSC_vaddmac_scd_add_scd_incr_vmul_cm_core_X_QY
    _  VADDMSC_vaddmac_scd_add_scd_incr_vmul_cm_core_X_R
    _  VADDMSC_vaddmac_scd_add_scd_incr_vmul_cm_core_X_X
    _  VADDMSC_vaddmac_scd_add_scd_incr_vmul_cm_core_X_Y
    _  VADDMSC_vaddmac_scd_add_scd_incr_vmul_cm_core_Y_QX
    _  VADDMSC_vaddmac_scd_add_scd_incr_vmul_cm_core_Y_R
    _  VADDMSC_vaddmac_scd_add_scd_incr_vmul_cm_core_Y_X
    _  VADDMSC_vaddmac_scd_add_scd_incr_vmul_cm_core_Y_Y
    _  VADDMSC_vaddmac_scd_add_scd_noincr_vmul_cm_core_X_QX
    _  VADDMSC_vaddmac_scd_add_scd_noincr_vmul_cm_core_X_QY
    _  VADDMSC_vaddmac_scd_add_scd_noincr_vmul_cm_core_X_R
    _  VADDMSC_vaddmac_scd_add_scd_noincr_vmul_cm_core_X_X
    _  VADDMSC_vaddmac_scd_add_scd_noincr_vmul_cm_core_X_Y
    _  VADDMSC_vaddmac_scd_add_scd_noincr_vmul_cm_core_Y_QX
    _  VADDMSC_vaddmac_scd_add_scd_noincr_vmul_cm_core_Y_R
    _  VADDMSC_vaddmac_scd_add_scd_noincr_vmul_cm_core_Y_X
    _  VADDMSC_vaddmac_scd_add_scd_noincr_vmul_cm_core_Y_Y
    _  VADDMSC_vaddmac_scd_half_add_scd_incr_half_vmul_cm_half_core_X_QX
    _  VADDMSC_vaddmac_scd_half_add_scd_incr_half_vmul_cm_half_core_X_R
    _  VADDMSC_vaddmac_scd_half_add_scd_incr_half_vmul_cm_half_core_X_X
    _  VADDMSC_vaddmac_scd_half_add_scd_noincr_half_vmul_cm_half_core_X_QX
    _  VADDMSC_vaddmac_scd_half_add_scd_noincr_half_vmul_cm_half_core_X_R
    _  VADDMSC_vaddmac_scd_half_add_scd_noincr_half_vmul_cm_half_core_X_X
    _  VADDMSC_vaddmac_vmul_cm_core_X_QX
    _  VADDMSC_vaddmac_vmul_cm_core_X_QY
    _  VADDMSC_vaddmac_vmul_cm_core_X_R
    _  VADDMSC_vaddmac_vmul_cm_core_X_X
    _  VADDMSC_vaddmac_vmul_cm_core_X_Y
    _  VADDMSC_vaddmac_vmul_cm_core_Y_QX
    _  VADDMSC_vaddmac_vmul_cm_core_Y_R
    _  VADDMSC_vaddmac_vmul_cm_core_Y_X
    _  VADDMSC_vaddmac_vmul_cm_core_Y_Y
    _  VADD_f_vacc_fp
    _  VADD_f_vacc_fp_scd_add_scd_incr
    _  VADD_f_vacc_fp_scd_add_scd_noincr
    _  VADD_f_vacc_half_fp
    _  VADD_f_vacc_half_fp_scd_add_scd_incr_half
    _  VADD_f_vacc_half_fp_scd_add_scd_noincr_half
    _  VADD_mx6_vacc_fp_bfp13
    _  VADD_mx6_vacc_fp_bfp13_scd_add_scd_incr
    _  VADD_mx6_vacc_fp_bfp13_scd_add_scd_noincr
    _  VADD_mx6_vacc_half_fp_bfp13
    _  VADD_mx6_vacc_half_fp_bfp13_scd_add_scd_incr_half
    _  VADD_mx6_vacc_half_fp_bfp13_scd_add_scd_noincr_half
    _  VADD_vacc
    _  VADD_vacc_half
    _  VADD_vacc_scd_add_scd_incr
    _  VADD_vacc_scd_add_scd_noincr
    _  VADD_vacc_scd_half_add_scd_incr_half
    _  VADD_vacc_scd_half_add_scd_noincr_half
    _  VCLR_f_vclr_fp
    _  VCLR_f_vclr_half_fp
    _  VCLR_vclr
    _  VCLR_vclr_half
    _  VMAC_f_vmac_bf_half_vmul_bf_core_X_R
    _  VMAC_f_vmac_bf_half_vmul_bf_core_X_Y
    _  VMAC_f_vmac_bf_half_vmul_bf_core_Y_QY
    _  VMAC_f_vmac_bf_half_vmul_bf_half_core_X_X
    _  VMAC_f_vmac_bf_vmul_bf_core_X_QY
    _  VMAC_f_vmac_bf_vmul_bf_core_X_X
    _  VMAC_f_vmac_bf_vmul_bf_core_Y_R
    _  VMAC_f_vmac_bf_vmul_bf_core_Y_Y
    _  VMAC_f_vmac_bfp13
    _  VMAC_f_vmac_bfp16
    _  VMAC_vmac_half_vmul_cm_half_core_X_QX
    _  VMAC_vmac_half_vmul_cm_half_core_X_R
    _  VMAC_vmac_half_vmul_cm_half_core_X_X
    _  VMAC_vmac_vmul_cm_core_X_QX
    _  VMAC_vmac_vmul_cm_core_X_QY
    _  VMAC_vmac_vmul_cm_core_X_R
    _  VMAC_vmac_vmul_cm_core_X_X
    _  VMAC_vmac_vmul_cm_core_X_Y
    _  VMAC_vmac_vmul_cm_core_Y_QX
    _  VMAC_vmac_vmul_cm_core_Y_R
    _  VMAC_vmac_vmul_cm_core_Y_X
    _  VMAC_vmac_vmul_cm_core_Y_Y
    _  VMOV_D_vmov
    _  VMOV_D_vmov_half
    _  VMSC_f_vmac_bf_half_vmul_bf_core_X_R
    _  VMSC_f_vmac_bf_half_vmul_bf_core_X_Y
    _  VMSC_f_vmac_bf_half_vmul_bf_core_Y_QY
    _  VMSC_f_vmac_bf_half_vmul_bf_half_core_X_X
    _  VMSC_f_vmac_bf_vmul_bf_core_X_QY
    _  VMSC_f_vmac_bf_vmul_bf_core_X_X
    _  VMSC_f_vmac_bf_vmul_bf_core_Y_R
    _  VMSC_f_vmac_bf_vmul_bf_core_Y_Y
    _  VMSC_f_vmac_bfp13
    _  VMSC_f_vmac_bfp16
    _  VMSC_vmac_half_vmul_cm_half_core_X_QX
    _  VMSC_vmac_half_vmul_cm_half_core_X_R
    _  VMSC_vmac_half_vmul_cm_half_core_X_X
    _  VMSC_vmac_vmul_cm_core_X_QX
    _  VMSC_vmac_vmul_cm_core_X_QY
    _  VMSC_vmac_vmul_cm_core_X_R
    _  VMSC_vmac_vmul_cm_core_X_X
    _  VMSC_vmac_vmul_cm_core_X_Y
    _  VMSC_vmac_vmul_cm_core_Y_QX
    _  VMSC_vmac_vmul_cm_core_Y_R
    _  VMSC_vmac_vmul_cm_core_Y_X
    _  VMSC_vmac_vmul_cm_core_Y_Y
    _  VMUL_f_vmul_bf_half_vmul_bf_core_X_R
    _  VMUL_f_vmul_bf_half_vmul_bf_core_X_Y
    _  VMUL_f_vmul_bf_half_vmul_bf_core_Y_QY
    _  VMUL_f_vmul_bf_half_vmul_bf_half_core_X_X
    _  VMUL_f_vmul_bf_vmul_bf_core_X_QY
    _  VMUL_f_vmul_bf_vmul_bf_core_X_X
    _  VMUL_f_vmul_bf_vmul_bf_core_Y_R
    _  VMUL_f_vmul_bf_vmul_bf_core_Y_Y
    _  VMUL_f_vmul_bfp13
    _  VMUL_f_vmul_bfp16
    _  VMUL_vmul_half_vmul_cm_half_core_X_QX
    _  VMUL_vmul_half_vmul_cm_half_core_X_R
    _  VMUL_vmul_half_vmul_cm_half_core_X_X
    _  VMUL_vmul_vmul_cm_core_X_QX
    _  VMUL_vmul_vmul_cm_core_X_QY
    _  VMUL_vmul_vmul_cm_core_X_R
    _  VMUL_vmul_vmul_cm_core_X_X
    _  VMUL_vmul_vmul_cm_core_X_Y
    _  VMUL_vmul_vmul_cm_core_Y_QX
    _  VMUL_vmul_vmul_cm_core_Y_R
    _  VMUL_vmul_vmul_cm_core_Y_X
    _  VMUL_vmul_vmul_cm_core_Y_Y
    _  VNEGMUL_f_vmul_bf_half_vmul_bf_core_X_R
    _  VNEGMUL_f_vmul_bf_half_vmul_bf_core_X_Y
    _  VNEGMUL_f_vmul_bf_half_vmul_bf_core_Y_QY
    _  VNEGMUL_f_vmul_bf_half_vmul_bf_half_core_X_X
    _  VNEGMUL_f_vmul_bf_vmul_bf_core_X_QY
    _  VNEGMUL_f_vmul_bf_vmul_bf_core_X_X
    _  VNEGMUL_f_vmul_bf_vmul_bf_core_Y_R
    _  VNEGMUL_f_vmul_bf_vmul_bf_core_Y_Y
    _  VNEGMUL_f_vmul_bfp13
    _  VNEGMUL_f_vmul_bfp16
    _  VNEGMUL_vmul_half_vmul_cm_half_core_X_QX
    _  VNEGMUL_vmul_half_vmul_cm_half_core_X_R
    _  VNEGMUL_vmul_half_vmul_cm_half_core_X_X
    _  VNEGMUL_vmul_vmul_cm_core_X_QX
    _  VNEGMUL_vmul_vmul_cm_core_X_QY
    _  VNEGMUL_vmul_vmul_cm_core_X_R
    _  VNEGMUL_vmul_vmul_cm_core_X_X
    _  VNEGMUL_vmul_vmul_cm_core_X_Y
    _  VNEGMUL_vmul_vmul_cm_core_Y_QX
    _  VNEGMUL_vmul_vmul_cm_core_Y_R
    _  VNEGMUL_vmul_vmul_cm_core_Y_X
    _  VNEGMUL_vmul_vmul_cm_core_Y_Y
    _  VNEG_f_vneg_fp
    _  VNEG_f_vneg_half_fp
    _  VNEG_mx6_vneg_fp_bfp13
    _  VNEG_mx6_vneg_half_fp_bfp13
    _  VNEG_vneg
    _  VNEG_vneg_half
    _  VSUB_f_vacc_fp
    _  VSUB_f_vacc_fp_scd_add_scd_incr
    _  VSUB_f_vacc_fp_scd_add_scd_noincr
    _  VSUB_f_vacc_half_fp
    _  VSUB_f_vacc_half_fp_scd_add_scd_incr_half
    _  VSUB_f_vacc_half_fp_scd_add_scd_noincr_half
    _  VSUB_mx6_vacc_fp_bfp13
    _  VSUB_mx6_vacc_fp_bfp13_scd_add_scd_incr
    _  VSUB_mx6_vacc_fp_bfp13_scd_add_scd_noincr
    _  VSUB_mx6_vacc_half_fp_bfp13
    _  VSUB_mx6_vacc_half_fp_bfp13_scd_add_scd_incr_half
    _  VSUB_mx6_vacc_half_fp_bfp13_scd_add_scd_noincr_half
    _  VSUB_vacc
    _  VSUB_vacc_half
    _  VSUB_vacc_scd_add_scd_incr
    _  VSUB_vacc_scd_add_scd_noincr
    _  VSUB_vacc_scd_half_add_scd_incr_half
    _  VSUB_vacc_scd_half_add_scd_noincr_half
warning: Decoding conflict encountered
[68/1214] Building AIE2PSGenMCCodeEmitter.inc...
[69/1214] Building AIE2PGenVarInstructionItin.inc...
[70/1214] Building AIE2PSGenFormats.inc...
[71/1214] Building AIE2PGenRegisterInfo.inc...
[72/1214] Building AIE2PSGenPostLegalizerGIFinalCombiner.inc...
[73/1214] Building AIE2PSGenAsmWriter.inc...
[74/1214] Building AIE2PSGenPostLegalizerGICustomCombiner.inc...
[75/1214] Building AIE2PSGenPreLegalizerGICombiner.inc...
[76/1214] Building AIE2PSGenCallingConv.inc...
[77/1214] Building AIE2PGenRegisterBank.inc...
[78/1214] Building AIE2PSGenVarInstructionItin.inc...
[79/1214] Building AIE2PSGenPreSchedLowering.inc...
[80/1214] Building AIEGenCallingConv.inc...
[81/1214] Building AIE2PSGenAsmMatcher.inc...
[82/1214] Building AIE2PSGenSplitInstrTables.inc...
[83/1214] Building AIE2PSGenPostLegalizerGIGenericCombiner.inc...
[84/1214] Building AIE2PGenSubtargetInfo.inc...
[85/1213] Building AIE2PSGenSubtargetInfo.inc...
[86/1213] Building AIE2PSGenGlobalISel.inc...
Included from /home/jtuyls/iree-ai/llvm-aie-port/amd/aie/llvm/lib/Target/AIE/AIE2PS.td:35:
Included from /home/jtuyls/iree-ai/llvm-aie-port/amd/aie/llvm/lib/Target/AIE/aie2ps/AIE2PSInstrInfo.td:444:
/home/jtuyls/iree-ai/llvm-aie-port/amd/aie/llvm/lib/Target/AIE/aie2ps/AIE2PSInstrPatterns.td:1357:1: warning: Skipped pattern: unsupported type for Src operand (SETLT:{ *:[Other] })
def : Pat<(v64i1 (aie_setlt (v64i8 VEC512:$rs1), (v64i8 VEC512:$rs2))),
^
Included from /home/jtuyls/iree-ai/llvm-aie-port/amd/aie/llvm/lib/Target/AIE/AIE2PS.td:35:
Included from /home/jtuyls/iree-ai/llvm-aie-port/amd/aie/llvm/lib/Target/AIE/aie2ps/AIE2PSInstrInfo.td:444:
/home/jtuyls/iree-ai/llvm-aie-port/amd/aie/llvm/lib/Target/AIE/aie2ps/AIE2PSInstrPatterns.td:1359:1: warning: Skipped pattern: unsupported type for Src operand (SETLT:{ *:[Other] })
def : Pat<(v32i1 (aie_setlt (v32i16 VEC512:$rs1), (v32i16 VEC512:$rs2))),
^
Included from /home/jtuyls/iree-ai/llvm-aie-port/amd/aie/llvm/lib/Target/AIE/AIE2PS.td:35:
Included from /home/jtuyls/iree-ai/llvm-aie-port/amd/aie/llvm/lib/Target/AIE/aie2ps/AIE2PSInstrInfo.td:444:
/home/jtuyls/iree-ai/llvm-aie-port/amd/aie/llvm/lib/Target/AIE/aie2ps/AIE2PSInstrPatterns.td:1361:1: warning: Skipped pattern: unsupported type for Src operand (SETLT:{ *:[Other] })
def : Pat<(v32i1 (aie_setlt (v16i32 VEC512:$rs1), (v16i32 VEC512:$rs2))),
^
Included from /home/jtuyls/iree-ai/llvm-aie-port/amd/aie/llvm/lib/Target/AIE/AIE2PS.td:35:
Included from /home/jtuyls/iree-ai/llvm-aie-port/amd/aie/llvm/lib/Target/AIE/aie2ps/AIE2PSInstrInfo.td:444:
/home/jtuyls/iree-ai/llvm-aie-port/amd/aie/llvm/lib/Target/AIE/aie2ps/AIE2PSInstrPatterns.td:1364:1: warning: Skipped pattern: unsupported type for Src operand (SETULT:{ *:[Other] })
def : Pat<(v64i1 (aie_setult (v64i8 VEC512:$rs1), (v64i8 VEC512:$rs2))),
^
Included from /home/jtuyls/iree-ai/llvm-aie-port/amd/aie/llvm/lib/Target/AIE/AIE2PS.td:35:
Included from /home/jtuyls/iree-ai/llvm-aie-port/amd/aie/llvm/lib/Target/AIE/aie2ps/AIE2PSInstrInfo.td:444:
/home/jtuyls/iree-ai/llvm-aie-port/amd/aie/llvm/lib/Target/AIE/aie2ps/AIE2PSInstrPatterns.td:1366:1: warning: Skipped pattern: unsupported type for Src operand (SETULT:{ *:[Other] })
def : Pat<(v32i1 (aie_setult (v32i16 VEC512:$rs1), (v32i16 VEC512:$rs2))),
^
Included from /home/jtuyls/iree-ai/llvm-aie-port/amd/aie/llvm/lib/Target/AIE/AIE2PS.td:35:
Included from /home/jtuyls/iree-ai/llvm-aie-port/amd/aie/llvm/lib/Target/AIE/aie2ps/AIE2PSInstrInfo.td:444:
/home/jtuyls/iree-ai/llvm-aie-port/amd/aie/llvm/lib/Target/AIE/aie2ps/AIE2PSInstrPatterns.td:1368:1: warning: Skipped pattern: unsupported type for Src operand (SETULT:{ *:[Other] })
def : Pat<(v32i1 (aie_setult (v16i32 VEC512:$rs1), (v16i32 VEC512:$rs2))),
^
Included from /home/jtuyls/iree-ai/llvm-aie-port/amd/aie/llvm/lib/Target/AIE/AIE2PS.td:35:
Included from /home/jtuyls/iree-ai/llvm-aie-port/amd/aie/llvm/lib/Target/AIE/aie2ps/AIE2PSInstrInfo.td:444:
/home/jtuyls/iree-ai/llvm-aie-port/amd/aie/llvm/lib/Target/AIE/aie2ps/AIE2PSInstrPatterns.td:1372:1: warning: Skipped pattern: unsupported type for Src operand (SETLE:{ *:[Other] })
def : Pat<(v64i1 (aie_setle (v64i8 VEC512:$rs1), (v64i8 VEC512:$rs2))),
^
Included from /home/jtuyls/iree-ai/llvm-aie-port/amd/aie/llvm/lib/Target/AIE/AIE2PS.td:35:
Included from /home/jtuyls/iree-ai/llvm-aie-port/amd/aie/llvm/lib/Target/AIE/aie2ps/AIE2PSInstrInfo.td:444:
/home/jtuyls/iree-ai/llvm-aie-port/amd/aie/llvm/lib/Target/AIE/aie2ps/AIE2PSInstrPatterns.td:1381:1: warning: Skipped pattern: unsupported type for Src operand (SETLE:{ *:[Other] })
def : Pat<(v32i1 (aie_setle (v32i16 VEC512:$rs1), (v32i16 VEC512:$rs2))),
^
Included from /home/jtuyls/iree-ai/llvm-aie-port/amd/aie/llvm/lib/Target/AIE/AIE2PS.td:35:
Included from /home/jtuyls/iree-ai/llvm-aie-port/amd/aie/llvm/lib/Target/AIE/aie2ps/AIE2PSInstrInfo.td:444:
/home/jtuyls/iree-ai/llvm-aie-port/amd/aie/llvm/lib/Target/AIE/aie2ps/AIE2PSInstrPatterns.td:1386:1: warning: Skipped pattern: unsupported type for Src operand (SETLE:{ *:[Other] })
def : Pat<(v32i1 (aie_setle (v16i32 VEC512:$rs1), (v16i32 VEC512:$rs2))),
^
Included from /home/jtuyls/iree-ai/llvm-aie-port/amd/aie/llvm/lib/Target/AIE/AIE2PS.td:35:
Included from /home/jtuyls/iree-ai/llvm-aie-port/amd/aie/llvm/lib/Target/AIE/aie2ps/AIE2PSInstrInfo.td:444:
/home/jtuyls/iree-ai/llvm-aie-port/amd/aie/llvm/lib/Target/AIE/aie2ps/AIE2PSInstrPatterns.td:1391:1: warning: Skipped pattern: unsupported type for Src operand (SETULE:{ *:[Other] })
def : Pat<(v64i1 (aie_setule (v64i8 VEC512:$rs1), (v64i8 VEC512:$rs2))),
^
Included from /home/jtuyls/iree-ai/llvm-aie-port/amd/aie/llvm/lib/Target/AIE/AIE2PS.td:35:
Included from /home/jtuyls/iree-ai/llvm-aie-port/amd/aie/llvm/lib/Target/AIE/aie2ps/AIE2PSInstrInfo.td:444:
/home/jtuyls/iree-ai/llvm-aie-port/amd/aie/llvm/lib/Target/AIE/aie2ps/AIE2PSInstrPatterns.td:1400:1: warning: Skipped pattern: unsupported type for Src operand (SETULE:{ *:[Other] })
def : Pat<(v32i1 (aie_setule (v32i16 VEC512:$rs1), (v32i16 VEC512:$rs2))),
^
Included from /home/jtuyls/iree-ai/llvm-aie-port/amd/aie/llvm/lib/Target/AIE/AIE2PS.td:35:
Included from /home/jtuyls/iree-ai/llvm-aie-port/amd/aie/llvm/lib/Target/AIE/aie2ps/AIE2PSInstrInfo.td:444:
/home/jtuyls/iree-ai/llvm-aie-port/amd/aie/llvm/lib/Target/AIE/aie2ps/AIE2PSInstrPatterns.td:1405:1: warning: Skipped pattern: unsupported type for Src operand (SETULE:{ *:[Other] })
def : Pat<(v32i1 (aie_setule (v16i32 VEC512:$rs1), (v16i32 VEC512:$rs2))),
^
Included from /home/jtuyls/iree-ai/llvm-aie-port/amd/aie/llvm/lib/Target/AIE/AIE2PS.td:35:
Included from /home/jtuyls/iree-ai/llvm-aie-port/amd/aie/llvm/lib/Target/AIE/aie2ps/AIE2PSInstrInfo.td:444:
/home/jtuyls/iree-ai/llvm-aie-port/amd/aie/llvm/lib/Target/AIE/aie2ps/AIE2PSInstrPatterns.td:1411:1: warning: Skipped pattern: unsupported type for Src operand (SETGE:{ *:[Other] })
def  : Pat<(v64i1 (aie_setge (v64i8 VEC512:$rs1), (v64i8 VEC512:$rs2))),
^
Included from /home/jtuyls/iree-ai/llvm-aie-port/amd/aie/llvm/lib/Target/AIE/AIE2PS.td:35:
Included from /home/jtuyls/iree-ai/llvm-aie-port/amd/aie/llvm/lib/Target/AIE/aie2ps/AIE2PSInstrInfo.td:444:
/home/jtuyls/iree-ai/llvm-aie-port/amd/aie/llvm/lib/Target/AIE/aie2ps/AIE2PSInstrPatterns.td:1413:1: warning: Skipped pattern: unsupported type for Src operand (SETGE:{ *:[Other] })
def  : Pat<(v32i1 (aie_setge (v32i16 VEC512:$rs1), (v32i16 VEC512:$rs2))),
^
Included from /home/jtuyls/iree-ai/llvm-aie-port/amd/aie/llvm/lib/Target/AIE/AIE2PS.td:35:
Included from /home/jtuyls/iree-ai/llvm-aie-port/amd/aie/llvm/lib/Target/AIE/aie2ps/AIE2PSInstrInfo.td:444:
/home/jtuyls/iree-ai/llvm-aie-port/amd/aie/llvm/lib/Target/AIE/aie2ps/AIE2PSInstrPatterns.td:1415:1: warning: Skipped pattern: unsupported type for Src operand (SETGE:{ *:[Other] })
def  : Pat<(v32i1 (aie_setge (v16i32 VEC512:$rs1), (v16i32 VEC512:$rs2))),
^
Included from /home/jtuyls/iree-ai/llvm-aie-port/amd/aie/llvm/lib/Target/AIE/AIE2PS.td:35:
Included from /home/jtuyls/iree-ai/llvm-aie-port/amd/aie/llvm/lib/Target/AIE/aie2ps/AIE2PSInstrInfo.td:444:
/home/jtuyls/iree-ai/llvm-aie-port/amd/aie/llvm/lib/Target/AIE/aie2ps/AIE2PSInstrPatterns.td:1418:1: warning: Skipped pattern: unsupported type for Src operand (SETUGE:{ *:[Other] })
def  : Pat<(v64i1 (aie_setuge (v64i8 VEC512:$rs1), (v64i8 VEC512:$rs2))),
^
Included from /home/jtuyls/iree-ai/llvm-aie-port/amd/aie/llvm/lib/Target/AIE/AIE2PS.td:35:
Included from /home/jtuyls/iree-ai/llvm-aie-port/amd/aie/llvm/lib/Target/AIE/aie2ps/AIE2PSInstrInfo.td:444:
/home/jtuyls/iree-ai/llvm-aie-port/amd/aie/llvm/lib/Target/AIE/aie2ps/AIE2PSInstrPatterns.td:1420:1: warning: Skipped pattern: unsupported type for Src operand (SETUGE:{ *:[Other] })
def  : Pat<(v32i1 (aie_setuge (v32i16 VEC512:$rs1), (v32i16 VEC512:$rs2))),
^
Included from /home/jtuyls/iree-ai/llvm-aie-port/amd/aie/llvm/lib/Target/AIE/AIE2PS.td:35:
Included from /home/jtuyls/iree-ai/llvm-aie-port/amd/aie/llvm/lib/Target/AIE/aie2ps/AIE2PSInstrInfo.td:444:
/home/jtuyls/iree-ai/llvm-aie-port/amd/aie/llvm/lib/Target/AIE/aie2ps/AIE2PSInstrPatterns.td:1422:1: warning: Skipped pattern: unsupported type for Src operand (SETUGE:{ *:[Other] })
def  : Pat<(v32i1 (aie_setuge (v16i32 VEC512:$rs1), (v16i32 VEC512:$rs2))),
^
Included from /home/jtuyls/iree-ai/llvm-aie-port/amd/aie/llvm/lib/Target/AIE/AIE2PS.td:35:
Included from /home/jtuyls/iree-ai/llvm-aie-port/amd/aie/llvm/lib/Target/AIE/aie2ps/AIE2PSInstrInfo.td:444:
/home/jtuyls/iree-ai/llvm-aie-port/amd/aie/llvm/lib/Target/AIE/aie2ps/AIE2PSInstrPatterns.td:1426:1: warning: Skipped pattern: unsupported type for Src operand (SETGT:{ *:[Other] })
def  : Pat<(v64i1 (aie_setgt (v64i8 VEC512:$rs1), (v64i8 VEC512:$rs2))),
^
Included from /home/jtuyls/iree-ai/llvm-aie-port/amd/aie/llvm/lib/Target/AIE/AIE2PS.td:35:
Included from /home/jtuyls/iree-ai/llvm-aie-port/amd/aie/llvm/lib/Target/AIE/aie2ps/AIE2PSInstrInfo.td:444:
/home/jtuyls/iree-ai/llvm-aie-port/amd/aie/llvm/lib/Target/AIE/aie2ps/AIE2PSInstrPatterns.td:1435:1: warning: Skipped pattern: unsupported type for Src operand (SETGT:{ *:[Other] })
def  : Pat<(v32i1 (aie_setgt (v32i16 VEC512:$rs1), (v32i16 VEC512:$rs2))),
^
Included from /home/jtuyls/iree-ai/llvm-aie-port/amd/aie/llvm/lib/Target/AIE/AIE2PS.td:35:
Included from /home/jtuyls/iree-ai/llvm-aie-port/amd/aie/llvm/lib/Target/AIE/aie2ps/AIE2PSInstrInfo.td:444:
/home/jtuyls/iree-ai/llvm-aie-port/amd/aie/llvm/lib/Target/AIE/aie2ps/AIE2PSInstrPatterns.td:1437:1: warning: Skipped pattern: unsupported type for Src operand (SETGT:{ *:[Other] })
def  : Pat<(v32i1 (aie_setgt (v16i32 VEC512:$rs1), (v16i32 VEC512:$rs2))),
^
Included from /home/jtuyls/iree-ai/llvm-aie-port/amd/aie/llvm/lib/Target/AIE/AIE2PS.td:35:
Included from /home/jtuyls/iree-ai/llvm-aie-port/amd/aie/llvm/lib/Target/AIE/aie2ps/AIE2PSInstrInfo.td:444:
/home/jtuyls/iree-ai/llvm-aie-port/amd/aie/llvm/lib/Target/AIE/aie2ps/AIE2PSInstrPatterns.td:1440:1: warning: Skipped pattern: unsupported type for Src operand (SETUGT:{ *:[Other] })
def  : Pat<(v64i1 (aie_setugt (v64i8 VEC512:$rs1), (v64i8 VEC512:$rs2))),
^
Included from /home/jtuyls/iree-ai/llvm-aie-port/amd/aie/llvm/lib/Target/AIE/AIE2PS.td:35:
Included from /home/jtuyls/iree-ai/llvm-aie-port/amd/aie/llvm/lib/Target/AIE/aie2ps/AIE2PSInstrInfo.td:444:
/home/jtuyls/iree-ai/llvm-aie-port/amd/aie/llvm/lib/Target/AIE/aie2ps/AIE2PSInstrPatterns.td:1449:1: warning: Skipped pattern: unsupported type for Src operand (SETUGT:{ *:[Other] })
def  : Pat<(v32i1 (aie_setugt (v32i16 VEC512:$rs1), (v32i16 VEC512:$rs2))),
^
Included from /home/jtuyls/iree-ai/llvm-aie-port/amd/aie/llvm/lib/Target/AIE/AIE2PS.td:35:
Included from /home/jtuyls/iree-ai/llvm-aie-port/amd/aie/llvm/lib/Target/AIE/aie2ps/AIE2PSInstrInfo.td:444:
/home/jtuyls/iree-ai/llvm-aie-port/amd/aie/llvm/lib/Target/AIE/aie2ps/AIE2PSInstrPatterns.td:1451:1: warning: Skipped pattern: unsupported type for Src operand (SETUGT:{ *:[Other] })
def  : Pat<(v32i1 (aie_setugt (v16i32 VEC512:$rs1), (v16i32 VEC512:$rs2))),
^
Included from /home/jtuyls/iree-ai/llvm-aie-port/amd/aie/llvm/lib/Target/AIE/AIE2PS.td:35:
Included from /home/jtuyls/iree-ai/llvm-aie-port/amd/aie/llvm/lib/Target/AIE/aie2ps/AIE2PSInstrInfo.td:444:
/home/jtuyls/iree-ai/llvm-aie-port/amd/aie/llvm/lib/Target/AIE/aie2ps/AIE2PSInstrPatterns.td:1455:1: warning: Skipped pattern: unsupported type for Src operand (SETEQ:{ *:[Other] })
def  : Pat<(v64i1 (aie_seteq (v64i8 VEC512:$rs1), (v64i8 VEC512:$rs2))),
^
Included from /home/jtuyls/iree-ai/llvm-aie-port/amd/aie/llvm/lib/Target/AIE/AIE2PS.td:35:
Included from /home/jtuyls/iree-ai/llvm-aie-port/amd/aie/llvm/lib/Target/AIE/aie2ps/AIE2PSInstrInfo.td:444:
/home/jtuyls/iree-ai/llvm-aie-port/amd/aie/llvm/lib/Target/AIE/aie2ps/AIE2PSInstrPatterns.td:1457:1: warning: Skipped pattern: unsupported type for Src operand (SETEQ:{ *:[Other] })
def  : Pat<(v32i1 (aie_seteq (v32i16 VEC512:$rs1), (v32i16 VEC512:$rs2))),
^
Included from /home/jtuyls/iree-ai/llvm-aie-port/amd/aie/llvm/lib/Target/AIE/AIE2PS.td:35:
Included from /home/jtuyls/iree-ai/llvm-aie-port/amd/aie/llvm/lib/Target/AIE/aie2ps/AIE2PSInstrInfo.td:444:
/home/jtuyls/iree-ai/llvm-aie-port/amd/aie/llvm/lib/Target/AIE/aie2ps/AIE2PSInstrPatterns.td:1459:1: warning: Skipped pattern: unsupported type for Src operand (SETEQ:{ *:[Other] })
def  : Pat<(v32i1 (aie_seteq (v16i32 VEC512:$rs1), (v16i32 VEC512:$rs2))),
^
Included from /home/jtuyls/iree-ai/llvm-aie-port/amd/aie/llvm/lib/Target/AIE/AIE2PS.td:35:
Included from /home/jtuyls/iree-ai/llvm-aie-port/amd/aie/llvm/lib/Target/AIE/aie2ps/AIE2PSInstrInfo.td:444:
/home/jtuyls/iree-ai/llvm-aie-port/amd/aie/llvm/lib/Target/AIE/aie2ps/AIE2PSInstrPatterns.td:1463:1: warning: Skipped pattern: unsupported type for Src operand (SETNE:{ *:[Other] })
def  : Pat<(v64i1 (aie_setne (v64i8 VEC512:$rs1), (v64i8 VEC512:$rs2))),
^
Included from /home/jtuyls/iree-ai/llvm-aie-port/amd/aie/llvm/lib/Target/AIE/AIE2PS.td:35:
Included from /home/jtuyls/iree-ai/llvm-aie-port/amd/aie/llvm/lib/Target/AIE/aie2ps/AIE2PSInstrInfo.td:444:
/home/jtuyls/iree-ai/llvm-aie-port/amd/aie/llvm/lib/Target/AIE/aie2ps/AIE2PSInstrPatterns.td:1472:1: warning: Skipped pattern: unsupported type for Src operand (SETNE:{ *:[Other] })
def  : Pat<(v32i1 (aie_setne (v32i16 VEC512:$rs1), (v32i16 VEC512:$rs2))),
^
Included from /home/jtuyls/iree-ai/llvm-aie-port/amd/aie/llvm/lib/Target/AIE/AIE2PS.td:35:
Included from /home/jtuyls/iree-ai/llvm-aie-port/amd/aie/llvm/lib/Target/AIE/aie2ps/AIE2PSInstrInfo.td:444:
/home/jtuyls/iree-ai/llvm-aie-port/amd/aie/llvm/lib/Target/AIE/aie2ps/AIE2PSInstrPatterns.td:1474:1: warning: Skipped pattern: unsupported type for Src operand (SETNE:{ *:[Other] })
def  : Pat<(v32i1 (aie_setne (v16i32 VEC512:$rs1), (v16i32 VEC512:$rs2))),
^
[87/1213] Building AIEGenMCPseudoLowering.inc...
[88/1213] Building AIEGenDisassemblerTables.inc...
[89/1213] Building AIEGenDAGISel.inc...
[90/1213] Building AIEGenMCCodeEmitter.inc...
[91/1213] Building AIEGenAsmMatcher.inc...
[92/1213] Building AIE2PSGenMemoryCycles.inc...
[93/1213] Building AIEGenAsmWriter.inc...
[94/1213] Building AIEGenPreISelGICombiner.inc...
[95/1213] Building AIE2PSGenInstrInfo.inc...
[96/1213] Building AIEGenRegisterInfo.inc...
[97/1213] Building AIEGenFormats.inc...
[98/1213] Building AIEGenRegisterBank.inc...
[99/1213] Building AIEGenGlobalISel.inc...
[100/1213] Building AIEGenSubtargetInfo.inc...
[101/1213] Building AIE2PSGenRegisterInfo.inc...
[102/1212] Building AIEGenInstrInfo.inc...
[103/1206] Building RISCVTargetParserDef.inc...
[104/1203] Building CXX object lib/IR/CMakeFiles/LLVMCore.dir/AbstractCallSite.cpp.o
[105/1203] Building CXX object lib/IR/CMakeFiles/LLVMCore.dir/ConstantRange.cpp.o
[106/1203] Building CXX object lib/IR/CMakeFiles/LLVMCore.dir/DataLayout.cpp.o
[107/1203] Building CXX object lib/IR/CMakeFiles/LLVMCore.dir/ConstantFold.cpp.o
[108/1203] Building CXX object lib/IR/CMakeFiles/LLVMCore.dir/Attributes.cpp.o
[109/1203] Building CXX object lib/IR/CMakeFiles/LLVMCore.dir/ConvergenceVerifier.cpp.o
[110/1203] Building CXX object lib/IR/CMakeFiles/LLVMCore.dir/Constants.cpp.o
[111/1203] Building CXX object lib/IR/CMakeFiles/LLVMCore.dir/ConstantFPRange.cpp.o
[112/1203] Building CXX object lib/IR/CMakeFiles/LLVMCore.dir/DIBuilder.cpp.o
[113/1203] Building CXX object lib/IR/CMakeFiles/LLVMCore.dir/DebugInfo.cpp.o
[114/1203] Building CXX object lib/IR/CMakeFiles/LLVMCore.dir/AutoUpgrade.cpp.o
[115/1203] Building CXX object lib/IR/CMakeFiles/LLVMCore.dir/BasicBlock.cpp.o
[116/1203] Building CXX object lib/IR/CMakeFiles/LLVMCore.dir/Core.cpp.o
[117/1203] Building CXX object lib/IR/CMakeFiles/LLVMCore.dir/AsmWriter.cpp.o
[118/1203] Building AIE2PSGenRegisterBank.inc...
[119/1203] Building CXX object lib/IR/CMakeFiles/LLVMCore.dir/DebugInfoMetadata.cpp.o
[120/1203] Building CXX object lib/IR/CMakeFiles/LLVMCore.dir/DIExpressionOptimizer.cpp.o
[121/1203] Building CXX object lib/IR/CMakeFiles/LLVMCore.dir/DebugProgramInstruction.cpp.o
In file included from /usr/include/c++/13/cassert:44,
                 from /home/jtuyls/iree-ai/llvm-aie-port/llvm/include/llvm/IR/IntrinsicInst.h:38,
                 from /home/jtuyls/iree-ai/llvm-aie-port/llvm/lib/IR/DebugProgramInstruction.cpp:12:
/home/jtuyls/iree-ai/llvm-aie-port/llvm/lib/IR/DebugProgramInstruction.cpp: In member function ‘void llvm::DbgVariableRecord::addVariableLocationOps(llvm::ArrayRef<llvm::Value*>, llvm::DIExpression*)’:
/home/jtuyls/iree-ai/llvm-aie-port/llvm/lib/IR/DebugProgramInstruction.cpp:363:55: warning: suggest parentheses around ‘&&’ within ‘||’ [-Wparentheses]
  362 |          NewExpr->hasAllLocationOps(getNumVariableLocationOps() +
      |          ~~~~~~~~~~~~~~~~~~~~~~~~~~~~~~~~~~~~~~~~~~~~~~~~~~~~~~~~
  363 |                                     NewValues.size()) &&
      |                                     ~~~~~~~~~~~~~~~~~~^~
  364 |              "NewExpr for debug variable intrinsic does not reference every "
      |              ~~~~~~~~~~~~~~~~~~~~~~~~~~~~~~~~~~~~~~~~~~~~~~~~~~~~~~~~~~~~~~~~
  365 |              "location operand.");
      |              ~~~~~~~~~~~~~~~~~~~                       
[122/1203] Building CXX object lib/IR/CMakeFiles/LLVMCore.dir/Dominators.cpp.o
[123/1203] Building CXX object lib/IR/CMakeFiles/LLVMCore.dir/DroppedVariableStatsIR.cpp.o
[124/1203] Building CXX object lib/IR/CMakeFiles/LLVMCore.dir/DroppedVariableStats.cpp.o
[125/1203] Building CXX object lib/IR/CMakeFiles/LLVMCore.dir/EHPersonalities.cpp.o
[126/1203] Building CXX object lib/IR/CMakeFiles/LLVMCore.dir/NVVMIntrinsicUtils.cpp.o
[127/1203] Building CXX object lib/IR/CMakeFiles/LLVMCore.dir/DebugLoc.cpp.o
[128/1203] Building CXX object lib/IR/CMakeFiles/LLVMCore.dir/DiagnosticInfo.cpp.o
[129/1203] Building CXX object lib/IR/CMakeFiles/LLVMCore.dir/Function.cpp.o
[130/1203] Building CXX object lib/IR/CMakeFiles/LLVMCore.dir/SSAContext.cpp.o
[131/1203] Building CXX object lib/IR/CMakeFiles/LLVMCore.dir/FPEnv.cpp.o
[132/1203] Building CXX object lib/IR/CMakeFiles/LLVMCore.dir/Globals.cpp.o
[133/1203] Building CXX object lib/IR/CMakeFiles/LLVMCore.dir/Instruction.cpp.o
[134/1203] Building CXX object lib/IR/CMakeFiles/LLVMCore.dir/IRBuilder.cpp.o
[135/1203] Building CXX object lib/IR/CMakeFiles/LLVMCore.dir/MDBuilder.cpp.o
[136/1203] Building CXX object lib/IR/CMakeFiles/LLVMCore.dir/InlineAsm.cpp.o
[137/1203] Building CXX object lib/IR/CMakeFiles/LLVMCore.dir/Instructions.cpp.o
[138/1203] Building CXX object lib/IR/CMakeFiles/LLVMCore.dir/LLVMContext.cpp.o
[139/1203] Building CXX object lib/IR/CMakeFiles/LLVMCore.dir/LLVMContextImpl.cpp.o
[140/1203] Building CXX object lib/IR/CMakeFiles/LLVMCore.dir/MemoryModelRelaxationAnnotations.cpp.o
[141/1203] Building CXX object lib/IR/CMakeFiles/LLVMCore.dir/Metadata.cpp.o
[142/1203] Building CXX object lib/IR/CMakeFiles/LLVMCore.dir/Module.cpp.o
[143/1203] Building CXX object lib/IR/CMakeFiles/LLVMCore.dir/IntrinsicInst.cpp.o
In file included from /usr/include/c++/13/cassert:44,
                 from /home/jtuyls/iree-ai/llvm-aie-port/llvm/include/llvm/IR/Statepoint.h:29,
                 from /home/jtuyls/iree-ai/llvm-aie-port/llvm/lib/IR/IntrinsicInst.cpp:31:
/home/jtuyls/iree-ai/llvm-aie-port/llvm/lib/IR/IntrinsicInst.cpp: In member function ‘void llvm::DbgVariableIntrinsic::addVariableLocationOps(llvm::ArrayRef<llvm::Value*>, llvm::DIExpression*)’:
/home/jtuyls/iree-ai/llvm-aie-port/llvm/lib/IR/IntrinsicInst.cpp:186:55: warning: suggest parentheses around ‘&&’ within ‘||’ [-Wparentheses]
  185 |          NewExpr->hasAllLocationOps(getNumVariableLocationOps() +
      |          ~~~~~~~~~~~~~~~~~~~~~~~~~~~~~~~~~~~~~~~~~~~~~~~~~~~~~~~~
  186 |                                     NewValues.size()) &&
      |                                     ~~~~~~~~~~~~~~~~~~^~
  187 |              "NewExpr for debug variable intrinsic does not reference every "
      |              ~~~~~~~~~~~~~~~~~~~~~~~~~~~~~~~~~~~~~~~~~~~~~~~~~~~~~~~~~~~~~~~~
  188 |              "location operand.");
      |              ~~~~~~~~~~~~~~~~~~~                       
[144/1203] Building CXX object lib/IR/CMakeFiles/LLVMCore.dir/ProfDataUtils.cpp.o
[145/1203] Building X86GenExegesis.inc...
[146/1203] Building CXX object lib/IR/CMakeFiles/LLVMCore.dir/Operator.cpp.o
[147/1203] Building X86GenCallingConv.inc...
[148/1203] Building CXX object lib/IR/CMakeFiles/LLVMCore.dir/ProfileSummary.cpp.o
[149/1203] Building CXX object lib/IR/CMakeFiles/LLVMCore.dir/PatternMatch.cpp.o
[150/1203] Building CXX object lib/IR/CMakeFiles/LLVMCore.dir/SafepointIRVerifier.cpp.o
[151/1203] Building CXX object lib/IR/CMakeFiles/LLVMCore.dir/ReplaceConstant.cpp.o
[152/1203] Building CXX object lib/IR/CMakeFiles/LLVMCore.dir/PseudoProbe.cpp.o
[153/1203] Building CXX object lib/IR/CMakeFiles/LLVMCore.dir/Type.cpp.o
[154/1203] Building CXX object lib/IR/CMakeFiles/LLVMCore.dir/TypedPointerType.cpp.o
[155/1203] Building CXX object lib/IR/CMakeFiles/LLVMCore.dir/TypeFinder.cpp.o
[156/1203] Building CXX object lib/IR/CMakeFiles/LLVMCore.dir/User.cpp.o
[157/1203] Building CXX object lib/IR/CMakeFiles/LLVMCore.dir/StructuralHash.cpp.o
[158/1203] Building CXX object lib/IR/CMakeFiles/LLVMCore.dir/Value.cpp.o
[159/1203] Building CXX object lib/IR/CMakeFiles/LLVMCore.dir/Statepoint.cpp.o
[160/1203] Building X86GenRegisterBank.inc...
[161/1203] Building CXX object lib/IR/CMakeFiles/LLVMCore.dir/VFABIDemangler.cpp.o
[162/1203] Building CXX object lib/CodeGen/CMakeFiles/LLVMCodeGen.dir/AllocationOrder.cpp.o
[163/1203] Building CXX object lib/IR/CMakeFiles/LLVMCore.dir/Verifier.cpp.o
[164/1203] Building CXX object lib/CodeGen/CMakeFiles/LLVMCodeGen.dir/AggressiveAntiDepBreaker.cpp.o
[165/1203] Building CXX object lib/CodeGen/CMakeFiles/LLVMCodeGen.dir/BranchFolding.cpp.o
[166/1203] Building CXX object lib/CodeGen/CMakeFiles/LLVMCodeGen.dir/AssignmentTrackingAnalysis.cpp.o
[167/1203] Building X86GenPostLegalizeGICombiner.inc...
[168/1203] Building CXX object lib/CodeGen/CMakeFiles/LLVMCodeGen.dir/BreakFalseDeps.cpp.o
[169/1203] Building X86GenPreLegalizeGICombiner.inc...
[170/1203] Building X86GenSDNodeInfo.inc...
[171/1203] Building CXX object lib/CodeGen/CMakeFiles/LLVMCodeGen.dir/BranchRelaxation.cpp.o
[172/1203] Building CXX object lib/CodeGen/CMakeFiles/LLVMCodeGen.dir/BasicBlockPathCloning.cpp.o
[173/1203] Building CXX object lib/CodeGen/CMakeFiles/LLVMCodeGen.dir/CalcSpillWeights.cpp.o
[174/1203] Building CXX object lib/CodeGen/CMakeFiles/LLVMCodeGen.dir/BasicBlockSectionsProfileReader.cpp.o
[175/1203] Building CXX object lib/CodeGen/CMakeFiles/LLVMCodeGen.dir/Analysis.cpp.o
[176/1203] Building CXX object lib/CodeGen/CMakeFiles/LLVMCodeGen.dir/BasicBlockMatchingAndInference.cpp.o
[177/1203] Building X86GenRegisterInfo.inc...
[178/1203] Building CXX object lib/CodeGen/CMakeFiles/LLVMCodeGen.dir/BasicBlockSections.cpp.o
[179/1203] Building X86GenMnemonicTables.inc...
[180/1203] Building X86GenAsmWriter.inc...
[181/1203] Building CXX object lib/CodeGen/CMakeFiles/LLVMCodeGen.dir/BasicTargetTransformInfo.cpp.o
[182/1203] Building X86GenInstrMapping.inc...
[183/1203] Building CXX object lib/CodeGen/CMakeFiles/LLVMCodeGen.dir/AtomicExpandPass.cpp.o
[184/1203] Building CXX object lib/CodeGen/CMakeFiles/LLVMCodeGen.dir/CallingConvLower.cpp.o
[185/1203] Building X86GenAsmWriter1.inc...
[186/1203] Building CXX object lib/CodeGen/CMakeFiles/LLVMCodeGen.dir/CFIFixup.cpp.o
[187/1203] Building CXX object lib/CodeGen/CMakeFiles/LLVMCodeGen.dir/CodeGenCommonISel.cpp.o
[188/1203] Building CXX object lib/CodeGen/CMakeFiles/LLVMCodeGen.dir/CFGuardLongjmp.cpp.o
[189/1203] Building CXX object lib/CodeGen/CMakeFiles/LLVMCodeGen.dir/DeadMachineInstructionElim.cpp.o
[190/1203] Building CXX object lib/CodeGen/CMakeFiles/LLVMCodeGen.dir/CFIInstrInserter.cpp.o
[191/1203] Building CXX object lib/CodeGen/CMakeFiles/LLVMCodeGen.dir/CommandFlags.cpp.o
[192/1203] Building CXX object lib/CodeGen/CMakeFiles/LLVMCodeGen.dir/EdgeBundles.cpp.o
[193/1203] Building CXX object lib/CodeGen/CMakeFiles/LLVMCodeGen.dir/DetectDeadLanes.cpp.o
[194/1203] Building CXX object lib/CodeGen/CMakeFiles/LLVMCodeGen.dir/EarlyIfConversion.cpp.o
[195/1203] Building CXX object lib/CodeGen/CMakeFiles/LLVMCodeGen.dir/ExecutionDomainFix.cpp.o
[196/1203] Building CXX object lib/CodeGen/CMakeFiles/LLVMCodeGen.dir/EHContGuardTargets.cpp.o
[197/1203] Building CXX object lib/CodeGen/CMakeFiles/LLVMCodeGen.dir/DroppedVariableStatsMIR.cpp.o
[198/1203] Building CXX object lib/CodeGen/CMakeFiles/LLVMCodeGen.dir/CriticalAntiDepBreaker.cpp.o
[199/1203] Building CXX object lib/CodeGen/CMakeFiles/LLVMCodeGen.dir/FEntryInserter.cpp.o
[200/1203] Building CXX object lib/CodeGen/CMakeFiles/LLVMCodeGen.dir/ExpandPostRAPseudos.cpp.o
[201/1203] Building CXX object lib/CodeGen/CMakeFiles/LLVMCodeGen.dir/ExpandReductions.cpp.o
[202/1203] Building CXX object lib/CodeGen/CMakeFiles/LLVMCodeGen.dir/DFAPacketizer.cpp.o
[203/1203] Building CXX object lib/CodeGen/CMakeFiles/LLVMCodeGen.dir/FaultMaps.cpp.o
[204/1203] Building CXX object lib/CodeGen/CMakeFiles/LLVMCodeGen.dir/CodeGenPrepare.cpp.o
[205/1203] Building CXX object lib/CodeGen/CMakeFiles/LLVMCodeGen.dir/ExpandVectorPredication.cpp.o
[206/1203] Building CXX object lib/CodeGen/CMakeFiles/LLVMCodeGen.dir/ComplexDeinterleavingPass.cpp.o
[207/1203] Building X86GenAsmMatcher.inc...
[208/1203] Building CXX object lib/CodeGen/CMakeFiles/LLVMCodeGen.dir/FuncletLayout.cpp.o
[209/1203] Building X86GenFoldTables.inc...
[210/1203] Building CXX object lib/CodeGen/CMakeFiles/LLVMCodeGen.dir/GlobalMergeFunctions.cpp.o
[211/1203] Building CXX object lib/CodeGen/CMakeFiles/LLVMCodeGen.dir/FinalizeISel.cpp.o
[212/1203] Building CXX object lib/CodeGen/CMakeFiles/LLVMCodeGen.dir/FixupStatepointCallerSaved.cpp.o
[213/1203] Building CXX object lib/CodeGen/CMakeFiles/LLVMCodeGen.dir/DwarfEHPrepare.cpp.o
[214/1203] Building CXX object lib/CodeGen/CMakeFiles/LLVMCodeGen.dir/MachineFunctionAnalysis.cpp.o
[215/1203] Building CXX object lib/CodeGen/CMakeFiles/LLVMCodeGen.dir/GlobalMerge.cpp.o
[216/1203] Building CXX object lib/CodeGen/CMakeFiles/LLVMCodeGen.dir/ImplicitNullChecks.cpp.o
[217/1203] Building CXX object lib/CodeGen/CMakeFiles/LLVMCodeGen.dir/InitUndef.cpp.o
[218/1203] Building X86GenDisassemblerTables.inc...
[219/1203] Building CXX object lib/CodeGen/CMakeFiles/LLVMCodeGen.dir/InterferenceCache.cpp.o
[220/1203] Building CXX object lib/CodeGen/CMakeFiles/LLVMCodeGen.dir/IndirectBrExpandPass.cpp.o
[221/1203] Building CXX object lib/CodeGen/CMakeFiles/LLVMCodeGen.dir/InlineSpiller.cpp.o
[222/1203] Building CXX object lib/CodeGen/CMakeFiles/LLVMCodeGen.dir/HardwareLoops.cpp.o
[223/1203] Building CXX object lib/CodeGen/CMakeFiles/LLVMCodeGen.dir/IfConversion.cpp.o
[224/1203] Building CXX object lib/CodeGen/CMakeFiles/LLVMCodeGen.dir/InlineAsmPrepare.cpp.o
[225/1203] Building CXX object lib/CodeGen/CMakeFiles/LLVMCodeGen.dir/GCRootLowering.cpp.o
[226/1203] Building CXX object lib/CodeGen/CMakeFiles/LLVMCodeGen.dir/ExpandIRInsts.cpp.o
[227/1203] Building CXX object lib/CodeGen/CMakeFiles/LLVMCodeGen.dir/JMCInstrumenter.cpp.o
[228/1203] Building CXX object lib/CodeGen/CMakeFiles/LLVMCodeGen.dir/LazyMachineBlockFrequencyInfo.cpp.o
[229/1203] Building CXX object lib/CodeGen/CMakeFiles/LLVMCodeGen.dir/IntrinsicLowering.cpp.o
[230/1203] Building CXX object lib/CodeGen/CMakeFiles/LLVMCodeGen.dir/InsertCodePrefetch.cpp.o
[231/1203] Building CXX object lib/CodeGen/CMakeFiles/LLVMCodeGen.dir/LiveIntervalUnion.cpp.o
[232/1203] Building CXX object lib/CodeGen/CMakeFiles/LLVMCodeGen.dir/LiveInterval.cpp.o
[233/1203] Building CXX object lib/CodeGen/CMakeFiles/LLVMCodeGen.dir/LexicalScopes.cpp.o
[234/1203] Building CXX object lib/CodeGen/CMakeFiles/LLVMCodeGen.dir/LiveRangeCalc.cpp.o
[235/1203] Building CXX object lib/CodeGen/CMakeFiles/LLVMCodeGen.dir/LivePhysRegs.cpp.o
[236/1203] Building CXX object lib/CodeGen/CMakeFiles/LLVMCodeGen.dir/LiveIntervalCalc.cpp.o
[237/1203] Building CXX object lib/CodeGen/CMakeFiles/LLVMCodeGen.dir/LiveIntervals.cpp.o
[238/1203] Building CXX object lib/CodeGen/CMakeFiles/LLVMCodeGen.dir/LiveRegMatrix.cpp.o
[239/1203] Building CXX object lib/CodeGen/CMakeFiles/LLVMCodeGen.dir/LiveDebugVariables.cpp.o
[240/1203] Building CXX object lib/CodeGen/CMakeFiles/LLVMCodeGen.dir/KCFI.cpp.o
[241/1203] Building CXX object lib/CodeGen/CMakeFiles/LLVMCodeGen.dir/LiveRangeEdit.cpp.o
[242/1203] Building CXX object lib/CodeGen/CMakeFiles/LLVMCodeGen.dir/LiveRangeShrink.cpp.o
[243/1203] Building CXX object lib/CodeGen/CMakeFiles/LLVMCodeGen.dir/LatencyPriorityQueue.cpp.o
[244/1203] Building CXX object lib/CodeGen/CMakeFiles/LLVMCodeGen.dir/LoopTraversal.cpp.o
[245/1203] Building CXX object lib/CodeGen/CMakeFiles/LLVMCodeGen.dir/LiveRegUnits.cpp.o
[246/1203] Building CXX object lib/CodeGen/CMakeFiles/LLVMCodeGen.dir/LiveVariables.cpp.o
[247/1203] Building CXX object lib/CodeGen/CMakeFiles/LLVMCodeGen.dir/InterleavedAccessPass.cpp.o
[248/1203] Building CXX object lib/CodeGen/CMakeFiles/LLVMCodeGen.dir/LiveStacks.cpp.o
[249/1203] Building CXX object lib/CodeGen/CMakeFiles/LLVMCodeGen.dir/InterleavedLoadCombinePass.cpp.o
[250/1203] Building CXX object lib/CodeGen/CMakeFiles/LLVMCodeGen.dir/LocalStackSlotAllocation.cpp.o
[251/1203] Building CXX object lib/CodeGen/CMakeFiles/LLVMCodeGen.dir/MachineBlockHashInfo.cpp.o
[252/1203] Building CXX object lib/CodeGen/CMakeFiles/LLVMCodeGen.dir/LowerEmuTLS.cpp.o
[253/1203] Building CXX object lib/CodeGen/CMakeFiles/LLVMCodeGen.dir/MachineBranchProbabilityInfo.cpp.o
[254/1203] Building CXX object lib/CodeGen/CMakeFiles/LLVMCodeGen.dir/MachineBlockFrequencyInfo.cpp.o
[255/1203] Building CXX object lib/CodeGen/CMakeFiles/LLVMCodeGen.dir/MachineCFGPrinter.cpp.o
[256/1203] Building CXX object lib/CodeGen/CMakeFiles/LLVMCodeGen.dir/MachineCombiner.cpp.o
[257/1203] Building CXX object lib/CodeGen/CMakeFiles/LLVMCodeGen.dir/MachineCSE.cpp.o
[258/1203] Building CXX object lib/CodeGen/CMakeFiles/LLVMCodeGen.dir/MachineCopyPropagation.cpp.o
[259/1203] Building CXX object lib/CodeGen/CMakeFiles/LLVMCodeGen.dir/MachineDominators.cpp.o
[260/1203] Building CXX object lib/CodeGen/CMakeFiles/LLVMCodeGen.dir/MachineCycleAnalysis.cpp.o
[261/1203] Building CXX object lib/CodeGen/CMakeFiles/LLVMCodeGen.dir/MachineCheckDebugify.cpp.o
[262/1203] Building CXX object lib/CodeGen/CMakeFiles/LLVMCodeGen.dir/MachineDominanceFrontier.cpp.o
[263/1203] Building CXX object lib/CodeGen/CMakeFiles/LLVMCodeGen.dir/MachineDomTreeUpdater.cpp.o
[264/1203] Building CXX object lib/CodeGen/CMakeFiles/LLVMCodeGen.dir/MachineFrameInfo.cpp.o
[265/1203] Building CXX object lib/CodeGen/CMakeFiles/LLVMCodeGen.dir/MachineConvergenceVerifier.cpp.o
[266/1203] Building CXX object lib/CodeGen/CMakeFiles/LLVMCodeGen.dir/MachineIDFSSAUpdater.cpp.o
[267/1203] Building CXX object lib/CodeGen/CMakeFiles/LLVMCodeGen.dir/MachineLateInstrsCleanup.cpp.o
[268/1203] Building CXX object lib/CodeGen/CMakeFiles/LLVMCodeGen.dir/MachineDebugify.cpp.o
[269/1203] Building CXX object lib/CodeGen/CMakeFiles/LLVMCodeGen.dir/MachineBasicBlock.cpp.o
[270/1203] Building CXX object lib/CodeGen/CMakeFiles/LLVMCodeGen.dir/MachineFunctionPrinterPass.cpp.o
[271/1203] Building CXX object lib/CodeGen/CMakeFiles/LLVMCodeGen.dir/MachineInstrBundle.cpp.o
[272/1203] Building CXX object lib/CodeGen/CMakeFiles/LLVMCodeGen.dir/MachineLoopInfo.cpp.o
[273/1203] Building CXX object lib/CodeGen/CMakeFiles/LLVMCodeGen.dir/MachineLoopUtils.cpp.o
[274/1203] Building CXX object lib/CodeGen/CMakeFiles/LLVMCodeGen.dir/MachineBlockPlacement.cpp.o
[275/1203] Building CXX object lib/CodeGen/CMakeFiles/LLVMCodeGen.dir/MachineFunctionSplitter.cpp.o
[276/1203] Building CXX object lib/CodeGen/CMakeFiles/LLVMCodeGen.dir/MachineInstr.cpp.o
[277/1203] Building CXX object lib/CodeGen/CMakeFiles/LLVMCodeGen.dir/CodeGenTargetMachineImpl.cpp.o
[278/1203] Building CXX object lib/CodeGen/CMakeFiles/LLVMCodeGen.dir/MachineFunctionPass.cpp.o
[279/1203] Building CXX object lib/CodeGen/CMakeFiles/LLVMCodeGen.dir/MachineModuleInfoImpls.cpp.o
[280/1203] Building CXX object lib/CodeGen/CMakeFiles/LLVMCodeGen.dir/MachineModuleInfo.cpp.o
[281/1203] Building CXX object lib/CodeGen/CMakeFiles/LLVMCodeGen.dir/MachinePostDominators.cpp.o
[282/1203] Building CXX object lib/CodeGen/CMakeFiles/LLVMCodeGen.dir/MachineModuleSlotTracker.cpp.o
[283/1203] Building CXX object lib/CodeGen/CMakeFiles/LLVMCodeGen.dir/MachineOperand.cpp.o
[284/1203] Building CXX object lib/CodeGen/CMakeFiles/LLVMCodeGen.dir/MachineFunction.cpp.o
[285/1203] Building CXX object lib/CodeGen/CMakeFiles/LLVMCodeGen.dir/MachineRegisterInfo.cpp.o
[286/1203] Building CXX object lib/CodeGen/CMakeFiles/LLVMCodeGen.dir/MachineOptimizationRemarkEmitter.cpp.o
[287/1203] Building CXX object lib/CodeGen/CMakeFiles/LLVMCodeGen.dir/MachineLICM.cpp.o
[288/1203] Building CXX object lib/CodeGen/CMakeFiles/LLVMCodeGen.dir/MachineRegionInfo.cpp.o
[289/1203] Building CXX object lib/CodeGen/CMakeFiles/LLVMCodeGen.dir/MachineSizeOpts.cpp.o
[290/1203] Building CXX object lib/CodeGen/CMakeFiles/LLVMCodeGen.dir/MachineSSAContext.cpp.o
[291/1203] Building CXX object lib/CodeGen/CMakeFiles/LLVMCodeGen.dir/MachineSSAUpdater.cpp.o
[292/1203] Building CXX object lib/CodeGen/CMakeFiles/LLVMCodeGen.dir/MachineOutliner.cpp.o
[293/1203] Building CXX object lib/CodeGen/CMakeFiles/LLVMCodeGen.dir/MachineTraceMetrics.cpp.o
[294/1203] Building CXX object lib/CodeGen/CMakeFiles/LLVMCodeGen.dir/MIRYamlMapping.cpp.o
[295/1203] Building CXX object lib/CodeGen/CMakeFiles/LLVMCodeGen.dir/MachinePassManager.cpp.o
[296/1203] Building CXX object lib/CodeGen/CMakeFiles/LLVMCodeGen.dir/MachineStripDebug.cpp.o
[297/1203] Building CXX object lib/CodeGen/CMakeFiles/LLVMCodeGen.dir/PatchableFunction.cpp.o
[298/1203] Building CXX object lib/CodeGen/CMakeFiles/LLVMCodeGen.dir/MachineSink.cpp.o
[299/1203] Building CXX object lib/CodeGen/CMakeFiles/LLVMCodeGen.dir/MachinePipeliner.cpp.o
[300/1203] Building CXX object lib/CodeGen/CMakeFiles/LLVMCodeGen.dir/MBFIWrapper.cpp.o
[301/1203] Building CXX object lib/CodeGen/CMakeFiles/LLVMCodeGen.dir/MachineUniformityAnalysis.cpp.o
[302/1203] Building CXX object lib/CodeGen/CMakeFiles/LLVMCodeGen.dir/MIRFSDiscriminator.cpp.o
[303/1203] Building CXX object lib/CodeGen/CMakeFiles/LLVMCodeGen.dir/MLRegAllocPriorityAdvisor.cpp.o
[304/1203] Building CXX object lib/CodeGen/CMakeFiles/LLVMCodeGen.dir/ModuloSchedule.cpp.o
[305/1203] Building CXX object lib/CodeGen/CMakeFiles/LLVMCodeGen.dir/MIRSampleProfile.cpp.o
[306/1203] Building CXX object lib/CodeGen/CMakeFiles/LLVMCodeGen.dir/MLRegAllocEvictAdvisor.cpp.o
[307/1203] Building CXX object lib/CodeGen/CMakeFiles/LLVMCodeGen.dir/MachineScheduler.cpp.o
[308/1203] Building CXX object lib/CodeGen/CMakeFiles/LLVMCodeGen.dir/MachineVerifier.cpp.o
[309/1203] Building CXX object lib/CodeGen/CMakeFiles/LLVMCodeGen.dir/PostRAHazardRecognizer.cpp.o
[310/1203] Building CXX object lib/CodeGen/CMakeFiles/LLVMCodeGen.dir/MIR2Vec.cpp.o
[311/1203] Building CXX object lib/CodeGen/CMakeFiles/LLVMCodeGen.dir/PeepholeOptimizer.cpp.o
[312/1203] Building CXX object lib/CodeGen/CMakeFiles/LLVMCodeGen.dir/MIRPrinter.cpp.o
[313/1203] Building CXX object lib/CodeGen/CMakeFiles/LLVMCodeGen.dir/PHIEliminationUtils.cpp.o
[314/1203] Building CXX object lib/CodeGen/CMakeFiles/LLVMCodeGen.dir/PHIElimination.cpp.o
[315/1203] Building CXX object lib/CodeGen/CMakeFiles/LLVMCodeGen.dir/OptimizePHIs.cpp.o
[316/1203] Building CXX object lib/CodeGen/CMakeFiles/LLVMCodeGen.dir/MIRPrintingPass.cpp.o
[317/1203] Building CXX object lib/CodeGen/CMakeFiles/LLVMCodeGen.dir/MacroFusion.cpp.o
[318/1203] Building CXX object lib/CodeGen/CMakeFiles/LLVMCodeGen.dir/PseudoSourceValue.cpp.o
[319/1203] Building CXX object lib/CodeGen/CMakeFiles/LLVMCodeGen.dir/ProcessImplicitDefs.cpp.o
[320/1203] Building CXX object lib/CodeGen/CMakeFiles/LLVMCodeGen.dir/RDFLiveness.cpp.o
[321/1203] Building CXX object lib/CodeGen/CMakeFiles/LLVMCodeGen.dir/RDFRegisters.cpp.o
[322/1203] Building CXX object lib/CodeGen/CMakeFiles/LLVMCodeGen.dir/PostRASchedulerList.cpp.o
[323/1203] Building CXX object lib/CodeGen/CMakeFiles/LLVMCodeGen.dir/RegAllocBasic.cpp.o
[324/1203] Building CXX object lib/CodeGen/CMakeFiles/LLVMCodeGen.dir/RegisterClassInfo.cpp.o
[325/1203] Building CXX object lib/CodeGen/CMakeFiles/LLVMCodeGen.dir/RegAllocScore.cpp.o
[326/1203] Building CXX object lib/CodeGen/CMakeFiles/LLVMCodeGen.dir/PseudoProbeInserter.cpp.o
[327/1203] Building CXX object lib/CodeGen/CMakeFiles/LLVMCodeGen.dir/RegAllocPriorityAdvisor.cpp.o
[328/1203] Building CXX object lib/CodeGen/CMakeFiles/LLVMCodeGen.dir/PrologEpilogInserter.cpp.o
[329/1203] Building CXX object lib/CodeGen/CMakeFiles/LLVMCodeGen.dir/RDFGraph.cpp.o
[330/1203] Building CXX object lib/CodeGen/CMakeFiles/LLVMCodeGen.dir/ReachingDefAnalysis.cpp.o
[331/1203] Building CXX object lib/CodeGen/CMakeFiles/LLVMCodeGen.dir/RegAllocBase.cpp.o
[332/1203] Building CXX object lib/CodeGen/CMakeFiles/LLVMCodeGen.dir/RegAllocPBQP.cpp.o
[333/1203] Building CXX object lib/CodeGen/CMakeFiles/LLVMCodeGen.dir/RegisterPressure.cpp.o
[334/1203] Building CXX object lib/CodeGen/CMakeFiles/LLVMCodeGen.dir/RegisterCoalescer.cpp.o
[335/1203] Building CXX object lib/CodeGen/CMakeFiles/LLVMCodeGen.dir/RegAllocEvictionAdvisor.cpp.o
[336/1203] Building CXX object lib/CodeGen/CMakeFiles/LLVMCodeGen.dir/Rematerializer.cpp.o
[337/1203] Building CXX object lib/CodeGen/CMakeFiles/LLVMCodeGen.dir/RegisterScavenging.cpp.o
[338/1203] Building CXX object lib/CodeGen/CMakeFiles/LLVMCodeGen.dir/GCEmptyBasicBlocks.cpp.o
[339/1203] Building CXX object lib/CodeGen/CMakeFiles/LLVMCodeGen.dir/RenameIndependentSubregs.cpp.o
[340/1203] Building CXX object lib/CodeGen/CMakeFiles/LLVMCodeGen.dir/RegAllocGreedy.cpp.o
[341/1203] Building CXX object lib/CodeGen/CMakeFiles/LLVMCodeGen.dir/RegAllocFast.cpp.o
[342/1203] Building CXX object lib/CodeGen/CMakeFiles/LLVMCodeGen.dir/MIRNamerPass.cpp.o
[343/1203] Building CXX object lib/CodeGen/CMakeFiles/LLVMCodeGen.dir/MachineStableHash.cpp.o
[344/1203] Building CXX object lib/CodeGen/CMakeFiles/LLVMCodeGen.dir/RemoveRedundantDebugValues.cpp.o
[345/1203] Building CXX object lib/CodeGen/CMakeFiles/LLVMCodeGen.dir/PreISelIntrinsicLowering.cpp.o
[346/1203] Building CXX object lib/CodeGen/CMakeFiles/LLVMCodeGen.dir/MIRVRegNamerUtils.cpp.o
[347/1203] Building CXX object lib/CodeGen/CMakeFiles/LLVMCodeGen.dir/RegUsageInfoCollector.cpp.o
[348/1203] Building CXX object lib/CodeGen/CMakeFiles/LLVMCodeGen.dir/MIRCanonicalizerPass.cpp.o
[349/1203] Building CXX object lib/CodeGen/CMakeFiles/LLVMCodeGen.dir/RegisterBankInfo.cpp.o
[350/1203] Building CXX object lib/CodeGen/CMakeFiles/LLVMCodeGen.dir/ReplaceWithVeclib.cpp.o
[351/1203] Building CXX object lib/CodeGen/CMakeFiles/LLVMCodeGen.dir/RegisterBank.cpp.o
[352/1203] Building CXX object lib/CodeGen/CMakeFiles/LLVMCodeGen.dir/RegUsageInfoPropagate.cpp.o
[353/1203] Building CXX object lib/CodeGen/CMakeFiles/LLVMCodeGen.dir/RemoveLoadsIntoFakeUses.cpp.o
[354/1203] Building CXX object lib/CodeGen/CMakeFiles/LLVMCodeGen.dir/RegisterUsageInfo.cpp.o
[355/1203] Building CXX object lib/CodeGen/CMakeFiles/LLVMCodeGen.dir/ResetMachineFunctionPass.cpp.o
[356/1203] Building CXX object lib/CodeGen/CMakeFiles/LLVMCodeGen.dir/SlotIndexes.cpp.o
[357/1203] Building CXX object lib/CodeGen/CMakeFiles/LLVMCodeGen.dir/ShadowStackGCLowering.cpp.o
[358/1203] Building CXX object lib/CodeGen/CMakeFiles/LLVMCodeGen.dir/StackMapLivenessAnalysis.cpp.o
[359/1203] Building X86GenFastISel.inc...
[360/1203] Building CXX object lib/CodeGen/CMakeFiles/LLVMCodeGen.dir/SpillPlacement.cpp.o
[361/1203] Building CXX object lib/CodeGen/CMakeFiles/LLVMCodeGen.dir/SplitKit.cpp.o
[362/1203] Building CXX object lib/CodeGen/CMakeFiles/LLVMCodeGen.dir/SjLjEHPrepare.cpp.o
[363/1203] Building CXX object lib/CodeGen/CMakeFiles/LLVMCodeGen.dir/SanitizerBinaryMetadata.cpp.o
[364/1203] Building CXX object lib/CodeGen/CMakeFiles/LLVMCodeGen.dir/ScheduleDAGInstrs.cpp.o
[365/1203] Building CXX object lib/CodeGen/CMakeFiles/LLVMCodeGen.dir/ScoreboardHazardRecognizer.cpp.o
[366/1203] Building CXX object lib/CodeGen/CMakeFiles/LLVMCodeGen.dir/ScheduleDAGPrinter.cpp.o
[367/1203] Building CXX object lib/CodeGen/CMakeFiles/LLVMCodeGen.dir/StaticDataAnnotator.cpp.o
[368/1203] Building CXX object lib/CodeGen/CMakeFiles/LLVMCodeGen.dir/StackSlotColoring.cpp.o
[369/1203] Building CXX object lib/CodeGen/CMakeFiles/LLVMCodeGen.dir/StackColoring.cpp.o
[370/1203] Building CXX object lib/CodeGen/CMakeFiles/LLVMCodeGen.dir/ScheduleDAG.cpp.o
[371/1203] Building CXX object lib/CodeGen/CMakeFiles/LLVMCodeGen.dir/StackFrameLayoutAnalysisPass.cpp.o
[372/1203] Building CXX object lib/CodeGen/CMakeFiles/LLVMCodeGen.dir/StaticDataSplitter.cpp.o
[373/1203] Building CXX object lib/CodeGen/CMakeFiles/LLVMCodeGen.dir/TailDuplication.cpp.o
[374/1203] Building CXX object lib/CodeGen/CMakeFiles/LLVMCodeGen.dir/SelectOptimize.cpp.o
[375/1203] Building CXX object lib/CodeGen/CMakeFiles/LLVMCodeGen.dir/SafeStack.cpp.o
[376/1203] Building CXX object lib/CodeGen/CMakeFiles/LLVMCodeGen.dir/StackMaps.cpp.o
[377/1203] Building CXX object lib/CodeGen/CMakeFiles/LLVMCodeGen.dir/ShrinkWrap.cpp.o
[378/1203] Building CXX object lib/CodeGen/CMakeFiles/LLVMCodeGen.dir/TailDuplicator.cpp.o
[379/1203] Building CXX object lib/CodeGen/CMakeFiles/LLVMCodeGen.dir/StackProtector.cpp.o
[380/1203] Building CXX object lib/CodeGen/CMakeFiles/LLVMCodeGen.dir/TargetOptionsImpl.cpp.o
[381/1203] Building CXX object lib/CodeGen/CMakeFiles/LLVMCodeGen.dir/TargetFrameLoweringImpl.cpp.o
[382/1203] Building CXX object lib/CodeGen/CMakeFiles/LLVMCodeGen.dir/TargetSchedule.cpp.o
[383/1203] Building CXX object lib/CodeGen/CMakeFiles/LLVMCodeGen.dir/SwiftErrorValueTracking.cpp.o
[384/1203] Building CXX object lib/CodeGen/CMakeFiles/LLVMCodeGen.dir/TargetRegisterInfo.cpp.o
[385/1203] Building CXX object lib/CodeGen/CMakeFiles/LLVMCodeGen.dir/UnreachableBlockElim.cpp.o
[386/1203] Building CXX object lib/CodeGen/CMakeFiles/LLVMCodeGen.dir/VirtRegMap.cpp.o
[387/1203] Building CXX object lib/CodeGen/CMakeFiles/LLVMCodeGen.dir/TargetInstrInfo.cpp.o
[388/1203] Building CXX object lib/CodeGen/CMakeFiles/LLVMCodeGen.dir/TwoAddressInstructionPass.cpp.o
[389/1203] Building CXX object lib/CodeGen/CMakeFiles/LLVMCodeGen.dir/WinEHPrepare.cpp.o
[390/1203] Building CXX object lib/CodeGen/CMakeFiles/LLVMCodeGen.dir/SwitchLoweringUtils.cpp.o
[391/1203] Building CXX object lib/CodeGen/CMakeFiles/LLVMCodeGen.dir/WindowsSecureHotPatching.cpp.o
[392/1203] Building CXX object lib/CodeGen/CMakeFiles/LLVMCodeGen.dir/TargetLoweringObjectFileImpl.cpp.o
[393/1203] Building CXX object lib/CodeGen/CMakeFiles/LLVMCodeGen.dir/TargetPassConfig.cpp.o
[394/1203] Building CXX object lib/CodeGen/CMakeFiles/LLVMCodeGen.dir/WasmEHPrepare.cpp.o
[395/1203] Building CXX object lib/CodeGen/CMakeFiles/LLVMCodeGen.dir/XRayInstrumentation.cpp.o
[396/1203] Building CXX object lib/CodeGen/CMakeFiles/LLVMCodeGen.dir/LiveDebugValues/LiveDebugValues.cpp.o
[397/1203] Building CXX object lib/CodeGen/CMakeFiles/LLVMCodeGen.dir/TargetLoweringBase.cpp.o
[398/1203] Building CXX object lib/CodeGen/CMakeFiles/LLVMCodeGen.dir/TypePromotion.cpp.o
[399/1203] Building CXX object lib/CodeGen/CMakeFiles/LLVMCodeGen.dir/LiveDebugValues/VarLocBasedImpl.cpp.o
[400/1203] Building CXX object lib/CodeGen/CMakeFiles/LLVMCodeGen.dir/VLIWMachineScheduler.cpp.o
[401/1203] Building CXX object lib/CodeGen/CMakeFiles/LLVMCodeGen.dir/LiveDebugValues/InstrRefBasedImpl.cpp.o
[402/1203] Building CXX object lib/CodeGen/CMakeFiles/LLVMCodeGen.dir/WindowScheduler.cpp.o
[403/1203] Building CXX object lib/CodeGen/SelectionDAG/CMakeFiles/LLVMSelectionDAG.dir/LegalizeFloatTypes.cpp.o
[404/1203] Building CXX object lib/CodeGen/SelectionDAG/CMakeFiles/LLVMSelectionDAG.dir/InstrEmitter.cpp.o
[405/1203] Building CXX object lib/CodeGen/SelectionDAG/CMakeFiles/LLVMSelectionDAG.dir/FastISel.cpp.o
[406/1203] Building CXX object lib/CodeGen/SelectionDAG/CMakeFiles/LLVMSelectionDAG.dir/LegalizeTypes.cpp.o
[407/1203] Building CXX object lib/CodeGen/SelectionDAG/CMakeFiles/LLVMSelectionDAG.dir/LegalizeTypesGeneric.cpp.o
[408/1203] Building CXX object lib/CodeGen/SelectionDAG/CMakeFiles/LLVMSelectionDAG.dir/SDNodeInfo.cpp.o
[409/1203] Building CXX object lib/CodeGen/SelectionDAG/CMakeFiles/LLVMSelectionDAG.dir/LegalizeVectorOps.cpp.o
[410/1203] Building CXX object lib/CodeGen/SelectionDAG/CMakeFiles/LLVMSelectionDAG.dir/LegalizeVectorTypes.cpp.o
[411/1203] Building CXX object lib/CodeGen/SelectionDAG/CMakeFiles/LLVMSelectionDAG.dir/DAGCombiner.cpp.o
[412/1203] Building CXX object lib/CodeGen/SelectionDAG/CMakeFiles/LLVMSelectionDAG.dir/SelectionDAGTargetInfo.cpp.o
[413/1203] Building CXX object lib/CodeGen/SelectionDAG/CMakeFiles/LLVMSelectionDAG.dir/ScheduleDAGFast.cpp.o
[414/1203] Building CXX object lib/CodeGen/SelectionDAG/CMakeFiles/LLVMSelectionDAG.dir/ResourcePriorityQueue.cpp.o
[415/1203] Building CXX object lib/CodeGen/SelectionDAG/CMakeFiles/LLVMSelectionDAG.dir/FunctionLoweringInfo.cpp.o
[416/1203] Building CXX object lib/CodeGen/SelectionDAG/CMakeFiles/LLVMSelectionDAG.dir/ScheduleDAGVLIW.cpp.o
[417/1203] Building CXX object lib/CodeGen/SelectionDAG/CMakeFiles/LLVMSelectionDAG.dir/SelectionDAGAddressAnalysis.cpp.o
[418/1203] Building CXX object lib/CodeGen/SelectionDAG/CMakeFiles/LLVMSelectionDAG.dir/LegalizeIntegerTypes.cpp.o
[419/1203] Building X86GenGlobalISel.inc...
[420/1203] Building CXX object lib/CodeGen/SelectionDAG/CMakeFiles/LLVMSelectionDAG.dir/LegalizeDAG.cpp.o
[421/1203] Building CXX object lib/CodeGen/SelectionDAG/CMakeFiles/LLVMSelectionDAG.dir/ScheduleDAGRRList.cpp.o
[422/1203] Building CXX object lib/CodeGen/SelectionDAG/CMakeFiles/LLVMSelectionDAG.dir/SelectionDAGPrinter.cpp.o
[423/1203] Building CXX object lib/CodeGen/SelectionDAG/CMakeFiles/LLVMSelectionDAG.dir/StatepointLowering.cpp.o
[424/1203] Building CXX object lib/CodeGen/SelectionDAG/CMakeFiles/LLVMSelectionDAG.dir/ScheduleDAGSDNodes.cpp.o
[425/1203] Building CXX object lib/CodeGen/SelectionDAG/CMakeFiles/LLVMSelectionDAG.dir/SelectionDAGBuilder.cpp.o
[426/1203] Building CXX object lib/CodeGen/AsmPrinter/CMakeFiles/LLVMAsmPrinter.dir/AddressPool.cpp.o
[427/1203] Building CXX object lib/CodeGen/AsmPrinter/CMakeFiles/LLVMAsmPrinter.dir/AccelTable.cpp.o
[428/1203] Building CXX object lib/CodeGen/SelectionDAG/CMakeFiles/LLVMSelectionDAG.dir/SelectionDAGDumper.cpp.o
[429/1203] Building CXX object lib/CodeGen/AsmPrinter/CMakeFiles/LLVMAsmPrinter.dir/AIXException.cpp.o
[430/1203] Building CXX object lib/CodeGen/AsmPrinter/CMakeFiles/LLVMAsmPrinter.dir/DwarfCFIException.cpp.o
[431/1203] Building CXX object lib/CodeGen/AsmPrinter/CMakeFiles/LLVMAsmPrinter.dir/ARMException.cpp.o
[432/1203] Building CXX object lib/CodeGen/AsmPrinter/CMakeFiles/LLVMAsmPrinter.dir/AsmPrinterInlineAsm.cpp.o
[433/1203] Building CXX object lib/CodeGen/SelectionDAG/CMakeFiles/LLVMSelectionDAG.dir/SelectionDAG.cpp.o
[434/1203] Building CXX object lib/CodeGen/AsmPrinter/CMakeFiles/LLVMAsmPrinter.dir/AsmPrinterDwarf.cpp.o
[435/1203] Building CXX object lib/CodeGen/SelectionDAG/CMakeFiles/LLVMSelectionDAG.dir/SelectionDAGISel.cpp.o
[436/1203] Building CXX object lib/CodeGen/AsmPrinter/CMakeFiles/LLVMAsmPrinter.dir/DIEHash.cpp.o
[437/1203] Building CXX object lib/CodeGen/AsmPrinter/CMakeFiles/LLVMAsmPrinter.dir/DebugHandlerBase.cpp.o
[438/1203] Building CXX object lib/CodeGen/AsmPrinter/CMakeFiles/LLVMAsmPrinter.dir/DIE.cpp.o
[439/1203] Building CXX object lib/CodeGen/SelectionDAG/CMakeFiles/LLVMSelectionDAG.dir/TargetLowering.cpp.o
[440/1203] Building CXX object lib/CodeGen/AsmPrinter/CMakeFiles/LLVMAsmPrinter.dir/DebugLocStream.cpp.o
[441/1203] Building CXX object lib/CodeGen/AsmPrinter/CMakeFiles/LLVMAsmPrinter.dir/DwarfFile.cpp.o
[442/1203] Building CXX object lib/CodeGen/AsmPrinter/CMakeFiles/LLVMAsmPrinter.dir/DbgEntityHistoryCalculator.cpp.o
[443/1203] Building CXX object lib/CodeGen/AsmPrinter/CMakeFiles/LLVMAsmPrinter.dir/EHStreamer.cpp.o
[444/1203] Building CXX object lib/CodeGen/AsmPrinter/CMakeFiles/LLVMAsmPrinter.dir/DwarfCompileUnit.cpp.o
[445/1203] Building CXX object lib/CodeGen/AsmPrinter/CMakeFiles/LLVMAsmPrinter.dir/DwarfExpression.cpp.o
In file included from /usr/include/c++/13/cassert:44,
                 from /home/jtuyls/iree-ai/llvm-aie-port/llvm/include/llvm/MC/MCContext.h:35,
                 from /home/jtuyls/iree-ai/llvm-aie-port/llvm/lib/CodeGen/AsmPrinter/DwarfExpression.cpp:21:
/home/jtuyls/iree-ai/llvm-aie-port/llvm/lib/CodeGen/AsmPrinter/DwarfExpression.cpp: In member function ‘void llvm::DwarfExpression::addReg(int64_t, const char*)’:
/home/jtuyls/iree-ai/llvm-aie-port/llvm/lib/CodeGen/AsmPrinter/DwarfExpression.cpp:47:67: warning: suggest parentheses around ‘&&’ within ‘||’ [-Wparentheses]
   47 |   assert(ASTRoot || (isUnknownLocation() || isRegisterLocation()) &&
      |                     ~~~~~~~~~~~~~~~~~~~~~~~~~~~~~~~~~~~~~~~~~~~~~~^~
   48 |                         "location description already locked down");
      |                         ~~~~~~~~~~~~~~~~~~~~~~~~~~~~~~~~~~~~~~~~~~ 
[446/1203] Building CXX object lib/CodeGen/AsmPrinter/CMakeFiles/LLVMAsmPrinter.dir/ErlangGCPrinter.cpp.o
[447/1203] Building CXX object lib/CodeGen/AsmPrinter/CMakeFiles/LLVMAsmPrinter.dir/DwarfStringPool.cpp.o
[448/1203] Building CXX object lib/CodeGen/AsmPrinter/CMakeFiles/LLVMAsmPrinter.dir/OcamlGCPrinter.cpp.o
[449/1203] Building CXX object lib/CodeGen/GlobalISel/CMakeFiles/LLVMGlobalISel.dir/CSEInfo.cpp.o
[450/1203] Building CXX object lib/CodeGen/AsmPrinter/CMakeFiles/LLVMAsmPrinter.dir/DwarfUnit.cpp.o
[451/1203] Building CXX object lib/CodeGen/AsmPrinter/CMakeFiles/LLVMAsmPrinter.dir/WinCFGuard.cpp.o
[452/1203] Building CXX object lib/CodeGen/AsmPrinter/CMakeFiles/LLVMAsmPrinter.dir/DwarfDebug.cpp.o
[453/1203] Building CXX object lib/CodeGen/AsmPrinter/CMakeFiles/LLVMAsmPrinter.dir/WasmException.cpp.o
[454/1203] Building CXX object lib/CodeGen/MIRParser/CMakeFiles/LLVMMIRParser.dir/MIParser.cpp.o
[455/1203] Building CXX object lib/CodeGen/AsmPrinter/CMakeFiles/LLVMAsmPrinter.dir/PseudoProbePrinter.cpp.o
[456/1203] Building CXX object lib/CodeGen/MIRParser/CMakeFiles/LLVMMIRParser.dir/MIRParser.cpp.o
[457/1203] Building CXX object lib/CodeGen/GlobalISel/CMakeFiles/LLVMGlobalISel.dir/GIMatchTableExecutor.cpp.o
[458/1203] Building CXX object lib/CodeGen/GlobalISel/CMakeFiles/LLVMGlobalISel.dir/GISelChangeObserver.cpp.o
[459/1203] Building CXX object lib/CodeGen/AsmPrinter/CMakeFiles/LLVMAsmPrinter.dir/WinException.cpp.o
[460/1203] Building CXX object lib/CodeGen/GlobalISel/CMakeFiles/LLVMGlobalISel.dir/LegalizerInfo.cpp.o
[461/1203] Building CXX object lib/CodeGen/GlobalISel/CMakeFiles/LLVMGlobalISel.dir/InstructionSelector.cpp.o
[462/1203] Building CXX object lib/CodeGen/GlobalISel/CMakeFiles/LLVMGlobalISel.dir/CombinerHelperCasts.cpp.o
[463/1203] Building CXX object lib/CodeGen/GlobalISel/CMakeFiles/LLVMGlobalISel.dir/CombinerHelperCompares.cpp.o
[464/1203] Building CXX object lib/CodeGen/GlobalISel/CMakeFiles/LLVMGlobalISel.dir/LostDebugLocObserver.cpp.o
[465/1203] Building CXX object lib/CodeGen/AsmPrinter/CMakeFiles/LLVMAsmPrinter.dir/CodeViewDebug.cpp.o
[466/1203] Building CXX object lib/CodeGen/GlobalISel/CMakeFiles/LLVMGlobalISel.dir/CombinerHelperArtifacts.cpp.o
[467/1203] Building CXX object lib/CodeGen/GlobalISel/CMakeFiles/LLVMGlobalISel.dir/CSEMIRBuilder.cpp.o
[468/1203] Building CXX object lib/CodeGen/GlobalISel/CMakeFiles/LLVMGlobalISel.dir/CombinerHelperVectorOps.cpp.o
[469/1203] Building CXX object lib/CodeGen/GlobalISel/CMakeFiles/LLVMGlobalISel.dir/InlineAsmLowering.cpp.o
[470/1203] Building CXX object lib/CodeGen/GlobalISel/CMakeFiles/LLVMGlobalISel.dir/Combiner.cpp.o
[471/1203] Building CXX object lib/CodeGen/GlobalISel/CMakeFiles/LLVMGlobalISel.dir/GISelValueTracking.cpp.o
[472/1203] Building CXX object lib/CodeGen/GlobalISel/CMakeFiles/LLVMGlobalISel.dir/LoadStoreOpt.cpp.o
[473/1203] Building CXX object lib/CodeGen/GlobalISel/CMakeFiles/LLVMGlobalISel.dir/MachineFloatingPointPredicateUtils.cpp.o
[474/1203] Building CXX object lib/CodeGen/GlobalISel/CMakeFiles/LLVMGlobalISel.dir/CallLowering.cpp.o
[475/1203] Building CXX object lib/Frontend/HLSL/CMakeFiles/LLVMFrontendHLSL.dir/RootSignatureMetadata.cpp.o
[476/1203] Building CXX object lib/Frontend/Atomic/CMakeFiles/LLVMFrontendAtomic.dir/Atomic.cpp.o
[477/1203] Building CXX object lib/CodeGen/GlobalISel/CMakeFiles/LLVMGlobalISel.dir/Legalizer.cpp.o
[478/1203] Building CXX object lib/CodeGen/GlobalISel/CMakeFiles/LLVMGlobalISel.dir/InstructionSelect.cpp.o
[479/1203] Building CXX object lib/Bitcode/Reader/CMakeFiles/LLVMBitReader.dir/MetadataLoader.cpp.o
[480/1203] Building CXX object lib/CodeGen/GlobalISel/CMakeFiles/LLVMGlobalISel.dir/CombinerHelper.cpp.o
[481/1203] Building CXX object lib/Bitcode/Writer/CMakeFiles/LLVMBitWriter.dir/ValueEnumerator.cpp.o
[482/1203] Building CXX object lib/Bitcode/Reader/CMakeFiles/LLVMBitReader.dir/BitcodeReader.cpp.o
[483/1203] Building CXX object lib/CodeGen/GlobalISel/CMakeFiles/LLVMGlobalISel.dir/LegalizerHelper.cpp.o
[484/1203] Building CXX object lib/Transforms/Utils/CMakeFiles/LLVMTransformUtils.dir/AMDGPUEmitPrintf.cpp.o
[485/1203] Building CXX object lib/Frontend/Offloading/CMakeFiles/LLVMFrontendOffloading.dir/OffloadWrapper.cpp.o
[486/1203] Building CXX object lib/CodeGen/GlobalISel/CMakeFiles/LLVMGlobalISel.dir/Localizer.cpp.o
[487/1203] Building CXX object lib/Bitcode/Writer/CMakeFiles/LLVMBitWriter.dir/BitcodeWriter.cpp.o
[488/1203] Building CXX object lib/Frontend/OpenMP/CMakeFiles/LLVMFrontendOpenMP.dir/OMP.cpp.o
In file included from /home/jtuyls/iree-ai/llvm-aie-port/llvm/include/llvm/Frontend/OpenMP/OMP.h:16,
                 from /home/jtuyls/iree-ai/llvm-aie-port/llvm/lib/Frontend/OpenMP/OMP.cpp:9:
/home/jtuyls/iree-ai/llvm-aie-port/build/include/llvm/Frontend/OpenMP/OMP.h.inc: In function ‘constexpr llvm::omp::Association llvm::omp::getDirectiveAssociation(Directive)’:
/home/jtuyls/iree-ai/llvm-aie-port/build/include/llvm/Frontend/OpenMP/OMP.h.inc:959:1: warning: control reaches end of non-void function [-Wreturn-type]
  959 | }
      | ^
[489/1203] Building CXX object lib/Transforms/Utils/CMakeFiles/LLVMTransformUtils.dir/AddDiscriminators.cpp.o
[490/1203] Building CXX object lib/Transforms/Utils/CMakeFiles/LLVMTransformUtils.dir/BypassSlowDivision.cpp.o
[491/1203] Building CXX object lib/CodeGen/GlobalISel/CMakeFiles/LLVMGlobalISel.dir/RegBankSelect.cpp.o
[492/1203] Building CXX object lib/Transforms/Utils/CMakeFiles/LLVMTransformUtils.dir/BasicBlockUtils.cpp.o
[493/1203] Building CXX object lib/Transforms/Utils/CMakeFiles/LLVMTransformUtils.dir/AssumeBundleBuilder.cpp.o
[494/1203] Building CXX object lib/CodeGen/GlobalISel/CMakeFiles/LLVMGlobalISel.dir/IRTranslator.cpp.o
[495/1203] Building CXX object lib/Frontend/Offloading/CMakeFiles/LLVMFrontendOffloading.dir/Utility.cpp.o
[496/1203] Building CXX object lib/CodeGen/GlobalISel/CMakeFiles/LLVMGlobalISel.dir/Utils.cpp.o
[497/1203] Building CXX object lib/CodeGen/GlobalISel/CMakeFiles/LLVMGlobalISel.dir/MachineIRBuilder.cpp.o
[498/1203] Building CXX object lib/Transforms/Utils/CMakeFiles/LLVMTransformUtils.dir/CanonicalizeAliases.cpp.o
[499/1203] Building CXX object lib/Transforms/Utils/CMakeFiles/LLVMTransformUtils.dir/BreakCriticalEdges.cpp.o
[500/1203] Building CXX object lib/Transforms/Utils/CMakeFiles/LLVMTransformUtils.dir/CallPromotionUtils.cpp.o
[501/1203] Building CXX object lib/Transforms/Utils/CMakeFiles/LLVMTransformUtils.dir/CallGraphUpdater.cpp.o
[502/1203] Building CXX object lib/Transforms/Utils/CMakeFiles/LLVMTransformUtils.dir/BuildLibCalls.cpp.o
[503/1203] Building CXX object lib/Transforms/Utils/CMakeFiles/LLVMTransformUtils.dir/CtorUtils.cpp.o
[504/1203] Building CXX object lib/Transforms/Utils/CMakeFiles/LLVMTransformUtils.dir/DemoteRegToStack.cpp.o
[505/1203] Building CXX object lib/Transforms/Utils/CMakeFiles/LLVMTransformUtils.dir/ControlFlowUtils.cpp.o
[506/1203] Building CXX object lib/Transforms/Utils/CMakeFiles/LLVMTransformUtils.dir/CodeMoverUtils.cpp.o
[507/1203] Building CXX object lib/Transforms/Utils/CMakeFiles/LLVMTransformUtils.dir/EscapeEnumerator.cpp.o
[508/1203] Building CXX object lib/Transforms/Utils/CMakeFiles/LLVMTransformUtils.dir/DXILUpgrade.cpp.o
[509/1203] Building CXX object lib/Transforms/Utils/CMakeFiles/LLVMTransformUtils.dir/CanonicalizeFreezeInLoops.cpp.o
[510/1203] Building CXX object lib/Transforms/Utils/CMakeFiles/LLVMTransformUtils.dir/CodeExtractor.cpp.o
[511/1203] Building CXX object lib/Transforms/Utils/CMakeFiles/LLVMTransformUtils.dir/Debugify.cpp.o
[512/1203] Building CXX object lib/Frontend/OpenMP/CMakeFiles/LLVMFrontendOpenMP.dir/OMPIRBuilder.cpp.o
[513/1203] Building CXX object lib/Transforms/Utils/CMakeFiles/LLVMTransformUtils.dir/CloneFunction.cpp.o
[514/1203] Building CXX object lib/Transforms/Utils/CMakeFiles/LLVMTransformUtils.dir/EntryExitInstrumenter.cpp.o
[515/1203] Building CXX object lib/Transforms/Utils/CMakeFiles/LLVMTransformUtils.dir/FlattenCFG.cpp.o
[516/1203] Building CXX object lib/Transforms/Utils/CMakeFiles/LLVMTransformUtils.dir/FunctionComparator.cpp.o
[517/1203] Building CXX object lib/Transforms/Utils/CMakeFiles/LLVMTransformUtils.dir/DebugSSAUpdater.cpp.o
[518/1203] Building CXX object lib/Transforms/Utils/CMakeFiles/LLVMTransformUtils.dir/FixIrreducible.cpp.o
[519/1203] Building CXX object lib/Transforms/Utils/CMakeFiles/LLVMTransformUtils.dir/IntegerDivision.cpp.o
[520/1203] Building CXX object lib/Transforms/Utils/CMakeFiles/LLVMTransformUtils.dir/InjectTLIMappings.cpp.o
[521/1203] Building CXX object lib/Transforms/Utils/CMakeFiles/LLVMTransformUtils.dir/Evaluator.cpp.o
[522/1203] Building X86GenDAGISel.inc...
[523/1203] Building CXX object lib/Transforms/Utils/CMakeFiles/LLVMTransformUtils.dir/GlobalStatus.cpp.o
[524/1203] Building CXX object lib/Transforms/Utils/CMakeFiles/LLVMTransformUtils.dir/Instrumentation.cpp.o
[525/1203] Building CXX object lib/Transforms/Utils/CMakeFiles/LLVMTransformUtils.dir/GuardUtils.cpp.o
[526/1203] Building CXX object lib/Transforms/Utils/CMakeFiles/LLVMTransformUtils.dir/IRNormalizer.cpp.o
[527/1203] Building CXX object lib/Transforms/Utils/CMakeFiles/LLVMTransformUtils.dir/InlineFunction.cpp.o
[528/1203] Building CXX object lib/Transforms/Utils/CMakeFiles/LLVMTransformUtils.dir/LibCallsShrinkWrap.cpp.o
[529/1203] Building CXX object lib/Transforms/Utils/CMakeFiles/LLVMTransformUtils.dir/LCSSA.cpp.o
[530/1203] Building CXX object lib/Transforms/Utils/CMakeFiles/LLVMTransformUtils.dir/LowerAtomic.cpp.o
[531/1203] Building CXX object lib/Transforms/Utils/CMakeFiles/LLVMTransformUtils.dir/LoopPeel.cpp.o
[532/1203] Building CXX object lib/Transforms/Utils/CMakeFiles/LLVMTransformUtils.dir/LowerGlobalDtors.cpp.o
[533/1203] Building CXX object lib/Transforms/Utils/CMakeFiles/LLVMTransformUtils.dir/LoopRotationUtils.cpp.o
[534/1203] Building CXX object lib/Transforms/Utils/CMakeFiles/LLVMTransformUtils.dir/LoopSimplify.cpp.o
[535/1203] Building CXX object lib/Transforms/Utils/CMakeFiles/LLVMTransformUtils.dir/LowerVectorIntrinsics.cpp.o
[536/1203] Building CXX object lib/Transforms/Utils/CMakeFiles/LLVMTransformUtils.dir/LowerSwitch.cpp.o
[537/1203] Building CXX object lib/Transforms/Utils/CMakeFiles/LLVMTransformUtils.dir/LoopConstrainer.cpp.o
[538/1203] Building CXX object lib/Transforms/Utils/CMakeFiles/LLVMTransformUtils.dir/Local.cpp.o
[539/1203] Building CXX object lib/Transforms/Utils/CMakeFiles/LLVMTransformUtils.dir/LowerInvoke.cpp.o
[540/1203] Building CXX object lib/Transforms/Utils/CMakeFiles/LLVMTransformUtils.dir/Mem2Reg.cpp.o
[541/1203] Building CXX object lib/Transforms/Utils/CMakeFiles/LLVMTransformUtils.dir/LoopUnrollRuntime.cpp.o
[542/1203] Building CXX object lib/Transforms/Utils/CMakeFiles/LLVMTransformUtils.dir/LoopUnroll.cpp.o
[543/1203] Building CXX object lib/Transforms/Utils/CMakeFiles/LLVMTransformUtils.dir/LoopUnrollAndJam.cpp.o
[544/1203] Building CXX object lib/Transforms/Utils/CMakeFiles/LLVMTransformUtils.dir/LoopVersioning.cpp.o
[545/1203] Building CXX object lib/Transforms/Utils/CMakeFiles/LLVMTransformUtils.dir/MemoryTaggingSupport.cpp.o
[546/1203] Building CXX object lib/Transforms/Utils/CMakeFiles/LLVMTransformUtils.dir/MatrixUtils.cpp.o
[547/1203] Building CXX object lib/Transforms/Utils/CMakeFiles/LLVMTransformUtils.dir/MetaRenamer.cpp.o
[548/1203] Building CXX object lib/Transforms/Utils/CMakeFiles/LLVMTransformUtils.dir/MisExpect.cpp.o
[549/1203] Building CXX object lib/Transforms/Utils/CMakeFiles/LLVMTransformUtils.dir/MemoryOpRemark.cpp.o
[550/1203] Building CXX object lib/Transforms/Utils/CMakeFiles/LLVMTransformUtils.dir/ProfileVerify.cpp.o
[551/1203] Building CXX object lib/Transforms/Utils/CMakeFiles/LLVMTransformUtils.dir/LowerMemIntrinsics.cpp.o
[552/1203] Building CXX object lib/Transforms/Utils/CMakeFiles/LLVMTransformUtils.dir/LoopUtils.cpp.o
[553/1203] Building CXX object lib/Transforms/Utils/CMakeFiles/LLVMTransformUtils.dir/ModuleUtils.cpp.o
[554/1203] Building CXX object lib/Transforms/Utils/CMakeFiles/LLVMTransformUtils.dir/MoveAutoInit.cpp.o
[555/1203] Building CXX object lib/Transforms/Utils/CMakeFiles/LLVMTransformUtils.dir/SanitizerStats.cpp.o
[556/1203] Building CXX object lib/Transforms/Utils/CMakeFiles/LLVMTransformUtils.dir/PredicateInfo.cpp.o
[557/1203] Building CXX object lib/Transforms/Utils/CMakeFiles/LLVMTransformUtils.dir/SplitModuleByCategory.cpp.o
[558/1203] Building CXX object lib/Transforms/Utils/CMakeFiles/LLVMTransformUtils.dir/SSAUpdaterBulk.cpp.o
[559/1203] Building CXX object lib/Transforms/Utils/CMakeFiles/LLVMTransformUtils.dir/SizeOpts.cpp.o
[560/1203] Building CXX object lib/Transforms/Utils/CMakeFiles/LLVMTransformUtils.dir/StripConvergenceIntrinsics.cpp.o
[561/1203] Building CXX object lib/Transforms/Utils/CMakeFiles/LLVMTransformUtils.dir/ScalarEvolutionExpander.cpp.o
[562/1203] Building CXX object lib/Transforms/Utils/CMakeFiles/LLVMTransformUtils.dir/RelLookupTableConverter.cpp.o
[563/1203] Building CXX object lib/Transforms/Utils/CMakeFiles/LLVMTransformUtils.dir/PromoteMemoryToRegister.cpp.o
[564/1203] Building CXX object lib/Transforms/Utils/CMakeFiles/LLVMTransformUtils.dir/SplitModule.cpp.o
[565/1203] Building CXX object lib/Transforms/Utils/CMakeFiles/LLVMTransformUtils.dir/SSAUpdater.cpp.o
[566/1203] Building CXX object lib/Transforms/Utils/CMakeFiles/LLVMTransformUtils.dir/SCCPSolver.cpp.o
[567/1203] Building CXX object lib/Transforms/Utils/CMakeFiles/LLVMTransformUtils.dir/SampleProfileLoaderBaseUtil.cpp.o
[568/1203] Building CXX object lib/Transforms/Utils/CMakeFiles/LLVMTransformUtils.dir/StripGCRelocates.cpp.o
[569/1203] Building CXX object lib/Transforms/Utils/CMakeFiles/LLVMTransformUtils.dir/UnifyFunctionExitNodes.cpp.o
[570/1203] Building CXX object lib/Transforms/Utils/CMakeFiles/LLVMTransformUtils.dir/SimplifyIndVar.cpp.o
[571/1203] Building CXX object lib/IR/CMakeFiles/LLVMCore.dir/Intrinsics.cpp.o
[572/1203] Building CXX object lib/Transforms/Utils/CMakeFiles/LLVMTransformUtils.dir/UnifyLoopExits.cpp.o
[573/1203] Building CXX object lib/Transforms/Utils/CMakeFiles/LLVMTransformUtils.dir/StripNonLineTableDebugInfo.cpp.o
[574/1203] Building CXX object lib/Transforms/Utils/CMakeFiles/LLVMTransformUtils.dir/VNCoercion.cpp.o
[575/1203] Building CXX object lib/Transforms/Utils/CMakeFiles/LLVMTransformUtils.dir/SimplifyLibCalls.cpp.o
[576/1203] Building CXX object lib/Transforms/Utils/CMakeFiles/LLVMTransformUtils.dir/ValueMapper.cpp.o
[577/1203] Building CXX object lib/Transforms/Instrumentation/CMakeFiles/LLVMInstrumentation.dir/BoundsChecking.cpp.o
[578/1203] Building CXX object lib/Transforms/Utils/CMakeFiles/LLVMTransformUtils.dir/SimplifyCFG.cpp.o
[579/1203] Building CXX object lib/Transforms/Instrumentation/CMakeFiles/LLVMInstrumentation.dir/ControlHeightReduction.cpp.o
[580/1203] Building CXX object lib/Transforms/Instrumentation/CMakeFiles/LLVMInstrumentation.dir/CGProfile.cpp.o
[581/1203] Building CXX object lib/Transforms/Instrumentation/CMakeFiles/LLVMInstrumentation.dir/AllocToken.cpp.o
[582/1203] Building CXX object lib/Transforms/Instrumentation/CMakeFiles/LLVMInstrumentation.dir/DataFlowSanitizer.cpp.o
[583/1203] Building CXX object lib/Transforms/Instrumentation/CMakeFiles/LLVMInstrumentation.dir/GCOVProfiling.cpp.o
[584/1203] Building CXX object lib/Transforms/Instrumentation/CMakeFiles/LLVMInstrumentation.dir/AddressSanitizer.cpp.o
[585/1203] Building CXX object lib/Transforms/Instrumentation/CMakeFiles/LLVMInstrumentation.dir/MemorySanitizer.cpp.o
[586/1203] Building CXX object lib/Transforms/Instrumentation/CMakeFiles/LLVMInstrumentation.dir/PGOForceFunctionAttrs.cpp.o
[587/1203] Building CXX object lib/Transforms/Instrumentation/CMakeFiles/LLVMInstrumentation.dir/NumericalStabilitySanitizer.cpp.o
[588/1203] Building CXX object lib/Transforms/Instrumentation/CMakeFiles/LLVMInstrumentation.dir/KCFI.cpp.o
[589/1203] Building CXX object lib/Transforms/Instrumentation/CMakeFiles/LLVMInstrumentation.dir/IndirectCallPromotion.cpp.o
[590/1203] Building CXX object lib/Transforms/Instrumentation/CMakeFiles/LLVMInstrumentation.dir/MemProfInstrumentation.cpp.o
[591/1203] Building CXX object lib/Transforms/Instrumentation/CMakeFiles/LLVMInstrumentation.dir/LowerAllowCheckPass.cpp.o
[592/1203] Linking CXX static library lib/libLLVMCore.a
[593/1203] Building CXX object lib/Transforms/Instrumentation/CMakeFiles/LLVMInstrumentation.dir/MemProfUse.cpp.o
[594/1203] Building CXX object lib/Transforms/Instrumentation/CMakeFiles/LLVMInstrumentation.dir/SanitizerBinaryMetadata.cpp.o
[595/1203] Building CXX object lib/Transforms/Instrumentation/CMakeFiles/LLVMInstrumentation.dir/ValueProfileCollector.cpp.o
[596/1203] Building CXX object lib/Transforms/Instrumentation/CMakeFiles/LLVMInstrumentation.dir/PGOCtxProfLowering.cpp.o
[597/1203] Building CXX object lib/Transforms/Instrumentation/CMakeFiles/LLVMInstrumentation.dir/SanitizerCoverage.cpp.o
[598/1203] Building CXX object lib/Transforms/Instrumentation/CMakeFiles/LLVMInstrumentation.dir/RealtimeSanitizer.cpp.o
[599/1203] Building CXX object lib/Transforms/Instrumentation/CMakeFiles/LLVMInstrumentation.dir/PGOMemOPSizeOpt.cpp.o
[600/1203] Building CXX object lib/Transforms/Instrumentation/CMakeFiles/LLVMInstrumentation.dir/PGOCtxProfFlattening.cpp.o
[601/1203] Building CXX object lib/Transforms/AggressiveInstCombine/CMakeFiles/LLVMAggressiveInstCombine.dir/TruncInstCombine.cpp.o
[602/1203] Building CXX object lib/Transforms/Instrumentation/CMakeFiles/LLVMInstrumentation.dir/PGOInstrumentation.cpp.o
[603/1203] Building CXX object lib/Transforms/Instrumentation/CMakeFiles/LLVMInstrumentation.dir/InstrProfiling.cpp.o
[604/1203] Building CXX object lib/Transforms/AggressiveInstCombine/CMakeFiles/LLVMAggressiveInstCombine.dir/AggressiveInstCombine.cpp.o
[605/1203] Building CXX object lib/Transforms/Instrumentation/CMakeFiles/LLVMInstrumentation.dir/HWAddressSanitizer.cpp.o
[606/1203] Building CXX object lib/Transforms/InstCombine/CMakeFiles/LLVMInstCombine.dir/InstCombineAddSub.cpp.o
[607/1203] Building CXX object lib/Transforms/Instrumentation/CMakeFiles/LLVMInstrumentation.dir/ThreadSanitizer.cpp.o
[608/1203] Linking CXX static library lib/libLLVMBitReader.a
[609/1203] Building CXX object lib/Transforms/Instrumentation/CMakeFiles/LLVMInstrumentation.dir/TypeSanitizer.cpp.o
[610/1203] Building CXX object lib/Transforms/InstCombine/CMakeFiles/LLVMInstCombine.dir/InstCombineCasts.cpp.o
[611/1203] Building CXX object lib/Transforms/InstCombine/CMakeFiles/LLVMInstCombine.dir/InstCombineAndOrXor.cpp.o
[612/1203] Building CXX object lib/Transforms/InstCombine/CMakeFiles/LLVMInstCombine.dir/InstructionCombining.cpp.o
[613/1203] Linking CXX static library lib/libLLVMFrontendHLSL.a
[614/1203] Building CXX object lib/Transforms/InstCombine/CMakeFiles/LLVMInstCombine.dir/InstCombineCalls.cpp.o
[615/1203] Building CXX object lib/Transforms/InstCombine/CMakeFiles/LLVMInstCombine.dir/InstCombinePHI.cpp.o
[616/1203] Building CXX object lib/Transforms/InstCombine/CMakeFiles/LLVMInstCombine.dir/InstCombineAtomicRMW.cpp.o
[617/1203] Building CXX object lib/Transforms/InstCombine/CMakeFiles/LLVMInstCombine.dir/InstCombineLoadStoreAlloca.cpp.o
[618/1203] Building CXX object lib/Transforms/InstCombine/CMakeFiles/LLVMInstCombine.dir/InstCombineShifts.cpp.o
[619/1203] Building CXX object lib/Transforms/InstCombine/CMakeFiles/LLVMInstCombine.dir/InstCombineCompares.cpp.o
[620/1203] Building CXX object lib/Transforms/Scalar/CMakeFiles/LLVMScalarOpts.dir/AnnotationRemarks.cpp.o
[621/1203] Building CXX object lib/Transforms/InstCombine/CMakeFiles/LLVMInstCombine.dir/InstCombineNegator.cpp.o
[622/1203] Building CXX object lib/Transforms/InstCombine/CMakeFiles/LLVMInstCombine.dir/InstCombineSelect.cpp.o
[623/1203] Building CXX object lib/Transforms/InstCombine/CMakeFiles/LLVMInstCombine.dir/InstCombineMulDivRem.cpp.o
[624/1203] Building CXX object lib/Transforms/InstCombine/CMakeFiles/LLVMInstCombine.dir/InstCombineSimplifyDemanded.cpp.o
[625/1203] Building CXX object lib/Transforms/InstCombine/CMakeFiles/LLVMInstCombine.dir/InstCombineVectorOps.cpp.o
[626/1203] Building CXX object lib/Transforms/Scalar/CMakeFiles/LLVMScalarOpts.dir/BDCE.cpp.o
[627/1203] Building CXX object lib/Transforms/Scalar/CMakeFiles/LLVMScalarOpts.dir/AlignmentFromAssumptions.cpp.o
[628/1203] Building CXX object lib/Transforms/Scalar/CMakeFiles/LLVMScalarOpts.dir/ConstantHoisting.cpp.o
[629/1203] Building CXX object lib/Transforms/Scalar/CMakeFiles/LLVMScalarOpts.dir/CorrelatedValuePropagation.cpp.o
[630/1203] Building CXX object lib/Transforms/Scalar/CMakeFiles/LLVMScalarOpts.dir/DCE.cpp.o
[631/1203] Building CXX object lib/Transforms/Scalar/CMakeFiles/LLVMScalarOpts.dir/CallSiteSplitting.cpp.o
[632/1203] Building CXX object lib/Transforms/Scalar/CMakeFiles/LLVMScalarOpts.dir/ADCE.cpp.o
[633/1203] Building CXX object lib/Transforms/Scalar/CMakeFiles/LLVMScalarOpts.dir/DFAJumpThreading.cpp.o
[634/1203] Building CXX object lib/Transforms/Scalar/CMakeFiles/LLVMScalarOpts.dir/Float2Int.cpp.o
[635/1203] Building CXX object lib/Transforms/Scalar/CMakeFiles/LLVMScalarOpts.dir/ConstraintElimination.cpp.o
[636/1203] Building CXX object lib/Transforms/Scalar/CMakeFiles/LLVMScalarOpts.dir/GVNSink.cpp.o
[637/1203] Building CXX object lib/Transforms/Scalar/CMakeFiles/LLVMScalarOpts.dir/DropUnnecessaryAssumes.cpp.o
[638/1203] Building CXX object lib/Transforms/Scalar/CMakeFiles/LLVMScalarOpts.dir/DivRemPairs.cpp.o
[639/1203] Building CXX object lib/Transforms/Scalar/CMakeFiles/LLVMScalarOpts.dir/ExpandMemCmp.cpp.o
[640/1203] Building CXX object lib/Transforms/Scalar/CMakeFiles/LLVMScalarOpts.dir/EarlyCSE.cpp.o
[641/1203] Building CXX object lib/Transforms/Scalar/CMakeFiles/LLVMScalarOpts.dir/GuardWidening.cpp.o
[642/1203] Building CXX object lib/Transforms/Scalar/CMakeFiles/LLVMScalarOpts.dir/GVNHoist.cpp.o
[643/1203] Building CXX object lib/Transforms/Scalar/CMakeFiles/LLVMScalarOpts.dir/DeadStoreElimination.cpp.o
[644/1203] Building CXX object lib/Transforms/Scalar/CMakeFiles/LLVMScalarOpts.dir/GVN.cpp.o
[645/1203] Building CXX object lib/Transforms/Scalar/CMakeFiles/LLVMScalarOpts.dir/InstSimplifyPass.cpp.o
[646/1203] Building CXX object lib/Transforms/Scalar/CMakeFiles/LLVMScalarOpts.dir/InductiveRangeCheckElimination.cpp.o
[647/1203] Building CXX object lib/Transforms/Scalar/CMakeFiles/LLVMScalarOpts.dir/IndVarSimplify.cpp.o
[648/1203] Building CXX object lib/Transforms/Scalar/CMakeFiles/LLVMScalarOpts.dir/InferAddressSpaces.cpp.o
[649/1203] Building CXX object lib/Transforms/Scalar/CMakeFiles/LLVMScalarOpts.dir/InferAlignment.cpp.o
[650/1203] Building CXX object lib/Transforms/Scalar/CMakeFiles/LLVMScalarOpts.dir/LICM.cpp.o
[651/1203] Building CXX object lib/Transforms/Scalar/CMakeFiles/LLVMScalarOpts.dir/LoopAccessAnalysisPrinter.cpp.o
[652/1203] Building CXX object lib/Transforms/Scalar/CMakeFiles/LLVMScalarOpts.dir/LoopSink.cpp.o
[653/1203] Building CXX object lib/Transforms/Scalar/CMakeFiles/LLVMScalarOpts.dir/JumpThreading.cpp.o
[654/1203] Building CXX object lib/Transforms/Scalar/CMakeFiles/LLVMScalarOpts.dir/JumpTableToSwitch.cpp.o
[655/1203] Building CXX object lib/Transforms/Scalar/CMakeFiles/LLVMScalarOpts.dir/LoopDistribute.cpp.o
[656/1203] Building CXX object lib/Transforms/Scalar/CMakeFiles/LLVMScalarOpts.dir/LoopBoundSplit.cpp.o
[657/1203] Building CXX object lib/Transforms/Scalar/CMakeFiles/LLVMScalarOpts.dir/LoopFuse.cpp.o
[658/1203] Building CXX object lib/Transforms/Scalar/CMakeFiles/LLVMScalarOpts.dir/LoopDeletion.cpp.o
[659/1203] Building CXX object lib/Transforms/Scalar/CMakeFiles/LLVMScalarOpts.dir/LoopIdiomRecognize.cpp.o
[660/1203] Building CXX object lib/Transforms/Scalar/CMakeFiles/LLVMScalarOpts.dir/LoopDataPrefetch.cpp.o
[661/1203] Building CXX object lib/Transforms/Scalar/CMakeFiles/LLVMScalarOpts.dir/LoopInstSimplify.cpp.o
[662/1203] Building CXX object lib/Transforms/Scalar/CMakeFiles/LLVMScalarOpts.dir/LoopSimplifyCFG.cpp.o
[663/1203] Building CXX object lib/Transforms/Scalar/CMakeFiles/LLVMScalarOpts.dir/LoopPassManager.cpp.o
[664/1203] Building CXX object lib/Transforms/Scalar/CMakeFiles/LLVMScalarOpts.dir/LowerAtomicPass.cpp.o
[665/1203] Building CXX object lib/Transforms/Scalar/CMakeFiles/LLVMScalarOpts.dir/LowerGuardIntrinsic.cpp.o
[666/1203] Building CXX object lib/Transforms/Scalar/CMakeFiles/LLVMScalarOpts.dir/LoopInterchange.cpp.o
[667/1203] Building CXX object lib/Transforms/Scalar/CMakeFiles/LLVMScalarOpts.dir/LoopFlatten.cpp.o
[668/1203] Building CXX object lib/Transforms/Scalar/CMakeFiles/LLVMScalarOpts.dir/LoopPredication.cpp.o
[669/1203] Building CXX object lib/Transforms/Scalar/CMakeFiles/LLVMScalarOpts.dir/LoopRotation.cpp.o
[670/1203] Building CXX object lib/Transforms/Scalar/CMakeFiles/LLVMScalarOpts.dir/LoopUnrollPass.cpp.o
[671/1203] Building CXX object lib/Transforms/Scalar/CMakeFiles/LLVMScalarOpts.dir/LowerExpectIntrinsic.cpp.o
[672/1203] Building CXX object lib/Transforms/Scalar/CMakeFiles/LLVMScalarOpts.dir/LoopVersioningLICM.cpp.o
[673/1203] Building CXX object lib/Transforms/Scalar/CMakeFiles/LLVMScalarOpts.dir/MakeGuardsExplicit.cpp.o
[674/1203] Building CXX object lib/Transforms/Scalar/CMakeFiles/LLVMScalarOpts.dir/LoopStrengthReduce.cpp.o
[675/1203] Building CXX object lib/Transforms/Scalar/CMakeFiles/LLVMScalarOpts.dir/LoopTermFold.cpp.o
[676/1203] Building CXX object lib/Transforms/Scalar/CMakeFiles/LLVMScalarOpts.dir/LoopLoadElimination.cpp.o
[677/1203] Building CXX object lib/Transforms/Scalar/CMakeFiles/LLVMScalarOpts.dir/LowerConstantIntrinsics.cpp.o
[678/1203] Building CXX object lib/Transforms/Scalar/CMakeFiles/LLVMScalarOpts.dir/LowerWidenableCondition.cpp.o
[679/1203] Building CXX object lib/Transforms/Scalar/CMakeFiles/LLVMScalarOpts.dir/LoopUnrollAndJamPass.cpp.o
[680/1203] Building CXX object lib/Transforms/Scalar/CMakeFiles/LLVMScalarOpts.dir/MergedLoadStoreMotion.cpp.o
[681/1203] Building CXX object lib/Transforms/Scalar/CMakeFiles/LLVMScalarOpts.dir/Reg2Mem.cpp.o
[682/1203] Building CXX object lib/Transforms/Scalar/CMakeFiles/LLVMScalarOpts.dir/MergeICmps.cpp.o
[683/1203] Building CXX object lib/Transforms/Scalar/CMakeFiles/LLVMScalarOpts.dir/MemCpyOptimizer.cpp.o
[684/1203] Building CXX object lib/Transforms/Scalar/CMakeFiles/LLVMScalarOpts.dir/PartiallyInlineLibCalls.cpp.o
[685/1203] Building CXX object lib/Transforms/Scalar/CMakeFiles/LLVMScalarOpts.dir/PlaceSafepoints.cpp.o
[686/1203] Building CXX object lib/Transforms/Scalar/CMakeFiles/LLVMScalarOpts.dir/NaryReassociate.cpp.o
[687/1203] Building CXX object lib/Transforms/Scalar/CMakeFiles/LLVMScalarOpts.dir/Sink.cpp.o
[688/1203] Building CXX object lib/Transforms/Scalar/CMakeFiles/LLVMScalarOpts.dir/NewGVN.cpp.o
[689/1203] Building CXX object lib/Transforms/Scalar/CMakeFiles/LLVMScalarOpts.dir/SCCP.cpp.o
[690/1203] Building CXX object lib/Transforms/Scalar/CMakeFiles/LLVMScalarOpts.dir/LowerMatrixIntrinsics.cpp.o
[691/1203] Building CXX object lib/Transforms/IPO/CMakeFiles/LLVMipo.dir/Annotation2Metadata.cpp.o
[692/1203] Building CXX object lib/Transforms/Scalar/CMakeFiles/LLVMScalarOpts.dir/StraightLineStrengthReduce.cpp.o
[693/1203] Building CXX object lib/Transforms/Scalar/CMakeFiles/LLVMScalarOpts.dir/RewriteStatepointsForGC.cpp.o
[694/1203] Building CXX object lib/Transforms/Scalar/CMakeFiles/LLVMScalarOpts.dir/Reassociate.cpp.o
[695/1203] Building CXX object lib/Transforms/Scalar/CMakeFiles/LLVMScalarOpts.dir/SROA.cpp.o
[696/1203] Building CXX object lib/Transforms/Scalar/CMakeFiles/LLVMScalarOpts.dir/SeparateConstOffsetFromGEP.cpp.o
[697/1203] Building CXX object lib/Transforms/Scalar/CMakeFiles/LLVMScalarOpts.dir/SpeculativeExecution.cpp.o
[698/1203] Building CXX object lib/Transforms/Scalar/CMakeFiles/LLVMScalarOpts.dir/Scalarizer.cpp.o
[699/1203] Building CXX object lib/Transforms/Scalar/CMakeFiles/LLVMScalarOpts.dir/SimpleLoopUnswitch.cpp.o
[700/1203] Building CXX object lib/Transforms/Scalar/CMakeFiles/LLVMScalarOpts.dir/ScalarizeMaskedMemIntrin.cpp.o
[701/1203] Building CXX object lib/Transforms/Scalar/CMakeFiles/LLVMScalarOpts.dir/SimplifyCFGPass.cpp.o
[702/1203] Building CXX object lib/Transforms/IPO/CMakeFiles/LLVMipo.dir/CalledValuePropagation.cpp.o
[703/1203] Building CXX object lib/Transforms/Scalar/CMakeFiles/LLVMScalarOpts.dir/StructurizeCFG.cpp.o
[704/1203] Building CXX object lib/Transforms/Scalar/CMakeFiles/LLVMScalarOpts.dir/WarnMissedTransforms.cpp.o
[705/1203] Building CXX object lib/Transforms/IPO/CMakeFiles/LLVMipo.dir/CrossDSOCFI.cpp.o
[706/1203] Building CXX object lib/Transforms/IPO/CMakeFiles/LLVMipo.dir/AlwaysInliner.cpp.o
[707/1203] Building CXX object lib/Transforms/IPO/CMakeFiles/LLVMipo.dir/ConstantMerge.cpp.o
[708/1203] Building CXX object lib/Transforms/Scalar/CMakeFiles/LLVMScalarOpts.dir/TailRecursionElimination.cpp.o
[709/1203] Building CXX object lib/Transforms/IPO/CMakeFiles/LLVMipo.dir/ArgumentPromotion.cpp.o
[710/1203] Building CXX object lib/Transforms/IPO/CMakeFiles/LLVMipo.dir/Attributor.cpp.o
[711/1203] Building CXX object lib/Transforms/IPO/CMakeFiles/LLVMipo.dir/FatLTOCleanup.cpp.o
[712/1203] Building CXX object lib/Transforms/IPO/CMakeFiles/LLVMipo.dir/ElimAvailExtern.cpp.o
[713/1203] Building CXX object lib/Transforms/IPO/CMakeFiles/LLVMipo.dir/GlobalSplit.cpp.o
[714/1203] Building CXX object lib/Transforms/IPO/CMakeFiles/LLVMipo.dir/BlockExtractor.cpp.o
[715/1203] Building CXX object lib/Transforms/IPO/CMakeFiles/LLVMipo.dir/InferFunctionAttrs.cpp.o
[716/1203] Building CXX object lib/Transforms/IPO/CMakeFiles/LLVMipo.dir/DeadArgumentElimination.cpp.o
[717/1203] Building CXX object lib/Transforms/IPO/CMakeFiles/LLVMipo.dir/ExpandVariadics.cpp.o
[718/1203] Building CXX object lib/Transforms/IPO/CMakeFiles/LLVMipo.dir/HotColdSplitting.cpp.o
[719/1203] Building CXX object lib/Transforms/IPO/CMakeFiles/LLVMipo.dir/IROutliner.cpp.o
[720/1203] Building CXX object lib/Transforms/IPO/CMakeFiles/LLVMipo.dir/FunctionAttrs.cpp.o
[721/1203] Building CXX object lib/Transforms/IPO/CMakeFiles/LLVMipo.dir/FunctionSpecialization.cpp.o
[722/1203] Building CXX object lib/Transforms/IPO/CMakeFiles/LLVMipo.dir/GlobalDCE.cpp.o
[723/1203] Building CXX object lib/Transforms/IPO/CMakeFiles/LLVMipo.dir/LoopExtractor.cpp.o
[724/1203] Building CXX object lib/Transforms/IPO/CMakeFiles/LLVMipo.dir/Instrumentor.cpp.o
[725/1203] Building CXX object lib/Transforms/IPO/CMakeFiles/LLVMipo.dir/AttributorAttributes.cpp.o
[726/1203] Building CXX object lib/Transforms/IPO/CMakeFiles/LLVMipo.dir/GlobalOpt.cpp.o
[727/1203] Building CXX object lib/Transforms/IPO/CMakeFiles/LLVMipo.dir/ModuleInliner.cpp.o
[728/1203] Building CXX object lib/Transforms/IPO/CMakeFiles/LLVMipo.dir/Inliner.cpp.o
[729/1203] Building CXX object lib/Transforms/IPO/CMakeFiles/LLVMipo.dir/LowerTypeTests.cpp.o
[730/1203] Building CXX object lib/Transforms/IPO/CMakeFiles/LLVMipo.dir/MergeFunctions.cpp.o
[731/1203] Building CXX object lib/Transforms/IPO/CMakeFiles/LLVMipo.dir/SampleProfileMatcher.cpp.o
[732/1203] Building CXX object lib/Transforms/IPO/CMakeFiles/LLVMipo.dir/InstrumentorConfigFile.cpp.o
[733/1203] Building CXX object lib/Transforms/IPO/CMakeFiles/LLVMipo.dir/SampleProfileProbe.cpp.o
[734/1203] Building CXX object lib/Transforms/IPO/CMakeFiles/LLVMipo.dir/StripSymbols.cpp.o
[735/1203] Building CXX object lib/Transforms/IPO/CMakeFiles/LLVMipo.dir/SampleContextTracker.cpp.o
[736/1203] Building CXX object lib/Transforms/IPO/CMakeFiles/LLVMipo.dir/ThinLTOBitcodeWriter.cpp.o
[737/1203] Building CXX object lib/Transforms/IPO/CMakeFiles/LLVMipo.dir/SCCP.cpp.o
[738/1203] Building CXX object lib/Transforms/IPO/CMakeFiles/LLVMipo.dir/PartialInlining.cpp.o
[739/1203] Building CXX object lib/Transforms/IPO/CMakeFiles/LLVMipo.dir/MemProfContextDisambiguation.cpp.o
[740/1203] Building CXX object lib/Transforms/IPO/CMakeFiles/LLVMipo.dir/OpenMPOpt.cpp.o
[741/1203] Building CXX object lib/Transforms/Vectorize/CMakeFiles/LLVMVectorize.dir/LoopIdiomVectorize.cpp.o
[742/1203] Building CXX object lib/Transforms/Vectorize/CMakeFiles/LLVMVectorize.dir/LoadStoreVectorizer.cpp.o
[743/1203] Building CXX object lib/Transforms/Vectorize/CMakeFiles/LLVMVectorize.dir/LoopVectorizationLegality.cpp.o
[744/1203] Building CXX object lib/Transforms/IPO/CMakeFiles/LLVMipo.dir/SampleProfile.cpp.o
[745/1203] Building CXX object lib/Transforms/IPO/CMakeFiles/LLVMipo.dir/WholeProgramDevirt.cpp.o
[746/1203] Building CXX object lib/Transforms/Vectorize/CMakeFiles/LLVMVectorize.dir/SandboxVectorizer/DependencyGraph.cpp.o
[747/1203] Building CXX object lib/Transforms/Vectorize/CMakeFiles/LLVMVectorize.dir/SandboxVectorizer/Interval.cpp.o
[748/1203] Building CXX object lib/Transforms/Vectorize/CMakeFiles/LLVMVectorize.dir/LoopVectorizationPlanner.cpp.o
[749/1203] Building CXX object lib/Transforms/Vectorize/CMakeFiles/LLVMVectorize.dir/SandboxVectorizer/InstrMaps.cpp.o
[750/1203] Building CXX object lib/Transforms/Vectorize/CMakeFiles/LLVMVectorize.dir/SandboxVectorizer/Passes/BottomUpVec.cpp.o
[751/1203] Building CXX object lib/Transforms/Vectorize/CMakeFiles/LLVMVectorize.dir/SandboxVectorizer/Passes/RegionsFromMetadata.cpp.o
[752/1203] Building CXX object lib/Transforms/Vectorize/CMakeFiles/LLVMVectorize.dir/SandboxVectorizer/Passes/TransactionAcceptOrRevert.cpp.o
[753/1203] Building CXX object lib/Transforms/Vectorize/CMakeFiles/LLVMVectorize.dir/SandboxVectorizer/Passes/PackReuse.cpp.o
[754/1203] Building CXX object lib/Transforms/Vectorize/CMakeFiles/LLVMVectorize.dir/SandboxVectorizer/Passes/RegionsFromBBs.cpp.o
[755/1203] Building CXX object lib/Transforms/Vectorize/CMakeFiles/LLVMVectorize.dir/SandboxVectorizer/Passes/SeedCollection.cpp.o
[756/1203] Building CXX object lib/Transforms/Vectorize/CMakeFiles/LLVMVectorize.dir/SandboxVectorizer/Legality.cpp.o
[757/1203] Building CXX object lib/Transforms/Vectorize/CMakeFiles/LLVMVectorize.dir/SandboxVectorizer/Passes/TransactionSave.cpp.o
[758/1203] Building CXX object lib/Transforms/Vectorize/CMakeFiles/LLVMVectorize.dir/SandboxVectorizer/Passes/LoadStoreVec.cpp.o
[759/1203] Building CXX object lib/Transforms/Vectorize/CMakeFiles/LLVMVectorize.dir/LoopVectorize.cpp.o
In file included from /home/jtuyls/iree-ai/llvm-aie-port/llvm/lib/Transforms/Vectorize/VPlanUtils.h:13,
                 from /home/jtuyls/iree-ai/llvm-aie-port/llvm/lib/Transforms/Vectorize/VPlanCFG.h:16,
                 from /home/jtuyls/iree-ai/llvm-aie-port/llvm/lib/Transforms/Vectorize/LoopVectorize.cpp:61:
/home/jtuyls/iree-ai/llvm-aie-port/llvm/lib/Transforms/Vectorize/VPlanPatternMatch.h: In instantiation of ‘bool llvm::VPlanPatternMatch::Recipe_match<Ops_t, Opcode, Commutative, RecipeTys>::all_of_tuple_elements(std::index_sequence<Idx ...>, Fn) const [with Fn = llvm::VPlanPatternMatch::Recipe_match<std::tuple<>, 84, false, llvm::VPInstruction>::match(const llvm::VPRecipeBase*) const::<lambda(auto:40, unsigned int)>; long unsigned int ...Is = {}; Ops_t = std::tuple<>; unsigned int Opcode = 84; bool Commutative = false; RecipeTys = {llvm::VPInstruction}; std::index_sequence<Idx ...> = std::integer_sequence<long unsigned int>]’:
/home/jtuyls/iree-ai/llvm-aie-port/llvm/lib/Transforms/Vectorize/VPlanPatternMatch.h:271:30:   required from ‘bool llvm::VPlanPatternMatch::Recipe_match<Ops_t, Opcode, Commutative, RecipeTys>::match(const llvm::VPRecipeBase*) const [with Ops_t = std::tuple<>; unsigned int Opcode = 84; bool Commutative = false; RecipeTys = {llvm::VPInstruction}]’
/home/jtuyls/iree-ai/llvm-aie-port/llvm/lib/Transforms/Vectorize/VPlanPatternMatch.h:26:17:   required from ‘bool llvm::VPlanPatternMatch::match(Val*, const Pattern&) [with Val = llvm::VPRecipeBase; Pattern = Recipe_match<std::tuple<>, 84, false, llvm::VPInstruction>]’
/home/jtuyls/iree-ai/llvm-aie-port/llvm/lib/Transforms/Vectorize/VPlanPatternMatch.h:37:20:   required from ‘bool llvm::VPlanPatternMatch::match(llvm::VPUser*, const Pattern&) [with Pattern = Recipe_match<std::tuple<>, 84, false, llvm::VPInstruction>]’
/home/jtuyls/iree-ai/llvm-aie-port/llvm/lib/Transforms/Vectorize/LoopVectorize.cpp:7194:21:   required from here
/home/jtuyls/iree-ai/llvm-aie-port/llvm/lib/Transforms/Vectorize/VPlanPatternMatch.h:298:61: warning: parameter ‘P’ set but not used [-Wunused-but-set-parameter]
  298 |   bool all_of_tuple_elements(std::index_sequence<Is...>, Fn P) const {
      |                                                          ~~~^
/home/jtuyls/iree-ai/llvm-aie-port/llvm/lib/Transforms/Vectorize/VPlanPatternMatch.h: In instantiation of ‘bool llvm::VPlanPatternMatch::Recipe_match<Ops_t, Opcode, Commutative, RecipeTys>::all_of_tuple_elements(std::index_sequence<Idx ...>, Fn) const [with Fn = llvm::VPlanPatternMatch::Recipe_match<std::tuple<>, 84, false, llvm::VPInstruction>::match(const llvm::VPRecipeBase*) const::<lambda(auto:41, unsigned int)>; long unsigned int ...Is = {}; Ops_t = std::tuple<>; unsigned int Opcode = 84; bool Commutative = false; RecipeTys = {llvm::VPInstruction}; std::index_sequence<Idx ...> = std::integer_sequence<long unsigned int>]’:
/home/jtuyls/iree-ai/llvm-aie-port/llvm/lib/Transforms/Vectorize/VPlanPatternMatch.h:277:33:   required from ‘bool llvm::VPlanPatternMatch::Recipe_match<Ops_t, Opcode, Commutative, RecipeTys>::match(const llvm::VPRecipeBase*) const [with Ops_t = std::tuple<>; unsigned int Opcode = 84; bool Commutative = false; RecipeTys = {llvm::VPInstruction}]’
/home/jtuyls/iree-ai/llvm-aie-port/llvm/lib/Transforms/Vectorize/VPlanPatternMatch.h:26:17:   required from ‘bool llvm::VPlanPatternMatch::match(Val*, const Pattern&) [with Val = llvm::VPRecipeBase; Pattern = Recipe_match<std::tuple<>, 84, false, llvm::VPInstruction>]’
/home/jtuyls/iree-ai/llvm-aie-port/llvm/lib/Transforms/Vectorize/VPlanPatternMatch.h:37:20:   required from ‘bool llvm::VPlanPatternMatch::match(llvm::VPUser*, const Pattern&) [with Pattern = Recipe_match<std::tuple<>, 84, false, llvm::VPInstruction>]’
/home/jtuyls/iree-ai/llvm-aie-port/llvm/lib/Transforms/Vectorize/LoopVectorize.cpp:7194:21:   required from here
/home/jtuyls/iree-ai/llvm-aie-port/llvm/lib/Transforms/Vectorize/VPlanPatternMatch.h:298:61: warning: parameter ‘P’ set but not used [-Wunused-but-set-parameter]
/home/jtuyls/iree-ai/llvm-aie-port/llvm/lib/Transforms/Vectorize/VPlanPatternMatch.h: In instantiation of ‘bool llvm::VPlanPatternMatch::Recipe_match<Ops_t, Opcode, Commutative, RecipeTys>::all_of_tuple_elements(std::index_sequence<Idx ...>, Fn) const [with Fn = llvm::VPlanPatternMatch::Recipe_match<std::tuple<>, 55, false, llvm::VPInstruction>::match(const llvm::VPRecipeBase*) const::<lambda(auto:40, unsigned int)>; long unsigned int ...Is = {}; Ops_t = std::tuple<>; unsigned int Opcode = 55; bool Commutative = false; RecipeTys = {llvm::VPInstruction}; std::index_sequence<Idx ...> = std::integer_sequence<long unsigned int>]’:
/home/jtuyls/iree-ai/llvm-aie-port/llvm/lib/Transforms/Vectorize/VPlanPatternMatch.h:271:30:   required from ‘bool llvm::VPlanPatternMatch::Recipe_match<Ops_t, Opcode, Commutative, RecipeTys>::match(const llvm::VPRecipeBase*) const [with Ops_t = std::tuple<>; unsigned int Opcode = 55; bool Commutative = false; RecipeTys = {llvm::VPInstruction}]’
/home/jtuyls/iree-ai/llvm-aie-port/llvm/lib/Transforms/Vectorize/VPlanPatternMatch.h:26:17:   required from ‘bool llvm::VPlanPatternMatch::match(Val*, const Pattern&) [with Val = llvm::VPRecipeBase; Pattern = Recipe_match<std::tuple<>, 55, false, llvm::VPInstruction>]’
/home/jtuyls/iree-ai/llvm-aie-port/llvm/lib/Transforms/Vectorize/VPlanPatternMatch.h:37:20:   required from ‘bool llvm::VPlanPatternMatch::match(llvm::VPUser*, const Pattern&) [with Pattern = Recipe_match<std::tuple<>, 55, false, llvm::VPInstruction>]’
/home/jtuyls/iree-ai/llvm-aie-port/llvm/lib/Transforms/Vectorize/LoopVectorize.cpp:7316:17:   required from here
/home/jtuyls/iree-ai/llvm-aie-port/llvm/lib/Transforms/Vectorize/VPlanPatternMatch.h:298:61: warning: parameter ‘P’ set but not used [-Wunused-but-set-parameter]
/home/jtuyls/iree-ai/llvm-aie-port/llvm/lib/Transforms/Vectorize/VPlanPatternMatch.h: In instantiation of ‘bool llvm::VPlanPatternMatch::Recipe_match<Ops_t, Opcode, Commutative, RecipeTys>::all_of_tuple_elements(std::index_sequence<Idx ...>, Fn) const [with Fn = llvm::VPlanPatternMatch::Recipe_match<std::tuple<>, 55, false, llvm::VPInstruction>::match(const llvm::VPRecipeBase*) const::<lambda(auto:41, unsigned int)>; long unsigned int ...Is = {}; Ops_t = std::tuple<>; unsigned int Opcode = 55; bool Commutative = false; RecipeTys = {llvm::VPInstruction}; std::index_sequence<Idx ...> = std::integer_sequence<long unsigned int>]’:
/home/jtuyls/iree-ai/llvm-aie-port/llvm/lib/Transforms/Vectorize/VPlanPatternMatch.h:277:33:   required from ‘bool llvm::VPlanPatternMatch::Recipe_match<Ops_t, Opcode, Commutative, RecipeTys>::match(const llvm::VPRecipeBase*) const [with Ops_t = std::tuple<>; unsigned int Opcode = 55; bool Commutative = false; RecipeTys = {llvm::VPInstruction}]’
/home/jtuyls/iree-ai/llvm-aie-port/llvm/lib/Transforms/Vectorize/VPlanPatternMatch.h:26:17:   required from ‘bool llvm::VPlanPatternMatch::match(Val*, const Pattern&) [with Val = llvm::VPRecipeBase; Pattern = Recipe_match<std::tuple<>, 55, false, llvm::VPInstruction>]’
/home/jtuyls/iree-ai/llvm-aie-port/llvm/lib/Transforms/Vectorize/VPlanPatternMatch.h:37:20:   required from ‘bool llvm::VPlanPatternMatch::match(llvm::VPUser*, const Pattern&) [with Pattern = Recipe_match<std::tuple<>, 55, false, llvm::VPInstruction>]’
/home/jtuyls/iree-ai/llvm-aie-port/llvm/lib/Transforms/Vectorize/LoopVectorize.cpp:7316:17:   required from here
/home/jtuyls/iree-ai/llvm-aie-port/llvm/lib/Transforms/Vectorize/VPlanPatternMatch.h:298:61: warning: parameter ‘P’ set but not used [-Wunused-but-set-parameter]
[760/1203] Building CXX object lib/Transforms/Vectorize/CMakeFiles/LLVMVectorize.dir/SandboxVectorizer/RegionWithScore.cpp.o
[761/1203] Building CXX object lib/Transforms/Vectorize/CMakeFiles/LLVMVectorize.dir/SandboxVectorizer/SandboxVectorizerPassBuilder.cpp.o
[762/1203] Building CXX object lib/Transforms/Vectorize/CMakeFiles/LLVMVectorize.dir/SandboxVectorizer/SeedCollector.cpp.o
[763/1203] Building CXX object lib/Transforms/Vectorize/CMakeFiles/LLVMVectorize.dir/SandboxVectorizer/SandboxVectorizerIR.cpp.o
[764/1203] Building CXX object lib/Transforms/Vectorize/CMakeFiles/LLVMVectorize.dir/SandboxVectorizer/VecUtils.cpp.o
[765/1203] Building CXX object lib/Transforms/Vectorize/CMakeFiles/LLVMVectorize.dir/SandboxVectorizer/SandboxVectorizer.cpp.o
[766/1203] Building CXX object lib/Transforms/ObjCARC/CMakeFiles/LLVMObjCARCOpts.dir/ProvenanceAnalysis.cpp.o
[767/1203] Building CXX object lib/Transforms/Vectorize/CMakeFiles/LLVMVectorize.dir/SandboxVectorizer/Scheduler.cpp.o
[768/1203] Building CXX object lib/Transforms/ObjCARC/CMakeFiles/LLVMObjCARCOpts.dir/ObjCARC.cpp.o
[769/1203] Building CXX object lib/Transforms/ObjCARC/CMakeFiles/LLVMObjCARCOpts.dir/ObjCARCExpand.cpp.o
[770/1203] Building CXX object lib/Transforms/ObjCARC/CMakeFiles/LLVMObjCARCOpts.dir/DependencyAnalysis.cpp.o
[771/1203] Building CXX object lib/Transforms/Vectorize/CMakeFiles/LLVMVectorize.dir/VectorCombine.cpp.o
[772/1203] Building CXX object lib/Transforms/ObjCARC/CMakeFiles/LLVMObjCARCOpts.dir/ObjCARCOpts.cpp.o
[773/1203] Building CXX object lib/Transforms/Vectorize/CMakeFiles/LLVMVectorize.dir/VPlanTransforms.cpp.o
In file included from /home/jtuyls/iree-ai/llvm-aie-port/llvm/lib/Transforms/Vectorize/VPlanUtils.h:13,
                 from /home/jtuyls/iree-ai/llvm-aie-port/llvm/lib/Transforms/Vectorize/VPlanCFG.h:16,
                 from /home/jtuyls/iree-ai/llvm-aie-port/llvm/lib/Transforms/Vectorize/VPlanTransforms.cpp:18:
/home/jtuyls/iree-ai/llvm-aie-port/llvm/lib/Transforms/Vectorize/VPlanPatternMatch.h: In instantiation of ‘bool llvm::VPlanPatternMatch::Recipe_match<Ops_t, Opcode, Commutative, RecipeTys>::all_of_tuple_elements(std::index_sequence<Idx ...>, Fn) const [with Fn = llvm::VPlanPatternMatch::Recipe_match<std::tuple<>, 92, false, llvm::VPInstruction>::match(const llvm::VPRecipeBase*) const::<lambda(auto:38, unsigned int)>; long unsigned int ...Is = {}; Ops_t = std::tuple<>; unsigned int Opcode = 92; bool Commutative = false; RecipeTys = {llvm::VPInstruction}; std::index_sequence<Idx ...> = std::integer_sequence<long unsigned int>]’:
/home/jtuyls/iree-ai/llvm-aie-port/llvm/lib/Transforms/Vectorize/VPlanPatternMatch.h:271:30:   required from ‘bool llvm::VPlanPatternMatch::Recipe_match<Ops_t, Opcode, Commutative, RecipeTys>::match(const llvm::VPRecipeBase*) const [with Ops_t = std::tuple<>; unsigned int Opcode = 92; bool Commutative = false; RecipeTys = {llvm::VPInstruction}]’
/home/jtuyls/iree-ai/llvm-aie-port/llvm/lib/Transforms/Vectorize/VPlanPatternMatch.h:46:17:   required from ‘bool llvm::VPlanPatternMatch::match(llvm::VPSingleDefRecipe*, const Pattern&) [with Pattern = Recipe_match<std::tuple<>, 92, false, llvm::VPInstruction>]’
/home/jtuyls/iree-ai/llvm-aie-port/llvm/lib/Transforms/Vectorize/VPlanTransforms.cpp:1593:12:   required from here
/home/jtuyls/iree-ai/llvm-aie-port/llvm/lib/Transforms/Vectorize/VPlanPatternMatch.h:298:61: warning: parameter ‘P’ set but not used [-Wunused-but-set-parameter]
  298 |   bool all_of_tuple_elements(std::index_sequence<Is...>, Fn P) const {
      |                                                          ~~~^
/home/jtuyls/iree-ai/llvm-aie-port/llvm/lib/Transforms/Vectorize/VPlanPatternMatch.h: In instantiation of ‘bool llvm::VPlanPatternMatch::Recipe_match<Ops_t, Opcode, Commutative, RecipeTys>::all_of_tuple_elements(std::index_sequence<Idx ...>, Fn) const [with Fn = llvm::VPlanPatternMatch::Recipe_match<std::tuple<>, 92, false, llvm::VPInstruction>::match(const llvm::VPRecipeBase*) const::<lambda(auto:39, unsigned int)>; long unsigned int ...Is = {}; Ops_t = std::tuple<>; unsigned int Opcode = 92; bool Commutative = false; RecipeTys = {llvm::VPInstruction}; std::index_sequence<Idx ...> = std::integer_sequence<long unsigned int>]’:
/home/jtuyls/iree-ai/llvm-aie-port/llvm/lib/Transforms/Vectorize/VPlanPatternMatch.h:277:33:   required from ‘bool llvm::VPlanPatternMatch::Recipe_match<Ops_t, Opcode, Commutative, RecipeTys>::match(const llvm::VPRecipeBase*) const [with Ops_t = std::tuple<>; unsigned int Opcode = 92; bool Commutative = false; RecipeTys = {llvm::VPInstruction}]’
/home/jtuyls/iree-ai/llvm-aie-port/llvm/lib/Transforms/Vectorize/VPlanPatternMatch.h:46:17:   required from ‘bool llvm::VPlanPatternMatch::match(llvm::VPSingleDefRecipe*, const Pattern&) [with Pattern = Recipe_match<std::tuple<>, 92, false, llvm::VPInstruction>]’
/home/jtuyls/iree-ai/llvm-aie-port/llvm/lib/Transforms/Vectorize/VPlanTransforms.cpp:1593:12:   required from here
/home/jtuyls/iree-ai/llvm-aie-port/llvm/lib/Transforms/Vectorize/VPlanPatternMatch.h:298:61: warning: parameter ‘P’ set but not used [-Wunused-but-set-parameter]
/home/jtuyls/iree-ai/llvm-aie-port/llvm/lib/Transforms/Vectorize/VPlanPatternMatch.h: In instantiation of ‘bool llvm::VPlanPatternMatch::Recipe_match<Ops_t, Opcode, Commutative, RecipeTys>::all_of_tuple_elements(std::index_sequence<Idx ...>, Fn) const [with Fn = llvm::VPlanPatternMatch::Recipe_match<std::tuple<>, 104, false, llvm::VPInstruction>::match(const llvm::VPRecipeBase*) const::<lambda(auto:38, unsigned int)>; long unsigned int ...Is = {}; Ops_t = std::tuple<>; unsigned int Opcode = 104; bool Commutative = false; RecipeTys = {llvm::VPInstruction}; std::index_sequence<Idx ...> = std::integer_sequence<long unsigned int>]’:
/home/jtuyls/iree-ai/llvm-aie-port/llvm/lib/Transforms/Vectorize/VPlanPatternMatch.h:271:30:   required from ‘bool llvm::VPlanPatternMatch::Recipe_match<Ops_t, Opcode, Commutative, RecipeTys>::match(const llvm::VPRecipeBase*) const [with Ops_t = std::tuple<>; unsigned int Opcode = 104; bool Commutative = false; RecipeTys = {llvm::VPInstruction}]’
/home/jtuyls/iree-ai/llvm-aie-port/llvm/lib/Transforms/Vectorize/VPlanPatternMatch.h:46:17:   required from ‘bool llvm::VPlanPatternMatch::match(llvm::VPSingleDefRecipe*, const Pattern&) [with Pattern = Recipe_match<std::tuple<>, 104, false, llvm::VPInstruction>]’
/home/jtuyls/iree-ai/llvm-aie-port/llvm/lib/Transforms/Vectorize/VPlanTransforms.cpp:1660:12:   required from here
/home/jtuyls/iree-ai/llvm-aie-port/llvm/lib/Transforms/Vectorize/VPlanPatternMatch.h:298:61: warning: parameter ‘P’ set but not used [-Wunused-but-set-parameter]
/home/jtuyls/iree-ai/llvm-aie-port/llvm/lib/Transforms/Vectorize/VPlanPatternMatch.h: In instantiation of ‘bool llvm::VPlanPatternMatch::Recipe_match<Ops_t, Opcode, Commutative, RecipeTys>::all_of_tuple_elements(std::index_sequence<Idx ...>, Fn) const [with Fn = llvm::VPlanPatternMatch::Recipe_match<std::tuple<>, 104, false, llvm::VPInstruction>::match(const llvm::VPRecipeBase*) const::<lambda(auto:39, unsigned int)>; long unsigned int ...Is = {}; Ops_t = std::tuple<>; unsigned int Opcode = 104; bool Commutative = false; RecipeTys = {llvm::VPInstruction}; std::index_sequence<Idx ...> = std::integer_sequence<long unsigned int>]’:
/home/jtuyls/iree-ai/llvm-aie-port/llvm/lib/Transforms/Vectorize/VPlanPatternMatch.h:277:33:   required from ‘bool llvm::VPlanPatternMatch::Recipe_match<Ops_t, Opcode, Commutative, RecipeTys>::match(const llvm::VPRecipeBase*) const [with Ops_t = std::tuple<>; unsigned int Opcode = 104; bool Commutative = false; RecipeTys = {llvm::VPInstruction}]’
/home/jtuyls/iree-ai/llvm-aie-port/llvm/lib/Transforms/Vectorize/VPlanPatternMatch.h:46:17:   required from ‘bool llvm::VPlanPatternMatch::match(llvm::VPSingleDefRecipe*, const Pattern&) [with Pattern = Recipe_match<std::tuple<>, 104, false, llvm::VPInstruction>]’
/home/jtuyls/iree-ai/llvm-aie-port/llvm/lib/Transforms/Vectorize/VPlanTransforms.cpp:1660:12:   required from here
/home/jtuyls/iree-ai/llvm-aie-port/llvm/lib/Transforms/Vectorize/VPlanPatternMatch.h:298:61: warning: parameter ‘P’ set but not used [-Wunused-but-set-parameter]
/home/jtuyls/iree-ai/llvm-aie-port/llvm/lib/Transforms/Vectorize/VPlanPatternMatch.h: In instantiation of ‘bool llvm::VPlanPatternMatch::Recipe_match<Ops_t, Opcode, Commutative, RecipeTys>::all_of_tuple_elements(std::index_sequence<Idx ...>, Fn) const [with Fn = llvm::VPlanPatternMatch::Recipe_match<std::tuple<>, 82, false, llvm::VPInstruction>::match(const llvm::VPRecipeBase*) const::<lambda(auto:38, unsigned int)>; long unsigned int ...Is = {}; Ops_t = std::tuple<>; unsigned int Opcode = 82; bool Commutative = false; RecipeTys = {llvm::VPInstruction}; std::index_sequence<Idx ...> = std::integer_sequence<long unsigned int>]’:
/home/jtuyls/iree-ai/llvm-aie-port/llvm/lib/Transforms/Vectorize/VPlanPatternMatch.h:271:30:   required from ‘bool llvm::VPlanPatternMatch::Recipe_match<Ops_t, Opcode, Commutative, RecipeTys>::match(const llvm::VPRecipeBase*) const [with Ops_t = std::tuple<>; unsigned int Opcode = 82; bool Commutative = false; RecipeTys = {llvm::VPInstruction}]’
/home/jtuyls/iree-ai/llvm-aie-port/llvm/lib/Transforms/Vectorize/VPlanPatternMatch.h:46:17:   required from ‘bool llvm::VPlanPatternMatch::match(llvm::VPSingleDefRecipe*, const Pattern&) [with Pattern = Recipe_match<std::tuple<>, 82, false, llvm::VPInstruction>]’
/home/jtuyls/iree-ai/llvm-aie-port/llvm/lib/Transforms/Vectorize/VPlanTransforms.cpp:1691:12:   required from here
/home/jtuyls/iree-ai/llvm-aie-port/llvm/lib/Transforms/Vectorize/VPlanPatternMatch.h:298:61: warning: parameter ‘P’ set but not used [-Wunused-but-set-parameter]
/home/jtuyls/iree-ai/llvm-aie-port/llvm/lib/Transforms/Vectorize/VPlanPatternMatch.h: In instantiation of ‘bool llvm::VPlanPatternMatch::Recipe_match<Ops_t, Opcode, Commutative, RecipeTys>::all_of_tuple_elements(std::index_sequence<Idx ...>, Fn) const [with Fn = llvm::VPlanPatternMatch::Recipe_match<std::tuple<>, 82, false, llvm::VPInstruction>::match(const llvm::VPRecipeBase*) const::<lambda(auto:39, unsigned int)>; long unsigned int ...Is = {}; Ops_t = std::tuple<>; unsigned int Opcode = 82; bool Commutative = false; RecipeTys = {llvm::VPInstruction}; std::index_sequence<Idx ...> = std::integer_sequence<long unsigned int>]’:
/home/jtuyls/iree-ai/llvm-aie-port/llvm/lib/Transforms/Vectorize/VPlanPatternMatch.h:277:33:   required from ‘bool llvm::VPlanPatternMatch::Recipe_match<Ops_t, Opcode, Commutative, RecipeTys>::match(const llvm::VPRecipeBase*) const [with Ops_t = std::tuple<>; unsigned int Opcode = 82; bool Commutative = false; RecipeTys = {llvm::VPInstruction}]’
/home/jtuyls/iree-ai/llvm-aie-port/llvm/lib/Transforms/Vectorize/VPlanPatternMatch.h:46:17:   required from ‘bool llvm::VPlanPatternMatch::match(llvm::VPSingleDefRecipe*, const Pattern&) [with Pattern = Recipe_match<std::tuple<>, 82, false, llvm::VPInstruction>]’
/home/jtuyls/iree-ai/llvm-aie-port/llvm/lib/Transforms/Vectorize/VPlanTransforms.cpp:1691:12:   required from here
/home/jtuyls/iree-ai/llvm-aie-port/llvm/lib/Transforms/Vectorize/VPlanPatternMatch.h:298:61: warning: parameter ‘P’ set but not used [-Wunused-but-set-parameter]
/home/jtuyls/iree-ai/llvm-aie-port/llvm/lib/Transforms/Vectorize/VPlanPatternMatch.h: In instantiation of ‘bool llvm::VPlanPatternMatch::Recipe_match<Ops_t, Opcode, Commutative, RecipeTys>::all_of_tuple_elements(std::index_sequence<Idx ...>, Fn) const [with Fn = llvm::VPlanPatternMatch::Recipe_match<std::tuple<>, 79, false, llvm::VPInstruction>::match(const llvm::VPRecipeBase*) const::<lambda(auto:38, unsigned int)>; long unsigned int ...Is = {}; Ops_t = std::tuple<>; unsigned int Opcode = 79; bool Commutative = false; RecipeTys = {llvm::VPInstruction}; std::index_sequence<Idx ...> = std::integer_sequence<long unsigned int>]’:
/home/jtuyls/iree-ai/llvm-aie-port/llvm/lib/Transforms/Vectorize/VPlanPatternMatch.h:271:30:   required from ‘bool llvm::VPlanPatternMatch::Recipe_match<Ops_t, Opcode, Commutative, RecipeTys>::match(const llvm::VPRecipeBase*) const [with Ops_t = std::tuple<>; unsigned int Opcode = 79; bool Commutative = false; RecipeTys = {llvm::VPInstruction}]’
/home/jtuyls/iree-ai/llvm-aie-port/llvm/lib/Transforms/Vectorize/VPlanPatternMatch.h:26:17:   required from ‘bool llvm::VPlanPatternMatch::match(Val*, const Pattern&) [with Val = llvm::VPRecipeBase; Pattern = Recipe_match<std::tuple<>, 79, false, llvm::VPInstruction>]’
/home/jtuyls/iree-ai/llvm-aie-port/llvm/lib/Transforms/Vectorize/VPlanTransforms.cpp:2269:12:   required from here
/home/jtuyls/iree-ai/llvm-aie-port/llvm/lib/Transforms/Vectorize/VPlanPatternMatch.h:298:61: warning: parameter ‘P’ set but not used [-Wunused-but-set-parameter]
/home/jtuyls/iree-ai/llvm-aie-port/llvm/lib/Transforms/Vectorize/VPlanPatternMatch.h: In instantiation of ‘bool llvm::VPlanPatternMatch::Recipe_match<Ops_t, Opcode, Commutative, RecipeTys>::all_of_tuple_elements(std::index_sequence<Idx ...>, Fn) const [with Fn = llvm::VPlanPatternMatch::Recipe_match<std::tuple<>, 79, false, llvm::VPInstruction>::match(const llvm::VPRecipeBase*) const::<lambda(auto:39, unsigned int)>; long unsigned int ...Is = {}; Ops_t = std::tuple<>; unsigned int Opcode = 79; bool Commutative = false; RecipeTys = {llvm::VPInstruction}; std::index_sequence<Idx ...> = std::integer_sequence<long unsigned int>]’:
/home/jtuyls/iree-ai/llvm-aie-port/llvm/lib/Transforms/Vectorize/VPlanPatternMatch.h:277:33:   required from ‘bool llvm::VPlanPatternMatch::Recipe_match<Ops_t, Opcode, Commutative, RecipeTys>::match(const llvm::VPRecipeBase*) const [with Ops_t = std::tuple<>; unsigned int Opcode = 79; bool Commutative = false; RecipeTys = {llvm::VPInstruction}]’
/home/jtuyls/iree-ai/llvm-aie-port/llvm/lib/Transforms/Vectorize/VPlanPatternMatch.h:26:17:   required from ‘bool llvm::VPlanPatternMatch::match(Val*, const Pattern&) [with Val = llvm::VPRecipeBase; Pattern = Recipe_match<std::tuple<>, 79, false, llvm::VPInstruction>]’
/home/jtuyls/iree-ai/llvm-aie-port/llvm/lib/Transforms/Vectorize/VPlanTransforms.cpp:2269:12:   required from here
/home/jtuyls/iree-ai/llvm-aie-port/llvm/lib/Transforms/Vectorize/VPlanPatternMatch.h:298:61: warning: parameter ‘P’ set but not used [-Wunused-but-set-parameter]
/home/jtuyls/iree-ai/llvm-aie-port/llvm/lib/Transforms/Vectorize/VPlanPatternMatch.h: In instantiation of ‘bool llvm::VPlanPatternMatch::Recipe_match<Ops_t, Opcode, Commutative, RecipeTys>::all_of_tuple_elements(std::index_sequence<Idx ...>, Fn) const [with Fn = llvm::VPlanPatternMatch::Recipe_match<std::tuple<>, 76, false, llvm::VPInstruction>::match(const llvm::VPRecipeBase*) const::<lambda(auto:38, unsigned int)>; long unsigned int ...Is = {}; Ops_t = std::tuple<>; unsigned int Opcode = 76; bool Commutative = false; RecipeTys = {llvm::VPInstruction}; std::index_sequence<Idx ...> = std::integer_sequence<long unsigned int>]’:
/home/jtuyls/iree-ai/llvm-aie-port/llvm/lib/Transforms/Vectorize/VPlanPatternMatch.h:271:30:   required from ‘bool llvm::VPlanPatternMatch::Recipe_match<Ops_t, Opcode, Commutative, RecipeTys>::match(const llvm::VPRecipeBase*) const [with Ops_t = std::tuple<>; unsigned int Opcode = 76; bool Commutative = false; RecipeTys = {llvm::VPInstruction}]’
/home/jtuyls/iree-ai/llvm-aie-port/llvm/lib/Transforms/Vectorize/VPlanPatternMatch.h:26:17:   required from ‘bool llvm::VPlanPatternMatch::match(Val*, const Pattern&) [with Val = llvm::VPRecipeBase; Pattern = Recipe_match<std::tuple<>, 76, false, llvm::VPInstruction>]’
/home/jtuyls/iree-ai/llvm-aie-port/llvm/lib/Transforms/Vectorize/VPlanTransforms.cpp:3993:16:   required from here
/home/jtuyls/iree-ai/llvm-aie-port/llvm/lib/Transforms/Vectorize/VPlanPatternMatch.h:298:61: warning: parameter ‘P’ set but not used [-Wunused-but-set-parameter]
/home/jtuyls/iree-ai/llvm-aie-port/llvm/lib/Transforms/Vectorize/VPlanPatternMatch.h: In instantiation of ‘bool llvm::VPlanPatternMatch::Recipe_match<Ops_t, Opcode, Commutative, RecipeTys>::all_of_tuple_elements(std::index_sequence<Idx ...>, Fn) const [with Fn = llvm::VPlanPatternMatch::Recipe_match<std::tuple<>, 76, false, llvm::VPInstruction>::match(const llvm::VPRecipeBase*) const::<lambda(auto:39, unsigned int)>; long unsigned int ...Is = {}; Ops_t = std::tuple<>; unsigned int Opcode = 76; bool Commutative = false; RecipeTys = {llvm::VPInstruction}; std::index_sequence<Idx ...> = std::integer_sequence<long unsigned int>]’:
/home/jtuyls/iree-ai/llvm-aie-port/llvm/lib/Transforms/Vectorize/VPlanPatternMatch.h:277:33:   required from ‘bool llvm::VPlanPatternMatch::Recipe_match<Ops_t, Opcode, Commutative, RecipeTys>::match(const llvm::VPRecipeBase*) const [with Ops_t = std::tuple<>; unsigned int Opcode = 76; bool Commutative = false; RecipeTys = {llvm::VPInstruction}]’
/home/jtuyls/iree-ai/llvm-aie-port/llvm/lib/Transforms/Vectorize/VPlanPatternMatch.h:26:17:   required from ‘bool llvm::VPlanPatternMatch::match(Val*, const Pattern&) [with Val = llvm::VPRecipeBase; Pattern = Recipe_match<std::tuple<>, 76, false, llvm::VPInstruction>]’
/home/jtuyls/iree-ai/llvm-aie-port/llvm/lib/Transforms/Vectorize/VPlanTransforms.cpp:3993:16:   required from here
/home/jtuyls/iree-ai/llvm-aie-port/llvm/lib/Transforms/Vectorize/VPlanPatternMatch.h:298:61: warning: parameter ‘P’ set but not used [-Wunused-but-set-parameter]
/home/jtuyls/iree-ai/llvm-aie-port/llvm/lib/Transforms/Vectorize/VPlanPatternMatch.h: In instantiation of ‘bool llvm::VPlanPatternMatch::Recipe_match<Ops_t, Opcode, Commutative, RecipeTys>::all_of_tuple_elements(std::index_sequence<Idx ...>, Fn) const [with Fn = llvm::VPlanPatternMatch::Recipe_match<std::tuple<>, 77, false, llvm::VPInstruction>::match(const llvm::VPRecipeBase*) const::<lambda(auto:38, unsigned int)>; long unsigned int ...Is = {}; Ops_t = std::tuple<>; unsigned int Opcode = 77; bool Commutative = false; RecipeTys = {llvm::VPInstruction}; std::index_sequence<Idx ...> = std::integer_sequence<long unsigned int>]’:
/home/jtuyls/iree-ai/llvm-aie-port/llvm/lib/Transforms/Vectorize/VPlanPatternMatch.h:271:30:   required from ‘bool llvm::VPlanPatternMatch::Recipe_match<Ops_t, Opcode, Commutative, RecipeTys>::match(const llvm::VPRecipeBase*) const [with Ops_t = std::tuple<>; unsigned int Opcode = 77; bool Commutative = false; RecipeTys = {llvm::VPInstruction}]’
/home/jtuyls/iree-ai/llvm-aie-port/llvm/lib/Transforms/Vectorize/VPlanPatternMatch.h:26:17:   required from ‘bool llvm::VPlanPatternMatch::match(Val*, const Pattern&) [with Val = llvm::VPRecipeBase; Pattern = Recipe_match<std::tuple<>, 77, false, llvm::VPInstruction>]’
/home/jtuyls/iree-ai/llvm-aie-port/llvm/lib/Transforms/Vectorize/VPlanTransforms.cpp:5305:13:   required from here
/home/jtuyls/iree-ai/llvm-aie-port/llvm/lib/Transforms/Vectorize/VPlanPatternMatch.h:298:61: warning: parameter ‘P’ set but not used [-Wunused-but-set-parameter]
/home/jtuyls/iree-ai/llvm-aie-port/llvm/lib/Transforms/Vectorize/VPlanPatternMatch.h: In instantiation of ‘bool llvm::VPlanPatternMatch::Recipe_match<Ops_t, Opcode, Commutative, RecipeTys>::all_of_tuple_elements(std::index_sequence<Idx ...>, Fn) const [with Fn = llvm::VPlanPatternMatch::Recipe_match<std::tuple<>, 77, false, llvm::VPInstruction>::match(const llvm::VPRecipeBase*) const::<lambda(auto:39, unsigned int)>; long unsigned int ...Is = {}; Ops_t = std::tuple<>; unsigned int Opcode = 77; bool Commutative = false; RecipeTys = {llvm::VPInstruction}; std::index_sequence<Idx ...> = std::integer_sequence<long unsigned int>]’:
/home/jtuyls/iree-ai/llvm-aie-port/llvm/lib/Transforms/Vectorize/VPlanPatternMatch.h:277:33:   required from ‘bool llvm::VPlanPatternMatch::Recipe_match<Ops_t, Opcode, Commutative, RecipeTys>::match(const llvm::VPRecipeBase*) const [with Ops_t = std::tuple<>; unsigned int Opcode = 77; bool Commutative = false; RecipeTys = {llvm::VPInstruction}]’
/home/jtuyls/iree-ai/llvm-aie-port/llvm/lib/Transforms/Vectorize/VPlanPatternMatch.h:26:17:   required from ‘bool llvm::VPlanPatternMatch::match(Val*, const Pattern&) [with Val = llvm::VPRecipeBase; Pattern = Recipe_match<std::tuple<>, 77, false, llvm::VPInstruction>]’
/home/jtuyls/iree-ai/llvm-aie-port/llvm/lib/Transforms/Vectorize/VPlanTransforms.cpp:5305:13:   required from here
/home/jtuyls/iree-ai/llvm-aie-port/llvm/lib/Transforms/Vectorize/VPlanPatternMatch.h:298:61: warning: parameter ‘P’ set but not used [-Wunused-but-set-parameter]
/home/jtuyls/iree-ai/llvm-aie-port/llvm/lib/Transforms/Vectorize/VPlanPatternMatch.h: In instantiation of ‘bool llvm::VPlanPatternMatch::Recipe_match<Ops_t, Opcode, Commutative, RecipeTys>::all_of_tuple_elements(std::index_sequence<Idx ...>, Fn) const [with Fn = llvm::VPlanPatternMatch::Recipe_match<std::tuple<>, 84, false, llvm::VPInstruction>::match(const llvm::VPRecipeBase*) const::<lambda(auto:38, unsigned int)>; long unsigned int ...Is = {}; Ops_t = std::tuple<>; unsigned int Opcode = 84; bool Commutative = false; RecipeTys = {llvm::VPInstruction}; std::index_sequence<Idx ...> = std::integer_sequence<long unsigned int>]’:
/home/jtuyls/iree-ai/llvm-aie-port/llvm/lib/Transforms/Vectorize/VPlanPatternMatch.h:271:30:   required from ‘bool llvm::VPlanPatternMatch::Recipe_match<Ops_t, Opcode, Commutative, RecipeTys>::match(const llvm::VPRecipeBase*) const [with Ops_t = std::tuple<>; unsigned int Opcode = 84; bool Commutative = false; RecipeTys = {llvm::VPInstruction}]’
/home/jtuyls/iree-ai/llvm-aie-port/llvm/lib/Transforms/Vectorize/VPlanPatternMatch.h:26:17:   required from ‘bool llvm::VPlanPatternMatch::match(Val*, const Pattern&) [with Val = llvm::VPRecipeBase; Pattern = Recipe_match<std::tuple<>, 84, false, llvm::VPInstruction>]’
/home/jtuyls/iree-ai/llvm-aie-port/llvm/lib/Transforms/Vectorize/VPlanPatternMatch.h:37:20:   required from ‘bool llvm::VPlanPatternMatch::match(llvm::VPUser*, const Pattern&) [with Pattern = Recipe_match<std::tuple<>, 84, false, llvm::VPInstruction>]’
/home/jtuyls/iree-ai/llvm-aie-port/llvm/lib/Transforms/Vectorize/VPlanPatternMatch.h:42:35:   required from ‘auto llvm::VPlanPatternMatch::match_fn(const Pattern&) [with Pattern = Recipe_match<std::tuple<>, 84, false, llvm::VPInstruction>]’
/home/jtuyls/iree-ai/llvm-aie-port/llvm/lib/Transforms/Vectorize/VPlanTransforms.cpp:5768:17:   required from here
/home/jtuyls/iree-ai/llvm-aie-port/llvm/lib/Transforms/Vectorize/VPlanPatternMatch.h:298:61: warning: parameter ‘P’ set but not used [-Wunused-but-set-parameter]
/home/jtuyls/iree-ai/llvm-aie-port/llvm/lib/Transforms/Vectorize/VPlanPatternMatch.h: In instantiation of ‘bool llvm::VPlanPatternMatch::Recipe_match<Ops_t, Opcode, Commutative, RecipeTys>::all_of_tuple_elements(std::index_sequence<Idx ...>, Fn) const [with Fn = llvm::VPlanPatternMatch::Recipe_match<std::tuple<>, 84, false, llvm::VPInstruction>::match(const llvm::VPRecipeBase*) const::<lambda(auto:39, unsigned int)>; long unsigned int ...Is = {}; Ops_t = std::tuple<>; unsigned int Opcode = 84; bool Commutative = false; RecipeTys = {llvm::VPInstruction}; std::index_sequence<Idx ...> = std::integer_sequence<long unsigned int>]’:
/home/jtuyls/iree-ai/llvm-aie-port/llvm/lib/Transforms/Vectorize/VPlanPatternMatch.h:277:33:   required from ‘bool llvm::VPlanPatternMatch::Recipe_match<Ops_t, Opcode, Commutative, RecipeTys>::match(const llvm::VPRecipeBase*) const [with Ops_t = std::tuple<>; unsigned int Opcode = 84; bool Commutative = false; RecipeTys = {llvm::VPInstruction}]’
/home/jtuyls/iree-ai/llvm-aie-port/llvm/lib/Transforms/Vectorize/VPlanPatternMatch.h:26:17:   required from ‘bool llvm::VPlanPatternMatch::match(Val*, const Pattern&) [with Val = llvm::VPRecipeBase; Pattern = Recipe_match<std::tuple<>, 84, false, llvm::VPInstruction>]’
/home/jtuyls/iree-ai/llvm-aie-port/llvm/lib/Transforms/Vectorize/VPlanPatternMatch.h:37:20:   required from ‘bool llvm::VPlanPatternMatch::match(llvm::VPUser*, const Pattern&) [with Pattern = Recipe_match<std::tuple<>, 84, false, llvm::VPInstruction>]’
/home/jtuyls/iree-ai/llvm-aie-port/llvm/lib/Transforms/Vectorize/VPlanPatternMatch.h:42:35:   required from ‘auto llvm::VPlanPatternMatch::match_fn(const Pattern&) [with Pattern = Recipe_match<std::tuple<>, 84, false, llvm::VPInstruction>]’
/home/jtuyls/iree-ai/llvm-aie-port/llvm/lib/Transforms/Vectorize/VPlanTransforms.cpp:5768:17:   required from here
/home/jtuyls/iree-ai/llvm-aie-port/llvm/lib/Transforms/Vectorize/VPlanPatternMatch.h:298:61: warning: parameter ‘P’ set but not used [-Wunused-but-set-parameter]
/home/jtuyls/iree-ai/llvm-aie-port/llvm/lib/Transforms/Vectorize/VPlanPatternMatch.h: In instantiation of ‘bool llvm::VPlanPatternMatch::Recipe_match<Ops_t, Opcode, Commutative, RecipeTys>::all_of_tuple_elements(std::index_sequence<Idx ...>, Fn) const [with Fn = llvm::VPlanPatternMatch::Recipe_match<std::tuple<>, 71, false, llvm::VPInstruction>::match(const llvm::VPRecipeBase*) const::<lambda(auto:38, unsigned int)>; long unsigned int ...Is = {}; Ops_t = std::tuple<>; unsigned int Opcode = 71; bool Commutative = false; RecipeTys = {llvm::VPInstruction}; std::index_sequence<Idx ...> = std::integer_sequence<long unsigned int>]’:
/home/jtuyls/iree-ai/llvm-aie-port/llvm/lib/Transforms/Vectorize/VPlanPatternMatch.h:271:30:   required from ‘bool llvm::VPlanPatternMatch::Recipe_match<Ops_t, Opcode, Commutative, RecipeTys>::match(const llvm::VPRecipeBase*) const [with Ops_t = std::tuple<>; unsigned int Opcode = 71; bool Commutative = false; RecipeTys = {llvm::VPInstruction}]’
/home/jtuyls/iree-ai/llvm-aie-port/llvm/lib/Transforms/Vectorize/VPlanPatternMatch.h:26:17:   required from ‘bool llvm::VPlanPatternMatch::match(Val*, const Pattern&) [with Val = llvm::VPRecipeBase; Pattern = Recipe_match<std::tuple<>, 71, false, llvm::VPInstruction>]’
/home/jtuyls/iree-ai/llvm-aie-port/llvm/lib/Transforms/Vectorize/VPlanPatternMatch.h:37:20:   required from ‘bool llvm::VPlanPatternMatch::match(llvm::VPUser*, const Pattern&) [with Pattern = Recipe_match<std::tuple<>, 71, false, llvm::VPInstruction>]’
/home/jtuyls/iree-ai/llvm-aie-port/llvm/lib/Transforms/Vectorize/VPlanPatternMatch.h:42:35:   required from ‘auto llvm::VPlanPatternMatch::match_fn(const Pattern&) [with Pattern = Recipe_match<std::tuple<>, 71, false, llvm::VPInstruction>]’
/home/jtuyls/iree-ai/llvm-aie-port/llvm/lib/Transforms/Vectorize/VPlanUtils.h:138:41:   required from ‘llvm::VPRecipeBase* llvm::vputils::findUserOf(llvm::VPValue*, const MatchT&) [with MatchT = llvm::VPlanPatternMatch::Recipe_match<std::tuple<>, 71, false, llvm::VPInstruction>]’
/home/jtuyls/iree-ai/llvm-aie-port/llvm/lib/Transforms/Vectorize/VPlanUtils.h:146:48:   required from ‘llvm::VPInstruction* llvm::vputils::findUserOf(llvm::VPValue*) [with unsigned int Opcode = 71]’
/home/jtuyls/iree-ai/llvm-aie-port/llvm/lib/Transforms/Vectorize/VPlanTransforms.cpp:5512:71:   required from here
/home/jtuyls/iree-ai/llvm-aie-port/llvm/lib/Transforms/Vectorize/VPlanPatternMatch.h:298:61: warning: parameter ‘P’ set but not used [-Wunused-but-set-parameter]
/home/jtuyls/iree-ai/llvm-aie-port/llvm/lib/Transforms/Vectorize/VPlanPatternMatch.h: In instantiation of ‘bool llvm::VPlanPatternMatch::Recipe_match<Ops_t, Opcode, Commutative, RecipeTys>::all_of_tuple_elements(std::index_sequence<Idx ...>, Fn) const [with Fn = llvm::VPlanPatternMatch::Recipe_match<std::tuple<>, 71, false, llvm::VPInstruction>::match(const llvm::VPRecipeBase*) const::<lambda(auto:39, unsigned int)>; long unsigned int ...Is = {}; Ops_t = std::tuple<>; unsigned int Opcode = 71; bool Commutative = false; RecipeTys = {llvm::VPInstruction}; std::index_sequence<Idx ...> = std::integer_sequence<long unsigned int>]’:
/home/jtuyls/iree-ai/llvm-aie-port/llvm/lib/Transforms/Vectorize/VPlanPatternMatch.h:277:33:   required from ‘bool llvm::VPlanPatternMatch::Recipe_match<Ops_t, Opcode, Commutative, RecipeTys>::match(const llvm::VPRecipeBase*) const [with Ops_t = std::tuple<>; unsigned int Opcode = 71; bool Commutative = false; RecipeTys = {llvm::VPInstruction}]’
/home/jtuyls/iree-ai/llvm-aie-port/llvm/lib/Transforms/Vectorize/VPlanPatternMatch.h:26:17:   required from ‘bool llvm::VPlanPatternMatch::match(Val*, const Pattern&) [with Val = llvm::VPRecipeBase; Pattern = Recipe_match<std::tuple<>, 71, false, llvm::VPInstruction>]’
/home/jtuyls/iree-ai/llvm-aie-port/llvm/lib/Transforms/Vectorize/VPlanPatternMatch.h:37:20:   required from ‘bool llvm::VPlanPatternMatch::match(llvm::VPUser*, const Pattern&) [with Pattern = Recipe_match<std::tuple<>, 71, false, llvm::VPInstruction>]’
/home/jtuyls/iree-ai/llvm-aie-port/llvm/lib/Transforms/Vectorize/VPlanPatternMatch.h:42:35:   required from ‘auto llvm::VPlanPatternMatch::match_fn(const Pattern&) [with Pattern = Recipe_match<std::tuple<>, 71, false, llvm::VPInstruction>]’
/home/jtuyls/iree-ai/llvm-aie-port/llvm/lib/Transforms/Vectorize/VPlanUtils.h:138:41:   required from ‘llvm::VPRecipeBase* llvm::vputils::findUserOf(llvm::VPValue*, const MatchT&) [with MatchT = llvm::VPlanPatternMatch::Recipe_match<std::tuple<>, 71, false, llvm::VPInstruction>]’
/home/jtuyls/iree-ai/llvm-aie-port/llvm/lib/Transforms/Vectorize/VPlanUtils.h:146:48:   required from ‘llvm::VPInstruction* llvm::vputils::findUserOf(llvm::VPValue*) [with unsigned int Opcode = 71]’
/home/jtuyls/iree-ai/llvm-aie-port/llvm/lib/Transforms/Vectorize/VPlanTransforms.cpp:5512:71:   required from here
/home/jtuyls/iree-ai/llvm-aie-port/llvm/lib/Transforms/Vectorize/VPlanPatternMatch.h:298:61: warning: parameter ‘P’ set but not used [-Wunused-but-set-parameter]
/home/jtuyls/iree-ai/llvm-aie-port/llvm/lib/Transforms/Vectorize/VPlanPatternMatch.h: In instantiation of ‘bool llvm::VPlanPatternMatch::Recipe_match<Ops_t, Opcode, Commutative, RecipeTys>::all_of_tuple_elements(std::index_sequence<Idx ...>, Fn) const [with Fn = llvm::VPlanPatternMatch::Recipe_match<std::tuple<>, 98, false, llvm::VPInstruction>::match(const llvm::VPRecipeBase*) const::<lambda(auto:38, unsigned int)>; long unsigned int ...Is = {}; Ops_t = std::tuple<>; unsigned int Opcode = 98; bool Commutative = false; RecipeTys = {llvm::VPInstruction}; std::index_sequence<Idx ...> = std::integer_sequence<long unsigned int>]’:
/home/jtuyls/iree-ai/llvm-aie-port/llvm/lib/Transforms/Vectorize/VPlanPatternMatch.h:271:30:   required from ‘bool llvm::VPlanPatternMatch::Recipe_match<Ops_t, Opcode, Commutative, RecipeTys>::match(const llvm::VPRecipeBase*) const [with Ops_t = std::tuple<>; unsigned int Opcode = 98; bool Commutative = false; RecipeTys = {llvm::VPInstruction}]’
/home/jtuyls/iree-ai/llvm-aie-port/llvm/lib/Transforms/Vectorize/VPlanPatternMatch.h:233:25:   required from ‘bool llvm::VPlanPatternMatch::Recipe_match<Ops_t, Opcode, Commutative, RecipeTys>::match(const llvm::VPValue*) const [with Ops_t = std::tuple<>; unsigned int Opcode = 98; bool Commutative = false; RecipeTys = {llvm::VPInstruction}]’
/home/jtuyls/iree-ai/llvm-aie-port/llvm/lib/Transforms/Vectorize/VPlanPatternMatch.h:272:45:   required from ‘llvm::VPlanPatternMatch::Recipe_match<std::tuple<llvm::VPlanPatternMatch::Recipe_match<std::tuple<>, 98, false, llvm::VPInstruction>, llvm::PatternMatchHelpers::match_bind<llvm::VPValue> >, 55, false, llvm::VPWidenRecipe, llvm::VPReplicateRecipe, llvm::VPWidenCastRecipe, llvm::VPInstruction>::match(const llvm::VPRecipeBase*) const::<lambda(auto:38, unsigned int)> [with auto:38 = llvm::VPlanPatternMatch::Recipe_match<std::tuple<>, 98, false, llvm::VPInstruction>]’
/home/jtuyls/iree-ai/llvm-aie-port/llvm/lib/Transforms/Vectorize/VPlanPatternMatch.h:299:14:   required from ‘bool llvm::VPlanPatternMatch::Recipe_match<Ops_t, Opcode, Commutative, RecipeTys>::all_of_tuple_elements(std::index_sequence<Idx ...>, Fn) const [with Fn = llvm::VPlanPatternMatch::Recipe_match<std::tuple<llvm::VPlanPatternMatch::Recipe_match<std::tuple<>, 98, false, llvm::VPInstruction>, llvm::PatternMatchHelpers::match_bind<llvm::VPValue> >, 55, false, llvm::VPWidenRecipe, llvm::VPReplicateRecipe, llvm::VPWidenCastRecipe, llvm::VPInstruction>::match(const llvm::VPRecipeBase*) const::<lambda(auto:38, unsigned int)>; long unsigned int ...Is = {0, 1}; Ops_t = std::tuple<llvm::VPlanPatternMatch::Recipe_match<std::tuple<>, 98, false, llvm::VPInstruction>, llvm::PatternMatchHelpers::match_bind<llvm::VPValue> >; unsigned int Opcode = 55; bool Commutative = false; RecipeTys = {llvm::VPWidenRecipe, llvm::VPReplicateRecipe, llvm::VPWidenCastRecipe, llvm::VPInstruction}; std::index_sequence<Idx ...> = std::integer_sequence<long unsigned int, 0, 1>]’
/home/jtuyls/iree-ai/llvm-aie-port/llvm/lib/Transforms/Vectorize/VPlanPatternMatch.h:271:30:   required from ‘bool llvm::VPlanPatternMatch::Recipe_match<Ops_t, Opcode, Commutative, RecipeTys>::match(const llvm::VPRecipeBase*) const [with Ops_t = std::tuple<llvm::VPlanPatternMatch::Recipe_match<std::tuple<>, 98, false, llvm::VPInstruction>, llvm::PatternMatchHelpers::match_bind<llvm::VPValue> >; unsigned int Opcode = 55; bool Commutative = false; RecipeTys = {llvm::VPWidenRecipe, llvm::VPReplicateRecipe, llvm::VPWidenCastRecipe, llvm::VPInstruction}]’
/home/jtuyls/iree-ai/llvm-aie-port/llvm/lib/Transforms/Vectorize/VPlanPatternMatch.h:675:43:   required from ‘bool llvm::VPlanPatternMatch::Cmp_match<Op0_t, Op1_t, Opcodes>::match(const llvm::VPRecipeBase*) const [with Op0_t = llvm::VPlanPatternMatch::Recipe_match<std::tuple<>, 98, false, llvm::VPInstruction>; Op1_t = llvm::PatternMatchHelpers::match_bind<llvm::VPValue>; unsigned int ...Opcodes = {55}]’
/home/jtuyls/iree-ai/llvm-aie-port/llvm/lib/Transforms/Vectorize/VPlanPatternMatch.h:703:22:   required from ‘bool llvm::VPlanPatternMatch::SpecificCmp_match<Op0_t, Op1_t, Opcodes>::match(const llvm::VPRecipeBase*) const [with Op0_t = llvm::VPlanPatternMatch::Recipe_match<std::tuple<>, 98, false, llvm::VPInstruction>; Op1_t = llvm::PatternMatchHelpers::match_bind<llvm::VPValue>; unsigned int ...Opcodes = {55}]’
/home/jtuyls/iree-ai/llvm-aie-port/llvm/lib/Transforms/Vectorize/VPlanPatternMatch.h:26:17:   required from ‘bool llvm::VPlanPatternMatch::match(Val*, const Pattern&) [with Val = llvm::VPRecipeBase; Pattern = SpecificCmp_match<Recipe_match<std::tuple<>, 98, false, llvm::VPInstruction>, llvm::PatternMatchHelpers::match_bind<llvm::VPValue>, 55>]’
/home/jtuyls/iree-ai/llvm-aie-port/llvm/lib/Transforms/Vectorize/VPlanTransforms.cpp:3001:14:   required from here
/home/jtuyls/iree-ai/llvm-aie-port/llvm/lib/Transforms/Vectorize/VPlanPatternMatch.h:298:61: warning: parameter ‘P’ set but not used [-Wunused-but-set-parameter]
/home/jtuyls/iree-ai/llvm-aie-port/llvm/lib/Transforms/Vectorize/VPlanPatternMatch.h: In instantiation of ‘bool llvm::VPlanPatternMatch::Recipe_match<Ops_t, Opcode, Commutative, RecipeTys>::all_of_tuple_elements(std::index_sequence<Idx ...>, Fn) const [with Fn = llvm::VPlanPatternMatch::Recipe_match<std::tuple<>, 98, false, llvm::VPInstruction>::match(const llvm::VPRecipeBase*) const::<lambda(auto:39, unsigned int)>; long unsigned int ...Is = {}; Ops_t = std::tuple<>; unsigned int Opcode = 98; bool Commutative = false; RecipeTys = {llvm::VPInstruction}; std::index_sequence<Idx ...> = std::integer_sequence<long unsigned int>]’:
/home/jtuyls/iree-ai/llvm-aie-port/llvm/lib/Transforms/Vectorize/VPlanPatternMatch.h:277:33:   required from ‘bool llvm::VPlanPatternMatch::Recipe_match<Ops_t, Opcode, Commutative, RecipeTys>::match(const llvm::VPRecipeBase*) const [with Ops_t = std::tuple<>; unsigned int Opcode = 98; bool Commutative = false; RecipeTys = {llvm::VPInstruction}]’
/home/jtuyls/iree-ai/llvm-aie-port/llvm/lib/Transforms/Vectorize/VPlanPatternMatch.h:233:25:   required from ‘bool llvm::VPlanPatternMatch::Recipe_match<Ops_t, Opcode, Commutative, RecipeTys>::match(const llvm::VPValue*) const [with Ops_t = std::tuple<>; unsigned int Opcode = 98; bool Commutative = false; RecipeTys = {llvm::VPInstruction}]’
/home/jtuyls/iree-ai/llvm-aie-port/llvm/lib/Transforms/Vectorize/VPlanPatternMatch.h:272:45:   required from ‘llvm::VPlanPatternMatch::Recipe_match<std::tuple<llvm::VPlanPatternMatch::Recipe_match<std::tuple<>, 98, false, llvm::VPInstruction>, llvm::PatternMatchHelpers::match_bind<llvm::VPValue> >, 55, false, llvm::VPWidenRecipe, llvm::VPReplicateRecipe, llvm::VPWidenCastRecipe, llvm::VPInstruction>::match(const llvm::VPRecipeBase*) const::<lambda(auto:38, unsigned int)> [with auto:38 = llvm::VPlanPatternMatch::Recipe_match<std::tuple<>, 98, false, llvm::VPInstruction>]’
/home/jtuyls/iree-ai/llvm-aie-port/llvm/lib/Transforms/Vectorize/VPlanPatternMatch.h:299:14:   required from ‘bool llvm::VPlanPatternMatch::Recipe_match<Ops_t, Opcode, Commutative, RecipeTys>::all_of_tuple_elements(std::index_sequence<Idx ...>, Fn) const [with Fn = llvm::VPlanPatternMatch::Recipe_match<std::tuple<llvm::VPlanPatternMatch::Recipe_match<std::tuple<>, 98, false, llvm::VPInstruction>, llvm::PatternMatchHelpers::match_bind<llvm::VPValue> >, 55, false, llvm::VPWidenRecipe, llvm::VPReplicateRecipe, llvm::VPWidenCastRecipe, llvm::VPInstruction>::match(const llvm::VPRecipeBase*) const::<lambda(auto:38, unsigned int)>; long unsigned int ...Is = {0, 1}; Ops_t = std::tuple<llvm::VPlanPatternMatch::Recipe_match<std::tuple<>, 98, false, llvm::VPInstruction>, llvm::PatternMatchHelpers::match_bind<llvm::VPValue> >; unsigned int Opcode = 55; bool Commutative = false; RecipeTys = {llvm::VPWidenRecipe, llvm::VPReplicateRecipe, llvm::VPWidenCastRecipe, llvm::VPInstruction}; std::index_sequence<Idx ...> = std::integer_sequence<long unsigned int, 0, 1>]’
/home/jtuyls/iree-ai/llvm-aie-port/llvm/lib/Transforms/Vectorize/VPlanPatternMatch.h:271:30:   required from ‘bool llvm::VPlanPatternMatch::Recipe_match<Ops_t, Opcode, Commutative, RecipeTys>::match(const llvm::VPRecipeBase*) const [with Ops_t = std::tuple<llvm::VPlanPatternMatch::Recipe_match<std::tuple<>, 98, false, llvm::VPInstruction>, llvm::PatternMatchHelpers::match_bind<llvm::VPValue> >; unsigned int Opcode = 55; bool Commutative = false; RecipeTys = {llvm::VPWidenRecipe, llvm::VPReplicateRecipe, llvm::VPWidenCastRecipe, llvm::VPInstruction}]’
/home/jtuyls/iree-ai/llvm-aie-port/llvm/lib/Transforms/Vectorize/VPlanPatternMatch.h:675:43:   required from ‘bool llvm::VPlanPatternMatch::Cmp_match<Op0_t, Op1_t, Opcodes>::match(const llvm::VPRecipeBase*) const [with Op0_t = llvm::VPlanPatternMatch::Recipe_match<std::tuple<>, 98, false, llvm::VPInstruction>; Op1_t = llvm::PatternMatchHelpers::match_bind<llvm::VPValue>; unsigned int ...Opcodes = {55}]’
/home/jtuyls/iree-ai/llvm-aie-port/llvm/lib/Transforms/Vectorize/VPlanPatternMatch.h:703:22:   required from ‘bool llvm::VPlanPatternMatch::SpecificCmp_match<Op0_t, Op1_t, Opcodes>::match(const llvm::VPRecipeBase*) const [with Op0_t = llvm::VPlanPatternMatch::Recipe_match<std::tuple<>, 98, false, llvm::VPInstruction>; Op1_t = llvm::PatternMatchHelpers::match_bind<llvm::VPValue>; unsigned int ...Opcodes = {55}]’
/home/jtuyls/iree-ai/llvm-aie-port/llvm/lib/Transforms/Vectorize/VPlanPatternMatch.h:26:17:   required from ‘bool llvm::VPlanPatternMatch::match(Val*, const Pattern&) [with Val = llvm::VPRecipeBase; Pattern = SpecificCmp_match<Recipe_match<std::tuple<>, 98, false, llvm::VPInstruction>, llvm::PatternMatchHelpers::match_bind<llvm::VPValue>, 55>]’
/home/jtuyls/iree-ai/llvm-aie-port/llvm/lib/Transforms/Vectorize/VPlanTransforms.cpp:3001:14:   required from here
/home/jtuyls/iree-ai/llvm-aie-port/llvm/lib/Transforms/Vectorize/VPlanPatternMatch.h:298:61: warning: parameter ‘P’ set but not used [-Wunused-but-set-parameter]
[774/1203] Building CXX object lib/Transforms/Vectorize/CMakeFiles/LLVMVectorize.dir/VPlanAnalysis.cpp.o
[775/1203] Building CXX object lib/Transforms/Vectorize/CMakeFiles/LLVMVectorize.dir/VPlanVerifier.cpp.o
In file included from /home/jtuyls/iree-ai/llvm-aie-port/llvm/lib/Transforms/Vectorize/VPlanUtils.h:13,
                 from /home/jtuyls/iree-ai/llvm-aie-port/llvm/lib/Transforms/Vectorize/VPlanCFG.h:16,
                 from /home/jtuyls/iree-ai/llvm-aie-port/llvm/lib/Transforms/Vectorize/VPlanVerifier.cpp:17:
/home/jtuyls/iree-ai/llvm-aie-port/llvm/lib/Transforms/Vectorize/VPlanPatternMatch.h: In instantiation of ‘bool llvm::VPlanPatternMatch::Recipe_match<Ops_t, Opcode, Commutative, RecipeTys>::all_of_tuple_elements(std::index_sequence<Idx ...>, Fn) const [with Fn = llvm::VPlanPatternMatch::Recipe_match<std::tuple<>, 104, false, llvm::VPInstruction>::match(const llvm::VPRecipeBase*) const::<lambda(auto:38, unsigned int)>; long unsigned int ...Is = {}; Ops_t = std::tuple<>; unsigned int Opcode = 104; bool Commutative = false; RecipeTys = {llvm::VPInstruction}; std::index_sequence<Idx ...> = std::integer_sequence<long unsigned int>]’:
/home/jtuyls/iree-ai/llvm-aie-port/llvm/lib/Transforms/Vectorize/VPlanPatternMatch.h:271:30:   required from ‘bool llvm::VPlanPatternMatch::Recipe_match<Ops_t, Opcode, Commutative, RecipeTys>::match(const llvm::VPRecipeBase*) const [with Ops_t = std::tuple<>; unsigned int Opcode = 104; bool Commutative = false; RecipeTys = {llvm::VPInstruction}]’
/home/jtuyls/iree-ai/llvm-aie-port/llvm/lib/Transforms/Vectorize/VPlanPatternMatch.h:26:17:   required from ‘bool llvm::VPlanPatternMatch::match(Val*, const Pattern&) [with Val = const llvm::VPRecipeBase; Pattern = Recipe_match<std::tuple<>, 104, false, llvm::VPInstruction>]’
/home/jtuyls/iree-ai/llvm-aie-port/llvm/lib/Transforms/Vectorize/VPlanVerifier.cpp:233:16:   required from here
/home/jtuyls/iree-ai/llvm-aie-port/llvm/lib/Transforms/Vectorize/VPlanPatternMatch.h:298:61: warning: parameter ‘P’ set but not used [-Wunused-but-set-parameter]
  298 |   bool all_of_tuple_elements(std::index_sequence<Is...>, Fn P) const {
      |                                                          ~~~^
/home/jtuyls/iree-ai/llvm-aie-port/llvm/lib/Transforms/Vectorize/VPlanPatternMatch.h: In instantiation of ‘bool llvm::VPlanPatternMatch::Recipe_match<Ops_t, Opcode, Commutative, RecipeTys>::all_of_tuple_elements(std::index_sequence<Idx ...>, Fn) const [with Fn = llvm::VPlanPatternMatch::Recipe_match<std::tuple<>, 104, false, llvm::VPInstruction>::match(const llvm::VPRecipeBase*) const::<lambda(auto:39, unsigned int)>; long unsigned int ...Is = {}; Ops_t = std::tuple<>; unsigned int Opcode = 104; bool Commutative = false; RecipeTys = {llvm::VPInstruction}; std::index_sequence<Idx ...> = std::integer_sequence<long unsigned int>]’:
/home/jtuyls/iree-ai/llvm-aie-port/llvm/lib/Transforms/Vectorize/VPlanPatternMatch.h:277:33:   required from ‘bool llvm::VPlanPatternMatch::Recipe_match<Ops_t, Opcode, Commutative, RecipeTys>::match(const llvm::VPRecipeBase*) const [with Ops_t = std::tuple<>; unsigned int Opcode = 104; bool Commutative = false; RecipeTys = {llvm::VPInstruction}]’
/home/jtuyls/iree-ai/llvm-aie-port/llvm/lib/Transforms/Vectorize/VPlanPatternMatch.h:26:17:   required from ‘bool llvm::VPlanPatternMatch::match(Val*, const Pattern&) [with Val = const llvm::VPRecipeBase; Pattern = Recipe_match<std::tuple<>, 104, false, llvm::VPInstruction>]’
/home/jtuyls/iree-ai/llvm-aie-port/llvm/lib/Transforms/Vectorize/VPlanVerifier.cpp:233:16:   required from here
/home/jtuyls/iree-ai/llvm-aie-port/llvm/lib/Transforms/Vectorize/VPlanPatternMatch.h:298:61: warning: parameter ‘P’ set but not used [-Wunused-but-set-parameter]
/home/jtuyls/iree-ai/llvm-aie-port/llvm/lib/Transforms/Vectorize/VPlanPatternMatch.h: In instantiation of ‘bool llvm::VPlanPatternMatch::Recipe_match<Ops_t, Opcode, Commutative, RecipeTys>::all_of_tuple_elements(std::index_sequence<Idx ...>, Fn) const [with Fn = llvm::VPlanPatternMatch::Recipe_match<std::tuple<>, 98, false, llvm::VPInstruction>::match(const llvm::VPRecipeBase*) const::<lambda(auto:38, unsigned int)>; long unsigned int ...Is = {}; Ops_t = std::tuple<>; unsigned int Opcode = 98; bool Commutative = false; RecipeTys = {llvm::VPInstruction}; std::index_sequence<Idx ...> = std::integer_sequence<long unsigned int>]’:
/home/jtuyls/iree-ai/llvm-aie-port/llvm/lib/Transforms/Vectorize/VPlanPatternMatch.h:271:30:   required from ‘bool llvm::VPlanPatternMatch::Recipe_match<Ops_t, Opcode, Commutative, RecipeTys>::match(const llvm::VPRecipeBase*) const [with Ops_t = std::tuple<>; unsigned int Opcode = 98; bool Commutative = false; RecipeTys = {llvm::VPInstruction}]’
/home/jtuyls/iree-ai/llvm-aie-port/llvm/lib/Transforms/Vectorize/VPlanPatternMatch.h:233:25:   required from ‘bool llvm::VPlanPatternMatch::Recipe_match<Ops_t, Opcode, Commutative, RecipeTys>::match(const llvm::VPValue*) const [with Ops_t = std::tuple<>; unsigned int Opcode = 98; bool Commutative = false; RecipeTys = {llvm::VPInstruction}]’
/home/jtuyls/iree-ai/llvm-aie-port/llvm/lib/Transforms/Vectorize/VPlanPatternMatch.h:26:17:   required from ‘bool llvm::VPlanPatternMatch::match(Val*, const Pattern&) [with Val = llvm::VPValue; Pattern = Recipe_match<std::tuple<>, 98, false, llvm::VPInstruction>]’
/home/jtuyls/iree-ai/llvm-aie-port/llvm/lib/Transforms/Vectorize/VPlanVerifier.cpp:147:12:   required from here
/home/jtuyls/iree-ai/llvm-aie-port/llvm/lib/Transforms/Vectorize/VPlanPatternMatch.h:298:61: warning: parameter ‘P’ set but not used [-Wunused-but-set-parameter]
/home/jtuyls/iree-ai/llvm-aie-port/llvm/lib/Transforms/Vectorize/VPlanPatternMatch.h: In instantiation of ‘bool llvm::VPlanPatternMatch::Recipe_match<Ops_t, Opcode, Commutative, RecipeTys>::all_of_tuple_elements(std::index_sequence<Idx ...>, Fn) const [with Fn = llvm::VPlanPatternMatch::Recipe_match<std::tuple<>, 98, false, llvm::VPInstruction>::match(const llvm::VPRecipeBase*) const::<lambda(auto:39, unsigned int)>; long unsigned int ...Is = {}; Ops_t = std::tuple<>; unsigned int Opcode = 98; bool Commutative = false; RecipeTys = {llvm::VPInstruction}; std::index_sequence<Idx ...> = std::integer_sequence<long unsigned int>]’:
/home/jtuyls/iree-ai/llvm-aie-port/llvm/lib/Transforms/Vectorize/VPlanPatternMatch.h:277:33:   required from ‘bool llvm::VPlanPatternMatch::Recipe_match<Ops_t, Opcode, Commutative, RecipeTys>::match(const llvm::VPRecipeBase*) const [with Ops_t = std::tuple<>; unsigned int Opcode = 98; bool Commutative = false; RecipeTys = {llvm::VPInstruction}]’
/home/jtuyls/iree-ai/llvm-aie-port/llvm/lib/Transforms/Vectorize/VPlanPatternMatch.h:233:25:   required from ‘bool llvm::VPlanPatternMatch::Recipe_match<Ops_t, Opcode, Commutative, RecipeTys>::match(const llvm::VPValue*) const [with Ops_t = std::tuple<>; unsigned int Opcode = 98; bool Commutative = false; RecipeTys = {llvm::VPInstruction}]’
/home/jtuyls/iree-ai/llvm-aie-port/llvm/lib/Transforms/Vectorize/VPlanPatternMatch.h:26:17:   required from ‘bool llvm::VPlanPatternMatch::match(Val*, const Pattern&) [with Val = llvm::VPValue; Pattern = Recipe_match<std::tuple<>, 98, false, llvm::VPInstruction>]’
/home/jtuyls/iree-ai/llvm-aie-port/llvm/lib/Transforms/Vectorize/VPlanVerifier.cpp:147:12:   required from here
/home/jtuyls/iree-ai/llvm-aie-port/llvm/lib/Transforms/Vectorize/VPlanPatternMatch.h:298:61: warning: parameter ‘P’ set but not used [-Wunused-but-set-parameter]
/home/jtuyls/iree-ai/llvm-aie-port/llvm/lib/Transforms/Vectorize/VPlanPatternMatch.h: In instantiation of ‘bool llvm::VPlanPatternMatch::Recipe_match<Ops_t, Opcode, Commutative, RecipeTys>::all_of_tuple_elements(std::index_sequence<Idx ...>, Fn) const [with Fn = llvm::VPlanPatternMatch::Recipe_match<std::tuple<>, 78, false, llvm::VPInstruction>::match(const llvm::VPRecipeBase*) const::<lambda(auto:38, unsigned int)>; long unsigned int ...Is = {}; Ops_t = std::tuple<>; unsigned int Opcode = 78; bool Commutative = false; RecipeTys = {llvm::VPInstruction}; std::index_sequence<Idx ...> = std::integer_sequence<long unsigned int>]’:
/home/jtuyls/iree-ai/llvm-aie-port/llvm/lib/Transforms/Vectorize/VPlanPatternMatch.h:271:30:   required from ‘bool llvm::VPlanPatternMatch::Recipe_match<Ops_t, Opcode, Commutative, RecipeTys>::match(const llvm::VPRecipeBase*) const [with Ops_t = std::tuple<>; unsigned int Opcode = 78; bool Commutative = false; RecipeTys = {llvm::VPInstruction}]’
/home/jtuyls/iree-ai/llvm-aie-port/llvm/include/llvm/Support/PatternMatchHelpers.h:33:19:   required from ‘bool llvm::PatternMatchHelpers::match_combine_or<Ty, Tys ...>::match(ITy*) const [with ITy = const llvm::VPRecipeBase; Ty = llvm::VPlanPatternMatch::Recipe_match<std::tuple<>, 78, false, llvm::VPInstruction>; Tys = {llvm::PatternMatchHelpers::match_combine_or<llvm::VPlanPatternMatch::Recipe_match<std::tuple<>, 77, false, llvm::VPInstruction>, llvm::VPlanPatternMatch::Recipe_match<std::tuple<>, 79, false, llvm::VPInstruction> >}]’
/home/jtuyls/iree-ai/llvm-aie-port/llvm/lib/Transforms/Vectorize/VPlanPatternMatch.h:26:17:   required from ‘bool llvm::VPlanPatternMatch::match(Val*, const Pattern&) [with Val = const llvm::VPRecipeBase; Pattern = llvm::PatternMatchHelpers::match_combine_or<Recipe_match<std::tuple<>, 78, false, llvm::VPInstruction>, llvm::PatternMatchHelpers::match_combine_or<Recipe_match<std::tuple<>, 77, false, llvm::VPInstruction>, Recipe_match<std::tuple<>, 79, false, llvm::VPInstruction> > >]’
/home/jtuyls/iree-ai/llvm-aie-port/llvm/lib/Transforms/Vectorize/VPlanVerifier.cpp:358:19:   required from here
/home/jtuyls/iree-ai/llvm-aie-port/llvm/lib/Transforms/Vectorize/VPlanPatternMatch.h:298:61: warning: parameter ‘P’ set but not used [-Wunused-but-set-parameter]
/home/jtuyls/iree-ai/llvm-aie-port/llvm/lib/Transforms/Vectorize/VPlanPatternMatch.h: In instantiation of ‘bool llvm::VPlanPatternMatch::Recipe_match<Ops_t, Opcode, Commutative, RecipeTys>::all_of_tuple_elements(std::index_sequence<Idx ...>, Fn) const [with Fn = llvm::VPlanPatternMatch::Recipe_match<std::tuple<>, 78, false, llvm::VPInstruction>::match(const llvm::VPRecipeBase*) const::<lambda(auto:39, unsigned int)>; long unsigned int ...Is = {}; Ops_t = std::tuple<>; unsigned int Opcode = 78; bool Commutative = false; RecipeTys = {llvm::VPInstruction}; std::index_sequence<Idx ...> = std::integer_sequence<long unsigned int>]’:
/home/jtuyls/iree-ai/llvm-aie-port/llvm/lib/Transforms/Vectorize/VPlanPatternMatch.h:277:33:   required from ‘bool llvm::VPlanPatternMatch::Recipe_match<Ops_t, Opcode, Commutative, RecipeTys>::match(const llvm::VPRecipeBase*) const [with Ops_t = std::tuple<>; unsigned int Opcode = 78; bool Commutative = false; RecipeTys = {llvm::VPInstruction}]’
/home/jtuyls/iree-ai/llvm-aie-port/llvm/include/llvm/Support/PatternMatchHelpers.h:33:19:   required from ‘bool llvm::PatternMatchHelpers::match_combine_or<Ty, Tys ...>::match(ITy*) const [with ITy = const llvm::VPRecipeBase; Ty = llvm::VPlanPatternMatch::Recipe_match<std::tuple<>, 78, false, llvm::VPInstruction>; Tys = {llvm::PatternMatchHelpers::match_combine_or<llvm::VPlanPatternMatch::Recipe_match<std::tuple<>, 77, false, llvm::VPInstruction>, llvm::VPlanPatternMatch::Recipe_match<std::tuple<>, 79, false, llvm::VPInstruction> >}]’
/home/jtuyls/iree-ai/llvm-aie-port/llvm/lib/Transforms/Vectorize/VPlanPatternMatch.h:26:17:   required from ‘bool llvm::VPlanPatternMatch::match(Val*, const Pattern&) [with Val = const llvm::VPRecipeBase; Pattern = llvm::PatternMatchHelpers::match_combine_or<Recipe_match<std::tuple<>, 78, false, llvm::VPInstruction>, llvm::PatternMatchHelpers::match_combine_or<Recipe_match<std::tuple<>, 77, false, llvm::VPInstruction>, Recipe_match<std::tuple<>, 79, false, llvm::VPInstruction> > >]’
/home/jtuyls/iree-ai/llvm-aie-port/llvm/lib/Transforms/Vectorize/VPlanVerifier.cpp:358:19:   required from here
/home/jtuyls/iree-ai/llvm-aie-port/llvm/lib/Transforms/Vectorize/VPlanPatternMatch.h:298:61: warning: parameter ‘P’ set but not used [-Wunused-but-set-parameter]
/home/jtuyls/iree-ai/llvm-aie-port/llvm/lib/Transforms/Vectorize/VPlanPatternMatch.h: In instantiation of ‘bool llvm::VPlanPatternMatch::Recipe_match<Ops_t, Opcode, Commutative, RecipeTys>::all_of_tuple_elements(std::index_sequence<Idx ...>, Fn) const [with Fn = llvm::VPlanPatternMatch::Recipe_match<std::tuple<>, 77, false, llvm::VPInstruction>::match(const llvm::VPRecipeBase*) const::<lambda(auto:38, unsigned int)>; long unsigned int ...Is = {}; Ops_t = std::tuple<>; unsigned int Opcode = 77; bool Commutative = false; RecipeTys = {llvm::VPInstruction}; std::index_sequence<Idx ...> = std::integer_sequence<long unsigned int>]’:
/home/jtuyls/iree-ai/llvm-aie-port/llvm/include/llvm/Support/PatternMatchHelpers.h:33:19:   recursively required from ‘bool llvm::PatternMatchHelpers::match_combine_or<Ty, Tys ...>::match(ITy*) const [with ITy = const llvm::VPRecipeBase; Ty = llvm::VPlanPatternMatch::Recipe_match<std::tuple<>, 77, false, llvm::VPInstruction>; Tys = {llvm::VPlanPatternMatch::Recipe_match<std::tuple<>, 79, false, llvm::VPInstruction>}]’
/home/jtuyls/iree-ai/llvm-aie-port/llvm/include/llvm/Support/PatternMatchHelpers.h:33:19:   required from ‘bool llvm::PatternMatchHelpers::match_combine_or<Ty, Tys ...>::match(ITy*) const [with ITy = const llvm::VPRecipeBase; Ty = llvm::PatternMatchHelpers::match_combine_or<llvm::VPlanPatternMatch::Recipe_match<std::tuple<>, 77, false, llvm::VPInstruction>, llvm::VPlanPatternMatch::Recipe_match<std::tuple<>, 79, false, llvm::VPInstruction> >; Tys = {}]’
/home/jtuyls/iree-ai/llvm-aie-port/llvm/include/llvm/Support/PatternMatchHelpers.h:33:57:   required from ‘bool llvm::PatternMatchHelpers::match_combine_or<Ty, Tys ...>::match(ITy*) const [with ITy = const llvm::VPRecipeBase; Ty = llvm::VPlanPatternMatch::Recipe_match<std::tuple<>, 78, false, llvm::VPInstruction>; Tys = {llvm::PatternMatchHelpers::match_combine_or<llvm::VPlanPatternMatch::Recipe_match<std::tuple<>, 77, false, llvm::VPInstruction>, llvm::VPlanPatternMatch::Recipe_match<std::tuple<>, 79, false, llvm::VPInstruction> >}]’
/home/jtuyls/iree-ai/llvm-aie-port/llvm/lib/Transforms/Vectorize/VPlanPatternMatch.h:26:17:   required from ‘bool llvm::VPlanPatternMatch::match(Val*, const Pattern&) [with Val = const llvm::VPRecipeBase; Pattern = llvm::PatternMatchHelpers::match_combine_or<Recipe_match<std::tuple<>, 78, false, llvm::VPInstruction>, llvm::PatternMatchHelpers::match_combine_or<Recipe_match<std::tuple<>, 77, false, llvm::VPInstruction>, Recipe_match<std::tuple<>, 79, false, llvm::VPInstruction> > >]’
/home/jtuyls/iree-ai/llvm-aie-port/llvm/lib/Transforms/Vectorize/VPlanVerifier.cpp:358:19:   required from here
/home/jtuyls/iree-ai/llvm-aie-port/llvm/lib/Transforms/Vectorize/VPlanPatternMatch.h:298:61: warning: parameter ‘P’ set but not used [-Wunused-but-set-parameter]
/home/jtuyls/iree-ai/llvm-aie-port/llvm/lib/Transforms/Vectorize/VPlanPatternMatch.h: In instantiation of ‘bool llvm::VPlanPatternMatch::Recipe_match<Ops_t, Opcode, Commutative, RecipeTys>::all_of_tuple_elements(std::index_sequence<Idx ...>, Fn) const [with Fn = llvm::VPlanPatternMatch::Recipe_match<std::tuple<>, 77, false, llvm::VPInstruction>::match(const llvm::VPRecipeBase*) const::<lambda(auto:39, unsigned int)>; long unsigned int ...Is = {}; Ops_t = std::tuple<>; unsigned int Opcode = 77; bool Commutative = false; RecipeTys = {llvm::VPInstruction}; std::index_sequence<Idx ...> = std::integer_sequence<long unsigned int>]’:
/home/jtuyls/iree-ai/llvm-aie-port/llvm/include/llvm/Support/PatternMatchHelpers.h:33:19:   recursively required from ‘bool llvm::PatternMatchHelpers::match_combine_or<Ty, Tys ...>::match(ITy*) const [with ITy = const llvm::VPRecipeBase; Ty = llvm::VPlanPatternMatch::Recipe_match<std::tuple<>, 77, false, llvm::VPInstruction>; Tys = {llvm::VPlanPatternMatch::Recipe_match<std::tuple<>, 79, false, llvm::VPInstruction>}]’
/home/jtuyls/iree-ai/llvm-aie-port/llvm/include/llvm/Support/PatternMatchHelpers.h:33:19:   required from ‘bool llvm::PatternMatchHelpers::match_combine_or<Ty, Tys ...>::match(ITy*) const [with ITy = const llvm::VPRecipeBase; Ty = llvm::PatternMatchHelpers::match_combine_or<llvm::VPlanPatternMatch::Recipe_match<std::tuple<>, 77, false, llvm::VPInstruction>, llvm::VPlanPatternMatch::Recipe_match<std::tuple<>, 79, false, llvm::VPInstruction> >; Tys = {}]’
/home/jtuyls/iree-ai/llvm-aie-port/llvm/include/llvm/Support/PatternMatchHelpers.h:33:57:   required from ‘bool llvm::PatternMatchHelpers::match_combine_or<Ty, Tys ...>::match(ITy*) const [with ITy = const llvm::VPRecipeBase; Ty = llvm::VPlanPatternMatch::Recipe_match<std::tuple<>, 78, false, llvm::VPInstruction>; Tys = {llvm::PatternMatchHelpers::match_combine_or<llvm::VPlanPatternMatch::Recipe_match<std::tuple<>, 77, false, llvm::VPInstruction>, llvm::VPlanPatternMatch::Recipe_match<std::tuple<>, 79, false, llvm::VPInstruction> >}]’
/home/jtuyls/iree-ai/llvm-aie-port/llvm/lib/Transforms/Vectorize/VPlanPatternMatch.h:26:17:   required from ‘bool llvm::VPlanPatternMatch::match(Val*, const Pattern&) [with Val = const llvm::VPRecipeBase; Pattern = llvm::PatternMatchHelpers::match_combine_or<Recipe_match<std::tuple<>, 78, false, llvm::VPInstruction>, llvm::PatternMatchHelpers::match_combine_or<Recipe_match<std::tuple<>, 77, false, llvm::VPInstruction>, Recipe_match<std::tuple<>, 79, false, llvm::VPInstruction> > >]’
/home/jtuyls/iree-ai/llvm-aie-port/llvm/lib/Transforms/Vectorize/VPlanVerifier.cpp:358:19:   required from here
/home/jtuyls/iree-ai/llvm-aie-port/llvm/lib/Transforms/Vectorize/VPlanPatternMatch.h:298:61: warning: parameter ‘P’ set but not used [-Wunused-but-set-parameter]
/home/jtuyls/iree-ai/llvm-aie-port/llvm/lib/Transforms/Vectorize/VPlanPatternMatch.h: In instantiation of ‘bool llvm::VPlanPatternMatch::Recipe_match<Ops_t, Opcode, Commutative, RecipeTys>::all_of_tuple_elements(std::index_sequence<Idx ...>, Fn) const [with Fn = llvm::VPlanPatternMatch::Recipe_match<std::tuple<>, 79, false, llvm::VPInstruction>::match(const llvm::VPRecipeBase*) const::<lambda(auto:38, unsigned int)>; long unsigned int ...Is = {}; Ops_t = std::tuple<>; unsigned int Opcode = 79; bool Commutative = false; RecipeTys = {llvm::VPInstruction}; std::index_sequence<Idx ...> = std::integer_sequence<long unsigned int>]’:
/home/jtuyls/iree-ai/llvm-aie-port/llvm/lib/Transforms/Vectorize/VPlanPatternMatch.h:271:30:   required from ‘bool llvm::VPlanPatternMatch::Recipe_match<Ops_t, Opcode, Commutative, RecipeTys>::match(const llvm::VPRecipeBase*) const [with Ops_t = std::tuple<>; unsigned int Opcode = 79; bool Commutative = false; RecipeTys = {llvm::VPInstruction}]’
/home/jtuyls/iree-ai/llvm-aie-port/llvm/include/llvm/Support/PatternMatchHelpers.h:33:19:   required from ‘bool llvm::PatternMatchHelpers::match_combine_or<Ty, Tys ...>::match(ITy*) const [with ITy = const llvm::VPRecipeBase; Ty = llvm::VPlanPatternMatch::Recipe_match<std::tuple<>, 79, false, llvm::VPInstruction>; Tys = {}]’
/home/jtuyls/iree-ai/llvm-aie-port/llvm/include/llvm/Support/PatternMatchHelpers.h:33:57:   required from ‘bool llvm::PatternMatchHelpers::match_combine_or<Ty, Tys ...>::match(ITy*) const [with ITy = const llvm::VPRecipeBase; Ty = llvm::VPlanPatternMatch::Recipe_match<std::tuple<>, 77, false, llvm::VPInstruction>; Tys = {llvm::VPlanPatternMatch::Recipe_match<std::tuple<>, 79, false, llvm::VPInstruction>}]’
/home/jtuyls/iree-ai/llvm-aie-port/llvm/include/llvm/Support/PatternMatchHelpers.h:33:19:   required from ‘bool llvm::PatternMatchHelpers::match_combine_or<Ty, Tys ...>::match(ITy*) const [with ITy = const llvm::VPRecipeBase; Ty = llvm::PatternMatchHelpers::match_combine_or<llvm::VPlanPatternMatch::Recipe_match<std::tuple<>, 77, false, llvm::VPInstruction>, llvm::VPlanPatternMatch::Recipe_match<std::tuple<>, 79, false, llvm::VPInstruction> >; Tys = {}]’
/home/jtuyls/iree-ai/llvm-aie-port/llvm/include/llvm/Support/PatternMatchHelpers.h:33:57:   required from ‘bool llvm::PatternMatchHelpers::match_combine_or<Ty, Tys ...>::match(ITy*) const [with ITy = const llvm::VPRecipeBase; Ty = llvm::VPlanPatternMatch::Recipe_match<std::tuple<>, 78, false, llvm::VPInstruction>; Tys = {llvm::PatternMatchHelpers::match_combine_or<llvm::VPlanPatternMatch::Recipe_match<std::tuple<>, 77, false, llvm::VPInstruction>, llvm::VPlanPatternMatch::Recipe_match<std::tuple<>, 79, false, llvm::VPInstruction> >}]’
/home/jtuyls/iree-ai/llvm-aie-port/llvm/lib/Transforms/Vectorize/VPlanPatternMatch.h:26:17:   required from ‘bool llvm::VPlanPatternMatch::match(Val*, const Pattern&) [with Val = const llvm::VPRecipeBase; Pattern = llvm::PatternMatchHelpers::match_combine_or<Recipe_match<std::tuple<>, 78, false, llvm::VPInstruction>, llvm::PatternMatchHelpers::match_combine_or<Recipe_match<std::tuple<>, 77, false, llvm::VPInstruction>, Recipe_match<std::tuple<>, 79, false, llvm::VPInstruction> > >]’
/home/jtuyls/iree-ai/llvm-aie-port/llvm/lib/Transforms/Vectorize/VPlanVerifier.cpp:358:19:   required from here
/home/jtuyls/iree-ai/llvm-aie-port/llvm/lib/Transforms/Vectorize/VPlanPatternMatch.h:298:61: warning: parameter ‘P’ set but not used [-Wunused-but-set-parameter]
/home/jtuyls/iree-ai/llvm-aie-port/llvm/lib/Transforms/Vectorize/VPlanPatternMatch.h: In instantiation of ‘bool llvm::VPlanPatternMatch::Recipe_match<Ops_t, Opcode, Commutative, RecipeTys>::all_of_tuple_elements(std::index_sequence<Idx ...>, Fn) const [with Fn = llvm::VPlanPatternMatch::Recipe_match<std::tuple<>, 79, false, llvm::VPInstruction>::match(const llvm::VPRecipeBase*) const::<lambda(auto:39, unsigned int)>; long unsigned int ...Is = {}; Ops_t = std::tuple<>; unsigned int Opcode = 79; bool Commutative = false; RecipeTys = {llvm::VPInstruction}; std::index_sequence<Idx ...> = std::integer_sequence<long unsigned int>]’:
/home/jtuyls/iree-ai/llvm-aie-port/llvm/lib/Transforms/Vectorize/VPlanPatternMatch.h:277:33:   required from ‘bool llvm::VPlanPatternMatch::Recipe_match<Ops_t, Opcode, Commutative, RecipeTys>::match(const llvm::VPRecipeBase*) const [with Ops_t = std::tuple<>; unsigned int Opcode = 79; bool Commutative = false; RecipeTys = {llvm::VPInstruction}]’
/home/jtuyls/iree-ai/llvm-aie-port/llvm/include/llvm/Support/PatternMatchHelpers.h:33:19:   required from ‘bool llvm::PatternMatchHelpers::match_combine_or<Ty, Tys ...>::match(ITy*) const [with ITy = const llvm::VPRecipeBase; Ty = llvm::VPlanPatternMatch::Recipe_match<std::tuple<>, 79, false, llvm::VPInstruction>; Tys = {}]’
/home/jtuyls/iree-ai/llvm-aie-port/llvm/include/llvm/Support/PatternMatchHelpers.h:33:57:   required from ‘bool llvm::PatternMatchHelpers::match_combine_or<Ty, Tys ...>::match(ITy*) const [with ITy = const llvm::VPRecipeBase; Ty = llvm::VPlanPatternMatch::Recipe_match<std::tuple<>, 77, false, llvm::VPInstruction>; Tys = {llvm::VPlanPatternMatch::Recipe_match<std::tuple<>, 79, false, llvm::VPInstruction>}]’
/home/jtuyls/iree-ai/llvm-aie-port/llvm/include/llvm/Support/PatternMatchHelpers.h:33:19:   required from ‘bool llvm::PatternMatchHelpers::match_combine_or<Ty, Tys ...>::match(ITy*) const [with ITy = const llvm::VPRecipeBase; Ty = llvm::PatternMatchHelpers::match_combine_or<llvm::VPlanPatternMatch::Recipe_match<std::tuple<>, 77, false, llvm::VPInstruction>, llvm::VPlanPatternMatch::Recipe_match<std::tuple<>, 79, false, llvm::VPInstruction> >; Tys = {}]’
/home/jtuyls/iree-ai/llvm-aie-port/llvm/include/llvm/Support/PatternMatchHelpers.h:33:57:   required from ‘bool llvm::PatternMatchHelpers::match_combine_or<Ty, Tys ...>::match(ITy*) const [with ITy = const llvm::VPRecipeBase; Ty = llvm::VPlanPatternMatch::Recipe_match<std::tuple<>, 78, false, llvm::VPInstruction>; Tys = {llvm::PatternMatchHelpers::match_combine_or<llvm::VPlanPatternMatch::Recipe_match<std::tuple<>, 77, false, llvm::VPInstruction>, llvm::VPlanPatternMatch::Recipe_match<std::tuple<>, 79, false, llvm::VPInstruction> >}]’
/home/jtuyls/iree-ai/llvm-aie-port/llvm/lib/Transforms/Vectorize/VPlanPatternMatch.h:26:17:   required from ‘bool llvm::VPlanPatternMatch::match(Val*, const Pattern&) [with Val = const llvm::VPRecipeBase; Pattern = llvm::PatternMatchHelpers::match_combine_or<Recipe_match<std::tuple<>, 78, false, llvm::VPInstruction>, llvm::PatternMatchHelpers::match_combine_or<Recipe_match<std::tuple<>, 77, false, llvm::VPInstruction>, Recipe_match<std::tuple<>, 79, false, llvm::VPInstruction> > >]’
/home/jtuyls/iree-ai/llvm-aie-port/llvm/lib/Transforms/Vectorize/VPlanVerifier.cpp:358:19:   required from here
/home/jtuyls/iree-ai/llvm-aie-port/llvm/lib/Transforms/Vectorize/VPlanPatternMatch.h:298:61: warning: parameter ‘P’ set but not used [-Wunused-but-set-parameter]
[776/1203] Building CXX object lib/Transforms/ObjCARC/CMakeFiles/LLVMObjCARCOpts.dir/ObjCARCContract.cpp.o
[777/1203] Building CXX object lib/Transforms/Vectorize/CMakeFiles/LLVMVectorize.dir/VPlanUnroll.cpp.o
In file included from /home/jtuyls/iree-ai/llvm-aie-port/llvm/lib/Transforms/Vectorize/VPlanUtils.h:13,
                 from /home/jtuyls/iree-ai/llvm-aie-port/llvm/lib/Transforms/Vectorize/VPlanCFG.h:16,
                 from /home/jtuyls/iree-ai/llvm-aie-port/llvm/lib/Transforms/Vectorize/VPlanUnroll.cpp:17:
/home/jtuyls/iree-ai/llvm-aie-port/llvm/lib/Transforms/Vectorize/VPlanPatternMatch.h: In instantiation of ‘bool llvm::VPlanPatternMatch::Recipe_match<Ops_t, Opcode, Commutative, RecipeTys>::all_of_tuple_elements(std::index_sequence<Idx ...>, Fn) const [with Fn = llvm::VPlanPatternMatch::Recipe_match<std::tuple<>, 76, false, llvm::VPInstruction>::match(const llvm::VPRecipeBase*) const::<lambda(auto:38, unsigned int)>; long unsigned int ...Is = {}; Ops_t = std::tuple<>; unsigned int Opcode = 76; bool Commutative = false; RecipeTys = {llvm::VPInstruction}; std::index_sequence<Idx ...> = std::integer_sequence<long unsigned int>]’:
/home/jtuyls/iree-ai/llvm-aie-port/llvm/lib/Transforms/Vectorize/VPlanPatternMatch.h:271:30:   required from ‘bool llvm::VPlanPatternMatch::Recipe_match<Ops_t, Opcode, Commutative, RecipeTys>::match(const llvm::VPRecipeBase*) const [with Ops_t = std::tuple<>; unsigned int Opcode = 76; bool Commutative = false; RecipeTys = {llvm::VPInstruction}]’
/home/jtuyls/iree-ai/llvm-aie-port/llvm/lib/Transforms/Vectorize/VPlanPatternMatch.h:26:17:   required from ‘bool llvm::VPlanPatternMatch::match(Val*, const Pattern&) [with Val = llvm::VPRecipeBase; Pattern = Recipe_match<std::tuple<>, 76, false, llvm::VPInstruction>]’
/home/jtuyls/iree-ai/llvm-aie-port/llvm/lib/Transforms/Vectorize/VPlanUnroll.cpp:389:14:   required from here
/home/jtuyls/iree-ai/llvm-aie-port/llvm/lib/Transforms/Vectorize/VPlanPatternMatch.h:298:61: warning: parameter ‘P’ set but not used [-Wunused-but-set-parameter]
  298 |   bool all_of_tuple_elements(std::index_sequence<Is...>, Fn P) const {
      |                                                          ~~~^
/home/jtuyls/iree-ai/llvm-aie-port/llvm/lib/Transforms/Vectorize/VPlanPatternMatch.h: In instantiation of ‘bool llvm::VPlanPatternMatch::Recipe_match<Ops_t, Opcode, Commutative, RecipeTys>::all_of_tuple_elements(std::index_sequence<Idx ...>, Fn) const [with Fn = llvm::VPlanPatternMatch::Recipe_match<std::tuple<>, 76, false, llvm::VPInstruction>::match(const llvm::VPRecipeBase*) const::<lambda(auto:39, unsigned int)>; long unsigned int ...Is = {}; Ops_t = std::tuple<>; unsigned int Opcode = 76; bool Commutative = false; RecipeTys = {llvm::VPInstruction}; std::index_sequence<Idx ...> = std::integer_sequence<long unsigned int>]’:
/home/jtuyls/iree-ai/llvm-aie-port/llvm/lib/Transforms/Vectorize/VPlanPatternMatch.h:277:33:   required from ‘bool llvm::VPlanPatternMatch::Recipe_match<Ops_t, Opcode, Commutative, RecipeTys>::match(const llvm::VPRecipeBase*) const [with Ops_t = std::tuple<>; unsigned int Opcode = 76; bool Commutative = false; RecipeTys = {llvm::VPInstruction}]’
/home/jtuyls/iree-ai/llvm-aie-port/llvm/lib/Transforms/Vectorize/VPlanPatternMatch.h:26:17:   required from ‘bool llvm::VPlanPatternMatch::match(Val*, const Pattern&) [with Val = llvm::VPRecipeBase; Pattern = Recipe_match<std::tuple<>, 76, false, llvm::VPInstruction>]’
/home/jtuyls/iree-ai/llvm-aie-port/llvm/lib/Transforms/Vectorize/VPlanUnroll.cpp:389:14:   required from here
/home/jtuyls/iree-ai/llvm-aie-port/llvm/lib/Transforms/Vectorize/VPlanPatternMatch.h:298:61: warning: parameter ‘P’ set but not used [-Wunused-but-set-parameter]
/home/jtuyls/iree-ai/llvm-aie-port/llvm/lib/Transforms/Vectorize/VPlanPatternMatch.h: In instantiation of ‘bool llvm::VPlanPatternMatch::Recipe_match<Ops_t, Opcode, Commutative, RecipeTys>::all_of_tuple_elements(std::index_sequence<Idx ...>, Fn) const [with Fn = llvm::VPlanPatternMatch::Recipe_match<std::tuple<>, 78, false, llvm::VPInstruction>::match(const llvm::VPRecipeBase*) const::<lambda(auto:38, unsigned int)>; long unsigned int ...Is = {}; Ops_t = std::tuple<>; unsigned int Opcode = 78; bool Commutative = false; RecipeTys = {llvm::VPInstruction}; std::index_sequence<Idx ...> = std::integer_sequence<long unsigned int>]’:
/home/jtuyls/iree-ai/llvm-aie-port/llvm/lib/Transforms/Vectorize/VPlanPatternMatch.h:271:30:   required from ‘bool llvm::VPlanPatternMatch::Recipe_match<Ops_t, Opcode, Commutative, RecipeTys>::match(const llvm::VPRecipeBase*) const [with Ops_t = std::tuple<>; unsigned int Opcode = 78; bool Commutative = false; RecipeTys = {llvm::VPInstruction}]’
/home/jtuyls/iree-ai/llvm-aie-port/llvm/include/llvm/Support/PatternMatchHelpers.h:33:19:   required from ‘bool llvm::PatternMatchHelpers::match_combine_or<Ty, Tys ...>::match(ITy*) const [with ITy = llvm::VPRecipeBase; Ty = llvm::VPlanPatternMatch::Recipe_match<std::tuple<>, 78, false, llvm::VPInstruction>; Tys = {llvm::VPlanPatternMatch::Recipe_match<std::tuple<>, 77, false, llvm::VPInstruction>}]’
/home/jtuyls/iree-ai/llvm-aie-port/llvm/lib/Transforms/Vectorize/VPlanPatternMatch.h:26:17:   required from ‘bool llvm::VPlanPatternMatch::match(Val*, const Pattern&) [with Val = llvm::VPRecipeBase; Pattern = llvm::PatternMatchHelpers::match_combine_or<Recipe_match<std::tuple<>, 78, false, llvm::VPInstruction>, Recipe_match<std::tuple<>, 77, false, llvm::VPInstruction> >]’
/home/jtuyls/iree-ai/llvm-aie-port/llvm/lib/Transforms/Vectorize/VPlanUnroll.cpp:302:12:   required from here
/home/jtuyls/iree-ai/llvm-aie-port/llvm/lib/Transforms/Vectorize/VPlanPatternMatch.h:298:61: warning: parameter ‘P’ set but not used [-Wunused-but-set-parameter]
/home/jtuyls/iree-ai/llvm-aie-port/llvm/lib/Transforms/Vectorize/VPlanPatternMatch.h: In instantiation of ‘bool llvm::VPlanPatternMatch::Recipe_match<Ops_t, Opcode, Commutative, RecipeTys>::all_of_tuple_elements(std::index_sequence<Idx ...>, Fn) const [with Fn = llvm::VPlanPatternMatch::Recipe_match<std::tuple<>, 78, false, llvm::VPInstruction>::match(const llvm::VPRecipeBase*) const::<lambda(auto:39, unsigned int)>; long unsigned int ...Is = {}; Ops_t = std::tuple<>; unsigned int Opcode = 78; bool Commutative = false; RecipeTys = {llvm::VPInstruction}; std::index_sequence<Idx ...> = std::integer_sequence<long unsigned int>]’:
/home/jtuyls/iree-ai/llvm-aie-port/llvm/lib/Transforms/Vectorize/VPlanPatternMatch.h:277:33:   required from ‘bool llvm::VPlanPatternMatch::Recipe_match<Ops_t, Opcode, Commutative, RecipeTys>::match(const llvm::VPRecipeBase*) const [with Ops_t = std::tuple<>; unsigned int Opcode = 78; bool Commutative = false; RecipeTys = {llvm::VPInstruction}]’
/home/jtuyls/iree-ai/llvm-aie-port/llvm/include/llvm/Support/PatternMatchHelpers.h:33:19:   required from ‘bool llvm::PatternMatchHelpers::match_combine_or<Ty, Tys ...>::match(ITy*) const [with ITy = llvm::VPRecipeBase; Ty = llvm::VPlanPatternMatch::Recipe_match<std::tuple<>, 78, false, llvm::VPInstruction>; Tys = {llvm::VPlanPatternMatch::Recipe_match<std::tuple<>, 77, false, llvm::VPInstruction>}]’
/home/jtuyls/iree-ai/llvm-aie-port/llvm/lib/Transforms/Vectorize/VPlanPatternMatch.h:26:17:   required from ‘bool llvm::VPlanPatternMatch::match(Val*, const Pattern&) [with Val = llvm::VPRecipeBase; Pattern = llvm::PatternMatchHelpers::match_combine_or<Recipe_match<std::tuple<>, 78, false, llvm::VPInstruction>, Recipe_match<std::tuple<>, 77, false, llvm::VPInstruction> >]’
/home/jtuyls/iree-ai/llvm-aie-port/llvm/lib/Transforms/Vectorize/VPlanUnroll.cpp:302:12:   required from here
/home/jtuyls/iree-ai/llvm-aie-port/llvm/lib/Transforms/Vectorize/VPlanPatternMatch.h:298:61: warning: parameter ‘P’ set but not used [-Wunused-but-set-parameter]
/home/jtuyls/iree-ai/llvm-aie-port/llvm/lib/Transforms/Vectorize/VPlanPatternMatch.h: In instantiation of ‘bool llvm::VPlanPatternMatch::Recipe_match<Ops_t, Opcode, Commutative, RecipeTys>::all_of_tuple_elements(std::index_sequence<Idx ...>, Fn) const [with Fn = llvm::VPlanPatternMatch::Recipe_match<std::tuple<>, 82, false, llvm::VPInstruction>::match(const llvm::VPRecipeBase*) const::<lambda(auto:38, unsigned int)>; long unsigned int ...Is = {}; Ops_t = std::tuple<>; unsigned int Opcode = 82; bool Commutative = false; RecipeTys = {llvm::VPInstruction}; std::index_sequence<Idx ...> = std::integer_sequence<long unsigned int>]’:
/home/jtuyls/iree-ai/llvm-aie-port/llvm/lib/Transforms/Vectorize/VPlanPatternMatch.h:271:30:   required from ‘bool llvm::VPlanPatternMatch::Recipe_match<Ops_t, Opcode, Commutative, RecipeTys>::match(const llvm::VPRecipeBase*) const [with Ops_t = std::tuple<>; unsigned int Opcode = 82; bool Commutative = false; RecipeTys = {llvm::VPInstruction}]’
/home/jtuyls/iree-ai/llvm-aie-port/llvm/lib/Transforms/Vectorize/VPlanPatternMatch.h:233:25:   required from ‘bool llvm::VPlanPatternMatch::Recipe_match<Ops_t, Opcode, Commutative, RecipeTys>::match(const llvm::VPValue*) const [with Ops_t = std::tuple<>; unsigned int Opcode = 82; bool Commutative = false; RecipeTys = {llvm::VPInstruction}]’
/home/jtuyls/iree-ai/llvm-aie-port/llvm/lib/Transforms/Vectorize/VPlanPatternMatch.h:26:17:   required from ‘bool llvm::VPlanPatternMatch::match(Val*, const Pattern&) [with Val = llvm::VPValue; Pattern = Recipe_match<std::tuple<>, 82, false, llvm::VPInstruction>]’
/home/jtuyls/iree-ai/llvm-aie-port/llvm/lib/Transforms/Vectorize/VPlanUnroll.cpp:634:14:   required from here
/home/jtuyls/iree-ai/llvm-aie-port/llvm/lib/Transforms/Vectorize/VPlanPatternMatch.h:298:61: warning: parameter ‘P’ set but not used [-Wunused-but-set-parameter]
/home/jtuyls/iree-ai/llvm-aie-port/llvm/lib/Transforms/Vectorize/VPlanPatternMatch.h: In instantiation of ‘bool llvm::VPlanPatternMatch::Recipe_match<Ops_t, Opcode, Commutative, RecipeTys>::all_of_tuple_elements(std::index_sequence<Idx ...>, Fn) const [with Fn = llvm::VPlanPatternMatch::Recipe_match<std::tuple<>, 82, false, llvm::VPInstruction>::match(const llvm::VPRecipeBase*) const::<lambda(auto:39, unsigned int)>; long unsigned int ...Is = {}; Ops_t = std::tuple<>; unsigned int Opcode = 82; bool Commutative = false; RecipeTys = {llvm::VPInstruction}; std::index_sequence<Idx ...> = std::integer_sequence<long unsigned int>]’:
/home/jtuyls/iree-ai/llvm-aie-port/llvm/lib/Transforms/Vectorize/VPlanPatternMatch.h:277:33:   required from ‘bool llvm::VPlanPatternMatch::Recipe_match<Ops_t, Opcode, Commutative, RecipeTys>::match(const llvm::VPRecipeBase*) const [with Ops_t = std::tuple<>; unsigned int Opcode = 82; bool Commutative = false; RecipeTys = {llvm::VPInstruction}]’
/home/jtuyls/iree-ai/llvm-aie-port/llvm/lib/Transforms/Vectorize/VPlanPatternMatch.h:233:25:   required from ‘bool llvm::VPlanPatternMatch::Recipe_match<Ops_t, Opcode, Commutative, RecipeTys>::match(const llvm::VPValue*) const [with Ops_t = std::tuple<>; unsigned int Opcode = 82; bool Commutative = false; RecipeTys = {llvm::VPInstruction}]’
/home/jtuyls/iree-ai/llvm-aie-port/llvm/lib/Transforms/Vectorize/VPlanPatternMatch.h:26:17:   required from ‘bool llvm::VPlanPatternMatch::match(Val*, const Pattern&) [with Val = llvm::VPValue; Pattern = Recipe_match<std::tuple<>, 82, false, llvm::VPInstruction>]’
/home/jtuyls/iree-ai/llvm-aie-port/llvm/lib/Transforms/Vectorize/VPlanUnroll.cpp:634:14:   required from here
/home/jtuyls/iree-ai/llvm-aie-port/llvm/lib/Transforms/Vectorize/VPlanPatternMatch.h:298:61: warning: parameter ‘P’ set but not used [-Wunused-but-set-parameter]
/home/jtuyls/iree-ai/llvm-aie-port/llvm/lib/Transforms/Vectorize/VPlanPatternMatch.h: In instantiation of ‘bool llvm::VPlanPatternMatch::Recipe_match<Ops_t, Opcode, Commutative, RecipeTys>::all_of_tuple_elements(std::index_sequence<Idx ...>, Fn) const [with Fn = llvm::VPlanPatternMatch::Recipe_match<std::tuple<>, 77, false, llvm::VPInstruction>::match(const llvm::VPRecipeBase*) const::<lambda(auto:38, unsigned int)>; long unsigned int ...Is = {}; Ops_t = std::tuple<>; unsigned int Opcode = 77; bool Commutative = false; RecipeTys = {llvm::VPInstruction}; std::index_sequence<Idx ...> = std::integer_sequence<long unsigned int>]’:
/home/jtuyls/iree-ai/llvm-aie-port/llvm/lib/Transforms/Vectorize/VPlanPatternMatch.h:271:30:   required from ‘bool llvm::VPlanPatternMatch::Recipe_match<Ops_t, Opcode, Commutative, RecipeTys>::match(const llvm::VPRecipeBase*) const [with Ops_t = std::tuple<>; unsigned int Opcode = 77; bool Commutative = false; RecipeTys = {llvm::VPInstruction}]’
/home/jtuyls/iree-ai/llvm-aie-port/llvm/include/llvm/Support/PatternMatchHelpers.h:33:19:   required from ‘bool llvm::PatternMatchHelpers::match_combine_or<Ty, Tys ...>::match(ITy*) const [with ITy = llvm::VPRecipeBase; Ty = llvm::VPlanPatternMatch::Recipe_match<std::tuple<>, 77, false, llvm::VPInstruction>; Tys = {}]’
/home/jtuyls/iree-ai/llvm-aie-port/llvm/include/llvm/Support/PatternMatchHelpers.h:33:57:   required from ‘bool llvm::PatternMatchHelpers::match_combine_or<Ty, Tys ...>::match(ITy*) const [with ITy = llvm::VPRecipeBase; Ty = llvm::VPlanPatternMatch::Recipe_match<std::tuple<>, 78, false, llvm::VPInstruction>; Tys = {llvm::VPlanPatternMatch::Recipe_match<std::tuple<>, 77, false, llvm::VPInstruction>}]’
/home/jtuyls/iree-ai/llvm-aie-port/llvm/lib/Transforms/Vectorize/VPlanPatternMatch.h:26:17:   required from ‘bool llvm::VPlanPatternMatch::match(Val*, const Pattern&) [with Val = llvm::VPRecipeBase; Pattern = llvm::PatternMatchHelpers::match_combine_or<Recipe_match<std::tuple<>, 78, false, llvm::VPInstruction>, Recipe_match<std::tuple<>, 77, false, llvm::VPInstruction> >]’
/home/jtuyls/iree-ai/llvm-aie-port/llvm/lib/Transforms/Vectorize/VPlanUnroll.cpp:302:12:   required from here
/home/jtuyls/iree-ai/llvm-aie-port/llvm/lib/Transforms/Vectorize/VPlanPatternMatch.h:298:61: warning: parameter ‘P’ set but not used [-Wunused-but-set-parameter]
/home/jtuyls/iree-ai/llvm-aie-port/llvm/lib/Transforms/Vectorize/VPlanPatternMatch.h: In instantiation of ‘bool llvm::VPlanPatternMatch::Recipe_match<Ops_t, Opcode, Commutative, RecipeTys>::all_of_tuple_elements(std::index_sequence<Idx ...>, Fn) const [with Fn = llvm::VPlanPatternMatch::Recipe_match<std::tuple<>, 77, false, llvm::VPInstruction>::match(const llvm::VPRecipeBase*) const::<lambda(auto:39, unsigned int)>; long unsigned int ...Is = {}; Ops_t = std::tuple<>; unsigned int Opcode = 77; bool Commutative = false; RecipeTys = {llvm::VPInstruction}; std::index_sequence<Idx ...> = std::integer_sequence<long unsigned int>]’:
/home/jtuyls/iree-ai/llvm-aie-port/llvm/lib/Transforms/Vectorize/VPlanPatternMatch.h:277:33:   required from ‘bool llvm::VPlanPatternMatch::Recipe_match<Ops_t, Opcode, Commutative, RecipeTys>::match(const llvm::VPRecipeBase*) const [with Ops_t = std::tuple<>; unsigned int Opcode = 77; bool Commutative = false; RecipeTys = {llvm::VPInstruction}]’
/home/jtuyls/iree-ai/llvm-aie-port/llvm/include/llvm/Support/PatternMatchHelpers.h:33:19:   required from ‘bool llvm::PatternMatchHelpers::match_combine_or<Ty, Tys ...>::match(ITy*) const [with ITy = llvm::VPRecipeBase; Ty = llvm::VPlanPatternMatch::Recipe_match<std::tuple<>, 77, false, llvm::VPInstruction>; Tys = {}]’
/home/jtuyls/iree-ai/llvm-aie-port/llvm/include/llvm/Support/PatternMatchHelpers.h:33:57:   required from ‘bool llvm::PatternMatchHelpers::match_combine_or<Ty, Tys ...>::match(ITy*) const [with ITy = llvm::VPRecipeBase; Ty = llvm::VPlanPatternMatch::Recipe_match<std::tuple<>, 78, false, llvm::VPInstruction>; Tys = {llvm::VPlanPatternMatch::Recipe_match<std::tuple<>, 77, false, llvm::VPInstruction>}]’
/home/jtuyls/iree-ai/llvm-aie-port/llvm/lib/Transforms/Vectorize/VPlanPatternMatch.h:26:17:   required from ‘bool llvm::VPlanPatternMatch::match(Val*, const Pattern&) [with Val = llvm::VPRecipeBase; Pattern = llvm::PatternMatchHelpers::match_combine_or<Recipe_match<std::tuple<>, 78, false, llvm::VPInstruction>, Recipe_match<std::tuple<>, 77, false, llvm::VPInstruction> >]’
/home/jtuyls/iree-ai/llvm-aie-port/llvm/lib/Transforms/Vectorize/VPlanUnroll.cpp:302:12:   required from here
/home/jtuyls/iree-ai/llvm-aie-port/llvm/lib/Transforms/Vectorize/VPlanPatternMatch.h:298:61: warning: parameter ‘P’ set but not used [-Wunused-but-set-parameter]
/home/jtuyls/iree-ai/llvm-aie-port/llvm/lib/Transforms/Vectorize/VPlanPatternMatch.h: In instantiation of ‘bool llvm::VPlanPatternMatch::Recipe_match<Ops_t, Opcode, Commutative, RecipeTys>::all_of_tuple_elements(std::index_sequence<Idx ...>, Fn) const [with Fn = llvm::VPlanPatternMatch::Recipe_match<std::tuple<>, 81, false, llvm::VPInstruction>::match(const llvm::VPRecipeBase*) const::<lambda(auto:38, unsigned int)>; long unsigned int ...Is = {}; Ops_t = std::tuple<>; unsigned int Opcode = 81; bool Commutative = false; RecipeTys = {llvm::VPInstruction}; std::index_sequence<Idx ...> = std::integer_sequence<long unsigned int>]’:
/home/jtuyls/iree-ai/llvm-aie-port/llvm/lib/Transforms/Vectorize/VPlanPatternMatch.h:271:30:   required from ‘bool llvm::VPlanPatternMatch::Recipe_match<Ops_t, Opcode, Commutative, RecipeTys>::match(const llvm::VPRecipeBase*) const [with Ops_t = std::tuple<>; unsigned int Opcode = 81; bool Commutative = false; RecipeTys = {llvm::VPInstruction}]’
/home/jtuyls/iree-ai/llvm-aie-port/llvm/lib/Transforms/Vectorize/VPlanPatternMatch.h:237:17:   required from ‘bool llvm::VPlanPatternMatch::Recipe_match<Ops_t, Opcode, Commutative, RecipeTys>::match(const llvm::VPSingleDefRecipe*) const [with Ops_t = std::tuple<>; unsigned int Opcode = 81; bool Commutative = false; RecipeTys = {llvm::VPInstruction}]’
/home/jtuyls/iree-ai/llvm-aie-port/llvm/include/llvm/Support/PatternMatchHelpers.h:33:19:   required from ‘bool llvm::PatternMatchHelpers::match_combine_or<Ty, Tys ...>::match(ITy*) const [with ITy = llvm::VPInstruction; Ty = llvm::VPlanPatternMatch::Recipe_match<std::tuple<>, 81, false, llvm::VPInstruction>; Tys = {}]’
/home/jtuyls/iree-ai/llvm-aie-port/llvm/include/llvm/Support/PatternMatchHelpers.h:33:57:   required from ‘bool llvm::PatternMatchHelpers::match_combine_or<Ty, Tys ...>::match(ITy*) const [with ITy = llvm::VPInstruction; Ty = llvm::VPlanPatternMatch::Recipe_match<std::tuple<>, 82, false, llvm::VPInstruction>; Tys = {llvm::VPlanPatternMatch::Recipe_match<std::tuple<>, 81, false, llvm::VPInstruction>}]’
/home/jtuyls/iree-ai/llvm-aie-port/llvm/lib/Transforms/Vectorize/VPlanPatternMatch.h:26:17:   required from ‘bool llvm::VPlanPatternMatch::match(Val*, const Pattern&) [with Val = llvm::VPInstruction; Pattern = llvm::PatternMatchHelpers::match_combine_or<Recipe_match<std::tuple<>, 82, false, llvm::VPInstruction>, Recipe_match<std::tuple<>, 81, false, llvm::VPInstruction> >]’
/home/jtuyls/iree-ai/llvm-aie-port/llvm/lib/Transforms/Vectorize/VPlanUnroll.cpp:773:28:   required from here
/home/jtuyls/iree-ai/llvm-aie-port/llvm/lib/Transforms/Vectorize/VPlanPatternMatch.h:298:61: warning: parameter ‘P’ set but not used [-Wunused-but-set-parameter]
/home/jtuyls/iree-ai/llvm-aie-port/llvm/lib/Transforms/Vectorize/VPlanPatternMatch.h: In instantiation of ‘bool llvm::VPlanPatternMatch::Recipe_match<Ops_t, Opcode, Commutative, RecipeTys>::all_of_tuple_elements(std::index_sequence<Idx ...>, Fn) const [with Fn = llvm::VPlanPatternMatch::Recipe_match<std::tuple<>, 81, false, llvm::VPInstruction>::match(const llvm::VPRecipeBase*) const::<lambda(auto:39, unsigned int)>; long unsigned int ...Is = {}; Ops_t = std::tuple<>; unsigned int Opcode = 81; bool Commutative = false; RecipeTys = {llvm::VPInstruction}; std::index_sequence<Idx ...> = std::integer_sequence<long unsigned int>]’:
/home/jtuyls/iree-ai/llvm-aie-port/llvm/lib/Transforms/Vectorize/VPlanPatternMatch.h:277:33:   required from ‘bool llvm::VPlanPatternMatch::Recipe_match<Ops_t, Opcode, Commutative, RecipeTys>::match(const llvm::VPRecipeBase*) const [with Ops_t = std::tuple<>; unsigned int Opcode = 81; bool Commutative = false; RecipeTys = {llvm::VPInstruction}]’
/home/jtuyls/iree-ai/llvm-aie-port/llvm/lib/Transforms/Vectorize/VPlanPatternMatch.h:237:17:   required from ‘bool llvm::VPlanPatternMatch::Recipe_match<Ops_t, Opcode, Commutative, RecipeTys>::match(const llvm::VPSingleDefRecipe*) const [with Ops_t = std::tuple<>; unsigned int Opcode = 81; bool Commutative = false; RecipeTys = {llvm::VPInstruction}]’
/home/jtuyls/iree-ai/llvm-aie-port/llvm/include/llvm/Support/PatternMatchHelpers.h:33:19:   required from ‘bool llvm::PatternMatchHelpers::match_combine_or<Ty, Tys ...>::match(ITy*) const [with ITy = llvm::VPInstruction; Ty = llvm::VPlanPatternMatch::Recipe_match<std::tuple<>, 81, false, llvm::VPInstruction>; Tys = {}]’
/home/jtuyls/iree-ai/llvm-aie-port/llvm/include/llvm/Support/PatternMatchHelpers.h:33:57:   required from ‘bool llvm::PatternMatchHelpers::match_combine_or<Ty, Tys ...>::match(ITy*) const [with ITy = llvm::VPInstruction; Ty = llvm::VPlanPatternMatch::Recipe_match<std::tuple<>, 82, false, llvm::VPInstruction>; Tys = {llvm::VPlanPatternMatch::Recipe_match<std::tuple<>, 81, false, llvm::VPInstruction>}]’
/home/jtuyls/iree-ai/llvm-aie-port/llvm/lib/Transforms/Vectorize/VPlanPatternMatch.h:26:17:   required from ‘bool llvm::VPlanPatternMatch::match(Val*, const Pattern&) [with Val = llvm::VPInstruction; Pattern = llvm::PatternMatchHelpers::match_combine_or<Recipe_match<std::tuple<>, 82, false, llvm::VPInstruction>, Recipe_match<std::tuple<>, 81, false, llvm::VPInstruction> >]’
/home/jtuyls/iree-ai/llvm-aie-port/llvm/lib/Transforms/Vectorize/VPlanUnroll.cpp:773:28:   required from here
/home/jtuyls/iree-ai/llvm-aie-port/llvm/lib/Transforms/Vectorize/VPlanPatternMatch.h:298:61: warning: parameter ‘P’ set but not used [-Wunused-but-set-parameter]
[778/1203] Building CXX object lib/Transforms/Vectorize/CMakeFiles/LLVMVectorize.dir/VPlanConstruction.cpp.o
In file included from /home/jtuyls/iree-ai/llvm-aie-port/llvm/lib/Transforms/Vectorize/VPlanUtils.h:13,
                 from /home/jtuyls/iree-ai/llvm-aie-port/llvm/lib/Transforms/Vectorize/VPlanCFG.h:16,
                 from /home/jtuyls/iree-ai/llvm-aie-port/llvm/lib/Transforms/Vectorize/VPlanConstruction.cpp:17:
/home/jtuyls/iree-ai/llvm-aie-port/llvm/lib/Transforms/Vectorize/VPlanPatternMatch.h: In instantiation of ‘bool llvm::VPlanPatternMatch::Recipe_match<Ops_t, Opcode, Commutative, RecipeTys>::all_of_tuple_elements(std::index_sequence<Idx ...>, Fn) const [with Fn = llvm::VPlanPatternMatch::Recipe_match<std::tuple<>, 78, false, llvm::VPInstruction>::match(const llvm::VPRecipeBase*) const::<lambda(auto:38, unsigned int)>; long unsigned int ...Is = {}; Ops_t = std::tuple<>; unsigned int Opcode = 78; bool Commutative = false; RecipeTys = {llvm::VPInstruction}; std::index_sequence<Idx ...> = std::integer_sequence<long unsigned int>]’:
/home/jtuyls/iree-ai/llvm-aie-port/llvm/lib/Transforms/Vectorize/VPlanPatternMatch.h:271:30:   required from ‘bool llvm::VPlanPatternMatch::Recipe_match<Ops_t, Opcode, Commutative, RecipeTys>::match(const llvm::VPRecipeBase*) const [with Ops_t = std::tuple<>; unsigned int Opcode = 78; bool Commutative = false; RecipeTys = {llvm::VPInstruction}]’
/home/jtuyls/iree-ai/llvm-aie-port/llvm/lib/Transforms/Vectorize/VPlanPatternMatch.h:26:17:   required from ‘bool llvm::VPlanPatternMatch::match(Val*, const Pattern&) [with Val = llvm::VPRecipeBase; Pattern = Recipe_match<std::tuple<>, 78, false, llvm::VPInstruction>]’
/home/jtuyls/iree-ai/llvm-aie-port/llvm/lib/Transforms/Vectorize/VPlanConstruction.cpp:492:35:   required from here
/home/jtuyls/iree-ai/llvm-aie-port/llvm/lib/Transforms/Vectorize/VPlanPatternMatch.h:298:61: warning: parameter ‘P’ set but not used [-Wunused-but-set-parameter]
  298 |   bool all_of_tuple_elements(std::index_sequence<Is...>, Fn P) const {
      |                                                          ~~~^
/home/jtuyls/iree-ai/llvm-aie-port/llvm/lib/Transforms/Vectorize/VPlanPatternMatch.h: In instantiation of ‘bool llvm::VPlanPatternMatch::Recipe_match<Ops_t, Opcode, Commutative, RecipeTys>::all_of_tuple_elements(std::index_sequence<Idx ...>, Fn) const [with Fn = llvm::VPlanPatternMatch::Recipe_match<std::tuple<>, 78, false, llvm::VPInstruction>::match(const llvm::VPRecipeBase*) const::<lambda(auto:39, unsigned int)>; long unsigned int ...Is = {}; Ops_t = std::tuple<>; unsigned int Opcode = 78; bool Commutative = false; RecipeTys = {llvm::VPInstruction}; std::index_sequence<Idx ...> = std::integer_sequence<long unsigned int>]’:
/home/jtuyls/iree-ai/llvm-aie-port/llvm/lib/Transforms/Vectorize/VPlanPatternMatch.h:277:33:   required from ‘bool llvm::VPlanPatternMatch::Recipe_match<Ops_t, Opcode, Commutative, RecipeTys>::match(const llvm::VPRecipeBase*) const [with Ops_t = std::tuple<>; unsigned int Opcode = 78; bool Commutative = false; RecipeTys = {llvm::VPInstruction}]’
/home/jtuyls/iree-ai/llvm-aie-port/llvm/lib/Transforms/Vectorize/VPlanPatternMatch.h:26:17:   required from ‘bool llvm::VPlanPatternMatch::match(Val*, const Pattern&) [with Val = llvm::VPRecipeBase; Pattern = Recipe_match<std::tuple<>, 78, false, llvm::VPInstruction>]’
/home/jtuyls/iree-ai/llvm-aie-port/llvm/lib/Transforms/Vectorize/VPlanConstruction.cpp:492:35:   required from here
/home/jtuyls/iree-ai/llvm-aie-port/llvm/lib/Transforms/Vectorize/VPlanPatternMatch.h:298:61: warning: parameter ‘P’ set but not used [-Wunused-but-set-parameter]
/home/jtuyls/iree-ai/llvm-aie-port/llvm/lib/Transforms/Vectorize/VPlanPatternMatch.h: In instantiation of ‘bool llvm::VPlanPatternMatch::Recipe_match<Ops_t, Opcode, Commutative, RecipeTys>::all_of_tuple_elements(std::index_sequence<Idx ...>, Fn) const [with Fn = llvm::VPlanPatternMatch::Recipe_match<std::tuple<>, 34, false, llvm::VPInstruction>::match(const llvm::VPRecipeBase*) const::<lambda(auto:38, unsigned int)>; long unsigned int ...Is = {}; Ops_t = std::tuple<>; unsigned int Opcode = 34; bool Commutative = false; RecipeTys = {llvm::VPInstruction}; std::index_sequence<Idx ...> = std::integer_sequence<long unsigned int>]’:
/home/jtuyls/iree-ai/llvm-aie-port/llvm/lib/Transforms/Vectorize/VPlanPatternMatch.h:271:30:   required from ‘bool llvm::VPlanPatternMatch::Recipe_match<Ops_t, Opcode, Commutative, RecipeTys>::match(const llvm::VPRecipeBase*) const [with Ops_t = std::tuple<>; unsigned int Opcode = 34; bool Commutative = false; RecipeTys = {llvm::VPInstruction}]’
/home/jtuyls/iree-ai/llvm-aie-port/llvm/lib/Transforms/Vectorize/VPlanPatternMatch.h:46:17:   required from ‘bool llvm::VPlanPatternMatch::match(llvm::VPSingleDefRecipe*, const Pattern&) [with Pattern = Recipe_match<std::tuple<>, 34, false, llvm::VPInstruction>]’
/home/jtuyls/iree-ai/llvm-aie-port/llvm/lib/Transforms/Vectorize/VPlanConstruction.cpp:1034:18:   required from here
/home/jtuyls/iree-ai/llvm-aie-port/llvm/lib/Transforms/Vectorize/VPlanPatternMatch.h:298:61: warning: parameter ‘P’ set but not used [-Wunused-but-set-parameter]
/home/jtuyls/iree-ai/llvm-aie-port/llvm/lib/Transforms/Vectorize/VPlanPatternMatch.h: In instantiation of ‘bool llvm::VPlanPatternMatch::Recipe_match<Ops_t, Opcode, Commutative, RecipeTys>::all_of_tuple_elements(std::index_sequence<Idx ...>, Fn) const [with Fn = llvm::VPlanPatternMatch::Recipe_match<std::tuple<>, 34, false, llvm::VPInstruction>::match(const llvm::VPRecipeBase*) const::<lambda(auto:39, unsigned int)>; long unsigned int ...Is = {}; Ops_t = std::tuple<>; unsigned int Opcode = 34; bool Commutative = false; RecipeTys = {llvm::VPInstruction}; std::index_sequence<Idx ...> = std::integer_sequence<long unsigned int>]’:
/home/jtuyls/iree-ai/llvm-aie-port/llvm/lib/Transforms/Vectorize/VPlanPatternMatch.h:277:33:   required from ‘bool llvm::VPlanPatternMatch::Recipe_match<Ops_t, Opcode, Commutative, RecipeTys>::match(const llvm::VPRecipeBase*) const [with Ops_t = std::tuple<>; unsigned int Opcode = 34; bool Commutative = false; RecipeTys = {llvm::VPInstruction}]’
/home/jtuyls/iree-ai/llvm-aie-port/llvm/lib/Transforms/Vectorize/VPlanPatternMatch.h:46:17:   required from ‘bool llvm::VPlanPatternMatch::match(llvm::VPSingleDefRecipe*, const Pattern&) [with Pattern = Recipe_match<std::tuple<>, 34, false, llvm::VPInstruction>]’
/home/jtuyls/iree-ai/llvm-aie-port/llvm/lib/Transforms/Vectorize/VPlanConstruction.cpp:1034:18:   required from here
/home/jtuyls/iree-ai/llvm-aie-port/llvm/lib/Transforms/Vectorize/VPlanPatternMatch.h:298:61: warning: parameter ‘P’ set but not used [-Wunused-but-set-parameter]
/home/jtuyls/iree-ai/llvm-aie-port/llvm/lib/Transforms/Vectorize/VPlanPatternMatch.h: In instantiation of ‘bool llvm::VPlanPatternMatch::Recipe_match<Ops_t, Opcode, Commutative, RecipeTys>::all_of_tuple_elements(std::index_sequence<Idx ...>, Fn) const [with Fn = llvm::VPlanPatternMatch::Recipe_match<std::tuple<>, 77, false, llvm::VPInstruction>::match(const llvm::VPRecipeBase*) const::<lambda(auto:38, unsigned int)>; long unsigned int ...Is = {}; Ops_t = std::tuple<>; unsigned int Opcode = 77; bool Commutative = false; RecipeTys = {llvm::VPInstruction}; std::index_sequence<Idx ...> = std::integer_sequence<long unsigned int>]’:
/home/jtuyls/iree-ai/llvm-aie-port/llvm/lib/Transforms/Vectorize/VPlanPatternMatch.h:271:30:   required from ‘bool llvm::VPlanPatternMatch::Recipe_match<Ops_t, Opcode, Commutative, RecipeTys>::match(const llvm::VPRecipeBase*) const [with Ops_t = std::tuple<>; unsigned int Opcode = 77; bool Commutative = false; RecipeTys = {llvm::VPInstruction}]’
/home/jtuyls/iree-ai/llvm-aie-port/llvm/lib/Transforms/Vectorize/VPlanPatternMatch.h:26:17:   required from ‘bool llvm::VPlanPatternMatch::match(Val*, const Pattern&) [with Val = llvm::VPRecipeBase; Pattern = Recipe_match<std::tuple<>, 77, false, llvm::VPInstruction>]’
/home/jtuyls/iree-ai/llvm-aie-port/llvm/lib/Transforms/Vectorize/VPlanConstruction.cpp:1650:41:   required from here
/home/jtuyls/iree-ai/llvm-aie-port/llvm/lib/Transforms/Vectorize/VPlanPatternMatch.h:298:61: warning: parameter ‘P’ set but not used [-Wunused-but-set-parameter]
/home/jtuyls/iree-ai/llvm-aie-port/llvm/lib/Transforms/Vectorize/VPlanPatternMatch.h: In instantiation of ‘bool llvm::VPlanPatternMatch::Recipe_match<Ops_t, Opcode, Commutative, RecipeTys>::all_of_tuple_elements(std::index_sequence<Idx ...>, Fn) const [with Fn = llvm::VPlanPatternMatch::Recipe_match<std::tuple<>, 77, false, llvm::VPInstruction>::match(const llvm::VPRecipeBase*) const::<lambda(auto:39, unsigned int)>; long unsigned int ...Is = {}; Ops_t = std::tuple<>; unsigned int Opcode = 77; bool Commutative = false; RecipeTys = {llvm::VPInstruction}; std::index_sequence<Idx ...> = std::integer_sequence<long unsigned int>]’:
/home/jtuyls/iree-ai/llvm-aie-port/llvm/lib/Transforms/Vectorize/VPlanPatternMatch.h:277:33:   required from ‘bool llvm::VPlanPatternMatch::Recipe_match<Ops_t, Opcode, Commutative, RecipeTys>::match(const llvm::VPRecipeBase*) const [with Ops_t = std::tuple<>; unsigned int Opcode = 77; bool Commutative = false; RecipeTys = {llvm::VPInstruction}]’
/home/jtuyls/iree-ai/llvm-aie-port/llvm/lib/Transforms/Vectorize/VPlanPatternMatch.h:26:17:   required from ‘bool llvm::VPlanPatternMatch::match(Val*, const Pattern&) [with Val = llvm::VPRecipeBase; Pattern = Recipe_match<std::tuple<>, 77, false, llvm::VPInstruction>]’
/home/jtuyls/iree-ai/llvm-aie-port/llvm/lib/Transforms/Vectorize/VPlanConstruction.cpp:1650:41:   required from here
/home/jtuyls/iree-ai/llvm-aie-port/llvm/lib/Transforms/Vectorize/VPlanPatternMatch.h:298:61: warning: parameter ‘P’ set but not used [-Wunused-but-set-parameter]
/home/jtuyls/iree-ai/llvm-aie-port/llvm/lib/Transforms/Vectorize/VPlanPatternMatch.h: In instantiation of ‘bool llvm::VPlanPatternMatch::Recipe_match<Ops_t, Opcode, Commutative, RecipeTys>::all_of_tuple_elements(std::index_sequence<Idx ...>, Fn) const [with Fn = llvm::VPlanPatternMatch::Recipe_match<std::tuple<>, 84, false, llvm::VPInstruction>::match(const llvm::VPRecipeBase*) const::<lambda(auto:38, unsigned int)>; long unsigned int ...Is = {}; Ops_t = std::tuple<>; unsigned int Opcode = 84; bool Commutative = false; RecipeTys = {llvm::VPInstruction}; std::index_sequence<Idx ...> = std::integer_sequence<long unsigned int>]’:
/home/jtuyls/iree-ai/llvm-aie-port/llvm/lib/Transforms/Vectorize/VPlanPatternMatch.h:271:30:   required from ‘bool llvm::VPlanPatternMatch::Recipe_match<Ops_t, Opcode, Commutative, RecipeTys>::match(const llvm::VPRecipeBase*) const [with Ops_t = std::tuple<>; unsigned int Opcode = 84; bool Commutative = false; RecipeTys = {llvm::VPInstruction}]’
/home/jtuyls/iree-ai/llvm-aie-port/llvm/lib/Transforms/Vectorize/VPlanPatternMatch.h:26:17:   required from ‘bool llvm::VPlanPatternMatch::match(Val*, const Pattern&) [with Val = llvm::VPRecipeBase; Pattern = Recipe_match<std::tuple<>, 84, false, llvm::VPInstruction>]’
/home/jtuyls/iree-ai/llvm-aie-port/llvm/lib/Transforms/Vectorize/VPlanPatternMatch.h:37:20:   required from ‘bool llvm::VPlanPatternMatch::match(llvm::VPUser*, const Pattern&) [with Pattern = Recipe_match<std::tuple<>, 84, false, llvm::VPInstruction>]’
/home/jtuyls/iree-ai/llvm-aie-port/llvm/lib/Transforms/Vectorize/VPlanPatternMatch.h:42:35:   required from ‘auto llvm::VPlanPatternMatch::match_fn(const Pattern&) [with Pattern = Recipe_match<std::tuple<>, 84, false, llvm::VPInstruction>]’
/home/jtuyls/iree-ai/llvm-aie-port/llvm/lib/Transforms/Vectorize/VPlanUtils.h:138:41:   required from ‘llvm::VPRecipeBase* llvm::vputils::findUserOf(llvm::VPValue*, const MatchT&) [with MatchT = llvm::VPlanPatternMatch::Recipe_match<std::tuple<>, 84, false, llvm::VPInstruction>]’
/home/jtuyls/iree-ai/llvm-aie-port/llvm/lib/Transforms/Vectorize/VPlanUtils.h:146:48:   required from ‘llvm::VPInstruction* llvm::vputils::findUserOf(llvm::VPValue*) [with unsigned int Opcode = 84]’
/home/jtuyls/iree-ai/llvm-aie-port/llvm/lib/Transforms/Vectorize/VPlanConstruction.cpp:1824:67:   required from here
/home/jtuyls/iree-ai/llvm-aie-port/llvm/lib/Transforms/Vectorize/VPlanPatternMatch.h:298:61: warning: parameter ‘P’ set but not used [-Wunused-but-set-parameter]
/home/jtuyls/iree-ai/llvm-aie-port/llvm/lib/Transforms/Vectorize/VPlanPatternMatch.h: In instantiation of ‘bool llvm::VPlanPatternMatch::Recipe_match<Ops_t, Opcode, Commutative, RecipeTys>::all_of_tuple_elements(std::index_sequence<Idx ...>, Fn) const [with Fn = llvm::VPlanPatternMatch::Recipe_match<std::tuple<>, 84, false, llvm::VPInstruction>::match(const llvm::VPRecipeBase*) const::<lambda(auto:39, unsigned int)>; long unsigned int ...Is = {}; Ops_t = std::tuple<>; unsigned int Opcode = 84; bool Commutative = false; RecipeTys = {llvm::VPInstruction}; std::index_sequence<Idx ...> = std::integer_sequence<long unsigned int>]’:
/home/jtuyls/iree-ai/llvm-aie-port/llvm/lib/Transforms/Vectorize/VPlanPatternMatch.h:277:33:   required from ‘bool llvm::VPlanPatternMatch::Recipe_match<Ops_t, Opcode, Commutative, RecipeTys>::match(const llvm::VPRecipeBase*) const [with Ops_t = std::tuple<>; unsigned int Opcode = 84; bool Commutative = false; RecipeTys = {llvm::VPInstruction}]’
/home/jtuyls/iree-ai/llvm-aie-port/llvm/lib/Transforms/Vectorize/VPlanPatternMatch.h:26:17:   required from ‘bool llvm::VPlanPatternMatch::match(Val*, const Pattern&) [with Val = llvm::VPRecipeBase; Pattern = Recipe_match<std::tuple<>, 84, false, llvm::VPInstruction>]’
/home/jtuyls/iree-ai/llvm-aie-port/llvm/lib/Transforms/Vectorize/VPlanPatternMatch.h:37:20:   required from ‘bool llvm::VPlanPatternMatch::match(llvm::VPUser*, const Pattern&) [with Pattern = Recipe_match<std::tuple<>, 84, false, llvm::VPInstruction>]’
/home/jtuyls/iree-ai/llvm-aie-port/llvm/lib/Transforms/Vectorize/VPlanPatternMatch.h:42:35:   required from ‘auto llvm::VPlanPatternMatch::match_fn(const Pattern&) [with Pattern = Recipe_match<std::tuple<>, 84, false, llvm::VPInstruction>]’
/home/jtuyls/iree-ai/llvm-aie-port/llvm/lib/Transforms/Vectorize/VPlanUtils.h:138:41:   required from ‘llvm::VPRecipeBase* llvm::vputils::findUserOf(llvm::VPValue*, const MatchT&) [with MatchT = llvm::VPlanPatternMatch::Recipe_match<std::tuple<>, 84, false, llvm::VPInstruction>]’
/home/jtuyls/iree-ai/llvm-aie-port/llvm/lib/Transforms/Vectorize/VPlanUtils.h:146:48:   required from ‘llvm::VPInstruction* llvm::vputils::findUserOf(llvm::VPValue*) [with unsigned int Opcode = 84]’
/home/jtuyls/iree-ai/llvm-aie-port/llvm/lib/Transforms/Vectorize/VPlanConstruction.cpp:1824:67:   required from here
/home/jtuyls/iree-ai/llvm-aie-port/llvm/lib/Transforms/Vectorize/VPlanPatternMatch.h:298:61: warning: parameter ‘P’ set but not used [-Wunused-but-set-parameter]
[779/1203] Building CXX object lib/Transforms/Coroutines/CMakeFiles/LLVMCoroutines.dir/CoroAnnotationElide.cpp.o
[780/1203] Building CXX object lib/Transforms/Vectorize/CMakeFiles/LLVMVectorize.dir/VPlan.cpp.o
In file included from /home/jtuyls/iree-ai/llvm-aie-port/llvm/lib/Transforms/Vectorize/VPlanUtils.h:13,
                 from /home/jtuyls/iree-ai/llvm-aie-port/llvm/lib/Transforms/Vectorize/VPlanCFG.h:16,
                 from /home/jtuyls/iree-ai/llvm-aie-port/llvm/lib/Transforms/Vectorize/VPlan.cpp:21:
/home/jtuyls/iree-ai/llvm-aie-port/llvm/lib/Transforms/Vectorize/VPlanPatternMatch.h: In instantiation of ‘bool llvm::VPlanPatternMatch::Recipe_match<Ops_t, Opcode, Commutative, RecipeTys>::all_of_tuple_elements(std::index_sequence<Idx ...>, Fn) const [with Fn = llvm::VPlanPatternMatch::Recipe_match<std::tuple<>, 79, false, llvm::VPInstruction>::match(const llvm::VPRecipeBase*) const::<lambda(auto:38, unsigned int)>; long unsigned int ...Is = {}; Ops_t = std::tuple<>; unsigned int Opcode = 79; bool Commutative = false; RecipeTys = {llvm::VPInstruction}; std::index_sequence<Idx ...> = std::integer_sequence<long unsigned int>]’:
/home/jtuyls/iree-ai/llvm-aie-port/llvm/lib/Transforms/Vectorize/VPlanPatternMatch.h:271:30:   required from ‘bool llvm::VPlanPatternMatch::Recipe_match<Ops_t, Opcode, Commutative, RecipeTys>::match(const llvm::VPRecipeBase*) const [with Ops_t = std::tuple<>; unsigned int Opcode = 79; bool Commutative = false; RecipeTys = {llvm::VPInstruction}]’
/home/jtuyls/iree-ai/llvm-aie-port/llvm/lib/Transforms/Vectorize/VPlanPatternMatch.h:26:17:   required from ‘bool llvm::VPlanPatternMatch::match(Val*, const Pattern&) [with Val = const llvm::VPRecipeBase; Pattern = Recipe_match<std::tuple<>, 79, false, llvm::VPInstruction>]’
/home/jtuyls/iree-ai/llvm-aie-port/llvm/lib/Transforms/Vectorize/VPlan.cpp:604:51:   required from here
/home/jtuyls/iree-ai/llvm-aie-port/llvm/lib/Transforms/Vectorize/VPlanPatternMatch.h:298:61: warning: parameter ‘P’ set but not used [-Wunused-but-set-parameter]
  298 |   bool all_of_tuple_elements(std::index_sequence<Is...>, Fn P) const {
      |                                                          ~~~^
/home/jtuyls/iree-ai/llvm-aie-port/llvm/lib/Transforms/Vectorize/VPlanPatternMatch.h: In instantiation of ‘bool llvm::VPlanPatternMatch::Recipe_match<Ops_t, Opcode, Commutative, RecipeTys>::all_of_tuple_elements(std::index_sequence<Idx ...>, Fn) const [with Fn = llvm::VPlanPatternMatch::Recipe_match<std::tuple<>, 79, false, llvm::VPInstruction>::match(const llvm::VPRecipeBase*) const::<lambda(auto:39, unsigned int)>; long unsigned int ...Is = {}; Ops_t = std::tuple<>; unsigned int Opcode = 79; bool Commutative = false; RecipeTys = {llvm::VPInstruction}; std::index_sequence<Idx ...> = std::integer_sequence<long unsigned int>]’:
/home/jtuyls/iree-ai/llvm-aie-port/llvm/lib/Transforms/Vectorize/VPlanPatternMatch.h:277:33:   required from ‘bool llvm::VPlanPatternMatch::Recipe_match<Ops_t, Opcode, Commutative, RecipeTys>::match(const llvm::VPRecipeBase*) const [with Ops_t = std::tuple<>; unsigned int Opcode = 79; bool Commutative = false; RecipeTys = {llvm::VPInstruction}]’
/home/jtuyls/iree-ai/llvm-aie-port/llvm/lib/Transforms/Vectorize/VPlanPatternMatch.h:26:17:   required from ‘bool llvm::VPlanPatternMatch::match(Val*, const Pattern&) [with Val = const llvm::VPRecipeBase; Pattern = Recipe_match<std::tuple<>, 79, false, llvm::VPInstruction>]’
/home/jtuyls/iree-ai/llvm-aie-port/llvm/lib/Transforms/Vectorize/VPlan.cpp:604:51:   required from here
/home/jtuyls/iree-ai/llvm-aie-port/llvm/lib/Transforms/Vectorize/VPlanPatternMatch.h:298:61: warning: parameter ‘P’ set but not used [-Wunused-but-set-parameter]
/home/jtuyls/iree-ai/llvm-aie-port/llvm/lib/Transforms/Vectorize/VPlanPatternMatch.h: In instantiation of ‘bool llvm::VPlanPatternMatch::Recipe_match<Ops_t, Opcode, Commutative, RecipeTys>::all_of_tuple_elements(std::index_sequence<Idx ...>, Fn) const [with Fn = llvm::VPlanPatternMatch::Recipe_match<std::tuple<>, 82, false, llvm::VPInstruction>::match(const llvm::VPRecipeBase*) const::<lambda(auto:38, unsigned int)>; long unsigned int ...Is = {}; Ops_t = std::tuple<>; unsigned int Opcode = 82; bool Commutative = false; RecipeTys = {llvm::VPInstruction}; std::index_sequence<Idx ...> = std::integer_sequence<long unsigned int>]’:
/home/jtuyls/iree-ai/llvm-aie-port/llvm/lib/Transforms/Vectorize/VPlanPatternMatch.h:271:30:   required from ‘bool llvm::VPlanPatternMatch::Recipe_match<Ops_t, Opcode, Commutative, RecipeTys>::match(const llvm::VPRecipeBase*) const [with Ops_t = std::tuple<>; unsigned int Opcode = 82; bool Commutative = false; RecipeTys = {llvm::VPInstruction}]’
/home/jtuyls/iree-ai/llvm-aie-port/llvm/lib/Transforms/Vectorize/VPlanPatternMatch.h:233:25:   required from ‘bool llvm::VPlanPatternMatch::Recipe_match<Ops_t, Opcode, Commutative, RecipeTys>::match(const llvm::VPValue*) const [with Ops_t = std::tuple<>; unsigned int Opcode = 82; bool Commutative = false; RecipeTys = {llvm::VPInstruction}]’
/home/jtuyls/iree-ai/llvm-aie-port/llvm/lib/Transforms/Vectorize/VPlanPatternMatch.h:26:17:   required from ‘bool llvm::VPlanPatternMatch::match(Val*, const Pattern&) [with Val = const llvm::VPValue; Pattern = Recipe_match<std::tuple<>, 82, false, llvm::VPInstruction>]’
/home/jtuyls/iree-ai/llvm-aie-port/llvm/lib/Transforms/Vectorize/VPlan.cpp:262:53:   required from here
/home/jtuyls/iree-ai/llvm-aie-port/llvm/lib/Transforms/Vectorize/VPlanPatternMatch.h:298:61: warning: parameter ‘P’ set but not used [-Wunused-but-set-parameter]
/home/jtuyls/iree-ai/llvm-aie-port/llvm/lib/Transforms/Vectorize/VPlanPatternMatch.h: In instantiation of ‘bool llvm::VPlanPatternMatch::Recipe_match<Ops_t, Opcode, Commutative, RecipeTys>::all_of_tuple_elements(std::index_sequence<Idx ...>, Fn) const [with Fn = llvm::VPlanPatternMatch::Recipe_match<std::tuple<>, 82, false, llvm::VPInstruction>::match(const llvm::VPRecipeBase*) const::<lambda(auto:39, unsigned int)>; long unsigned int ...Is = {}; Ops_t = std::tuple<>; unsigned int Opcode = 82; bool Commutative = false; RecipeTys = {llvm::VPInstruction}; std::index_sequence<Idx ...> = std::integer_sequence<long unsigned int>]’:
/home/jtuyls/iree-ai/llvm-aie-port/llvm/lib/Transforms/Vectorize/VPlanPatternMatch.h:277:33:   required from ‘bool llvm::VPlanPatternMatch::Recipe_match<Ops_t, Opcode, Commutative, RecipeTys>::match(const llvm::VPRecipeBase*) const [with Ops_t = std::tuple<>; unsigned int Opcode = 82; bool Commutative = false; RecipeTys = {llvm::VPInstruction}]’
/home/jtuyls/iree-ai/llvm-aie-port/llvm/lib/Transforms/Vectorize/VPlanPatternMatch.h:233:25:   required from ‘bool llvm::VPlanPatternMatch::Recipe_match<Ops_t, Opcode, Commutative, RecipeTys>::match(const llvm::VPValue*) const [with Ops_t = std::tuple<>; unsigned int Opcode = 82; bool Commutative = false; RecipeTys = {llvm::VPInstruction}]’
/home/jtuyls/iree-ai/llvm-aie-port/llvm/lib/Transforms/Vectorize/VPlanPatternMatch.h:26:17:   required from ‘bool llvm::VPlanPatternMatch::match(Val*, const Pattern&) [with Val = const llvm::VPValue; Pattern = Recipe_match<std::tuple<>, 82, false, llvm::VPInstruction>]’
/home/jtuyls/iree-ai/llvm-aie-port/llvm/lib/Transforms/Vectorize/VPlan.cpp:262:53:   required from here
/home/jtuyls/iree-ai/llvm-aie-port/llvm/lib/Transforms/Vectorize/VPlanPatternMatch.h:298:61: warning: parameter ‘P’ set but not used [-Wunused-but-set-parameter]
/home/jtuyls/iree-ai/llvm-aie-port/llvm/lib/Transforms/Vectorize/VPlanPatternMatch.h: In instantiation of ‘bool llvm::VPlanPatternMatch::Recipe_match<Ops_t, Opcode, Commutative, RecipeTys>::all_of_tuple_elements(std::index_sequence<Idx ...>, Fn) const [with Fn = llvm::VPlanPatternMatch::Recipe_match<std::tuple<>, 78, false, llvm::VPInstruction>::match(const llvm::VPRecipeBase*) const::<lambda(auto:38, unsigned int)>; long unsigned int ...Is = {}; Ops_t = std::tuple<>; unsigned int Opcode = 78; bool Commutative = false; RecipeTys = {llvm::VPInstruction}; std::index_sequence<Idx ...> = std::integer_sequence<long unsigned int>]’:
/home/jtuyls/iree-ai/llvm-aie-port/llvm/lib/Transforms/Vectorize/VPlanPatternMatch.h:271:30:   required from ‘bool llvm::VPlanPatternMatch::Recipe_match<Ops_t, Opcode, Commutative, RecipeTys>::match(const llvm::VPRecipeBase*) const [with Ops_t = std::tuple<>; unsigned int Opcode = 78; bool Commutative = false; RecipeTys = {llvm::VPInstruction}]’
/home/jtuyls/iree-ai/llvm-aie-port/llvm/include/llvm/Support/PatternMatchHelpers.h:33:19:   required from ‘bool llvm::PatternMatchHelpers::match_combine_or<Ty, Tys ...>::match(ITy*) const [with ITy = const llvm::VPRecipeBase; Ty = llvm::VPlanPatternMatch::Recipe_match<std::tuple<>, 78, false, llvm::VPInstruction>; Tys = {llvm::VPlanPatternMatch::Recipe_match<std::tuple<>, 77, false, llvm::VPInstruction>}]’
/home/jtuyls/iree-ai/llvm-aie-port/llvm/lib/Transforms/Vectorize/VPlanPatternMatch.h:26:17:   required from ‘bool llvm::VPlanPatternMatch::match(Val*, const Pattern&) [with Val = const llvm::VPRecipeBase; Pattern = llvm::PatternMatchHelpers::match_combine_or<Recipe_match<std::tuple<>, 78, false, llvm::VPInstruction>, Recipe_match<std::tuple<>, 77, false, llvm::VPInstruction> >]’
/home/jtuyls/iree-ai/llvm-aie-port/llvm/lib/Transforms/Vectorize/VPlan.cpp:607:12:   required from here
/home/jtuyls/iree-ai/llvm-aie-port/llvm/lib/Transforms/Vectorize/VPlanPatternMatch.h:298:61: warning: parameter ‘P’ set but not used [-Wunused-but-set-parameter]
/home/jtuyls/iree-ai/llvm-aie-port/llvm/lib/Transforms/Vectorize/VPlanPatternMatch.h: In instantiation of ‘bool llvm::VPlanPatternMatch::Recipe_match<Ops_t, Opcode, Commutative, RecipeTys>::all_of_tuple_elements(std::index_sequence<Idx ...>, Fn) const [with Fn = llvm::VPlanPatternMatch::Recipe_match<std::tuple<>, 78, false, llvm::VPInstruction>::match(const llvm::VPRecipeBase*) const::<lambda(auto:39, unsigned int)>; long unsigned int ...Is = {}; Ops_t = std::tuple<>; unsigned int Opcode = 78; bool Commutative = false; RecipeTys = {llvm::VPInstruction}; std::index_sequence<Idx ...> = std::integer_sequence<long unsigned int>]’:
/home/jtuyls/iree-ai/llvm-aie-port/llvm/lib/Transforms/Vectorize/VPlanPatternMatch.h:277:33:   required from ‘bool llvm::VPlanPatternMatch::Recipe_match<Ops_t, Opcode, Commutative, RecipeTys>::match(const llvm::VPRecipeBase*) const [with Ops_t = std::tuple<>; unsigned int Opcode = 78; bool Commutative = false; RecipeTys = {llvm::VPInstruction}]’
/home/jtuyls/iree-ai/llvm-aie-port/llvm/include/llvm/Support/PatternMatchHelpers.h:33:19:   required from ‘bool llvm::PatternMatchHelpers::match_combine_or<Ty, Tys ...>::match(ITy*) const [with ITy = const llvm::VPRecipeBase; Ty = llvm::VPlanPatternMatch::Recipe_match<std::tuple<>, 78, false, llvm::VPInstruction>; Tys = {llvm::VPlanPatternMatch::Recipe_match<std::tuple<>, 77, false, llvm::VPInstruction>}]’
/home/jtuyls/iree-ai/llvm-aie-port/llvm/lib/Transforms/Vectorize/VPlanPatternMatch.h:26:17:   required from ‘bool llvm::VPlanPatternMatch::match(Val*, const Pattern&) [with Val = const llvm::VPRecipeBase; Pattern = llvm::PatternMatchHelpers::match_combine_or<Recipe_match<std::tuple<>, 78, false, llvm::VPInstruction>, Recipe_match<std::tuple<>, 77, false, llvm::VPInstruction> >]’
/home/jtuyls/iree-ai/llvm-aie-port/llvm/lib/Transforms/Vectorize/VPlan.cpp:607:12:   required from here
/home/jtuyls/iree-ai/llvm-aie-port/llvm/lib/Transforms/Vectorize/VPlanPatternMatch.h:298:61: warning: parameter ‘P’ set but not used [-Wunused-but-set-parameter]
/home/jtuyls/iree-ai/llvm-aie-port/llvm/lib/Transforms/Vectorize/VPlanPatternMatch.h: In instantiation of ‘bool llvm::VPlanPatternMatch::Recipe_match<Ops_t, Opcode, Commutative, RecipeTys>::all_of_tuple_elements(std::index_sequence<Idx ...>, Fn) const [with Fn = llvm::VPlanPatternMatch::Recipe_match<std::tuple<>, 77, false, llvm::VPInstruction>::match(const llvm::VPRecipeBase*) const::<lambda(auto:38, unsigned int)>; long unsigned int ...Is = {}; Ops_t = std::tuple<>; unsigned int Opcode = 77; bool Commutative = false; RecipeTys = {llvm::VPInstruction}; std::index_sequence<Idx ...> = std::integer_sequence<long unsigned int>]’:
/home/jtuyls/iree-ai/llvm-aie-port/llvm/lib/Transforms/Vectorize/VPlanPatternMatch.h:271:30:   required from ‘bool llvm::VPlanPatternMatch::Recipe_match<Ops_t, Opcode, Commutative, RecipeTys>::match(const llvm::VPRecipeBase*) const [with Ops_t = std::tuple<>; unsigned int Opcode = 77; bool Commutative = false; RecipeTys = {llvm::VPInstruction}]’
/home/jtuyls/iree-ai/llvm-aie-port/llvm/include/llvm/Support/PatternMatchHelpers.h:33:19:   required from ‘bool llvm::PatternMatchHelpers::match_combine_or<Ty, Tys ...>::match(ITy*) const [with ITy = const llvm::VPRecipeBase; Ty = llvm::VPlanPatternMatch::Recipe_match<std::tuple<>, 77, false, llvm::VPInstruction>; Tys = {}]’
/home/jtuyls/iree-ai/llvm-aie-port/llvm/include/llvm/Support/PatternMatchHelpers.h:33:57:   required from ‘bool llvm::PatternMatchHelpers::match_combine_or<Ty, Tys ...>::match(ITy*) const [with ITy = const llvm::VPRecipeBase; Ty = llvm::VPlanPatternMatch::Recipe_match<std::tuple<>, 78, false, llvm::VPInstruction>; Tys = {llvm::VPlanPatternMatch::Recipe_match<std::tuple<>, 77, false, llvm::VPInstruction>}]’
/home/jtuyls/iree-ai/llvm-aie-port/llvm/lib/Transforms/Vectorize/VPlanPatternMatch.h:26:17:   required from ‘bool llvm::VPlanPatternMatch::match(Val*, const Pattern&) [with Val = const llvm::VPRecipeBase; Pattern = llvm::PatternMatchHelpers::match_combine_or<Recipe_match<std::tuple<>, 78, false, llvm::VPInstruction>, Recipe_match<std::tuple<>, 77, false, llvm::VPInstruction> >]’
/home/jtuyls/iree-ai/llvm-aie-port/llvm/lib/Transforms/Vectorize/VPlan.cpp:607:12:   required from here
/home/jtuyls/iree-ai/llvm-aie-port/llvm/lib/Transforms/Vectorize/VPlanPatternMatch.h:298:61: warning: parameter ‘P’ set but not used [-Wunused-but-set-parameter]
/home/jtuyls/iree-ai/llvm-aie-port/llvm/lib/Transforms/Vectorize/VPlanPatternMatch.h: In instantiation of ‘bool llvm::VPlanPatternMatch::Recipe_match<Ops_t, Opcode, Commutative, RecipeTys>::all_of_tuple_elements(std::index_sequence<Idx ...>, Fn) const [with Fn = llvm::VPlanPatternMatch::Recipe_match<std::tuple<>, 77, false, llvm::VPInstruction>::match(const llvm::VPRecipeBase*) const::<lambda(auto:39, unsigned int)>; long unsigned int ...Is = {}; Ops_t = std::tuple<>; unsigned int Opcode = 77; bool Commutative = false; RecipeTys = {llvm::VPInstruction}; std::index_sequence<Idx ...> = std::integer_sequence<long unsigned int>]’:
/home/jtuyls/iree-ai/llvm-aie-port/llvm/lib/Transforms/Vectorize/VPlanPatternMatch.h:277:33:   required from ‘bool llvm::VPlanPatternMatch::Recipe_match<Ops_t, Opcode, Commutative, RecipeTys>::match(const llvm::VPRecipeBase*) const [with Ops_t = std::tuple<>; unsigned int Opcode = 77; bool Commutative = false; RecipeTys = {llvm::VPInstruction}]’
/home/jtuyls/iree-ai/llvm-aie-port/llvm/include/llvm/Support/PatternMatchHelpers.h:33:19:   required from ‘bool llvm::PatternMatchHelpers::match_combine_or<Ty, Tys ...>::match(ITy*) const [with ITy = const llvm::VPRecipeBase; Ty = llvm::VPlanPatternMatch::Recipe_match<std::tuple<>, 77, false, llvm::VPInstruction>; Tys = {}]’
/home/jtuyls/iree-ai/llvm-aie-port/llvm/include/llvm/Support/PatternMatchHelpers.h:33:57:   required from ‘bool llvm::PatternMatchHelpers::match_combine_or<Ty, Tys ...>::match(ITy*) const [with ITy = const llvm::VPRecipeBase; Ty = llvm::VPlanPatternMatch::Recipe_match<std::tuple<>, 78, false, llvm::VPInstruction>; Tys = {llvm::VPlanPatternMatch::Recipe_match<std::tuple<>, 77, false, llvm::VPInstruction>}]’
/home/jtuyls/iree-ai/llvm-aie-port/llvm/lib/Transforms/Vectorize/VPlanPatternMatch.h:26:17:   required from ‘bool llvm::VPlanPatternMatch::match(Val*, const Pattern&) [with Val = const llvm::VPRecipeBase; Pattern = llvm::PatternMatchHelpers::match_combine_or<Recipe_match<std::tuple<>, 78, false, llvm::VPInstruction>, Recipe_match<std::tuple<>, 77, false, llvm::VPInstruction> >]’
/home/jtuyls/iree-ai/llvm-aie-port/llvm/lib/Transforms/Vectorize/VPlan.cpp:607:12:   required from here
/home/jtuyls/iree-ai/llvm-aie-port/llvm/lib/Transforms/Vectorize/VPlanPatternMatch.h:298:61: warning: parameter ‘P’ set but not used [-Wunused-but-set-parameter]
[781/1203] Building CXX object lib/Transforms/Vectorize/CMakeFiles/LLVMVectorize.dir/VPlanUtils.cpp.o
In file included from /home/jtuyls/iree-ai/llvm-aie-port/llvm/lib/Transforms/Vectorize/VPlanUtils.h:13,
                 from /home/jtuyls/iree-ai/llvm-aie-port/llvm/lib/Transforms/Vectorize/VPlanUtils.cpp:9:
/home/jtuyls/iree-ai/llvm-aie-port/llvm/lib/Transforms/Vectorize/VPlanPatternMatch.h: In instantiation of ‘bool llvm::VPlanPatternMatch::Recipe_match<Ops_t, Opcode, Commutative, RecipeTys>::all_of_tuple_elements(std::index_sequence<Idx ...>, Fn) const [with Fn = llvm::VPlanPatternMatch::Recipe_match<std::tuple<>, 76, false, llvm::VPInstruction>::match(const llvm::VPRecipeBase*) const::<lambda(auto:38, unsigned int)>; long unsigned int ...Is = {}; Ops_t = std::tuple<>; unsigned int Opcode = 76; bool Commutative = false; RecipeTys = {llvm::VPInstruction}; std::index_sequence<Idx ...> = std::integer_sequence<long unsigned int>]’:
/home/jtuyls/iree-ai/llvm-aie-port/llvm/lib/Transforms/Vectorize/VPlanPatternMatch.h:271:30:   required from ‘bool llvm::VPlanPatternMatch::Recipe_match<Ops_t, Opcode, Commutative, RecipeTys>::match(const llvm::VPRecipeBase*) const [with Ops_t = std::tuple<>; unsigned int Opcode = 76; bool Commutative = false; RecipeTys = {llvm::VPInstruction}]’
/home/jtuyls/iree-ai/llvm-aie-port/llvm/lib/Transforms/Vectorize/VPlanPatternMatch.h:26:17:   required from ‘bool llvm::VPlanPatternMatch::match(Val*, const Pattern&) [with Val = const llvm::VPRecipeBase; Pattern = Recipe_match<std::tuple<>, 76, false, llvm::VPInstruction>]’
/home/jtuyls/iree-ai/llvm-aie-port/llvm/lib/Transforms/Vectorize/VPlanUtils.cpp:428:16:   required from here
/home/jtuyls/iree-ai/llvm-aie-port/llvm/lib/Transforms/Vectorize/VPlanPatternMatch.h:298:61: warning: parameter ‘P’ set but not used [-Wunused-but-set-parameter]
  298 |   bool all_of_tuple_elements(std::index_sequence<Is...>, Fn P) const {
      |                                                          ~~~^
/home/jtuyls/iree-ai/llvm-aie-port/llvm/lib/Transforms/Vectorize/VPlanPatternMatch.h: In instantiation of ‘bool llvm::VPlanPatternMatch::Recipe_match<Ops_t, Opcode, Commutative, RecipeTys>::all_of_tuple_elements(std::index_sequence<Idx ...>, Fn) const [with Fn = llvm::VPlanPatternMatch::Recipe_match<std::tuple<>, 76, false, llvm::VPInstruction>::match(const llvm::VPRecipeBase*) const::<lambda(auto:39, unsigned int)>; long unsigned int ...Is = {}; Ops_t = std::tuple<>; unsigned int Opcode = 76; bool Commutative = false; RecipeTys = {llvm::VPInstruction}; std::index_sequence<Idx ...> = std::integer_sequence<long unsigned int>]’:
/home/jtuyls/iree-ai/llvm-aie-port/llvm/lib/Transforms/Vectorize/VPlanPatternMatch.h:277:33:   required from ‘bool llvm::VPlanPatternMatch::Recipe_match<Ops_t, Opcode, Commutative, RecipeTys>::match(const llvm::VPRecipeBase*) const [with Ops_t = std::tuple<>; unsigned int Opcode = 76; bool Commutative = false; RecipeTys = {llvm::VPInstruction}]’
/home/jtuyls/iree-ai/llvm-aie-port/llvm/lib/Transforms/Vectorize/VPlanPatternMatch.h:26:17:   required from ‘bool llvm::VPlanPatternMatch::match(Val*, const Pattern&) [with Val = const llvm::VPRecipeBase; Pattern = Recipe_match<std::tuple<>, 76, false, llvm::VPInstruction>]’
/home/jtuyls/iree-ai/llvm-aie-port/llvm/lib/Transforms/Vectorize/VPlanUtils.cpp:428:16:   required from here
/home/jtuyls/iree-ai/llvm-aie-port/llvm/lib/Transforms/Vectorize/VPlanPatternMatch.h:298:61: warning: parameter ‘P’ set but not used [-Wunused-but-set-parameter]
/home/jtuyls/iree-ai/llvm-aie-port/llvm/lib/Transforms/Vectorize/VPlanPatternMatch.h: In instantiation of ‘bool llvm::VPlanPatternMatch::Recipe_match<Ops_t, Opcode, Commutative, RecipeTys>::all_of_tuple_elements(std::index_sequence<Idx ...>, Fn) const [with Fn = llvm::VPlanPatternMatch::Recipe_match<std::tuple<>, 102, false, llvm::VPInstruction>::match(const llvm::VPRecipeBase*) const::<lambda(auto:38, unsigned int)>; long unsigned int ...Is = {}; Ops_t = std::tuple<>; unsigned int Opcode = 102; bool Commutative = false; RecipeTys = {llvm::VPInstruction}; std::index_sequence<Idx ...> = std::integer_sequence<long unsigned int>]’:
/home/jtuyls/iree-ai/llvm-aie-port/llvm/lib/Transforms/Vectorize/VPlanPatternMatch.h:271:30:   required from ‘bool llvm::VPlanPatternMatch::Recipe_match<Ops_t, Opcode, Commutative, RecipeTys>::match(const llvm::VPRecipeBase*) const [with Ops_t = std::tuple<>; unsigned int Opcode = 102; bool Commutative = false; RecipeTys = {llvm::VPInstruction}]’
/home/jtuyls/iree-ai/llvm-aie-port/llvm/lib/Transforms/Vectorize/VPlanPatternMatch.h:233:25:   required from ‘bool llvm::VPlanPatternMatch::Recipe_match<Ops_t, Opcode, Commutative, RecipeTys>::match(const llvm::VPValue*) const [with Ops_t = std::tuple<>; unsigned int Opcode = 102; bool Commutative = false; RecipeTys = {llvm::VPInstruction}]’
/home/jtuyls/iree-ai/llvm-aie-port/llvm/lib/Transforms/Vectorize/VPlanPatternMatch.h:26:17:   required from ‘bool llvm::VPlanPatternMatch::match(Val*, const Pattern&) [with Val = llvm::VPValue; Pattern = Recipe_match<std::tuple<>, 102, false, llvm::VPInstruction>]’
/home/jtuyls/iree-ai/llvm-aie-port/llvm/lib/Transforms/Vectorize/VPlanUtils.cpp:736:19:   required from here
/home/jtuyls/iree-ai/llvm-aie-port/llvm/lib/Transforms/Vectorize/VPlanPatternMatch.h:298:61: warning: parameter ‘P’ set but not used [-Wunused-but-set-parameter]
/home/jtuyls/iree-ai/llvm-aie-port/llvm/lib/Transforms/Vectorize/VPlanPatternMatch.h: In instantiation of ‘bool llvm::VPlanPatternMatch::Recipe_match<Ops_t, Opcode, Commutative, RecipeTys>::all_of_tuple_elements(std::index_sequence<Idx ...>, Fn) const [with Fn = llvm::VPlanPatternMatch::Recipe_match<std::tuple<>, 102, false, llvm::VPInstruction>::match(const llvm::VPRecipeBase*) const::<lambda(auto:39, unsigned int)>; long unsigned int ...Is = {}; Ops_t = std::tuple<>; unsigned int Opcode = 102; bool Commutative = false; RecipeTys = {llvm::VPInstruction}; std::index_sequence<Idx ...> = std::integer_sequence<long unsigned int>]’:
/home/jtuyls/iree-ai/llvm-aie-port/llvm/lib/Transforms/Vectorize/VPlanPatternMatch.h:277:33:   required from ‘bool llvm::VPlanPatternMatch::Recipe_match<Ops_t, Opcode, Commutative, RecipeTys>::match(const llvm::VPRecipeBase*) const [with Ops_t = std::tuple<>; unsigned int Opcode = 102; bool Commutative = false; RecipeTys = {llvm::VPInstruction}]’
/home/jtuyls/iree-ai/llvm-aie-port/llvm/lib/Transforms/Vectorize/VPlanPatternMatch.h:233:25:   required from ‘bool llvm::VPlanPatternMatch::Recipe_match<Ops_t, Opcode, Commutative, RecipeTys>::match(const llvm::VPValue*) const [with Ops_t = std::tuple<>; unsigned int Opcode = 102; bool Commutative = false; RecipeTys = {llvm::VPInstruction}]’
/home/jtuyls/iree-ai/llvm-aie-port/llvm/lib/Transforms/Vectorize/VPlanPatternMatch.h:26:17:   required from ‘bool llvm::VPlanPatternMatch::match(Val*, const Pattern&) [with Val = llvm::VPValue; Pattern = Recipe_match<std::tuple<>, 102, false, llvm::VPInstruction>]’
/home/jtuyls/iree-ai/llvm-aie-port/llvm/lib/Transforms/Vectorize/VPlanUtils.cpp:736:19:   required from here
/home/jtuyls/iree-ai/llvm-aie-port/llvm/lib/Transforms/Vectorize/VPlanPatternMatch.h:298:61: warning: parameter ‘P’ set but not used [-Wunused-but-set-parameter]
/home/jtuyls/iree-ai/llvm-aie-port/llvm/lib/Transforms/Vectorize/VPlanPatternMatch.h: In instantiation of ‘bool llvm::VPlanPatternMatch::Recipe_match<Ops_t, Opcode, Commutative, RecipeTys>::all_of_tuple_elements(std::index_sequence<Idx ...>, Fn) const [with Fn = llvm::VPlanPatternMatch::Recipe_match<std::tuple<>, 84, false, llvm::VPInstruction>::match(const llvm::VPRecipeBase*) const::<lambda(auto:38, unsigned int)>; long unsigned int ...Is = {}; Ops_t = std::tuple<>; unsigned int Opcode = 84; bool Commutative = false; RecipeTys = {llvm::VPInstruction}; std::index_sequence<Idx ...> = std::integer_sequence<long unsigned int>]’:
/home/jtuyls/iree-ai/llvm-aie-port/llvm/lib/Transforms/Vectorize/VPlanPatternMatch.h:271:30:   required from ‘bool llvm::VPlanPatternMatch::Recipe_match<Ops_t, Opcode, Commutative, RecipeTys>::match(const llvm::VPRecipeBase*) const [with Ops_t = std::tuple<>; unsigned int Opcode = 84; bool Commutative = false; RecipeTys = {llvm::VPInstruction}]’
/home/jtuyls/iree-ai/llvm-aie-port/llvm/lib/Transforms/Vectorize/VPlanPatternMatch.h:26:17:   required from ‘bool llvm::VPlanPatternMatch::match(Val*, const Pattern&) [with Val = llvm::VPRecipeBase; Pattern = Recipe_match<std::tuple<>, 84, false, llvm::VPInstruction>]’
/home/jtuyls/iree-ai/llvm-aie-port/llvm/lib/Transforms/Vectorize/VPlanPatternMatch.h:37:20:   required from ‘bool llvm::VPlanPatternMatch::match(llvm::VPUser*, const Pattern&) [with Pattern = Recipe_match<std::tuple<>, 84, false, llvm::VPInstruction>]’
/home/jtuyls/iree-ai/llvm-aie-port/llvm/lib/Transforms/Vectorize/VPlanPatternMatch.h:42:35:   required from ‘auto llvm::VPlanPatternMatch::match_fn(const Pattern&) [with Pattern = Recipe_match<std::tuple<>, 84, false, llvm::VPInstruction>]’
/home/jtuyls/iree-ai/llvm-aie-port/llvm/lib/Transforms/Vectorize/VPlanUtils.h:138:41:   required from ‘llvm::VPRecipeBase* llvm::vputils::findUserOf(llvm::VPValue*, const MatchT&) [with MatchT = llvm::VPlanPatternMatch::Recipe_match<std::tuple<>, 84, false, llvm::VPInstruction>]’
/home/jtuyls/iree-ai/llvm-aie-port/llvm/lib/Transforms/Vectorize/VPlanUtils.h:146:48:   required from ‘llvm::VPInstruction* llvm::vputils::findUserOf(llvm::VPValue*) [with unsigned int Opcode = 84]’
/home/jtuyls/iree-ai/llvm-aie-port/llvm/lib/Transforms/Vectorize/VPlanUtils.cpp:771:77:   required from here
/home/jtuyls/iree-ai/llvm-aie-port/llvm/lib/Transforms/Vectorize/VPlanPatternMatch.h:298:61: warning: parameter ‘P’ set but not used [-Wunused-but-set-parameter]
/home/jtuyls/iree-ai/llvm-aie-port/llvm/lib/Transforms/Vectorize/VPlanPatternMatch.h: In instantiation of ‘bool llvm::VPlanPatternMatch::Recipe_match<Ops_t, Opcode, Commutative, RecipeTys>::all_of_tuple_elements(std::index_sequence<Idx ...>, Fn) const [with Fn = llvm::VPlanPatternMatch::Recipe_match<std::tuple<>, 84, false, llvm::VPInstruction>::match(const llvm::VPRecipeBase*) const::<lambda(auto:39, unsigned int)>; long unsigned int ...Is = {}; Ops_t = std::tuple<>; unsigned int Opcode = 84; bool Commutative = false; RecipeTys = {llvm::VPInstruction}; std::index_sequence<Idx ...> = std::integer_sequence<long unsigned int>]’:
/home/jtuyls/iree-ai/llvm-aie-port/llvm/lib/Transforms/Vectorize/VPlanPatternMatch.h:277:33:   required from ‘bool llvm::VPlanPatternMatch::Recipe_match<Ops_t, Opcode, Commutative, RecipeTys>::match(const llvm::VPRecipeBase*) const [with Ops_t = std::tuple<>; unsigned int Opcode = 84; bool Commutative = false; RecipeTys = {llvm::VPInstruction}]’
/home/jtuyls/iree-ai/llvm-aie-port/llvm/lib/Transforms/Vectorize/VPlanPatternMatch.h:26:17:   required from ‘bool llvm::VPlanPatternMatch::match(Val*, const Pattern&) [with Val = llvm::VPRecipeBase; Pattern = Recipe_match<std::tuple<>, 84, false, llvm::VPInstruction>]’
/home/jtuyls/iree-ai/llvm-aie-port/llvm/lib/Transforms/Vectorize/VPlanPatternMatch.h:37:20:   required from ‘bool llvm::VPlanPatternMatch::match(llvm::VPUser*, const Pattern&) [with Pattern = Recipe_match<std::tuple<>, 84, false, llvm::VPInstruction>]’
/home/jtuyls/iree-ai/llvm-aie-port/llvm/lib/Transforms/Vectorize/VPlanPatternMatch.h:42:35:   required from ‘auto llvm::VPlanPatternMatch::match_fn(const Pattern&) [with Pattern = Recipe_match<std::tuple<>, 84, false, llvm::VPInstruction>]’
/home/jtuyls/iree-ai/llvm-aie-port/llvm/lib/Transforms/Vectorize/VPlanUtils.h:138:41:   required from ‘llvm::VPRecipeBase* llvm::vputils::findUserOf(llvm::VPValue*, const MatchT&) [with MatchT = llvm::VPlanPatternMatch::Recipe_match<std::tuple<>, 84, false, llvm::VPInstruction>]’
/home/jtuyls/iree-ai/llvm-aie-port/llvm/lib/Transforms/Vectorize/VPlanUtils.h:146:48:   required from ‘llvm::VPInstruction* llvm::vputils::findUserOf(llvm::VPValue*) [with unsigned int Opcode = 84]’
/home/jtuyls/iree-ai/llvm-aie-port/llvm/lib/Transforms/Vectorize/VPlanUtils.cpp:771:77:   required from here
/home/jtuyls/iree-ai/llvm-aie-port/llvm/lib/Transforms/Vectorize/VPlanPatternMatch.h:298:61: warning: parameter ‘P’ set but not used [-Wunused-but-set-parameter]
[782/1203] Building CXX object lib/Transforms/ObjCARC/CMakeFiles/LLVMObjCARCOpts.dir/PtrState.cpp.o
[783/1203] Building CXX object lib/Transforms/Vectorize/CMakeFiles/LLVMVectorize.dir/SLPVectorizer.cpp.o
[784/1203] Building CXX object lib/Transforms/Coroutines/CMakeFiles/LLVMCoroutines.dir/Coroutines.cpp.o
[785/1203] Building CXX object lib/Transforms/Vectorize/CMakeFiles/LLVMVectorize.dir/VPlanRecipes.cpp.o
[786/1203] Building CXX object lib/Transforms/Vectorize/CMakeFiles/LLVMVectorize.dir/VPlanPredicator.cpp.o
[787/1203] Building CXX object lib/Transforms/Coroutines/CMakeFiles/LLVMCoroutines.dir/CoroCleanup.cpp.o
[788/1203] Building CXX object lib/Transforms/Coroutines/CMakeFiles/LLVMCoroutines.dir/CoroConditionalWrapper.cpp.o
[789/1203] Building CXX object lib/Transforms/Coroutines/CMakeFiles/LLVMCoroutines.dir/CoroEarly.cpp.o
[790/1203] Building CXX object lib/Transforms/Coroutines/CMakeFiles/LLVMCoroutines.dir/CoroElide.cpp.o
[791/1203] Building CXX object lib/Transforms/CFGuard/CMakeFiles/LLVMCFGuard.dir/CFGuard.cpp.o
[792/1203] Building CXX object lib/Analysis/CMakeFiles/LLVMAnalysis.dir/AliasAnalysisEvaluator.cpp.o
[793/1203] Building CXX object lib/Transforms/HipStdPar/CMakeFiles/LLVMHipStdPar.dir/HipStdPar.cpp.o
[794/1203] Building CXX object lib/Analysis/CMakeFiles/LLVMAnalysis.dir/AliasAnalysis.cpp.o
[795/1203] Building CXX object lib/Transforms/Coroutines/CMakeFiles/LLVMCoroutines.dir/SuspendCrossingInfo.cpp.o
[796/1203] Building CXX object lib/Transforms/Coroutines/CMakeFiles/LLVMCoroutines.dir/MaterializationUtils.cpp.o
[797/1203] Building CXX object lib/Transforms/Coroutines/CMakeFiles/LLVMCoroutines.dir/SpillUtils.cpp.o
[798/1203] Building CXX object lib/Analysis/CMakeFiles/LLVMAnalysis.dir/BlockFrequencyInfo.cpp.o
[799/1203] Building CXX object lib/Analysis/CMakeFiles/LLVMAnalysis.dir/CGSCCPassManager.cpp.o
[800/1203] Building CXX object lib/Analysis/CMakeFiles/LLVMAnalysis.dir/BranchProbabilityInfo.cpp.o
/home/jtuyls/iree-ai/llvm-aie-port/llvm/lib/Analysis/BranchProbabilityInfo.cpp:530:6: warning: ‘bool {anonymous}::BPIConstruction::isLoopBackEdge(const LoopEdge&) const’ defined but not used [-Wunused-function]
  530 | bool BPIConstruction::isLoopBackEdge(const LoopEdge &Edge) const {
      |      ^~~~~~~~~~~~~~~
[801/1203] Building CXX object lib/Transforms/Coroutines/CMakeFiles/LLVMCoroutines.dir/CoroFrame.cpp.o
[802/1203] Building CXX object lib/Linker/CMakeFiles/LLVMLinker.dir/IRMover.cpp.o
[803/1203] Building CXX object lib/Analysis/CMakeFiles/LLVMAnalysis.dir/CallPrinter.cpp.o
[804/1203] Building CXX object lib/Transforms/Coroutines/CMakeFiles/LLVMCoroutines.dir/CoroSplit.cpp.o
[805/1203] Building CXX object lib/Analysis/CMakeFiles/LLVMAnalysis.dir/CFGPrinter.cpp.o
[806/1203] Linking CXX static library lib/libLLVMCFGuard.a
[807/1203] Building CXX object lib/Analysis/CMakeFiles/LLVMAnalysis.dir/CallGraph.cpp.o
[808/1203] Building CXX object lib/Analysis/CMakeFiles/LLVMAnalysis.dir/AliasSetTracker.cpp.o
[809/1203] Building CXX object lib/Analysis/CMakeFiles/LLVMAnalysis.dir/AssumeBundleQueries.cpp.o
[810/1203] Building CXX object lib/Analysis/CMakeFiles/LLVMAnalysis.dir/AssumptionCache.cpp.o
[811/1203] Building CXX object lib/Analysis/CMakeFiles/LLVMAnalysis.dir/CaptureTracking.cpp.o
[812/1203] Building CXX object lib/Analysis/CMakeFiles/LLVMAnalysis.dir/BasicAliasAnalysis.cpp.o
[813/1203] Building CXX object lib/Analysis/CMakeFiles/LLVMAnalysis.dir/CFG.cpp.o
[814/1203] Building CXX object lib/Analysis/CMakeFiles/LLVMAnalysis.dir/CallGraphSCCPass.cpp.o
[815/1203] Building CXX object lib/Analysis/CMakeFiles/LLVMAnalysis.dir/CmpInstAnalysis.cpp.o
[816/1203] Building CXX object lib/Analysis/CMakeFiles/LLVMAnalysis.dir/DDG.cpp.o
[817/1203] Building CXX object lib/Analysis/CMakeFiles/LLVMAnalysis.dir/DDGPrinter.cpp.o
[818/1203] Building X86GenSubtargetInfo.inc...
[819/1203] Building CXX object lib/Analysis/CMakeFiles/LLVMAnalysis.dir/ConstantFolding.cpp.o
[820/1203] Building CXX object lib/Analysis/CMakeFiles/LLVMAnalysis.dir/CodeMetrics.cpp.o
[821/1203] Building CXX object lib/Analysis/CMakeFiles/LLVMAnalysis.dir/Delinearization.cpp.o
[822/1203] Building CXX object lib/Analysis/CMakeFiles/LLVMAnalysis.dir/CtxProfAnalysis.cpp.o
[823/1203] Building CXX object lib/Analysis/CMakeFiles/LLVMAnalysis.dir/CostModel.cpp.o
[824/1203] Building CXX object lib/Analysis/CMakeFiles/LLVMAnalysis.dir/DomConditionCache.cpp.o
[825/1203] Building CXX object lib/Analysis/CMakeFiles/LLVMAnalysis.dir/DependenceGraphBuilder.cpp.o
[826/1203] Building CXX object lib/Analysis/CMakeFiles/LLVMAnalysis.dir/DependenceAnalysis.cpp.o
[827/1203] Building CXX object lib/Analysis/CMakeFiles/LLVMAnalysis.dir/DomTreeUpdater.cpp.o
[828/1203] Building CXX object lib/Analysis/CMakeFiles/LLVMAnalysis.dir/DXILMetadataAnalysis.cpp.o
[829/1203] Building CXX object lib/Analysis/CMakeFiles/LLVMAnalysis.dir/DXILResource.cpp.o
[830/1203] Building CXX object lib/Analysis/CMakeFiles/LLVMAnalysis.dir/DemandedBits.cpp.o
[831/1203] Building CXX object lib/Analysis/CMakeFiles/LLVMAnalysis.dir/HeatUtils.cpp.o
[832/1203] Building CXX object lib/Analysis/CMakeFiles/LLVMAnalysis.dir/DomPrinter.cpp.o
[833/1203] Building CXX object lib/Analysis/CMakeFiles/LLVMAnalysis.dir/IVUsers.cpp.o
[834/1203] Building CXX object lib/Analysis/CMakeFiles/LLVMAnalysis.dir/IR2Vec.cpp.o
[835/1203] Building CXX object lib/Analysis/CMakeFiles/LLVMAnalysis.dir/HashRecognize.cpp.o
[836/1203] Building CXX object lib/Analysis/CMakeFiles/LLVMAnalysis.dir/FunctionPropertiesAnalysis.cpp.o
[837/1203] Building CXX object lib/Analysis/CMakeFiles/LLVMAnalysis.dir/FloatingPointPredicateUtils.cpp.o
[838/1203] Building CXX object lib/Analysis/CMakeFiles/LLVMAnalysis.dir/GlobalsModRef.cpp.o
[839/1203] Building CXX object lib/Analysis/CMakeFiles/LLVMAnalysis.dir/IRSimilarityIdentifier.cpp.o
[840/1203] Building CXX object lib/Analysis/CMakeFiles/LLVMAnalysis.dir/GuardUtils.cpp.o
[841/1203] Building CXX object lib/Analysis/CMakeFiles/LLVMAnalysis.dir/InstCount.cpp.o
[842/1203] Building CXX object lib/Analysis/CMakeFiles/LLVMAnalysis.dir/LazyCallGraph.cpp.o
[843/1203] Building CXX object lib/Analysis/CMakeFiles/LLVMAnalysis.dir/InstructionPrecedenceTracking.cpp.o
[844/1203] Building CXX object lib/Analysis/CMakeFiles/LLVMAnalysis.dir/LazyBlockFrequencyInfo.cpp.o
[845/1203] Building CXX object lib/Analysis/CMakeFiles/LLVMAnalysis.dir/LazyBranchProbabilityInfo.cpp.o
[846/1203] Building CXX object lib/Analysis/CMakeFiles/LLVMAnalysis.dir/InlineCost.cpp.o
[847/1203] Building CXX object lib/Analysis/CMakeFiles/LLVMAnalysis.dir/IVDescriptors.cpp.o
[848/1203] Building CXX object lib/Analysis/CMakeFiles/LLVMAnalysis.dir/InlineAdvisor.cpp.o
[849/1203] Building CXX object lib/Analysis/CMakeFiles/LLVMAnalysis.dir/Local.cpp.o
[850/1203] Building CXX object lib/Analysis/CMakeFiles/LLVMAnalysis.dir/KernelInfo.cpp.o
[851/1203] Building CXX object lib/Analysis/CMakeFiles/LLVMAnalysis.dir/InstructionSimplify.cpp.o
[852/1203] Building CXX object lib/Analysis/CMakeFiles/LLVMAnalysis.dir/LoopAnalysisManager.cpp.o
[853/1203] Building CXX object lib/Analysis/CMakeFiles/LLVMAnalysis.dir/LoopNestAnalysis.cpp.o
[854/1203] Building CXX object lib/Analysis/CMakeFiles/LLVMAnalysis.dir/InlineOrder.cpp.o
[855/1203] Building CXX object lib/Analysis/CMakeFiles/LLVMAnalysis.dir/LazyValueInfo.cpp.o
[856/1203] Building CXX object lib/Analysis/CMakeFiles/LLVMAnalysis.dir/Lint.cpp.o
[857/1203] Building CXX object lib/Analysis/CMakeFiles/LLVMAnalysis.dir/MemDerefPrinter.cpp.o
[858/1203] Building CXX object lib/Analysis/CMakeFiles/LLVMAnalysis.dir/MemoryProfileInfo.cpp.o
[859/1203] Building CXX object lib/Analysis/CMakeFiles/LLVMAnalysis.dir/Loads.cpp.o
[860/1203] Building CXX object lib/Analysis/CMakeFiles/LLVMAnalysis.dir/LoopAccessAnalysis.cpp.o
[861/1203] Building CXX object lib/Analysis/CMakeFiles/LLVMAnalysis.dir/LoopUnrollAnalyzer.cpp.o
[862/1203] Building CXX object lib/Analysis/CMakeFiles/LLVMAnalysis.dir/ObjCARCAliasAnalysis.cpp.o
[863/1203] Building CXX object lib/Analysis/CMakeFiles/LLVMAnalysis.dir/LoopCacheAnalysis.cpp.o
[864/1203] Building CXX object lib/Analysis/CMakeFiles/LLVMAnalysis.dir/MemorySSAUpdater.cpp.o
[865/1203] Building CXX object lib/Analysis/CMakeFiles/LLVMAnalysis.dir/LoopPass.cpp.o
[866/1203] Building CXX object lib/Analysis/CMakeFiles/LLVMAnalysis.dir/ObjCARCInstKind.cpp.o
[867/1203] Building CXX object lib/Analysis/CMakeFiles/LLVMAnalysis.dir/LoopInfo.cpp.o
[868/1203] Building CXX object lib/Analysis/CMakeFiles/LLVMAnalysis.dir/MLInlineAdvisor.cpp.o
[869/1203] Building CXX object lib/Analysis/CMakeFiles/LLVMAnalysis.dir/ModuleDebugInfoPrinter.cpp.o
[870/1203] Building CXX object lib/Analysis/CMakeFiles/LLVMAnalysis.dir/OptimizationRemarkEmitter.cpp.o
[871/1203] Building CXX object lib/Analysis/CMakeFiles/LLVMAnalysis.dir/MustExecute.cpp.o
[872/1203] Building CXX object lib/Analysis/CMakeFiles/LLVMAnalysis.dir/ObjCARCAnalysisUtils.cpp.o
[873/1203] Building CXX object lib/Analysis/CMakeFiles/LLVMAnalysis.dir/MemoryLocation.cpp.o
[874/1203] Building CXX object lib/Analysis/CMakeFiles/LLVMAnalysis.dir/MemoryDependenceAnalysis.cpp.o
[875/1203] Building CXX object lib/Analysis/CMakeFiles/LLVMAnalysis.dir/MemoryBuiltins.cpp.o
[876/1203] Building CXX object lib/Analysis/CMakeFiles/LLVMAnalysis.dir/PostDominators.cpp.o
[877/1203] Building CXX object lib/Analysis/CMakeFiles/LLVMAnalysis.dir/PhiValues.cpp.o
[878/1203] Building CXX object lib/Analysis/CMakeFiles/LLVMAnalysis.dir/MemorySSA.cpp.o
[879/1203] Building CXX object lib/Analysis/CMakeFiles/LLVMAnalysis.dir/PHITransAddr.cpp.o
[880/1203] Building CXX object lib/Analysis/CMakeFiles/LLVMAnalysis.dir/PtrUseVisitor.cpp.o
[881/1203] Building CXX object lib/Analysis/CMakeFiles/LLVMAnalysis.dir/ScalarEvolutionDivision.cpp.o
[882/1203] Building CXX object lib/Analysis/CMakeFiles/LLVMAnalysis.dir/ReplayInlineAdvisor.cpp.o
[883/1203] Building CXX object lib/Analysis/CMakeFiles/LLVMAnalysis.dir/RegionInfo.cpp.o
[884/1203] Building CXX object lib/Analysis/CMakeFiles/LLVMAnalysis.dir/OverflowInstAnalysis.cpp.o
[885/1203] Building CXX object lib/Analysis/CMakeFiles/LLVMAnalysis.dir/ModuleSummaryAnalysis.cpp.o
[886/1203] Building CXX object lib/Analysis/CMakeFiles/LLVMAnalysis.dir/ScalarEvolutionNormalization.cpp.o
[887/1203] Building CXX object lib/Analysis/CMakeFiles/LLVMAnalysis.dir/RegionPrinter.cpp.o
[888/1203] Building CXX object lib/Analysis/CMakeFiles/LLVMAnalysis.dir/ScalarEvolutionAliasAnalysis.cpp.o
[889/1203] Building CXX object lib/Analysis/CMakeFiles/LLVMAnalysis.dir/ProfileSummaryInfo.cpp.o
[890/1203] Building CXX object lib/Analysis/CMakeFiles/LLVMAnalysis.dir/TypeBasedAliasAnalysis.cpp.o
[891/1203] Building CXX object lib/Analysis/CMakeFiles/LLVMAnalysis.dir/TargetLibraryInfo.cpp.o
[892/1203] Building CXX object lib/Analysis/CMakeFiles/LLVMAnalysis.dir/StaticDataProfileInfo.cpp.o
[893/1203] Building CXX object lib/Analysis/CMakeFiles/LLVMAnalysis.dir/ScopedNoAliasAA.cpp.o
[894/1203] Building CXX object lib/Analysis/CMakeFiles/LLVMAnalysis.dir/ValueLattice.cpp.o
[895/1203] Building CXX object lib/Analysis/CMakeFiles/LLVMAnalysis.dir/ValueLatticeUtils.cpp.o
[896/1203] Building CXX object lib/Analysis/CMakeFiles/LLVMAnalysis.dir/ScalarEvolution.cpp.o
[897/1203] Building CXX object lib/Analysis/CMakeFiles/LLVMAnalysis.dir/StackLifetime.cpp.o
[898/1203] Building CXX object lib/Analysis/CMakeFiles/LLVMAnalysis.dir/StackSafetyAnalysis.cpp.o
[899/1203] Building CXX object lib/Analysis/CMakeFiles/LLVMAnalysis.dir/UniformityAnalysis.cpp.o
[900/1203] Building CXX object lib/Target/CMakeFiles/LLVMTarget.dir/Target.cpp.o
[901/1203] Building CXX object lib/Analysis/CMakeFiles/LLVMAnalysis.dir/TypeMetadataUtils.cpp.o
[902/1203] Building CXX object lib/Analysis/CMakeFiles/LLVMAnalysis.dir/TargetTransformInfo.cpp.o
[903/1203] Building CXX object lib/Object/CMakeFiles/LLVMObject.dir/OffloadBinary.cpp.o
[904/1203] Building CXX object lib/Analysis/CMakeFiles/LLVMAnalysis.dir/VectorUtils.cpp.o
[905/1203] Building CXX object lib/Target/CMakeFiles/LLVMTarget.dir/TargetMachineC.cpp.o
[906/1203] Building CXX object lib/Target/CMakeFiles/LLVMTarget.dir/TargetLoweringObjectFile.cpp.o
[907/1203] Building CXX object lib/Target/CMakeFiles/LLVMTarget.dir/TargetMachine.cpp.o
[908/1203] Building CXX object lib/Analysis/CMakeFiles/LLVMAnalysis.dir/ValueTracking.cpp.o
[909/1203] Building CXX object lib/Target/AIE/CMakeFiles/LLVMAIECodeGen.dir/AIEBaseAliasAnalysis.cpp.o
[910/1203] Building CXX object lib/Target/AIE/CMakeFiles/LLVMAIECodeGen.dir/AIEDumpArtifacts.cpp.o
[911/1203] Building CXX object lib/Target/AIE/CMakeFiles/LLVMAIECodeGen.dir/AIEAddressSpaceFlattening.cpp.o
[912/1203] Building CXX object lib/Target/AIE/CMakeFiles/LLVMAIECodeGen.dir/AIEMachineFunctionInfo.cpp.o
[913/1203] Building CXX object lib/Target/AIE/CMakeFiles/LLVMAIECodeGen.dir/AIEClusterBaseAddress.cpp.o
[914/1203] Building CXX object lib/Target/AIE/CMakeFiles/LLVMAIECodeGen.dir/AIEBaseRegisterBankInfo.cpp.o
[915/1203] Building CXX object lib/Target/AIE/CMakeFiles/LLVMAIECodeGen.dir/AIEBasePipelinerLoopInfo.cpp.o
[916/1203] Building CXX object lib/Target/AIE/CMakeFiles/LLVMAIECodeGen.dir/AIELiveRegs.cpp.o
[917/1203] Building CXX object lib/Target/AIE/CMakeFiles/LLVMAIECodeGen.dir/AIEBaseHardwareLoops.cpp.o
[918/1203] Building CXX object lib/Target/AIE/CMakeFiles/LLVMAIECodeGen.dir/AIEBaseFrameLowering.cpp.o
[919/1203] Building CXX object lib/Target/AIE/CMakeFiles/LLVMAIECodeGen.dir/AIEBaseAsmPrinter.cpp.o
[920/1203] Building CXX object lib/Target/AIE/CMakeFiles/LLVMAIECodeGen.dir/AIEBaseInstructionSelector.cpp.o
[921/1203] Building CXX object lib/Target/AIE/CMakeFiles/LLVMAIECodeGen.dir/AIEBaseInstrInfo.cpp.o
/home/jtuyls/iree-ai/llvm-aie-port/amd/aie/llvm/lib/Target/AIE/AIEBaseInstrInfo.cpp: In member function ‘virtual bool llvm::AIEBaseInstrInfo::foldImmediate(llvm::MachineInstr&, llvm::MachineInstr&, llvm::Register, llvm::MachineRegisterInfo*) const’:
/home/jtuyls/iree-ai/llvm-aie-port/amd/aie/llvm/lib/Target/AIE/AIEBaseInstrInfo.cpp:614:29: warning: unused variable ‘TRI’ [-Wunused-variable]
  614 |   const TargetRegisterInfo *TRI = MRI->getTargetRegisterInfo();
      |                             ^~~
/home/jtuyls/iree-ai/llvm-aie-port/amd/aie/llvm/lib/Target/AIE/AIEBaseInstrInfo.cpp:615:26: warning: unused variable ‘MF’ [-Wunused-variable]
  615 |   const MachineFunction &MF = *UseMI.getParent()->getParent();
      |                          ^~
[922/1203] Building CXX object lib/Target/AIE/CMakeFiles/LLVMAIECodeGen.dir/AIECombinerHelper.cpp.o
/home/jtuyls/iree-ai/llvm-aie-port/amd/aie/llvm/lib/Target/AIE/AIECombinerHelper.cpp: In function ‘bool {anonymous}::mayMIShiftElements(const llvm::MachineInstr*)’:
/home/jtuyls/iree-ai/llvm-aie-port/amd/aie/llvm/lib/Target/AIE/AIECombinerHelper.cpp:114:5: warning: this statement may fall through [-Wimplicit-fallthrough=]
  114 |     switch (cast<GIntrinsic>(MI)->getIntrinsicID()) {
      |     ^~~~~~
/home/jtuyls/iree-ai/llvm-aie-port/amd/aie/llvm/lib/Target/AIE/AIECombinerHelper.cpp:122:3: note: here
  122 |   default:
      |   ^~~~~~~
[923/1203] Building CXX object lib/Target/AIE/CMakeFiles/LLVMAIECodeGen.dir/AIEDataDependenceHelper.cpp.o
[924/1203] Building CXX object lib/Target/AIE/CMakeFiles/LLVMAIECodeGen.dir/AIEBaseSubtarget.cpp.o
[925/1203] Building CXX object lib/Target/AIE/CMakeFiles/LLVMAIECodeGen.dir/AIEGlobalCombiner.cpp.o
[926/1203] Building CXX object lib/Target/AIE/CMakeFiles/LLVMAIECodeGen.dir/AIEPreISelCombiner.cpp.o
[927/1203] Building CXX object lib/Target/AIE/CMakeFiles/LLVMAIECodeGen.dir/AIECallLowering.cpp.o
[928/1203] Building CXX object lib/Target/AIE/CMakeFiles/LLVMAIECodeGen.dir/AIEBaseRegisterInfo.cpp.o
[929/1203] Building CXX object lib/Target/AIE/CMakeFiles/LLVMAIECodeGen.dir/AIELoopClass.cpp.o
[930/1203] Building CXX object lib/Target/AIE/CMakeFiles/LLVMAIECodeGen.dir/AIEFinalizeBundle.cpp.o
[931/1203] Building CXX object lib/Target/AIE/CMakeFiles/LLVMAIECodeGen.dir/AIEBaseISelLowering.cpp.o
[932/1203] Building CXX object lib/Target/AIE/CMakeFiles/LLVMAIECodeGen.dir/AIEEliminateDuplicatePHI.cpp.o
[933/1203] Building CXX object lib/Target/AIE/CMakeFiles/LLVMAIECodeGen.dir/AIEHazardRecognizer.cpp.o
[934/1203] Building CXX object lib/Target/AIE/CMakeFiles/LLVMAIECodeGen.dir/AIEGlobalCombinerPtrMods.cpp.o
[935/1203] Building CXX object lib/Target/AIE/CMakeFiles/LLVMAIECodeGen.dir/AIEInterBlockScheduling.cpp.o
[936/1203] Building CXX object lib/Target/AIE/CMakeFiles/LLVMAIECodeGen.dir/AIEMIRFormatter.cpp.o
[937/1203] Building CXX object lib/Target/AIE/CMakeFiles/LLVMAIECodeGen.dir/AIEISelDAGToDAG.cpp.o
In file included from /home/jtuyls/iree-ai/llvm-aie-port/amd/aie/llvm/lib/Target/AIE/aie1/AIE1FrameLowering.h:18,
                 from /home/jtuyls/iree-ai/llvm-aie-port/amd/aie/llvm/lib/Target/AIE/aie1/AIE1Subtarget.h:19,
                 from /home/jtuyls/iree-ai/llvm-aie-port/amd/aie/llvm/lib/Target/AIE/aie1/AIE1TargetMachine.h:20,
                 from /home/jtuyls/iree-ai/llvm-aie-port/amd/aie/llvm/lib/Target/AIE/AIEISelDAGToDAG.h:18,
                 from /home/jtuyls/iree-ai/llvm-aie-port/amd/aie/llvm/lib/Target/AIE/AIEISelDAGToDAG.cpp:15:
/home/jtuyls/iree-ai/llvm-aie-port/amd/aie/llvm/lib/Target/AIE/AIEBaseFrameLowering.h:90:16: warning: ‘virtual void llvm::AIEBaseFrameLowering::adjustReg(llvm::MachineBasicBlock&, llvm::MachineBasicBlock::iterator, const llvm::DebugLoc&, unsigned int, int64_t, llvm::MachineInstr::MIFlag) const’ was hidden [-Woverloaded-virtual=]
   90 |   virtual void adjustReg(MachineBasicBlock &MBB,
      |                ^~~~~~~~~
/home/jtuyls/iree-ai/llvm-aie-port/amd/aie/llvm/lib/Target/AIE/aie1/AIE1FrameLowering.h:29:15: note:   by ‘static void llvm::AIEFrameLowering::adjustReg(const llvm::TargetInstrInfo*, llvm::MachineBasicBlock&, llvm::MachineBasicBlock::iterator, const llvm::DebugLoc&, unsigned int, int64_t, llvm::MachineInstr::MIFlag)’
   29 |   static void adjustReg(const TargetInstrInfo *TII, MachineBasicBlock &MBB,
      |               ^~~~~~~~~
[938/1203] Building CXX object lib/Target/AIE/CMakeFiles/LLVMAIECodeGen.dir/AIEMachineAlignment.cpp.o
[939/1203] Building CXX object lib/Target/AIE/CMakeFiles/LLVMAIECodeGen.dir/AIEBaseTargetTransformInfo.cpp.o
In file included from /home/jtuyls/iree-ai/llvm-aie-port/amd/aie/llvm/lib/Target/AIE/aie1/AIE1FrameLowering.h:18,
                 from /home/jtuyls/iree-ai/llvm-aie-port/amd/aie/llvm/lib/Target/AIE/aie1/AIE1Subtarget.h:19,
                 from /home/jtuyls/iree-ai/llvm-aie-port/amd/aie/llvm/lib/Target/AIE/AIEBaseTargetTransformInfo.h:21,
                 from /home/jtuyls/iree-ai/llvm-aie-port/amd/aie/llvm/lib/Target/AIE/AIEBaseTargetTransformInfo.cpp:11:
/home/jtuyls/iree-ai/llvm-aie-port/amd/aie/llvm/lib/Target/AIE/AIEBaseFrameLowering.h:90:16: warning: ‘virtual void llvm::AIEBaseFrameLowering::adjustReg(llvm::MachineBasicBlock&, llvm::MachineBasicBlock::iterator, const llvm::DebugLoc&, unsigned int, int64_t, llvm::MachineInstr::MIFlag) const’ was hidden [-Woverloaded-virtual=]
   90 |   virtual void adjustReg(MachineBasicBlock &MBB,
      |                ^~~~~~~~~
/home/jtuyls/iree-ai/llvm-aie-port/amd/aie/llvm/lib/Target/AIE/aie1/AIE1FrameLowering.h:29:15: note:   by ‘static void llvm::AIEFrameLowering::adjustReg(const llvm::TargetInstrInfo*, llvm::MachineBasicBlock&, llvm::MachineBasicBlock::iterator, const llvm::DebugLoc&, unsigned int, int64_t, llvm::MachineInstr::MIFlag)’
   29 |   static void adjustReg(const TargetInstrInfo *TII, MachineBasicBlock &MBB,
      |               ^~~~~~~~~
[940/1203] Building CXX object lib/Target/AIE/CMakeFiles/LLVMAIECodeGen.dir/AIEMCInstLower.cpp.o
[941/1203] Building CXX object lib/Target/AIE/CMakeFiles/LLVMAIECodeGen.dir/AIERegClassConstrainer.cpp.o
[942/1203] Building CXX object lib/Target/AIE/CMakeFiles/LLVMAIECodeGen.dir/AIELegalizerHelper.cpp.o
[943/1203] Building CXX object lib/Target/AIE/CMakeFiles/LLVMAIECodeGen.dir/AIEMachineScheduler.cpp.o
[944/1203] Building CXX object lib/Target/AIE/CMakeFiles/LLVMAIECodeGen.dir/AIEMaxLatencyFinder.cpp.o
[945/1203] Building CXX object lib/Target/AIE/CMakeFiles/LLVMAIECodeGen.dir/AIEBaseTargetMachine.cpp.o
In file included from /home/jtuyls/iree-ai/llvm-aie-port/amd/aie/llvm/lib/Target/AIE/AIE2FrameLowering.h:18,
                 from /home/jtuyls/iree-ai/llvm-aie-port/amd/aie/llvm/lib/Target/AIE/AIE2Subtarget.h:19,
                 from /home/jtuyls/iree-ai/llvm-aie-port/amd/aie/llvm/lib/Target/AIE/AIE2TargetMachine.h:18,
                 from /home/jtuyls/iree-ai/llvm-aie-port/amd/aie/llvm/lib/Target/AIE/AIEBaseTargetMachine.cpp:18:
/home/jtuyls/iree-ai/llvm-aie-port/amd/aie/llvm/lib/Target/AIE/AIEBaseFrameLowering.h:90:16: warning: ‘virtual void llvm::AIEBaseFrameLowering::adjustReg(llvm::MachineBasicBlock&, llvm::MachineBasicBlock::iterator, const llvm::DebugLoc&, unsigned int, int64_t, llvm::MachineInstr::MIFlag) const’ was hidden [-Woverloaded-virtual=]
   90 |   virtual void adjustReg(MachineBasicBlock &MBB,
      |                ^~~~~~~~~
In file included from /home/jtuyls/iree-ai/llvm-aie-port/amd/aie/llvm/lib/Target/AIE/aie1/AIE1Subtarget.h:19,
                 from /home/jtuyls/iree-ai/llvm-aie-port/amd/aie/llvm/lib/Target/AIE/aie1/AIE1TargetMachine.h:20,
                 from /home/jtuyls/iree-ai/llvm-aie-port/amd/aie/llvm/lib/Target/AIE/AIEBaseTargetMachine.cpp:25:
/home/jtuyls/iree-ai/llvm-aie-port/amd/aie/llvm/lib/Target/AIE/aie1/AIE1FrameLowering.h:29:15: note:   by ‘static void llvm::AIEFrameLowering::adjustReg(const llvm::TargetInstrInfo*, llvm::MachineBasicBlock&, llvm::MachineBasicBlock::iterator, const llvm::DebugLoc&, unsigned int, int64_t, llvm::MachineInstr::MIFlag)’
   29 |   static void adjustReg(const TargetInstrInfo *TII, MachineBasicBlock &MBB,
      |               ^~~~~~~~~
[946/1203] Building CXX object lib/Target/AIE/CMakeFiles/LLVMAIECodeGen.dir/AIERegMemEventTracker.cpp.o
[947/1203] Building CXX object lib/Target/AIE/CMakeFiles/LLVMAIECodeGen.dir/AIEMultiSlotInstrMaterializer.cpp.o
[948/1203] Building CXX object lib/Target/AIE/CMakeFiles/LLVMAIECodeGen.dir/AIEPseudoBranchExpansion.cpp.o
[949/1203] Building CXX object lib/Target/AIE/CMakeFiles/LLVMAIECodeGen.dir/AIEPostSelectOptimize.cpp.o
[950/1203] Building CXX object lib/Target/AIE/CMakeFiles/LLVMAIECodeGen.dir/AIEPostPipeliner.cpp.o
[951/1203] Building CXX object lib/Target/AIE/CMakeFiles/LLVMAIECodeGen.dir/AIESubRegConstrainer.cpp.o
[952/1203] Building CXX object lib/Target/AIE/CMakeFiles/LLVMAIECodeGen.dir/AIEPtrModOptimizer.cpp.o
[953/1203] Building CXX object lib/Target/AIE/CMakeFiles/LLVMAIECodeGen.dir/AIESlotUtils.cpp.o
[954/1203] Building CXX object lib/Target/AIE/CMakeFiles/LLVMAIECodeGen.dir/AIESlotStatistics.cpp.o
[955/1203] Building CXX object lib/Target/AIE/CMakeFiles/LLVMAIECodeGen.dir/AIESuperRegRewriter.cpp.o
[956/1203] Building CXX object lib/Target/AIE/CMakeFiles/LLVMAIECodeGen.dir/AIESpillSlotOptimization.cpp.o
[957/1203] Building CXX object lib/Target/AIE/CMakeFiles/LLVMAIECodeGen.dir/AIESuperRegUtils.cpp.o
[958/1203] Building CXX object lib/Target/AIE/CMakeFiles/LLVMAIECodeGen.dir/AIESplitInstructionRewriter.cpp.o
[959/1203] Building CXX object lib/Target/AIE/CMakeFiles/LLVMAIECodeGen.dir/AIEPostLegalizerCustomCombiner.cpp.o
[960/1203] Building CXX object lib/Target/AIE/CMakeFiles/LLVMAIECodeGen.dir/AIE2FrameLowering.cpp.o
[961/1203] Building CXX object lib/Target/AIE/CMakeFiles/LLVMAIECodeGen.dir/AIETargetObjectFile.cpp.o
In file included from /home/jtuyls/iree-ai/llvm-aie-port/amd/aie/llvm/lib/Target/AIE/aie1/AIE1FrameLowering.h:18,
                 from /home/jtuyls/iree-ai/llvm-aie-port/amd/aie/llvm/lib/Target/AIE/aie1/AIE1Subtarget.h:19,
                 from /home/jtuyls/iree-ai/llvm-aie-port/amd/aie/llvm/lib/Target/AIE/aie1/AIE1TargetMachine.h:20,
                 from /home/jtuyls/iree-ai/llvm-aie-port/amd/aie/llvm/lib/Target/AIE/AIETargetObjectFile.cpp:13:
/home/jtuyls/iree-ai/llvm-aie-port/amd/aie/llvm/lib/Target/AIE/AIEBaseFrameLowering.h:90:16: warning: ‘virtual void llvm::AIEBaseFrameLowering::adjustReg(llvm::MachineBasicBlock&, llvm::MachineBasicBlock::iterator, const llvm::DebugLoc&, unsigned int, int64_t, llvm::MachineInstr::MIFlag) const’ was hidden [-Woverloaded-virtual=]
   90 |   virtual void adjustReg(MachineBasicBlock &MBB,
      |                ^~~~~~~~~
/home/jtuyls/iree-ai/llvm-aie-port/amd/aie/llvm/lib/Target/AIE/aie1/AIE1FrameLowering.h:29:15: note:   by ‘static void llvm::AIEFrameLowering::adjustReg(const llvm::TargetInstrInfo*, llvm::MachineBasicBlock&, llvm::MachineBasicBlock::iterator, const llvm::DebugLoc&, unsigned int, int64_t, llvm::MachineInstr::MIFlag)’
   29 |   static void adjustReg(const TargetInstrInfo *TII, MachineBasicBlock &MBB,
      |               ^~~~~~~~~
[962/1203] Building CXX object lib/Target/AIE/CMakeFiles/LLVMAIECodeGen.dir/AIE2PostLegalizerGenericCombiner.cpp.o
[963/1203] Building CXX object lib/Target/AIE/CMakeFiles/LLVMAIECodeGen.dir/AIE2AsmPrinter.cpp.o
In file included from /home/jtuyls/iree-ai/llvm-aie-port/amd/aie/llvm/lib/Target/AIE/InstPrinter/AIE2InstPrinter.h:18,
                 from /home/jtuyls/iree-ai/llvm-aie-port/amd/aie/llvm/lib/Target/AIE/AIE2AsmPrinter.cpp:18:
/home/jtuyls/iree-ai/llvm-aie-port/amd/aie/llvm/lib/Target/AIE/InstPrinter/AIECommonInstPrinter.h: In member function ‘void llvm::AIECommonInstPrinter::printImmOffset(const llvm::MCOperand&, const llvm::MCSubtargetInfo&, llvm::raw_ostream&)’:
/home/jtuyls/iree-ai/llvm-aie-port/amd/aie/llvm/lib/Target/AIE/InstPrinter/AIECommonInstPrinter.h:54:5: warning: invalid use of incomplete type ‘const class llvm::MCAsmInfo’
   54 |     MAI.printExpr(O, *MO.getExpr());
      |     ^~~
In file included from /home/jtuyls/iree-ai/llvm-aie-port/llvm/include/llvm/MC/MCSymbol.h:18,
                 from /home/jtuyls/iree-ai/llvm-aie-port/llvm/include/llvm/CodeGen/MachineInstr.h:32,
                 from /home/jtuyls/iree-ai/llvm-aie-port/llvm/include/llvm/CodeGen/MachineBasicBlock.h:22,
                 from /home/jtuyls/iree-ai/llvm-aie-port/llvm/include/llvm/CodeGen/MachineFunction.h:26,
                 from /home/jtuyls/iree-ai/llvm-aie-port/llvm/include/llvm/CodeGen/MachineFunctionPass.h:21,
                 from /home/jtuyls/iree-ai/llvm-aie-port/llvm/include/llvm/CodeGen/AsmPrinter.h:26,
                 from /home/jtuyls/iree-ai/llvm-aie-port/amd/aie/llvm/lib/Target/AIE/AIEBaseAsmPrinter.h:19,
                 from /home/jtuyls/iree-ai/llvm-aie-port/amd/aie/llvm/lib/Target/AIE/AIE2AsmPrinter.h:19,
                 from /home/jtuyls/iree-ai/llvm-aie-port/amd/aie/llvm/lib/Target/AIE/AIE2AsmPrinter.cpp:16:
/home/jtuyls/iree-ai/llvm-aie-port/llvm/include/llvm/MC/MCExpr.h:19:7: note: forward declaration of ‘class llvm::MCAsmInfo’
   19 | class MCAsmInfo;
      |       ^~~~~~~~~
[964/1203] Building CXX object lib/Target/AIE/CMakeFiles/LLVMAIECodeGen.dir/AIEPostLegalizerGenericCombiner.cpp.o
[965/1203] Building CXX object lib/Target/AIE/CMakeFiles/LLVMAIECodeGen.dir/AIE2LegalizerInfo.cpp.o
[966/1203] Building CXX object lib/Target/AIE/CMakeFiles/LLVMAIECodeGen.dir/AIEPostLegalizerFinalCombiner.cpp.o
[967/1203] Building CXX object lib/Target/AIE/CMakeFiles/LLVMAIECodeGen.dir/ReservedRegsLICM.cpp.o
[968/1203] Building CXX object lib/Target/AIE/CMakeFiles/LLVMAIECodeGen.dir/AIE2PreLegalizerCombiner.cpp.o
[969/1203] Building CXX object lib/Target/AIE/CMakeFiles/LLVMAIECodeGen.dir/AIE2PostLegalizerCustomCombiner.cpp.o
[970/1203] Building CXX object lib/Target/AIE/CMakeFiles/LLVMAIECodeGen.dir/AIEPreLegalizerCombiner.cpp.o
[971/1203] Building CXX object lib/Target/AIE/CMakeFiles/LLVMAIECodeGen.dir/AIEOutlineMemoryGEP.cpp.o
[972/1203] Building X86GenInstrInfo.inc...
[973/1203] Building CXX object lib/Target/AIE/CMakeFiles/LLVMAIECodeGen.dir/AIE2ISelLowering.cpp.o
[974/1203] Building CXX object lib/Target/AIE/CMakeFiles/LLVMAIECodeGen.dir/AIEOuterLoopPipeliner.cpp.o
/home/jtuyls/iree-ai/llvm-aie-port/amd/aie/llvm/lib/Target/AIE/AIEOuterLoopPipeliner.cpp:211:32: warning: ‘BranchInst’ is deprecated: Use UncondBrInst/CondBrInst/Instruction instead [-Wdeprecated-declarations]
  211 |   BranchInst *getLatchBranch() const {
      |                                ^~~~~
In file included from /home/jtuyls/iree-ai/llvm-aie-port/llvm/include/llvm/Analysis/LoopInfo.h:17,
                 from /home/jtuyls/iree-ai/llvm-aie-port/amd/aie/llvm/lib/Target/AIE/Utils/AIELoopUtils.h:17,
                 from /home/jtuyls/iree-ai/llvm-aie-port/amd/aie/llvm/lib/Target/AIE/AIEOuterLoopPipeliner.cpp:39:
/home/jtuyls/iree-ai/llvm-aie-port/llvm/include/llvm/IR/Instructions.h:3084:5: note: declared here
 3084 |     BranchInst : public Instruction {
      |     ^~~~~~~~~~
/home/jtuyls/iree-ai/llvm-aie-port/amd/aie/llvm/lib/Target/AIE/AIEOuterLoopPipeliner.cpp: In member function ‘llvm::BranchInst* {anonymous}::LoopStructure::getLatchBranch() const’:
/home/jtuyls/iree-ai/llvm-aie-port/amd/aie/llvm/lib/Target/AIE/AIEOuterLoopPipeliner.cpp:212:17: warning: ‘BranchInst’ is deprecated: Use UncondBrInst/CondBrInst/Instruction instead [-Wdeprecated-declarations]
  212 |     return cast<BranchInst>(OuterLatch->getTerminator());
      |                 ^~~~~~~~~~
/home/jtuyls/iree-ai/llvm-aie-port/llvm/include/llvm/IR/Instructions.h:3084:5: note: declared here
 3084 |     BranchInst : public Instruction {
      |     ^~~~~~~~~~
/home/jtuyls/iree-ai/llvm-aie-port/amd/aie/llvm/lib/Target/AIE/AIEOuterLoopPipeliner.cpp: In member function ‘bool {anonymous}::AIEOuterLoopPipeliner::isInnerLoopHardwareLoop(const {anonymous}::LoopStructure&) const’:
/home/jtuyls/iree-ai/llvm-aie-port/amd/aie/llvm/lib/Target/AIE/AIEOuterLoopPipeliner.cpp:499:23: warning: ‘BranchInst’ is deprecated: Use UncondBrInst/CondBrInst/Instruction instead [-Wdeprecated-declarations]
  499 |   auto *BI = dyn_cast<BranchInst>(LS.InnerLatch->getTerminator());
      |                       ^~~~~~~~~~
/home/jtuyls/iree-ai/llvm-aie-port/llvm/include/llvm/IR/Instructions.h:3084:5: note: declared here
 3084 |     BranchInst : public Instruction {
      |     ^~~~~~~~~~
/home/jtuyls/iree-ai/llvm-aie-port/amd/aie/llvm/lib/Target/AIE/AIEOuterLoopPipeliner.cpp:500:32: warning: ‘bool llvm::BranchInst::isConditional() const’ is deprecated: Use isa<CondBrInst> instead [-Wdeprecated-declarations]
  500 |   if (!BI || !BI->isConditional())
      |               ~~~~~~~~~~~~~~~~~^~
/home/jtuyls/iree-ai/llvm-aie-port/llvm/include/llvm/IR/Instructions.h:3313:13: note: declared here
 3313 | inline bool BranchInst::isConditional() const { return isa<CondBrInst>(this); }
      |             ^~~~~~~~~~
/home/jtuyls/iree-ai/llvm-aie-port/amd/aie/llvm/lib/Target/AIE/AIEOuterLoopPipeliner.cpp:502:51: warning: ‘llvm::Value* llvm::BranchInst::getCondition() const’ is deprecated: Cast to CondBrInst [-Wdeprecated-declarations]
  502 |   auto *Call = dyn_cast<CallInst>(BI->getCondition());
      |                                   ~~~~~~~~~~~~~~~~^~
/home/jtuyls/iree-ai/llvm-aie-port/llvm/include/llvm/IR/Instructions.h:3318:15: note: declared here
 3318 | inline Value *BranchInst::getCondition() const {
      |               ^~~~~~~~~~
/home/jtuyls/iree-ai/llvm-aie-port/amd/aie/llvm/lib/Target/AIE/AIEOuterLoopPipeliner.cpp: In member function ‘llvm::BasicBlock* {anonymous}::AIEOuterLoopPipeliner::clonePrologueAsWarmUp(const {anonymous}::LoopStructure&, const llvm::SmallVectorImpl<llvm::Instruction*>&, llvm::ValueToValueMapTy&)’:
/home/jtuyls/iree-ai/llvm-aie-port/amd/aie/llvm/lib/Target/AIE/AIEOuterLoopPipeliner.cpp:664:15: warning: ‘BranchInst’ is deprecated: Use UncondBrInst/CondBrInst/Instruction instead [-Wdeprecated-declarations]
  664 |   BranchInst::Create(LS.OuterHeader, WarmUp);
      |               ^~~~~~
/home/jtuyls/iree-ai/llvm-aie-port/llvm/include/llvm/IR/Instructions.h:3084:5: note: declared here
 3084 |     BranchInst : public Instruction {
      |     ^~~~~~~~~~
/home/jtuyls/iree-ai/llvm-aie-port/amd/aie/llvm/lib/Target/AIE/AIEOuterLoopPipeliner.cpp:664:21: warning: ‘static llvm::BranchInst* llvm::BranchInst::Create(llvm::BasicBlock*, llvm::InsertPosition)’ is deprecated: Use UncondBrInst::Create instead [-Wdeprecated-declarations]
  664 |   BranchInst::Create(LS.OuterHeader, WarmUp);
      |   ~~~~~~~~~~~~~~~~~~^~~~~~~~~~~~~~~~~~~~~~~~
/home/jtuyls/iree-ai/llvm-aie-port/llvm/include/llvm/IR/Instructions.h:3302:20: note: declared here
 3302 | inline BranchInst *BranchInst::Create(BasicBlock *IfTrue,
      |                    ^~~~~~~~~~
/home/jtuyls/iree-ai/llvm-aie-port/amd/aie/llvm/lib/Target/AIE/AIEOuterLoopPipeliner.cpp: In member function ‘void {anonymous}::AIEOuterLoopPipeliner::peelLastIterationEpilogue(const {anonymous}::LoopStructure&, const llvm::SmallPtrSetImpl<llvm::Instruction*>&, const llvm::SmallVectorImpl<llvm::Instruction*>&)’:
/home/jtuyls/iree-ai/llvm-aie-port/amd/aie/llvm/lib/Target/AIE/AIEOuterLoopPipeliner.cpp:782:15: warning: ‘BranchInst’ is deprecated: Use UncondBrInst/CondBrInst/Instruction instead [-Wdeprecated-declarations]
  782 |   BranchInst *LatchBr = LS.getLatchBranch();
      |               ^~~~~~~
/home/jtuyls/iree-ai/llvm-aie-port/llvm/include/llvm/IR/Instructions.h:3084:5: note: declared here
 3084 |     BranchInst : public Instruction {
      |     ^~~~~~~~~~
In file included from /usr/include/c++/13/cassert:44,
                 from /home/jtuyls/iree-ai/llvm-aie-port/llvm/include/llvm/Analysis/InlineCost.h:21,
                 from /home/jtuyls/iree-ai/llvm-aie-port/llvm/include/llvm/Transforms/Utils/Cloning.h:25,
                 from /home/jtuyls/iree-ai/llvm-aie-port/amd/aie/llvm/lib/Target/AIE/AIEOuterLoopPipeliner.cpp:58:
/home/jtuyls/iree-ai/llvm-aie-port/amd/aie/llvm/lib/Target/AIE/AIEOuterLoopPipeliner.cpp:783:32: warning: ‘bool llvm::BranchInst::isConditional() const’ is deprecated: Use isa<CondBrInst> instead [-Wdeprecated-declarations]
  783 |   assert(LatchBr->isConditional() && "Outer latch must be conditional");
      |          ~~~~~~~~~~~~~~~~~~~~~~^~
/home/jtuyls/iree-ai/llvm-aie-port/llvm/include/llvm/IR/Instructions.h:3313:13: note: declared here
 3313 | inline bool BranchInst::isConditional() const { return isa<CondBrInst>(this); }
      |             ^~~~~~~~~~
/home/jtuyls/iree-ai/llvm-aie-port/amd/aie/llvm/lib/Target/AIE/AIEOuterLoopPipeliner.cpp:899:15: warning: ‘BranchInst’ is deprecated: Use UncondBrInst/CondBrInst/Instruction instead [-Wdeprecated-declarations]
  899 |   BranchInst::Create(ClonedInnerHeader, CoolEntry);
      |               ^~~~~~
/home/jtuyls/iree-ai/llvm-aie-port/llvm/include/llvm/IR/Instructions.h:3084:5: note: declared here
 3084 |     BranchInst : public Instruction {
      |     ^~~~~~~~~~
/home/jtuyls/iree-ai/llvm-aie-port/amd/aie/llvm/lib/Target/AIE/AIEOuterLoopPipeliner.cpp:899:21: warning: ‘static llvm::BranchInst* llvm::BranchInst::Create(llvm::BasicBlock*, llvm::InsertPosition)’ is deprecated: Use UncondBrInst::Create instead [-Wdeprecated-declarations]
  899 |   BranchInst::Create(ClonedInnerHeader, CoolEntry);
      |   ~~~~~~~~~~~~~~~~~~^~~~~~~~~~~~~~~~~~~~~~~~~~~~~~
/home/jtuyls/iree-ai/llvm-aie-port/llvm/include/llvm/IR/Instructions.h:3302:20: note: declared here
 3302 | inline BranchInst *BranchInst::Create(BasicBlock *IfTrue,
      |                    ^~~~~~~~~~
/home/jtuyls/iree-ai/llvm-aie-port/amd/aie/llvm/lib/Target/AIE/AIEOuterLoopPipeliner.cpp:925:15: warning: ‘BranchInst’ is deprecated: Use UncondBrInst/CondBrInst/Instruction instead [-Wdeprecated-declarations]
  925 |   BranchInst::Create(OrigExit, CoolExit);
      |               ^~~~~~
/home/jtuyls/iree-ai/llvm-aie-port/llvm/include/llvm/IR/Instructions.h:3084:5: note: declared here
 3084 |     BranchInst : public Instruction {
      |     ^~~~~~~~~~
/home/jtuyls/iree-ai/llvm-aie-port/amd/aie/llvm/lib/Target/AIE/AIEOuterLoopPipeliner.cpp:925:21: warning: ‘static llvm::BranchInst* llvm::BranchInst::Create(llvm::BasicBlock*, llvm::InsertPosition)’ is deprecated: Use UncondBrInst::Create instead [-Wdeprecated-declarations]
  925 |   BranchInst::Create(OrigExit, CoolExit);
      |   ~~~~~~~~~~~~~~~~~~^~~~~~~~~~~~~~~~~~~~
/home/jtuyls/iree-ai/llvm-aie-port/llvm/include/llvm/IR/Instructions.h:3302:20: note: declared here
 3302 | inline BranchInst *BranchInst::Create(BasicBlock *IfTrue,
      |                    ^~~~~~~~~~
/home/jtuyls/iree-ai/llvm-aie-port/amd/aie/llvm/lib/Target/AIE/AIEOuterLoopPipeliner.cpp: In member function ‘std::optional<{anonymous}::LatchBoundInfo> {anonymous}::AIEOuterLoopPipeliner::canAdjustLoopBound(const {anonymous}::LoopStructure&) const’:
/home/jtuyls/iree-ai/llvm-aie-port/amd/aie/llvm/lib/Target/AIE/AIEOuterLoopPipeliner.cpp:953:23: warning: ‘BranchInst’ is deprecated: Use UncondBrInst/CondBrInst/Instruction instead [-Wdeprecated-declarations]
  953 |   auto *BI = dyn_cast<BranchInst>(LS.OuterLatch->getTerminator());
      |                       ^~~~~~~~~~
/home/jtuyls/iree-ai/llvm-aie-port/llvm/include/llvm/IR/Instructions.h:3084:5: note: declared here
 3084 |     BranchInst : public Instruction {
      |     ^~~~~~~~~~
/home/jtuyls/iree-ai/llvm-aie-port/amd/aie/llvm/lib/Target/AIE/AIEOuterLoopPipeliner.cpp:954:32: warning: ‘bool llvm::BranchInst::isConditional() const’ is deprecated: Use isa<CondBrInst> instead [-Wdeprecated-declarations]
  954 |   if (!BI || !BI->isConditional())
      |               ~~~~~~~~~~~~~~~~~^~
/home/jtuyls/iree-ai/llvm-aie-port/llvm/include/llvm/IR/Instructions.h:3313:13: note: declared here
 3313 | inline bool BranchInst::isConditional() const { return isa<CondBrInst>(this); }
      |             ^~~~~~~~~~
/home/jtuyls/iree-ai/llvm-aie-port/amd/aie/llvm/lib/Target/AIE/AIEOuterLoopPipeliner.cpp:956:50: warning: ‘llvm::Value* llvm::BranchInst::getCondition() const’ is deprecated: Cast to CondBrInst [-Wdeprecated-declarations]
  956 |   auto *Cmp = dyn_cast<ICmpInst>(BI->getCondition());
      |                                  ~~~~~~~~~~~~~~~~^~
/home/jtuyls/iree-ai/llvm-aie-port/llvm/include/llvm/IR/Instructions.h:3318:15: note: declared here
 3318 | inline Value *BranchInst::getCondition() const {
      |               ^~~~~~~~~~
/home/jtuyls/iree-ai/llvm-aie-port/amd/aie/llvm/lib/Target/AIE/AIEOuterLoopPipeliner.cpp: In member function ‘void {anonymous}::AIEOuterLoopPipeliner::convertOuterLoopToHardwareLoop(const {anonymous}::LoopStructure&, llvm::BasicBlock*, llvm::Value*, const {anonymous}::DowncountingInfo&)’:
/home/jtuyls/iree-ai/llvm-aie-port/amd/aie/llvm/lib/Target/AIE/AIEOuterLoopPipeliner.cpp:1535:15: warning: ‘BranchInst’ is deprecated: Use UncondBrInst/CondBrInst/Instruction instead [-Wdeprecated-declarations]
 1535 |   BranchInst *LatchBr = LS.getLatchBranch();
      |               ^~~~~~~
/home/jtuyls/iree-ai/llvm-aie-port/llvm/include/llvm/IR/Instructions.h:3084:5: note: declared here
 3084 |     BranchInst : public Instruction {
      |     ^~~~~~~~~~
/home/jtuyls/iree-ai/llvm-aie-port/amd/aie/llvm/lib/Target/AIE/AIEOuterLoopPipeliner.cpp:1549:41: warning: ‘llvm::Value* llvm::BranchInst::getCondition() const’ is deprecated: Cast to CondBrInst [-Wdeprecated-declarations]
 1549 |   Value *OldCond = LatchBr->getCondition();
      |                    ~~~~~~~~~~~~~~~~~~~~~^~
/home/jtuyls/iree-ai/llvm-aie-port/llvm/include/llvm/IR/Instructions.h:3318:15: note: declared here
 3318 | inline Value *BranchInst::getCondition() const {
      |               ^~~~~~~~~~
/home/jtuyls/iree-ai/llvm-aie-port/amd/aie/llvm/lib/Target/AIE/AIEOuterLoopPipeliner.cpp:1550:24: warning: ‘void llvm::BranchInst::setCondition(llvm::Value*)’ is deprecated: Cast to CondBrInst [-Wdeprecated-declarations]
 1550 |   LatchBr->setCondition(NewCond);
      |   ~~~~~~~~~~~~~~~~~~~~~^~~~~~~~~
/home/jtuyls/iree-ai/llvm-aie-port/llvm/include/llvm/IR/Instructions.h:3321:13: note: declared here
 3321 | inline void BranchInst::setCondition(Value *V) {
      |             ^~~~~~~~~~
/home/jtuyls/iree-ai/llvm-aie-port/amd/aie/llvm/lib/Target/AIE/AIEOuterLoopPipeliner.cpp:1554:28: warning: ‘void llvm::BranchInst::swapSuccessors()’ is deprecated: Cast to CondBrInst [-Wdeprecated-declarations]
 1554 |     LatchBr->swapSuccessors();
      |     ~~~~~~~~~~~~~~~~~~~~~~~^~
/home/jtuyls/iree-ai/llvm-aie-port/llvm/include/llvm/IR/Instructions.h:3325:13: note: declared here
 3325 | inline void BranchInst::swapSuccessors() {
      |             ^~~~~~~~~~
[975/1203] Building CXX object lib/Target/AIE/CMakeFiles/LLVMAIECodeGen.dir/AIE2RegisterInfo.cpp.o
[976/1203] Building CXX object lib/Target/AIE/CMakeFiles/LLVMAIECodeGen.dir/AIE2InstructionSelector.cpp.o
In file included from /home/jtuyls/iree-ai/llvm-aie-port/amd/aie/llvm/lib/Target/AIE/InstPrinter/AIE2InstPrinter.h:18,
                 from /home/jtuyls/iree-ai/llvm-aie-port/amd/aie/llvm/lib/Target/AIE/AIE2InstructionSelector.cpp:21:
/home/jtuyls/iree-ai/llvm-aie-port/amd/aie/llvm/lib/Target/AIE/InstPrinter/AIECommonInstPrinter.h: In member function ‘void llvm::AIECommonInstPrinter::printImmOffset(const llvm::MCOperand&, const llvm::MCSubtargetInfo&, llvm::raw_ostream&)’:
/home/jtuyls/iree-ai/llvm-aie-port/amd/aie/llvm/lib/Target/AIE/InstPrinter/AIECommonInstPrinter.h:54:5: warning: invalid use of incomplete type ‘const class llvm::MCAsmInfo’
   54 |     MAI.printExpr(O, *MO.getExpr());
      |     ^~~
In file included from /home/jtuyls/iree-ai/llvm-aie-port/llvm/include/llvm/MC/MCSymbol.h:18,
                 from /home/jtuyls/iree-ai/llvm-aie-port/llvm/include/llvm/CodeGen/MachineInstr.h:32,
                 from /home/jtuyls/iree-ai/llvm-aie-port/llvm/include/llvm/CodeGen/MachineBasicBlock.h:22,
                 from /home/jtuyls/iree-ai/llvm-aie-port/llvm/include/llvm/CodeGen/MachineFunction.h:26,
                 from /home/jtuyls/iree-ai/llvm-aie-port/llvm/include/llvm/CodeGen/GlobalISel/GISelChangeObserver.h:18,
                 from /home/jtuyls/iree-ai/llvm-aie-port/llvm/include/llvm/CodeGen/GlobalISel/GISelValueTracking.h:19,
                 from /home/jtuyls/iree-ai/llvm-aie-port/llvm/include/llvm/CodeGen/GlobalISel/GISelKnownBits.h:18,
                 from /home/jtuyls/iree-ai/llvm-aie-port/amd/aie/llvm/lib/Target/AIE/AIE2InstructionSelector.cpp:17:
/home/jtuyls/iree-ai/llvm-aie-port/llvm/include/llvm/MC/MCExpr.h:19:7: note: forward declaration of ‘class llvm::MCAsmInfo’
   19 | class MCAsmInfo;
      |       ^~~~~~~~~
[977/1203] Building CXX object lib/Target/AIE/CMakeFiles/LLVMAIECodeGen.dir/aie1/AIE1MachineBlockPlacement.cpp.o
[978/1203] Building CXX object lib/Target/AIE/CMakeFiles/LLVMAIECodeGen.dir/AIE2InstrInfo.cpp.o
[979/1203] Building CXX object lib/Target/AIE/CMakeFiles/LLVMAIECodeGen.dir/AIE2RegisterBankInfo.cpp.o
[980/1203] Building CXX object lib/Target/AIE/CMakeFiles/LLVMAIECodeGen.dir/AIEUnallocatedSuperRegRewriter.cpp.o
[981/1203] Building CXX object lib/Target/AIE/CMakeFiles/LLVMAIECodeGen.dir/AIE2Subtarget.cpp.o
[982/1203] Building CXX object lib/Target/AIE/CMakeFiles/LLVMAIECodeGen.dir/AIEWawRegRewriter.cpp.o
[983/1203] Building CXX object lib/Target/AIE/CMakeFiles/LLVMAIECodeGen.dir/aie1/AIE1DelaySlotFiller.cpp.o
In file included from /home/jtuyls/iree-ai/llvm-aie-port/amd/aie/llvm/lib/Target/AIE/aie1/AIE1FrameLowering.h:18,
                 from /home/jtuyls/iree-ai/llvm-aie-port/amd/aie/llvm/lib/Target/AIE/aie1/AIE1Subtarget.h:19,
                 from /home/jtuyls/iree-ai/llvm-aie-port/amd/aie/llvm/lib/Target/AIE/aie1/AIE1TargetMachine.h:20,
                 from /home/jtuyls/iree-ai/llvm-aie-port/amd/aie/llvm/lib/Target/AIE/aie1/AIE1DelaySlotFiller.cpp:16:
/home/jtuyls/iree-ai/llvm-aie-port/amd/aie/llvm/lib/Target/AIE/AIEBaseFrameLowering.h:90:16: warning: ‘virtual void llvm::AIEBaseFrameLowering::adjustReg(llvm::MachineBasicBlock&, llvm::MachineBasicBlock::iterator, const llvm::DebugLoc&, unsigned int, int64_t, llvm::MachineInstr::MIFlag) const’ was hidden [-Woverloaded-virtual=]
   90 |   virtual void adjustReg(MachineBasicBlock &MBB,
      |                ^~~~~~~~~
/home/jtuyls/iree-ai/llvm-aie-port/amd/aie/llvm/lib/Target/AIE/aie1/AIE1FrameLowering.h:29:15: note:   by ‘static void llvm::AIEFrameLowering::adjustReg(const llvm::TargetInstrInfo*, llvm::MachineBasicBlock&, llvm::MachineBasicBlock::iterator, const llvm::DebugLoc&, unsigned int, int64_t, llvm::MachineInstr::MIFlag)’
   29 |   static void adjustReg(const TargetInstrInfo *TII, MachineBasicBlock &MBB,
      |               ^~~~~~~~~
[984/1203] Building CXX object lib/Target/AIE/CMakeFiles/LLVMAIECodeGen.dir/AIE2TargetTransformInfo.cpp.o
In file included from /home/jtuyls/iree-ai/llvm-aie-port/amd/aie/llvm/lib/Target/AIE/AIE2FrameLowering.h:18,
                 from /home/jtuyls/iree-ai/llvm-aie-port/amd/aie/llvm/lib/Target/AIE/AIE2Subtarget.h:19,
                 from /home/jtuyls/iree-ai/llvm-aie-port/amd/aie/llvm/lib/Target/AIE/AIE2TargetMachine.h:18,
                 from /home/jtuyls/iree-ai/llvm-aie-port/amd/aie/llvm/lib/Target/AIE/AIE2TargetTransformInfo.h:20,
                 from /home/jtuyls/iree-ai/llvm-aie-port/amd/aie/llvm/lib/Target/AIE/AIE2TargetTransformInfo.cpp:11:
/home/jtuyls/iree-ai/llvm-aie-port/amd/aie/llvm/lib/Target/AIE/AIEBaseFrameLowering.h:90:16: warning: ‘virtual void llvm::AIEBaseFrameLowering::adjustReg(llvm::MachineBasicBlock&, llvm::MachineBasicBlock::iterator, const llvm::DebugLoc&, unsigned int, int64_t, llvm::MachineInstr::MIFlag) const’ was hidden [-Woverloaded-virtual=]
   90 |   virtual void adjustReg(MachineBasicBlock &MBB,
      |                ^~~~~~~~~
In file included from /home/jtuyls/iree-ai/llvm-aie-port/amd/aie/llvm/lib/Target/AIE/aie1/AIE1Subtarget.h:19,
                 from /home/jtuyls/iree-ai/llvm-aie-port/amd/aie/llvm/lib/Target/AIE/AIEBaseTargetTransformInfo.h:21,
                 from /home/jtuyls/iree-ai/llvm-aie-port/amd/aie/llvm/lib/Target/AIE/AIE2TargetTransformInfo.h:21:
/home/jtuyls/iree-ai/llvm-aie-port/amd/aie/llvm/lib/Target/AIE/aie1/AIE1FrameLowering.h:29:15: note:   by ‘static void llvm::AIEFrameLowering::adjustReg(const llvm::TargetInstrInfo*, llvm::MachineBasicBlock&, llvm::MachineBasicBlock::iterator, const llvm::DebugLoc&, unsigned int, int64_t, llvm::MachineInstr::MIFlag)’
   29 |   static void adjustReg(const TargetInstrInfo *TII, MachineBasicBlock &MBB,
      |               ^~~~~~~~~
/home/jtuyls/iree-ai/llvm-aie-port/amd/aie/llvm/lib/Target/AIE/AIEBaseTargetTransformInfo.h: In instantiation of ‘class llvm::AIEBaseTTIImpl<llvm::AIE2TTIImpl>’:
/home/jtuyls/iree-ai/llvm-aie-port/amd/aie/llvm/lib/Target/AIE/AIE2TargetTransformInfo.h:33:28:   required from here
/home/jtuyls/iree-ai/llvm-aie-port/amd/aie/llvm/lib/Target/AIE/AIEBaseTargetTransformInfo.h:88:19: warning: ‘llvm::InstructionCost llvm::AIEBaseTTIImpl<T>::getIntImmCost(const llvm::APInt&, llvm::Type*, llvm::TargetTransformInfo::TargetCostKind) const [with T = llvm::AIE2TTIImpl]’ can be marked override [-Wsuggest-override]
   88 |   InstructionCost getIntImmCost(const APInt &Imm, Type *Ty, TTI::TargetCostKind CostKind) const { // amd/aie/ port: 23 returns InstructionCost
      |                   ^~~~~~~~~~~~~
/home/jtuyls/iree-ai/llvm-aie-port/amd/aie/llvm/lib/Target/AIE/AIEBaseTargetTransformInfo.h:119:12: warning: ‘llvm::TypeSize llvm::AIEBaseTTIImpl<T>::getRegisterBitWidth(llvm::TargetTransformInfo::RegisterKind) const [with T = llvm::AIE2TTIImpl]’ can be marked override [-Wsuggest-override]
  119 |   TypeSize getRegisterBitWidth(TargetTransformInfo::RegisterKind K) const {
      |            ^~~~~~~~~~~~~~~~~~~
/home/jtuyls/iree-ai/llvm-aie-port/amd/aie/llvm/lib/Target/AIE/AIEBaseTargetTransformInfo.h:134:12: warning: ‘unsigned int llvm::AIEBaseTTIImpl<T>::getMinVectorRegisterBitWidth() const [with T = llvm::AIE2TTIImpl]’ can be marked override [-Wsuggest-override]
  134 |   unsigned getMinVectorRegisterBitWidth() const { return 512; }
      |            ^~~~~~~~~~~~~~~~~~~~~~~~~~~~
/home/jtuyls/iree-ai/llvm-aie-port/amd/aie/llvm/lib/Target/AIE/AIEBaseTargetTransformInfo.h:149:19: warning: ‘llvm::InstructionCost llvm::AIEBaseTTIImpl<T>::getArithmeticInstrCost(unsigned int, llvm::Type*, llvm::TargetTransformInfo::TargetCostKind, llvm::TargetTransformInfo::OperandValueInfo, llvm::TargetTransformInfo::OperandValueInfo, llvm::ArrayRef<const llvm::Value*>, const llvm::Instruction*) const [with T = llvm::AIE2TTIImpl]’ can be marked override [-Wsuggest-override]
  149 |   InstructionCost getArithmeticInstrCost(
      |                   ^~~~~~~~~~~~~~~~~~~~~~
/home/jtuyls/iree-ai/llvm-aie-port/amd/aie/llvm/lib/Target/AIE/AIEBaseTargetTransformInfo.h:167:12: warning: ‘unsigned int llvm::AIEBaseTTIImpl<T>::getStoreVectorFactor(unsigned int, unsigned int, unsigned int, llvm::VectorType*) const [with T = llvm::AIE2TTIImpl]’ can be marked override [-Wsuggest-override]
  167 |   unsigned getStoreVectorFactor(unsigned VF, unsigned StoreSizeInBits,
      |            ^~~~~~~~~~~~~~~~~~~~
/home/jtuyls/iree-ai/llvm-aie-port/amd/aie/llvm/lib/Target/AIE/AIEBaseTargetTransformInfo.h:179:12: warning: ‘unsigned int llvm::AIEBaseTTIImpl<T>::getLoadVectorFactor(unsigned int, unsigned int, unsigned int, llvm::VectorType*) const [with T = llvm::AIE2TTIImpl]’ can be marked override [-Wsuggest-override]
  179 |   unsigned getLoadVectorFactor(unsigned VF, unsigned LoadSizeInBits,
      |            ^~~~~~~~~~~~~~~~~~~
/home/jtuyls/iree-ai/llvm-aie-port/amd/aie/llvm/lib/Target/AIE/AIEBaseTargetTransformInfo.h:186:8: warning: ‘bool llvm::AIEBaseTTIImpl<T>::isLegalToVectorizeStoreChain(unsigned int, llvm::Align, unsigned int) const [with T = llvm::AIE2TTIImpl]’ can be marked override [-Wsuggest-override]
  186 |   bool isLegalToVectorizeStoreChain(unsigned ChainSizeInBytes, Align Alignment,
      |        ^~~~~~~~~~~~~~~~~~~~~~~~~~~~
/home/jtuyls/iree-ai/llvm-aie-port/amd/aie/llvm/lib/Target/AIE/AIE2TargetTransformInfo.h:44:32: warning: ‘virtual std::optional<llvm::Instruction*> llvm::AIE2TTIImpl::instCombineIntrinsic(llvm::InstCombiner&, llvm::IntrinsicInst&) const’ can be marked override [-Wsuggest-override]
   44 |   std::optional<Instruction *> instCombineIntrinsic(InstCombiner &IC,
      |                                ^~~~~~~~~~~~~~~~~~~~
/home/jtuyls/iree-ai/llvm-aie-port/amd/aie/llvm/lib/Target/AIE/AIE2TargetTransformInfo.h:63:19: warning: ‘virtual llvm::InstructionCost llvm::AIE2TTIImpl::getMemoryOpCost(unsigned int, llvm::Type*, llvm::Align, unsigned int, llvm::TargetTransformInfo::TargetCostKind, llvm::TargetTransformInfo::OperandValueInfo, const llvm::Instruction*) const’ can be marked override [-Wsuggest-override]
   63 |   InstructionCost getMemoryOpCost(
      |                   ^~~~~~~~~~~~~~~
[985/1203] Building CXX object lib/Target/AIE/CMakeFiles/LLVMAIECodeGen.dir/aie1/AIE1FrameLowering.cpp.o
In file included from /home/jtuyls/iree-ai/llvm-aie-port/amd/aie/llvm/lib/Target/AIE/aie1/AIE1FrameLowering.h:18,
                 from /home/jtuyls/iree-ai/llvm-aie-port/amd/aie/llvm/lib/Target/AIE/aie1/AIE1FrameLowering.cpp:15:
/home/jtuyls/iree-ai/llvm-aie-port/amd/aie/llvm/lib/Target/AIE/AIEBaseFrameLowering.h:90:16: warning: ‘virtual void llvm::AIEBaseFrameLowering::adjustReg(llvm::MachineBasicBlock&, llvm::MachineBasicBlock::iterator, const llvm::DebugLoc&, unsigned int, int64_t, llvm::MachineInstr::MIFlag) const’ was hidden [-Woverloaded-virtual=]
   90 |   virtual void adjustReg(MachineBasicBlock &MBB,
      |                ^~~~~~~~~
/home/jtuyls/iree-ai/llvm-aie-port/amd/aie/llvm/lib/Target/AIE/aie1/AIE1FrameLowering.h:29:15: note:   by ‘static void llvm::AIEFrameLowering::adjustReg(const llvm::TargetInstrInfo*, llvm::MachineBasicBlock&, llvm::MachineBasicBlock::iterator, const llvm::DebugLoc&, unsigned int, int64_t, llvm::MachineInstr::MIFlag)’
   29 |   static void adjustReg(const TargetInstrInfo *TII, MachineBasicBlock &MBB,
      |               ^~~~~~~~~
[986/1203] Building CXX object lib/Target/AIE/CMakeFiles/LLVMAIECodeGen.dir/AIE2TargetMachine.cpp.o
In file included from /home/jtuyls/iree-ai/llvm-aie-port/amd/aie/llvm/lib/Target/AIE/AIE2FrameLowering.h:18,
                 from /home/jtuyls/iree-ai/llvm-aie-port/amd/aie/llvm/lib/Target/AIE/AIE2Subtarget.h:19,
                 from /home/jtuyls/iree-ai/llvm-aie-port/amd/aie/llvm/lib/Target/AIE/AIE2TargetMachine.h:18,
                 from /home/jtuyls/iree-ai/llvm-aie-port/amd/aie/llvm/lib/Target/AIE/AIE2TargetMachine.cpp:15:
/home/jtuyls/iree-ai/llvm-aie-port/amd/aie/llvm/lib/Target/AIE/AIEBaseFrameLowering.h:90:16: warning: ‘virtual void llvm::AIEBaseFrameLowering::adjustReg(llvm::MachineBasicBlock&, llvm::MachineBasicBlock::iterator, const llvm::DebugLoc&, unsigned int, int64_t, llvm::MachineInstr::MIFlag) const’ was hidden [-Woverloaded-virtual=]
   90 |   virtual void adjustReg(MachineBasicBlock &MBB,
      |                ^~~~~~~~~
In file included from /home/jtuyls/iree-ai/llvm-aie-port/amd/aie/llvm/lib/Target/AIE/aie1/AIE1Subtarget.h:19,
                 from /home/jtuyls/iree-ai/llvm-aie-port/amd/aie/llvm/lib/Target/AIE/AIEBaseTargetTransformInfo.h:21,
                 from /home/jtuyls/iree-ai/llvm-aie-port/amd/aie/llvm/lib/Target/AIE/AIE2TargetTransformInfo.h:21,
                 from /home/jtuyls/iree-ai/llvm-aie-port/amd/aie/llvm/lib/Target/AIE/AIE2TargetMachine.cpp:16:
/home/jtuyls/iree-ai/llvm-aie-port/amd/aie/llvm/lib/Target/AIE/aie1/AIE1FrameLowering.h:29:15: note:   by ‘static void llvm::AIEFrameLowering::adjustReg(const llvm::TargetInstrInfo*, llvm::MachineBasicBlock&, llvm::MachineBasicBlock::iterator, const llvm::DebugLoc&, unsigned int, int64_t, llvm::MachineInstr::MIFlag)’
   29 |   static void adjustReg(const TargetInstrInfo *TII, MachineBasicBlock &MBB,
      |               ^~~~~~~~~
/home/jtuyls/iree-ai/llvm-aie-port/amd/aie/llvm/lib/Target/AIE/AIEBaseTargetTransformInfo.h: In instantiation of ‘class llvm::AIEBaseTTIImpl<llvm::AIE2TTIImpl>’:
/home/jtuyls/iree-ai/llvm-aie-port/amd/aie/llvm/lib/Target/AIE/AIE2TargetTransformInfo.h:33:28:   required from here
/home/jtuyls/iree-ai/llvm-aie-port/amd/aie/llvm/lib/Target/AIE/AIEBaseTargetTransformInfo.h:88:19: warning: ‘llvm::InstructionCost llvm::AIEBaseTTIImpl<T>::getIntImmCost(const llvm::APInt&, llvm::Type*, llvm::TargetTransformInfo::TargetCostKind) const [with T = llvm::AIE2TTIImpl]’ can be marked override [-Wsuggest-override]
   88 |   InstructionCost getIntImmCost(const APInt &Imm, Type *Ty, TTI::TargetCostKind CostKind) const { // amd/aie/ port: 23 returns InstructionCost
      |                   ^~~~~~~~~~~~~
/home/jtuyls/iree-ai/llvm-aie-port/amd/aie/llvm/lib/Target/AIE/AIEBaseTargetTransformInfo.h:119:12: warning: ‘llvm::TypeSize llvm::AIEBaseTTIImpl<T>::getRegisterBitWidth(llvm::TargetTransformInfo::RegisterKind) const [with T = llvm::AIE2TTIImpl]’ can be marked override [-Wsuggest-override]
  119 |   TypeSize getRegisterBitWidth(TargetTransformInfo::RegisterKind K) const {
      |            ^~~~~~~~~~~~~~~~~~~
/home/jtuyls/iree-ai/llvm-aie-port/amd/aie/llvm/lib/Target/AIE/AIEBaseTargetTransformInfo.h:134:12: warning: ‘unsigned int llvm::AIEBaseTTIImpl<T>::getMinVectorRegisterBitWidth() const [with T = llvm::AIE2TTIImpl]’ can be marked override [-Wsuggest-override]
  134 |   unsigned getMinVectorRegisterBitWidth() const { return 512; }
      |            ^~~~~~~~~~~~~~~~~~~~~~~~~~~~
/home/jtuyls/iree-ai/llvm-aie-port/amd/aie/llvm/lib/Target/AIE/AIEBaseTargetTransformInfo.h:149:19: warning: ‘llvm::InstructionCost llvm::AIEBaseTTIImpl<T>::getArithmeticInstrCost(unsigned int, llvm::Type*, llvm::TargetTransformInfo::TargetCostKind, llvm::TargetTransformInfo::OperandValueInfo, llvm::TargetTransformInfo::OperandValueInfo, llvm::ArrayRef<const llvm::Value*>, const llvm::Instruction*) const [with T = llvm::AIE2TTIImpl]’ can be marked override [-Wsuggest-override]
  149 |   InstructionCost getArithmeticInstrCost(
      |                   ^~~~~~~~~~~~~~~~~~~~~~
/home/jtuyls/iree-ai/llvm-aie-port/amd/aie/llvm/lib/Target/AIE/AIEBaseTargetTransformInfo.h:167:12: warning: ‘unsigned int llvm::AIEBaseTTIImpl<T>::getStoreVectorFactor(unsigned int, unsigned int, unsigned int, llvm::VectorType*) const [with T = llvm::AIE2TTIImpl]’ can be marked override [-Wsuggest-override]
  167 |   unsigned getStoreVectorFactor(unsigned VF, unsigned StoreSizeInBits,
      |            ^~~~~~~~~~~~~~~~~~~~
/home/jtuyls/iree-ai/llvm-aie-port/amd/aie/llvm/lib/Target/AIE/AIEBaseTargetTransformInfo.h:179:12: warning: ‘unsigned int llvm::AIEBaseTTIImpl<T>::getLoadVectorFactor(unsigned int, unsigned int, unsigned int, llvm::VectorType*) const [with T = llvm::AIE2TTIImpl]’ can be marked override [-Wsuggest-override]
  179 |   unsigned getLoadVectorFactor(unsigned VF, unsigned LoadSizeInBits,
      |            ^~~~~~~~~~~~~~~~~~~
/home/jtuyls/iree-ai/llvm-aie-port/amd/aie/llvm/lib/Target/AIE/AIEBaseTargetTransformInfo.h:186:8: warning: ‘bool llvm::AIEBaseTTIImpl<T>::isLegalToVectorizeStoreChain(unsigned int, llvm::Align, unsigned int) const [with T = llvm::AIE2TTIImpl]’ can be marked override [-Wsuggest-override]
  186 |   bool isLegalToVectorizeStoreChain(unsigned ChainSizeInBytes, Align Alignment,
      |        ^~~~~~~~~~~~~~~~~~~~~~~~~~~~
/home/jtuyls/iree-ai/llvm-aie-port/amd/aie/llvm/lib/Target/AIE/AIE2TargetTransformInfo.h:44:32: warning: ‘virtual std::optional<llvm::Instruction*> llvm::AIE2TTIImpl::instCombineIntrinsic(llvm::InstCombiner&, llvm::IntrinsicInst&) const’ can be marked override [-Wsuggest-override]
   44 |   std::optional<Instruction *> instCombineIntrinsic(InstCombiner &IC,
      |                                ^~~~~~~~~~~~~~~~~~~~
/home/jtuyls/iree-ai/llvm-aie-port/amd/aie/llvm/lib/Target/AIE/AIE2TargetTransformInfo.h:63:19: warning: ‘virtual llvm::InstructionCost llvm::AIE2TTIImpl::getMemoryOpCost(unsigned int, llvm::Type*, llvm::Align, unsigned int, llvm::TargetTransformInfo::TargetCostKind, llvm::TargetTransformInfo::OperandValueInfo, const llvm::Instruction*) const’ can be marked override [-Wsuggest-override]
   63 |   InstructionCost getMemoryOpCost(
      |                   ^~~~~~~~~~~~~~~
[987/1203] Building CXX object lib/Target/AIE/CMakeFiles/LLVMAIECodeGen.dir/aie1/AIEHazardRecognizerPRAS.cpp.o
[988/1203] Building CXX object lib/Target/AIE/CMakeFiles/LLVMAIECodeGen.dir/aie1/AIE1InstrInfo.cpp.o
[989/1203] Building CXX object lib/Target/AIE/CMakeFiles/LLVMAIECodeGen.dir/aie1/AIE1RegisterBankInfo.cpp.o
[990/1203] Building CXX object lib/Target/AIE/CMakeFiles/LLVMAIECodeGen.dir/aie1/AIE1InstructionSelector.cpp.o
In file included from /home/jtuyls/iree-ai/llvm-aie-port/amd/aie/llvm/lib/Target/AIE/aie1/AIE1FrameLowering.h:18,
                 from /home/jtuyls/iree-ai/llvm-aie-port/amd/aie/llvm/lib/Target/AIE/aie1/AIE1Subtarget.h:19,
                 from /home/jtuyls/iree-ai/llvm-aie-port/amd/aie/llvm/lib/Target/AIE/aie1/AIE1TargetMachine.h:20,
                 from /home/jtuyls/iree-ai/llvm-aie-port/amd/aie/llvm/lib/Target/AIE/aie1/AIE1InstructionSelector.cpp:21:
/home/jtuyls/iree-ai/llvm-aie-port/amd/aie/llvm/lib/Target/AIE/AIEBaseFrameLowering.h:90:16: warning: ‘virtual void llvm::AIEBaseFrameLowering::adjustReg(llvm::MachineBasicBlock&, llvm::MachineBasicBlock::iterator, const llvm::DebugLoc&, unsigned int, int64_t, llvm::MachineInstr::MIFlag) const’ was hidden [-Woverloaded-virtual=]
   90 |   virtual void adjustReg(MachineBasicBlock &MBB,
      |                ^~~~~~~~~
/home/jtuyls/iree-ai/llvm-aie-port/amd/aie/llvm/lib/Target/AIE/aie1/AIE1FrameLowering.h:29:15: note:   by ‘static void llvm::AIEFrameLowering::adjustReg(const llvm::TargetInstrInfo*, llvm::MachineBasicBlock&, llvm::MachineBasicBlock::iterator, const llvm::DebugLoc&, unsigned int, int64_t, llvm::MachineInstr::MIFlag)’
   29 |   static void adjustReg(const TargetInstrInfo *TII, MachineBasicBlock &MBB,
      |               ^~~~~~~~~
[991/1203] Building CXX object lib/Target/AIE/CMakeFiles/LLVMAIECodeGen.dir/aie1/AIE1AsmPrinter.cpp.o
In file included from /home/jtuyls/iree-ai/llvm-aie-port/amd/aie/llvm/lib/Target/AIE/aie1/AIE1FrameLowering.h:18,
                 from /home/jtuyls/iree-ai/llvm-aie-port/amd/aie/llvm/lib/Target/AIE/aie1/AIE1Subtarget.h:19,
                 from /home/jtuyls/iree-ai/llvm-aie-port/amd/aie/llvm/lib/Target/AIE/aie1/AIE1TargetMachine.h:20,
                 from /home/jtuyls/iree-ai/llvm-aie-port/amd/aie/llvm/lib/Target/AIE/aie1/AIE1AsmPrinter.cpp:17:
/home/jtuyls/iree-ai/llvm-aie-port/amd/aie/llvm/lib/Target/AIE/AIEBaseFrameLowering.h:90:16: warning: ‘virtual void llvm::AIEBaseFrameLowering::adjustReg(llvm::MachineBasicBlock&, llvm::MachineBasicBlock::iterator, const llvm::DebugLoc&, unsigned int, int64_t, llvm::MachineInstr::MIFlag) const’ was hidden [-Woverloaded-virtual=]
   90 |   virtual void adjustReg(MachineBasicBlock &MBB,
      |                ^~~~~~~~~
/home/jtuyls/iree-ai/llvm-aie-port/amd/aie/llvm/lib/Target/AIE/aie1/AIE1FrameLowering.h:29:15: note:   by ‘static void llvm::AIEFrameLowering::adjustReg(const llvm::TargetInstrInfo*, llvm::MachineBasicBlock&, llvm::MachineBasicBlock::iterator, const llvm::DebugLoc&, unsigned int, int64_t, llvm::MachineInstr::MIFlag)’
   29 |   static void adjustReg(const TargetInstrInfo *TII, MachineBasicBlock &MBB,
      |               ^~~~~~~~~
[992/1203] Building CXX object lib/Target/AIE/CMakeFiles/LLVMAIECodeGen.dir/aie1/AIE1LegalizerInfo.cpp.o
[993/1203] Building CXX object lib/Target/AIE/CMakeFiles/LLVMAIECodeGen.dir/aie1/AIE1ISelLowering.cpp.o
In file included from /home/jtuyls/iree-ai/llvm-aie-port/amd/aie/llvm/lib/Target/AIE/aie1/AIE1FrameLowering.h:18,
                 from /home/jtuyls/iree-ai/llvm-aie-port/amd/aie/llvm/lib/Target/AIE/aie1/AIE1Subtarget.h:19,
                 from /home/jtuyls/iree-ai/llvm-aie-port/amd/aie/llvm/lib/Target/AIE/aie1/AIE1ISelLowering.cpp:21:
/home/jtuyls/iree-ai/llvm-aie-port/amd/aie/llvm/lib/Target/AIE/AIEBaseFrameLowering.h:90:16: warning: ‘virtual void llvm::AIEBaseFrameLowering::adjustReg(llvm::MachineBasicBlock&, llvm::MachineBasicBlock::iterator, const llvm::DebugLoc&, unsigned int, int64_t, llvm::MachineInstr::MIFlag) const’ was hidden [-Woverloaded-virtual=]
   90 |   virtual void adjustReg(MachineBasicBlock &MBB,
      |                ^~~~~~~~~
/home/jtuyls/iree-ai/llvm-aie-port/amd/aie/llvm/lib/Target/AIE/aie1/AIE1FrameLowering.h:29:15: note:   by ‘static void llvm::AIEFrameLowering::adjustReg(const llvm::TargetInstrInfo*, llvm::MachineBasicBlock&, llvm::MachineBasicBlock::iterator, const llvm::DebugLoc&, unsigned int, int64_t, llvm::MachineInstr::MIFlag)’
   29 |   static void adjustReg(const TargetInstrInfo *TII, MachineBasicBlock &MBB,
      |               ^~~~~~~~~
[994/1203] Building CXX object lib/Target/AIE/CMakeFiles/LLVMAIECodeGen.dir/aie1/AIE1RegisterInfo.cpp.o
In file included from /home/jtuyls/iree-ai/llvm-aie-port/amd/aie/llvm/lib/Target/AIE/aie1/AIE1FrameLowering.h:18,
                 from /home/jtuyls/iree-ai/llvm-aie-port/amd/aie/llvm/lib/Target/AIE/aie1/AIE1Subtarget.h:19,
                 from /home/jtuyls/iree-ai/llvm-aie-port/amd/aie/llvm/lib/Target/AIE/aie1/AIE1RegisterInfo.cpp:17:
/home/jtuyls/iree-ai/llvm-aie-port/amd/aie/llvm/lib/Target/AIE/AIEBaseFrameLowering.h:90:16: warning: ‘virtual void llvm::AIEBaseFrameLowering::adjustReg(llvm::MachineBasicBlock&, llvm::MachineBasicBlock::iterator, const llvm::DebugLoc&, unsigned int, int64_t, llvm::MachineInstr::MIFlag) const’ was hidden [-Woverloaded-virtual=]
   90 |   virtual void adjustReg(MachineBasicBlock &MBB,
      |                ^~~~~~~~~
/home/jtuyls/iree-ai/llvm-aie-port/amd/aie/llvm/lib/Target/AIE/aie1/AIE1FrameLowering.h:29:15: note:   by ‘static void llvm::AIEFrameLowering::adjustReg(const llvm::TargetInstrInfo*, llvm::MachineBasicBlock&, llvm::MachineBasicBlock::iterator, const llvm::DebugLoc&, unsigned int, int64_t, llvm::MachineInstr::MIFlag)’
   29 |   static void adjustReg(const TargetInstrInfo *TII, MachineBasicBlock &MBB,
      |               ^~~~~~~~~
[995/1203] Building CXX object lib/Target/AIE/CMakeFiles/LLVMAIECodeGen.dir/aie2p/AIE2PFrameLowering.cpp.o
[996/1203] Building CXX object lib/Target/AIE/CMakeFiles/LLVMAIECodeGen.dir/aie2p/AIE2PPostLegalizerCustomCombiner.cpp.o
[997/1203] Building CXX object lib/Target/AIE/CMakeFiles/LLVMAIECodeGen.dir/aie2p/AIE2PRegisterBankInfo.cpp.o
[998/1203] Building CXX object lib/Target/AIE/CMakeFiles/LLVMAIECodeGen.dir/aie2p/AIE2PPostLegalizerGenericCombiner.cpp.o
[999/1203] Building CXX object lib/Target/AIE/CMakeFiles/LLVMAIECodeGen.dir/aie1/AIE1Subtarget.cpp.o
In file included from /home/jtuyls/iree-ai/llvm-aie-port/amd/aie/llvm/lib/Target/AIE/aie1/AIE1FrameLowering.h:18,
                 from /home/jtuyls/iree-ai/llvm-aie-port/amd/aie/llvm/lib/Target/AIE/aie1/AIE1Subtarget.h:19,
                 from /home/jtuyls/iree-ai/llvm-aie-port/amd/aie/llvm/lib/Target/AIE/aie1/AIE1Subtarget.cpp:15:
/home/jtuyls/iree-ai/llvm-aie-port/amd/aie/llvm/lib/Target/AIE/AIEBaseFrameLowering.h:90:16: warning: ‘virtual void llvm::AIEBaseFrameLowering::adjustReg(llvm::MachineBasicBlock&, llvm::MachineBasicBlock::iterator, const llvm::DebugLoc&, unsigned int, int64_t, llvm::MachineInstr::MIFlag) const’ was hidden [-Woverloaded-virtual=]
   90 |   virtual void adjustReg(MachineBasicBlock &MBB,
      |                ^~~~~~~~~
/home/jtuyls/iree-ai/llvm-aie-port/amd/aie/llvm/lib/Target/AIE/aie1/AIE1FrameLowering.h:29:15: note:   by ‘static void llvm::AIEFrameLowering::adjustReg(const llvm::TargetInstrInfo*, llvm::MachineBasicBlock&, llvm::MachineBasicBlock::iterator, const llvm::DebugLoc&, unsigned int, int64_t, llvm::MachineInstr::MIFlag)’
   29 |   static void adjustReg(const TargetInstrInfo *TII, MachineBasicBlock &MBB,
      |               ^~~~~~~~~
[1000/1203] Building CXX object lib/Target/AIE/CMakeFiles/LLVMAIECodeGen.dir/aie2p/AIE2PSubtarget.cpp.o
[1001/1203] Building CXX object lib/Target/AIE/CMakeFiles/LLVMAIECodeGen.dir/aie2ps/AIE2PSConvertFP16Operation.cpp.o
[1002/1203] Building CXX object lib/Target/AIE/CMakeFiles/LLVMAIECodeGen.dir/aie2p/AIE2PLegalizerInfo.cpp.o
[1003/1203] Building CXX object lib/Target/AIE/CMakeFiles/LLVMAIECodeGen.dir/aie2p/AIE2PRegisterInfo.cpp.o
In file included from /home/jtuyls/iree-ai/llvm-aie-port/amd/aie/llvm/lib/Target/AIE/aie2p/AIE2PRegisterInfo.h:19,
                 from /home/jtuyls/iree-ai/llvm-aie-port/amd/aie/llvm/lib/Target/AIE/aie2p/AIE2PRegisterInfo.cpp:16:
/home/jtuyls/iree-ai/llvm-aie-port/amd/aie/llvm/lib/Target/AIE/AIEBaseRegisterInfo.h: In instantiation of ‘bool llvm::isEncodableAsNegativeInt(int) [with int N = 9; unsigned int step = 4]’:
/home/jtuyls/iree-ai/llvm-aie-port/amd/aie/llvm/lib/Target/AIE/aie2p/AIE2PRegisterInfo.cpp:210:39:   required from here
/home/jtuyls/iree-ai/llvm-aie-port/amd/aie/llvm/lib/Target/AIE/AIEBaseRegisterInfo.h:156:32: warning: ‘constexpr size_t llvm::CTLog2() [with long unsigned int kValue = 4; size_t = long unsigned int]’ is deprecated: Use ConstantLog2 instead [-Wdeprecated-declarations]
  156 |   return isInt<N + CTLog2<step>() + 1>(Value);
      |                    ~~~~~~~~~~~~^~
In file included from /home/jtuyls/iree-ai/llvm-aie-port/llvm/include/llvm/ADT/SmallPtrSet.h:23,
                 from /home/jtuyls/iree-ai/llvm-aie-port/llvm/include/llvm/ADT/SmallSet.h:19,
                 from /home/jtuyls/iree-ai/llvm-aie-port/amd/aie/llvm/lib/Target/AIE/AIEBaseRegisterInfo.h:18:
/home/jtuyls/iree-ai/llvm-aie-port/llvm/include/llvm/Support/MathExtras.h:324:18: note: declared here
  324 | constexpr size_t CTLog2() {
      |                  ^~~~~~
[1004/1203] Building CXX object lib/Target/AIE/CMakeFiles/LLVMAIECodeGen.dir/aie2p/AIE2PTargetMachine.cpp.o
In file included from /home/jtuyls/iree-ai/llvm-aie-port/amd/aie/llvm/lib/Target/AIE/aie2p/AIE2PFrameLowering.h:18,
                 from /home/jtuyls/iree-ai/llvm-aie-port/amd/aie/llvm/lib/Target/AIE/aie2p/AIE2PSubtarget.h:18,
                 from /home/jtuyls/iree-ai/llvm-aie-port/amd/aie/llvm/lib/Target/AIE/aie2p/AIE2PTargetMachine.h:18,
                 from /home/jtuyls/iree-ai/llvm-aie-port/amd/aie/llvm/lib/Target/AIE/aie2p/AIE2PTargetMachine.cpp:15:
/home/jtuyls/iree-ai/llvm-aie-port/amd/aie/llvm/lib/Target/AIE/AIEBaseFrameLowering.h:90:16: warning: ‘virtual void llvm::AIEBaseFrameLowering::adjustReg(llvm::MachineBasicBlock&, llvm::MachineBasicBlock::iterator, const llvm::DebugLoc&, unsigned int, int64_t, llvm::MachineInstr::MIFlag) const’ was hidden [-Woverloaded-virtual=]
   90 |   virtual void adjustReg(MachineBasicBlock &MBB,
      |                ^~~~~~~~~
In file included from /home/jtuyls/iree-ai/llvm-aie-port/amd/aie/llvm/lib/Target/AIE/aie1/AIE1Subtarget.h:19,
                 from /home/jtuyls/iree-ai/llvm-aie-port/amd/aie/llvm/lib/Target/AIE/AIEBaseTargetTransformInfo.h:21,
                 from /home/jtuyls/iree-ai/llvm-aie-port/amd/aie/llvm/lib/Target/AIE/aie2p/AIE2PTargetTransformInfo.h:21,
                 from /home/jtuyls/iree-ai/llvm-aie-port/amd/aie/llvm/lib/Target/AIE/aie2p/AIE2PTargetMachine.cpp:16:
/home/jtuyls/iree-ai/llvm-aie-port/amd/aie/llvm/lib/Target/AIE/aie1/AIE1FrameLowering.h:29:15: note:   by ‘static void llvm::AIEFrameLowering::adjustReg(const llvm::TargetInstrInfo*, llvm::MachineBasicBlock&, llvm::MachineBasicBlock::iterator, const llvm::DebugLoc&, unsigned int, int64_t, llvm::MachineInstr::MIFlag)’
   29 |   static void adjustReg(const TargetInstrInfo *TII, MachineBasicBlock &MBB,
      |               ^~~~~~~~~
/home/jtuyls/iree-ai/llvm-aie-port/amd/aie/llvm/lib/Target/AIE/AIEBaseTargetTransformInfo.h: In instantiation of ‘class llvm::AIEBaseTTIImpl<llvm::AIE2PTTIImpl>’:
/home/jtuyls/iree-ai/llvm-aie-port/amd/aie/llvm/lib/Target/AIE/aie2p/AIE2PTargetTransformInfo.h:34:29:   required from here
/home/jtuyls/iree-ai/llvm-aie-port/amd/aie/llvm/lib/Target/AIE/AIEBaseTargetTransformInfo.h:88:19: warning: ‘llvm::InstructionCost llvm::AIEBaseTTIImpl<T>::getIntImmCost(const llvm::APInt&, llvm::Type*, llvm::TargetTransformInfo::TargetCostKind) const [with T = llvm::AIE2PTTIImpl]’ can be marked override [-Wsuggest-override]
   88 |   InstructionCost getIntImmCost(const APInt &Imm, Type *Ty, TTI::TargetCostKind CostKind) const { // amd/aie/ port: 23 returns InstructionCost
      |                   ^~~~~~~~~~~~~
/home/jtuyls/iree-ai/llvm-aie-port/amd/aie/llvm/lib/Target/AIE/AIEBaseTargetTransformInfo.h:119:12: warning: ‘llvm::TypeSize llvm::AIEBaseTTIImpl<T>::getRegisterBitWidth(llvm::TargetTransformInfo::RegisterKind) const [with T = llvm::AIE2PTTIImpl]’ can be marked override [-Wsuggest-override]
  119 |   TypeSize getRegisterBitWidth(TargetTransformInfo::RegisterKind K) const {
      |            ^~~~~~~~~~~~~~~~~~~
/home/jtuyls/iree-ai/llvm-aie-port/amd/aie/llvm/lib/Target/AIE/AIEBaseTargetTransformInfo.h:134:12: warning: ‘unsigned int llvm::AIEBaseTTIImpl<T>::getMinVectorRegisterBitWidth() const [with T = llvm::AIE2PTTIImpl]’ can be marked override [-Wsuggest-override]
  134 |   unsigned getMinVectorRegisterBitWidth() const { return 512; }
      |            ^~~~~~~~~~~~~~~~~~~~~~~~~~~~
/home/jtuyls/iree-ai/llvm-aie-port/amd/aie/llvm/lib/Target/AIE/AIEBaseTargetTransformInfo.h:149:19: warning: ‘llvm::InstructionCost llvm::AIEBaseTTIImpl<T>::getArithmeticInstrCost(unsigned int, llvm::Type*, llvm::TargetTransformInfo::TargetCostKind, llvm::TargetTransformInfo::OperandValueInfo, llvm::TargetTransformInfo::OperandValueInfo, llvm::ArrayRef<const llvm::Value*>, const llvm::Instruction*) const [with T = llvm::AIE2PTTIImpl]’ can be marked override [-Wsuggest-override]
  149 |   InstructionCost getArithmeticInstrCost(
      |                   ^~~~~~~~~~~~~~~~~~~~~~
/home/jtuyls/iree-ai/llvm-aie-port/amd/aie/llvm/lib/Target/AIE/AIEBaseTargetTransformInfo.h:167:12: warning: ‘unsigned int llvm::AIEBaseTTIImpl<T>::getStoreVectorFactor(unsigned int, unsigned int, unsigned int, llvm::VectorType*) const [with T = llvm::AIE2PTTIImpl]’ can be marked override [-Wsuggest-override]
  167 |   unsigned getStoreVectorFactor(unsigned VF, unsigned StoreSizeInBits,
      |            ^~~~~~~~~~~~~~~~~~~~
/home/jtuyls/iree-ai/llvm-aie-port/amd/aie/llvm/lib/Target/AIE/AIEBaseTargetTransformInfo.h:179:12: warning: ‘unsigned int llvm::AIEBaseTTIImpl<T>::getLoadVectorFactor(unsigned int, unsigned int, unsigned int, llvm::VectorType*) const [with T = llvm::AIE2PTTIImpl]’ can be marked override [-Wsuggest-override]
  179 |   unsigned getLoadVectorFactor(unsigned VF, unsigned LoadSizeInBits,
      |            ^~~~~~~~~~~~~~~~~~~
/home/jtuyls/iree-ai/llvm-aie-port/amd/aie/llvm/lib/Target/AIE/AIEBaseTargetTransformInfo.h:186:8: warning: ‘bool llvm::AIEBaseTTIImpl<T>::isLegalToVectorizeStoreChain(unsigned int, llvm::Align, unsigned int) const [with T = llvm::AIE2PTTIImpl]’ can be marked override [-Wsuggest-override]
  186 |   bool isLegalToVectorizeStoreChain(unsigned ChainSizeInBytes, Align Alignment,
      |        ^~~~~~~~~~~~~~~~~~~~~~~~~~~~
/home/jtuyls/iree-ai/llvm-aie-port/amd/aie/llvm/lib/Target/AIE/aie2p/AIE2PTargetTransformInfo.h:52:19: warning: ‘virtual llvm::InstructionCost llvm::AIE2PTTIImpl::getMemoryOpCost(unsigned int, llvm::Type*, llvm::Align, unsigned int, llvm::TargetTransformInfo::TargetCostKind, llvm::TargetTransformInfo::OperandValueInfo, const llvm::Instruction*) const’ can be marked override [-Wsuggest-override]
   52 |   InstructionCost getMemoryOpCost(
      |                   ^~~~~~~~~~~~~~~
/home/jtuyls/iree-ai/llvm-aie-port/amd/aie/llvm/lib/Target/AIE/aie2p/AIE2PTargetTransformInfo.h:58:32: warning: ‘virtual std::optional<llvm::Instruction*> llvm::AIE2PTTIImpl::instCombineIntrinsic(llvm::InstCombiner&, llvm::IntrinsicInst&) const’ can be marked override [-Wsuggest-override]
   58 |   std::optional<Instruction *> instCombineIntrinsic(InstCombiner &IC,
      |                                ^~~~~~~~~~~~~~~~~~~~
[1005/1203] Building CXX object lib/Target/AIE/CMakeFiles/LLVMAIECodeGen.dir/aie2p/AIE2PInstrInfo.cpp.o
[1006/1203] Building CXX object lib/Target/AIE/CMakeFiles/LLVMAIECodeGen.dir/aie2p/AIE2PISelLowering.cpp.o
[1007/1203] Building CXX object lib/Target/AIE/CMakeFiles/LLVMAIECodeGen.dir/aie2p/AIE2PPreLegalizerCombiner.cpp.o
[1008/1203] Building CXX object lib/Target/AIE/CMakeFiles/LLVMAIECodeGen.dir/aie2ps/AIE2PSFrameLowering.cpp.o
[1009/1203] Building CXX object lib/Target/AIE/CMakeFiles/LLVMAIECodeGen.dir/aie2ps/AIE2PSRegisterBankInfo.cpp.o
[1010/1203] Building CXX object lib/Target/AIE/CMakeFiles/LLVMAIECodeGen.dir/aie2p/AIE2PTargetTransformInfo.cpp.o
In file included from /home/jtuyls/iree-ai/llvm-aie-port/amd/aie/llvm/lib/Target/AIE/aie2p/AIE2PFrameLowering.h:18,
                 from /home/jtuyls/iree-ai/llvm-aie-port/amd/aie/llvm/lib/Target/AIE/aie2p/AIE2PSubtarget.h:18,
                 from /home/jtuyls/iree-ai/llvm-aie-port/amd/aie/llvm/lib/Target/AIE/aie2p/AIE2PTargetMachine.h:18,
                 from /home/jtuyls/iree-ai/llvm-aie-port/amd/aie/llvm/lib/Target/AIE/aie2p/AIE2PTargetTransformInfo.h:20,
                 from /home/jtuyls/iree-ai/llvm-aie-port/amd/aie/llvm/lib/Target/AIE/aie2p/AIE2PTargetTransformInfo.cpp:11:
/home/jtuyls/iree-ai/llvm-aie-port/amd/aie/llvm/lib/Target/AIE/AIEBaseFrameLowering.h:90:16: warning: ‘virtual void llvm::AIEBaseFrameLowering::adjustReg(llvm::MachineBasicBlock&, llvm::MachineBasicBlock::iterator, const llvm::DebugLoc&, unsigned int, int64_t, llvm::MachineInstr::MIFlag) const’ was hidden [-Woverloaded-virtual=]
   90 |   virtual void adjustReg(MachineBasicBlock &MBB,
      |                ^~~~~~~~~
In file included from /home/jtuyls/iree-ai/llvm-aie-port/amd/aie/llvm/lib/Target/AIE/aie1/AIE1Subtarget.h:19,
                 from /home/jtuyls/iree-ai/llvm-aie-port/amd/aie/llvm/lib/Target/AIE/AIEBaseTargetTransformInfo.h:21,
                 from /home/jtuyls/iree-ai/llvm-aie-port/amd/aie/llvm/lib/Target/AIE/aie2p/AIE2PTargetTransformInfo.h:21:
/home/jtuyls/iree-ai/llvm-aie-port/amd/aie/llvm/lib/Target/AIE/aie1/AIE1FrameLowering.h:29:15: note:   by ‘static void llvm::AIEFrameLowering::adjustReg(const llvm::TargetInstrInfo*, llvm::MachineBasicBlock&, llvm::MachineBasicBlock::iterator, const llvm::DebugLoc&, unsigned int, int64_t, llvm::MachineInstr::MIFlag)’
   29 |   static void adjustReg(const TargetInstrInfo *TII, MachineBasicBlock &MBB,
      |               ^~~~~~~~~
/home/jtuyls/iree-ai/llvm-aie-port/amd/aie/llvm/lib/Target/AIE/AIEBaseTargetTransformInfo.h: In instantiation of ‘class llvm::AIEBaseTTIImpl<llvm::AIE2PTTIImpl>’:
/home/jtuyls/iree-ai/llvm-aie-port/amd/aie/llvm/lib/Target/AIE/aie2p/AIE2PTargetTransformInfo.h:34:29:   required from here
/home/jtuyls/iree-ai/llvm-aie-port/amd/aie/llvm/lib/Target/AIE/AIEBaseTargetTransformInfo.h:88:19: warning: ‘llvm::InstructionCost llvm::AIEBaseTTIImpl<T>::getIntImmCost(const llvm::APInt&, llvm::Type*, llvm::TargetTransformInfo::TargetCostKind) const [with T = llvm::AIE2PTTIImpl]’ can be marked override [-Wsuggest-override]
   88 |   InstructionCost getIntImmCost(const APInt &Imm, Type *Ty, TTI::TargetCostKind CostKind) const { // amd/aie/ port: 23 returns InstructionCost
      |                   ^~~~~~~~~~~~~
/home/jtuyls/iree-ai/llvm-aie-port/amd/aie/llvm/lib/Target/AIE/AIEBaseTargetTransformInfo.h:119:12: warning: ‘llvm::TypeSize llvm::AIEBaseTTIImpl<T>::getRegisterBitWidth(llvm::TargetTransformInfo::RegisterKind) const [with T = llvm::AIE2PTTIImpl]’ can be marked override [-Wsuggest-override]
  119 |   TypeSize getRegisterBitWidth(TargetTransformInfo::RegisterKind K) const {
      |            ^~~~~~~~~~~~~~~~~~~
/home/jtuyls/iree-ai/llvm-aie-port/amd/aie/llvm/lib/Target/AIE/AIEBaseTargetTransformInfo.h:134:12: warning: ‘unsigned int llvm::AIEBaseTTIImpl<T>::getMinVectorRegisterBitWidth() const [with T = llvm::AIE2PTTIImpl]’ can be marked override [-Wsuggest-override]
  134 |   unsigned getMinVectorRegisterBitWidth() const { return 512; }
      |            ^~~~~~~~~~~~~~~~~~~~~~~~~~~~
/home/jtuyls/iree-ai/llvm-aie-port/amd/aie/llvm/lib/Target/AIE/AIEBaseTargetTransformInfo.h:149:19: warning: ‘llvm::InstructionCost llvm::AIEBaseTTIImpl<T>::getArithmeticInstrCost(unsigned int, llvm::Type*, llvm::TargetTransformInfo::TargetCostKind, llvm::TargetTransformInfo::OperandValueInfo, llvm::TargetTransformInfo::OperandValueInfo, llvm::ArrayRef<const llvm::Value*>, const llvm::Instruction*) const [with T = llvm::AIE2PTTIImpl]’ can be marked override [-Wsuggest-override]
  149 |   InstructionCost getArithmeticInstrCost(
      |                   ^~~~~~~~~~~~~~~~~~~~~~
/home/jtuyls/iree-ai/llvm-aie-port/amd/aie/llvm/lib/Target/AIE/AIEBaseTargetTransformInfo.h:167:12: warning: ‘unsigned int llvm::AIEBaseTTIImpl<T>::getStoreVectorFactor(unsigned int, unsigned int, unsigned int, llvm::VectorType*) const [with T = llvm::AIE2PTTIImpl]’ can be marked override [-Wsuggest-override]
  167 |   unsigned getStoreVectorFactor(unsigned VF, unsigned StoreSizeInBits,
      |            ^~~~~~~~~~~~~~~~~~~~
/home/jtuyls/iree-ai/llvm-aie-port/amd/aie/llvm/lib/Target/AIE/AIEBaseTargetTransformInfo.h:179:12: warning: ‘unsigned int llvm::AIEBaseTTIImpl<T>::getLoadVectorFactor(unsigned int, unsigned int, unsigned int, llvm::VectorType*) const [with T = llvm::AIE2PTTIImpl]’ can be marked override [-Wsuggest-override]
  179 |   unsigned getLoadVectorFactor(unsigned VF, unsigned LoadSizeInBits,
      |            ^~~~~~~~~~~~~~~~~~~
/home/jtuyls/iree-ai/llvm-aie-port/amd/aie/llvm/lib/Target/AIE/AIEBaseTargetTransformInfo.h:186:8: warning: ‘bool llvm::AIEBaseTTIImpl<T>::isLegalToVectorizeStoreChain(unsigned int, llvm::Align, unsigned int) const [with T = llvm::AIE2PTTIImpl]’ can be marked override [-Wsuggest-override]
  186 |   bool isLegalToVectorizeStoreChain(unsigned ChainSizeInBytes, Align Alignment,
      |        ^~~~~~~~~~~~~~~~~~~~~~~~~~~~
/home/jtuyls/iree-ai/llvm-aie-port/amd/aie/llvm/lib/Target/AIE/aie2p/AIE2PTargetTransformInfo.h:52:19: warning: ‘virtual llvm::InstructionCost llvm::AIE2PTTIImpl::getMemoryOpCost(unsigned int, llvm::Type*, llvm::Align, unsigned int, llvm::TargetTransformInfo::TargetCostKind, llvm::TargetTransformInfo::OperandValueInfo, const llvm::Instruction*) const’ can be marked override [-Wsuggest-override]
   52 |   InstructionCost getMemoryOpCost(
      |                   ^~~~~~~~~~~~~~~
/home/jtuyls/iree-ai/llvm-aie-port/amd/aie/llvm/lib/Target/AIE/aie2p/AIE2PTargetTransformInfo.h:58:32: warning: ‘virtual std::optional<llvm::Instruction*> llvm::AIE2PTTIImpl::instCombineIntrinsic(llvm::InstCombiner&, llvm::IntrinsicInst&) const’ can be marked override [-Wsuggest-override]
   58 |   std::optional<Instruction *> instCombineIntrinsic(InstCombiner &IC,
      |                                ^~~~~~~~~~~~~~~~~~~~
[1011/1203] Building CXX object lib/Target/AIE/CMakeFiles/LLVMAIECodeGen.dir/aie2ps/AIE2PSPostLegalizerCustomCombiner.cpp.o
[1012/1203] Building CXX object lib/Target/AIE/CMakeFiles/LLVMAIECodeGen.dir/aie2ps/AIE2PSPostLegalizerFinalCombiner.cpp.o
[1013/1203] Building CXX object lib/Target/AIE/CMakeFiles/LLVMAIECodeGen.dir/aie1/AIE1TargetMachine.cpp.o
In file included from /home/jtuyls/iree-ai/llvm-aie-port/amd/aie/llvm/lib/Target/AIE/aie1/AIE1FrameLowering.h:18,
                 from /home/jtuyls/iree-ai/llvm-aie-port/amd/aie/llvm/lib/Target/AIE/aie1/AIE1Subtarget.h:19,
                 from /home/jtuyls/iree-ai/llvm-aie-port/amd/aie/llvm/lib/Target/AIE/aie1/AIE1TargetMachine.h:20,
                 from /home/jtuyls/iree-ai/llvm-aie-port/amd/aie/llvm/lib/Target/AIE/aie1/AIE1TargetMachine.cpp:15:
/home/jtuyls/iree-ai/llvm-aie-port/amd/aie/llvm/lib/Target/AIE/AIEBaseFrameLowering.h:90:16: warning: ‘virtual void llvm::AIEBaseFrameLowering::adjustReg(llvm::MachineBasicBlock&, llvm::MachineBasicBlock::iterator, const llvm::DebugLoc&, unsigned int, int64_t, llvm::MachineInstr::MIFlag) const’ was hidden [-Woverloaded-virtual=]
   90 |   virtual void adjustReg(MachineBasicBlock &MBB,
      |                ^~~~~~~~~
/home/jtuyls/iree-ai/llvm-aie-port/amd/aie/llvm/lib/Target/AIE/aie1/AIE1FrameLowering.h:29:15: note:   by ‘static void llvm::AIEFrameLowering::adjustReg(const llvm::TargetInstrInfo*, llvm::MachineBasicBlock&, llvm::MachineBasicBlock::iterator, const llvm::DebugLoc&, unsigned int, int64_t, llvm::MachineInstr::MIFlag)’
   29 |   static void adjustReg(const TargetInstrInfo *TII, MachineBasicBlock &MBB,
      |               ^~~~~~~~~
In file included from /home/jtuyls/iree-ai/llvm-aie-port/llvm/include/llvm/CodeGen/BasicTTIImpl.h:28,
                 from /home/jtuyls/iree-ai/llvm-aie-port/amd/aie/llvm/lib/Target/AIE/AIETargetTransformInfo.h:22,
                 from /home/jtuyls/iree-ai/llvm-aie-port/amd/aie/llvm/lib/Target/AIE/aie1/AIE1TargetMachine.cpp:20:
/home/jtuyls/iree-ai/llvm-aie-port/llvm/include/llvm/Analysis/TargetTransformInfoImpl.h:587:27: warning: ‘virtual llvm::InstructionCost llvm::TargetTransformInfoImplBase::getIntImmCost(const llvm::APInt&, llvm::Type*, llvm::TargetTransformInfo::TargetCostKind) const’ was hidden [-Woverloaded-virtual=]
  587 |   virtual InstructionCost getIntImmCost(const APInt &Imm, Type *Ty,
      |                           ^~~~~~~~~~~~~
/home/jtuyls/iree-ai/llvm-aie-port/amd/aie/llvm/lib/Target/AIE/AIETargetTransformInfo.h:42:7: note:   by ‘int llvm::AIETTIImpl::getIntImmCost(const llvm::APInt&, llvm::Type*, llvm::TargetTransformInfo::TargetCostKind)’
   42 |   int getIntImmCost(const APInt &Imm, Type *Ty, TTI::TargetCostKind CostKind) {
      |       ^~~~~~~~~~~~~
/home/jtuyls/iree-ai/llvm-aie-port/llvm/include/llvm/CodeGen/BasicTTIImpl.h:714:8: warning: ‘void llvm::BasicTTIImplBase<T>::getUnrollingPreferences(llvm::Loop*, llvm::ScalarEvolution&, llvm::TargetTransformInfo::UnrollingPreferences&, llvm::OptimizationRemarkEmitter*) const [with T = llvm::AIETTIImpl]’ was hidden [-Woverloaded-virtual=]
  714 |   void getUnrollingPreferences(Loop *L, ScalarEvolution &SE,
      |        ^~~~~~~~~~~~~~~~~~~~~~~
/home/jtuyls/iree-ai/llvm-aie-port/amd/aie/llvm/lib/Target/AIE/AIETargetTransformInfo.h:57:8: note:   by ‘void llvm::AIETTIImpl::getUnrollingPreferences(llvm::Loop*, llvm::ScalarEvolution&, llvm::TargetTransformInfo::UnrollingPreferences&, llvm::OptimizationRemarkEmitter*)’
   57 |   void getUnrollingPreferences(Loop *L, ScalarEvolution &SE,
      |        ^~~~~~~~~~~~~~~~~~~~~~~
[1014/1203] Building CXX object lib/Target/AIE/CMakeFiles/LLVMAIECodeGen.dir/aie2p/AIE2PInstructionSelector.cpp.o
/home/jtuyls/iree-ai/llvm-aie-port/amd/aie/llvm/lib/Target/AIE/aie2p/AIE2PInstructionSelector.cpp:760:10: warning: ‘llvm::Register {anonymous}::AIE2PInstructionSelector::createPLFRRegSequence(llvm::Register, llvm::Register, llvm::Register, llvm::MachineRegisterInfo&)’ defined but not used [-Wunused-function]
  760 | Register AIE2PInstructionSelector::createPLFRRegSequence(
      |          ^~~~~~~~~~~~~~~~~~~~~~~~
[1015/1203] Building CXX object lib/Target/AIE/CMakeFiles/LLVMAIECodeGen.dir/aie2ps/AIE2PSISelLowering.cpp.o
[1016/1203] Building CXX object lib/Target/AIE/MCTargetDesc/CMakeFiles/LLVMAIEDesc.dir/AIE1AsmBackend.cpp.o
[1017/1203] Building CXX object lib/Target/AIE/CMakeFiles/LLVMAIECodeGen.dir/aie2ps/AIE2PSSubtarget.cpp.o
[1018/1203] Building CXX object lib/Target/AIE/CMakeFiles/LLVMAIECodeGen.dir/aie2ps/AIE2PSLegalizerInfo.cpp.o
[1019/1203] Building CXX object lib/Target/AIE/CMakeFiles/LLVMAIECodeGen.dir/aie2ps/AIE2PSTargetTransformInfo.cpp.o
In file included from /home/jtuyls/iree-ai/llvm-aie-port/amd/aie/llvm/lib/Target/AIE/aie2ps/AIE2PSFrameLowering.h:18,
                 from /home/jtuyls/iree-ai/llvm-aie-port/amd/aie/llvm/lib/Target/AIE/aie2ps/AIE2PSSubtarget.h:18,
                 from /home/jtuyls/iree-ai/llvm-aie-port/amd/aie/llvm/lib/Target/AIE/aie2ps/AIE2PSTargetMachine.h:18,
                 from /home/jtuyls/iree-ai/llvm-aie-port/amd/aie/llvm/lib/Target/AIE/aie2ps/AIE2PSTargetTransformInfo.h:20,
                 from /home/jtuyls/iree-ai/llvm-aie-port/amd/aie/llvm/lib/Target/AIE/aie2ps/AIE2PSTargetTransformInfo.cpp:11:
/home/jtuyls/iree-ai/llvm-aie-port/amd/aie/llvm/lib/Target/AIE/AIEBaseFrameLowering.h:90:16: warning: ‘virtual void llvm::AIEBaseFrameLowering::adjustReg(llvm::MachineBasicBlock&, llvm::MachineBasicBlock::iterator, const llvm::DebugLoc&, unsigned int, int64_t, llvm::MachineInstr::MIFlag) const’ was hidden [-Woverloaded-virtual=]
   90 |   virtual void adjustReg(MachineBasicBlock &MBB,
      |                ^~~~~~~~~
In file included from /home/jtuyls/iree-ai/llvm-aie-port/amd/aie/llvm/lib/Target/AIE/aie1/AIE1Subtarget.h:19,
                 from /home/jtuyls/iree-ai/llvm-aie-port/amd/aie/llvm/lib/Target/AIE/AIEBaseTargetTransformInfo.h:21,
                 from /home/jtuyls/iree-ai/llvm-aie-port/amd/aie/llvm/lib/Target/AIE/aie2ps/AIE2PSTargetTransformInfo.h:21:
/home/jtuyls/iree-ai/llvm-aie-port/amd/aie/llvm/lib/Target/AIE/aie1/AIE1FrameLowering.h:29:15: note:   by ‘static void llvm::AIEFrameLowering::adjustReg(const llvm::TargetInstrInfo*, llvm::MachineBasicBlock&, llvm::MachineBasicBlock::iterator, const llvm::DebugLoc&, unsigned int, int64_t, llvm::MachineInstr::MIFlag)’
   29 |   static void adjustReg(const TargetInstrInfo *TII, MachineBasicBlock &MBB,
      |               ^~~~~~~~~
/home/jtuyls/iree-ai/llvm-aie-port/amd/aie/llvm/lib/Target/AIE/AIEBaseTargetTransformInfo.h: In instantiation of ‘class llvm::AIEBaseTTIImpl<llvm::AIE2PSTTIImpl>’:
/home/jtuyls/iree-ai/llvm-aie-port/amd/aie/llvm/lib/Target/AIE/aie2ps/AIE2PSTargetTransformInfo.h:34:30:   required from here
/home/jtuyls/iree-ai/llvm-aie-port/amd/aie/llvm/lib/Target/AIE/AIEBaseTargetTransformInfo.h:88:19: warning: ‘llvm::InstructionCost llvm::AIEBaseTTIImpl<T>::getIntImmCost(const llvm::APInt&, llvm::Type*, llvm::TargetTransformInfo::TargetCostKind) const [with T = llvm::AIE2PSTTIImpl]’ can be marked override [-Wsuggest-override]
   88 |   InstructionCost getIntImmCost(const APInt &Imm, Type *Ty, TTI::TargetCostKind CostKind) const { // amd/aie/ port: 23 returns InstructionCost
      |                   ^~~~~~~~~~~~~
/home/jtuyls/iree-ai/llvm-aie-port/amd/aie/llvm/lib/Target/AIE/AIEBaseTargetTransformInfo.h:119:12: warning: ‘llvm::TypeSize llvm::AIEBaseTTIImpl<T>::getRegisterBitWidth(llvm::TargetTransformInfo::RegisterKind) const [with T = llvm::AIE2PSTTIImpl]’ can be marked override [-Wsuggest-override]
  119 |   TypeSize getRegisterBitWidth(TargetTransformInfo::RegisterKind K) const {
      |            ^~~~~~~~~~~~~~~~~~~
/home/jtuyls/iree-ai/llvm-aie-port/amd/aie/llvm/lib/Target/AIE/AIEBaseTargetTransformInfo.h:134:12: warning: ‘unsigned int llvm::AIEBaseTTIImpl<T>::getMinVectorRegisterBitWidth() const [with T = llvm::AIE2PSTTIImpl]’ can be marked override [-Wsuggest-override]
  134 |   unsigned getMinVectorRegisterBitWidth() const { return 512; }
      |            ^~~~~~~~~~~~~~~~~~~~~~~~~~~~
/home/jtuyls/iree-ai/llvm-aie-port/amd/aie/llvm/lib/Target/AIE/AIEBaseTargetTransformInfo.h:149:19: warning: ‘llvm::InstructionCost llvm::AIEBaseTTIImpl<T>::getArithmeticInstrCost(unsigned int, llvm::Type*, llvm::TargetTransformInfo::TargetCostKind, llvm::TargetTransformInfo::OperandValueInfo, llvm::TargetTransformInfo::OperandValueInfo, llvm::ArrayRef<const llvm::Value*>, const llvm::Instruction*) const [with T = llvm::AIE2PSTTIImpl]’ can be marked override [-Wsuggest-override]
  149 |   InstructionCost getArithmeticInstrCost(
      |                   ^~~~~~~~~~~~~~~~~~~~~~
/home/jtuyls/iree-ai/llvm-aie-port/amd/aie/llvm/lib/Target/AIE/AIEBaseTargetTransformInfo.h:167:12: warning: ‘unsigned int llvm::AIEBaseTTIImpl<T>::getStoreVectorFactor(unsigned int, unsigned int, unsigned int, llvm::VectorType*) const [with T = llvm::AIE2PSTTIImpl]’ can be marked override [-Wsuggest-override]
  167 |   unsigned getStoreVectorFactor(unsigned VF, unsigned StoreSizeInBits,
      |            ^~~~~~~~~~~~~~~~~~~~
/home/jtuyls/iree-ai/llvm-aie-port/amd/aie/llvm/lib/Target/AIE/AIEBaseTargetTransformInfo.h:179:12: warning: ‘unsigned int llvm::AIEBaseTTIImpl<T>::getLoadVectorFactor(unsigned int, unsigned int, unsigned int, llvm::VectorType*) const [with T = llvm::AIE2PSTTIImpl]’ can be marked override [-Wsuggest-override]
  179 |   unsigned getLoadVectorFactor(unsigned VF, unsigned LoadSizeInBits,
      |            ^~~~~~~~~~~~~~~~~~~
/home/jtuyls/iree-ai/llvm-aie-port/amd/aie/llvm/lib/Target/AIE/AIEBaseTargetTransformInfo.h:186:8: warning: ‘bool llvm::AIEBaseTTIImpl<T>::isLegalToVectorizeStoreChain(unsigned int, llvm::Align, unsigned int) const [with T = llvm::AIE2PSTTIImpl]’ can be marked override [-Wsuggest-override]
  186 |   bool isLegalToVectorizeStoreChain(unsigned ChainSizeInBytes, Align Alignment,
      |        ^~~~~~~~~~~~~~~~~~~~~~~~~~~~
/home/jtuyls/iree-ai/llvm-aie-port/amd/aie/llvm/lib/Target/AIE/aie2ps/AIE2PSTargetTransformInfo.h:53:19: warning: ‘virtual llvm::InstructionCost llvm::AIE2PSTTIImpl::getMemoryOpCost(unsigned int, llvm::Type*, llvm::Align, unsigned int, llvm::TargetTransformInfo::TargetCostKind, llvm::TargetTransformInfo::OperandValueInfo, const llvm::Instruction*) const’ can be marked override [-Wsuggest-override]
   53 |   InstructionCost getMemoryOpCost(
      |                   ^~~~~~~~~~~~~~~
/home/jtuyls/iree-ai/llvm-aie-port/amd/aie/llvm/lib/Target/AIE/aie2ps/AIE2PSTargetTransformInfo.h:59:32: warning: ‘virtual std::optional<llvm::Instruction*> llvm::AIE2PSTTIImpl::instCombineIntrinsic(llvm::InstCombiner&, llvm::IntrinsicInst&) const’ can be marked override [-Wsuggest-override]
   59 |   std::optional<Instruction *> instCombineIntrinsic(InstCombiner &IC,
      |                                ^~~~~~~~~~~~~~~~~~~~
[1020/1203] Building CXX object lib/Target/AIE/CMakeFiles/LLVMAIECodeGen.dir/aie2ps/AIE2PSPostLegalizerGenericCombiner.cpp.o
[1021/1203] Building CXX object lib/Target/AIE/CMakeFiles/LLVMAIECodeGen.dir/aie2ps/AIE2PSTargetMachine.cpp.o
In file included from /home/jtuyls/iree-ai/llvm-aie-port/amd/aie/llvm/lib/Target/AIE/aie2ps/AIE2PSFrameLowering.h:18,
                 from /home/jtuyls/iree-ai/llvm-aie-port/amd/aie/llvm/lib/Target/AIE/aie2ps/AIE2PSSubtarget.h:18,
                 from /home/jtuyls/iree-ai/llvm-aie-port/amd/aie/llvm/lib/Target/AIE/aie2ps/AIE2PSTargetMachine.h:18,
                 from /home/jtuyls/iree-ai/llvm-aie-port/amd/aie/llvm/lib/Target/AIE/aie2ps/AIE2PSTargetMachine.cpp:15:
/home/jtuyls/iree-ai/llvm-aie-port/amd/aie/llvm/lib/Target/AIE/AIEBaseFrameLowering.h:90:16: warning: ‘virtual void llvm::AIEBaseFrameLowering::adjustReg(llvm::MachineBasicBlock&, llvm::MachineBasicBlock::iterator, const llvm::DebugLoc&, unsigned int, int64_t, llvm::MachineInstr::MIFlag) const’ was hidden [-Woverloaded-virtual=]
   90 |   virtual void adjustReg(MachineBasicBlock &MBB,
      |                ^~~~~~~~~
In file included from /home/jtuyls/iree-ai/llvm-aie-port/amd/aie/llvm/lib/Target/AIE/aie1/AIE1Subtarget.h:19,
                 from /home/jtuyls/iree-ai/llvm-aie-port/amd/aie/llvm/lib/Target/AIE/AIEBaseTargetTransformInfo.h:21,
                 from /home/jtuyls/iree-ai/llvm-aie-port/amd/aie/llvm/lib/Target/AIE/aie2ps/AIE2PSTargetTransformInfo.h:21,
                 from /home/jtuyls/iree-ai/llvm-aie-port/amd/aie/llvm/lib/Target/AIE/aie2ps/AIE2PSTargetMachine.cpp:16:
/home/jtuyls/iree-ai/llvm-aie-port/amd/aie/llvm/lib/Target/AIE/aie1/AIE1FrameLowering.h:29:15: note:   by ‘static void llvm::AIEFrameLowering::adjustReg(const llvm::TargetInstrInfo*, llvm::MachineBasicBlock&, llvm::MachineBasicBlock::iterator, const llvm::DebugLoc&, unsigned int, int64_t, llvm::MachineInstr::MIFlag)’
   29 |   static void adjustReg(const TargetInstrInfo *TII, MachineBasicBlock &MBB,
      |               ^~~~~~~~~
/home/jtuyls/iree-ai/llvm-aie-port/amd/aie/llvm/lib/Target/AIE/AIEBaseTargetTransformInfo.h: In instantiation of ‘class llvm::AIEBaseTTIImpl<llvm::AIE2PSTTIImpl>’:
/home/jtuyls/iree-ai/llvm-aie-port/amd/aie/llvm/lib/Target/AIE/aie2ps/AIE2PSTargetTransformInfo.h:34:30:   required from here
/home/jtuyls/iree-ai/llvm-aie-port/amd/aie/llvm/lib/Target/AIE/AIEBaseTargetTransformInfo.h:88:19: warning: ‘llvm::InstructionCost llvm::AIEBaseTTIImpl<T>::getIntImmCost(const llvm::APInt&, llvm::Type*, llvm::TargetTransformInfo::TargetCostKind) const [with T = llvm::AIE2PSTTIImpl]’ can be marked override [-Wsuggest-override]
   88 |   InstructionCost getIntImmCost(const APInt &Imm, Type *Ty, TTI::TargetCostKind CostKind) const { // amd/aie/ port: 23 returns InstructionCost
      |                   ^~~~~~~~~~~~~
/home/jtuyls/iree-ai/llvm-aie-port/amd/aie/llvm/lib/Target/AIE/AIEBaseTargetTransformInfo.h:119:12: warning: ‘llvm::TypeSize llvm::AIEBaseTTIImpl<T>::getRegisterBitWidth(llvm::TargetTransformInfo::RegisterKind) const [with T = llvm::AIE2PSTTIImpl]’ can be marked override [-Wsuggest-override]
  119 |   TypeSize getRegisterBitWidth(TargetTransformInfo::RegisterKind K) const {
      |            ^~~~~~~~~~~~~~~~~~~
/home/jtuyls/iree-ai/llvm-aie-port/amd/aie/llvm/lib/Target/AIE/AIEBaseTargetTransformInfo.h:134:12: warning: ‘unsigned int llvm::AIEBaseTTIImpl<T>::getMinVectorRegisterBitWidth() const [with T = llvm::AIE2PSTTIImpl]’ can be marked override [-Wsuggest-override]
  134 |   unsigned getMinVectorRegisterBitWidth() const { return 512; }
      |            ^~~~~~~~~~~~~~~~~~~~~~~~~~~~
/home/jtuyls/iree-ai/llvm-aie-port/amd/aie/llvm/lib/Target/AIE/AIEBaseTargetTransformInfo.h:149:19: warning: ‘llvm::InstructionCost llvm::AIEBaseTTIImpl<T>::getArithmeticInstrCost(unsigned int, llvm::Type*, llvm::TargetTransformInfo::TargetCostKind, llvm::TargetTransformInfo::OperandValueInfo, llvm::TargetTransformInfo::OperandValueInfo, llvm::ArrayRef<const llvm::Value*>, const llvm::Instruction*) const [with T = llvm::AIE2PSTTIImpl]’ can be marked override [-Wsuggest-override]
  149 |   InstructionCost getArithmeticInstrCost(
      |                   ^~~~~~~~~~~~~~~~~~~~~~
/home/jtuyls/iree-ai/llvm-aie-port/amd/aie/llvm/lib/Target/AIE/AIEBaseTargetTransformInfo.h:167:12: warning: ‘unsigned int llvm::AIEBaseTTIImpl<T>::getStoreVectorFactor(unsigned int, unsigned int, unsigned int, llvm::VectorType*) const [with T = llvm::AIE2PSTTIImpl]’ can be marked override [-Wsuggest-override]
  167 |   unsigned getStoreVectorFactor(unsigned VF, unsigned StoreSizeInBits,
      |            ^~~~~~~~~~~~~~~~~~~~
/home/jtuyls/iree-ai/llvm-aie-port/amd/aie/llvm/lib/Target/AIE/AIEBaseTargetTransformInfo.h:179:12: warning: ‘unsigned int llvm::AIEBaseTTIImpl<T>::getLoadVectorFactor(unsigned int, unsigned int, unsigned int, llvm::VectorType*) const [with T = llvm::AIE2PSTTIImpl]’ can be marked override [-Wsuggest-override]
  179 |   unsigned getLoadVectorFactor(unsigned VF, unsigned LoadSizeInBits,
      |            ^~~~~~~~~~~~~~~~~~~
/home/jtuyls/iree-ai/llvm-aie-port/amd/aie/llvm/lib/Target/AIE/AIEBaseTargetTransformInfo.h:186:8: warning: ‘bool llvm::AIEBaseTTIImpl<T>::isLegalToVectorizeStoreChain(unsigned int, llvm::Align, unsigned int) const [with T = llvm::AIE2PSTTIImpl]’ can be marked override [-Wsuggest-override]
  186 |   bool isLegalToVectorizeStoreChain(unsigned ChainSizeInBytes, Align Alignment,
      |        ^~~~~~~~~~~~~~~~~~~~~~~~~~~~
/home/jtuyls/iree-ai/llvm-aie-port/amd/aie/llvm/lib/Target/AIE/aie2ps/AIE2PSTargetTransformInfo.h:53:19: warning: ‘virtual llvm::InstructionCost llvm::AIE2PSTTIImpl::getMemoryOpCost(unsigned int, llvm::Type*, llvm::Align, unsigned int, llvm::TargetTransformInfo::TargetCostKind, llvm::TargetTransformInfo::OperandValueInfo, const llvm::Instruction*) const’ can be marked override [-Wsuggest-override]
   53 |   InstructionCost getMemoryOpCost(
      |                   ^~~~~~~~~~~~~~~
/home/jtuyls/iree-ai/llvm-aie-port/amd/aie/llvm/lib/Target/AIE/aie2ps/AIE2PSTargetTransformInfo.h:59:32: warning: ‘virtual std::optional<llvm::Instruction*> llvm::AIE2PSTTIImpl::instCombineIntrinsic(llvm::InstCombiner&, llvm::IntrinsicInst&) const’ can be marked override [-Wsuggest-override]
   59 |   std::optional<Instruction *> instCombineIntrinsic(InstCombiner &IC,
      |                                ^~~~~~~~~~~~~~~~~~~~
[1022/1203] Building CXX object lib/Target/AIE/CMakeFiles/LLVMAIECodeGen.dir/aie2ps/AIE2PSRegisterInfo.cpp.o
In file included from /home/jtuyls/iree-ai/llvm-aie-port/amd/aie/llvm/lib/Target/AIE/aie2ps/AIE2PSRegisterInfo.h:19,
                 from /home/jtuyls/iree-ai/llvm-aie-port/amd/aie/llvm/lib/Target/AIE/aie2ps/AIE2PSRegisterInfo.cpp:16:
/home/jtuyls/iree-ai/llvm-aie-port/amd/aie/llvm/lib/Target/AIE/AIEBaseRegisterInfo.h: In instantiation of ‘bool llvm::isEncodableAsNegativeInt(int) [with int N = 9; unsigned int step = 4]’:
/home/jtuyls/iree-ai/llvm-aie-port/amd/aie/llvm/lib/Target/AIE/aie2ps/AIE2PSRegisterInfo.cpp:214:39:   required from here
/home/jtuyls/iree-ai/llvm-aie-port/amd/aie/llvm/lib/Target/AIE/AIEBaseRegisterInfo.h:156:32: warning: ‘constexpr size_t llvm::CTLog2() [with long unsigned int kValue = 4; size_t = long unsigned int]’ is deprecated: Use ConstantLog2 instead [-Wdeprecated-declarations]
  156 |   return isInt<N + CTLog2<step>() + 1>(Value);
      |                    ~~~~~~~~~~~~^~
In file included from /home/jtuyls/iree-ai/llvm-aie-port/llvm/include/llvm/ADT/SmallPtrSet.h:23,
                 from /home/jtuyls/iree-ai/llvm-aie-port/llvm/include/llvm/ADT/SmallSet.h:19,
                 from /home/jtuyls/iree-ai/llvm-aie-port/amd/aie/llvm/lib/Target/AIE/AIEBaseRegisterInfo.h:18:
/home/jtuyls/iree-ai/llvm-aie-port/llvm/include/llvm/Support/MathExtras.h:324:18: note: declared here
  324 | constexpr size_t CTLog2() {
      |                  ^~~~~~
/home/jtuyls/iree-ai/llvm-aie-port/amd/aie/llvm/lib/Target/AIE/AIEBaseRegisterInfo.h: In instantiation of ‘bool llvm::isEncodableAsNegativeInt(int) [with int N = 9; unsigned int step = 8]’:
/home/jtuyls/iree-ai/llvm-aie-port/amd/aie/llvm/lib/Target/AIE/aie2ps/AIE2PSRegisterInfo.cpp:243:39:   required from here
/home/jtuyls/iree-ai/llvm-aie-port/amd/aie/llvm/lib/Target/AIE/AIEBaseRegisterInfo.h:156:32: warning: ‘constexpr size_t llvm::CTLog2() [with long unsigned int kValue = 8; size_t = long unsigned int]’ is deprecated: Use ConstantLog2 instead [-Wdeprecated-declarations]
  156 |   return isInt<N + CTLog2<step>() + 1>(Value);
      |                    ~~~~~~~~~~~~^~
/home/jtuyls/iree-ai/llvm-aie-port/llvm/include/llvm/Support/MathExtras.h:324:18: note: declared here
  324 | constexpr size_t CTLog2() {
      |                  ^~~~~~
/home/jtuyls/iree-ai/llvm-aie-port/amd/aie/llvm/lib/Target/AIE/AIEBaseRegisterInfo.h: In instantiation of ‘bool llvm::isEncodableAsNegativeInt(int) [with int N = 9; unsigned int step = 16]’:
/home/jtuyls/iree-ai/llvm-aie-port/amd/aie/llvm/lib/Target/AIE/aie2ps/AIE2PSRegisterInfo.cpp:264:40:   required from here
/home/jtuyls/iree-ai/llvm-aie-port/amd/aie/llvm/lib/Target/AIE/AIEBaseRegisterInfo.h:156:32: warning: ‘constexpr size_t llvm::CTLog2() [with long unsigned int kValue = 16; size_t = long unsigned int]’ is deprecated: Use ConstantLog2 instead [-Wdeprecated-declarations]
  156 |   return isInt<N + CTLog2<step>() + 1>(Value);
      |                    ~~~~~~~~~~~~^~
/home/jtuyls/iree-ai/llvm-aie-port/llvm/include/llvm/Support/MathExtras.h:324:18: note: declared here
  324 | constexpr size_t CTLog2() {
      |                  ^~~~~~
/home/jtuyls/iree-ai/llvm-aie-port/amd/aie/llvm/lib/Target/AIE/AIEBaseRegisterInfo.h: In instantiation of ‘bool llvm::isEncodableAsNegativeInt(int) [with int N = 9; unsigned int step = 32]’:
/home/jtuyls/iree-ai/llvm-aie-port/amd/aie/llvm/lib/Target/AIE/aie2ps/AIE2PSRegisterInfo.cpp:281:40:   required from here
/home/jtuyls/iree-ai/llvm-aie-port/amd/aie/llvm/lib/Target/AIE/AIEBaseRegisterInfo.h:156:32: warning: ‘constexpr size_t llvm::CTLog2() [with long unsigned int kValue = 32; size_t = long unsigned int]’ is deprecated: Use ConstantLog2 instead [-Wdeprecated-declarations]
  156 |   return isInt<N + CTLog2<step>() + 1>(Value);
      |                    ~~~~~~~~~~~~^~
/home/jtuyls/iree-ai/llvm-aie-port/llvm/include/llvm/Support/MathExtras.h:324:18: note: declared here
  324 | constexpr size_t CTLog2() {
      |                  ^~~~~~
/home/jtuyls/iree-ai/llvm-aie-port/amd/aie/llvm/lib/Target/AIE/AIEBaseRegisterInfo.h: In instantiation of ‘bool llvm::isEncodableAsNegativeInt(int) [with int N = 9; unsigned int step = 64]’:
/home/jtuyls/iree-ai/llvm-aie-port/amd/aie/llvm/lib/Target/AIE/aie2ps/AIE2PSRegisterInfo.cpp:298:40:   required from here
/home/jtuyls/iree-ai/llvm-aie-port/amd/aie/llvm/lib/Target/AIE/AIEBaseRegisterInfo.h:156:32: warning: ‘constexpr size_t llvm::CTLog2() [with long unsigned int kValue = 64; size_t = long unsigned int]’ is deprecated: Use ConstantLog2 instead [-Wdeprecated-declarations]
  156 |   return isInt<N + CTLog2<step>() + 1>(Value);
      |                    ~~~~~~~~~~~~^~
/home/jtuyls/iree-ai/llvm-aie-port/llvm/include/llvm/Support/MathExtras.h:324:18: note: declared here
  324 | constexpr size_t CTLog2() {
      |                  ^~~~~~
/home/jtuyls/iree-ai/llvm-aie-port/amd/aie/llvm/lib/Target/AIE/AIEBaseRegisterInfo.h: In instantiation of ‘bool llvm::isEncodableAsNegativeInt(int) [with int N = 9; unsigned int step = 128]’:
/home/jtuyls/iree-ai/llvm-aie-port/amd/aie/llvm/lib/Target/AIE/aie2ps/AIE2PSRegisterInfo.cpp:317:41:   required from here
/home/jtuyls/iree-ai/llvm-aie-port/amd/aie/llvm/lib/Target/AIE/AIEBaseRegisterInfo.h:156:32: warning: ‘constexpr size_t llvm::CTLog2() [with long unsigned int kValue = 128; size_t = long unsigned int]’ is deprecated: Use ConstantLog2 instead [-Wdeprecated-declarations]
  156 |   return isInt<N + CTLog2<step>() + 1>(Value);
      |                    ~~~~~~~~~~~~^~
/home/jtuyls/iree-ai/llvm-aie-port/llvm/include/llvm/Support/MathExtras.h:324:18: note: declared here
  324 | constexpr size_t CTLog2() {
      |                  ^~~~~~
[1023/1203] Building CXX object lib/Target/AIE/MCTargetDesc/CMakeFiles/LLVMAIEDesc.dir/AIE2AsmBackend.cpp.o
[1024/1203] Building CXX object lib/Target/AIE/CMakeFiles/LLVMAIECodeGen.dir/aie2ps/AIE2PSPreLegalizerCombiner.cpp.o
[1025/1203] Building CXX object lib/Target/AIE/AsmParser/CMakeFiles/LLVMAIEAsmParser.dir/AIE1AsmParser.cpp.o
In file included from /home/jtuyls/iree-ai/llvm-aie-port/amd/aie/llvm/lib/Target/AIE/AsmParser/AIE1AsmParser.cpp:73:
/home/jtuyls/iree-ai/llvm-aie-port/build/lib/Target/AIE/AIEGenAsmMatcher.inc:2289:13: warning: ‘llvm::ParseStatus {anonymous}::AIEAsmParser::MatchOperandParserImpl(llvm::OperandVector&, llvm::StringRef, bool)’ defined but not used [-Wunused-function]
 2289 | ParseStatus AIEAsmParser::
      |             ^~~~~~~~~~~~
[1026/1203] Building CXX object lib/Target/AIE/AsmParser/CMakeFiles/LLVMAIEAsmParser.dir/AIE2AsmParser.cpp.o
[1027/1203] Building CXX object lib/Target/AIE/MCTargetDesc/CMakeFiles/LLVMAIEDesc.dir/AIEBaseMCFormats.cpp.o
[1028/1203] Building CXX object lib/Target/AIE/MCTargetDesc/CMakeFiles/LLVMAIEDesc.dir/AIEBaseAsmBackend.cpp.o
[1029/1203] Building CXX object lib/Object/CMakeFiles/LLVMObject.dir/IRSymtab.cpp.o
[1030/1203] Building CXX object lib/Target/AIE/MCTargetDesc/CMakeFiles/LLVMAIEDesc.dir/AIEELFObjectWriter.cpp.o
[1031/1203] Building CXX object lib/Target/AIE/CMakeFiles/LLVMAIECodeGen.dir/aie2ps/AIE2PSInstrInfo.cpp.o
[1032/1203] Building CXX object lib/Target/AIE/InstPrinter/CMakeFiles/LLVMAIEAsmPrinter.dir/AIE2InstPrinter.cpp.o
In file included from /home/jtuyls/iree-ai/llvm-aie-port/amd/aie/llvm/lib/Target/AIE/InstPrinter/AIE2InstPrinter.h:18,
                 from /home/jtuyls/iree-ai/llvm-aie-port/amd/aie/llvm/lib/Target/AIE/InstPrinter/AIE2InstPrinter.cpp:15:
/home/jtuyls/iree-ai/llvm-aie-port/amd/aie/llvm/lib/Target/AIE/InstPrinter/AIECommonInstPrinter.h: In member function ‘void llvm::AIECommonInstPrinter::printImmOffset(const llvm::MCOperand&, const llvm::MCSubtargetInfo&, llvm::raw_ostream&)’:
/home/jtuyls/iree-ai/llvm-aie-port/amd/aie/llvm/lib/Target/AIE/InstPrinter/AIECommonInstPrinter.h:54:5: warning: invalid use of incomplete type ‘const class llvm::MCAsmInfo’
   54 |     MAI.printExpr(O, *MO.getExpr());
      |     ^~~
In file included from /home/jtuyls/iree-ai/llvm-aie-port/llvm/include/llvm/MC/MCSymbol.h:18,
                 from /home/jtuyls/iree-ai/llvm-aie-port/llvm/include/llvm/MC/MCObjectWriter.h:12,
                 from /home/jtuyls/iree-ai/llvm-aie-port/amd/aie/llvm/lib/Target/AIE/MCTargetDesc/AIEMCTargetDesc.h:19,
                 from /home/jtuyls/iree-ai/llvm-aie-port/amd/aie/llvm/lib/Target/AIE/InstPrinter/AIECommonInstPrinter.h:19:
/home/jtuyls/iree-ai/llvm-aie-port/llvm/include/llvm/MC/MCExpr.h:19:7: note: forward declaration of ‘class llvm::MCAsmInfo’
   19 | class MCAsmInfo;
      |       ^~~~~~~~~
[1033/1203] Building CXX object lib/Target/AIE/AsmParser/CMakeFiles/LLVMAIEAsmParser.dir/AIE2PAsmParser.cpp.o
[1034/1203] Building CXX object lib/Target/AIE/InstPrinter/CMakeFiles/LLVMAIEAsmPrinter.dir/AIEInstPrinter.cpp.o
[1035/1203] Building CXX object lib/Target/AIE/MCTargetDesc/CMakeFiles/LLVMAIEDesc.dir/AIEMCInstrInfo.cpp.o
[1036/1203] Building CXX object lib/Target/AIE/InstPrinter/CMakeFiles/LLVMAIEAsmPrinter.dir/AIE2PSInstPrinter.cpp.o
In file included from /home/jtuyls/iree-ai/llvm-aie-port/amd/aie/llvm/lib/Target/AIE/InstPrinter/AIE2PSInstPrinter.h:18,
                 from /home/jtuyls/iree-ai/llvm-aie-port/amd/aie/llvm/lib/Target/AIE/InstPrinter/AIE2PSInstPrinter.cpp:15:
/home/jtuyls/iree-ai/llvm-aie-port/amd/aie/llvm/lib/Target/AIE/InstPrinter/AIECommonInstPrinter.h: In member function ‘void llvm::AIECommonInstPrinter::printImmOffset(const llvm::MCOperand&, const llvm::MCSubtargetInfo&, llvm::raw_ostream&)’:
/home/jtuyls/iree-ai/llvm-aie-port/amd/aie/llvm/lib/Target/AIE/InstPrinter/AIECommonInstPrinter.h:54:5: warning: invalid use of incomplete type ‘const class llvm::MCAsmInfo’
   54 |     MAI.printExpr(O, *MO.getExpr());
      |     ^~~
In file included from /home/jtuyls/iree-ai/llvm-aie-port/llvm/include/llvm/MC/MCSymbol.h:18,
                 from /home/jtuyls/iree-ai/llvm-aie-port/llvm/include/llvm/MC/MCObjectWriter.h:12,
                 from /home/jtuyls/iree-ai/llvm-aie-port/amd/aie/llvm/lib/Target/AIE/MCTargetDesc/AIEMCTargetDesc.h:19,
                 from /home/jtuyls/iree-ai/llvm-aie-port/amd/aie/llvm/lib/Target/AIE/InstPrinter/AIECommonInstPrinter.h:19:
/home/jtuyls/iree-ai/llvm-aie-port/llvm/include/llvm/MC/MCExpr.h:19:7: note: forward declaration of ‘class llvm::MCAsmInfo’
   19 | class MCAsmInfo;
      |       ^~~~~~~~~
[1037/1203] Building CXX object lib/Target/AIE/MCTargetDesc/CMakeFiles/LLVMAIEDesc.dir/AIEMCFixupKinds.cpp.o
[1038/1203] Building CXX object lib/Target/AIE/InstPrinter/CMakeFiles/LLVMAIEAsmPrinter.dir/AIE2PInstPrinter.cpp.o
In file included from /home/jtuyls/iree-ai/llvm-aie-port/amd/aie/llvm/lib/Target/AIE/InstPrinter/AIE2PInstPrinter.h:18,
                 from /home/jtuyls/iree-ai/llvm-aie-port/amd/aie/llvm/lib/Target/AIE/InstPrinter/AIE2PInstPrinter.cpp:15:
/home/jtuyls/iree-ai/llvm-aie-port/amd/aie/llvm/lib/Target/AIE/InstPrinter/AIECommonInstPrinter.h: In member function ‘void llvm::AIECommonInstPrinter::printImmOffset(const llvm::MCOperand&, const llvm::MCSubtargetInfo&, llvm::raw_ostream&)’:
/home/jtuyls/iree-ai/llvm-aie-port/amd/aie/llvm/lib/Target/AIE/InstPrinter/AIECommonInstPrinter.h:54:5: warning: invalid use of incomplete type ‘const class llvm::MCAsmInfo’
   54 |     MAI.printExpr(O, *MO.getExpr());
      |     ^~~
In file included from /home/jtuyls/iree-ai/llvm-aie-port/llvm/include/llvm/MC/MCSymbol.h:18,
                 from /home/jtuyls/iree-ai/llvm-aie-port/llvm/include/llvm/MC/MCObjectWriter.h:12,
                 from /home/jtuyls/iree-ai/llvm-aie-port/amd/aie/llvm/lib/Target/AIE/MCTargetDesc/AIEMCTargetDesc.h:19,
                 from /home/jtuyls/iree-ai/llvm-aie-port/amd/aie/llvm/lib/Target/AIE/InstPrinter/AIECommonInstPrinter.h:19:
/home/jtuyls/iree-ai/llvm-aie-port/llvm/include/llvm/MC/MCExpr.h:19:7: note: forward declaration of ‘class llvm::MCAsmInfo’
   19 | class MCAsmInfo;
      |       ^~~~~~~~~
[1039/1203] Building CXX object lib/Target/AIE/MCTargetDesc/CMakeFiles/LLVMAIEDesc.dir/AIE1MCFixupKinds.cpp.o
[1040/1203] Building CXX object lib/Target/AIE/MCTargetDesc/CMakeFiles/LLVMAIEDesc.dir/AIE2MCFixupKinds.cpp.o
[1041/1203] Building CXX object lib/Target/AIE/MCTargetDesc/CMakeFiles/LLVMAIEDesc.dir/AIEBaseMCCodeEmitter.cpp.o
[1042/1203] Building CXX object lib/Target/AIE/Utils/CMakeFiles/LLVMAIEUtils.dir/AIEMachineBasicBlockUtils.cpp.o
[1043/1203] Building CXX object lib/Target/AIE/MCTargetDesc/CMakeFiles/LLVMAIEDesc.dir/AIEMCFormats.cpp.o
[1044/1203] Building CXX object lib/Target/AIE/MCTargetDesc/CMakeFiles/LLVMAIEDesc.dir/AIEMCCodeEmitter.cpp.o
In file included from /home/jtuyls/iree-ai/llvm-aie-port/amd/aie/llvm/lib/Target/AIE/MCTargetDesc/AIEMCCodeEmitter.cpp:15:
/home/jtuyls/iree-ai/llvm-aie-port/amd/aie/llvm/lib/Target/AIE/MCTargetDesc/AIEBaseMCCodeEmitter.h: In instantiation of ‘void llvm::{anonymous}::getSImmOpValueXStep(const llvm::MCInst&, unsigned int, llvm::APInt&, llvm::SmallVectorImpl<llvm::MCFixup>&, const llvm::MCSubtargetInfo&) [with int N = 14; unsigned int step = 4; int offset = 0; bool isNegative = true; bool isUnsigned = false]’:
/home/jtuyls/iree-ai/llvm-aie-port/build/lib/Target/AIE/AIEGenMCCodeEmitter.inc:1249:53:   required from here
/home/jtuyls/iree-ai/llvm-aie-port/amd/aie/llvm/lib/Target/AIE/MCTargetDesc/AIEBaseMCCodeEmitter.h:124:46: warning: ‘constexpr size_t llvm::CTLog2() [with long unsigned int kValue = 4; size_t = long unsigned int]’ is deprecated: Use ConstantLog2 instead [-Wdeprecated-declarations]
  124 |   const unsigned FixedZeroBits = CTLog2<step>();
      |                                  ~~~~~~~~~~~~^~
In file included from /home/jtuyls/iree-ai/llvm-aie-port/llvm/include/llvm/ADT/DenseMap.h:24,
                 from /home/jtuyls/iree-ai/llvm-aie-port/llvm/include/llvm/MC/MCExpr.h:12,
                 from /home/jtuyls/iree-ai/llvm-aie-port/llvm/include/llvm/MC/MCSymbol.h:18,
                 from /home/jtuyls/iree-ai/llvm-aie-port/llvm/include/llvm/MC/MCObjectWriter.h:12,
                 from /home/jtuyls/iree-ai/llvm-aie-port/amd/aie/llvm/lib/Target/AIE/MCTargetDesc/AIEMCTargetDesc.h:19,
                 from /home/jtuyls/iree-ai/llvm-aie-port/amd/aie/llvm/lib/Target/AIE/Utils/AIEBaseInfo.h:18,
                 from /home/jtuyls/iree-ai/llvm-aie-port/amd/aie/llvm/lib/Target/AIE/AIE.h:19,
                 from /home/jtuyls/iree-ai/llvm-aie-port/amd/aie/llvm/lib/Target/AIE/MCTargetDesc/AIEFormat.h:16,
                 from /home/jtuyls/iree-ai/llvm-aie-port/amd/aie/llvm/lib/Target/AIE/MCTargetDesc/AIEMCFormats.h:17,
                 from /home/jtuyls/iree-ai/llvm-aie-port/amd/aie/llvm/lib/Target/AIE/MCTargetDesc/AIEMCFixupKinds.h:14,
                 from /home/jtuyls/iree-ai/llvm-aie-port/amd/aie/llvm/lib/Target/AIE/MCTargetDesc/AIEBaseMCCodeEmitter.h:15:
/home/jtuyls/iree-ai/llvm-aie-port/llvm/include/llvm/Support/MathExtras.h:324:18: note: declared here
  324 | constexpr size_t CTLog2() {
      |                  ^~~~~~
/home/jtuyls/iree-ai/llvm-aie-port/amd/aie/llvm/lib/Target/AIE/MCTargetDesc/AIEBaseMCCodeEmitter.h: In instantiation of ‘void llvm::{anonymous}::getSImmOpValueXStep(const llvm::MCInst&, unsigned int, llvm::APInt&, llvm::SmallVectorImpl<llvm::MCFixup>&, const llvm::MCSubtargetInfo&) [with int N = 4; unsigned int step = 4; int offset = 0; bool isNegative = false; bool isUnsigned = false]’:
/home/jtuyls/iree-ai/llvm-aie-port/build/lib/Target/AIE/AIEGenMCCodeEmitter.inc:1349:52:   required from here
/home/jtuyls/iree-ai/llvm-aie-port/amd/aie/llvm/lib/Target/AIE/MCTargetDesc/AIEBaseMCCodeEmitter.h:124:46: warning: ‘constexpr size_t llvm::CTLog2() [with long unsigned int kValue = 4; size_t = long unsigned int]’ is deprecated: Use ConstantLog2 instead [-Wdeprecated-declarations]
  124 |   const unsigned FixedZeroBits = CTLog2<step>();
      |                                  ~~~~~~~~~~~~^~
/home/jtuyls/iree-ai/llvm-aie-port/llvm/include/llvm/Support/MathExtras.h:324:18: note: declared here
  324 | constexpr size_t CTLog2() {
      |                  ^~~~~~
/home/jtuyls/iree-ai/llvm-aie-port/amd/aie/llvm/lib/Target/AIE/MCTargetDesc/AIEBaseMCCodeEmitter.h: In instantiation of ‘void llvm::{anonymous}::getSImmOpValueXStep(const llvm::MCInst&, unsigned int, llvm::APInt&, llvm::SmallVectorImpl<llvm::MCFixup>&, const llvm::MCSubtargetInfo&) [with int N = 5; unsigned int step = 32; int offset = 0; bool isNegative = false; bool isUnsigned = false]’:
/home/jtuyls/iree-ai/llvm-aie-port/build/lib/Target/AIE/AIEGenMCCodeEmitter.inc:1371:53:   required from here
/home/jtuyls/iree-ai/llvm-aie-port/amd/aie/llvm/lib/Target/AIE/MCTargetDesc/AIEBaseMCCodeEmitter.h:124:46: warning: ‘constexpr size_t llvm::CTLog2() [with long unsigned int kValue = 32; size_t = long unsigned int]’ is deprecated: Use ConstantLog2 instead [-Wdeprecated-declarations]
  124 |   const unsigned FixedZeroBits = CTLog2<step>();
      |                                  ~~~~~~~~~~~~^~
/home/jtuyls/iree-ai/llvm-aie-port/llvm/include/llvm/Support/MathExtras.h:324:18: note: declared here
  324 | constexpr size_t CTLog2() {
      |                  ^~~~~~
/home/jtuyls/iree-ai/llvm-aie-port/amd/aie/llvm/lib/Target/AIE/MCTargetDesc/AIEBaseMCCodeEmitter.h: In instantiation of ‘void llvm::{anonymous}::getSImmOpValueXStep(const llvm::MCInst&, unsigned int, llvm::APInt&, llvm::SmallVectorImpl<llvm::MCFixup>&, const llvm::MCSubtargetInfo&) [with int N = 7; unsigned int step = 32; int offset = 0; bool isNegative = true; bool isUnsigned = false]’:
/home/jtuyls/iree-ai/llvm-aie-port/build/lib/Target/AIE/AIEGenMCCodeEmitter.inc:3650:53:   required from here
/home/jtuyls/iree-ai/llvm-aie-port/amd/aie/llvm/lib/Target/AIE/MCTargetDesc/AIEBaseMCCodeEmitter.h:124:46: warning: ‘constexpr size_t llvm::CTLog2() [with long unsigned int kValue = 32; size_t = long unsigned int]’ is deprecated: Use ConstantLog2 instead [-Wdeprecated-declarations]
  124 |   const unsigned FixedZeroBits = CTLog2<step>();
      |                                  ~~~~~~~~~~~~^~
/home/jtuyls/iree-ai/llvm-aie-port/llvm/include/llvm/Support/MathExtras.h:324:18: note: declared here
  324 | constexpr size_t CTLog2() {
      |                  ^~~~~~
/home/jtuyls/iree-ai/llvm-aie-port/amd/aie/llvm/lib/Target/AIE/MCTargetDesc/AIEBaseMCCodeEmitter.h: In instantiation of ‘void llvm::{anonymous}::getSImmOpValueXStep(const llvm::MCInst&, unsigned int, llvm::APInt&, llvm::SmallVectorImpl<llvm::MCFixup>&, const llvm::MCSubtargetInfo&) [with int N = 7; unsigned int step = 4; int offset = 0; bool isNegative = true; bool isUnsigned = false]’:
/home/jtuyls/iree-ai/llvm-aie-port/build/lib/Target/AIE/AIEGenMCCodeEmitter.inc:4082:52:   required from here
/home/jtuyls/iree-ai/llvm-aie-port/amd/aie/llvm/lib/Target/AIE/MCTargetDesc/AIEBaseMCCodeEmitter.h:124:46: warning: ‘constexpr size_t llvm::CTLog2() [with long unsigned int kValue = 4; size_t = long unsigned int]’ is deprecated: Use ConstantLog2 instead [-Wdeprecated-declarations]
  124 |   const unsigned FixedZeroBits = CTLog2<step>();
      |                                  ~~~~~~~~~~~~^~
/home/jtuyls/iree-ai/llvm-aie-port/llvm/include/llvm/Support/MathExtras.h:324:18: note: declared here
  324 | constexpr size_t CTLog2() {
      |                  ^~~~~~
/home/jtuyls/iree-ai/llvm-aie-port/amd/aie/llvm/lib/Target/AIE/MCTargetDesc/AIEBaseMCCodeEmitter.h: In instantiation of ‘void llvm::{anonymous}::getSImmOpValueXStep(const llvm::MCInst&, unsigned int, llvm::APInt&, llvm::SmallVectorImpl<llvm::MCFixup>&, const llvm::MCSubtargetInfo&) [with int N = 7; unsigned int step = 16; int offset = 0; bool isNegative = true; bool isUnsigned = false]’:
/home/jtuyls/iree-ai/llvm-aie-port/build/lib/Target/AIE/AIEGenMCCodeEmitter.inc:4252:53:   required from here
/home/jtuyls/iree-ai/llvm-aie-port/amd/aie/llvm/lib/Target/AIE/MCTargetDesc/AIEBaseMCCodeEmitter.h:124:46: warning: ‘constexpr size_t llvm::CTLog2() [with long unsigned int kValue = 16; size_t = long unsigned int]’ is deprecated: Use ConstantLog2 instead [-Wdeprecated-declarations]
  124 |   const unsigned FixedZeroBits = CTLog2<step>();
      |                                  ~~~~~~~~~~~~^~
/home/jtuyls/iree-ai/llvm-aie-port/llvm/include/llvm/Support/MathExtras.h:324:18: note: declared here
  324 | constexpr size_t CTLog2() {
      |                  ^~~~~~
[1045/1203] Building CXX object lib/Target/AIE/MCTargetDesc/CMakeFiles/LLVMAIEDesc.dir/aie2p/AIE2PMCFixupKinds.cpp.o
[1046/1203] Building CXX object lib/Target/AIE/MCTargetDesc/CMakeFiles/LLVMAIEDesc.dir/aie2ps/AIE2PSMCFixupKinds.cpp.o
[1047/1203] Building CXX object lib/Target/AIE/AsmParser/CMakeFiles/LLVMAIEAsmParser.dir/AIE2PSAsmParser.cpp.o
[1048/1203] Building CXX object lib/Target/AIE/Utils/CMakeFiles/LLVMAIEUtils.dir/AIEIRUtils.cpp.o
[1049/1203] Building CXX object lib/Target/AIE/Utils/CMakeFiles/LLVMAIEUtils.dir/AIELoopOptionOverrides.cpp.o
[1050/1203] Building CXX object lib/Target/AIE/MCTargetDesc/CMakeFiles/LLVMAIEDesc.dir/aie2p/AIE2PAsmBackend.cpp.o
[1051/1203] Building CXX object lib/Target/AIE/MCTargetDesc/CMakeFiles/LLVMAIEDesc.dir/aie2p/AIE2PMCCodeEmitter.cpp.o
In file included from /home/jtuyls/iree-ai/llvm-aie-port/amd/aie/llvm/lib/Target/AIE/MCTargetDesc/aie2p/AIE2PMCCodeEmitter.cpp:15:
/home/jtuyls/iree-ai/llvm-aie-port/amd/aie/llvm/lib/Target/AIE/MCTargetDesc/AIEBaseMCCodeEmitter.h: In instantiation of ‘void llvm::{anonymous}::getSImmOpValueXStep(const llvm::MCInst&, unsigned int, llvm::APInt&, llvm::SmallVectorImpl<llvm::MCFixup>&, const llvm::MCSubtargetInfo&) [with int N = 13; unsigned int step = 64; int offset = 0; bool isNegative = false; bool isUnsigned = false]’:
/home/jtuyls/iree-ai/llvm-aie-port/build/lib/Target/AIE/AIE2PGenMCCodeEmitter.inc:3812:54:   required from here
/home/jtuyls/iree-ai/llvm-aie-port/amd/aie/llvm/lib/Target/AIE/MCTargetDesc/AIEBaseMCCodeEmitter.h:124:46: warning: ‘constexpr size_t llvm::CTLog2() [with long unsigned int kValue = 64; size_t = long unsigned int]’ is deprecated: Use ConstantLog2 instead [-Wdeprecated-declarations]
  124 |   const unsigned FixedZeroBits = CTLog2<step>();
      |                                  ~~~~~~~~~~~~^~
In file included from /home/jtuyls/iree-ai/llvm-aie-port/llvm/include/llvm/ADT/DenseMap.h:24,
                 from /home/jtuyls/iree-ai/llvm-aie-port/llvm/include/llvm/MC/MCExpr.h:12,
                 from /home/jtuyls/iree-ai/llvm-aie-port/llvm/include/llvm/MC/MCSymbol.h:18,
                 from /home/jtuyls/iree-ai/llvm-aie-port/llvm/include/llvm/MC/MCObjectWriter.h:12,
                 from /home/jtuyls/iree-ai/llvm-aie-port/amd/aie/llvm/lib/Target/AIE/MCTargetDesc/AIEMCTargetDesc.h:19,
                 from /home/jtuyls/iree-ai/llvm-aie-port/amd/aie/llvm/lib/Target/AIE/Utils/AIEBaseInfo.h:18,
                 from /home/jtuyls/iree-ai/llvm-aie-port/amd/aie/llvm/lib/Target/AIE/AIE.h:19,
                 from /home/jtuyls/iree-ai/llvm-aie-port/amd/aie/llvm/lib/Target/AIE/MCTargetDesc/AIEFormat.h:16,
                 from /home/jtuyls/iree-ai/llvm-aie-port/amd/aie/llvm/lib/Target/AIE/MCTargetDesc/AIEMCFormats.h:17,
                 from /home/jtuyls/iree-ai/llvm-aie-port/amd/aie/llvm/lib/Target/AIE/MCTargetDesc/AIEMCFixupKinds.h:14,
                 from /home/jtuyls/iree-ai/llvm-aie-port/amd/aie/llvm/lib/Target/AIE/MCTargetDesc/AIEBaseMCCodeEmitter.h:15:
/home/jtuyls/iree-ai/llvm-aie-port/llvm/include/llvm/Support/MathExtras.h:324:18: note: declared here
  324 | constexpr size_t CTLog2() {
      |                  ^~~~~~
/home/jtuyls/iree-ai/llvm-aie-port/amd/aie/llvm/lib/Target/AIE/MCTargetDesc/AIEBaseMCCodeEmitter.h: In instantiation of ‘void llvm::{anonymous}::getSImmOpValueXStep(const llvm::MCInst&, unsigned int, llvm::APInt&, llvm::SmallVectorImpl<llvm::MCFixup>&, const llvm::MCSubtargetInfo&) [with int N = 9; unsigned int step = 16; int offset = 0; bool isNegative = true; bool isUnsigned = false]’:
/home/jtuyls/iree-ai/llvm-aie-port/build/lib/Target/AIE/AIE2PGenMCCodeEmitter.inc:3819:53:   required from here
/home/jtuyls/iree-ai/llvm-aie-port/amd/aie/llvm/lib/Target/AIE/MCTargetDesc/AIEBaseMCCodeEmitter.h:124:46: warning: ‘constexpr size_t llvm::CTLog2() [with long unsigned int kValue = 16; size_t = long unsigned int]’ is deprecated: Use ConstantLog2 instead [-Wdeprecated-declarations]
  124 |   const unsigned FixedZeroBits = CTLog2<step>();
      |                                  ~~~~~~~~~~~~^~
/home/jtuyls/iree-ai/llvm-aie-port/llvm/include/llvm/Support/MathExtras.h:324:18: note: declared here
  324 | constexpr size_t CTLog2() {
      |                  ^~~~~~
/home/jtuyls/iree-ai/llvm-aie-port/amd/aie/llvm/lib/Target/AIE/MCTargetDesc/AIEBaseMCCodeEmitter.h: In instantiation of ‘void llvm::{anonymous}::getSImmOpValueXStep(const llvm::MCInst&, unsigned int, llvm::APInt&, llvm::SmallVectorImpl<llvm::MCFixup>&, const llvm::MCSubtargetInfo&) [with int N = 9; unsigned int step = 32; int offset = 0; bool isNegative = true; bool isUnsigned = false]’:
/home/jtuyls/iree-ai/llvm-aie-port/build/lib/Target/AIE/AIE2PGenMCCodeEmitter.inc:3863:53:   required from here
/home/jtuyls/iree-ai/llvm-aie-port/amd/aie/llvm/lib/Target/AIE/MCTargetDesc/AIEBaseMCCodeEmitter.h:124:46: warning: ‘constexpr size_t llvm::CTLog2() [with long unsigned int kValue = 32; size_t = long unsigned int]’ is deprecated: Use ConstantLog2 instead [-Wdeprecated-declarations]
  124 |   const unsigned FixedZeroBits = CTLog2<step>();
      |                                  ~~~~~~~~~~~~^~
/home/jtuyls/iree-ai/llvm-aie-port/llvm/include/llvm/Support/MathExtras.h:324:18: note: declared here
  324 | constexpr size_t CTLog2() {
      |                  ^~~~~~
/home/jtuyls/iree-ai/llvm-aie-port/amd/aie/llvm/lib/Target/AIE/MCTargetDesc/AIEBaseMCCodeEmitter.h: In instantiation of ‘void llvm::{anonymous}::getSImmOpValueXStep(const llvm::MCInst&, unsigned int, llvm::APInt&, llvm::SmallVectorImpl<llvm::MCFixup>&, const llvm::MCSubtargetInfo&) [with int N = 9; unsigned int step = 4; int offset = 0; bool isNegative = true; bool isUnsigned = false]’:
/home/jtuyls/iree-ai/llvm-aie-port/build/lib/Target/AIE/AIE2PGenMCCodeEmitter.inc:3885:52:   required from here
/home/jtuyls/iree-ai/llvm-aie-port/amd/aie/llvm/lib/Target/AIE/MCTargetDesc/AIEBaseMCCodeEmitter.h:124:46: warning: ‘constexpr size_t llvm::CTLog2() [with long unsigned int kValue = 4; size_t = long unsigned int]’ is deprecated: Use ConstantLog2 instead [-Wdeprecated-declarations]
  124 |   const unsigned FixedZeroBits = CTLog2<step>();
      |                                  ~~~~~~~~~~~~^~
/home/jtuyls/iree-ai/llvm-aie-port/llvm/include/llvm/Support/MathExtras.h:324:18: note: declared here
  324 | constexpr size_t CTLog2() {
      |                  ^~~~~~
/home/jtuyls/iree-ai/llvm-aie-port/amd/aie/llvm/lib/Target/AIE/MCTargetDesc/AIEBaseMCCodeEmitter.h: In instantiation of ‘void llvm::{anonymous}::getSImmOpValueXStep(const llvm::MCInst&, unsigned int, llvm::APInt&, llvm::SmallVectorImpl<llvm::MCFixup>&, const llvm::MCSubtargetInfo&) [with int N = 9; unsigned int step = 64; int offset = 0; bool isNegative = true; bool isUnsigned = false]’:
/home/jtuyls/iree-ai/llvm-aie-port/build/lib/Target/AIE/AIE2PGenMCCodeEmitter.inc:3907:53:   required from here
/home/jtuyls/iree-ai/llvm-aie-port/amd/aie/llvm/lib/Target/AIE/MCTargetDesc/AIEBaseMCCodeEmitter.h:124:46: warning: ‘constexpr size_t llvm::CTLog2() [with long unsigned int kValue = 64; size_t = long unsigned int]’ is deprecated: Use ConstantLog2 instead [-Wdeprecated-declarations]
  124 |   const unsigned FixedZeroBits = CTLog2<step>();
      |                                  ~~~~~~~~~~~~^~
/home/jtuyls/iree-ai/llvm-aie-port/llvm/include/llvm/Support/MathExtras.h:324:18: note: declared here
  324 | constexpr size_t CTLog2() {
      |                  ^~~~~~
/home/jtuyls/iree-ai/llvm-aie-port/amd/aie/llvm/lib/Target/AIE/MCTargetDesc/AIEBaseMCCodeEmitter.h: In instantiation of ‘void llvm::{anonymous}::getSImmOpValueXStep(const llvm::MCInst&, unsigned int, llvm::APInt&, llvm::SmallVectorImpl<llvm::MCFixup>&, const llvm::MCSubtargetInfo&) [with int N = 4; unsigned int step = 16; int offset = 0; bool isNegative = false; bool isUnsigned = false]’:
/home/jtuyls/iree-ai/llvm-aie-port/build/lib/Target/AIE/AIE2PGenMCCodeEmitter.inc:4896:53:   required from here
/home/jtuyls/iree-ai/llvm-aie-port/amd/aie/llvm/lib/Target/AIE/MCTargetDesc/AIEBaseMCCodeEmitter.h:124:46: warning: ‘constexpr size_t llvm::CTLog2() [with long unsigned int kValue = 16; size_t = long unsigned int]’ is deprecated: Use ConstantLog2 instead [-Wdeprecated-declarations]
  124 |   const unsigned FixedZeroBits = CTLog2<step>();
      |                                  ~~~~~~~~~~~~^~
/home/jtuyls/iree-ai/llvm-aie-port/llvm/include/llvm/Support/MathExtras.h:324:18: note: declared here
  324 | constexpr size_t CTLog2() {
      |                  ^~~~~~
/home/jtuyls/iree-ai/llvm-aie-port/amd/aie/llvm/lib/Target/AIE/MCTargetDesc/AIEBaseMCCodeEmitter.h: In instantiation of ‘void llvm::{anonymous}::getSImmOpValueXStep(const llvm::MCInst&, unsigned int, llvm::APInt&, llvm::SmallVectorImpl<llvm::MCFixup>&, const llvm::MCSubtargetInfo&) [with int N = 4; unsigned int step = 32; int offset = 0; bool isNegative = false; bool isUnsigned = false]’:
/home/jtuyls/iree-ai/llvm-aie-port/build/lib/Target/AIE/AIE2PGenMCCodeEmitter.inc:4911:53:   required from here
/home/jtuyls/iree-ai/llvm-aie-port/amd/aie/llvm/lib/Target/AIE/MCTargetDesc/AIEBaseMCCodeEmitter.h:124:46: warning: ‘constexpr size_t llvm::CTLog2() [with long unsigned int kValue = 32; size_t = long unsigned int]’ is deprecated: Use ConstantLog2 instead [-Wdeprecated-declarations]
  124 |   const unsigned FixedZeroBits = CTLog2<step>();
      |                                  ~~~~~~~~~~~~^~
/home/jtuyls/iree-ai/llvm-aie-port/llvm/include/llvm/Support/MathExtras.h:324:18: note: declared here
  324 | constexpr size_t CTLog2() {
      |                  ^~~~~~
/home/jtuyls/iree-ai/llvm-aie-port/amd/aie/llvm/lib/Target/AIE/MCTargetDesc/AIEBaseMCCodeEmitter.h: In instantiation of ‘void llvm::{anonymous}::getSImmOpValueXStep(const llvm::MCInst&, unsigned int, llvm::APInt&, llvm::SmallVectorImpl<llvm::MCFixup>&, const llvm::MCSubtargetInfo&) [with int N = 4; unsigned int step = 64; int offset = 0; bool isNegative = false; bool isUnsigned = false]’:
/home/jtuyls/iree-ai/llvm-aie-port/build/lib/Target/AIE/AIE2PGenMCCodeEmitter.inc:4942:53:   required from here
/home/jtuyls/iree-ai/llvm-aie-port/amd/aie/llvm/lib/Target/AIE/MCTargetDesc/AIEBaseMCCodeEmitter.h:124:46: warning: ‘constexpr size_t llvm::CTLog2() [with long unsigned int kValue = 64; size_t = long unsigned int]’ is deprecated: Use ConstantLog2 instead [-Wdeprecated-declarations]
  124 |   const unsigned FixedZeroBits = CTLog2<step>();
      |                                  ~~~~~~~~~~~~^~
/home/jtuyls/iree-ai/llvm-aie-port/llvm/include/llvm/Support/MathExtras.h:324:18: note: declared here
  324 | constexpr size_t CTLog2() {
      |                  ^~~~~~
/home/jtuyls/iree-ai/llvm-aie-port/amd/aie/llvm/lib/Target/AIE/MCTargetDesc/AIEBaseMCCodeEmitter.h: In instantiation of ‘void llvm::{anonymous}::getSImmOpValueXStep(const llvm::MCInst&, unsigned int, llvm::APInt&, llvm::SmallVectorImpl<llvm::MCFixup>&, const llvm::MCSubtargetInfo&) [with int N = 4; unsigned int step = 2; int offset = 0; bool isNegative = false; bool isUnsigned = false]’:
/home/jtuyls/iree-ai/llvm-aie-port/build/lib/Target/AIE/AIE2PGenMCCodeEmitter.inc:5369:52:   required from here
/home/jtuyls/iree-ai/llvm-aie-port/amd/aie/llvm/lib/Target/AIE/MCTargetDesc/AIEBaseMCCodeEmitter.h:124:46: warning: ‘constexpr size_t llvm::CTLog2() [with long unsigned int kValue = 2; size_t = long unsigned int]’ is deprecated: Use ConstantLog2 instead [-Wdeprecated-declarations]
  124 |   const unsigned FixedZeroBits = CTLog2<step>();
      |                                  ~~~~~~~~~~~~^~
/home/jtuyls/iree-ai/llvm-aie-port/llvm/include/llvm/Support/MathExtras.h:324:18: note: declared here
  324 | constexpr size_t CTLog2() {
      |                  ^~~~~~
/home/jtuyls/iree-ai/llvm-aie-port/amd/aie/llvm/lib/Target/AIE/MCTargetDesc/AIEBaseMCCodeEmitter.h: In instantiation of ‘void llvm::{anonymous}::getSImmOpValueXStep(const llvm::MCInst&, unsigned int, llvm::APInt&, llvm::SmallVectorImpl<llvm::MCFixup>&, const llvm::MCSubtargetInfo&) [with int N = 4; unsigned int step = 4; int offset = 0; bool isNegative = false; bool isUnsigned = false]’:
/home/jtuyls/iree-ai/llvm-aie-port/build/lib/Target/AIE/AIE2PGenMCCodeEmitter.inc:5475:52:   required from here
/home/jtuyls/iree-ai/llvm-aie-port/amd/aie/llvm/lib/Target/AIE/MCTargetDesc/AIEBaseMCCodeEmitter.h:124:46: warning: ‘constexpr size_t llvm::CTLog2() [with long unsigned int kValue = 4; size_t = long unsigned int]’ is deprecated: Use ConstantLog2 instead [-Wdeprecated-declarations]
  124 |   const unsigned FixedZeroBits = CTLog2<step>();
      |                                  ~~~~~~~~~~~~^~
/home/jtuyls/iree-ai/llvm-aie-port/llvm/include/llvm/Support/MathExtras.h:324:18: note: declared here
  324 | constexpr size_t CTLog2() {
      |                  ^~~~~~
In file included from /home/jtuyls/iree-ai/llvm-aie-port/amd/aie/llvm/lib/Target/AIE/MCTargetDesc/aie2p/AIE2PMCCodeEmitter.cpp:43:
/home/jtuyls/iree-ai/llvm-aie-port/amd/aie/llvm/lib/Target/AIE/MCTargetDesc/aie2p/AIE2PMCCodeEmitterGen.inc:1413:6: warning: ‘void {anonymous}::AIE2PMCCodeEmitter::getmMcdBMSrcOpValue(const llvm::MCInst&, unsigned int, llvm::APInt&, llvm::SmallVectorImpl<llvm::MCFixup>&, const llvm::MCSubtargetInfo&) const’ defined but not used [-Wunused-function]
 1413 | void AIE2PMCCodeEmitter::getmMcdBMSrcOpValue(const MCInst &MI, unsigned OpNo,
      |      ^~~~~~~~~~~~~~~~~~
/home/jtuyls/iree-ai/llvm-aie-port/amd/aie/llvm/lib/Target/AIE/MCTargetDesc/aie2p/AIE2PMCCodeEmitterGen.inc:1034:6: warning: ‘void {anonymous}::AIE2PMCCodeEmitter::getmSRmOpValue(const llvm::MCInst&, unsigned int, llvm::APInt&, llvm::SmallVectorImpl<llvm::MCFixup>&, const llvm::MCSubtargetInfo&) const’ defined but not used [-Wunused-function]
 1034 | void AIE2PMCCodeEmitter::getmSRmOpValue(const MCInst &MI, unsigned OpNo,
      |      ^~~~~~~~~~~~~~~~~~
/home/jtuyls/iree-ai/llvm-aie-port/amd/aie/llvm/lib/Target/AIE/MCTargetDesc/aie2p/AIE2PMCCodeEmitterGen.inc:809:6: warning: ‘void {anonymous}::AIE2PMCCodeEmitter::getmBMSmOpValue(const llvm::MCInst&, unsigned int, llvm::APInt&, llvm::SmallVectorImpl<llvm::MCFixup>&, const llvm::MCSubtargetInfo&) const’ defined but not used [-Wunused-function]
  809 | void AIE2PMCCodeEmitter::getmBMSmOpValue(const MCInst &MI, unsigned OpNo,
      |      ^~~~~~~~~~~~~~~~~~
/home/jtuyls/iree-ai/llvm-aie-port/amd/aie/llvm/lib/Target/AIE/MCTargetDesc/aie2p/AIE2PMCCodeEmitterGen.inc:616:6: warning: ‘void {anonymous}::AIE2PMCCodeEmitter::getmMcdXSrcOpValue(const llvm::MCInst&, unsigned int, llvm::APInt&, llvm::SmallVectorImpl<llvm::MCFixup>&, const llvm::MCSubtargetInfo&) const’ defined but not used [-Wunused-function]
  616 | void AIE2PMCCodeEmitter::getmMcdXSrcOpValue(const MCInst &MI, unsigned OpNo,
      |      ^~~~~~~~~~~~~~~~~~
/home/jtuyls/iree-ai/llvm-aie-port/amd/aie/llvm/lib/Target/AIE/MCTargetDesc/aie2p/AIE2PMCCodeEmitterGen.inc:342:6: warning: ‘void {anonymous}::AIE2PMCCodeEmitter::getmDmOpValue(const llvm::MCInst&, unsigned int, llvm::APInt&, llvm::SmallVectorImpl<llvm::MCFixup>&, const llvm::MCSubtargetInfo&) const’ defined but not used [-Wunused-function]
  342 | void AIE2PMCCodeEmitter::getmDmOpValue(const MCInst &MI, unsigned OpNo,
      |      ^~~~~~~~~~~~~~~~~~
/home/jtuyls/iree-ai/llvm-aie-port/amd/aie/llvm/lib/Target/AIE/MCTargetDesc/aie2p/AIE2PMCCodeEmitterGen.inc:93:6: warning: ‘void {anonymous}::AIE2PMCCodeEmitter::getmEsOpValue(const llvm::MCInst&, unsigned int, llvm::APInt&, llvm::SmallVectorImpl<llvm::MCFixup>&, const llvm::MCSubtargetInfo&) const’ defined but not used [-Wunused-function]
   93 | void AIE2PMCCodeEmitter::getmEsOpValue(const MCInst &MI, unsigned OpNo,
      |      ^~~~~~~~~~~~~~~~~~
[1052/1203] Building CXX object lib/Target/AIE/MCTargetDesc/CMakeFiles/LLVMAIEDesc.dir/AIE2MCCodeEmitter.cpp.o
In file included from /home/jtuyls/iree-ai/llvm-aie-port/amd/aie/llvm/lib/Target/AIE/MCTargetDesc/AIE2MCCodeEmitter.cpp:15:
/home/jtuyls/iree-ai/llvm-aie-port/amd/aie/llvm/lib/Target/AIE/MCTargetDesc/AIEBaseMCCodeEmitter.h: In instantiation of ‘void llvm::{anonymous}::getSImmOpValueXStep(const llvm::MCInst&, unsigned int, llvm::APInt&, llvm::SmallVectorImpl<llvm::MCFixup>&, const llvm::MCSubtargetInfo&) [with int N = 12; unsigned int step = 16; int offset = 0; bool isNegative = true; bool isUnsigned = false]’:
/home/jtuyls/iree-ai/llvm-aie-port/build/lib/Target/AIE/AIE2GenMCCodeEmitter.inc:1469:54:   required from here
/home/jtuyls/iree-ai/llvm-aie-port/amd/aie/llvm/lib/Target/AIE/MCTargetDesc/AIEBaseMCCodeEmitter.h:124:46: warning: ‘constexpr size_t llvm::CTLog2() [with long unsigned int kValue = 16; size_t = long unsigned int]’ is deprecated: Use ConstantLog2 instead [-Wdeprecated-declarations]
  124 |   const unsigned FixedZeroBits = CTLog2<step>();
      |                                  ~~~~~~~~~~~~^~
In file included from /home/jtuyls/iree-ai/llvm-aie-port/llvm/include/llvm/ADT/DenseMap.h:24,
                 from /home/jtuyls/iree-ai/llvm-aie-port/llvm/include/llvm/MC/MCExpr.h:12,
                 from /home/jtuyls/iree-ai/llvm-aie-port/llvm/include/llvm/MC/MCSymbol.h:18,
                 from /home/jtuyls/iree-ai/llvm-aie-port/llvm/include/llvm/MC/MCObjectWriter.h:12,
                 from /home/jtuyls/iree-ai/llvm-aie-port/amd/aie/llvm/lib/Target/AIE/MCTargetDesc/AIEMCTargetDesc.h:19,
                 from /home/jtuyls/iree-ai/llvm-aie-port/amd/aie/llvm/lib/Target/AIE/Utils/AIEBaseInfo.h:18,
                 from /home/jtuyls/iree-ai/llvm-aie-port/amd/aie/llvm/lib/Target/AIE/AIE.h:19,
                 from /home/jtuyls/iree-ai/llvm-aie-port/amd/aie/llvm/lib/Target/AIE/MCTargetDesc/AIEFormat.h:16,
                 from /home/jtuyls/iree-ai/llvm-aie-port/amd/aie/llvm/lib/Target/AIE/MCTargetDesc/AIEMCFormats.h:17,
                 from /home/jtuyls/iree-ai/llvm-aie-port/amd/aie/llvm/lib/Target/AIE/MCTargetDesc/AIEMCFixupKinds.h:14,
                 from /home/jtuyls/iree-ai/llvm-aie-port/amd/aie/llvm/lib/Target/AIE/MCTargetDesc/AIEBaseMCCodeEmitter.h:15:
/home/jtuyls/iree-ai/llvm-aie-port/llvm/include/llvm/Support/MathExtras.h:324:18: note: declared here
  324 | constexpr size_t CTLog2() {
      |                  ^~~~~~
/home/jtuyls/iree-ai/llvm-aie-port/amd/aie/llvm/lib/Target/AIE/MCTargetDesc/AIEBaseMCCodeEmitter.h: In instantiation of ‘void llvm::{anonymous}::getSImmOpValueXStep(const llvm::MCInst&, unsigned int, llvm::APInt&, llvm::SmallVectorImpl<llvm::MCFixup>&, const llvm::MCSubtargetInfo&) [with int N = 6; unsigned int step = 16; int offset = 0; bool isNegative = false; bool isUnsigned = false]’:
/home/jtuyls/iree-ai/llvm-aie-port/build/lib/Target/AIE/AIE2GenMCCodeEmitter.inc:1499:53:   required from here
/home/jtuyls/iree-ai/llvm-aie-port/amd/aie/llvm/lib/Target/AIE/MCTargetDesc/AIEBaseMCCodeEmitter.h:124:46: warning: ‘constexpr size_t llvm::CTLog2() [with long unsigned int kValue = 16; size_t = long unsigned int]’ is deprecated: Use ConstantLog2 instead [-Wdeprecated-declarations]
  124 |   const unsigned FixedZeroBits = CTLog2<step>();
      |                                  ~~~~~~~~~~~~^~
/home/jtuyls/iree-ai/llvm-aie-port/llvm/include/llvm/Support/MathExtras.h:324:18: note: declared here
  324 | constexpr size_t CTLog2() {
      |                  ^~~~~~
/home/jtuyls/iree-ai/llvm-aie-port/amd/aie/llvm/lib/Target/AIE/MCTargetDesc/AIEBaseMCCodeEmitter.h: In instantiation of ‘void llvm::{anonymous}::getSImmOpValueXStep(const llvm::MCInst&, unsigned int, llvm::APInt&, llvm::SmallVectorImpl<llvm::MCFixup>&, const llvm::MCSubtargetInfo&) [with int N = 7; unsigned int step = 16; int offset = 0; bool isNegative = false; bool isUnsigned = false]’:
/home/jtuyls/iree-ai/llvm-aie-port/build/lib/Target/AIE/AIE2GenMCCodeEmitter.inc:1514:53:   required from here
/home/jtuyls/iree-ai/llvm-aie-port/amd/aie/llvm/lib/Target/AIE/MCTargetDesc/AIEBaseMCCodeEmitter.h:124:46: warning: ‘constexpr size_t llvm::CTLog2() [with long unsigned int kValue = 16; size_t = long unsigned int]’ is deprecated: Use ConstantLog2 instead [-Wdeprecated-declarations]
  124 |   const unsigned FixedZeroBits = CTLog2<step>();
      |                                  ~~~~~~~~~~~~^~
/home/jtuyls/iree-ai/llvm-aie-port/llvm/include/llvm/Support/MathExtras.h:324:18: note: declared here
  324 | constexpr size_t CTLog2() {
      |                  ^~~~~~
/home/jtuyls/iree-ai/llvm-aie-port/amd/aie/llvm/lib/Target/AIE/MCTargetDesc/AIEBaseMCCodeEmitter.h: In instantiation of ‘void llvm::{anonymous}::getSImmOpValueXStep(const llvm::MCInst&, unsigned int, llvm::APInt&, llvm::SmallVectorImpl<llvm::MCFixup>&, const llvm::MCSubtargetInfo&) [with int N = 3; unsigned int step = 32; int offset = 0; bool isNegative = false; bool isUnsigned = false]’:
/home/jtuyls/iree-ai/llvm-aie-port/build/lib/Target/AIE/AIE2GenMCCodeEmitter.inc:1949:53:   required from here
/home/jtuyls/iree-ai/llvm-aie-port/amd/aie/llvm/lib/Target/AIE/MCTargetDesc/AIEBaseMCCodeEmitter.h:124:46: warning: ‘constexpr size_t llvm::CTLog2() [with long unsigned int kValue = 32; size_t = long unsigned int]’ is deprecated: Use ConstantLog2 instead [-Wdeprecated-declarations]
  124 |   const unsigned FixedZeroBits = CTLog2<step>();
      |                                  ~~~~~~~~~~~~^~
/home/jtuyls/iree-ai/llvm-aie-port/llvm/include/llvm/Support/MathExtras.h:324:18: note: declared here
  324 | constexpr size_t CTLog2() {
      |                  ^~~~~~
/home/jtuyls/iree-ai/llvm-aie-port/amd/aie/llvm/lib/Target/AIE/MCTargetDesc/AIEBaseMCCodeEmitter.h: In instantiation of ‘void llvm::{anonymous}::getSImmOpValueXStep(const llvm::MCInst&, unsigned int, llvm::APInt&, llvm::SmallVectorImpl<llvm::MCFixup>&, const llvm::MCSubtargetInfo&) [with int N = 4; unsigned int step = 32; int offset = 0; bool isNegative = false; bool isUnsigned = false]’:
/home/jtuyls/iree-ai/llvm-aie-port/build/lib/Target/AIE/AIE2GenMCCodeEmitter.inc:1971:53:   required from here
/home/jtuyls/iree-ai/llvm-aie-port/amd/aie/llvm/lib/Target/AIE/MCTargetDesc/AIEBaseMCCodeEmitter.h:124:46: warning: ‘constexpr size_t llvm::CTLog2() [with long unsigned int kValue = 32; size_t = long unsigned int]’ is deprecated: Use ConstantLog2 instead [-Wdeprecated-declarations]
  124 |   const unsigned FixedZeroBits = CTLog2<step>();
      |                                  ~~~~~~~~~~~~^~
/home/jtuyls/iree-ai/llvm-aie-port/llvm/include/llvm/Support/MathExtras.h:324:18: note: declared here
  324 | constexpr size_t CTLog2() {
      |                  ^~~~~~
/home/jtuyls/iree-ai/llvm-aie-port/amd/aie/llvm/lib/Target/AIE/MCTargetDesc/AIEBaseMCCodeEmitter.h: In instantiation of ‘void llvm::{anonymous}::getSImmOpValueXStep(const llvm::MCInst&, unsigned int, llvm::APInt&, llvm::SmallVectorImpl<llvm::MCFixup>&, const llvm::MCSubtargetInfo&) [with int N = 12; unsigned int step = 32; int offset = 0; bool isNegative = true; bool isUnsigned = false]’:
/home/jtuyls/iree-ai/llvm-aie-port/build/lib/Target/AIE/AIE2GenMCCodeEmitter.inc:2337:54:   required from here
/home/jtuyls/iree-ai/llvm-aie-port/amd/aie/llvm/lib/Target/AIE/MCTargetDesc/AIEBaseMCCodeEmitter.h:124:46: warning: ‘constexpr size_t llvm::CTLog2() [with long unsigned int kValue = 32; size_t = long unsigned int]’ is deprecated: Use ConstantLog2 instead [-Wdeprecated-declarations]
  124 |   const unsigned FixedZeroBits = CTLog2<step>();
      |                                  ~~~~~~~~~~~~^~
/home/jtuyls/iree-ai/llvm-aie-port/llvm/include/llvm/Support/MathExtras.h:324:18: note: declared here
  324 | constexpr size_t CTLog2() {
      |                  ^~~~~~
/home/jtuyls/iree-ai/llvm-aie-port/amd/aie/llvm/lib/Target/AIE/MCTargetDesc/AIEBaseMCCodeEmitter.h: In instantiation of ‘void llvm::{anonymous}::getSImmOpValueXStep(const llvm::MCInst&, unsigned int, llvm::APInt&, llvm::SmallVectorImpl<llvm::MCFixup>&, const llvm::MCSubtargetInfo&) [with int N = 6; unsigned int step = 32; int offset = 0; bool isNegative = false; bool isUnsigned = false]’:
/home/jtuyls/iree-ai/llvm-aie-port/build/lib/Target/AIE/AIE2GenMCCodeEmitter.inc:2383:53:   required from here
/home/jtuyls/iree-ai/llvm-aie-port/amd/aie/llvm/lib/Target/AIE/MCTargetDesc/AIEBaseMCCodeEmitter.h:124:46: warning: ‘constexpr size_t llvm::CTLog2() [with long unsigned int kValue = 32; size_t = long unsigned int]’ is deprecated: Use ConstantLog2 instead [-Wdeprecated-declarations]
  124 |   const unsigned FixedZeroBits = CTLog2<step>();
      |                                  ~~~~~~~~~~~~^~
/home/jtuyls/iree-ai/llvm-aie-port/llvm/include/llvm/Support/MathExtras.h:324:18: note: declared here
  324 | constexpr size_t CTLog2() {
      |                  ^~~~~~
/home/jtuyls/iree-ai/llvm-aie-port/amd/aie/llvm/lib/Target/AIE/MCTargetDesc/AIEBaseMCCodeEmitter.h: In instantiation of ‘void llvm::{anonymous}::getSImmOpValueXStep(const llvm::MCInst&, unsigned int, llvm::APInt&, llvm::SmallVectorImpl<llvm::MCFixup>&, const llvm::MCSubtargetInfo&) [with int N = 7; unsigned int step = 32; int offset = 0; bool isNegative = false; bool isUnsigned = false]’:
/home/jtuyls/iree-ai/llvm-aie-port/build/lib/Target/AIE/AIE2GenMCCodeEmitter.inc:2457:53:   required from here
/home/jtuyls/iree-ai/llvm-aie-port/amd/aie/llvm/lib/Target/AIE/MCTargetDesc/AIEBaseMCCodeEmitter.h:124:46: warning: ‘constexpr size_t llvm::CTLog2() [with long unsigned int kValue = 32; size_t = long unsigned int]’ is deprecated: Use ConstantLog2 instead [-Wdeprecated-declarations]
  124 |   const unsigned FixedZeroBits = CTLog2<step>();
      |                                  ~~~~~~~~~~~~^~
/home/jtuyls/iree-ai/llvm-aie-port/llvm/include/llvm/Support/MathExtras.h:324:18: note: declared here
  324 | constexpr size_t CTLog2() {
      |                  ^~~~~~
/home/jtuyls/iree-ai/llvm-aie-port/amd/aie/llvm/lib/Target/AIE/MCTargetDesc/AIEBaseMCCodeEmitter.h: In instantiation of ‘void llvm::{anonymous}::getSImmOpValueXStep(const llvm::MCInst&, unsigned int, llvm::APInt&, llvm::SmallVectorImpl<llvm::MCFixup>&, const llvm::MCSubtargetInfo&) [with int N = 12; unsigned int step = 32; int offset = 0; bool isNegative = false; bool isUnsigned = false]’:
/home/jtuyls/iree-ai/llvm-aie-port/build/lib/Target/AIE/AIE2GenMCCodeEmitter.inc:2903:54:   required from here
/home/jtuyls/iree-ai/llvm-aie-port/amd/aie/llvm/lib/Target/AIE/MCTargetDesc/AIEBaseMCCodeEmitter.h:124:46: warning: ‘constexpr size_t llvm::CTLog2() [with long unsigned int kValue = 32; size_t = long unsigned int]’ is deprecated: Use ConstantLog2 instead [-Wdeprecated-declarations]
  124 |   const unsigned FixedZeroBits = CTLog2<step>();
      |                                  ~~~~~~~~~~~~^~
/home/jtuyls/iree-ai/llvm-aie-port/llvm/include/llvm/Support/MathExtras.h:324:18: note: declared here
  324 | constexpr size_t CTLog2() {
      |                  ^~~~~~
/home/jtuyls/iree-ai/llvm-aie-port/amd/aie/llvm/lib/Target/AIE/MCTargetDesc/AIEBaseMCCodeEmitter.h: In instantiation of ‘void llvm::{anonymous}::getSImmOpValueXStep(const llvm::MCInst&, unsigned int, llvm::APInt&, llvm::SmallVectorImpl<llvm::MCFixup>&, const llvm::MCSubtargetInfo&) [with int N = 13; unsigned int step = 32; int offset = 0; bool isNegative = false; bool isUnsigned = false]’:
/home/jtuyls/iree-ai/llvm-aie-port/build/lib/Target/AIE/AIE2GenMCCodeEmitter.inc:2911:54:   required from here
/home/jtuyls/iree-ai/llvm-aie-port/amd/aie/llvm/lib/Target/AIE/MCTargetDesc/AIEBaseMCCodeEmitter.h:124:46: warning: ‘constexpr size_t llvm::CTLog2() [with long unsigned int kValue = 32; size_t = long unsigned int]’ is deprecated: Use ConstantLog2 instead [-Wdeprecated-declarations]
  124 |   const unsigned FixedZeroBits = CTLog2<step>();
      |                                  ~~~~~~~~~~~~^~
/home/jtuyls/iree-ai/llvm-aie-port/llvm/include/llvm/Support/MathExtras.h:324:18: note: declared here
  324 | constexpr size_t CTLog2() {
      |                  ^~~~~~
/home/jtuyls/iree-ai/llvm-aie-port/amd/aie/llvm/lib/Target/AIE/MCTargetDesc/AIEBaseMCCodeEmitter.h: In instantiation of ‘void llvm::{anonymous}::getSImmOpValueXStep(const llvm::MCInst&, unsigned int, llvm::APInt&, llvm::SmallVectorImpl<llvm::MCFixup>&, const llvm::MCSubtargetInfo&) [with int N = 12; unsigned int step = 4; int offset = 0; bool isNegative = false; bool isUnsigned = false]’:
/home/jtuyls/iree-ai/llvm-aie-port/build/lib/Target/AIE/AIE2GenMCCodeEmitter.inc:3729:53:   required from here
/home/jtuyls/iree-ai/llvm-aie-port/amd/aie/llvm/lib/Target/AIE/MCTargetDesc/AIEBaseMCCodeEmitter.h:124:46: warning: ‘constexpr size_t llvm::CTLog2() [with long unsigned int kValue = 4; size_t = long unsigned int]’ is deprecated: Use ConstantLog2 instead [-Wdeprecated-declarations]
  124 |   const unsigned FixedZeroBits = CTLog2<step>();
      |                                  ~~~~~~~~~~~~^~
/home/jtuyls/iree-ai/llvm-aie-port/llvm/include/llvm/Support/MathExtras.h:324:18: note: declared here
  324 | constexpr size_t CTLog2() {
      |                  ^~~~~~
/home/jtuyls/iree-ai/llvm-aie-port/amd/aie/llvm/lib/Target/AIE/MCTargetDesc/AIEBaseMCCodeEmitter.h: In instantiation of ‘void llvm::{anonymous}::getSImmOpValueXStep(const llvm::MCInst&, unsigned int, llvm::APInt&, llvm::SmallVectorImpl<llvm::MCFixup>&, const llvm::MCSubtargetInfo&) [with int N = 6; unsigned int step = 4; int offset = 0; bool isNegative = false; bool isUnsigned = false]’:
/home/jtuyls/iree-ai/llvm-aie-port/build/lib/Target/AIE/AIE2GenMCCodeEmitter.inc:3759:52:   required from here
/home/jtuyls/iree-ai/llvm-aie-port/amd/aie/llvm/lib/Target/AIE/MCTargetDesc/AIEBaseMCCodeEmitter.h:124:46: warning: ‘constexpr size_t llvm::CTLog2() [with long unsigned int kValue = 4; size_t = long unsigned int]’ is deprecated: Use ConstantLog2 instead [-Wdeprecated-declarations]
  124 |   const unsigned FixedZeroBits = CTLog2<step>();
      |                                  ~~~~~~~~~~~~^~
/home/jtuyls/iree-ai/llvm-aie-port/llvm/include/llvm/Support/MathExtras.h:324:18: note: declared here
  324 | constexpr size_t CTLog2() {
      |                  ^~~~~~
/home/jtuyls/iree-ai/llvm-aie-port/amd/aie/llvm/lib/Target/AIE/MCTargetDesc/AIEBaseMCCodeEmitter.h: In instantiation of ‘void llvm::{anonymous}::getSImmOpValueXStep(const llvm::MCInst&, unsigned int, llvm::APInt&, llvm::SmallVectorImpl<llvm::MCFixup>&, const llvm::MCSubtargetInfo&) [with int N = 7; unsigned int step = 4; int offset = 0; bool isNegative = false; bool isUnsigned = false]’:
/home/jtuyls/iree-ai/llvm-aie-port/build/lib/Target/AIE/AIE2GenMCCodeEmitter.inc:3774:52:   required from here
/home/jtuyls/iree-ai/llvm-aie-port/amd/aie/llvm/lib/Target/AIE/MCTargetDesc/AIEBaseMCCodeEmitter.h:124:46: warning: ‘constexpr size_t llvm::CTLog2() [with long unsigned int kValue = 4; size_t = long unsigned int]’ is deprecated: Use ConstantLog2 instead [-Wdeprecated-declarations]
  124 |   const unsigned FixedZeroBits = CTLog2<step>();
      |                                  ~~~~~~~~~~~~^~
/home/jtuyls/iree-ai/llvm-aie-port/llvm/include/llvm/Support/MathExtras.h:324:18: note: declared here
  324 | constexpr size_t CTLog2() {
      |                  ^~~~~~
/home/jtuyls/iree-ai/llvm-aie-port/amd/aie/llvm/lib/Target/AIE/MCTargetDesc/AIEBaseMCCodeEmitter.h: In instantiation of ‘void llvm::{anonymous}::getSImmOpValueXStep(const llvm::MCInst&, unsigned int, llvm::APInt&, llvm::SmallVectorImpl<llvm::MCFixup>&, const llvm::MCSubtargetInfo&) [with int N = 9; unsigned int step = 4; int offset = 0; bool isNegative = false; bool isUnsigned = false]’:
/home/jtuyls/iree-ai/llvm-aie-port/build/lib/Target/AIE/AIE2GenMCCodeEmitter.inc:4446:52:   required from here
/home/jtuyls/iree-ai/llvm-aie-port/amd/aie/llvm/lib/Target/AIE/MCTargetDesc/AIEBaseMCCodeEmitter.h:124:46: warning: ‘constexpr size_t llvm::CTLog2() [with long unsigned int kValue = 4; size_t = long unsigned int]’ is deprecated: Use ConstantLog2 instead [-Wdeprecated-declarations]
  124 |   const unsigned FixedZeroBits = CTLog2<step>();
      |                                  ~~~~~~~~~~~~^~
/home/jtuyls/iree-ai/llvm-aie-port/llvm/include/llvm/Support/MathExtras.h:324:18: note: declared here
  324 | constexpr size_t CTLog2() {
      |                  ^~~~~~
/home/jtuyls/iree-ai/llvm-aie-port/amd/aie/llvm/lib/Target/AIE/MCTargetDesc/AIEBaseMCCodeEmitter.h: In instantiation of ‘void llvm::{anonymous}::getSImmOpValueXStep(const llvm::MCInst&, unsigned int, llvm::APInt&, llvm::SmallVectorImpl<llvm::MCFixup>&, const llvm::MCSubtargetInfo&) [with int N = 10; unsigned int step = 4; int offset = 0; bool isNegative = false; bool isUnsigned = false]’:
/home/jtuyls/iree-ai/llvm-aie-port/build/lib/Target/AIE/AIE2GenMCCodeEmitter.inc:4482:53:   required from here
/home/jtuyls/iree-ai/llvm-aie-port/amd/aie/llvm/lib/Target/AIE/MCTargetDesc/AIEBaseMCCodeEmitter.h:124:46: warning: ‘constexpr size_t llvm::CTLog2() [with long unsigned int kValue = 4; size_t = long unsigned int]’ is deprecated: Use ConstantLog2 instead [-Wdeprecated-declarations]
  124 |   const unsigned FixedZeroBits = CTLog2<step>();
      |                                  ~~~~~~~~~~~~^~
/home/jtuyls/iree-ai/llvm-aie-port/llvm/include/llvm/Support/MathExtras.h:324:18: note: declared here
  324 | constexpr size_t CTLog2() {
      |                  ^~~~~~
[1053/1203] Building CXX object lib/Target/AIE/MCTargetDesc/CMakeFiles/LLVMAIEDesc.dir/aie2ps/AIE2PSAsmBackend.cpp.o
[1054/1203] Building CXX object lib/Target/AIE/MCTargetDesc/CMakeFiles/LLVMAIEDesc.dir/AIE2MCFormats.cpp.o
[1055/1203] Building CXX object lib/Target/AIE/MCTargetDesc/CMakeFiles/LLVMAIEDesc.dir/aie2ps/AIE2PSMCCodeEmitter.cpp.o
In file included from /home/jtuyls/iree-ai/llvm-aie-port/amd/aie/llvm/lib/Target/AIE/MCTargetDesc/aie2ps/AIE2PSMCCodeEmitter.cpp:15:
/home/jtuyls/iree-ai/llvm-aie-port/amd/aie/llvm/lib/Target/AIE/MCTargetDesc/AIEBaseMCCodeEmitter.h: In instantiation of ‘void llvm::{anonymous}::getSImmOpValueXStep(const llvm::MCInst&, unsigned int, llvm::APInt&, llvm::SmallVectorImpl<llvm::MCFixup>&, const llvm::MCSubtargetInfo&) [with int N = 13; unsigned int step = 64; int offset = 0; bool isNegative = false; bool isUnsigned = false]’:
/home/jtuyls/iree-ai/llvm-aie-port/build/lib/Target/AIE/AIE2PSGenMCCodeEmitter.inc:4306:54:   required from here
/home/jtuyls/iree-ai/llvm-aie-port/amd/aie/llvm/lib/Target/AIE/MCTargetDesc/AIEBaseMCCodeEmitter.h:124:46: warning: ‘constexpr size_t llvm::CTLog2() [with long unsigned int kValue = 64; size_t = long unsigned int]’ is deprecated: Use ConstantLog2 instead [-Wdeprecated-declarations]
  124 |   const unsigned FixedZeroBits = CTLog2<step>();
      |                                  ~~~~~~~~~~~~^~
In file included from /home/jtuyls/iree-ai/llvm-aie-port/llvm/include/llvm/ADT/DenseMap.h:24,
                 from /home/jtuyls/iree-ai/llvm-aie-port/llvm/include/llvm/MC/MCExpr.h:12,
                 from /home/jtuyls/iree-ai/llvm-aie-port/llvm/include/llvm/MC/MCSymbol.h:18,
                 from /home/jtuyls/iree-ai/llvm-aie-port/llvm/include/llvm/MC/MCObjectWriter.h:12,
                 from /home/jtuyls/iree-ai/llvm-aie-port/amd/aie/llvm/lib/Target/AIE/MCTargetDesc/AIEMCTargetDesc.h:19,
                 from /home/jtuyls/iree-ai/llvm-aie-port/amd/aie/llvm/lib/Target/AIE/Utils/AIEBaseInfo.h:18,
                 from /home/jtuyls/iree-ai/llvm-aie-port/amd/aie/llvm/lib/Target/AIE/AIE.h:19,
                 from /home/jtuyls/iree-ai/llvm-aie-port/amd/aie/llvm/lib/Target/AIE/MCTargetDesc/AIEFormat.h:16,
                 from /home/jtuyls/iree-ai/llvm-aie-port/amd/aie/llvm/lib/Target/AIE/MCTargetDesc/AIEMCFormats.h:17,
                 from /home/jtuyls/iree-ai/llvm-aie-port/amd/aie/llvm/lib/Target/AIE/MCTargetDesc/AIEMCFixupKinds.h:14,
                 from /home/jtuyls/iree-ai/llvm-aie-port/amd/aie/llvm/lib/Target/AIE/MCTargetDesc/AIEBaseMCCodeEmitter.h:15:
/home/jtuyls/iree-ai/llvm-aie-port/llvm/include/llvm/Support/MathExtras.h:324:18: note: declared here
  324 | constexpr size_t CTLog2() {
      |                  ^~~~~~
/home/jtuyls/iree-ai/llvm-aie-port/amd/aie/llvm/lib/Target/AIE/MCTargetDesc/AIEBaseMCCodeEmitter.h: In instantiation of ‘void llvm::{anonymous}::getSImmOpValueXStep(const llvm::MCInst&, unsigned int, llvm::APInt&, llvm::SmallVectorImpl<llvm::MCFixup>&, const llvm::MCSubtargetInfo&) [with int N = 9; unsigned int step = 16; int offset = 0; bool isNegative = true; bool isUnsigned = false]’:
/home/jtuyls/iree-ai/llvm-aie-port/build/lib/Target/AIE/AIE2PSGenMCCodeEmitter.inc:4313:53:   required from here
/home/jtuyls/iree-ai/llvm-aie-port/amd/aie/llvm/lib/Target/AIE/MCTargetDesc/AIEBaseMCCodeEmitter.h:124:46: warning: ‘constexpr size_t llvm::CTLog2() [with long unsigned int kValue = 16; size_t = long unsigned int]’ is deprecated: Use ConstantLog2 instead [-Wdeprecated-declarations]
  124 |   const unsigned FixedZeroBits = CTLog2<step>();
      |                                  ~~~~~~~~~~~~^~
/home/jtuyls/iree-ai/llvm-aie-port/llvm/include/llvm/Support/MathExtras.h:324:18: note: declared here
  324 | constexpr size_t CTLog2() {
      |                  ^~~~~~
/home/jtuyls/iree-ai/llvm-aie-port/amd/aie/llvm/lib/Target/AIE/MCTargetDesc/AIEBaseMCCodeEmitter.h: In instantiation of ‘void llvm::{anonymous}::getSImmOpValueXStep(const llvm::MCInst&, unsigned int, llvm::APInt&, llvm::SmallVectorImpl<llvm::MCFixup>&, const llvm::MCSubtargetInfo&) [with int N = 9; unsigned int step = 32; int offset = 0; bool isNegative = true; bool isUnsigned = false]’:
/home/jtuyls/iree-ai/llvm-aie-port/build/lib/Target/AIE/AIE2PSGenMCCodeEmitter.inc:4401:53:   required from here
/home/jtuyls/iree-ai/llvm-aie-port/amd/aie/llvm/lib/Target/AIE/MCTargetDesc/AIEBaseMCCodeEmitter.h:124:46: warning: ‘constexpr size_t llvm::CTLog2() [with long unsigned int kValue = 32; size_t = long unsigned int]’ is deprecated: Use ConstantLog2 instead [-Wdeprecated-declarations]
  124 |   const unsigned FixedZeroBits = CTLog2<step>();
      |                                  ~~~~~~~~~~~~^~
/home/jtuyls/iree-ai/llvm-aie-port/llvm/include/llvm/Support/MathExtras.h:324:18: note: declared here
  324 | constexpr size_t CTLog2() {
      |                  ^~~~~~
/home/jtuyls/iree-ai/llvm-aie-port/amd/aie/llvm/lib/Target/AIE/MCTargetDesc/AIEBaseMCCodeEmitter.h: In instantiation of ‘void llvm::{anonymous}::getSImmOpValueXStep(const llvm::MCInst&, unsigned int, llvm::APInt&, llvm::SmallVectorImpl<llvm::MCFixup>&, const llvm::MCSubtargetInfo&) [with int N = 9; unsigned int step = 4; int offset = 0; bool isNegative = true; bool isUnsigned = false]’:
/home/jtuyls/iree-ai/llvm-aie-port/build/lib/Target/AIE/AIE2PSGenMCCodeEmitter.inc:4445:52:   required from here
/home/jtuyls/iree-ai/llvm-aie-port/amd/aie/llvm/lib/Target/AIE/MCTargetDesc/AIEBaseMCCodeEmitter.h:124:46: warning: ‘constexpr size_t llvm::CTLog2() [with long unsigned int kValue = 4; size_t = long unsigned int]’ is deprecated: Use ConstantLog2 instead [-Wdeprecated-declarations]
  124 |   const unsigned FixedZeroBits = CTLog2<step>();
      |                                  ~~~~~~~~~~~~^~
/home/jtuyls/iree-ai/llvm-aie-port/llvm/include/llvm/Support/MathExtras.h:324:18: note: declared here
  324 | constexpr size_t CTLog2() {
      |                  ^~~~~~
/home/jtuyls/iree-ai/llvm-aie-port/amd/aie/llvm/lib/Target/AIE/MCTargetDesc/AIEBaseMCCodeEmitter.h: In instantiation of ‘void llvm::{anonymous}::getSImmOpValueXStep(const llvm::MCInst&, unsigned int, llvm::APInt&, llvm::SmallVectorImpl<llvm::MCFixup>&, const llvm::MCSubtargetInfo&) [with int N = 9; unsigned int step = 64; int offset = 0; bool isNegative = true; bool isUnsigned = false]’:
/home/jtuyls/iree-ai/llvm-aie-port/build/lib/Target/AIE/AIE2PSGenMCCodeEmitter.inc:4489:53:   required from here
/home/jtuyls/iree-ai/llvm-aie-port/amd/aie/llvm/lib/Target/AIE/MCTargetDesc/AIEBaseMCCodeEmitter.h:124:46: warning: ‘constexpr size_t llvm::CTLog2() [with long unsigned int kValue = 64; size_t = long unsigned int]’ is deprecated: Use ConstantLog2 instead [-Wdeprecated-declarations]
  124 |   const unsigned FixedZeroBits = CTLog2<step>();
      |                                  ~~~~~~~~~~~~^~
/home/jtuyls/iree-ai/llvm-aie-port/llvm/include/llvm/Support/MathExtras.h:324:18: note: declared here
  324 | constexpr size_t CTLog2() {
      |                  ^~~~~~
/home/jtuyls/iree-ai/llvm-aie-port/amd/aie/llvm/lib/Target/AIE/MCTargetDesc/AIEBaseMCCodeEmitter.h: In instantiation of ‘void llvm::{anonymous}::getSImmOpValueXStep(const llvm::MCInst&, unsigned int, llvm::APInt&, llvm::SmallVectorImpl<llvm::MCFixup>&, const llvm::MCSubtargetInfo&) [with int N = 9; unsigned int step = 8; int offset = 0; bool isNegative = true; bool isUnsigned = false]’:
/home/jtuyls/iree-ai/llvm-aie-port/build/lib/Target/AIE/AIE2PSGenMCCodeEmitter.inc:4533:52:   required from here
/home/jtuyls/iree-ai/llvm-aie-port/amd/aie/llvm/lib/Target/AIE/MCTargetDesc/AIEBaseMCCodeEmitter.h:124:46: warning: ‘constexpr size_t llvm::CTLog2() [with long unsigned int kValue = 8; size_t = long unsigned int]’ is deprecated: Use ConstantLog2 instead [-Wdeprecated-declarations]
  124 |   const unsigned FixedZeroBits = CTLog2<step>();
      |                                  ~~~~~~~~~~~~^~
/home/jtuyls/iree-ai/llvm-aie-port/llvm/include/llvm/Support/MathExtras.h:324:18: note: declared here
  324 | constexpr size_t CTLog2() {
      |                  ^~~~~~
/home/jtuyls/iree-ai/llvm-aie-port/amd/aie/llvm/lib/Target/AIE/MCTargetDesc/AIEBaseMCCodeEmitter.h: In instantiation of ‘void llvm::{anonymous}::getSImmOpValueXStep(const llvm::MCInst&, unsigned int, llvm::APInt&, llvm::SmallVectorImpl<llvm::MCFixup>&, const llvm::MCSubtargetInfo&) [with int N = 4; unsigned int step = 16; int offset = 0; bool isNegative = false; bool isUnsigned = false]’:
/home/jtuyls/iree-ai/llvm-aie-port/build/lib/Target/AIE/AIE2PSGenMCCodeEmitter.inc:5522:53:   required from here
/home/jtuyls/iree-ai/llvm-aie-port/amd/aie/llvm/lib/Target/AIE/MCTargetDesc/AIEBaseMCCodeEmitter.h:124:46: warning: ‘constexpr size_t llvm::CTLog2() [with long unsigned int kValue = 16; size_t = long unsigned int]’ is deprecated: Use ConstantLog2 instead [-Wdeprecated-declarations]
  124 |   const unsigned FixedZeroBits = CTLog2<step>();
      |                                  ~~~~~~~~~~~~^~
/home/jtuyls/iree-ai/llvm-aie-port/llvm/include/llvm/Support/MathExtras.h:324:18: note: declared here
  324 | constexpr size_t CTLog2() {
      |                  ^~~~~~
/home/jtuyls/iree-ai/llvm-aie-port/amd/aie/llvm/lib/Target/AIE/MCTargetDesc/AIEBaseMCCodeEmitter.h: In instantiation of ‘void llvm::{anonymous}::getSImmOpValueXStep(const llvm::MCInst&, unsigned int, llvm::APInt&, llvm::SmallVectorImpl<llvm::MCFixup>&, const llvm::MCSubtargetInfo&) [with int N = 4; unsigned int step = 32; int offset = 0; bool isNegative = false; bool isUnsigned = false]’:
/home/jtuyls/iree-ai/llvm-aie-port/build/lib/Target/AIE/AIE2PSGenMCCodeEmitter.inc:5537:53:   required from here
/home/jtuyls/iree-ai/llvm-aie-port/amd/aie/llvm/lib/Target/AIE/MCTargetDesc/AIEBaseMCCodeEmitter.h:124:46: warning: ‘constexpr size_t llvm::CTLog2() [with long unsigned int kValue = 32; size_t = long unsigned int]’ is deprecated: Use ConstantLog2 instead [-Wdeprecated-declarations]
  124 |   const unsigned FixedZeroBits = CTLog2<step>();
      |                                  ~~~~~~~~~~~~^~
/home/jtuyls/iree-ai/llvm-aie-port/llvm/include/llvm/Support/MathExtras.h:324:18: note: declared here
  324 | constexpr size_t CTLog2() {
      |                  ^~~~~~
/home/jtuyls/iree-ai/llvm-aie-port/amd/aie/llvm/lib/Target/AIE/MCTargetDesc/AIEBaseMCCodeEmitter.h: In instantiation of ‘void llvm::{anonymous}::getSImmOpValueXStep(const llvm::MCInst&, unsigned int, llvm::APInt&, llvm::SmallVectorImpl<llvm::MCFixup>&, const llvm::MCSubtargetInfo&) [with int N = 4; unsigned int step = 64; int offset = 0; bool isNegative = false; bool isUnsigned = false]’:
/home/jtuyls/iree-ai/llvm-aie-port/build/lib/Target/AIE/AIE2PSGenMCCodeEmitter.inc:5568:53:   required from here
/home/jtuyls/iree-ai/llvm-aie-port/amd/aie/llvm/lib/Target/AIE/MCTargetDesc/AIEBaseMCCodeEmitter.h:124:46: warning: ‘constexpr size_t llvm::CTLog2() [with long unsigned int kValue = 64; size_t = long unsigned int]’ is deprecated: Use ConstantLog2 instead [-Wdeprecated-declarations]
  124 |   const unsigned FixedZeroBits = CTLog2<step>();
      |                                  ~~~~~~~~~~~~^~
/home/jtuyls/iree-ai/llvm-aie-port/llvm/include/llvm/Support/MathExtras.h:324:18: note: declared here
  324 | constexpr size_t CTLog2() {
      |                  ^~~~~~
/home/jtuyls/iree-ai/llvm-aie-port/amd/aie/llvm/lib/Target/AIE/MCTargetDesc/AIEBaseMCCodeEmitter.h: In instantiation of ‘void llvm::{anonymous}::getSImmOpValueXStep(const llvm::MCInst&, unsigned int, llvm::APInt&, llvm::SmallVectorImpl<llvm::MCFixup>&, const llvm::MCSubtargetInfo&) [with int N = 4; unsigned int step = 2; int offset = 0; bool isNegative = false; bool isUnsigned = false]’:
/home/jtuyls/iree-ai/llvm-aie-port/build/lib/Target/AIE/AIE2PSGenMCCodeEmitter.inc:6279:52:   required from here
/home/jtuyls/iree-ai/llvm-aie-port/amd/aie/llvm/lib/Target/AIE/MCTargetDesc/AIEBaseMCCodeEmitter.h:124:46: warning: ‘constexpr size_t llvm::CTLog2() [with long unsigned int kValue = 2; size_t = long unsigned int]’ is deprecated: Use ConstantLog2 instead [-Wdeprecated-declarations]
  124 |   const unsigned FixedZeroBits = CTLog2<step>();
      |                                  ~~~~~~~~~~~~^~
/home/jtuyls/iree-ai/llvm-aie-port/llvm/include/llvm/Support/MathExtras.h:324:18: note: declared here
  324 | constexpr size_t CTLog2() {
      |                  ^~~~~~
/home/jtuyls/iree-ai/llvm-aie-port/amd/aie/llvm/lib/Target/AIE/MCTargetDesc/AIEBaseMCCodeEmitter.h: In instantiation of ‘void llvm::{anonymous}::getSImmOpValueXStep(const llvm::MCInst&, unsigned int, llvm::APInt&, llvm::SmallVectorImpl<llvm::MCFixup>&, const llvm::MCSubtargetInfo&) [with int N = 4; unsigned int step = 4; int offset = 0; bool isNegative = false; bool isUnsigned = false]’:
/home/jtuyls/iree-ai/llvm-aie-port/build/lib/Target/AIE/AIE2PSGenMCCodeEmitter.inc:6415:52:   required from here
/home/jtuyls/iree-ai/llvm-aie-port/amd/aie/llvm/lib/Target/AIE/MCTargetDesc/AIEBaseMCCodeEmitter.h:124:46: warning: ‘constexpr size_t llvm::CTLog2() [with long unsigned int kValue = 4; size_t = long unsigned int]’ is deprecated: Use ConstantLog2 instead [-Wdeprecated-declarations]
  124 |   const unsigned FixedZeroBits = CTLog2<step>();
      |                                  ~~~~~~~~~~~~^~
/home/jtuyls/iree-ai/llvm-aie-port/llvm/include/llvm/Support/MathExtras.h:324:18: note: declared here
  324 | constexpr size_t CTLog2() {
      |                  ^~~~~~
/home/jtuyls/iree-ai/llvm-aie-port/amd/aie/llvm/lib/Target/AIE/MCTargetDesc/AIEBaseMCCodeEmitter.h: In instantiation of ‘void llvm::{anonymous}::getSImmOpValueXStep(const llvm::MCInst&, unsigned int, llvm::APInt&, llvm::SmallVectorImpl<llvm::MCFixup>&, const llvm::MCSubtargetInfo&) [with int N = 4; unsigned int step = 8; int offset = 0; bool isNegative = false; bool isUnsigned = false]’:
/home/jtuyls/iree-ai/llvm-aie-port/build/lib/Target/AIE/AIE2PSGenMCCodeEmitter.inc:6625:52:   required from here
/home/jtuyls/iree-ai/llvm-aie-port/amd/aie/llvm/lib/Target/AIE/MCTargetDesc/AIEBaseMCCodeEmitter.h:124:46: warning: ‘constexpr size_t llvm::CTLog2() [with long unsigned int kValue = 8; size_t = long unsigned int]’ is deprecated: Use ConstantLog2 instead [-Wdeprecated-declarations]
  124 |   const unsigned FixedZeroBits = CTLog2<step>();
      |                                  ~~~~~~~~~~~~^~
/home/jtuyls/iree-ai/llvm-aie-port/llvm/include/llvm/Support/MathExtras.h:324:18: note: declared here
  324 | constexpr size_t CTLog2() {
      |                  ^~~~~~
In file included from /home/jtuyls/iree-ai/llvm-aie-port/amd/aie/llvm/lib/Target/AIE/MCTargetDesc/aie2ps/AIE2PSMCCodeEmitter.cpp:43:
/home/jtuyls/iree-ai/llvm-aie-port/amd/aie/llvm/lib/Target/AIE/MCTargetDesc/aie2ps/AIE2PSMCCodeEmitterGen.inc:1817:6: warning: ‘void {anonymous}::AIE2PSMCCodeEmitter::getmRF2bOpValue(const llvm::MCInst&, unsigned int, llvm::APInt&, llvm::SmallVectorImpl<llvm::MCFixup>&, const llvm::MCSubtargetInfo&) const’ defined but not used [-Wunused-function]
 1817 | void AIE2PSMCCodeEmitter::getmRF2bOpValue(const MCInst &MI, unsigned OpNo,
      |      ^~~~~~~~~~~~~~~~~~~
/home/jtuyls/iree-ai/llvm-aie-port/amd/aie/llvm/lib/Target/AIE/MCTargetDesc/aie2ps/AIE2PSMCCodeEmitterGen.inc:934:6: warning: ‘void {anonymous}::AIE2PSMCCodeEmitter::getmRzOpValue(const llvm::MCInst&, unsigned int, llvm::APInt&, llvm::SmallVectorImpl<llvm::MCFixup>&, const llvm::MCSubtargetInfo&) const’ defined but not used [-Wunused-function]
  934 | void AIE2PSMCCodeEmitter::getmRzOpValue(const MCInst &MI, unsigned OpNo,
      |      ^~~~~~~~~~~~~~~~~~~
/home/jtuyls/iree-ai/llvm-aie-port/amd/aie/llvm/lib/Target/AIE/MCTargetDesc/aie2ps/AIE2PSMCCodeEmitterGen.inc:720:6: warning: ‘void {anonymous}::AIE2PSMCCodeEmitter::getmEWhvOpValue(const llvm::MCInst&, unsigned int, llvm::APInt&, llvm::SmallVectorImpl<llvm::MCFixup>&, const llvm::MCSubtargetInfo&) const’ defined but not used [-Wunused-function]
  720 | void AIE2PSMCCodeEmitter::getmEWhvOpValue(const MCInst &MI, unsigned OpNo,
      |      ^~~~~~~~~~~~~~~~~~~
/home/jtuyls/iree-ai/llvm-aie-port/amd/aie/llvm/lib/Target/AIE/MCTargetDesc/aie2ps/AIE2PSMCCodeEmitterGen.inc:680:6: warning: ‘void {anonymous}::AIE2PSMCCodeEmitter::getmRF2aOpValue(const llvm::MCInst&, unsigned int, llvm::APInt&, llvm::SmallVectorImpl<llvm::MCFixup>&, const llvm::MCSubtargetInfo&) const’ defined but not used [-Wunused-function]
  680 | void AIE2PSMCCodeEmitter::getmRF2aOpValue(const MCInst &MI, unsigned OpNo,
      |      ^~~~~~~~~~~~~~~~~~~
[1056/1203] Building CXX object lib/Target/AIE/CMakeFiles/LLVMAIECodeGen.dir/aie2ps/AIE2PSInstructionSelector.cpp.o
[1057/1203] Building CXX object lib/Target/AIE/MCTargetDesc/CMakeFiles/LLVMAIEDesc.dir/AIEMCTargetDesc.cpp.o
[1058/1203] Building CXX object lib/Target/AIE/MCTargetDesc/CMakeFiles/LLVMAIEDesc.dir/aie2p/AIE2PMCFormats.cpp.o
[1059/1203] Building CXX object lib/Target/AIE/MCTargetDesc/CMakeFiles/LLVMAIEDesc.dir/aie2ps/AIE2PSMCFormats.cpp.o
[1060/1203] Building CXX object lib/Target/X86/CMakeFiles/LLVMX86CodeGen.dir/X86LowerAMXType.cpp.o
[1061/1203] Building CXX object lib/Target/AIE/Utils/CMakeFiles/LLVMAIEUtils.dir/AIELoopUtils.cpp.o
[1062/1203] Building CXX object lib/Target/X86/CMakeFiles/LLVMX86CodeGen.dir/X86LowerAMXIntrinsics.cpp.o
[1063/1203] Building CXX object lib/Target/X86/CMakeFiles/LLVMX86CodeGen.dir/X86CmovConversion.cpp.o
[1064/1203] Building CXX object lib/Target/X86/CMakeFiles/LLVMX86CodeGen.dir/X86ArgumentStackSlotRebase.cpp.o
[1065/1203] Building CXX object lib/Target/X86/CMakeFiles/LLVMX86CodeGen.dir/X86CallingConv.cpp.o
[1066/1203] Building CXX object lib/Target/X86/CMakeFiles/LLVMX86CodeGen.dir/X86DomainReassignment.cpp.o
[1067/1203] Building CXX object lib/Target/X86/CMakeFiles/LLVMX86CodeGen.dir/X86AvoidTrailingCall.cpp.o
[1068/1203] Building CXX object lib/Target/X86/CMakeFiles/LLVMX86CodeGen.dir/X86CallFrameOptimization.cpp.o
[1069/1203] Building CXX object lib/Target/X86/CMakeFiles/LLVMX86CodeGen.dir/X86FloatingPoint.cpp.o
In member function ‘void {anonymous}::FPS::finishBlockStack()’,
    inlined from ‘bool {anonymous}::FPS::processBasicBlock(llvm::MachineFunction&, llvm::MachineBasicBlock&)’ at /home/jtuyls/iree-ai/llvm-aie-port/llvm/lib/Target/X86/X86FloatingPoint.cpp:539:19:
/home/jtuyls/iree-ai/llvm-aie-port/llvm/lib/Target/X86/X86FloatingPoint.cpp:613:26: warning: writing 1 byte into a region of size 0 [-Wstringop-overflow=]
  613 |       Bundle.FixStack[i] = getStackEntry(i);
      |       ~~~~~~~~~~~~~~~~~~~^~~~~~~~~~~~~~~~~~
/home/jtuyls/iree-ai/llvm-aie-port/llvm/lib/Target/X86/X86FloatingPoint.cpp: In function ‘bool {anonymous}::FPS::processBasicBlock(llvm::MachineFunction&, llvm::MachineBasicBlock&)’:
/home/jtuyls/iree-ai/llvm-aie-port/llvm/lib/Target/X86/X86FloatingPoint.cpp:91:19: note: at offset 8 into destination object ‘{anonymous}::FPS::LiveBundle::FixStack’ of size 8
   91 |     unsigned char FixStack[8];
      |                   ^~~~~~~~
[1070/1203] Building CXX object lib/Target/X86/CMakeFiles/LLVMX86CodeGen.dir/X86GlobalBaseReg.cpp.o
[1071/1203] Building CXX object lib/Target/X86/CMakeFiles/LLVMX86CodeGen.dir/X86TileConfig.cpp.o
[1072/1203] Building CXX object lib/Target/X86/CMakeFiles/LLVMX86CodeGen.dir/X86FixupBWInsts.cpp.o
[1073/1203] Building CXX object lib/Target/X86/CMakeFiles/LLVMX86CodeGen.dir/X86FixupVectorConstants.cpp.o
[1074/1203] Building CXX object lib/Target/X86/CMakeFiles/LLVMX86CodeGen.dir/X86AsmPrinter.cpp.o
[1075/1203] Building CXX object lib/Target/X86/CMakeFiles/LLVMX86CodeGen.dir/X86CleanupLocalDynamicTLS.cpp.o
[1076/1203] Building CXX object lib/Target/X86/CMakeFiles/LLVMX86CodeGen.dir/X86CodeGenPassBuilder.cpp.o
[1077/1203] Building CXX object lib/Target/X86/CMakeFiles/LLVMX86CodeGen.dir/X86FixupLEAs.cpp.o
[1078/1203] Building CXX object lib/Target/X86/CMakeFiles/LLVMX86CodeGen.dir/X86FlagsCopyLowering.cpp.o
[1079/1203] Building CXX object lib/Target/X86/CMakeFiles/LLVMX86CodeGen.dir/X86ExpandPseudo.cpp.o
[1080/1203] Building CXX object lib/Target/X86/CMakeFiles/LLVMX86CodeGen.dir/X86LowerTileCopy.cpp.o
[1081/1203] Building CXX object lib/Target/X86/CMakeFiles/LLVMX86CodeGen.dir/X86AvoidStoreForwardingBlocks.cpp.o
[1082/1203] Building CXX object lib/Target/X86/CMakeFiles/LLVMX86CodeGen.dir/X86FastTileConfig.cpp.o
[1083/1203] Building CXX object lib/Target/X86/CMakeFiles/LLVMX86CodeGen.dir/X86MachineFunctionInfo.cpp.o
[1084/1203] Building CXX object lib/Target/X86/CMakeFiles/LLVMX86CodeGen.dir/X86ISelLoweringCall.cpp.o
[1085/1203] Building CXX object lib/Target/X86/CMakeFiles/LLVMX86CodeGen.dir/X86FastPreTileConfig.cpp.o
[1086/1203] Building CXX object lib/Target/X86/CMakeFiles/LLVMX86CodeGen.dir/X86FrameLowering.cpp.o
[1087/1203] Building CXX object lib/Target/X86/CMakeFiles/LLVMX86CodeGen.dir/X86IndirectThunks.cpp.o
[1088/1203] Building CXX object lib/Target/X86/CMakeFiles/LLVMX86CodeGen.dir/X86ShuffleDecodeConstantPool.cpp.o
[1089/1203] Building CXX object lib/Target/X86/CMakeFiles/LLVMX86CodeGen.dir/X86InsertVZeroUpper.cpp.o
[1090/1203] Building CXX object lib/Target/X86/CMakeFiles/LLVMX86CodeGen.dir/X86FixupSetCC.cpp.o
[1091/1203] Building CXX object lib/Target/X86/CMakeFiles/LLVMX86CodeGen.dir/X86DynAllocaExpander.cpp.o
[1092/1203] Building CXX object lib/Target/X86/CMakeFiles/LLVMX86CodeGen.dir/X86FixupInstTuning.cpp.o
[1093/1203] Building CXX object lib/Target/X86/CMakeFiles/LLVMX86CodeGen.dir/X86FastISel.cpp.o
[1094/1203] Building CXX object lib/Target/X86/CMakeFiles/LLVMX86CodeGen.dir/X86PreTileConfig.cpp.o
[1095/1203] Building CXX object lib/Target/X86/CMakeFiles/LLVMX86CodeGen.dir/X86IndirectBranchTracking.cpp.o
[1096/1203] Building CXX object lib/Target/X86/CMakeFiles/LLVMX86CodeGen.dir/X86ISelDAGToDAG.cpp.o
[1097/1203] Building CXX object lib/Target/X86/CMakeFiles/LLVMX86CodeGen.dir/X86ISelLowering.cpp.o
In file included from /home/jtuyls/iree-ai/llvm-aie-port/llvm/include/llvm/ADT/APFloat.h:18,
                 from /home/jtuyls/iree-ai/llvm-aie-port/llvm/include/llvm/CodeGenTypes/LowLevelType.h:31,
                 from /home/jtuyls/iree-ai/llvm-aie-port/llvm/include/llvm/CodeGen/MachineMemOperand.h:22,
                 from /home/jtuyls/iree-ai/llvm-aie-port/llvm/include/llvm/CodeGen/SelectionDAGTargetInfo.h:18,
                 from /home/jtuyls/iree-ai/llvm-aie-port/llvm/lib/Target/X86/X86SelectionDAGInfo.h:16,
                 from /home/jtuyls/iree-ai/llvm-aie-port/llvm/lib/Target/X86/X86ISelLowering.h:17,
                 from /home/jtuyls/iree-ai/llvm-aie-port/llvm/lib/Target/X86/X86ISelLowering.cpp:14:
In destructor ‘llvm::APInt::~APInt()’,
    inlined from ‘LowerShift(llvm::SDValue, const llvm::X86Subtarget&, llvm::SelectionDAG&)::<lambda(llvm::SDValue)>’ at /home/jtuyls/iree-ai/llvm-aie-port/llvm/lib/Target/X86/X86ISelLowering.cpp:31609:
/home/jtuyls/iree-ai/llvm-aie-port/llvm/include/llvm/ADT/APInt.h:193:18: warning: ‘void operator delete [](void*)’ called on a pointer to an unallocated object ‘72909780498219007’ [-Wfree-nonheap-object]
  193 |       delete[] U.pVal;
      |                  ^~~~
In destructor ‘llvm::APInt::~APInt()’,
    inlined from ‘LowerShift(llvm::SDValue, const llvm::X86Subtarget&, llvm::SelectionDAG&)::<lambda(llvm::SDValue)>’ at /home/jtuyls/iree-ai/llvm-aie-port/llvm/lib/Target/X86/X86ISelLowering.cpp:31610:
/home/jtuyls/iree-ai/llvm-aie-port/llvm/include/llvm/ADT/APInt.h:193:18: warning: ‘void operator delete [](void*)’ called on a pointer to an unallocated object ‘9241421688590303745’ [-Wfree-nonheap-object]
  193 |       delete[] U.pVal;
      |                  ^~~~
[1098/1203] Building CXX object lib/Target/X86/CMakeFiles/LLVMX86CodeGen.dir/X86WinEHState.cpp.o
[1099/1203] Building CXX object lib/Target/X86/CMakeFiles/LLVMX86CodeGen.dir/X86InstrFMA3Info.cpp.o
[1100/1203] Building CXX object lib/Target/X86/CMakeFiles/LLVMX86CodeGen.dir/X86InsertX87Wait.cpp.o
[1101/1203] Building CXX object lib/Target/X86/CMakeFiles/LLVMX86CodeGen.dir/X86WinEHUnwindV2.cpp.o
[1102/1203] Building CXX object lib/Target/X86/CMakeFiles/LLVMX86CodeGen.dir/X86InstrFoldTables.cpp.o
[1103/1203] Building CXX object lib/Target/X86/MCTargetDesc/CMakeFiles/LLVMX86Desc.dir/X86IntelInstPrinter.cpp.o
[1104/1203] Building CXX object lib/Target/X86/CMakeFiles/LLVMX86CodeGen.dir/X86InstCombineIntrinsic.cpp.o
[1105/1203] Building CXX object lib/Target/X86/CMakeFiles/LLVMX86CodeGen.dir/X86InterleavedAccess.cpp.o
[1106/1203] Building CXX object lib/Target/X86/MCTargetDesc/CMakeFiles/LLVMX86Desc.dir/X86ATTInstPrinter.cpp.o
[1107/1203] Building CXX object lib/Target/X86/CMakeFiles/LLVMX86CodeGen.dir/X86LoadValueInjectionLoadHardening.cpp.o
[1108/1203] Building CXX object lib/Target/X86/CMakeFiles/LLVMX86CodeGen.dir/X86CompressEVEX.cpp.o
[1109/1203] Building CXX object lib/Target/X86/CMakeFiles/LLVMX86CodeGen.dir/X86PadShortFunction.cpp.o
[1110/1203] Building CXX object lib/Target/X86/CMakeFiles/LLVMX86CodeGen.dir/X86MacroFusion.cpp.o
[1111/1203] Building CXX object lib/Target/X86/CMakeFiles/LLVMX86CodeGen.dir/X86RegisterInfo.cpp.o
[1112/1203] Building CXX object lib/Target/X86/CMakeFiles/LLVMX86CodeGen.dir/X86LoadValueInjectionRetHardening.cpp.o
[1113/1203] Building CXX object lib/Target/X86/CMakeFiles/LLVMX86CodeGen.dir/X86PartialReduction.cpp.o
[1114/1203] Building CXX object lib/Target/X86/CMakeFiles/LLVMX86CodeGen.dir/X86InstrInfo.cpp.o
[1115/1203] Building CXX object lib/Target/X86/CMakeFiles/LLVMX86CodeGen.dir/X86ReturnThunks.cpp.o
[1116/1203] Building CXX object lib/Target/X86/MCTargetDesc/CMakeFiles/LLVMX86Desc.dir/X86InstPrinterCommon.cpp.o
[1117/1203] Building CXX object lib/Target/X86/MCTargetDesc/CMakeFiles/LLVMX86Desc.dir/X86InstComments.cpp.o
[1118/1203] Building CXX object lib/Target/X86/CMakeFiles/LLVMX86CodeGen.dir/X86OptimizeLEAs.cpp.o
[1119/1203] Building CXX object lib/SandboxIR/CMakeFiles/LLVMSandboxIR.dir/Constant.cpp.o
[1120/1203] Building CXX object lib/Target/X86/CMakeFiles/LLVMX86CodeGen.dir/X86MCInstLower.cpp.o
[1121/1203] Building CXX object lib/Target/X86/CMakeFiles/LLVMX86CodeGen.dir/X86SuppressAPXForReloc.cpp.o
[1122/1203] Building CXX object lib/Target/X86/MCTargetDesc/CMakeFiles/LLVMX86Desc.dir/X86EncodingOptimization.cpp.o
[1123/1203] Building CXX object lib/Target/X86/CMakeFiles/LLVMX86CodeGen.dir/X86SpeculativeLoadHardening.cpp.o
[1124/1203] Building CXX object lib/SandboxIR/CMakeFiles/LLVMSandboxIR.dir/Function.cpp.o
[1125/1203] Building CXX object lib/Target/X86/MCTargetDesc/CMakeFiles/LLVMX86Desc.dir/X86MnemonicTables.cpp.o
[1126/1203] Building CXX object lib/SandboxIR/CMakeFiles/LLVMSandboxIR.dir/BasicBlock.cpp.o
[1127/1203] Building CXX object lib/SandboxIR/CMakeFiles/LLVMSandboxIR.dir/Module.cpp.o
[1128/1203] Building CXX object lib/Target/X86/MCTargetDesc/CMakeFiles/LLVMX86Desc.dir/X86AsmBackend.cpp.o
[1129/1203] Building CXX object lib/SandboxIR/CMakeFiles/LLVMSandboxIR.dir/Instruction.cpp.o
[1130/1203] Building CXX object lib/Target/X86/MCTargetDesc/CMakeFiles/LLVMX86Desc.dir/X86MCCodeEmitter.cpp.o
[1131/1203] Building CXX object lib/SandboxIR/CMakeFiles/LLVMSandboxIR.dir/Context.cpp.o
[1132/1203] Building CXX object lib/Target/X86/MCTargetDesc/CMakeFiles/LLVMX86Desc.dir/X86MachObjectWriter.cpp.o
[1133/1203] Building CXX object lib/Target/X86/MCTargetDesc/CMakeFiles/LLVMX86Desc.dir/X86ELFObjectWriter.cpp.o
[1134/1203] Building CXX object lib/Target/X86/CMakeFiles/LLVMX86CodeGen.dir/GISel/X86LegalizerInfo.cpp.o
[1135/1203] Building CXX object lib/SandboxIR/CMakeFiles/LLVMSandboxIR.dir/Region.cpp.o
[1136/1203] Building CXX object lib/Target/X86/MCTargetDesc/CMakeFiles/LLVMX86Desc.dir/X86WinCOFFStreamer.cpp.o
[1137/1203] Building CXX object lib/SandboxIR/CMakeFiles/LLVMSandboxIR.dir/Value.cpp.o
[1138/1203] Building CXX object lib/SandboxIR/CMakeFiles/LLVMSandboxIR.dir/Type.cpp.o
[1139/1203] Building CXX object lib/SandboxIR/CMakeFiles/LLVMSandboxIR.dir/User.cpp.o
[1140/1203] Building CXX object lib/Target/X86/CMakeFiles/LLVMX86CodeGen.dir/X86TargetMachine.cpp.o
[1141/1203] Building CXX object lib/Target/X86/CMakeFiles/LLVMX86CodeGen.dir/X86TargetTransformInfo.cpp.o
[1142/1203] Building CXX object lib/SandboxIR/CMakeFiles/LLVMSandboxIR.dir/Use.cpp.o
[1143/1203] Building CXX object lib/Target/X86/CMakeFiles/LLVMX86CodeGen.dir/GISel/X86CallLowering.cpp.o
[1144/1203] Building CXX object lib/SandboxIR/CMakeFiles/LLVMSandboxIR.dir/Tracker.cpp.o
[1145/1203] Building CXX object lib/Target/X86/CMakeFiles/LLVMX86CodeGen.dir/X86Subtarget.cpp.o
[1146/1203] Building CXX object lib/Target/X86/MCTargetDesc/CMakeFiles/LLVMX86Desc.dir/X86WinCOFFObjectWriter.cpp.o
[1147/1203] Building CXX object lib/Target/X86/CMakeFiles/LLVMX86CodeGen.dir/GISel/X86RegisterBankInfo.cpp.o
[1148/1203] Building CXX object lib/Target/X86/CMakeFiles/LLVMX86CodeGen.dir/X86SelectionDAGInfo.cpp.o
[1149/1203] Building CXX object lib/AsmParser/CMakeFiles/LLVMAsmParser.dir/Parser.cpp.o
[1150/1203] Building CXX object lib/Target/X86/MCTargetDesc/CMakeFiles/LLVMX86Desc.dir/X86WinCOFFTargetStreamer.cpp.o
[1151/1203] Building CXX object lib/Target/X86/CMakeFiles/LLVMX86CodeGen.dir/X86SpeculativeExecutionSideEffectSuppression.cpp.o
[1152/1203] Building CXX object lib/ProfileData/CMakeFiles/LLVMProfileData.dir/SampleProf.cpp.o
[1153/1203] Building CXX object lib/ProfileData/CMakeFiles/LLVMProfileData.dir/InstrProf.cpp.o
[1154/1203] Building CXX object lib/AsmParser/CMakeFiles/LLVMAsmParser.dir/LLParser.cpp.o
[1155/1203] Building CXX object lib/Passes/CMakeFiles/LLVMPasses.dir/StandardInstrumentations.cpp.o
[1156/1203] Building CXX object lib/Target/X86/CMakeFiles/LLVMX86CodeGen.dir/GISel/X86PostLegalizerCombiner.cpp.o
[1157/1203] Building CXX object lib/Target/X86/CMakeFiles/LLVMX86CodeGen.dir/GISel/X86PreLegalizerCombiner.cpp.o
[1158/1203] Building CXX object lib/Passes/CMakeFiles/LLVMPasses.dir/PassBuilderBindings.cpp.o
[1159/1203] Linking CXX static library lib/libLLVMAsmParser.a
[1160/1203] Building CXX object tools/llc/CMakeFiles/llc.dir/llc.cpp.o
[1161/1203] Building CXX object lib/Passes/CMakeFiles/LLVMPasses.dir/PassBuilderPipelines.cpp.o
[1162/1203] Linking CXX static library lib/libLLVMObject.a
[1163/1203] Building CXX object lib/Passes/CMakeFiles/LLVMPasses.dir/CodeGenPassBuilder.cpp.o
[1164/1203] Building CXX object tools/llc/CMakeFiles/llc.dir/NewPMDriver.cpp.o
[1165/1203] Linking CXX static library lib/libLLVMProfileData.a
[1166/1203] Building CXX object lib/Target/X86/AsmParser/CMakeFiles/LLVMX86AsmParser.dir/X86AsmParser.cpp.o
[1167/1203] Building CXX object lib/Passes/CMakeFiles/LLVMPasses.dir/PassBuilder.cpp.o
[1168/1203] Linking CXX static library lib/libLLVMAnalysis.a
[1169/1203] Linking CXX static library lib/libLLVMFrontendAtomic.a
[1170/1203] Linking CXX static library lib/libLLVMTarget.a
[1171/1203] Linking CXX static library lib/libLLVMBitWriter.a
[1172/1203] Linking CXX static library lib/libLLVMSandboxIR.a
[1173/1203] Building CXX object lib/Target/X86/MCTargetDesc/CMakeFiles/LLVMX86Desc.dir/X86MCTargetDesc.cpp.o
[1174/1203] Linking CXX static library lib/libLLVMTransformUtils.a
[1175/1203] Linking CXX static library lib/libLLVMAggressiveInstCombine.a
[1176/1203] Linking CXX static library lib/libLLVMHipStdPar.a
[1177/1203] Linking CXX static library lib/libLLVMFrontendOffloading.a
[1178/1203] Linking CXX static library lib/libLLVMLinker.a
[1179/1203] Linking CXX static library lib/libLLVMObjCARCOpts.a
[1180/1203] Linking CXX static library lib/libLLVMX86Desc.a
[1181/1203] Linking CXX static library lib/libLLVMInstCombine.a
[1182/1203] Linking CXX static library lib/libLLVMInstrumentation.a
[1183/1203] Linking CXX static library lib/libLLVMX86AsmParser.a
[1184/1203] Linking CXX static library lib/libLLVMVectorize.a
[1185/1203] Linking CXX static library lib/libLLVMScalarOpts.a
[1186/1203] Linking CXX static library lib/libLLVMFrontendOpenMP.a
[1187/1203] Linking CXX static library lib/libLLVMipo.a
[1188/1203] Linking CXX static library lib/libLLVMCoroutines.a
[1189/1203] Linking CXX static library lib/libLLVMCodeGen.a
[1190/1203] Linking CXX static library lib/libLLVMAIEUtils.a
[1191/1203] Linking CXX static library lib/libLLVMMIRParser.a
[1192/1203] Linking CXX static library lib/libLLVMSelectionDAG.a
[1193/1203] Linking CXX static library lib/libLLVMAIEAsmPrinter.a
[1194/1203] Linking CXX static library lib/libLLVMGlobalISel.a
[1195/1203] Linking CXX static library lib/libLLVMAIEDesc.a
[1196/1203] Linking CXX static library lib/libLLVMAIEAsmParser.a
[1197/1203] Linking CXX static library lib/libLLVMPasses.a
[1198/1203] Building CXX object lib/CodeGen/AsmPrinter/CMakeFiles/LLVMAsmPrinter.dir/AsmPrinter.cpp.o
[1199/1203] Linking CXX static library lib/libLLVMAsmPrinter.a
[1200/1203] Linking CXX static library lib/libLLVMAIECodeGen.a
[1201/1203] Building CXX object lib/Target/X86/CMakeFiles/LLVMX86CodeGen.dir/GISel/X86InstructionSelector.cpp.o
[1202/1203] Linking CXX static library lib/libLLVMX86CodeGen.a
[1203/1203] Linking CXX executable bin/llc
DONE_RC=0
